"Timestamp_UTC","Energy_Consumption","Energy_Generation","SMP"
"2010-07-01 00:30:00+00:00","0.093","0.0","0.0180564"
"2010-07-01 01:00:00+00:00","0.1","0.0","0.0179949"
"2010-07-01 01:30:00+00:00","0.09","0.0","0.0200613"
"2010-07-01 02:00:00+00:00","0.051","0.0","0.01961235"
"2010-07-01 02:30:00+00:00","0.148","0.0","0.0177612"
"2010-07-01 03:00:00+00:00","0.065","0.0","0.01658655"
"2010-07-01 03:30:00+00:00","0.134","0.0","0.01390515"
"2010-07-01 04:00:00+00:00","0.078","0.0","0.01396665"
"2010-07-01 04:30:00+00:00","0.073","0.0","0.01549185"
"2010-07-01 05:00:00+00:00","0.114","0.0","0.0156825"
"2010-07-01 05:30:00+00:00","0.068","0.0","0.01634055"
"2010-07-01 06:00:00+00:00","0.089","0.0","0.01559025"
"2010-07-01 06:30:00+00:00","0.116","0.0","0.01717695"
"2010-07-01 07:00:00+00:00","0.54","0.0","0.01896045"
"2010-07-01 07:30:00+00:00","1.137","0.0","0.0168264"
"2010-07-01 08:00:00+00:00","1.2","0.031","0.02135895"
"2010-07-01 08:30:00+00:00","1.252","0.081","0.0238866"
"2010-07-01 09:00:00+00:00","0.656","0.15","0.0214758"
"2010-07-01 09:30:00+00:00","1.076","0.469","0.0210576"
"2010-07-01 10:00:00+00:00","1.093","0.594","0.02192475"
"2010-07-01 10:30:00+00:00","0.699","0.694","0.02094075"
"2010-07-01 11:00:00+00:00","0.131","0.669","0.0186345"
"2010-07-01 11:30:00+00:00","0.159","0.756","0.01739835"
"2010-07-01 12:00:00+00:00","0.134","0.731","0.0156825"
"2010-07-01 12:30:00+00:00","0.13","0.731","0.0024354"
"2010-07-01 13:00:00+00:00","0.191","0.706","0.01620525"
"2010-07-01 13:30:00+00:00","0.207","0.669","0.0142311"
"2010-07-01 14:00:00+00:00","0.159","0.531","0.01518435"
"2010-07-01 14:30:00+00:00","0.116","0.538","0.01567635"
"2010-07-01 15:00:00+00:00","0.117","0.35","0.01568865"
"2010-07-01 15:30:00+00:00","0.127","0.175","0.01570095"
"2010-07-01 16:00:00+00:00","0.083","0.163","0.0156825"
"2010-07-01 16:30:00+00:00","0.261","0.038","0.01543035"
"2010-07-01 17:00:00+00:00","0.149","0.0","0.01416345"
"2010-07-01 17:30:00+00:00","0.133","0.0","0.0168018"
"2010-07-01 18:00:00+00:00","0.465","0.0","0.0324351"
"2010-07-01 18:30:00+00:00","1.195","0.0","0.03550395"
"2010-07-01 19:00:00+00:00","1.077","0.0","0.02508585"
"2010-07-01 19:30:00+00:00","1.217","0.0","0.02169105"
"2010-07-01 20:00:00+00:00","1.131","0.006","0.0212175"
"2010-07-01 20:30:00+00:00","0.686","0.0","0.018819"
"2010-07-01 21:00:00+00:00","0.143","0.0","0.01693095"
"2010-07-01 21:30:00+00:00","0.103","0.0","0.0169986"
"2010-07-01 22:00:00+00:00","0.181","0.0","0.0156579"
"2010-07-01 22:30:00+00:00","0.067","0.0","0.023985"
"2010-07-01 23:00:00+00:00","0.092","0.0","0.0190527"
"2010-07-01 23:30:00+00:00","0.109","0.0","0.01793955"
"2010-07-02 00:00:00+00:00","0.065","0.0","0.01656195"
"2010-07-02 00:30:00+00:00","0.113","0.0","0.01523355"
"2010-07-02 01:00:00+00:00","0.068","0.0","0.01604535"
"2010-07-02 01:30:00+00:00","0.084","0.0","0.01797645"
"2010-07-02 02:00:00+00:00","0.098","0.0","0.0179457"
"2010-07-02 02:30:00+00:00","0.081","0.0","0.01691865"
"2010-07-02 03:00:00+00:00","0.072","0.0","0.01529505"
"2010-07-02 03:30:00+00:00","0.114","0.0","0.0142188"
"2010-07-02 04:00:00+00:00","0.067","0.0","0.013407"
"2010-07-02 04:30:00+00:00","0.1","0.0","0.0128043"
"2010-07-02 05:00:00+00:00","0.091","0.0","0.0133332"
"2010-07-02 05:30:00+00:00","0.052","0.0","0.01495065"
"2010-07-02 06:00:00+00:00","0.151","0.0","0.0156087"
"2010-07-02 06:30:00+00:00","0.08","0.0","0.0162729"
"2010-07-02 07:00:00+00:00","0.402","0.0","0.0170847"
"2010-07-02 07:30:00+00:00","0.158","0.0","0.0162237"
"2010-07-02 08:00:00+00:00","0.128","0.025","0.02100225"
"2010-07-02 08:30:00+00:00","0.148","0.094","0.0240096"
"2010-07-02 09:00:00+00:00","0.184","0.1","0.02365905"
"2010-07-02 09:30:00+00:00","0.282","0.088","0.0273798"
"2010-07-02 10:00:00+00:00","0.126","0.219","0.0252396"
"2010-07-02 10:30:00+00:00","0.089","0.194","0.02499975"
"2010-07-02 11:00:00+00:00","0.09","0.206","0.0235545"
"2010-07-02 11:30:00+00:00","0.091","0.175","0.0214143"
"2010-07-02 12:00:00+00:00","0.062","0.194","0.0213774"
"2010-07-02 12:30:00+00:00","0.118","0.144","0.02046105"
"2010-07-02 13:00:00+00:00","0.059","0.106","0.01941555"
"2010-07-02 13:30:00+00:00","0.077","0.113","0.02078085"
"2010-07-02 14:00:00+00:00","0.104","0.094","0.0213159"
"2010-07-02 14:30:00+00:00","0.3","0.038","0.01990755"
"2010-07-02 15:00:00+00:00","0.089","0.081","0.01980915"
"2010-07-02 15:30:00+00:00","0.166","0.056","0.01948935"
"2010-07-02 16:00:00+00:00","0.085","0.031","0.0205041"
"2010-07-02 16:30:00+00:00","0.657","0.006","0.0165066"
"2010-07-02 17:00:00+00:00","1.041","0.0","0.0143049"
"2010-07-02 17:30:00+00:00","1.32","0.0","0.0212544"
"2010-07-02 18:00:00+00:00","1.273","0.0","0.02480295"
"2010-07-02 18:30:00+00:00","1.151","0.0","0.0246615"
"2010-07-02 19:00:00+00:00","1.123","0.0","0.0226074"
"2010-07-02 19:30:00+00:00","1.51","0.0","0.0194832"
"2010-07-02 20:00:00+00:00","1.388","0.0","0.017343"
"2010-07-02 20:30:00+00:00","0.41","0.0","0.01552875"
"2010-07-02 21:00:00+00:00","0.19","0.0","0.0158547"
"2010-07-02 21:30:00+00:00","0.099","0.006","0.0156825"
"2010-07-02 22:00:00+00:00","0.128","0.0","0.01651275"
"2010-07-02 22:30:00+00:00","0.114","0.0","0.0301842"
"2010-07-02 23:00:00+00:00","0.092","0.0","0.0203319"
"2010-07-02 23:30:00+00:00","0.081","0.0","0.02074395"
"2010-07-03 00:00:00+00:00","0.13","0.0","0.02005515"
"2010-07-03 00:30:00+00:00","0.082","0.0","0.01984605"
"2010-07-03 01:00:00+00:00","0.081","0.0","0.0196308"
"2010-07-03 01:30:00+00:00","0.143","0.0","0.02150655"
"2010-07-03 02:00:00+00:00","0.06","0.0","0.02060865"
"2010-07-03 02:30:00+00:00","0.11","0.0","0.01597155"
"2010-07-03 03:00:00+00:00","0.103","0.0","0.01458165"
"2010-07-03 03:30:00+00:00","0.092","0.0","0.01453245"
"2010-07-03 04:00:00+00:00","0.421","0.0","0.01217085"
"2010-07-03 04:30:00+00:00","0.49","0.0","0.01453245"
"2010-07-03 05:00:00+00:00","0.817","0.0","0.0125337"
"2010-07-03 05:30:00+00:00","0.343","0.0","0.01534425"
"2010-07-03 06:00:00+00:00","0.188","0.0","0.0153873"
"2010-07-03 06:30:00+00:00","0.188","0.0","0.01531965"
"2010-07-03 07:00:00+00:00","0.22","0.0","0.0156333"
"2010-07-03 07:30:00+00:00","0.837","0.025","0.01536885"
"2010-07-03 08:00:00+00:00","1.042","0.169","0.0163959"
"2010-07-03 08:30:00+00:00","1.285","0.113","0.0195447"
"2010-07-03 09:00:00+00:00","0.266","0.444","0.02000595"
"2010-07-03 09:30:00+00:00","0.217","0.538","0.02219535"
"2010-07-03 10:00:00+00:00","0.258","0.613","0.02128515"
"2010-07-03 10:30:00+00:00","0.112","0.669","0.0204057"
"2010-07-03 11:00:00+00:00","0.124","0.713","0.01958775"
"2010-07-03 11:30:00+00:00","0.096","0.731","0.0199875"
"2010-07-03 12:00:00+00:00","0.089","0.75","0.020664"
"2010-07-03 12:30:00+00:00","0.109","0.738","0.0201351"
"2010-07-03 13:00:00+00:00","0.098","0.719","0.0184869"
"2010-07-03 13:30:00+00:00","0.085","0.675","0.01757055"
"2010-07-03 14:00:00+00:00","0.125","0.619","0.01776735"
"2010-07-03 14:30:00+00:00","0.084","0.531","0.01575015"
"2010-07-03 15:00:00+00:00","0.076","0.419","0.01549185"
"2010-07-03 15:30:00+00:00","0.139","0.344","0.0156825"
"2010-07-03 16:00:00+00:00","0.071","0.2","0.0156825"
"2010-07-03 16:30:00+00:00","0.103","0.05","0.01682025"
"2010-07-03 17:00:00+00:00","0.103","0.0","0.01638975"
"2010-07-03 17:30:00+00:00","0.097","0.0","0.0186099"
"2010-07-03 18:00:00+00:00","0.367","0.0","0.02677095"
"2010-07-03 18:30:00+00:00","1.237","0.0","0.02907105"
"2010-07-03 19:00:00+00:00","1.083","0.0","0.02368365"
"2010-07-03 19:30:00+00:00","1.235","0.0","0.01883745"
"2010-07-03 20:00:00+00:00","0.497","0.0","0.01888665"
"2010-07-03 20:30:00+00:00","0.135","0.0","0.0188559"
"2010-07-03 21:00:00+00:00","0.086","0.0","0.01750905"
"2010-07-03 21:30:00+00:00","0.126","0.0","0.01677105"
"2010-07-03 22:00:00+00:00","0.116","0.0","0.01634055"
"2010-07-03 22:30:00+00:00","0.095","0.0","0.0198276"
"2010-07-03 23:00:00+00:00","0.077","0.0","0.0197907"
"2010-07-03 23:30:00+00:00","0.163","0.0","0.01946475"
"2010-07-04 00:00:00+00:00","0.065","0.0","0.02272425"
"2010-07-04 00:30:00+00:00","0.122","0.0","0.0207132"
"2010-07-04 01:00:00+00:00","0.115","0.0","0.0186222"
"2010-07-04 01:30:00+00:00","0.148","0.0","0.01806255"
"2010-07-04 02:00:00+00:00","0.078","0.0","0.017097"
"2010-07-04 02:30:00+00:00","0.114","0.0","0.01563945"
"2010-07-04 03:00:00+00:00","0.116","0.0","0.0153627"
"2010-07-04 03:30:00+00:00","0.08","0.0","0.0151167"
"2010-07-04 04:00:00+00:00","0.073","0.0","0.0133947"
"2010-07-04 04:30:00+00:00","0.134","0.0","0.01253985"
"2010-07-04 05:00:00+00:00","0.088","0.0","0.01281045"
"2010-07-04 05:30:00+00:00","0.084","0.0","0.0134808"
"2010-07-04 06:00:00+00:00","0.114","0.0","0.01450785"
"2010-07-04 06:30:00+00:00","0.091","0.0","0.01525815"
"2010-07-04 07:00:00+00:00","0.124","0.0","0.01540575"
"2010-07-04 07:30:00+00:00","0.219","0.0","0.01422495"
"2010-07-04 08:00:00+00:00","0.183","0.069","0.017097"
"2010-07-04 08:30:00+00:00","0.094","0.213","0.0182163"
"2010-07-04 09:00:00+00:00","0.119","0.094","0.0208608"
"2010-07-04 09:30:00+00:00","0.167","0.138","0.02319165"
"2010-07-04 10:00:00+00:00","0.362","0.156","0.0224106"
"2010-07-04 10:30:00+00:00","0.496","0.431","0.02300715"
"2010-07-04 11:00:00+00:00","1.022","0.506","0.02166645"
"2010-07-04 11:30:00+00:00","0.124","0.419","0.0199014"
"2010-07-04 12:00:00+00:00","0.074","0.419","0.01734915"
"2010-07-04 12:30:00+00:00","0.156","0.656","0.0168879"
"2010-07-04 13:00:00+00:00","0.198","0.75","0.0156825"
"2010-07-04 13:30:00+00:00","0.212","0.313","0.0156825"
"2010-07-04 14:00:00+00:00","0.114","0.456","0.0156825"
"2010-07-04 14:30:00+00:00","0.198","0.475","0.0156825"
"2010-07-04 15:00:00+00:00","0.126","0.463","0.0156825"
"2010-07-04 15:30:00+00:00","0.145","0.138","0.0156825"
"2010-07-04 16:00:00+00:00","0.299","0.213","0.01592235"
"2010-07-04 16:30:00+00:00","0.123","0.05","0.0160269"
"2010-07-04 17:00:00+00:00","0.12","0.0","0.0161499"
"2010-07-04 17:30:00+00:00","0.21","0.0","0.01856685"
"2010-07-04 18:00:00+00:00","1.166","0.0","0.0326934"
"2010-07-04 18:30:00+00:00","1.113","0.0","0.04205985"
"2010-07-04 19:00:00+00:00","1.104","0.0","0.03116205"
"2010-07-04 19:30:00+00:00","1.206","0.0","0.0226689"
"2010-07-04 20:00:00+00:00","1.122","0.0","0.02229375"
"2010-07-04 20:30:00+00:00","1.067","0.0","0.0208485"
"2010-07-04 21:00:00+00:00","0.288","0.0","0.0185115"
"2010-07-04 21:30:00+00:00","0.139","0.0","0.0184131"
"2010-07-04 22:00:00+00:00","0.053","0.0","0.01626675"
"2010-07-04 22:30:00+00:00","0.126","0.0","0.0166788"
"2010-07-04 23:00:00+00:00","0.072","0.0","0.0161868"
"2010-07-04 23:30:00+00:00","0.093","0.0","0.01567635"
"2010-07-05 00:00:00+00:00","0.097","0.0","0.0154734"
"2010-07-05 00:30:00+00:00","0.102","0.0","0.0155595"
"2010-07-05 01:00:00+00:00","0.076","0.0","0.01504905"
"2010-07-05 01:30:00+00:00","0.098","0.0","0.0155841"
"2010-07-05 02:00:00+00:00","0.102","0.0","0.01449555"
"2010-07-05 02:30:00+00:00","0.061","0.0","0.01458165"
"2010-07-05 03:00:00+00:00","0.131","0.0","0.01423725"
"2010-07-05 03:30:00+00:00","0.072","0.0","0.01370835"
"2010-07-05 04:00:00+00:00","0.105","0.0","0.01198635"
"2010-07-05 04:30:00+00:00","0.121","0.0","0.0118818"
"2010-07-05 05:00:00+00:00","0.103","0.0","0.0124722"
"2010-07-05 05:30:00+00:00","0.057","0.0","0.015006"
"2010-07-05 06:00:00+00:00","0.152","0.0","0.0156333"
"2010-07-05 06:30:00+00:00","0.206","0.0","0.01619295"
"2010-07-05 07:00:00+00:00","0.115","0.0","0.0158547"
"2010-07-05 07:30:00+00:00","0.287","0.006","0.0154242"
"2010-07-05 08:00:00+00:00","0.163","0.081","0.0157194"
"2010-07-05 08:30:00+00:00","0.092","0.088","0.01780425"
"2010-07-05 09:00:00+00:00","0.095","0.15","0.0190773"
"2010-07-05 09:30:00+00:00","0.06","0.113","0.02182635"
"2010-07-05 10:00:00+00:00","0.108","0.044","0.02021505"
"2010-07-05 10:30:00+00:00","0.156","0.056","0.0196677"
"2010-07-05 11:00:00+00:00","0.131","0.244","0.0202335"
"2010-07-05 11:30:00+00:00","0.153","0.319","0.0175767"
"2010-07-05 12:00:00+00:00","0.061","0.45","0.016113"
"2010-07-05 12:30:00+00:00","0.184","0.331","0.01734915"
"2010-07-05 13:00:00+00:00","0.236","0.281","0.01586085"
"2010-07-05 13:30:00+00:00","0.062","0.2","0.01753365"
"2010-07-05 14:00:00+00:00","0.115","0.088","0.01657425"
"2010-07-05 14:30:00+00:00","0.101","0.113","0.01653735"
"2010-07-05 15:00:00+00:00","0.081","0.075","0.01568865"
"2010-07-05 15:30:00+00:00","0.266","0.056","0.01568865"
"2010-07-05 16:00:00+00:00","0.543","0.05","0.01568865"
"2010-07-05 16:30:00+00:00","1.151","0.0","0.01563945"
"2010-07-05 17:00:00+00:00","1.058","0.0","0.0154857"
"2010-07-05 17:30:00+00:00","1.152","0.0","0.01673415"
"2010-07-05 18:00:00+00:00","1.056","0.0","0.0259284"
"2010-07-05 18:30:00+00:00","1.182","0.0","0.0352395"
"2010-07-05 19:00:00+00:00","1.166","0.0","0.0221277"
"2010-07-05 19:30:00+00:00","1.239","0.0","0.0174291"
"2010-07-05 20:00:00+00:00","1.258","0.0","0.0181302"
"2010-07-05 20:30:00+00:00","0.392","0.0","0.0174414"
"2010-07-05 21:00:00+00:00","0.178","0.0","0.01742295"
"2010-07-05 21:30:00+00:00","0.071","0.0","0.01693095"
"2010-07-05 22:00:00+00:00","0.112","0.006","0.01568865"
"2010-07-05 22:30:00+00:00","0.654","0.0","0.0193848"
"2010-07-05 23:00:00+00:00","0.416","0.0","0.0173184"
"2010-07-05 23:30:00+00:00","0.116","0.0","0.0172569"
"2010-07-06 00:00:00+00:00","0.096","0.0","0.0156333"
"2010-07-06 00:30:00+00:00","0.09","0.0","0.01543035"
"2010-07-06 01:00:00+00:00","0.117","0.0","0.0156825"
"2010-07-06 01:30:00+00:00","0.093","0.0","0.01672185"
"2010-07-06 02:00:00+00:00","0.089","0.0","0.01738605"
"2010-07-06 02:30:00+00:00","0.126","0.0","0.01567635"
"2010-07-06 03:00:00+00:00","0.062","0.0","0.01538115"
"2010-07-06 03:30:00+00:00","0.144","0.0","0.01545495"
"2010-07-06 04:00:00+00:00","0.062","0.0","0.01413885"
"2010-07-06 04:30:00+00:00","0.118","0.0","0.01477845"
"2010-07-06 05:00:00+00:00","0.095","0.0","0.0147354"
"2010-07-06 05:30:00+00:00","0.11","0.0","0.015375"
"2010-07-06 06:00:00+00:00","0.117","0.0","0.01570095"
"2010-07-06 06:30:00+00:00","0.135","0.0","0.0154734"
"2010-07-06 07:00:00+00:00","0.282","0.0","0.0153873"
"2010-07-06 07:30:00+00:00","0.185","0.0","0.01529505"
"2010-07-06 08:00:00+00:00","0.077","0.0","0.0155841"
"2010-07-06 08:30:00+00:00","0.304","0.006","0.0162975"
"2010-07-06 09:00:00+00:00","0.1","0.044","0.016974"
"2010-07-06 09:30:00+00:00","0.211","0.081","0.018573"
"2010-07-06 10:00:00+00:00","0.156","0.144","0.0192618"
"2010-07-06 10:30:00+00:00","0.369","0.138","0.0191388"
"2010-07-06 11:00:00+00:00","0.182","0.213","0.0177858"
"2010-07-06 11:30:00+00:00","0.105","0.269","0.016728"
"2010-07-06 12:00:00+00:00","0.344","0.244","0.0160269"
"2010-07-06 12:30:00+00:00","0.202","0.444","0.015498"
"2010-07-06 13:00:00+00:00","0.196","0.644","0.01538115"
"2010-07-06 13:30:00+00:00","0.084","0.45","0.0155349"
"2010-07-06 14:00:00+00:00","0.17","0.413","0.0154857"
"2010-07-06 14:30:00+00:00","0.086","0.175","0.01538115"
"2010-07-06 15:00:00+00:00","0.114","0.475","0.0154611"
"2010-07-06 15:30:00+00:00","0.131","0.356","0.01543035"
"2010-07-06 16:00:00+00:00","0.088","0.206","0.01573785"
"2010-07-06 16:30:00+00:00","0.132","0.063","0.0154242"
"2010-07-06 17:00:00+00:00","0.164","0.0","0.01534425"
"2010-07-06 17:30:00+00:00","1.195","0.0","0.0159654"
"2010-07-06 18:00:00+00:00","1.131","0.0","0.0184869"
"2010-07-06 18:30:00+00:00","1.158","0.0","0.0184377"
"2010-07-06 19:00:00+00:00","1.097","0.0","0.01686945"
"2010-07-06 19:30:00+00:00","1.26","0.0","0.0161376"
"2010-07-06 20:00:00+00:00","1.068","0.0","0.0182409"
"2010-07-06 20:30:00+00:00","0.679","0.0","0.01881285"
"2010-07-06 21:00:00+00:00","0.126","0.0","0.0184131"
"2010-07-06 21:30:00+00:00","0.14","0.0","0.01611915"
"2010-07-06 22:00:00+00:00","0.139","0.0","0.01568865"
"2010-07-06 22:30:00+00:00","0.113","0.0","0.01872675"
"2010-07-06 23:00:00+00:00","0.089","0.0","0.01657425"
"2010-07-06 23:30:00+00:00","0.118","0.0","0.0156825"
"2010-07-07 00:00:00+00:00","0.082","0.0","0.01538115"
"2010-07-07 00:30:00+00:00","0.11","0.0","0.01538115"
"2010-07-07 01:00:00+00:00","0.103","0.0","0.01538115"
"2010-07-07 01:30:00+00:00","0.058","0.0","0.01599"
"2010-07-07 02:00:00+00:00","0.143","0.0","0.01726305"
"2010-07-07 02:30:00+00:00","0.055","0.0","0.0163713"
"2010-07-07 03:00:00+00:00","0.123","0.0","0.01538115"
"2010-07-07 03:30:00+00:00","0.094","0.0","0.01538115"
"2010-07-07 04:00:00+00:00","0.101","0.0","0.01535655"
"2010-07-07 04:30:00+00:00","0.115","0.0","0.01535655"
"2010-07-07 05:00:00+00:00","0.098","0.0","0.01536885"
"2010-07-07 05:30:00+00:00","0.167","0.0","0.01538115"
"2010-07-07 06:00:00+00:00","0.122","0.0","0.01545495"
"2010-07-07 06:30:00+00:00","0.099","0.006","0.01538115"
"2010-07-07 07:00:00+00:00","0.26","0.0","0.0159531"
"2010-07-07 07:30:00+00:00","0.127","0.0","0.01563945"
"2010-07-07 08:00:00+00:00","0.177","0.019","0.0172692"
"2010-07-07 08:30:00+00:00","0.331","0.013","0.02219535"
"2010-07-07 09:00:00+00:00","0.093","0.056","0.023616"
"2010-07-07 09:30:00+00:00","0.109","0.106","0.02830845"
"2010-07-07 10:00:00+00:00","0.067","0.256","0.0247599"
"2010-07-07 10:30:00+00:00","0.09","0.181","0.02251515"
"2010-07-07 11:00:00+00:00","0.094","0.381","0.0203442"
"2010-07-07 11:30:00+00:00","0.095","0.325","0.018696"
"2010-07-07 12:00:00+00:00","0.054","0.413","0.0185361"
"2010-07-07 12:30:00+00:00","0.229","0.331","0.019065"
"2010-07-07 13:00:00+00:00","0.159","0.219","0.0191757"
"2010-07-07 13:30:00+00:00","0.25","0.288","0.0191388"
"2010-07-07 14:00:00+00:00","0.163","0.05","0.0185853"
"2010-07-07 14:30:00+00:00","0.09","0.175","0.01800105"
"2010-07-07 15:00:00+00:00","0.161","0.113","0.01696785"
"2010-07-07 15:30:00+00:00","0.944","0.05","0.0170232"
"2010-07-07 16:00:00+00:00","1.11","0.025","0.01837005"
"2010-07-07 16:30:00+00:00","1.14","0.013","0.0169617"
"2010-07-07 17:00:00+00:00","2.142","0.0","0.01807485"
"2010-07-07 17:30:00+00:00","2.179","0.0","0.01667265"
"2010-07-07 18:00:00+00:00","2.316","0.0","0.0218202"
"2010-07-07 18:30:00+00:00","2.093","0.0","0.02110065"
"2010-07-07 19:00:00+00:00","1.683","0.0","0.0191142"
"2010-07-07 19:30:00+00:00","1.371","0.0","0.01923105"
"2010-07-07 20:00:00+00:00","1.264","0.0","0.01931715"
"2010-07-07 20:30:00+00:00","0.999","0.0","0.0198645"
"2010-07-07 21:00:00+00:00","0.122","0.0","0.01868985"
"2010-07-07 21:30:00+00:00","0.182","0.0","0.0178719"
"2010-07-07 22:00:00+00:00","0.143","0.0","0.0158424"
"2010-07-07 22:30:00+00:00","0.121","0.0","0.02476605"
"2010-07-07 23:00:00+00:00","0.666","0.0","0.01846845"
"2010-07-07 23:30:00+00:00","0.456","0.0","0.01776735"
"2010-07-08 00:00:00+00:00","0.115","0.0","0.0160515"
"2010-07-08 00:30:00+00:00","0.105","0.0","0.01538115"
"2010-07-08 01:00:00+00:00","0.079","0.0","0.01538115"
"2010-07-08 01:30:00+00:00","0.118","0.0","0.0175398"
"2010-07-08 02:00:00+00:00","0.065","0.0","0.0172077"
"2010-07-08 02:30:00+00:00","0.093","0.0","0.0157809"
"2010-07-08 03:00:00+00:00","0.109","0.0","0.01535655"
"2010-07-08 03:30:00+00:00","0.083","0.0","0.0151167"
"2010-07-08 04:00:00+00:00","0.093","0.0","0.01301955"
"2010-07-08 04:30:00+00:00","0.226","0.0","0.0146493"
"2010-07-08 05:00:00+00:00","0.154","0.0","0.01535655"
"2010-07-08 05:30:00+00:00","0.168","0.0","0.0156333"
"2010-07-08 06:00:00+00:00","0.163","0.0","0.0156825"
"2010-07-08 06:30:00+00:00","0.137","0.0","0.0160023"
"2010-07-08 07:00:00+00:00","0.184","0.0","0.0156948"
"2010-07-08 07:30:00+00:00","0.131","0.0","0.01571325"
"2010-07-08 08:00:00+00:00","0.161","0.006","0.0174414"
"2010-07-08 08:30:00+00:00","0.143","0.281","0.0196431"
"2010-07-08 09:00:00+00:00","0.264","0.2","0.01972305"
"2010-07-08 09:30:00+00:00","1.197","0.081","0.0198645"
"2010-07-08 10:00:00+00:00","1.063","0.119","0.02078085"
"2010-07-08 10:30:00+00:00","1.269","0.094","0.01919415"
"2010-07-08 11:00:00+00:00","1.087","0.2","0.01848075"
"2010-07-08 11:30:00+00:00","0.304","0.738","0.01769355"
"2010-07-08 12:00:00+00:00","0.131","0.575","0.01689405"
"2010-07-08 12:30:00+00:00","0.308","0.488","0.01642665"
"2010-07-08 13:00:00+00:00","0.185","0.2","0.0177858"
"2010-07-08 13:30:00+00:00","0.158","0.094","0.0167157"
"2010-07-08 14:00:00+00:00","0.636","0.081","0.01579935"
"2010-07-08 14:30:00+00:00","1.087","0.075","0.0158547"
"2010-07-08 15:00:00+00:00","1.11","0.075","0.01568865"
"2010-07-08 15:30:00+00:00","1.157","0.063","0.01568865"
"2010-07-08 16:00:00+00:00","1.112","0.038","0.01568865"
"2010-07-08 16:30:00+00:00","1.158","0.013","0.01582395"
"2010-07-08 17:00:00+00:00","1.135","0.0","0.01568865"
"2010-07-08 17:30:00+00:00","1.119","0.0","0.01448325"
"2010-07-08 18:00:00+00:00","0.378","0.0","0.01859145"
"2010-07-08 18:30:00+00:00","1.137","0.0","0.01832085"
"2010-07-08 19:00:00+00:00","1.224","0.0","0.0171462"
"2010-07-08 19:30:00+00:00","1.1","0.0","0.0180564"
"2010-07-08 20:00:00+00:00","1.119","0.0","0.0198891"
"2010-07-08 20:30:00+00:00","0.416","0.0","0.02076855"
"2010-07-08 21:00:00+00:00","0.192","0.0","0.02087925"
"2010-07-08 21:30:00+00:00","0.092","0.0","0.0179826"
"2010-07-08 22:00:00+00:00","0.219","0.0","0.01575015"
"2010-07-08 22:30:00+00:00","0.883","0.0","0.0203811"
"2010-07-08 23:00:00+00:00","0.089","0.0","0.018696"
"2010-07-08 23:30:00+00:00","0.108","0.0","0.01742295"
"2010-07-09 00:00:00+00:00","0.106","0.0","0.01599615"
"2010-07-09 00:30:00+00:00","0.096","0.0","0.0156825"
"2010-07-09 01:00:00+00:00","0.095","0.0","0.0156333"
"2010-07-09 01:30:00+00:00","0.095","0.0","0.01622985"
"2010-07-09 02:00:00+00:00","0.06","0.0","0.01560255"
"2010-07-09 02:30:00+00:00","0.131","0.0","0.0156825"
"2010-07-09 03:00:00+00:00","0.054","0.0","0.0152397"
"2010-07-09 03:30:00+00:00","0.132","0.0","0.01251525"
"2010-07-09 04:00:00+00:00","0.056","0.0","0.0103935"
"2010-07-09 04:30:00+00:00","0.097","0.0","0.00929265"
"2010-07-09 05:00:00+00:00","0.102","0.0","0.01065795"
"2010-07-09 05:30:00+00:00","0.082","0.0","0.0156333"
"2010-07-09 06:00:00+00:00","0.094","0.0","0.0159777"
"2010-07-09 06:30:00+00:00","0.1","0.0","0.01630365"
"2010-07-09 07:00:00+00:00","0.099","0.0","0.0156702"
"2010-07-09 07:30:00+00:00","0.167","0.0","0.01557795"
"2010-07-09 08:00:00+00:00","0.09","0.0","0.0156948"
"2010-07-09 08:30:00+00:00","0.236","0.013","0.01640205"
"2010-07-09 09:00:00+00:00","0.229","0.044","0.0178104"
"2010-07-09 09:30:00+00:00","0.067","0.344","0.01893585"
"2010-07-09 10:00:00+00:00","0.129","0.394","0.0184992"
"2010-07-09 10:30:00+00:00","0.051","0.381","0.01695555"
"2010-07-09 11:00:00+00:00","0.101","0.388","0.01599615"
"2010-07-09 11:30:00+00:00","0.077","0.531","0.0156825"
"2010-07-09 12:00:00+00:00","0.204","0.463","0.0155841"
"2010-07-09 12:30:00+00:00","0.175","0.525","0.0156825"
"2010-07-09 13:00:00+00:00","0.114","0.544","0.0156825"
"2010-07-09 13:30:00+00:00","0.053","0.381","0.0156825"
"2010-07-09 14:00:00+00:00","0.139","0.494","0.0156825"
"2010-07-09 14:30:00+00:00","0.05","0.319","0.0158178"
"2010-07-09 15:00:00+00:00","0.117","0.238","0.01573785"
"2010-07-09 15:30:00+00:00","0.072","0.269","0.0156825"
"2010-07-09 16:00:00+00:00","0.246","0.188","0.0156825"
"2010-07-09 16:30:00+00:00","0.156","0.019","0.0156825"
"2010-07-09 17:00:00+00:00","0.157","0.0","0.0155841"
"2010-07-09 17:30:00+00:00","0.603","0.0","0.01615605"
"2010-07-09 18:00:00+00:00","1.227","0.0","0.0173922"
"2010-07-09 18:30:00+00:00","1.064","0.0","0.0172077"
"2010-07-09 19:00:00+00:00","1.133","0.0","0.01662345"
"2010-07-09 19:30:00+00:00","1.093","0.0","0.01567635"
"2010-07-09 20:00:00+00:00","1.21","0.0","0.0156333"
"2010-07-09 20:30:00+00:00","1.115","0.0","0.0156825"
"2010-07-09 21:00:00+00:00","0.719","0.0","0.0156579"
"2010-07-09 21:30:00+00:00","0.148","0.0","0.0156825"
"2010-07-09 22:00:00+00:00","0.133","0.0","0.0156825"
"2010-07-09 22:30:00+00:00","0.085","0.0","0.0191019"
"2010-07-09 23:00:00+00:00","0.122","0.0","0.01593465"
"2010-07-09 23:30:00+00:00","0.075","0.0","0.0160638"
"2010-07-10 00:00:00+00:00","0.078","0.0","0.01561485"
"2010-07-10 00:30:00+00:00","0.117","0.0","0.0156825"
"2010-07-10 01:00:00+00:00","0.081","0.0","0.01547955"
"2010-07-10 01:30:00+00:00","0.099","0.0","0.01581165"
"2010-07-10 02:00:00+00:00","0.103","0.0","0.01469235"
"2010-07-10 02:30:00+00:00","0.068","0.0","0.01518435"
"2010-07-10 03:00:00+00:00","0.13","0.0","0.01352385"
"2010-07-10 03:30:00+00:00","0.065","0.0","0.01087935"
"2010-07-10 04:00:00+00:00","0.103","0.0","0.0080565"
"2010-07-10 04:30:00+00:00","0.096","0.0","0.0082164"
"2010-07-10 05:00:00+00:00","0.129","0.0","0.00834555"
"2010-07-10 05:30:00+00:00","0.153","0.0","0.00973545"
"2010-07-10 06:00:00+00:00","0.15","0.0","0.0118818"
"2010-07-10 06:30:00+00:00","0.144","0.0","0.0123369"
"2010-07-10 07:00:00+00:00","0.435","0.0","0.01273665"
"2010-07-10 07:30:00+00:00","0.212","0.025","0.0140712"
"2010-07-10 08:00:00+00:00","0.157","0.2","0.01536885"
"2010-07-10 08:30:00+00:00","0.064","0.331","0.0155226"
"2010-07-10 09:00:00+00:00","0.085","0.456","0.0156825"
"2010-07-10 09:30:00+00:00","0.096","0.469","0.0156825"
"2010-07-10 10:00:00+00:00","0.09","0.388","0.0156825"
"2010-07-10 10:30:00+00:00","0.051","0.363","0.0156825"
"2010-07-10 11:00:00+00:00","0.131","0.5","0.0156825"
"2010-07-10 11:30:00+00:00","0.049","0.675","0.0156825"
"2010-07-10 12:00:00+00:00","0.127","0.594","0.0160146"
"2010-07-10 12:30:00+00:00","0.056","0.356","0.0156825"
"2010-07-10 13:00:00+00:00","0.096","0.4","0.0156825"
"2010-07-10 13:30:00+00:00","0.097","0.4","0.0156825"
"2010-07-10 14:00:00+00:00","0.096","0.488","0.01567635"
"2010-07-10 14:30:00+00:00","0.065","0.256","0.0156825"
"2010-07-10 15:00:00+00:00","0.122","0.088","0.01566405"
"2010-07-10 15:30:00+00:00","0.049","0.125","0.01567635"
"2010-07-10 16:00:00+00:00","0.137","0.119","0.0156825"
"2010-07-10 16:30:00+00:00","0.056","0.038","0.0156825"
"2010-07-10 17:00:00+00:00","0.101","0.0","0.0156825"
"2010-07-10 17:30:00+00:00","0.091","0.0","0.01632825"
"2010-07-10 18:00:00+00:00","0.09","0.0","0.0181917"
"2010-07-10 18:30:00+00:00","0.067","0.0","0.0180195"
"2010-07-10 19:00:00+00:00","0.124","0.0","0.0170232"
"2010-07-10 19:30:00+00:00","0.047","0.0","0.01557795"
"2010-07-10 20:00:00+00:00","0.13","0.0","0.0156825"
"2010-07-10 20:30:00+00:00","0.052","0.0","0.0156825"
"2010-07-10 21:00:00+00:00","0.097","0.0","0.0156333"
"2010-07-10 21:30:00+00:00","0.27","0.0","0.0156825"
"2010-07-10 22:00:00+00:00","0.266","0.0","0.0156825"
"2010-07-10 22:30:00+00:00","0.268","0.0","0.0156825"
"2010-07-10 23:00:00+00:00","0.198","0.0","0.0156333"
"2010-07-10 23:30:00+00:00","0.159","0.0","0.0158916"
"2010-07-11 00:00:00+00:00","0.191","0.0","0.01571325"
"2010-07-11 00:30:00+00:00","0.064","0.0","0.01519665"
"2010-07-11 01:00:00+00:00","0.135","0.006","0.01306875"
"2010-07-11 01:30:00+00:00","0.073","0.0","0.01326555"
"2010-07-11 02:00:00+00:00","0.09","0.0","0.01156815"
"2010-07-11 02:30:00+00:00","0.099","0.0","0.01126065"
"2010-07-11 03:00:00+00:00","0.101","0.0","0.0086838"
"2010-07-11 03:30:00+00:00","0.08","0.0","0.0091143"
"2010-07-11 04:00:00+00:00","0.133","0.0","0.0079827"
"2010-07-11 04:30:00+00:00","0.051","0.0","0.00738"
"2010-07-11 05:00:00+00:00","0.131","0.0","0.0076629"
"2010-07-11 05:30:00+00:00","0.072","0.0","0.00853005"
"2010-07-11 06:00:00+00:00","0.091","0.0","0.0088437"
"2010-07-11 06:30:00+00:00","0.122","0.0","0.00817335"
"2010-07-11 07:00:00+00:00","0.086","0.0","0.00926805"
"2010-07-11 07:30:00+00:00","0.097","0.0","0.00937875"
"2010-07-11 08:00:00+00:00","0.196","0.025","0.01128525"
"2010-07-11 08:30:00+00:00","0.187","0.088","0.0128904"
"2010-07-11 09:00:00+00:00","0.183","0.113","0.0136284"
"2010-07-11 09:30:00+00:00","0.156","0.269","0.01493835"
"2010-07-11 10:00:00+00:00","0.335","0.219","0.0153627"
"2010-07-11 10:30:00+00:00","0.11","0.288","0.01551645"
"2010-07-11 11:00:00+00:00","0.127","0.206","0.0154242"
"2010-07-11 11:30:00+00:00","0.107","0.163","0.0154242"
"2010-07-11 12:00:00+00:00","0.112","0.15","0.0154242"
"2010-07-11 12:30:00+00:00","0.099","0.138","0.01536885"
"2010-07-11 13:00:00+00:00","0.286","0.175","0.0150183"
"2010-07-11 13:30:00+00:00","0.276","0.238","0.01476"
"2010-07-11 14:00:00+00:00","0.283","0.15","0.0152766"
"2010-07-11 14:30:00+00:00","0.118","0.1","0.0140466"
"2010-07-11 15:00:00+00:00","0.171","0.056","0.01429875"
"2010-07-11 15:30:00+00:00","0.07","0.113","0.01487685"
"2010-07-11 16:00:00+00:00","0.134","0.069","0.01543035"
"2010-07-11 16:30:00+00:00","0.076","0.019","0.0154734"
"2010-07-11 17:00:00+00:00","0.115","0.006","0.0156825"
"2010-07-11 17:30:00+00:00","0.105","0.0","0.0160884"
"2010-07-11 18:00:00+00:00","0.465","0.0","0.01781655"
"2010-07-11 18:30:00+00:00","1.519","0.0","0.01940325"
"2010-07-11 19:00:00+00:00","1.215","0.0","0.0194217"
"2010-07-11 19:30:00+00:00","1.268","0.0","0.0164697"
"2010-07-11 20:00:00+00:00","1.176","0.0","0.0156825"
"2010-07-11 20:30:00+00:00","1.104","0.0","0.0156825"
"2010-07-11 21:00:00+00:00","0.754","0.0","0.0156825"
"2010-07-11 21:30:00+00:00","0.156","0.0","0.0156333"
"2010-07-11 22:00:00+00:00","0.146","0.0","0.0155349"
"2010-07-11 22:30:00+00:00","0.926","0.0","0.0154857"
"2010-07-11 23:00:00+00:00","0.143","0.0","0.01533195"
"2010-07-11 23:30:00+00:00","0.119","0.0","0.01527045"
"2010-07-12 00:00:00+00:00","0.084","0.0","0.0144402"
"2010-07-12 00:30:00+00:00","0.146","0.0","0.0123369"
"2010-07-12 01:00:00+00:00","0.078","0.0","0.0121893"
"2010-07-12 01:30:00+00:00","0.123","0.0","0.0131979"
"2010-07-12 02:00:00+00:00","0.09","0.0","0.0121155"
"2010-07-12 02:30:00+00:00","0.105","0.0","0.01138365"
"2010-07-12 03:00:00+00:00","0.115","0.0","0.01089165"
"2010-07-12 03:30:00+00:00","0.104","0.0","0.0084132"
"2010-07-12 04:00:00+00:00","0.116","0.0","0.0087576"
"2010-07-12 04:30:00+00:00","0.104","0.0","0.0105042"
"2010-07-12 05:00:00+00:00","0.09","0.0","0.0125706"
"2010-07-12 05:30:00+00:00","0.135","0.0","0.01410195"
"2010-07-12 06:00:00+00:00","0.155","0.0","0.01507365"
"2010-07-12 06:30:00+00:00","0.6","0.0","0.01524585"
"2010-07-12 07:00:00+00:00","0.214","0.0","0.0156825"
"2010-07-12 07:30:00+00:00","0.22","0.006","0.0155841"
"2010-07-12 08:00:00+00:00","0.227","0.013","0.0156825"
"2010-07-12 08:30:00+00:00","0.191","0.006","0.0156825"
"2010-07-12 09:00:00+00:00","0.078","0.175","0.0156825"
"2010-07-12 09:30:00+00:00","0.1","0.163","0.0156825"
"2010-07-12 10:00:00+00:00","0.085","0.144","0.0156825"
"2010-07-12 10:30:00+00:00","0.192","0.238","0.0156825"
"2010-07-12 11:00:00+00:00","0.191","0.144","0.0156825"
"2010-07-12 11:30:00+00:00","0.223","0.306","0.0156825"
"2010-07-12 12:00:00+00:00","0.116","0.144","0.0156825"
"2010-07-12 12:30:00+00:00","0.118","0.275","0.0156825"
"2010-07-12 13:00:00+00:00","0.212","0.119","0.01562715"
"2010-07-12 13:30:00+00:00","0.133","0.344","0.0156825"
"2010-07-12 14:00:00+00:00","0.058","0.075","0.01576245"
"2010-07-12 14:30:00+00:00","0.137","0.038","0.01563945"
"2010-07-12 15:00:00+00:00","0.06","0.175","0.01538115"
"2010-07-12 15:30:00+00:00","0.119","0.038","0.01538115"
"2010-07-12 16:00:00+00:00","0.2","0.038","0.0155472"
"2010-07-12 16:30:00+00:00","0.176","0.006","0.01566405"
"2010-07-12 17:00:00+00:00","0.165","0.0","0.0156825"
"2010-07-12 17:30:00+00:00","0.1","0.0","0.0159531"
"2010-07-12 18:00:00+00:00","1.19","0.0","0.01642665"
"2010-07-12 18:30:00+00:00","1.094","0.0","0.0170232"
"2010-07-12 19:00:00+00:00","1.148","0.0","0.01659885"
"2010-07-12 19:30:00+00:00","1.181","0.0","0.015621"
"2010-07-12 20:00:00+00:00","1.068","0.0","0.01571325"
"2010-07-12 20:30:00+00:00","0.276","0.0","0.0156825"
"2010-07-12 21:00:00+00:00","0.149","0.0","0.0156825"
"2010-07-12 21:30:00+00:00","0.154","0.0","0.01597155"
"2010-07-12 22:00:00+00:00","0.071","0.0","0.0154242"
"2010-07-12 22:30:00+00:00","0.155","0.0","0.015744"
"2010-07-12 23:00:00+00:00","0.618","0.0","0.01551645"
"2010-07-12 23:30:00+00:00","0.437","0.0","0.0150429"
"2010-07-13 00:00:00+00:00","0.08","0.0","0.014022"
"2010-07-13 00:30:00+00:00","0.091","0.0","0.0128166"
"2010-07-13 01:00:00+00:00","0.105","0.0","0.01201095"
"2010-07-13 01:30:00+00:00","0.084","0.0","0.01404045"
"2010-07-13 02:00:00+00:00","0.114","0.0","0.0109347"
"2010-07-13 02:30:00+00:00","0.081","0.0","0.01020285"
"2010-07-13 03:00:00+00:00","0.101","0.0","0.0076752"
"2010-07-13 03:30:00+00:00","0.093","0.0","0.00738"
"2010-07-13 04:00:00+00:00","0.081","0.0","0.00715245"
"2010-07-13 04:30:00+00:00","0.108","0.0","0.00721395"
"2010-07-13 05:00:00+00:00","0.096","0.0","0.0067158"
"2010-07-13 05:30:00+00:00","0.107","0.0","0.01012905"
"2010-07-13 06:00:00+00:00","0.147","0.0","0.0122754"
"2010-07-13 06:30:00+00:00","0.15","0.0","0.0137268"
"2010-07-13 07:00:00+00:00","0.162","0.0","0.01522125"
"2010-07-13 07:30:00+00:00","0.267","0.0","0.015375"
"2010-07-13 08:00:00+00:00","0.302","0.013","0.0155964"
"2010-07-13 08:30:00+00:00","0.095","0.05","0.0156825"
"2010-07-13 09:00:00+00:00","0.163","0.113","0.01572555"
"2010-07-13 09:30:00+00:00","0.149","0.188","0.0156825"
"2010-07-13 10:00:00+00:00","0.232","0.369","0.0156825"
"2010-07-13 10:30:00+00:00","0.094","0.431","0.0156825"
"2010-07-13 11:00:00+00:00","0.106","0.394","0.01557795"
"2010-07-13 11:30:00+00:00","0.163","0.288","0.0155841"
"2010-07-13 12:00:00+00:00","0.313","0.088","0.01565175"
"2010-07-13 12:30:00+00:00","0.351","0.15","0.0156825"
"2010-07-13 13:00:00+00:00","0.249","0.1","0.01563945"
"2010-07-13 13:30:00+00:00","0.252","0.094","0.01557795"
"2010-07-13 14:00:00+00:00","0.287","0.119","0.0155841"
"2010-07-13 14:30:00+00:00","0.229","0.225","0.0155103"
"2010-07-13 15:00:00+00:00","0.078","0.125","0.01538115"
"2010-07-13 15:30:00+00:00","0.126","0.031","0.0151659"
"2010-07-13 16:00:00+00:00","0.085","0.013","0.0155595"
"2010-07-13 16:30:00+00:00","0.11","0.0","0.0156456"
"2010-07-13 17:00:00+00:00","0.099","0.0","0.0156825"
"2010-07-13 17:30:00+00:00","0.313","0.0","0.0158793"
"2010-07-13 18:00:00+00:00","1.555","0.0","0.0160638"
"2010-07-13 18:30:00+00:00","1.271","0.0","0.01595925"
"2010-07-13 19:00:00+00:00","1.244","0.0","0.01568865"
"2010-07-13 19:30:00+00:00","0.238","0.0","0.01562715"
"2010-07-13 20:00:00+00:00","0.168","0.0","0.0156825"
"2010-07-13 20:30:00+00:00","0.225","0.0","0.0156333"
"2010-07-13 21:00:00+00:00","0.1","0.0","0.01538115"
"2010-07-13 21:30:00+00:00","0.113","0.0","0.01538115"
"2010-07-13 22:00:00+00:00","0.16","0.0","0.0152766"
"2010-07-13 22:30:00+00:00","0.104","0.0","0.01536885"
"2010-07-13 23:00:00+00:00","0.159","0.0","0.01391745"
"2010-07-13 23:30:00+00:00","0.075","0.0","0.0139113"
"2010-07-14 00:00:00+00:00","0.11","0.0","0.01214625"
"2010-07-14 00:30:00+00:00","0.1","0.0","0.01190025"
"2010-07-14 01:00:00+00:00","0.078","0.0","0.01169115"
"2010-07-14 01:30:00+00:00","0.125","0.0","0.013284"
"2010-07-14 02:00:00+00:00","0.076","0.0","0.0119802"
"2010-07-14 02:30:00+00:00","0.117","0.0","0.0107256"
"2010-07-14 03:00:00+00:00","0.083","0.0","0.0102705"
"2010-07-14 03:30:00+00:00","0.099","0.0","0.0092988"
"2010-07-14 04:00:00+00:00","0.103","0.0","0.0050553"
"2010-07-14 04:30:00+00:00","0.091","0.0","0.00555345"
"2010-07-14 05:00:00+00:00","0.111","0.0","0.0090282"
"2010-07-14 05:30:00+00:00","0.094","0.0","0.01059645"
"2010-07-14 06:00:00+00:00","0.084","0.0","0.01240455"
"2010-07-14 06:30:00+00:00","0.35","0.0","0.01356075"
"2010-07-14 07:00:00+00:00","0.114","0.0","0.0144156"
"2010-07-14 07:30:00+00:00","0.216","0.006","0.0144771"
"2010-07-14 08:00:00+00:00","0.375","0.0","0.01567635"
"2010-07-14 08:30:00+00:00","0.282","0.0","0.0156825"
"2010-07-14 09:00:00+00:00","0.187","0.025","0.0156825"
"2010-07-14 09:30:00+00:00","0.091","0.113","0.0156825"
"2010-07-14 10:00:00+00:00","0.157","0.619","0.0156825"
"2010-07-14 10:30:00+00:00","0.142","0.694","0.0156825"
"2010-07-14 11:00:00+00:00","0.163","0.738","0.0156825"
"2010-07-14 11:30:00+00:00","0.133","0.756","0.0156825"
"2010-07-14 12:00:00+00:00","0.118","0.769","0.01567635"
"2010-07-14 12:30:00+00:00","0.291","0.769","0.01566405"
"2010-07-14 13:00:00+00:00","0.122","0.744","0.0154365"
"2010-07-14 13:30:00+00:00","0.181","0.7","0.01528275"
"2010-07-14 14:00:00+00:00","0.1","0.638","0.015375"
"2010-07-14 14:30:00+00:00","0.148","0.581","0.015375"
"2010-07-14 15:00:00+00:00","0.085","0.475","0.015375"
"2010-07-14 15:30:00+00:00","0.122","0.375","0.015375"
"2010-07-14 16:00:00+00:00","0.3","0.244","0.01550415"
"2010-07-14 16:30:00+00:00","0.762","0.106","0.01567635"
"2010-07-14 17:00:00+00:00","1.246","0.006","0.0156825"
"2010-07-14 17:30:00+00:00","1.336","0.0","0.0175644"
"2010-07-14 18:00:00+00:00","0.317","0.0","0.021648"
"2010-07-14 18:30:00+00:00","0.239","0.0","0.0178104"
"2010-07-14 19:00:00+00:00","0.195","0.0","0.016605"
"2010-07-14 19:30:00+00:00","0.374","0.0","0.0158178"
"2010-07-14 20:00:00+00:00","0.194","0.0","0.0156825"
"2010-07-14 20:30:00+00:00","0.223","0.0","0.0156825"
"2010-07-14 21:00:00+00:00","0.192","0.0","0.0156825"
"2010-07-14 21:30:00+00:00","0.111","0.0","0.0156333"
"2010-07-14 22:00:00+00:00","0.13","0.0","0.0155718"
"2010-07-14 22:30:00+00:00","0.134","0.0","0.01598385"
"2010-07-14 23:00:00+00:00","0.198","0.0","0.01557795"
"2010-07-14 23:30:00+00:00","0.89","0.0","0.01552875"
"2010-07-15 00:00:00+00:00","0.112","0.0","0.01476"
"2010-07-15 00:30:00+00:00","0.099","0.0","0.01309335"
"2010-07-15 01:00:00+00:00","0.114","0.0","0.0121647"
"2010-07-15 01:30:00+00:00","0.089","0.0","0.0137145"
"2010-07-15 02:00:00+00:00","0.109","0.0","0.01228155"
"2010-07-15 02:30:00+00:00","0.085","0.0","0.01278585"
"2010-07-15 03:00:00+00:00","0.119","0.0","0.0119802"
"2010-07-15 03:30:00+00:00","0.101","0.0","0.0113898"
"2010-07-15 04:00:00+00:00","0.089","0.0","0.01035045"
"2010-07-15 04:30:00+00:00","0.125","0.0","0.0101106"
"2010-07-15 05:00:00+00:00","0.06","0.0","0.01108845"
"2010-07-15 05:30:00+00:00","0.15","0.0","0.01226925"
"2010-07-15 06:00:00+00:00","0.056","0.0","0.0139236"
"2010-07-15 06:30:00+00:00","0.21","0.0","0.01561485"
"2010-07-15 07:00:00+00:00","0.235","0.0","0.01568865"
"2010-07-15 07:30:00+00:00","0.139","0.031","0.01572555"
"2010-07-15 08:00:00+00:00","0.107","0.194","0.01609455"
"2010-07-15 08:30:00+00:00","0.106","0.338","0.0162975"
"2010-07-15 09:00:00+00:00","0.285","0.463","0.0162975"
"2010-07-15 09:30:00+00:00","0.142","0.556","0.0162975"
"2010-07-15 10:00:00+00:00","0.314","0.638","0.0163098"
"2010-07-15 10:30:00+00:00","0.249","0.694","0.01578705"
"2010-07-15 11:00:00+00:00","0.301","0.731","0.0156825"
"2010-07-15 11:30:00+00:00","0.134","0.756","0.0156825"
"2010-07-15 12:00:00+00:00","0.138","0.763","0.0156825"
"2010-07-15 12:30:00+00:00","0.343","0.75","0.0156825"
"2010-07-15 13:00:00+00:00","0.123","0.725","0.01566405"
"2010-07-15 13:30:00+00:00","0.081","0.675","0.0156825"
"2010-07-15 14:00:00+00:00","0.131","0.613","0.0156825"
"2010-07-15 14:30:00+00:00","0.078","0.569","0.0156825"
"2010-07-15 15:00:00+00:00","0.118","0.475","0.0155964"
"2010-07-15 15:30:00+00:00","0.094","0.294","0.01550415"
"2010-07-15 16:00:00+00:00","0.271","0.213","0.01555335"
"2010-07-15 16:30:00+00:00","0.185","0.038","0.0156825"
"2010-07-15 17:00:00+00:00","0.166","0.0","0.0156825"
"2010-07-15 17:30:00+00:00","0.392","0.0","0.0161253"
"2010-07-15 18:00:00+00:00","0.162","0.0","0.02016585"
"2010-07-15 18:30:00+00:00","0.222","0.006","0.02352375"
"2010-07-15 19:00:00+00:00","0.478","0.0","0.02353605"
"2010-07-15 19:30:00+00:00","1.125","0.0","0.0183516"
"2010-07-15 20:00:00+00:00","1.158","0.0","0.01749675"
"2010-07-15 20:30:00+00:00","1.031","0.0","0.0178227"
"2010-07-15 21:00:00+00:00","0.238","0.0","0.0167895"
"2010-07-15 21:30:00+00:00","0.115","0.0","0.01610685"
"2010-07-15 22:00:00+00:00","0.177","0.0","0.0156825"
"2010-07-15 22:30:00+00:00","0.097","0.0","0.01739835"
"2010-07-15 23:00:00+00:00","0.164","0.0","0.0164574"
"2010-07-15 23:30:00+00:00","0.089","0.0","0.01605765"
"2010-07-16 00:00:00+00:00","0.086","0.0","0.0156825"
"2010-07-16 00:30:00+00:00","0.124","0.0","0.0156825"
"2010-07-16 01:00:00+00:00","0.077","0.0","0.01547955"
"2010-07-16 01:30:00+00:00","0.119","0.0","0.01614375"
"2010-07-16 02:00:00+00:00","0.091","0.0","0.01560255"
"2010-07-16 02:30:00+00:00","0.108","0.0","0.015621"
"2010-07-16 03:00:00+00:00","0.082","0.0","0.0135669"
"2010-07-16 03:30:00+00:00","0.114","0.0","0.01321635"
"2010-07-16 04:00:00+00:00","0.089","0.0","0.0123"
"2010-07-16 04:30:00+00:00","0.076","0.0","0.0122016"
"2010-07-16 05:00:00+00:00","0.135","0.0","0.0126936"
"2010-07-16 05:30:00+00:00","0.058","0.0","0.01561485"
"2010-07-16 06:00:00+00:00","0.127","0.0","0.01561485"
"2010-07-16 06:30:00+00:00","0.163","0.0","0.01572555"
"2010-07-16 07:00:00+00:00","0.229","0.0","0.01570095"
"2010-07-16 07:30:00+00:00","0.176","0.025","0.01578705"
"2010-07-16 08:00:00+00:00","0.074","0.188","0.0168879"
"2010-07-16 08:30:00+00:00","0.131","0.331","0.017343"
"2010-07-16 09:00:00+00:00","0.227","0.45","0.0172692"
"2010-07-16 09:30:00+00:00","0.149","0.544","0.01690635"
"2010-07-16 10:00:00+00:00","0.317","0.619","0.01690635"
"2010-07-16 10:30:00+00:00","0.171","0.681","0.01646355"
"2010-07-16 11:00:00+00:00","0.184","0.719","0.01609455"
"2010-07-16 11:30:00+00:00","0.096","0.744","0.01561485"
"2010-07-16 12:00:00+00:00","0.121","0.75","0.01562715"
"2010-07-16 12:30:00+00:00","0.086","0.744","0.01567635"
"2010-07-16 13:00:00+00:00","0.074","0.713","0.01566405"
"2010-07-16 13:30:00+00:00","0.12","0.681","0.0156825"
"2010-07-16 14:00:00+00:00","0.052","0.563","0.0156825"
"2010-07-16 14:30:00+00:00","0.146","0.331","0.01549185"
"2010-07-16 15:00:00+00:00","0.181","0.238","0.01554105"
"2010-07-16 15:30:00+00:00","0.202","0.294","0.01498755"
"2010-07-16 16:00:00+00:00","0.109","0.231","0.01552875"
"2010-07-16 16:30:00+00:00","0.271","0.1","0.0156825"
"2010-07-16 17:00:00+00:00","0.671","0.0","0.01578705"
"2010-07-16 17:30:00+00:00","0.908","0.0","0.0162975"
"2010-07-16 18:00:00+00:00","1.17","0.0","0.0176259"
"2010-07-16 18:30:00+00:00","0.264","0.0","0.01798875"
"2010-07-16 19:00:00+00:00","0.255","0.0","0.0183024"
"2010-07-16 19:30:00+00:00","0.433","0.0","0.01718925"
"2010-07-16 20:00:00+00:00","0.215","0.0","0.0162975"
"2010-07-16 20:30:00+00:00","0.216","0.006","0.01686945"
"2010-07-16 21:00:00+00:00","0.216","0.0","0.0159654"
"2010-07-16 21:30:00+00:00","0.172","0.0","0.0156825"
"2010-07-16 22:00:00+00:00","0.155","0.0","0.0156333"
"2010-07-16 22:30:00+00:00","0.162","0.0","0.0168141"
"2010-07-16 23:00:00+00:00","0.084","0.0","0.0162114"
"2010-07-16 23:30:00+00:00","0.154","0.0","0.0160884"
"2010-07-17 00:00:00+00:00","0.945","0.0","0.0157686"
"2010-07-17 00:30:00+00:00","0.076","0.0","0.0156825"
"2010-07-17 01:00:00+00:00","0.124","0.0","0.01561485"
"2010-07-17 01:30:00+00:00","0.05","0.0","0.01670955"
"2010-07-17 02:00:00+00:00","0.135","0.0","0.01538115"
"2010-07-17 02:30:00+00:00","0.076","0.0","0.0152151"
"2010-07-17 03:00:00+00:00","0.1","0.0","0.01428645"
"2010-07-17 03:30:00+00:00","0.101","0.0","0.01225695"
"2010-07-17 04:00:00+00:00","0.07","0.0","0.011685"
"2010-07-17 04:30:00+00:00","0.117","0.0","0.01091625"
"2010-07-17 05:00:00+00:00","0.058","0.0","0.01033815"
"2010-07-17 05:30:00+00:00","0.128","0.0","0.010455"
"2010-07-17 06:00:00+00:00","0.059","0.0","0.0123123"
"2010-07-17 06:30:00+00:00","0.281","0.0","0.01337625"
"2010-07-17 07:00:00+00:00","0.088","0.0","0.0156825"
"2010-07-17 07:30:00+00:00","0.108","0.0","0.0156825"
"2010-07-17 08:00:00+00:00","0.362","0.094","0.0156825"
"2010-07-17 08:30:00+00:00","0.298","0.288","0.0161376"
"2010-07-17 09:00:00+00:00","0.121","0.444","0.01683255"
"2010-07-17 09:30:00+00:00","0.051","0.538","0.0175275"
"2010-07-17 10:00:00+00:00","0.116","0.619","0.01780425"
"2010-07-17 10:30:00+00:00","0.105","0.663","0.01698015"
"2010-07-17 11:00:00+00:00","0.11","0.706","0.01609455"
"2010-07-17 11:30:00+00:00","0.087","0.725","0.01578705"
"2010-07-17 12:00:00+00:00","0.083","0.731","0.0156825"
"2010-07-17 12:30:00+00:00","0.11","0.725","0.0156825"
"2010-07-17 13:00:00+00:00","0.071","0.7","0.0156825"
"2010-07-17 13:30:00+00:00","0.107","0.663","0.0142065"
"2010-07-17 14:00:00+00:00","0.09","0.613","0.01295805"
"2010-07-17 14:30:00+00:00","0.117","0.544","0.0130626"
"2010-07-17 15:00:00+00:00","0.129","0.456","0.0126813"
"2010-07-17 15:30:00+00:00","0.245","0.35","0.01301955"
"2010-07-17 16:00:00+00:00","0.16","0.238","0.0135054"
"2010-07-17 16:30:00+00:00","0.068","0.113","0.01410195"
"2010-07-17 17:00:00+00:00","0.157","0.006","0.01568865"
"2010-07-17 17:30:00+00:00","0.131","0.0","0.01631595"
"2010-07-17 18:00:00+00:00","0.401","0.0","0.01851765"
"2010-07-17 18:30:00+00:00","0.265","0.0","0.01897275"
"2010-07-17 19:00:00+00:00","0.826","0.0","0.01805025"
"2010-07-17 19:30:00+00:00","1.175","0.0","0.01686945"
"2010-07-17 20:00:00+00:00","1.066","0.0","0.0168141"
"2010-07-17 20:30:00+00:00","1.058","0.0","0.0161991"
"2010-07-17 21:00:00+00:00","0.115","0.0","0.0158916"
"2010-07-17 21:30:00+00:00","0.16","0.0","0.01575015"
"2010-07-17 22:00:00+00:00","0.106","0.0","0.015375"
"2010-07-17 22:30:00+00:00","0.12","0.0","0.01571325"
"2010-07-17 23:00:00+00:00","0.114","0.0","0.0156948"
"2010-07-17 23:30:00+00:00","0.099","0.0","0.01561485"
"2010-07-18 00:00:00+00:00","0.087","0.0","0.0147231"
"2010-07-18 00:30:00+00:00","0.103","0.0","0.01341315"
"2010-07-18 01:00:00+00:00","0.073","0.0","0.01262595"
"2010-07-18 01:30:00+00:00","0.122","0.0","0.01268745"
"2010-07-18 02:00:00+00:00","0.056","0.0","0.01164195"
"2010-07-18 02:30:00+00:00","0.131","0.0","0.01175265"
"2010-07-18 03:00:00+00:00","0.064","0.0","0.00916965"
"2010-07-18 03:30:00+00:00","0.135","0.0","0.00877605"
"2010-07-18 04:00:00+00:00","0.058","0.0","0.008118"
"2010-07-18 04:30:00+00:00","0.126","0.0","0.00864075"
"2010-07-18 05:00:00+00:00","0.078","0.0","0.00866535"
"2010-07-18 05:30:00+00:00","0.089","0.0","0.0085116"
"2010-07-18 06:00:00+00:00","0.099","0.0","0.0100245"
"2010-07-18 06:30:00+00:00","0.086","0.0","0.0100737"
"2010-07-18 07:00:00+00:00","0.099","0.0","0.01046115"
"2010-07-18 07:30:00+00:00","0.104","0.038","0.01153125"
"2010-07-18 08:00:00+00:00","0.085","0.238","0.0131364"
"2010-07-18 08:30:00+00:00","0.327","0.375","0.01381905"
"2010-07-18 09:00:00+00:00","0.225","0.488","0.01492605"
"2010-07-18 09:30:00+00:00","0.216","0.575","0.015621"
"2010-07-18 10:00:00+00:00","0.294","0.638","0.0156825"
"2010-07-18 10:30:00+00:00","0.719","0.681","0.0156825"
"2010-07-18 11:00:00+00:00","0.187","0.713","0.0156825"
"2010-07-18 11:30:00+00:00","0.107","0.738","0.0156825"
"2010-07-18 12:00:00+00:00","0.077","0.744","0.0155964"
"2010-07-18 12:30:00+00:00","0.089","0.744","0.01562715"
"2010-07-18 13:00:00+00:00","0.103","0.725","0.01418805"
"2010-07-18 13:30:00+00:00","0.239","0.688","0.01399125"
"2010-07-18 14:00:00+00:00","0.099","0.631","0.01458165"
"2010-07-18 14:30:00+00:00","0.099","0.55","0.0144894"
"2010-07-18 15:00:00+00:00","0.14","0.463","0.01482765"
"2010-07-18 15:30:00+00:00","0.301","0.363","0.0142557"
"2010-07-18 16:00:00+00:00","0.225","0.25","0.01556565"
"2010-07-18 16:30:00+00:00","0.143","0.125","0.0156825"
"2010-07-18 17:00:00+00:00","0.292","0.0","0.01609455"
"2010-07-18 17:30:00+00:00","0.442","0.0","0.0172323"
"2010-07-18 18:00:00+00:00","0.159","0.0","0.02936625"
"2010-07-18 18:30:00+00:00","0.54","0.0","0.0543291"
"2010-07-18 19:00:00+00:00","1.119","0.0","0.0468261"
"2010-07-18 19:30:00+00:00","1.127","0.0","0.02159265"
"2010-07-18 20:00:00+00:00","1.231","0.0","0.0180441"
"2010-07-18 20:30:00+00:00","1.107","0.0","0.0179088"
"2010-07-18 21:00:00+00:00","1.087","0.0","0.01696785"
"2010-07-18 21:30:00+00:00","0.817","0.0","0.0160146"
"2010-07-18 22:00:00+00:00","0.119","0.0","0.0153504"
"2010-07-18 22:30:00+00:00","0.146","0.0","0.01605765"
"2010-07-18 23:00:00+00:00","0.296","0.0","0.0155349"
"2010-07-18 23:30:00+00:00","0.781","0.0","0.01488915"
"2010-07-19 00:00:00+00:00","0.069","0.0","0.01405275"
"2010-07-19 00:30:00+00:00","0.115","0.0","0.0123615"
"2010-07-19 01:00:00+00:00","0.085","0.0","0.01245375"
"2010-07-19 01:30:00+00:00","0.078","0.0","0.01423725"
"2010-07-19 02:00:00+00:00","0.112","0.0","0.0134316"
"2010-07-19 02:30:00+00:00","0.069","0.0","0.0142311"
"2010-07-19 03:00:00+00:00","0.127","0.0","0.01266285"
"2010-07-19 03:30:00+00:00","0.064","0.0","0.0121401"
"2010-07-19 04:00:00+00:00","0.126","0.0","0.0111192"
"2010-07-19 04:30:00+00:00","0.066","0.0","0.0116235"
"2010-07-19 05:00:00+00:00","0.095","0.0","0.0119433"
"2010-07-19 05:30:00+00:00","0.123","0.0","0.013284"
"2010-07-19 06:00:00+00:00","0.094","0.0","0.0145263"
"2010-07-19 06:30:00+00:00","0.106","0.006","0.0157809"
"2010-07-19 07:00:00+00:00","0.109","0.0","0.01579935"
"2010-07-19 07:30:00+00:00","0.132","0.025","0.01589775"
"2010-07-19 08:00:00+00:00","0.33","0.213","0.0187944"
"2010-07-19 08:30:00+00:00","0.081","0.375","0.01994445"
"2010-07-19 09:00:00+00:00","0.139","0.413","0.01832085"
"2010-07-19 09:30:00+00:00","0.049","0.481","0.0184869"
"2010-07-19 10:00:00+00:00","0.142","0.4","0.01861605"
"2010-07-19 10:30:00+00:00","0.237","0.225","0.0197169"
"2010-07-19 11:00:00+00:00","0.127","0.363","0.01864065"
"2010-07-19 11:30:00+00:00","0.088","0.663","0.01706625"
"2010-07-19 12:00:00+00:00","0.113","0.288","0.01677105"
"2010-07-19 12:30:00+00:00","0.114","0.35","0.01627905"
"2010-07-19 13:00:00+00:00","0.107","0.281","0.0157317"
"2010-07-19 13:30:00+00:00","0.399","0.388","0.01589775"
"2010-07-19 14:00:00+00:00","0.207","0.444","0.0158793"
"2010-07-19 14:30:00+00:00","0.155","0.125","0.0156825"
"2010-07-19 15:00:00+00:00","0.16","0.075","0.0156825"
"2010-07-19 15:30:00+00:00","0.138","0.063","0.0156825"
"2010-07-19 16:00:00+00:00","0.17","0.019","0.0159039"
"2010-07-19 16:30:00+00:00","0.333","0.031","0.01609455"
"2010-07-19 17:00:00+00:00","0.393","0.006","0.0170847"
"2010-07-19 17:30:00+00:00","1.51","0.0","0.0178842"
"2010-07-19 18:00:00+00:00","1.234","0.0","0.02492595"
"2010-07-19 18:30:00+00:00","1.19","0.0","0.03343755"
"2010-07-19 19:00:00+00:00","1.043","0.0","0.03032565"
"2010-07-19 19:30:00+00:00","1.178","0.0","0.02722605"
"2010-07-19 20:00:00+00:00","1.128","0.0","0.02244135"
"2010-07-19 20:30:00+00:00","0.663","0.0","0.016482"
"2010-07-19 21:00:00+00:00","0.211","0.0","0.01562715"
"2010-07-19 21:30:00+00:00","0.11","0.0","0.0171585"
"2010-07-19 22:00:00+00:00","0.141","0.0","0.0157194"
"2010-07-19 22:30:00+00:00","0.07","0.0","0.02137125"
"2010-07-19 23:00:00+00:00","0.128","0.0","0.0167157"
"2010-07-19 23:30:00+00:00","0.061","0.0","0.0160884"
"2010-07-20 00:00:00+00:00","0.123","0.0","0.0155841"
"2010-07-20 00:30:00+00:00","0.091","0.0","0.01524585"
"2010-07-20 01:00:00+00:00","0.097","0.0","0.01557795"
"2010-07-20 01:30:00+00:00","0.097","0.0","0.0168756"
"2010-07-20 02:00:00+00:00","0.086","0.006","0.0155226"
"2010-07-20 02:30:00+00:00","0.099","0.0","0.0153258"
"2010-07-20 03:00:00+00:00","0.093","0.0","0.0136776"
"2010-07-20 03:30:00+00:00","0.083","0.0","0.01240455"
"2010-07-20 04:00:00+00:00","0.1","0.0","0.0118941"
"2010-07-20 04:30:00+00:00","0.083","0.0","0.0121401"
"2010-07-20 05:00:00+00:00","0.108","0.0","0.013776"
"2010-07-20 05:30:00+00:00","0.081","0.0","0.0153627"
"2010-07-20 06:00:00+00:00","0.094","0.0","0.01599"
"2010-07-20 06:30:00+00:00","0.11","0.0","0.0179334"
"2010-07-20 07:00:00+00:00","0.274","0.0","0.0211068"
"2010-07-20 07:30:00+00:00","0.154","0.0","0.01870215"
"2010-07-20 08:00:00+00:00","0.081","0.075","0.0221523"
"2010-07-20 08:30:00+00:00","0.253","0.294","0.0241695"
"2010-07-20 09:00:00+00:00","0.082","0.45","0.01941555"
"2010-07-20 09:30:00+00:00","0.117","0.55","0.01871445"
"2010-07-20 10:00:00+00:00","0.071","0.625","0.0238743"
"2010-07-20 10:30:00+00:00","0.088","0.681","0.01877595"
"2010-07-20 11:00:00+00:00","0.236","0.725","0.01846845"
"2010-07-20 11:30:00+00:00","0.266","0.75","0.02038725"
"2010-07-20 12:00:00+00:00","0.152","0.75","0.0182163"
"2010-07-20 12:30:00+00:00","0.143","0.763","0.0161499"
"2010-07-20 13:00:00+00:00","0.107","0.506","0.01563945"
"2010-07-20 13:30:00+00:00","0.097","0.556","0.0160146"
"2010-07-20 14:00:00+00:00","0.075","0.506","0.01587315"
"2010-07-20 14:30:00+00:00","0.123","0.331","0.0157317"
"2010-07-20 15:00:00+00:00","0.061","0.194","0.0156825"
"2010-07-20 15:30:00+00:00","0.132","0.244","0.0156825"
"2010-07-20 16:00:00+00:00","0.059","0.188","0.0157932"
"2010-07-20 16:30:00+00:00","0.115","0.063","0.01588545"
"2010-07-20 17:00:00+00:00","0.138","0.0","0.0172815"
"2010-07-20 17:30:00+00:00","0.198","0.0","0.02137125"
"2010-07-20 18:00:00+00:00","0.304","0.006","0.0429885"
"2010-07-20 18:30:00+00:00","0.352","0.0","0.04053465"
"2010-07-20 19:00:00+00:00","1.147","0.0","0.0237021"
"2010-07-20 19:30:00+00:00","1.095","0.0","0.01865295"
"2010-07-20 20:00:00+00:00","1.193","0.0","0.0181794"
"2010-07-20 20:30:00+00:00","0.336","0.0","0.01990755"
"2010-07-20 21:00:00+00:00","0.255","0.0","0.0204057"
"2010-07-20 21:30:00+00:00","0.138","0.0","0.0189912"
"2010-07-20 22:00:00+00:00","0.099","0.0","0.01652505"
"2010-07-20 22:30:00+00:00","0.111","0.0","0.0223245"
"2010-07-20 23:00:00+00:00","0.732","0.0","0.01711545"
"2010-07-20 23:30:00+00:00","0.29","0.0","0.0165435"
"2010-07-21 00:00:00+00:00","0.103","0.0","0.01570095"
"2010-07-21 00:30:00+00:00","0.096","0.0","0.01565175"
"2010-07-21 01:00:00+00:00","0.096","0.0","0.0156825"
"2010-07-21 01:30:00+00:00","0.091","0.0","0.02004285"
"2010-07-21 02:00:00+00:00","0.082","0.0","0.0162852"
"2010-07-21 02:30:00+00:00","0.102","0.0","0.015375"
"2010-07-21 03:00:00+00:00","0.069","0.0","0.0154611"
"2010-07-21 03:30:00+00:00","0.121","0.0","0.01534425"
"2010-07-21 04:00:00+00:00","0.058","0.0","0.01449555"
"2010-07-21 04:30:00+00:00","0.126","0.0","0.011562"
"2010-07-21 05:00:00+00:00","0.071","0.0","0.01360995"
"2010-07-21 05:30:00+00:00","0.116","0.0","0.01562715"
"2010-07-21 06:00:00+00:00","0.07","0.0","0.01583625"
"2010-07-21 06:30:00+00:00","0.117","0.0","0.0205164"
"2010-07-21 07:00:00+00:00","0.121","0.0","0.02365905"
"2010-07-21 07:30:00+00:00","1.177","0.0","0.0208485"
"2010-07-21 08:00:00+00:00","0.895","0.013","0.02829"
"2010-07-21 08:30:00+00:00","0.234","0.038","0.0269247"
"2010-07-21 09:00:00+00:00","0.118","0.044","0.0195201"
"2010-07-21 09:30:00+00:00","0.05","0.156","0.0186222"
"2010-07-21 10:00:00+00:00","0.12","0.075","0.02178945"
"2010-07-21 10:30:00+00:00","0.541","0.069","0.0219432"
"2010-07-21 11:00:00+00:00","0.775","0.413","0.02043645"
"2010-07-21 11:30:00+00:00","0.074","0.375","0.0195816"
"2010-07-21 12:00:00+00:00","0.084","0.338","0.0167157"
"2010-07-21 12:30:00+00:00","0.099","0.381","0.01599"
"2010-07-21 13:00:00+00:00","0.071","0.806","0.0156825"
"2010-07-21 13:30:00+00:00","0.102","0.644","0.0161253"
"2010-07-21 14:00:00+00:00","0.078","0.363","0.0156825"
"2010-07-21 14:30:00+00:00","0.081","0.375","0.0157809"
"2010-07-21 15:00:00+00:00","0.09","0.456","0.0156825"
"2010-07-21 15:30:00+00:00","0.069","0.231","0.0156825"
"2010-07-21 16:00:00+00:00","0.113","0.038","0.0156825"
"2010-07-21 16:30:00+00:00","0.192","0.094","0.01578705"
"2010-07-21 17:00:00+00:00","0.175","0.006","0.0160638"
"2010-07-21 17:30:00+00:00","0.091","0.0","0.0216726"
"2010-07-21 18:00:00+00:00","0.119","0.0","0.0289542"
"2010-07-21 18:30:00+00:00","0.066","0.0","0.02428635"
"2010-07-21 19:00:00+00:00","0.477","0.0","0.02300715"
"2010-07-21 19:30:00+00:00","1.176","0.0","0.01845615"
"2010-07-21 20:00:00+00:00","0.859","0.0","0.01691865"
"2010-07-21 20:30:00+00:00","0.158","0.0","0.0246615"
"2010-07-21 21:00:00+00:00","0.107","0.0","0.0192126"
"2010-07-21 21:30:00+00:00","0.139","0.0","0.01861605"
"2010-07-21 22:00:00+00:00","0.109","0.0","0.0166911"
"2010-07-21 22:30:00+00:00","0.089","0.0","0.02374515"
"2010-07-21 23:00:00+00:00","0.104","0.0","0.0168264"
"2010-07-21 23:30:00+00:00","0.073","0.0","0.01621755"
"2010-07-22 00:00:00+00:00","0.118","0.0","0.0161376"
"2010-07-22 00:30:00+00:00","0.07","0.0","0.01599"
"2010-07-22 01:00:00+00:00","0.097","0.0","0.0156825"
"2010-07-22 01:30:00+00:00","0.085","0.0","0.01878825"
"2010-07-22 02:00:00+00:00","0.085","0.0","0.01696785"
"2010-07-22 02:30:00+00:00","0.089","0.0","0.0158301"
"2010-07-22 03:00:00+00:00","0.099","0.0","0.01556565"
"2010-07-22 03:30:00+00:00","0.09","0.0","0.015621"
"2010-07-22 04:00:00+00:00","0.096","0.0","0.0152889"
"2010-07-22 04:30:00+00:00","0.077","0.0","0.015375"
"2010-07-22 05:00:00+00:00","0.106","0.0","0.0154488"
"2010-07-22 05:30:00+00:00","0.065","0.0","0.01578705"
"2010-07-22 06:00:00+00:00","0.139","0.0","0.0165189"
"2010-07-22 06:30:00+00:00","0.091","0.0","0.02348685"
"2010-07-22 07:00:00+00:00","0.288","0.0","0.0235299"
"2010-07-22 07:30:00+00:00","0.344","0.006","0.0215619"
"2010-07-22 08:00:00+00:00","0.338","0.069","0.03904635"
"2010-07-22 08:30:00+00:00","0.139","0.356","0.02832075"
"2010-07-22 09:00:00+00:00","0.109","0.4","0.02116215"
"2010-07-22 09:30:00+00:00","0.12","0.513","0.02001825"
"2010-07-22 10:00:00+00:00","0.076","0.613","0.0204303"
"2010-07-22 10:30:00+00:00","0.109","0.7","0.02086695"
"2010-07-22 11:00:00+00:00","0.086","0.756","0.01919415"
"2010-07-22 11:30:00+00:00","0.103","0.694","0.02032575"
"2010-07-22 12:00:00+00:00","0.094","0.513","0.0196062"
"2010-07-22 12:30:00+00:00","0.105","0.506","0.01930485"
"2010-07-22 13:00:00+00:00","0.101","0.363","0.0186345"
"2010-07-22 13:30:00+00:00","0.108","0.294","0.01887435"
"2010-07-22 14:00:00+00:00","0.345","0.188","0.0185361"
"2010-07-22 14:30:00+00:00","0.151","0.188","0.0178473"
"2010-07-22 15:00:00+00:00","0.072","0.219","0.01698015"
"2010-07-22 15:30:00+00:00","0.209","0.463","0.01666035"
"2010-07-22 16:00:00+00:00","0.105","0.281","0.01689405"
"2010-07-22 16:30:00+00:00","0.367","0.144","0.01624215"
"2010-07-22 17:00:00+00:00","0.085","0.006","0.01699245"
"2010-07-22 17:30:00+00:00","0.955","0.0","0.02153115"
"2010-07-22 18:00:00+00:00","1.183","0.0","0.04540545"
"2010-07-22 18:30:00+00:00","1.088","0.0","0.02848065"
"2010-07-22 19:00:00+00:00","1.076","0.0","0.0226935"
"2010-07-22 19:30:00+00:00","1.173","0.0","0.02100225"
"2010-07-22 20:00:00+00:00","1.202","0.0","0.02030115"
"2010-07-22 20:30:00+00:00","1.101","0.0","0.02156805"
"2010-07-22 21:00:00+00:00","1.028","0.0","0.0225459"
"2010-07-22 21:30:00+00:00","0.79","0.0","0.0219555"
"2010-07-22 22:00:00+00:00","0.167","0.0","0.01800105"
"2010-07-22 22:30:00+00:00","0.124","0.0","0.02766885"
"2010-07-22 23:00:00+00:00","0.095","0.0","0.0210699"
"2010-07-22 23:30:00+00:00","0.248","0.0","0.01845"
"2010-07-23 00:00:00+00:00","0.8","0.0","0.0177735"
"2010-07-23 00:30:00+00:00","0.053","0.0","0.01689405"
"2010-07-23 01:00:00+00:00","0.132","0.0","0.01632825"
"2010-07-23 01:30:00+00:00","0.053","0.0","0.0173676"
"2010-07-23 02:00:00+00:00","0.128","0.0","0.01584855"
"2010-07-23 02:30:00+00:00","0.049","0.0","0.0154857"
"2010-07-23 03:00:00+00:00","0.118","0.0","0.0156087"
"2010-07-23 03:30:00+00:00","0.069","0.0","0.0156702"
"2010-07-23 04:00:00+00:00","0.092","0.0","0.01566405"
"2010-07-23 04:30:00+00:00","0.104","0.0","0.0155349"
"2010-07-23 05:00:00+00:00","0.147","0.0","0.0156825"
"2010-07-23 05:30:00+00:00","0.14","0.0","0.01608225"
"2010-07-23 06:00:00+00:00","0.137","0.0","0.0175152"
"2010-07-23 06:30:00+00:00","0.294","0.0","0.01956315"
"2010-07-23 07:00:00+00:00","0.178","0.0","0.0204549"
"2010-07-23 07:30:00+00:00","0.113","0.006","0.02221995"
"2010-07-23 08:00:00+00:00","0.401","0.038","0.028659"
"2010-07-23 08:30:00+00:00","0.269","0.063","0.0299751"
"2010-07-23 09:00:00+00:00","0.272","0.15","0.02174025"
"2010-07-23 09:30:00+00:00","0.162","0.119","0.0229764"
"2010-07-23 10:00:00+00:00","0.128","0.225","0.0203565"
"2010-07-23 10:30:00+00:00","0.171","0.375","0.0199014"
"2010-07-23 11:00:00+00:00","0.161","0.594","0.01866525"
"2010-07-23 11:30:00+00:00","0.107","0.756","0.0164205"
"2010-07-23 12:00:00+00:00","0.113","0.769","0.0165435"
"2010-07-23 12:30:00+00:00","0.084","0.769","0.0163221"
"2010-07-23 13:00:00+00:00","0.108","0.763","0.0162975"
"2010-07-23 13:30:00+00:00","0.079","0.713","0.01657425"
"2010-07-23 14:00:00+00:00","0.229","0.619","0.01625445"
"2010-07-23 14:30:00+00:00","0.115","0.431","0.0160515"
"2010-07-23 15:00:00+00:00","0.163","0.294","0.0156825"
"2010-07-23 15:30:00+00:00","0.153","0.081","0.0156825"
"2010-07-23 16:00:00+00:00","0.168","0.319","0.01583625"
"2010-07-23 16:30:00+00:00","0.304","0.031","0.01571325"
"2010-07-23 17:00:00+00:00","0.122","0.006","0.01642665"
"2010-07-23 17:30:00+00:00","0.097","0.0","0.0193971"
"2010-07-23 18:00:00+00:00","0.534","0.0","0.0259407"
"2010-07-23 18:30:00+00:00","1.172","0.0","0.0240957"
"2010-07-23 19:00:00+00:00","1.016","0.0","0.0220785"
"2010-07-23 19:30:00+00:00","0.118","0.0","0.0178719"
"2010-07-23 20:00:00+00:00","1.059","0.0","0.01931715"
"2010-07-23 20:30:00+00:00","1.063","0.0","0.02005515"
"2010-07-23 21:00:00+00:00","1.009","0.0","0.0207132"
"2010-07-23 21:30:00+00:00","0.163","0.0","0.02091615"
"2010-07-23 22:00:00+00:00","0.136","0.0","0.0172569"
"2010-07-23 22:30:00+00:00","0.11","0.0","0.03728745"
"2010-07-23 23:00:00+00:00","0.099","0.0","0.0230748"
"2010-07-23 23:30:00+00:00","0.123","0.0","0.0225336"
"2010-07-24 00:00:00+00:00","0.058","0.0","0.02106375"
"2010-07-24 00:30:00+00:00","0.142","0.0","0.02078085"
"2010-07-24 01:00:00+00:00","0.052","0.0","0.01838235"
"2010-07-24 01:30:00+00:00","0.141","0.0","0.01973535"
"2010-07-24 02:00:00+00:00","0.063","0.0","0.01993215"
"2010-07-24 02:30:00+00:00","0.114","0.0","0.0171954"
"2010-07-24 03:00:00+00:00","0.095","0.0","0.01588545"
"2010-07-24 03:30:00+00:00","0.098","0.0","0.0155595"
"2010-07-24 04:00:00+00:00","0.098","0.0","0.015621"
"2010-07-24 04:30:00+00:00","0.096","0.0","0.0155595"
"2010-07-24 05:00:00+00:00","0.094","0.0","0.0156825"
"2010-07-24 05:30:00+00:00","0.104","0.0","0.0156825"
"2010-07-24 06:00:00+00:00","0.075","0.0","0.0156825"
"2010-07-24 06:30:00+00:00","0.12","0.0","0.01565175"
"2010-07-24 07:00:00+00:00","0.179","0.0","0.0156825"
"2010-07-24 07:30:00+00:00","0.26","0.0","0.0156825"
"2010-07-24 08:00:00+00:00","0.1","0.019","0.01690635"
"2010-07-24 08:30:00+00:00","0.29","0.088","0.0192987"
"2010-07-24 09:00:00+00:00","0.321","0.163","0.0251904"
"2010-07-24 09:30:00+00:00","0.093","0.225","0.0301104"
"2010-07-24 10:00:00+00:00","0.095","0.631","0.02744745"
"2010-07-24 10:30:00+00:00","0.087","0.338","0.02390505"
"2010-07-24 11:00:00+00:00","0.394","0.438","0.02171565"
"2010-07-24 11:30:00+00:00","0.473","0.55","0.0199629"
"2010-07-24 12:00:00+00:00","0.146","0.619","0.01880055"
"2010-07-24 12:30:00+00:00","0.134","0.45","0.01881285"
"2010-07-24 13:00:00+00:00","0.074","0.7","0.0174537"
"2010-07-24 13:30:00+00:00","0.127","0.7","0.0158793"
"2010-07-24 14:00:00+00:00","0.072","0.606","0.01568865"
"2010-07-24 14:30:00+00:00","0.128","0.319","0.0156825"
"2010-07-24 15:00:00+00:00","0.075","0.381","0.0156825"
"2010-07-24 15:30:00+00:00","0.111","0.288","0.0156825"
"2010-07-24 16:00:00+00:00","0.158","0.088","0.0156825"
"2010-07-24 16:30:00+00:00","1.212","0.031","0.01568865"
"2010-07-24 17:00:00+00:00","0.334","0.0","0.01711545"
"2010-07-24 17:30:00+00:00","0.095","0.0","0.0187575"
"2010-07-24 18:00:00+00:00","0.435","0.0","0.02357295"
"2010-07-24 18:30:00+00:00","0.997","0.0","0.02958765"
"2010-07-24 19:00:00+00:00","1.066","0.0","0.0251166"
"2010-07-24 19:30:00+00:00","1.088","0.0","0.0190281"
"2010-07-24 20:00:00+00:00","1.226","0.0","0.01854225"
"2010-07-24 20:30:00+00:00","1.036","0.0","0.01817325"
"2010-07-24 21:00:00+00:00","0.151","0.0","0.01834545"
"2010-07-24 21:30:00+00:00","0.163","0.0","0.01771815"
"2010-07-24 22:00:00+00:00","0.078","0.0","0.0172077"
"2010-07-24 22:30:00+00:00","0.145","0.0","0.0179334"
"2010-07-24 23:00:00+00:00","0.91","0.006","0.0179334"
"2010-07-24 23:30:00+00:00","0.14","0.0","0.0179088"
"2010-07-25 00:00:00+00:00","0.063","0.0","0.01843155"
"2010-07-25 00:30:00+00:00","0.116","0.0","0.01785345"
"2010-07-25 01:00:00+00:00","0.089","0.0","0.0167649"
"2010-07-25 01:30:00+00:00","0.091","0.0","0.01851765"
"2010-07-25 02:00:00+00:00","0.109","0.0","0.0164574"
"2010-07-25 02:30:00+00:00","0.129","0.0","0.01529505"
"2010-07-25 03:00:00+00:00","0.117","0.0","0.0154365"
"2010-07-25 03:30:00+00:00","0.079","0.0","0.015621"
"2010-07-25 04:00:00+00:00","0.093","0.0","0.01513515"
"2010-07-25 04:30:00+00:00","0.102","0.0","0.01453245"
"2010-07-25 05:00:00+00:00","0.075","0.0","0.0144402"
"2010-07-25 05:30:00+00:00","0.111","0.0","0.0150183"
"2010-07-25 06:00:00+00:00","0.098","0.0","0.0152397"
"2010-07-25 06:30:00+00:00","0.162","0.0","0.0151413"
"2010-07-25 07:00:00+00:00","0.11","0.0","0.01490145"
"2010-07-25 07:30:00+00:00","0.168","0.038","0.01528275"
"2010-07-25 08:00:00+00:00","0.452","0.219","0.0156579"
"2010-07-25 08:30:00+00:00","0.078","0.363","0.01578705"
"2010-07-25 09:00:00+00:00","0.109","0.475","0.0156825"
"2010-07-25 09:30:00+00:00","0.065","0.563","0.01568865"
"2010-07-25 10:00:00+00:00","0.11","0.631","0.01568865"
"2010-07-25 10:30:00+00:00","0.07","0.35","0.01581165"
"2010-07-25 11:00:00+00:00","0.214","0.263","0.01568865"
"2010-07-25 11:30:00+00:00","0.088","0.656","0.015621"
"2010-07-25 12:00:00+00:00","0.492","0.688","0.0156825"
"2010-07-25 12:30:00+00:00","0.313","0.713","0.015621"
"2010-07-25 13:00:00+00:00","0.258","0.75","0.015621"
"2010-07-25 13:30:00+00:00","0.138","0.706","0.0156825"
"2010-07-25 14:00:00+00:00","0.116","0.563","0.01566405"
"2010-07-25 14:30:00+00:00","0.168","0.525","0.0156456"
"2010-07-25 15:00:00+00:00","0.134","0.263","0.0156825"
"2010-07-25 15:30:00+00:00","0.127","0.069","0.0156825"
"2010-07-25 16:00:00+00:00","0.163","0.019","0.0156825"
"2010-07-25 16:30:00+00:00","0.121","0.013","0.01568865"
"2010-07-25 17:00:00+00:00","0.175","0.0","0.01582395"
"2010-07-25 17:30:00+00:00","0.12","0.0","0.01875135"
"2010-07-25 18:00:00+00:00","0.219","0.0","0.02761965"
"2010-07-25 18:30:00+00:00","0.18","0.0","0.0523242"
"2010-07-25 19:00:00+00:00","1.095","0.0","0.043419"
"2010-07-25 19:30:00+00:00","0.607","0.0","0.02317935"
"2010-07-25 20:00:00+00:00","0.293","0.0","0.02123595"
"2010-07-25 20:30:00+00:00","1.104","0.0","0.02235525"
"2010-07-25 21:00:00+00:00","0.526","0.0","0.01974765"
"2010-07-25 21:30:00+00:00","0.169","0.0","0.01790265"
"2010-07-25 22:00:00+00:00","0.164","0.0","0.0167649"
"2010-07-25 22:30:00+00:00","0.062","0.0","0.01694325"
"2010-07-25 23:00:00+00:00","0.123","0.0","0.01608225"
"2010-07-25 23:30:00+00:00","0.069","0.0","0.01545495"
"2010-07-26 00:00:00+00:00","0.122","0.0","0.01568865"
"2010-07-26 00:30:00+00:00","0.074","0.0","0.0153381"
"2010-07-26 01:00:00+00:00","0.09","0.0","0.0156825"
"2010-07-26 01:30:00+00:00","0.097","0.0","0.0165927"
"2010-07-26 02:00:00+00:00","0.072","0.0","0.015621"
"2010-07-26 02:30:00+00:00","0.119","0.0","0.0155718"
"2010-07-26 03:00:00+00:00","0.069","0.0","0.015498"
"2010-07-26 03:30:00+00:00","0.112","0.0","0.0153504"
"2010-07-26 04:00:00+00:00","0.076","0.0","0.01367145"
"2010-07-26 04:30:00+00:00","0.097","0.0","0.0152889"
"2010-07-26 05:00:00+00:00","0.09","0.0","0.01566405"
"2010-07-26 05:30:00+00:00","0.084","0.0","0.0156948"
"2010-07-26 06:00:00+00:00","0.108","0.0","0.0161868"
"2010-07-26 06:30:00+00:00","0.097","0.0","0.0174537"
"2010-07-26 07:00:00+00:00","0.316","0.0","0.02028885"
"2010-07-26 07:30:00+00:00","0.094","0.006","0.01983375"
"2010-07-26 08:00:00+00:00","0.179","0.025","0.02710305"
"2010-07-26 08:30:00+00:00","0.105","0.075","0.0281547"
"2010-07-26 09:00:00+00:00","0.068","0.294","0.0236406"
"2010-07-26 09:30:00+00:00","0.119","0.463","0.021279"
"2010-07-26 10:00:00+00:00","0.288","0.644","0.01825935"
"2010-07-26 10:30:00+00:00","0.38","0.688","0.01934175"
"2010-07-26 11:00:00+00:00","0.088","0.769","0.02137125"
"2010-07-26 11:30:00+00:00","0.133","0.444","0.0202458"
"2010-07-26 12:00:00+00:00","0.146","0.744","0.01888665"
"2010-07-26 12:30:00+00:00","0.1","0.775","0.01872675"
"2010-07-26 13:00:00+00:00","0.196","0.738","0.01770585"
"2010-07-26 13:30:00+00:00","0.104","0.694","0.01625445"
"2010-07-26 14:00:00+00:00","0.19","0.663","0.01625445"
"2010-07-26 14:30:00+00:00","0.094","0.556","0.01630365"
"2010-07-26 15:00:00+00:00","0.255","0.494","0.01613145"
"2010-07-26 15:30:00+00:00","0.119","0.375","0.0160146"
"2010-07-26 16:00:00+00:00","0.132","0.163","0.0162606"
"2010-07-26 16:30:00+00:00","0.144","0.006","0.0167157"
"2010-07-26 17:00:00+00:00","0.165","0.0","0.0178104"
"2010-07-26 17:30:00+00:00","0.468","0.0","0.0215988"
"2010-07-26 18:00:00+00:00","1.16","0.0","0.04176465"
"2010-07-26 18:30:00+00:00","1.113","0.0","0.066666"
"2010-07-26 19:00:00+00:00","1.14","0.0","0.05363415"
"2010-07-26 19:30:00+00:00","1.105","0.0","0.0305286"
"2010-07-26 20:00:00+00:00","1.216","0.0","0.02589765"
"2010-07-26 20:30:00+00:00","0.63","0.0","0.0210207"
"2010-07-26 21:00:00+00:00","0.178","0.0","0.0183885"
"2010-07-26 21:30:00+00:00","0.11","0.0","0.017097"
"2010-07-26 22:00:00+00:00","0.113","0.0","0.01576245"
"2010-07-26 22:30:00+00:00","0.116","0.0","0.02055945"
"2010-07-26 23:00:00+00:00","0.109","0.0","0.01650045"
"2010-07-26 23:30:00+00:00","0.987","0.0","0.01672185"
"2010-07-27 00:00:00+00:00","0.099","0.0","0.01622985"
"2010-07-27 00:30:00+00:00","0.089","0.0","0.01652505"
"2010-07-27 01:00:00+00:00","0.108","0.0","0.0159285"
"2010-07-27 01:30:00+00:00","0.072","0.0","0.02154345"
"2010-07-27 02:00:00+00:00","0.116","0.0","0.0187452"
"2010-07-27 02:30:00+00:00","0.07","0.0","0.01669725"
"2010-07-27 03:00:00+00:00","0.125","0.0","0.0156825"
"2010-07-27 03:30:00+00:00","0.075","0.0","0.0156825"
"2010-07-27 04:00:00+00:00","0.111","0.0","0.01543035"
"2010-07-27 04:30:00+00:00","0.085","0.0","0.01381905"
"2010-07-27 05:00:00+00:00","0.094","0.0","0.01463085"
"2010-07-27 05:30:00+00:00","0.106","0.0","0.015744"
"2010-07-27 06:00:00+00:00","0.06","0.0","0.01732455"
"2010-07-27 06:30:00+00:00","0.13","0.0","0.01707855"
"2010-07-27 07:00:00+00:00","0.25","0.0","0.01907115"
"2010-07-27 07:30:00+00:00","0.212","0.0","0.01721385"
"2010-07-27 08:00:00+00:00","0.093","0.044","0.02139585"
"2010-07-27 08:30:00+00:00","0.301","0.169","0.0203073"
"2010-07-27 09:00:00+00:00","0.118","0.244","0.0180564"
"2010-07-27 09:30:00+00:00","0.13","0.444","0.01802565"
"2010-07-27 10:00:00+00:00","0.055","0.294","0.0171216"
"2010-07-27 10:30:00+00:00","0.143","0.45","0.0169002"
"2010-07-27 11:00:00+00:00","0.057","0.625","0.016236"
"2010-07-27 11:30:00+00:00","0.198","0.406","0.0157563"
"2010-07-27 12:00:00+00:00","0.067","0.563","0.0156579"
"2010-07-27 12:30:00+00:00","0.145","0.275","0.0156825"
"2010-07-27 13:00:00+00:00","0.337","0.269","0.0156825"
"2010-07-27 13:30:00+00:00","0.163","0.275","0.0156825"
"2010-07-27 14:00:00+00:00","0.131","0.131","0.0156825"
"2010-07-27 14:30:00+00:00","0.221","0.069","0.015621"
"2010-07-27 15:00:00+00:00","0.194","0.025","0.0156825"
"2010-07-27 15:30:00+00:00","0.281","0.044","0.0156825"
"2010-07-27 16:00:00+00:00","0.173","0.038","0.0156825"
"2010-07-27 16:30:00+00:00","0.135","0.013","0.01588545"
"2010-07-27 17:00:00+00:00","0.168","0.0","0.01595925"
"2010-07-27 17:30:00+00:00","1.188","0.0","0.01701705"
"2010-07-27 18:00:00+00:00","1.111","0.0","0.02151885"
"2010-07-27 18:30:00+00:00","1.218","0.0","0.0269001"
"2010-07-27 19:00:00+00:00","1.068","0.0","0.02181405"
"2010-07-27 19:30:00+00:00","1.269","0.0","0.0177981"
"2010-07-27 20:00:00+00:00","1.181","0.0","0.0179703"
"2010-07-27 20:30:00+00:00","0.765","0.0","0.0176259"
"2010-07-27 21:00:00+00:00","0.322","0.0","0.01696785"
"2010-07-27 21:30:00+00:00","0.093","0.0","0.01604535"
"2010-07-27 22:00:00+00:00","0.145","0.0","0.0156456"
"2010-07-27 22:30:00+00:00","0.084","0.0","0.0201474"
"2010-07-27 23:00:00+00:00","0.122","0.0","0.0159777"
"2010-07-27 23:30:00+00:00","0.08","0.0","0.01629135"
"2010-07-28 00:00:00+00:00","0.099","0.0","0.0164205"
"2010-07-28 00:30:00+00:00","0.095","0.0","0.016359"
"2010-07-28 01:00:00+00:00","0.096","0.0","0.01578705"
"2010-07-28 01:30:00+00:00","0.092","0.0","0.0195078"
"2010-07-28 02:00:00+00:00","0.097","0.0","0.0181917"
"2010-07-28 02:30:00+00:00","0.084","0.0","0.0162975"
"2010-07-28 03:00:00+00:00","0.113","0.0","0.01480305"
"2010-07-28 03:30:00+00:00","0.071","0.0","0.01325325"
"2010-07-28 04:00:00+00:00","0.124","0.0","0.0122754"
"2010-07-28 04:30:00+00:00","0.078","0.0","0.0120909"
"2010-07-28 05:00:00+00:00","0.114","0.006","0.0126936"
"2010-07-28 05:30:00+00:00","0.082","0.0","0.0149568"
"2010-07-28 06:00:00+00:00","0.261","0.0","0.01594695"
"2010-07-28 06:30:00+00:00","0.132","0.0","0.01609455"
"2010-07-28 07:00:00+00:00","0.075","0.0","0.0188928"
"2010-07-28 07:30:00+00:00","0.245","0.0","0.0159654"
"2010-07-28 08:00:00+00:00","0.138","0.006","0.0178719"
"2010-07-28 08:30:00+00:00","0.207","0.031","0.01967385"
"2010-07-28 09:00:00+00:00","0.23","0.056","0.018327"
"2010-07-28 09:30:00+00:00","0.138","0.038","0.01763205"
"2010-07-28 10:00:00+00:00","0.094","0.106","0.0173799"
"2010-07-28 10:30:00+00:00","0.091","0.069","0.0174291"
"2010-07-28 11:00:00+00:00","0.107","0.013","0.0170478"
"2010-07-28 11:30:00+00:00","0.077","0.031","0.0169371"
"2010-07-28 12:00:00+00:00","0.165","0.063","0.01727535"
"2010-07-28 12:30:00+00:00","0.309","0.05","0.01806255"
"2010-07-28 13:00:00+00:00","1.265","0.038","0.01648815"
"2010-07-28 13:30:00+00:00","1.017","0.044","0.0165558"
"2010-07-28 14:00:00+00:00","1.043","0.019","0.0160023"
"2010-07-28 14:30:00+00:00","1.187","0.0","0.01867755"
"2010-07-28 15:00:00+00:00","0.59","0.006","0.0180441"
"2010-07-28 15:30:00+00:00","1.083","0.0","0.01787805"
"2010-07-28 16:00:00+00:00","1.074","0.0","0.0188313"
"2010-07-28 16:30:00+00:00","1.118","0.0","0.0181302"
"2010-07-28 17:00:00+00:00","1.11","0.0","0.0185976"
"2010-07-28 17:30:00+00:00","1.08","0.0","0.0177981"
"2010-07-28 18:00:00+00:00","1.091","0.0","0.016974"
"2010-07-28 18:30:00+00:00","1.126","0.0","0.0162114"
"2010-07-28 19:00:00+00:00","1.213","0.0","0.01598385"
"2010-07-28 19:30:00+00:00","1.108","0.0","0.0179826"
"2010-07-28 20:00:00+00:00","0.189","0.0","0.0167403"
"2010-07-28 20:30:00+00:00","0.085","0.0","0.0169125"
"2010-07-28 21:00:00+00:00","0.147","0.0","0.0169002"
"2010-07-28 21:30:00+00:00","0.082","0.0","0.0156825"
"2010-07-28 22:00:00+00:00","0.099","0.006","0.0156825"
"2010-07-28 22:30:00+00:00","0.22","0.0","0.01706625"
"2010-07-28 23:00:00+00:00","0.839","0.0","0.01610685"
"2010-07-28 23:30:00+00:00","0.142","0.0","0.0156825"
"2010-07-29 00:00:00+00:00","0.065","0.0","0.0157932"
"2010-07-29 00:30:00+00:00","0.112","0.0","0.01576245"
"2010-07-29 01:00:00+00:00","0.096","0.0","0.01530735"
"2010-07-29 01:30:00+00:00","0.08","0.0","0.0195324"
"2010-07-29 02:00:00+00:00","0.128","0.0","0.01693095"
"2010-07-29 02:30:00+00:00","0.098","0.0","0.0155718"
"2010-07-29 03:00:00+00:00","0.177","0.0","0.01287195"
"2010-07-29 03:30:00+00:00","0.135","0.0","0.01138365"
"2010-07-29 04:00:00+00:00","0.144","0.0","0.0097416"
"2010-07-29 04:30:00+00:00","0.146","0.0","0.0081057"
"2010-07-29 05:00:00+00:00","0.143","0.0","0.01058415"
"2010-07-29 05:30:00+00:00","0.121","0.0","0.01300725"
"2010-07-29 06:00:00+00:00","0.162","0.0","0.01362225"
"2010-07-29 06:30:00+00:00","0.108","0.0","0.01540575"
"2010-07-29 07:00:00+00:00","0.35","0.0","0.01577475"
"2010-07-29 07:30:00+00:00","0.12","0.0","0.0156825"
"2010-07-29 08:00:00+00:00","0.254","0.05","0.01576245"
"2010-07-29 08:30:00+00:00","0.308","0.069","0.0156825"
"2010-07-29 09:00:00+00:00","0.148","0.206","0.0156825"
"2010-07-29 09:30:00+00:00","0.123","0.269","0.0156825"
"2010-07-29 10:00:00+00:00","0.084","0.206","0.0156825"
"2010-07-29 10:30:00+00:00","0.102","0.138","0.0156825"
"2010-07-29 11:00:00+00:00","0.085","0.131","0.0156825"
"2010-07-29 11:30:00+00:00","0.329","0.088","0.0156825"
"2010-07-29 12:00:00+00:00","1.046","0.056","0.01570095"
"2010-07-29 12:30:00+00:00","0.995","0.038","0.0156825"
"2010-07-29 13:00:00+00:00","0.804","0.075","0.0156579"
"2010-07-29 13:30:00+00:00","0.153","0.05","0.0156825"
"2010-07-29 14:00:00+00:00","0.118","0.025","0.0156825"
"2010-07-29 14:30:00+00:00","0.19","0.038","0.0156825"
"2010-07-29 15:00:00+00:00","0.095","0.006","0.0156702"
"2010-07-29 15:30:00+00:00","0.15","0.006","0.0156825"
"2010-07-29 16:00:00+00:00","0.069","0.006","0.0156825"
"2010-07-29 16:30:00+00:00","1.321","0.006","0.0156702"
"2010-07-29 17:00:00+00:00","1.036","0.0","0.0156825"
"2010-07-29 17:30:00+00:00","1.73","0.0","0.01609455"
"2010-07-29 18:00:00+00:00","2.115","0.0","0.0179949"
"2010-07-29 18:30:00+00:00","1.19","0.0","0.01866525"
"2010-07-29 19:00:00+00:00","1.237","0.0","0.0184254"
"2010-07-29 19:30:00+00:00","1.134","0.0","0.01669725"
"2010-07-29 20:00:00+00:00","1.129","0.0","0.0157932"
"2010-07-29 20:30:00+00:00","1.142","0.0","0.0161253"
"2010-07-29 21:00:00+00:00","0.227","0.0","0.0159531"
"2010-07-29 21:30:00+00:00","0.181","0.0","0.0156825"
"2010-07-29 22:00:00+00:00","0.097","0.0","0.0156702"
"2010-07-29 22:30:00+00:00","0.113","0.0","0.02673405"
"2010-07-29 23:00:00+00:00","0.109","0.0","0.0184131"
"2010-07-29 23:30:00+00:00","0.2","0.0","0.01614375"
"2010-07-30 00:00:00+00:00","0.851","0.0","0.01637745"
"2010-07-30 00:30:00+00:00","0.098","0.0","0.0156579"
"2010-07-30 01:00:00+00:00","0.091","0.0","0.0156825"
"2010-07-30 01:30:00+00:00","0.123","0.0","0.016482"
"2010-07-30 02:00:00+00:00","0.101","0.0","0.01533195"
"2010-07-30 02:30:00+00:00","0.074","0.0","0.0139236"
"2010-07-30 03:00:00+00:00","0.123","0.0","0.01198635"
"2010-07-30 03:30:00+00:00","0.077","0.0","0.012054"
"2010-07-30 04:00:00+00:00","0.116","0.0","0.0129642"
"2010-07-30 04:30:00+00:00","0.089","0.0","0.01320405"
"2010-07-30 05:00:00+00:00","0.072","0.0","0.0128781"
"2010-07-30 05:30:00+00:00","0.132","0.0","0.01452015"
"2010-07-30 06:00:00+00:00","0.054","0.0","0.0152397"
"2010-07-30 06:30:00+00:00","0.147","0.0","0.01614375"
"2010-07-30 07:00:00+00:00","0.233","0.0","0.01638975"
"2010-07-30 07:30:00+00:00","0.165","0.044","0.0157071"
"2010-07-30 08:00:00+00:00","0.184","0.125","0.0167157"
"2010-07-30 08:30:00+00:00","0.362","0.175","0.01758285"
"2010-07-30 09:00:00+00:00","0.314","0.5","0.0169494"
"2010-07-30 09:30:00+00:00","0.335","0.5","0.01688175"
"2010-07-30 10:00:00+00:00","0.117","0.531","0.0170109"
"2010-07-30 10:30:00+00:00","0.324","0.569","0.016359"
"2010-07-30 11:00:00+00:00","0.164","0.713","0.0165681"
"2010-07-30 11:30:00+00:00","0.161","0.769","0.0156333"
"2010-07-30 12:00:00+00:00","0.133","0.494","0.01614375"
"2010-07-30 12:30:00+00:00","0.091","0.413","0.0156825"
"2010-07-30 13:00:00+00:00","0.179","0.306","0.0156825"
"2010-07-30 13:30:00+00:00","0.175","0.406","0.0156825"
"2010-07-30 14:00:00+00:00","0.149","0.281","0.0159777"
"2010-07-30 14:30:00+00:00","0.177","0.219","0.01595925"
"2010-07-30 15:00:00+00:00","0.161","0.131","0.0156825"
"2010-07-30 15:30:00+00:00","0.237","0.094","0.0156333"
"2010-07-30 16:00:00+00:00","0.16","0.031","0.0156825"
"2010-07-30 16:30:00+00:00","0.423","0.006","0.0156825"
"2010-07-30 17:00:00+00:00","0.356","0.0","0.0156825"
"2010-07-30 17:30:00+00:00","0.22","0.0","0.015744"
"2010-07-30 18:00:00+00:00","0.311","0.0","0.0168633"
"2010-07-30 18:30:00+00:00","0.283","0.0","0.0157809"
"2010-07-30 19:00:00+00:00","0.183","0.0","0.0156579"
"2010-07-30 19:30:00+00:00","0.255","0.0","0.01543035"
"2010-07-30 20:00:00+00:00","1.31","0.0","0.0156579"
"2010-07-30 20:30:00+00:00","1.173","0.0","0.0155964"
"2010-07-30 21:00:00+00:00","0.496","0.0","0.0156825"
"2010-07-30 21:30:00+00:00","0.234","0.0","0.01563945"
"2010-07-30 22:00:00+00:00","0.148","0.0","0.01545495"
"2010-07-30 22:30:00+00:00","1.206","0.0","0.01934175"
"2010-07-30 23:00:00+00:00","0.175","0.0","0.0156087"
"2010-07-30 23:30:00+00:00","0.138","0.0","0.01614375"
"2010-07-31 00:00:00+00:00","0.107","0.0","0.01581165"
"2010-07-31 00:30:00+00:00","0.116","0.0","0.0150798"
"2010-07-31 01:00:00+00:00","0.125","0.0","0.01332705"
"2010-07-31 01:30:00+00:00","0.113","0.0","0.0142926"
"2010-07-31 02:00:00+00:00","0.096","0.0","0.01223235"
"2010-07-31 02:30:00+00:00","0.138","0.0","0.01161735"
"2010-07-31 03:00:00+00:00","0.073","0.0","0.01023975"
"2010-07-31 03:30:00+00:00","0.172","0.0","0.00983385"
"2010-07-31 04:00:00+00:00","0.08","0.0","0.00940335"
"2010-07-31 04:30:00+00:00","0.124","0.0","0.00737385"
"2010-07-31 05:00:00+00:00","0.116","0.0","0.0071586"
"2010-07-31 05:30:00+00:00","0.101","0.0","0.00770595"
"2010-07-31 06:00:00+00:00","0.139","0.0","0.0092496"
"2010-07-31 06:30:00+00:00","0.09","0.0","0.01041195"
"2010-07-31 07:00:00+00:00","0.124","0.0","0.01251525"
"2010-07-31 07:30:00+00:00","0.267","0.0","0.0122016"
"2010-07-31 08:00:00+00:00","0.121","0.0","0.01333935"
"2010-07-31 08:30:00+00:00","0.419","0.019","0.0154119"
"2010-07-31 09:00:00+00:00","0.264","0.019","0.01561485"
"2010-07-31 09:30:00+00:00","0.194","0.063","0.0156825"
"2010-07-31 10:00:00+00:00","0.077","0.063","0.0156825"
"2010-07-31 10:30:00+00:00","0.118","0.188","0.0156579"
"2010-07-31 11:00:00+00:00","0.133","0.713","0.01565175"
"2010-07-31 11:30:00+00:00","0.218","0.763","0.01536885"
"2010-07-31 12:00:00+00:00","0.144","0.569","0.01524585"
"2010-07-31 12:30:00+00:00","0.098","0.419","0.0150798"
"2010-07-31 13:00:00+00:00","0.369","0.713","0.01497525"
"2010-07-31 13:30:00+00:00","0.11","0.706","0.01512285"
"2010-07-31 14:00:00+00:00","0.235","0.694","0.0139236"
"2010-07-31 14:30:00+00:00","1.14","0.444","0.01417575"
"2010-07-31 15:00:00+00:00","0.831","0.469","0.0144279"
"2010-07-31 15:30:00+00:00","0.858","0.394","0.01420035"
"2010-07-31 16:00:00+00:00","0.98","0.281","0.01367145"
"2010-07-31 16:30:00+00:00","1.017","0.15","0.0140958"
"2010-07-31 17:00:00+00:00","0.632","0.025","0.0141942"
"2010-07-31 17:30:00+00:00","0.797","0.0","0.01540575"
"2010-07-31 18:00:00+00:00","1.732","0.0","0.016113"
"2010-07-31 18:30:00+00:00","1.059","0.0","0.0156825"
"2010-07-31 19:00:00+00:00","0.801","0.0","0.0156579"
"2010-07-31 19:30:00+00:00","0.517","0.0","0.0155226"
"2010-07-31 20:00:00+00:00","0.352","0.0","0.01543035"
"2010-07-31 20:30:00+00:00","0.434","0.0","0.015375"
"2010-07-31 21:00:00+00:00","0.315","0.0","0.0153381"
"2010-07-31 21:30:00+00:00","0.325","0.0","0.0153135"
"2010-07-31 22:00:00+00:00","1.028","0.0","0.01525815"
"2010-07-31 22:30:00+00:00","0.186","0.0","0.0150921"
"2010-07-31 23:00:00+00:00","0.134","0.0","0.0151536"
"2010-07-31 23:30:00+00:00","0.13","0.0","0.0150429"
"2010-08-01 00:00:00+00:00","0.126","0.0","0.01534425"
"2010-08-01 00:30:00+00:00","0.108","0.0","0.01549185"
"2010-08-01 01:00:00+00:00","0.135","0.0","0.0139728"
"2010-08-01 01:30:00+00:00","0.09","0.0","0.01509825"
"2010-08-01 02:00:00+00:00","0.133","0.0","0.0134316"
"2010-08-01 02:30:00+00:00","0.109","0.0","0.0112053"
"2010-08-01 03:00:00+00:00","0.122","0.0","0.0104181"
"2010-08-01 03:30:00+00:00","0.111","0.0","0.0084009"
"2010-08-01 04:00:00+00:00","0.129","0.0","0.01027665"
"2010-08-01 04:30:00+00:00","0.085","0.0","0.0088437"
"2010-08-01 05:00:00+00:00","0.118","0.0","0.0070971"
"2010-08-01 05:30:00+00:00","0.121","0.0","0.00733695"
"2010-08-01 06:00:00+00:00","0.081","0.0","0.0087699"
"2010-08-01 06:30:00+00:00","0.154","0.0","0.00923115"
"2010-08-01 07:00:00+00:00","0.078","0.0","0.0105534"
"2010-08-01 07:30:00+00:00","0.133","0.056","0.0086223"
"2010-08-01 08:00:00+00:00","0.118","0.238","0.0136284"
"2010-08-01 08:30:00+00:00","0.083","0.381","0.01509825"
"2010-08-01 09:00:00+00:00","0.493","0.494","0.01534425"
"2010-08-01 09:30:00+00:00","0.268","0.588","0.0154119"
"2010-08-01 10:00:00+00:00","0.324","0.663","0.01545495"
"2010-08-01 10:30:00+00:00","0.529","0.725","0.01536885"
"2010-08-01 11:00:00+00:00","0.261","0.775","0.01531965"
"2010-08-01 11:30:00+00:00","0.327","0.8","0.01513515"
"2010-08-01 12:00:00+00:00","0.108","0.806","0.01506135"
"2010-08-01 12:30:00+00:00","0.256","0.8","0.01477845"
"2010-08-01 13:00:00+00:00","1.248","0.775","0.01482765"
"2010-08-01 13:30:00+00:00","1.256","0.738","0.01468005"
"2010-08-01 14:00:00+00:00","0.573","0.681","0.01440945"
"2010-08-01 14:30:00+00:00","0.303","0.613","0.0143049"
"2010-08-01 15:00:00+00:00","0.67","0.519","0.0143418"
"2010-08-01 15:30:00+00:00","0.732","0.413","0.01438485"
"2010-08-01 16:00:00+00:00","0.336","0.288","0.01471695"
"2010-08-01 16:30:00+00:00","0.336","0.156","0.0150429"
"2010-08-01 17:00:00+00:00","0.175","0.025","0.01536885"
"2010-08-01 17:30:00+00:00","0.128","0.0","0.0169863"
"2010-08-01 18:00:00+00:00","0.237","0.0","0.0190035"
"2010-08-01 18:30:00+00:00","0.301","0.0","0.02497515"
"2010-08-01 19:00:00+00:00","0.394","0.0","0.0252765"
"2010-08-01 19:30:00+00:00","0.27","0.0","0.01729995"
"2010-08-01 20:00:00+00:00","0.222","0.0","0.01754595"
"2010-08-01 20:30:00+00:00","0.174","0.0","0.01779195"
"2010-08-01 21:00:00+00:00","0.304","0.0","0.01750905"
"2010-08-01 21:30:00+00:00","0.125","0.0","0.01618065"
"2010-08-01 22:00:00+00:00","0.141","0.0","0.01550415"
"2010-08-01 22:30:00+00:00","0.111","0.0","0.0158916"
"2010-08-01 23:00:00+00:00","0.107","0.0","0.0155595"
"2010-08-01 23:30:00+00:00","0.959","0.0","0.01517205"
"2010-08-02 00:00:00+00:00","0.12","0.0","0.01517205"
"2010-08-02 00:30:00+00:00","0.091","0.0","0.01480305"
"2010-08-02 01:00:00+00:00","0.108","0.0","0.01455705"
"2010-08-02 01:30:00+00:00","0.12","0.0","0.01529505"
"2010-08-02 02:00:00+00:00","0.09","0.0","0.01475385"
"2010-08-02 02:30:00+00:00","0.138","0.0","0.01386825"
"2010-08-02 03:00:00+00:00","0.07","0.0","0.012669"
"2010-08-02 03:30:00+00:00","0.139","0.0","0.0116604"
"2010-08-02 04:00:00+00:00","0.079","0.0","0.01091625"
"2010-08-02 04:30:00+00:00","0.108","0.0","0.0097416"
"2010-08-02 05:00:00+00:00","0.118","0.0","0.01059645"
"2010-08-02 05:30:00+00:00","0.073","0.0","0.01418805"
"2010-08-02 06:00:00+00:00","0.239","0.0","0.01528275"
"2010-08-02 06:30:00+00:00","0.53","0.0","0.01555335"
"2010-08-02 07:00:00+00:00","0.225","0.0","0.01696785"
"2010-08-02 07:30:00+00:00","0.122","0.063","0.0165927"
"2010-08-02 08:00:00+00:00","0.342","0.244","0.01875135"
"2010-08-02 08:30:00+00:00","0.12","0.419","0.0193233"
"2010-08-02 09:00:00+00:00","0.08","0.35","0.0170109"
"2010-08-02 09:30:00+00:00","0.106","0.606","0.01860375"
"2010-08-02 10:00:00+00:00","0.066","0.6","0.0181302"
"2010-08-02 10:30:00+00:00","0.418","0.269","0.01761975"
"2010-08-02 11:00:00+00:00","0.061","0.05","0.01808715"
"2010-08-02 11:30:00+00:00","0.131","0.169","0.0171216"
"2010-08-02 12:00:00+00:00","0.083","0.506","0.0166542"
"2010-08-02 12:30:00+00:00","0.114","0.706","0.0163713"
"2010-08-02 13:00:00+00:00","0.088","0.638","0.0162606"
"2010-08-02 13:30:00+00:00","0.075","0.694","0.0158424"
"2010-08-02 14:00:00+00:00","0.185","0.369","0.0156579"
"2010-08-02 14:30:00+00:00","0.24","0.388","0.0156333"
"2010-08-02 15:00:00+00:00","0.131","0.531","0.01570095"
"2010-08-02 15:30:00+00:00","0.121","0.425","0.0157071"
"2010-08-02 16:00:00+00:00","0.197","0.288","0.0160884"
"2010-08-02 16:30:00+00:00","0.252","0.15","0.016113"
"2010-08-02 17:00:00+00:00","0.433","0.013","0.01583625"
"2010-08-02 17:30:00+00:00","0.259","0.0","0.01855455"
"2010-08-02 18:00:00+00:00","0.2","0.0","0.02884965"
"2010-08-02 18:30:00+00:00","0.655","0.0","0.03556545"
"2010-08-02 19:00:00+00:00","1.103","0.0","0.03097755"
"2010-08-02 19:30:00+00:00","1.104","0.0","0.0168264"
"2010-08-02 20:00:00+00:00","1.153","0.0","0.0194955"
"2010-08-02 20:30:00+00:00","1.143","0.0","0.01753365"
"2010-08-02 21:00:00+00:00","0.403","0.0","0.0179088"
"2010-08-02 21:30:00+00:00","0.167","0.0","0.01698015"
"2010-08-02 22:00:00+00:00","0.097","0.0","0.01560255"
"2010-08-02 22:30:00+00:00","0.108","0.0","0.01967385"
"2010-08-02 23:00:00+00:00","0.088","0.0","0.0164205"
"2010-08-02 23:30:00+00:00","0.076","0.0","0.01609455"
"2010-08-03 00:00:00+00:00","0.117","0.0","0.0157563"
"2010-08-03 00:30:00+00:00","0.068","0.0","0.01573785"
"2010-08-03 01:00:00+00:00","0.123","0.0","0.0156825"
"2010-08-03 01:30:00+00:00","0.064","0.0","0.0177366"
"2010-08-03 02:00:00+00:00","0.155","0.0","0.0165804"
"2010-08-03 02:30:00+00:00","0.079","0.0","0.01559025"
"2010-08-03 03:00:00+00:00","0.106","0.0","0.0156333"
"2010-08-03 03:30:00+00:00","0.081","0.0","0.0156333"
"2010-08-03 04:00:00+00:00","0.085","0.0","0.0148953"
"2010-08-03 04:30:00+00:00","0.102","0.0","0.01508595"
"2010-08-03 05:00:00+00:00","0.089","0.0","0.01539345"
"2010-08-03 05:30:00+00:00","0.101","0.0","0.0156579"
"2010-08-03 06:00:00+00:00","0.079","0.0","0.0164205"
"2010-08-03 06:30:00+00:00","0.096","0.0","0.0174045"
"2010-08-03 07:00:00+00:00","0.249","0.0","0.0196923"
"2010-08-03 07:30:00+00:00","0.107","0.0","0.01926795"
"2010-08-03 08:00:00+00:00","0.403","0.0","0.0257316"
"2010-08-03 08:30:00+00:00","0.466","0.0","0.0273306"
"2010-08-03 09:00:00+00:00","0.183","0.031","0.02167875"
"2010-08-03 09:30:00+00:00","0.08","0.169","0.0209592"
"2010-08-03 10:00:00+00:00","0.074","0.144","0.02038725"
"2010-08-03 10:30:00+00:00","1.349","0.25","0.0222015"
"2010-08-03 11:00:00+00:00","1.655","0.413","0.0202212"
"2010-08-03 11:30:00+00:00","1.103","0.375","0.0195939"
"2010-08-03 12:00:00+00:00","1.101","0.325","0.0183885"
"2010-08-03 12:30:00+00:00","1.351","0.431","0.01761975"
"2010-08-03 13:00:00+00:00","1.068","0.156","0.016605"
"2010-08-03 13:30:00+00:00","0.835","0.525","0.016851"
"2010-08-03 14:00:00+00:00","0.253","0.456","0.01647585"
"2010-08-03 14:30:00+00:00","0.147","0.638","0.0161253"
"2010-08-03 15:00:00+00:00","0.16","0.325","0.01620525"
"2010-08-03 15:30:00+00:00","0.148","0.369","0.0156579"
"2010-08-03 16:00:00+00:00","0.766","0.2","0.01618065"
"2010-08-03 16:30:00+00:00","1.141","0.106","0.01630365"
"2010-08-03 17:00:00+00:00","1.101","0.019","0.01572555"
"2010-08-03 17:30:00+00:00","1.278","0.0","0.0160515"
"2010-08-03 18:00:00+00:00","1.044","0.0","0.020172"
"2010-08-03 18:30:00+00:00","1.135","0.0","0.0249567"
"2010-08-03 19:00:00+00:00","1.119","0.0","0.0209961"
"2010-08-03 19:30:00+00:00","1.137","0.0","0.01673415"
"2010-08-03 20:00:00+00:00","1.123","0.0","0.0187698"
"2010-08-03 20:30:00+00:00","0.242","0.0","0.01771815"
"2010-08-03 21:00:00+00:00","0.139","0.0","0.0175644"
"2010-08-03 21:30:00+00:00","0.095","0.0","0.0168018"
"2010-08-03 22:00:00+00:00","0.151","0.0","0.0155349"
"2010-08-03 22:30:00+00:00","0.068","0.0","0.0181671"
"2010-08-03 23:00:00+00:00","0.143","0.0","0.016482"
"2010-08-03 23:30:00+00:00","0.054","0.0","0.016236"
"2010-08-04 00:00:00+00:00","0.121","0.0","0.01583625"
"2010-08-04 00:30:00+00:00","0.07","0.0","0.01605765"
"2010-08-04 01:00:00+00:00","0.095","0.0","0.0156333"
"2010-08-04 01:30:00+00:00","0.101","0.0","0.015867"
"2010-08-04 02:00:00+00:00","0.069","0.0","0.01560255"
"2010-08-04 02:30:00+00:00","0.12","0.0","0.0155226"
"2010-08-04 03:00:00+00:00","0.07","0.0","0.01346235"
"2010-08-04 03:30:00+00:00","0.124","0.0","0.01233075"
"2010-08-04 04:00:00+00:00","0.058","0.0","0.0121893"
"2010-08-04 04:30:00+00:00","0.125","0.0","0.01230615"
"2010-08-04 05:00:00+00:00","0.065","0.0","0.01230615"
"2010-08-04 05:30:00+00:00","0.361","0.0","0.0149814"
"2010-08-04 06:00:00+00:00","0.189","0.0","0.0157194"
"2010-08-04 06:30:00+00:00","0.144","0.0","0.0164451"
"2010-08-04 07:00:00+00:00","0.153","0.0","0.0177243"
"2010-08-04 07:30:00+00:00","0.156","0.081","0.016236"
"2010-08-04 08:00:00+00:00","0.353","0.269","0.0178965"
"2010-08-04 08:30:00+00:00","0.371","0.394","0.0173184"
"2010-08-04 09:00:00+00:00","0.401","0.506","0.0165312"
"2010-08-04 09:30:00+00:00","0.208","0.594","0.01579935"
"2010-08-04 10:00:00+00:00","0.153","0.675","0.01567635"
"2010-08-04 10:30:00+00:00","0.131","0.719","0.0156825"
"2010-08-04 11:00:00+00:00","0.133","0.769","0.0156825"
"2010-08-04 11:30:00+00:00","0.113","0.781","0.0157071"
"2010-08-04 12:00:00+00:00","0.078","0.731","0.0156825"
"2010-08-04 12:30:00+00:00","0.096","0.756","0.0156825"
"2010-08-04 13:00:00+00:00","0.096","0.613","0.0156825"
"2010-08-04 13:30:00+00:00","0.182","0.744","0.0156825"
"2010-08-04 14:00:00+00:00","0.261","0.594","0.0156579"
"2010-08-04 14:30:00+00:00","0.105","0.625","0.01567635"
"2010-08-04 15:00:00+00:00","0.182","0.481","0.01547955"
"2010-08-04 15:30:00+00:00","0.074","0.413","0.01538115"
"2010-08-04 16:00:00+00:00","0.193","0.288","0.01545495"
"2010-08-04 16:30:00+00:00","0.107","0.163","0.01568865"
"2010-08-04 17:00:00+00:00","0.211","0.038","0.01560255"
"2010-08-04 17:30:00+00:00","0.253","0.0","0.0160392"
"2010-08-04 18:00:00+00:00","0.609","0.0","0.0173307"
"2010-08-04 18:30:00+00:00","0.214","0.0","0.01780425"
"2010-08-04 19:00:00+00:00","0.517","0.0","0.0177735"
"2010-08-04 19:30:00+00:00","1.213","0.0","0.017466"
"2010-08-04 20:00:00+00:00","1.079","0.0","0.016974"
"2010-08-04 20:30:00+00:00","0.228","0.0","0.01685715"
"2010-08-04 21:00:00+00:00","0.119","0.0","0.01622985"
"2010-08-04 21:30:00+00:00","0.098","0.0","0.0155841"
"2010-08-04 22:00:00+00:00","0.138","0.0","0.015621"
"2010-08-04 22:30:00+00:00","0.565","0.0","0.0221031"
"2010-08-04 23:00:00+00:00","0.509","0.0","0.01640205"
"2010-08-04 23:30:00+00:00","0.06","0.0","0.0158178"
"2010-08-05 00:00:00+00:00","0.13","0.0","0.01592235"
"2010-08-05 00:30:00+00:00","0.067","0.0","0.0156825"
"2010-08-05 01:00:00+00:00","0.12","0.0","0.0156825"
"2010-08-05 01:30:00+00:00","0.089","0.0","0.0167526"
"2010-08-05 02:00:00+00:00","0.082","0.0","0.0156702"
"2010-08-05 02:30:00+00:00","0.113","0.0","0.0156333"
"2010-08-05 03:00:00+00:00","0.058","0.0","0.015375"
"2010-08-05 03:30:00+00:00","0.136","0.0","0.01437255"
"2010-08-05 04:00:00+00:00","0.056","0.0","0.01368375"
"2010-08-05 04:30:00+00:00","0.128","0.0","0.01224465"
"2010-08-05 05:00:00+00:00","0.054","0.0","0.01244145"
"2010-08-05 05:30:00+00:00","0.121","0.0","0.0149691"
"2010-08-05 06:00:00+00:00","0.07","0.0","0.01595925"
"2010-08-05 06:30:00+00:00","0.165","0.0","0.0171708"
"2010-08-05 07:00:00+00:00","0.124","0.0","0.017466"
"2010-08-05 07:30:00+00:00","0.12","0.0","0.0170601"
"2010-08-05 08:00:00+00:00","0.349","0.194","0.0239481"
"2010-08-05 08:30:00+00:00","0.144","0.45","0.02822235"
"2010-08-05 09:00:00+00:00","0.094","0.444","0.02005515"
"2010-08-05 09:30:00+00:00","0.117","0.606","0.018819"
"2010-08-05 10:00:00+00:00","0.075","0.438","0.0173061"
"2010-08-05 10:30:00+00:00","0.127","0.769","0.0165189"
"2010-08-05 11:00:00+00:00","0.072","0.781","0.0158178"
"2010-08-05 11:30:00+00:00","0.141","0.806","0.01565175"
"2010-08-05 12:00:00+00:00","0.066","0.813","0.0156825"
"2010-08-05 12:30:00+00:00","0.145","0.769","0.0156825"
"2010-08-05 13:00:00+00:00","0.071","0.8","0.0156825"
"2010-08-05 13:30:00+00:00","0.135","0.756","0.0157194"
"2010-08-05 14:00:00+00:00","0.072","0.706","0.0156948"
"2010-08-05 14:30:00+00:00","0.13","0.619","0.0156825"
"2010-08-05 15:00:00+00:00","0.088","0.531","0.0156825"
"2010-08-05 15:30:00+00:00","0.166","0.463","0.0156825"
"2010-08-05 16:00:00+00:00","0.307","0.325","0.0156825"
"2010-08-05 16:30:00+00:00","0.17","0.2","0.0156579"
"2010-08-05 17:00:00+00:00","0.279","0.031","0.01568865"
"2010-08-05 17:30:00+00:00","0.25","0.0","0.0158916"
"2010-08-05 18:00:00+00:00","0.484","0.0","0.02324085"
"2010-08-05 18:30:00+00:00","0.401","0.0","0.0339234"
"2010-08-05 19:00:00+00:00","0.234","0.0","0.03562695"
"2010-08-05 19:30:00+00:00","0.333","0.0","0.0244032"
"2010-08-05 20:00:00+00:00","0.285","0.0","0.02249055"
"2010-08-05 20:30:00+00:00","0.262","0.0","0.02848065"
"2010-08-05 21:00:00+00:00","0.156","0.0","0.03059625"
"2010-08-05 21:30:00+00:00","0.351","0.0","0.01870215"
"2010-08-05 22:00:00+00:00","0.116","0.0","0.01668495"
"2010-08-05 22:30:00+00:00","0.145","0.0","0.0275766"
"2010-08-05 23:00:00+00:00","0.101","0.0","0.01801335"
"2010-08-05 23:30:00+00:00","0.091","0.0","0.01775505"
"2010-08-06 00:00:00+00:00","0.627","0.0","0.01600845"
"2010-08-06 00:30:00+00:00","0.443","0.0","0.0163221"
"2010-08-06 01:00:00+00:00","0.137","0.0","0.0157071"
"2010-08-06 01:30:00+00:00","0.072","0.0","0.0187575"
"2010-08-06 02:00:00+00:00","0.116","0.0","0.0166665"
"2010-08-06 02:30:00+00:00","0.085","0.0","0.0155349"
"2010-08-06 03:00:00+00:00","0.092","0.0","0.0145017"
"2010-08-06 03:30:00+00:00","0.104","0.0","0.0142557"
"2010-08-06 04:00:00+00:00","0.074","0.0","0.01225695"
"2010-08-06 04:30:00+00:00","0.105","0.0","0.01230615"
"2010-08-06 05:00:00+00:00","0.077","0.0","0.01262595"
"2010-08-06 05:30:00+00:00","0.108","0.0","0.0155718"
"2010-08-06 06:00:00+00:00","0.083","0.0","0.0162237"
"2010-08-06 06:30:00+00:00","0.161","0.0","0.01670955"
"2010-08-06 07:00:00+00:00","0.378","0.0","0.02485215"
"2010-08-06 07:30:00+00:00","0.284","0.069","0.01663575"
"2010-08-06 08:00:00+00:00","0.182","0.256","0.01650045"
"2010-08-06 08:30:00+00:00","0.104","0.4","0.0192987"
"2010-08-06 09:00:00+00:00","0.067","0.519","0.02865285"
"2010-08-06 09:30:00+00:00","0.094","0.606","0.0276258"
"2010-08-06 10:00:00+00:00","0.083","0.688","0.01977225"
"2010-08-06 10:30:00+00:00","0.081","0.744","0.0193479"
"2010-08-06 11:00:00+00:00","0.094","0.781","0.01789035"
"2010-08-06 11:30:00+00:00","0.092","0.8","0.01714005"
"2010-08-06 12:00:00+00:00","0.087","0.806","0.01608225"
"2010-08-06 12:30:00+00:00","0.265","0.8","0.0156825"
"2010-08-06 13:00:00+00:00","0.736","0.781","0.0156825"
"2010-08-06 13:30:00+00:00","0.139","0.738","0.0156825"
"2010-08-06 14:00:00+00:00","0.087","0.681","0.01586085"
"2010-08-06 14:30:00+00:00","0.115","0.613","0.0157194"
"2010-08-06 15:00:00+00:00","0.082","0.525","0.0156825"
"2010-08-06 15:30:00+00:00","0.185","0.413","0.0156825"
"2010-08-06 16:00:00+00:00","0.13","0.306","0.0156825"
"2010-08-06 16:30:00+00:00","0.179","0.156","0.0156825"
"2010-08-06 17:00:00+00:00","0.349","0.031","0.0156456"
"2010-08-06 17:30:00+00:00","0.216","0.0","0.0262113"
"2010-08-06 18:00:00+00:00","0.199","0.0","0.0596919"
"2010-08-06 18:30:00+00:00","1.124","0.0","0.05170305"
"2010-08-06 19:00:00+00:00","1.128","0.0","0.0414387"
"2010-08-06 19:30:00+00:00","1.114","0.0","0.0234192"
"2010-08-06 20:00:00+00:00","1.582","0.0","0.0288558"
"2010-08-06 20:30:00+00:00","1.034","0.0","0.0230871"
"2010-08-06 21:00:00+00:00","0.268","0.0","0.0212052"
"2010-08-06 21:30:00+00:00","0.078","0.0","0.018696"
"2010-08-06 22:00:00+00:00","0.143","0.0","0.01723845"
"2010-08-06 22:30:00+00:00","0.087","0.0","0.04463055"
"2010-08-06 23:00:00+00:00","0.101","0.0","0.03330225"
"2010-08-06 23:30:00+00:00","0.096","0.0","0.0303441"
"2010-08-07 00:00:00+00:00","0.07","0.0","0.0227796"
"2010-08-07 00:30:00+00:00","0.123","0.0","0.0199506"
"2010-08-07 01:00:00+00:00","0.053","0.0","0.01664805"
"2010-08-07 01:30:00+00:00","0.131","0.0","0.0192864"
"2010-08-07 02:00:00+00:00","0.061","0.0","0.01627905"
"2010-08-07 02:30:00+00:00","0.123","0.0","0.0156333"
"2010-08-07 03:00:00+00:00","0.055","0.0","0.01549185"
"2010-08-07 03:30:00+00:00","0.109","0.0","0.01541805"
"2010-08-07 04:00:00+00:00","0.076","0.006","0.01193715"
"2010-08-07 04:30:00+00:00","0.087","0.0","0.01274895"
"2010-08-07 05:00:00+00:00","0.092","0.0","0.01230615"
"2010-08-07 05:30:00+00:00","0.1","0.0","0.0131733"
"2010-08-07 06:00:00+00:00","0.1","0.0","0.01488915"
"2010-08-07 06:30:00+00:00","0.104","0.0","0.01530735"
"2010-08-07 07:00:00+00:00","0.091","0.0","0.0156579"
"2010-08-07 07:30:00+00:00","0.299","0.056","0.01715235"
"2010-08-07 08:00:00+00:00","0.34","0.25","0.0256578"
"2010-08-07 08:30:00+00:00","0.322","0.4","0.0430377"
"2010-08-07 09:00:00+00:00","0.652","0.519","0.0460512"
"2010-08-07 09:30:00+00:00","0.407","0.619","0.05586045"
"2010-08-07 10:00:00+00:00","0.091","0.688","0.0372567"
"2010-08-07 10:30:00+00:00","0.086","0.744","0.02829"
"2010-08-07 11:00:00+00:00","0.087","0.788","0.02737365"
"2010-08-07 11:30:00+00:00","0.08","0.8","0.0156825"
"2010-08-07 12:00:00+00:00","0.104","0.813","0.0156825"
"2010-08-07 12:30:00+00:00","0.06","0.806","0.0156825"
"2010-08-07 13:00:00+00:00","0.119","0.788","0.0156087"
"2010-08-07 13:30:00+00:00","0.051","0.75","0.0156825"
"2010-08-07 14:00:00+00:00","0.137","0.688","0.01550415"
"2010-08-07 14:30:00+00:00","0.043","0.625","0.01538115"
"2010-08-07 15:00:00+00:00","0.139","0.531","0.01538115"
"2010-08-07 15:30:00+00:00","0.05","0.425","0.01543035"
"2010-08-07 16:00:00+00:00","0.127","0.3","0.01545495"
"2010-08-07 16:30:00+00:00","0.053","0.138","0.0159654"
"2010-08-07 17:00:00+00:00","0.105","0.031","0.0191265"
"2010-08-07 17:30:00+00:00","0.078","0.0","0.02871435"
"2010-08-07 18:00:00+00:00","0.093","0.0","0.0503685"
"2010-08-07 18:30:00+00:00","0.087","0.0","0.05578665"
"2010-08-07 19:00:00+00:00","0.091","0.0","0.03504885"
"2010-08-07 19:30:00+00:00","0.083","0.0","0.0237636"
"2010-08-07 20:00:00+00:00","0.096","0.0","0.02508585"
"2010-08-07 20:30:00+00:00","0.066","0.0","0.02689395"
"2010-08-07 21:00:00+00:00","0.109","0.0","0.0244524"
"2010-08-07 21:30:00+00:00","0.044","0.0","0.0270354"
"2010-08-07 22:00:00+00:00","0.13","0.0","0.02123595"
"2010-08-07 22:30:00+00:00","0.049","0.0","0.0282285"
"2010-08-07 23:00:00+00:00","0.122","0.0","0.0193602"
"2010-08-07 23:30:00+00:00","0.049","0.0","0.01843155"
"2010-08-08 00:00:00+00:00","0.112","0.0","0.01691865"
"2010-08-08 00:30:00+00:00","0.058","0.0","0.01759515"
"2010-08-08 01:00:00+00:00","0.091","0.0","0.01638975"
"2010-08-08 01:30:00+00:00","0.085","0.0","0.01668495"
"2010-08-08 02:00:00+00:00","0.08","0.0","0.01557795"
"2010-08-08 02:30:00+00:00","0.088","0.0","0.01364685"
"2010-08-08 03:00:00+00:00","0.089","0.0","0.01234305"
"2010-08-08 03:30:00+00:00","0.08","0.0","0.01234305"
"2010-08-08 04:00:00+00:00","0.095","0.0","0.00999375"
"2010-08-08 04:30:00+00:00","0.057","0.0","0.0098277"
"2010-08-08 05:00:00+00:00","0.109","0.0","0.01230615"
"2010-08-08 05:30:00+00:00","0.051","0.0","0.01230615"
"2010-08-08 06:00:00+00:00","0.107","0.0","0.0124353"
"2010-08-08 06:30:00+00:00","0.058","0.0","0.01244145"
"2010-08-08 07:00:00+00:00","0.097","0.006","0.01331475"
"2010-08-08 07:30:00+00:00","0.065","0.075","0.01444635"
"2010-08-08 08:00:00+00:00","0.079","0.188","0.01578705"
"2010-08-08 08:30:00+00:00","0.085","0.356","0.0188928"
"2010-08-08 09:00:00+00:00","0.05","0.531","0.01781655"
"2010-08-08 09:30:00+00:00","0.115","0.519","0.02561475"
"2010-08-08 10:00:00+00:00","0.049","0.669","0.02221995"
"2010-08-08 10:30:00+00:00","0.123","0.725","0.019434"
"2010-08-08 11:00:00+00:00","0.05","0.756","0.01645125"
"2010-08-08 11:30:00+00:00","0.128","0.731","0.01555335"
"2010-08-08 12:00:00+00:00","0.048","0.794","0.01567635"
"2010-08-08 12:30:00+00:00","0.105","0.75","0.015621"
"2010-08-08 13:00:00+00:00","0.083","0.731","0.01550415"
"2010-08-08 13:30:00+00:00","0.075","0.725","0.01540575"
"2010-08-08 14:00:00+00:00","0.105","0.669","0.01538115"
"2010-08-08 14:30:00+00:00","0.079","0.594","0.01538115"
"2010-08-08 15:00:00+00:00","0.107","0.513","0.0152643"
"2010-08-08 15:30:00+00:00","0.069","0.406","0.0152643"
"2010-08-08 16:00:00+00:00","0.104","0.288","0.01538115"
"2010-08-08 16:30:00+00:00","0.08","0.15","0.0155595"
"2010-08-08 17:00:00+00:00","0.083","0.025","0.0156825"
"2010-08-08 17:30:00+00:00","0.096","0.0","0.0171339"
"2010-08-08 18:00:00+00:00","0.084","0.0","0.03004275"
"2010-08-08 18:30:00+00:00","0.094","0.0","0.05544225"
"2010-08-08 19:00:00+00:00","0.081","0.0","0.05245335"
"2010-08-08 19:30:00+00:00","0.08","0.0","0.0364695"
"2010-08-08 20:00:00+00:00","0.102","0.0","0.0370845"
"2010-08-08 20:30:00+00:00","0.51","0.0","0.0453009"
"2010-08-08 21:00:00+00:00","1.082","0.0","0.0464694"
"2010-08-08 21:30:00+00:00","0.213","0.0","0.03528255"
"2010-08-08 22:00:00+00:00","0.172","0.0","0.0188682"
"2010-08-08 22:30:00+00:00","0.062","0.0","0.01806255"
"2010-08-08 23:00:00+00:00","0.131","0.0","0.0158055"
"2010-08-08 23:30:00+00:00","0.058","0.0","0.0165312"
"2010-08-09 00:00:00+00:00","0.129","0.0","0.01562715"
"2010-08-09 00:30:00+00:00","0.062","0.0","0.0156948"
"2010-08-09 01:00:00+00:00","0.104","0.0","0.01555335"
"2010-08-09 01:30:00+00:00","0.081","0.0","0.01718925"
"2010-08-09 02:00:00+00:00","0.095","0.0","0.01630365"
"2010-08-09 02:30:00+00:00","0.098","0.0","0.0156825"
"2010-08-09 03:00:00+00:00","0.093","0.0","0.0153996"
"2010-08-09 03:30:00+00:00","0.102","0.0","0.0143418"
"2010-08-09 04:00:00+00:00","0.084","0.0","0.01395435"
"2010-08-09 04:30:00+00:00","0.091","0.0","0.01389285"
"2010-08-09 05:00:00+00:00","0.094","0.0","0.0141327"
"2010-08-09 05:30:00+00:00","0.082","0.0","0.01536885"
"2010-08-09 06:00:00+00:00","0.105","0.0","0.01552875"
"2010-08-09 06:30:00+00:00","0.083","0.0","0.0170724"
"2010-08-09 07:00:00+00:00","0.125","0.0","0.01994445"
"2010-08-09 07:30:00+00:00","0.25","0.069","0.0169986"
"2010-08-09 08:00:00+00:00","0.158","0.281","0.0275397"
"2010-08-09 08:30:00+00:00","0.079","0.419","0.0281055"
"2010-08-09 09:00:00+00:00","0.13","0.538","0.02068245"
"2010-08-09 09:30:00+00:00","0.081","0.613","0.0214635"
"2010-08-09 10:00:00+00:00","0.117","0.675","0.0222015"
"2010-08-09 10:30:00+00:00","0.116","0.725","0.0191142"
"2010-08-09 11:00:00+00:00","0.268","0.763","0.01651275"
"2010-08-09 11:30:00+00:00","0.169","0.781","0.01567635"
"2010-08-09 12:00:00+00:00","0.099","0.788","0.01554105"
"2010-08-09 12:30:00+00:00","0.101","0.781","0.01583625"
"2010-08-09 13:00:00+00:00","0.086","0.763","0.0155349"
"2010-08-09 13:30:00+00:00","0.351","0.719","0.0161499"
"2010-08-09 14:00:00+00:00","0.174","0.663","0.01552875"
"2010-08-09 14:30:00+00:00","0.138","0.594","0.01552875"
"2010-08-09 15:00:00+00:00","0.156","0.506","0.01552875"
"2010-08-09 15:30:00+00:00","0.128","0.406","0.01552875"
"2010-08-09 16:00:00+00:00","0.258","0.294","0.01552875"
"2010-08-09 16:30:00+00:00","0.106","0.163","0.01552875"
"2010-08-09 17:00:00+00:00","0.107","0.044","0.01448325"
"2010-08-09 17:30:00+00:00","0.238","0.0","0.0149322"
"2010-08-09 18:00:00+00:00","0.149","0.0","0.0159654"
"2010-08-09 18:30:00+00:00","0.255","0.0","0.0187206"
"2010-08-09 19:00:00+00:00","0.119","0.0","0.01707855"
"2010-08-09 19:30:00+00:00","0.312","0.0","0.01566405"
"2010-08-09 20:00:00+00:00","1.104","0.0","0.01554105"
"2010-08-09 20:30:00+00:00","1.058","0.0","0.03003045"
"2010-08-09 21:00:00+00:00","1.056","0.0","0.02642655"
"2010-08-09 21:30:00+00:00","1.115","0.0","0.01985835"
"2010-08-09 22:00:00+00:00","0.393","0.0","0.0164943"
"2010-08-09 22:30:00+00:00","0.141","0.0","0.0283638"
"2010-08-09 23:00:00+00:00","0.169","0.0","0.0158055"
"2010-08-09 23:30:00+00:00","0.077","0.0","0.0163221"
"2010-08-10 00:00:00+00:00","0.117","0.0","0.01552875"
"2010-08-10 00:30:00+00:00","0.082","0.0","0.01552875"
"2010-08-10 01:00:00+00:00","0.103","0.0","0.01552875"
"2010-08-10 01:30:00+00:00","0.086","0.0","0.0173676"
"2010-08-10 02:00:00+00:00","0.098","0.0","0.01552875"
"2010-08-10 02:30:00+00:00","0.108","0.0","0.01586085"
"2010-08-10 03:00:00+00:00","0.067","0.0","0.01552875"
"2010-08-10 03:30:00+00:00","0.124","0.0","0.0137637"
"2010-08-10 04:00:00+00:00","0.061","0.0","0.01247835"
"2010-08-10 04:30:00+00:00","0.106","0.0","0.01230615"
"2010-08-10 05:00:00+00:00","0.093","0.0","0.01281045"
"2010-08-10 05:30:00+00:00","0.074","0.0","0.0153135"
"2010-08-10 06:00:00+00:00","0.138","0.0","0.01552875"
"2010-08-10 06:30:00+00:00","0.081","0.0","0.01550415"
"2010-08-10 07:00:00+00:00","0.14","0.0","0.0183147"
"2010-08-10 07:30:00+00:00","0.097","0.0","0.01589775"
"2010-08-10 08:00:00+00:00","0.112","0.0","0.01950165"
"2010-08-10 08:30:00+00:00","0.432","0.006","0.002370147"
"2010-08-10 09:00:00+00:00","0.61","0.019","0.0021705501"
"2010-08-10 09:30:00+00:00","0.444","0.044","0.01549185"
"2010-08-10 10:00:00+00:00","0.082","0.113","0.02023965"
"2010-08-10 10:30:00+00:00","1.173","0.1","0.0199137"
"2010-08-10 11:00:00+00:00","1.226","0.119","0.0227304"
"2010-08-10 11:30:00+00:00","1.232","0.056","0.01982145"
"2010-08-10 12:00:00+00:00","1.07","0.019","0.02020275"
"2010-08-10 12:30:00+00:00","1.332","0.038","0.02006745"
"2010-08-10 13:00:00+00:00","1.087","0.063","0.0202581"
"2010-08-10 13:30:00+00:00","1.037","0.088","0.020295"
"2010-08-10 14:00:00+00:00","1.096","0.044","0.01991985"
"2010-08-10 14:30:00+00:00","1.019","0.025","0.0181671"
"2010-08-10 15:00:00+00:00","1.105","0.038","0.01613145"
"2010-08-10 15:30:00+00:00","1.049","0.013","0.0156456"
"2010-08-10 16:00:00+00:00","1.199","0.013","0.0161376"
"2010-08-10 16:30:00+00:00","1.023","0.013","0.015744"
"2010-08-10 17:00:00+00:00","0.134","0.019","0.0158301"
"2010-08-10 17:30:00+00:00","0.714","0.006","0.01753365"
"2010-08-10 18:00:00+00:00","1.035","0.0","0.02581155"
"2010-08-10 18:30:00+00:00","1.111","0.0","0.0265803"
"2010-08-10 19:00:00+00:00","1.193","0.0","0.02577465"
"2010-08-10 19:30:00+00:00","1.092","0.0","0.01731225"
"2010-08-10 20:00:00+00:00","0.255","0.0","0.01559025"
"2010-08-10 20:30:00+00:00","0.113","0.0","0.0175521"
"2010-08-10 21:00:00+00:00","0.147","0.0","0.0167403"
"2010-08-10 21:30:00+00:00","0.087","0.0","0.01604535"
"2010-08-10 22:00:00+00:00","0.134","0.0","0.01552875"
"2010-08-10 22:30:00+00:00","0.069","0.0","0.01668495"
"2010-08-10 23:00:00+00:00","0.12","0.0","0.01550415"
"2010-08-10 23:30:00+00:00","0.087","0.0","0.01552875"
"2010-08-11 00:00:00+00:00","0.07","0.0","0.01583625"
"2010-08-11 00:30:00+00:00","0.115","0.0","0.01658655"
"2010-08-11 01:00:00+00:00","0.052","0.0","0.01552875"
"2010-08-11 01:30:00+00:00","0.132","0.0","0.01849305"
"2010-08-11 02:00:00+00:00","0.072","0.0","0.0157071"
"2010-08-11 02:30:00+00:00","0.11","0.0","0.01552875"
"2010-08-11 03:00:00+00:00","0.09","0.0","0.0144033"
"2010-08-11 03:30:00+00:00","0.073","0.0","0.0128412"
"2010-08-11 04:00:00+00:00","0.113","0.0","0.0123246"
"2010-08-11 04:30:00+00:00","0.054","0.0","0.01370835"
"2010-08-11 05:00:00+00:00","0.133","0.0","0.01433565"
"2010-08-11 05:30:00+00:00","0.071","0.0","0.01544265"
"2010-08-11 06:00:00+00:00","0.114","0.0","0.01583625"
"2010-08-11 06:30:00+00:00","0.134","0.0","0.01629135"
"2010-08-11 07:00:00+00:00","0.3","0.0","0.01840695"
"2010-08-11 07:30:00+00:00","0.175","0.013","0.0159408"
"2010-08-11 08:00:00+00:00","0.12","0.038","0.01859145"
"2010-08-11 08:30:00+00:00","0.159","0.081","0.0181302"
"2010-08-11 09:00:00+00:00","0.236","0.169","0.01677105"
"2010-08-11 09:30:00+00:00","0.132","0.188","0.0160392"
"2010-08-11 10:00:00+00:00","0.392","0.244","0.016974"
"2010-08-11 10:30:00+00:00","0.258","0.263","0.01743525"
"2010-08-11 11:00:00+00:00","0.217","0.375","0.01589775"
"2010-08-11 11:30:00+00:00","0.126","0.469","0.0156825"
"2010-08-11 12:00:00+00:00","0.076","0.35","0.0156825"
"2010-08-11 12:30:00+00:00","0.132","0.781","0.01575015"
"2010-08-11 13:00:00+00:00","0.27","0.731","0.0156825"
"2010-08-11 13:30:00+00:00","0.109","0.738","0.0156825"
"2010-08-11 14:00:00+00:00","0.178","0.65","0.0156456"
"2010-08-11 14:30:00+00:00","0.122","0.631","0.0156825"
"2010-08-11 15:00:00+00:00","0.146","0.606","0.0156825"
"2010-08-11 15:30:00+00:00","0.216","0.381","0.0156825"
"2010-08-11 16:00:00+00:00","0.141","0.194","0.0156825"
"2010-08-11 16:30:00+00:00","0.699","0.15","0.0156825"
"2010-08-11 17:00:00+00:00","1.071","0.038","0.01570095"
"2010-08-11 17:30:00+00:00","0.763","0.0","0.01679565"
"2010-08-11 18:00:00+00:00","0.619","0.0","0.03416325"
"2010-08-11 18:30:00+00:00","0.155","0.0","0.0479577"
"2010-08-11 19:00:00+00:00","0.162","0.0","0.0371583"
"2010-08-11 19:30:00+00:00","0.92","0.0","0.02138355"
"2010-08-11 20:00:00+00:00","1.334","0.0","0.02007975"
"2010-08-11 20:30:00+00:00","1.058","0.0","0.0206517"
"2010-08-11 21:00:00+00:00","0.206","0.0","0.01952625"
"2010-08-11 21:30:00+00:00","0.171","0.0","0.01747215"
"2010-08-11 22:00:00+00:00","0.129","0.0","0.0156579"
"2010-08-11 22:30:00+00:00","0.078","0.0","0.01645125"
"2010-08-11 23:00:00+00:00","0.088","0.0","0.0156333"
"2010-08-11 23:30:00+00:00","0.13","0.0","0.0157932"
"2010-08-12 00:00:00+00:00","0.921","0.0","0.0156087"
"2010-08-12 00:30:00+00:00","0.118","0.0","0.0156702"
"2010-08-12 01:00:00+00:00","0.089","0.0","0.01557795"
"2010-08-12 01:30:00+00:00","0.08","0.0","0.0160269"
"2010-08-12 02:00:00+00:00","0.111","0.0","0.01562715"
"2010-08-12 02:30:00+00:00","0.084","0.0","0.01583625"
"2010-08-12 03:00:00+00:00","0.092","0.0","0.0154365"
"2010-08-12 03:30:00+00:00","0.09","0.0","0.01432335"
"2010-08-12 04:00:00+00:00","0.125","0.0","0.0123123"
"2010-08-12 04:30:00+00:00","0.054","0.0","0.0123984"
"2010-08-12 05:00:00+00:00","0.11","0.0","0.01230615"
"2010-08-12 05:30:00+00:00","0.095","0.0","0.0148953"
"2010-08-12 06:00:00+00:00","0.078","0.0","0.0155103"
"2010-08-12 06:30:00+00:00","0.174","0.0","0.0155841"
"2010-08-12 07:00:00+00:00","0.099","0.0","0.01679565"
"2010-08-12 07:30:00+00:00","0.144","0.025","0.0159654"
"2010-08-12 08:00:00+00:00","0.431","0.05","0.01728765"
"2010-08-12 08:30:00+00:00","0.134","0.156","0.01819785"
"2010-08-12 09:00:00+00:00","0.155","0.4","0.0156702"
"2010-08-12 09:30:00+00:00","0.113","0.65","0.0156825"
"2010-08-12 10:00:00+00:00","0.114","0.631","0.01589775"
"2010-08-12 10:30:00+00:00","0.093","0.831","0.0158424"
"2010-08-12 11:00:00+00:00","0.096","0.775","0.0156948"
"2010-08-12 11:30:00+00:00","0.105","0.825","0.0156948"
"2010-08-12 12:00:00+00:00","0.085","0.506","0.0156579"
"2010-08-12 12:30:00+00:00","0.114","0.644","0.0159039"
"2010-08-12 13:00:00+00:00","0.084","0.413","0.0156825"
"2010-08-12 13:30:00+00:00","0.115","0.588","0.0159777"
"2010-08-12 14:00:00+00:00","0.093","0.644","0.0156825"
"2010-08-12 14:30:00+00:00","0.093","0.3","0.0156579"
"2010-08-12 15:00:00+00:00","0.107","0.213","0.0156825"
"2010-08-12 15:30:00+00:00","0.087","0.15","0.0156825"
"2010-08-12 16:00:00+00:00","0.288","0.05","0.01621755"
"2010-08-12 16:30:00+00:00","0.18","0.013","0.0156825"
"2010-08-12 17:00:00+00:00","0.683","0.0","0.01570095"
"2010-08-12 17:30:00+00:00","1.122","0.0","0.01563945"
"2010-08-12 18:00:00+00:00","1.404","0.0","0.03561465"
"2010-08-12 18:30:00+00:00","0.353","0.0","0.0379824"
"2010-08-12 19:00:00+00:00","0.153","0.0","0.03317925"
"2010-08-12 19:30:00+00:00","0.366","0.0","0.0357684"
"2010-08-12 20:00:00+00:00","0.349","0.0","0.02664795"
"2010-08-12 20:30:00+00:00","0.254","0.0","0.02745975"
"2010-08-12 21:00:00+00:00","0.242","0.0","0.02354835"
"2010-08-12 21:30:00+00:00","0.273","0.0","0.0189174"
"2010-08-12 22:00:00+00:00","0.267","0.0","0.01560255"
"2010-08-12 22:30:00+00:00","0.108","0.0","0.0178227"
"2010-08-12 23:00:00+00:00","0.14","0.0","0.0162483"
"2010-08-12 23:30:00+00:00","0.112","0.006","0.01570095"
"2010-08-13 00:00:00+00:00","0.114","0.0","0.0165189"
"2010-08-13 00:30:00+00:00","0.416","0.0","0.0156825"
"2010-08-13 01:00:00+00:00","0.654","0.0","0.0156825"
"2010-08-13 01:30:00+00:00","0.104","0.0","0.01672185"
"2010-08-13 02:00:00+00:00","0.103","0.0","0.0156825"
"2010-08-13 02:30:00+00:00","0.102","0.0","0.01690635"
"2010-08-13 03:00:00+00:00","0.101","0.0","0.0156825"
"2010-08-13 03:30:00+00:00","0.113","0.0","0.0156456"
"2010-08-13 04:00:00+00:00","0.094","0.0","0.01433565"
"2010-08-13 04:30:00+00:00","0.128","0.0","0.014883"
"2010-08-13 05:00:00+00:00","0.07","0.0","0.01549185"
"2010-08-13 05:30:00+00:00","0.123","0.0","0.0155349"
"2010-08-13 06:00:00+00:00","0.083","0.0","0.0161376"
"2010-08-13 06:30:00+00:00","0.099","0.0","0.01584855"
"2010-08-13 07:00:00+00:00","0.141","0.0","0.01797645"
"2010-08-13 07:30:00+00:00","0.089","0.056","0.0157932"
"2010-08-13 08:00:00+00:00","0.154","0.269","0.0178596"
"2010-08-13 08:30:00+00:00","0.058","0.419","0.0195939"
"2010-08-13 09:00:00+00:00","0.295","0.531","0.01621755"
"2010-08-13 09:30:00+00:00","0.129","0.631","0.01608225"
"2010-08-13 10:00:00+00:00","0.301","0.7","0.0156825"
"2010-08-13 10:30:00+00:00","0.287","0.756","0.01577475"
"2010-08-13 11:00:00+00:00","0.155","0.788","0.015621"
"2010-08-13 11:30:00+00:00","0.146","0.613","0.01568865"
"2010-08-13 12:00:00+00:00","0.08","0.525","0.0156825"
"2010-08-13 12:30:00+00:00","0.128","0.663","0.0156825"
"2010-08-13 13:00:00+00:00","0.092","0.706","0.0156825"
"2010-08-13 13:30:00+00:00","0.118","0.419","0.0156825"
"2010-08-13 14:00:00+00:00","0.111","0.469","0.01567635"
"2010-08-13 14:30:00+00:00","0.089","0.6","0.01560255"
"2010-08-13 15:00:00+00:00","0.202","0.519","0.01543035"
"2010-08-13 15:30:00+00:00","0.09","0.431","0.01538115"
"2010-08-13 16:00:00+00:00","0.141","0.256","0.01543035"
"2010-08-13 16:30:00+00:00","0.142","0.175","0.0154488"
"2010-08-13 17:00:00+00:00","0.19","0.038","0.01561485"
"2010-08-13 17:30:00+00:00","0.12","0.0","0.01645125"
"2010-08-13 18:00:00+00:00","0.69","0.0","0.0170478"
"2010-08-13 18:30:00+00:00","1.109","0.0","0.01690635"
"2010-08-13 19:00:00+00:00","1.223","0.0","0.0166542"
"2010-08-13 19:30:00+00:00","1.112","0.0","0.0155472"
"2010-08-13 20:00:00+00:00","1.171","0.0","0.01560255"
"2010-08-13 20:30:00+00:00","1.13","0.0","0.0156825"
"2010-08-13 21:00:00+00:00","0.309","0.0","0.01592235"
"2010-08-13 21:30:00+00:00","0.151","0.0","0.0156825"
"2010-08-13 22:00:00+00:00","0.099","0.0","0.01561485"
"2010-08-13 22:30:00+00:00","0.174","0.0","0.01635285"
"2010-08-13 23:00:00+00:00","0.064","0.0","0.0157563"
"2010-08-13 23:30:00+00:00","0.146","0.0","0.01673415"
"2010-08-14 00:00:00+00:00","0.078","0.0","0.01613145"
"2010-08-14 00:30:00+00:00","0.102","0.0","0.01545495"
"2010-08-14 01:00:00+00:00","0.106","0.0","0.01538115"
"2010-08-14 01:30:00+00:00","0.083","0.0","0.01540575"
"2010-08-14 02:00:00+00:00","0.121","0.0","0.0143541"
"2010-08-14 02:30:00+00:00","0.072","0.0","0.0124107"
"2010-08-14 03:00:00+00:00","0.124","0.0","0.01153125"
"2010-08-14 03:30:00+00:00","0.072","0.0","0.01003065"
"2010-08-14 04:00:00+00:00","0.236","0.0","0.0079335"
"2010-08-14 04:30:00+00:00","0.114","0.0","0.00722625"
"2010-08-14 05:00:00+00:00","0.077","0.0","0.0083886"
"2010-08-14 05:30:00+00:00","0.333","0.0","0.01155585"
"2010-08-14 06:00:00+00:00","0.068","0.0","0.012546"
"2010-08-14 06:30:00+00:00","0.142","0.0","0.01247835"
"2010-08-14 07:00:00+00:00","0.074","0.0","0.0133086"
"2010-08-14 07:30:00+00:00","0.14","0.075","0.014637"
"2010-08-14 08:00:00+00:00","0.24","0.313","0.0152151"
"2010-08-14 08:30:00+00:00","0.462","0.444","0.01560255"
"2010-08-14 09:00:00+00:00","0.194","0.544","0.0156702"
"2010-08-14 09:30:00+00:00","0.094","0.631","0.01589775"
"2010-08-14 10:00:00+00:00","0.103","0.706","0.0156333"
"2010-08-14 10:30:00+00:00","0.063","0.769","0.0154611"
"2010-08-14 11:00:00+00:00","0.12","0.813","0.01552875"
"2010-08-14 11:30:00+00:00","0.066","0.825","0.01540575"
"2010-08-14 12:00:00+00:00","0.179","0.838","0.01538115"
"2010-08-14 12:30:00+00:00","0.263","0.831","0.01533195"
"2010-08-14 13:00:00+00:00","0.112","0.806","0.01413885"
"2010-08-14 13:30:00+00:00","0.167","0.775","0.0128043"
"2010-08-14 14:00:00+00:00","0.086","0.7","0.012792"
"2010-08-14 14:30:00+00:00","0.119","0.638","0.01247835"
"2010-08-14 15:00:00+00:00","0.1","0.55","0.0123861"
"2010-08-14 15:30:00+00:00","0.104","0.438","0.01262595"
"2010-08-14 16:00:00+00:00","0.101","0.325","0.0137391"
"2010-08-14 16:30:00+00:00","0.114","0.188","0.01481535"
"2010-08-14 17:00:00+00:00","0.084","0.038","0.0146739"
"2010-08-14 17:30:00+00:00","0.13","0.0","0.01545495"
"2010-08-14 18:00:00+00:00","0.217","0.0","0.01588545"
"2010-08-14 18:30:00+00:00","0.485","0.0","0.0156825"
"2010-08-14 19:00:00+00:00","0.533","0.0","0.0156825"
"2010-08-14 19:30:00+00:00","0.423","0.0","0.01560255"
"2010-08-14 20:00:00+00:00","0.291","0.0","0.0156456"
"2010-08-14 20:30:00+00:00","0.323","0.0","0.01565175"
"2010-08-14 21:00:00+00:00","0.273","0.0","0.01552875"
"2010-08-14 21:30:00+00:00","0.334","0.0","0.01543035"
"2010-08-14 22:00:00+00:00","0.379","0.0","0.01539345"
"2010-08-14 22:30:00+00:00","0.294","0.0","0.0152274"
"2010-08-14 23:00:00+00:00","0.747","0.006","0.0143541"
"2010-08-14 23:30:00+00:00","0.589","0.0","0.014391"
"2010-08-15 00:00:00+00:00","0.16","0.0","0.01385595"
"2010-08-15 00:30:00+00:00","0.099","0.0","0.01256445"
"2010-08-15 01:00:00+00:00","0.113","0.0","0.01224465"
"2010-08-15 01:30:00+00:00","0.102","0.0","0.0124845"
"2010-08-15 02:00:00+00:00","0.146","0.0","0.01001835"
"2010-08-15 02:30:00+00:00","0.065","0.0","0.0083271"
"2010-08-15 03:00:00+00:00","0.128","0.0","0.00753375"
"2010-08-15 03:30:00+00:00","0.083","0.0","0.0089913"
"2010-08-15 04:00:00+00:00","0.089","0.0","0.0070848"
"2010-08-15 04:30:00+00:00","0.097","0.0","0.00678345"
"2010-08-15 05:00:00+00:00","0.106","0.0","0.0061131"
"2010-08-15 05:30:00+00:00","0.08","0.0","0.0070971"
"2010-08-15 06:00:00+00:00","0.097","0.0","0.0076014"
"2010-08-15 06:30:00+00:00","0.106","0.0","0.00782895"
"2010-08-15 07:00:00+00:00","0.068","0.0","0.0098154"
"2010-08-15 07:30:00+00:00","0.146","0.038","0.01148205"
"2010-08-15 08:00:00+00:00","0.081","0.075","0.01251525"
"2010-08-15 08:30:00+00:00","0.129","0.031","0.0133824"
"2010-08-15 09:00:00+00:00","0.204","0.038","0.0145386"
"2010-08-15 09:30:00+00:00","0.121","0.319","0.01524585"
"2010-08-15 10:00:00+00:00","0.09","0.675","0.01493835"
"2010-08-15 10:30:00+00:00","0.119","0.769","0.0148707"
"2010-08-15 11:00:00+00:00","0.138","0.8","0.01438485"
"2010-08-15 11:30:00+00:00","0.083","0.831","0.0145509"
"2010-08-15 12:00:00+00:00","0.127","0.169","0.0146616"
"2010-08-15 12:30:00+00:00","0.065","0.338","0.0150183"
"2010-08-15 13:00:00+00:00","0.155","0.306","0.0153627"
"2010-08-15 13:30:00+00:00","0.116","0.825","0.0149199"
"2010-08-15 14:00:00+00:00","0.14","0.713","0.0144402"
"2010-08-15 14:30:00+00:00","0.304","0.644","0.0128412"
"2010-08-15 15:00:00+00:00","0.224","0.469","0.01412655"
"2010-08-15 15:30:00+00:00","0.197","0.431","0.01429875"
"2010-08-15 16:00:00+00:00","0.171","0.319","0.0145509"
"2010-08-15 16:30:00+00:00","0.224","0.181","0.01517205"
"2010-08-15 17:00:00+00:00","0.157","0.044","0.0152397"
"2010-08-15 17:30:00+00:00","0.256","0.0","0.0155841"
"2010-08-15 18:00:00+00:00","1.019","0.0","0.0166419"
"2010-08-15 18:30:00+00:00","1.151","0.0","0.01686945"
"2010-08-15 19:00:00+00:00","1.116","0.0","0.01726305"
"2010-08-15 19:30:00+00:00","1.258","0.0","0.01570095"
"2010-08-15 20:00:00+00:00","1.196","0.0","0.0161499"
"2010-08-15 20:30:00+00:00","1.134","0.0","0.01631595"
"2010-08-15 21:00:00+00:00","1.172","0.0","0.01613145"
"2010-08-15 21:30:00+00:00","1.136","0.0","0.0156333"
"2010-08-15 22:00:00+00:00","0.725","0.0","0.01550415"
"2010-08-15 22:30:00+00:00","0.144","0.0","0.01540575"
"2010-08-15 23:00:00+00:00","0.139","0.0","0.0152397"
"2010-08-15 23:30:00+00:00","0.138","0.0","0.01490145"
"2010-08-16 00:00:00+00:00","0.146","0.0","0.0146001"
"2010-08-16 00:30:00+00:00","0.137","0.0","0.01347465"
"2010-08-16 01:00:00+00:00","0.139","0.0","0.0125214"
"2010-08-16 01:30:00+00:00","0.156","0.0","0.0140958"
"2010-08-16 02:00:00+00:00","0.123","0.0","0.01252755"
"2010-08-16 02:30:00+00:00","0.178","0.0","0.01206015"
"2010-08-16 03:00:00+00:00","0.098","0.0","0.0093111"
"2010-08-16 03:30:00+00:00","0.173","0.0","0.0087699"
"2010-08-16 04:00:00+00:00","0.12","0.0","0.00758295"
"2010-08-16 04:30:00+00:00","0.143","0.0","0.00900975"
"2010-08-16 05:00:00+00:00","0.155","0.0","0.0107748"
"2010-08-16 05:30:00+00:00","0.106","0.0","0.01244145"
"2010-08-16 06:00:00+00:00","0.172","0.0","0.013161"
"2010-08-16 06:30:00+00:00","0.128","0.0","0.01480305"
"2010-08-16 07:00:00+00:00","0.183","0.0","0.0153996"
"2010-08-16 07:30:00+00:00","0.301","0.063","0.01549185"
"2010-08-16 08:00:00+00:00","0.178","0.3","0.0157194"
"2010-08-16 08:30:00+00:00","0.114","0.431","0.0156825"
"2010-08-16 09:00:00+00:00","0.105","0.55","0.0156825"
"2010-08-16 09:30:00+00:00","0.094","0.588","0.0156825"
"2010-08-16 10:00:00+00:00","0.13","0.738","0.0156825"
"2010-08-16 10:30:00+00:00","0.163","0.781","0.0156825"
"2010-08-16 11:00:00+00:00","0.076","0.838","0.0156825"
"2010-08-16 11:30:00+00:00","0.11","0.85","0.0156825"
"2010-08-16 12:00:00+00:00","0.09","0.856","0.0156825"
"2010-08-16 12:30:00+00:00","0.1","0.831","0.0156825"
"2010-08-16 13:00:00+00:00","0.101","0.819","0.0156825"
"2010-08-16 13:30:00+00:00","0.084","0.788","0.0156825"
"2010-08-16 14:00:00+00:00","0.11","0.725","0.0156825"
"2010-08-16 14:30:00+00:00","0.071","0.656","0.0156825"
"2010-08-16 15:00:00+00:00","0.122","0.556","0.0156825"
"2010-08-16 15:30:00+00:00","0.198","0.45","0.01556565"
"2010-08-16 16:00:00+00:00","0.134","0.331","0.01555335"
"2010-08-16 16:30:00+00:00","0.117","0.2","0.0156702"
"2010-08-16 17:00:00+00:00","0.181","0.044","0.0156825"
"2010-08-16 17:30:00+00:00","0.13","0.0","0.0162606"
"2010-08-16 18:00:00+00:00","0.196","0.0","0.017097"
"2010-08-16 18:30:00+00:00","0.276","0.0","0.02426175"
"2010-08-16 19:00:00+00:00","0.156","0.0","0.0289173"
"2010-08-16 19:30:00+00:00","0.786","0.0","0.01734915"
"2010-08-16 20:00:00+00:00","1.141","0.0","0.01599"
"2010-08-16 20:30:00+00:00","0.999","0.0","0.0167034"
"2010-08-16 21:00:00+00:00","0.142","0.0","0.0156579"
"2010-08-16 21:30:00+00:00","0.14","0.0","0.0156456"
"2010-08-16 22:00:00+00:00","0.12","0.0","0.0155964"
"2010-08-16 22:30:00+00:00","0.103","0.0","0.01722615"
"2010-08-16 23:00:00+00:00","0.089","0.0","0.01561485"
"2010-08-16 23:30:00+00:00","0.109","0.0","0.01570095"
"2010-08-17 00:00:00+00:00","0.947","0.0","0.01572555"
"2010-08-17 00:30:00+00:00","0.106","0.0","0.0163221"
"2010-08-17 01:00:00+00:00","0.074","0.0","0.0156825"
"2010-08-17 01:30:00+00:00","0.087","0.0","0.0176013"
"2010-08-17 02:00:00+00:00","0.119","0.0","0.0156456"
"2010-08-17 02:30:00+00:00","0.063","0.0","0.0156333"
"2010-08-17 03:00:00+00:00","0.126","0.0","0.0146247"
"2010-08-17 03:30:00+00:00","0.058","0.0","0.01491375"
"2010-08-17 04:00:00+00:00","0.122","0.0","0.01498755"
"2010-08-17 04:30:00+00:00","0.083","0.0","0.01421265"
"2010-08-17 05:00:00+00:00","0.127","0.0","0.0148953"
"2010-08-17 05:30:00+00:00","0.108","0.0","0.0155103"
"2010-08-17 06:00:00+00:00","0.088","0.0","0.01573785"
"2010-08-17 06:30:00+00:00","0.222","0.0","0.01611915"
"2010-08-17 07:00:00+00:00","0.199","0.0","0.0166788"
"2010-08-17 07:30:00+00:00","0.104","0.075","0.0162114"
"2010-08-17 08:00:00+00:00","0.129","0.3","0.02007975"
"2010-08-17 08:30:00+00:00","0.319","0.456","0.0186714"
"2010-08-17 09:00:00+00:00","0.1","0.519","0.0164328"
"2010-08-17 09:30:00+00:00","0.121","0.606","0.0162114"
"2010-08-17 10:00:00+00:00","0.064","0.769","0.0156825"
"2010-08-17 10:30:00+00:00","0.12","0.719","0.01568865"
"2010-08-17 11:00:00+00:00","0.063","0.819","0.0156825"
"2010-08-17 11:30:00+00:00","0.186","0.838","0.0156825"
"2010-08-17 12:00:00+00:00","0.113","0.838","0.0156825"
"2010-08-17 12:30:00+00:00","0.111","0.825","0.0156825"
"2010-08-17 13:00:00+00:00","0.359","0.794","0.0156825"
"2010-08-17 13:30:00+00:00","0.089","0.738","0.0156948"
"2010-08-17 14:00:00+00:00","0.135","0.713","0.0156825"
"2010-08-17 14:30:00+00:00","0.155","0.638","0.0156702"
"2010-08-17 15:00:00+00:00","0.116","0.513","0.0156825"
"2010-08-17 15:30:00+00:00","0.113","0.431","0.0156333"
"2010-08-17 16:00:00+00:00","0.101","0.325","0.0156333"
"2010-08-17 16:30:00+00:00","0.367","0.188","0.0156825"
"2010-08-17 17:00:00+00:00","0.14","0.019","0.0157686"
"2010-08-17 17:30:00+00:00","0.166","0.006","0.01588545"
"2010-08-17 18:00:00+00:00","0.206","0.0","0.02049795"
"2010-08-17 18:30:00+00:00","0.224","0.0","0.0284499"
"2010-08-17 19:00:00+00:00","0.949","0.0","0.03001815"
"2010-08-17 19:30:00+00:00","1.064","0.0","0.02017815"
"2010-08-17 20:00:00+00:00","0.949","0.0","0.0198768"
"2010-08-17 20:30:00+00:00","0.153","0.0","0.0189666"
"2010-08-17 21:00:00+00:00","0.163","0.0","0.0171585"
"2010-08-17 21:30:00+00:00","0.102","0.0","0.0157071"
"2010-08-17 22:00:00+00:00","0.135","0.0","0.01554105"
"2010-08-17 22:30:00+00:00","0.1","0.0","0.01638975"
"2010-08-17 23:00:00+00:00","0.12","0.0","0.0155472"
"2010-08-17 23:30:00+00:00","0.09","0.0","0.0157809"
"2010-08-18 00:00:00+00:00","0.127","0.0","0.0156702"
"2010-08-18 00:30:00+00:00","0.086","0.0","0.0161499"
"2010-08-18 01:00:00+00:00","0.095","0.0","0.01556565"
"2010-08-18 01:30:00+00:00","0.108","0.0","0.01624215"
"2010-08-18 02:00:00+00:00","0.052","0.0","0.0155103"
"2010-08-18 02:30:00+00:00","0.116","0.0","0.0143295"
"2010-08-18 03:00:00+00:00","0.083","0.0","0.01251525"
"2010-08-18 03:30:00+00:00","0.087","0.0","0.01255215"
"2010-08-18 04:00:00+00:00","0.084","0.0","0.00991995"
"2010-08-18 04:30:00+00:00","0.11","0.0","0.0097908"
"2010-08-18 05:00:00+00:00","0.058","0.0","0.0124476"
"2010-08-18 05:30:00+00:00","0.118","0.0","0.01476615"
"2010-08-18 06:00:00+00:00","0.229","0.0","0.01598385"
"2010-08-18 06:30:00+00:00","0.129","0.0","0.01606995"
"2010-08-18 07:00:00+00:00","0.114","0.0","0.01688175"
"2010-08-18 07:30:00+00:00","0.078","0.05","0.01593465"
"2010-08-18 08:00:00+00:00","0.114","0.238","0.0211929"
"2010-08-18 08:30:00+00:00","0.188","0.4","0.02159265"
"2010-08-18 09:00:00+00:00","0.162","0.531","0.01682025"
"2010-08-18 09:30:00+00:00","0.127","0.638","0.01629135"
"2010-08-18 10:00:00+00:00","0.162","0.725","0.01592235"
"2010-08-18 10:30:00+00:00","0.234","0.775","0.0156825"
"2010-08-18 11:00:00+00:00","0.136","0.806","0.0156333"
"2010-08-18 11:30:00+00:00","0.113","0.8","0.0156579"
"2010-08-18 12:00:00+00:00","0.309","0.831","0.0156825"
"2010-08-18 12:30:00+00:00","0.337","0.7","0.01567635"
"2010-08-18 13:00:00+00:00","0.351","0.775","0.0156333"
"2010-08-18 13:30:00+00:00","0.697","0.663","0.0162975"
"2010-08-18 14:00:00+00:00","0.573","0.563","0.0156825"
"2010-08-18 14:30:00+00:00","0.137","0.519","0.0156825"
"2010-08-18 15:00:00+00:00","0.184","0.456","0.0156825"
"2010-08-18 15:30:00+00:00","0.114","0.438","0.0156825"
"2010-08-18 16:00:00+00:00","0.303","0.306","0.0156825"
"2010-08-18 16:30:00+00:00","0.079","0.169","0.0156825"
"2010-08-18 17:00:00+00:00","0.168","0.044","0.0156948"
"2010-08-18 17:30:00+00:00","0.33","0.0","0.0161376"
"2010-08-18 18:00:00+00:00","0.479","0.0","0.0180687"
"2010-08-18 18:30:00+00:00","0.248","0.0","0.0197784"
"2010-08-18 19:00:00+00:00","0.136","0.0","0.01934175"
"2010-08-18 19:30:00+00:00","0.32","0.0","0.016728"
"2010-08-18 20:00:00+00:00","0.232","0.0","0.0156825"
"2010-08-18 20:30:00+00:00","0.196","0.0","0.01566405"
"2010-08-18 21:00:00+00:00","0.171","0.0","0.0156825"
"2010-08-18 21:30:00+00:00","0.161","0.0","0.015621"
"2010-08-18 22:00:00+00:00","0.158","0.0","0.01540575"
"2010-08-18 22:30:00+00:00","0.063","0.0","0.0156333"
"2010-08-18 23:00:00+00:00","0.193","0.0","0.0153258"
"2010-08-18 23:30:00+00:00","0.911","0.0","0.0145509"
"2010-08-19 00:00:00+00:00","0.06","0.0","0.0144033"
"2010-08-19 00:30:00+00:00","0.134","0.0","0.0131118"
"2010-08-19 01:00:00+00:00","0.064","0.0","0.0124599"
"2010-08-19 01:30:00+00:00","0.111","0.0","0.01471695"
"2010-08-19 02:00:00+00:00","0.092","0.0","0.0125952"
"2010-08-19 02:30:00+00:00","0.063","0.0","0.01015365"
"2010-08-19 03:00:00+00:00","0.127","0.0","0.0076383"
"2010-08-19 03:30:00+00:00","0.066","0.0","0.00714015"
"2010-08-19 04:00:00+00:00","0.123","0.0","0.00765675"
"2010-08-19 04:30:00+00:00","0.087","0.0","0.0075276"
"2010-08-19 05:00:00+00:00","0.086","0.0","0.00818565"
"2010-08-19 05:30:00+00:00","0.115","0.0","0.0118326"
"2010-08-19 06:00:00+00:00","0.065","0.0","0.0131487"
"2010-08-19 06:30:00+00:00","0.233","0.0","0.0151659"
"2010-08-19 07:00:00+00:00","0.149","0.0","0.01540575"
"2010-08-19 07:30:00+00:00","0.117","0.056","0.01541805"
"2010-08-19 08:00:00+00:00","0.117","0.275","0.0156825"
"2010-08-19 08:30:00+00:00","0.232","0.425","0.0156825"
"2010-08-19 09:00:00+00:00","0.291","0.531","0.015621"
"2010-08-19 09:30:00+00:00","0.078","0.619","0.0156579"
"2010-08-19 10:00:00+00:00","0.132","0.681","0.01567635"
"2010-08-19 10:30:00+00:00","0.085","0.706","0.0155718"
"2010-08-19 11:00:00+00:00","0.103","0.669","0.0155103"
"2010-08-19 11:30:00+00:00","0.118","0.769","0.0154242"
"2010-08-19 12:00:00+00:00","0.084","0.663","0.0154734"
"2010-08-19 12:30:00+00:00","0.219","0.675","0.01550415"
"2010-08-19 13:00:00+00:00","0.288","0.738","0.0155103"
"2010-08-19 13:30:00+00:00","0.224","0.75","0.01552875"
"2010-08-19 14:00:00+00:00","0.17","0.706","0.0154857"
"2010-08-19 14:30:00+00:00","0.214","0.581","0.01552875"
"2010-08-19 15:00:00+00:00","0.316","0.55","0.01551645"
"2010-08-19 15:30:00+00:00","0.107","0.381","0.01541805"
"2010-08-19 16:00:00+00:00","0.22","0.288","0.01547955"
"2010-08-19 16:30:00+00:00","0.187","0.156","0.01546725"
"2010-08-19 17:00:00+00:00","0.449","0.044","0.0154242"
"2010-08-19 17:30:00+00:00","0.148","0.0","0.01556565"
"2010-08-19 18:00:00+00:00","0.189","0.0","0.0159531"
"2010-08-19 18:30:00+00:00","0.284","0.0","0.0156825"
"2010-08-19 19:00:00+00:00","0.12","0.0","0.0156579"
"2010-08-19 19:30:00+00:00","0.207","0.0","0.01566405"
"2010-08-19 20:00:00+00:00","0.122","0.0","0.01567635"
"2010-08-19 20:30:00+00:00","0.169","0.0","0.0156825"
"2010-08-19 21:00:00+00:00","0.095","0.0","0.0156702"
"2010-08-19 21:30:00+00:00","0.148","0.0","0.01550415"
"2010-08-19 22:00:00+00:00","0.114","0.006","0.0153381"
"2010-08-19 22:30:00+00:00","0.106","0.0","0.01538115"
"2010-08-19 23:00:00+00:00","0.127","0.0","0.0144033"
"2010-08-19 23:30:00+00:00","0.078","0.0","0.01429875"
"2010-08-20 00:00:00+00:00","0.472","0.0","0.0143664"
"2010-08-20 00:30:00+00:00","0.722","0.0","0.01329015"
"2010-08-20 01:00:00+00:00","0.114","0.0","0.0125091"
"2010-08-20 01:30:00+00:00","0.102","0.0","0.0142557"
"2010-08-20 02:00:00+00:00","0.074","0.0","0.01271205"
"2010-08-20 02:30:00+00:00","0.151","0.0","0.0110946"
"2010-08-20 03:00:00+00:00","0.07","0.0","0.01177725"
"2010-08-20 03:30:00+00:00","0.125","0.0","0.010332"
"2010-08-20 04:00:00+00:00","0.095","0.0","0.00918195"
"2010-08-20 04:30:00+00:00","0.088","0.0","0.00952635"
"2010-08-20 05:00:00+00:00","0.102","0.0","0.0118941"
"2010-08-20 05:30:00+00:00","0.1","0.0","0.01288425"
"2010-08-20 06:00:00+00:00","0.09","0.0","0.012669"
"2010-08-20 06:30:00+00:00","0.107","0.0","0.0149937"
"2010-08-20 07:00:00+00:00","0.138","0.0","0.01545495"
"2010-08-20 07:30:00+00:00","0.085","0.081","0.0154611"
"2010-08-20 08:00:00+00:00","0.148","0.313","0.0156825"
"2010-08-20 08:30:00+00:00","0.065","0.456","0.01561485"
"2010-08-20 09:00:00+00:00","0.321","0.563","0.0155349"
"2010-08-20 09:30:00+00:00","0.138","0.663","0.0156825"
"2010-08-20 10:00:00+00:00","0.119","0.738","0.01572555"
"2010-08-20 10:30:00+00:00","0.321","0.8","0.01566405"
"2010-08-20 11:00:00+00:00","0.108","0.831","0.01567635"
"2010-08-20 11:30:00+00:00","0.146","0.856","0.01567635"
"2010-08-20 12:00:00+00:00","0.086","0.856","0.01563945"
"2010-08-20 12:30:00+00:00","0.117","0.856","0.0155103"
"2010-08-20 13:00:00+00:00","0.104","0.831","0.015498"
"2010-08-20 13:30:00+00:00","0.092","0.794","0.01551645"
"2010-08-20 14:00:00+00:00","0.23","0.731","0.01540575"
"2010-08-20 14:30:00+00:00","0.111","0.663","0.0144402"
"2010-08-20 15:00:00+00:00","0.202","0.569","0.01418805"
"2010-08-20 15:30:00+00:00","0.12","0.456","0.0135177"
"2010-08-20 16:00:00+00:00","0.206","0.338","0.0143049"
"2010-08-20 16:30:00+00:00","0.22","0.2","0.01499985"
"2010-08-20 17:00:00+00:00","0.222","0.056","0.01559025"
"2010-08-20 17:30:00+00:00","0.142","0.0","0.01567635"
"2010-08-20 18:00:00+00:00","0.304","0.0","0.0159285"
"2010-08-20 18:30:00+00:00","0.183","0.0","0.0156825"
"2010-08-20 19:00:00+00:00","0.171","0.0","0.0156825"
"2010-08-20 19:30:00+00:00","0.218","0.0","0.0156825"
"2010-08-20 20:00:00+00:00","0.51","0.0","0.0156825"
"2010-08-20 20:30:00+00:00","1.146","0.0","0.0156825"
"2010-08-20 21:00:00+00:00","0.407","0.0","0.0156948"
"2010-08-20 21:30:00+00:00","0.171","0.0","0.01567635"
"2010-08-20 22:00:00+00:00","0.149","0.0","0.01566405"
"2010-08-20 22:30:00+00:00","0.073","0.0","0.0165927"
"2010-08-20 23:00:00+00:00","0.152","0.0","0.01566405"
"2010-08-20 23:30:00+00:00","0.08","0.0","0.0159162"
"2010-08-21 00:00:00+00:00","0.867","0.0","0.0157686"
"2010-08-21 00:30:00+00:00","0.191","0.0","0.0156579"
"2010-08-21 01:00:00+00:00","0.086","0.0","0.01552875"
"2010-08-21 01:30:00+00:00","0.092","0.0","0.01571325"
"2010-08-21 02:00:00+00:00","0.088","0.0","0.0153627"
"2010-08-21 02:30:00+00:00","0.092","0.0","0.0137022"
"2010-08-21 03:00:00+00:00","0.088","0.0","0.01230615"
"2010-08-21 03:30:00+00:00","0.123","0.0","0.01149435"
"2010-08-21 04:00:00+00:00","0.058","0.0","0.0112791"
"2010-08-21 04:30:00+00:00","0.116","0.0","0.0121647"
"2010-08-21 05:00:00+00:00","0.085","0.0","0.0123"
"2010-08-21 05:30:00+00:00","0.087","0.006","0.0127674"
"2010-08-21 06:00:00+00:00","0.102","0.0","0.0124845"
"2010-08-21 06:30:00+00:00","0.064","0.0","0.0128412"
"2010-08-21 07:00:00+00:00","0.304","0.0","0.01442175"
"2010-08-21 07:30:00+00:00","0.109","0.081","0.0155841"
"2010-08-21 08:00:00+00:00","0.13","0.331","0.0156825"
"2010-08-21 08:30:00+00:00","0.144","0.475","0.0156825"
"2010-08-21 09:00:00+00:00","0.129","0.588","0.0162483"
"2010-08-21 09:30:00+00:00","0.303","0.681","0.01704165"
"2010-08-21 10:00:00+00:00","0.362","0.75","0.0156825"
"2010-08-21 10:30:00+00:00","0.333","0.794","0.0157071"
"2010-08-21 11:00:00+00:00","0.07","0.838","0.0156825"
"2010-08-21 11:30:00+00:00","0.134","0.869","0.015744"
"2010-08-21 12:00:00+00:00","0.08","0.863","0.0156825"
"2010-08-21 12:30:00+00:00","0.095","0.856","0.0156825"
"2010-08-21 13:00:00+00:00","0.212","0.838","0.0155841"
"2010-08-21 13:30:00+00:00","0.087","0.8","0.01543035"
"2010-08-21 14:00:00+00:00","0.168","0.738","0.01538115"
"2010-08-21 14:30:00+00:00","0.167","0.669","0.01527045"
"2010-08-21 15:00:00+00:00","0.488","0.581","0.01528275"
"2010-08-21 15:30:00+00:00","0.473","0.231","0.0153012"
"2010-08-21 16:00:00+00:00","0.474","0.319","0.0153627"
"2010-08-21 16:30:00+00:00","0.359","0.213","0.01536885"
"2010-08-21 17:00:00+00:00","0.151","0.05","0.01547955"
"2010-08-21 17:30:00+00:00","0.275","0.0","0.0157317"
"2010-08-21 18:00:00+00:00","0.178","0.0","0.0165435"
"2010-08-21 18:30:00+00:00","0.197","0.0","0.01699245"
"2010-08-21 19:00:00+00:00","0.196","0.0","0.0167403"
"2010-08-21 19:30:00+00:00","0.358","0.0","0.01619295"
"2010-08-21 20:00:00+00:00","0.199","0.0","0.01586085"
"2010-08-21 20:30:00+00:00","0.223","0.0","0.0157071"
"2010-08-21 21:00:00+00:00","0.148","0.0","0.01603305"
"2010-08-21 21:30:00+00:00","0.212","0.0","0.0157194"
"2010-08-21 22:00:00+00:00","0.364","0.0","0.01560255"
"2010-08-21 22:30:00+00:00","0.104","0.0","0.01716465"
"2010-08-21 23:00:00+00:00","0.115","0.0","0.0165681"
"2010-08-21 23:30:00+00:00","0.889","0.0","0.0160638"
"2010-08-22 00:00:00+00:00","0.171","0.0","0.0156333"
"2010-08-22 00:30:00+00:00","0.081","0.0","0.01551645"
"2010-08-22 01:00:00+00:00","0.118","0.0","0.0154119"
"2010-08-22 01:30:00+00:00","0.059","0.0","0.01570095"
"2010-08-22 02:00:00+00:00","0.126","0.0","0.01534425"
"2010-08-22 02:30:00+00:00","0.075","0.0","0.01327785"
"2010-08-22 03:00:00+00:00","0.097","0.0","0.0123861"
"2010-08-22 03:30:00+00:00","0.093","0.0","0.0107994"
"2010-08-22 04:00:00+00:00","0.093","0.0","0.00987075"
"2010-08-22 04:30:00+00:00","0.079","0.0","0.01130985"
"2010-08-22 05:00:00+00:00","0.093","0.0","0.01208475"
"2010-08-22 05:30:00+00:00","0.092","0.0","0.0123"
"2010-08-22 06:00:00+00:00","0.14","0.0","0.01240455"
"2010-08-22 06:30:00+00:00","0.507","0.0","0.01240455"
"2010-08-22 07:00:00+00:00","0.156","0.0","0.0123246"
"2010-08-22 07:30:00+00:00","0.134","0.088","0.01331475"
"2010-08-22 08:00:00+00:00","0.067","0.338","0.01475385"
"2010-08-22 08:30:00+00:00","0.084","0.475","0.01545495"
"2010-08-22 09:00:00+00:00","0.084","0.588","0.0156333"
"2010-08-22 09:30:00+00:00","0.063","0.669","0.01571325"
"2010-08-22 10:00:00+00:00","0.097","0.738","0.0156825"
"2010-08-22 10:30:00+00:00","0.069","0.781","0.0156825"
"2010-08-22 11:00:00+00:00","0.106","0.819","0.015498"
"2010-08-22 11:30:00+00:00","0.084","0.838","0.0151167"
"2010-08-22 12:00:00+00:00","0.086","0.844","0.01362225"
"2010-08-22 12:30:00+00:00","0.09","0.831","0.0150921"
"2010-08-22 13:00:00+00:00","0.094","0.813","0.0152766"
"2010-08-22 13:30:00+00:00","0.081","0.763","0.01535655"
"2010-08-22 14:00:00+00:00","0.095","0.706","0.01519665"
"2010-08-22 14:30:00+00:00","0.091","0.45","0.01508595"
"2010-08-22 15:00:00+00:00","0.095","0.4","0.0150675"
"2010-08-22 15:30:00+00:00","0.087","0.269","0.01535655"
"2010-08-22 16:00:00+00:00","0.087","0.175","0.01543035"
"2010-08-22 16:30:00+00:00","0.089","0.063","0.01546725"
"2010-08-22 17:00:00+00:00","0.091","0.019","0.01567635"
"2010-08-22 17:30:00+00:00","0.105","0.006","0.0157071"
"2010-08-22 18:00:00+00:00","0.073","0.0","0.01625445"
"2010-08-22 18:30:00+00:00","0.969","0.0","0.0184254"
"2010-08-22 19:00:00+00:00","1.233","0.0","0.01768125"
"2010-08-22 19:30:00+00:00","1.202","0.0","0.0170232"
"2010-08-22 20:00:00+00:00","1.101","0.0","0.01758285"
"2010-08-22 20:30:00+00:00","1.069","0.0","0.01827165"
"2010-08-22 21:00:00+00:00","0.365","0.0","0.0190281"
"2010-08-22 21:30:00+00:00","0.076","0.0","0.017097"
"2010-08-22 22:00:00+00:00","0.144","0.0","0.0156825"
"2010-08-22 22:30:00+00:00","0.079","0.0","0.0165312"
"2010-08-22 23:00:00+00:00","0.11","0.0","0.0156333"
"2010-08-22 23:30:00+00:00","0.102","0.0","0.0156087"
"2010-08-23 00:00:00+00:00","0.077","0.0","0.01566405"
"2010-08-23 00:30:00+00:00","0.123","0.0","0.015498"
"2010-08-23 01:00:00+00:00","0.063","0.0","0.01378215"
"2010-08-23 01:30:00+00:00","0.121","0.0","0.0155595"
"2010-08-23 02:00:00+00:00","0.081","0.0","0.01508595"
"2010-08-23 02:30:00+00:00","0.095","0.0","0.0133086"
"2010-08-23 03:00:00+00:00","0.088","0.0","0.01258905"
"2010-08-23 03:30:00+00:00","0.083","0.0","0.0118818"
"2010-08-23 04:00:00+00:00","0.101","0.0","0.0117096"
"2010-08-23 04:30:00+00:00","0.084","0.0","0.0122385"
"2010-08-23 05:00:00+00:00","0.091","0.0","0.012546"
"2010-08-23 05:30:00+00:00","0.095","0.0","0.0124353"
"2010-08-23 06:00:00+00:00","0.096","0.0","0.01495065"
"2010-08-23 06:30:00+00:00","0.1","0.0","0.0156579"
"2010-08-23 07:00:00+00:00","0.117","0.0","0.01593465"
"2010-08-23 07:30:00+00:00","0.101","0.0","0.0164328"
"2010-08-23 08:00:00+00:00","0.311","0.006","0.0168633"
"2010-08-23 08:30:00+00:00","0.075","0.013","0.0176382"
"2010-08-23 09:00:00+00:00","0.102","0.025","0.0174045"
"2010-08-23 09:30:00+00:00","0.068","0.025","0.01790265"
"2010-08-23 10:00:00+00:00","0.081","0.05","0.01748445"
"2010-08-23 10:30:00+00:00","0.243","0.063","0.0174906"
"2010-08-23 11:00:00+00:00","0.179","0.075","0.0167772"
"2010-08-23 11:30:00+00:00","0.438","0.125","0.0166173"
"2010-08-23 12:00:00+00:00","0.909","0.175","0.01637745"
"2010-08-23 12:30:00+00:00","1.181","0.138","0.01582395"
"2010-08-23 13:00:00+00:00","1.097","0.056","0.01573785"
"2010-08-23 13:30:00+00:00","1.058","0.025","0.0170232"
"2010-08-23 14:00:00+00:00","1.154","0.113","0.0172569"
"2010-08-23 14:30:00+00:00","1.081","0.106","0.0171216"
"2010-08-23 15:00:00+00:00","1.125","0.144","0.01627905"
"2010-08-23 15:30:00+00:00","1.073","0.144","0.0160146"
"2010-08-23 16:00:00+00:00","1.165","0.144","0.01709085"
"2010-08-23 16:30:00+00:00","1.023","0.069","0.0163836"
"2010-08-23 17:00:00+00:00","1.079","0.006","0.0156825"
"2010-08-23 17:30:00+00:00","1.127","0.006","0.017712"
"2010-08-23 18:00:00+00:00","1.505","0.0","0.02884965"
"2010-08-23 18:30:00+00:00","1.215","0.0","0.0368754"
"2010-08-23 19:00:00+00:00","1.045","0.0","0.02609445"
"2010-08-23 19:30:00+00:00","1.257","0.0","0.01845615"
"2010-08-23 20:00:00+00:00","1.039","0.0","0.01857915"
"2010-08-23 20:30:00+00:00","0.214","0.0","0.01854225"
"2010-08-23 21:00:00+00:00","0.13","0.0","0.0180441"
"2010-08-23 21:30:00+00:00","0.06","0.0","0.0168387"
"2010-08-23 22:00:00+00:00","0.14","0.0","0.0155595"
"2010-08-23 22:30:00+00:00","0.073","0.0","0.0173922"
"2010-08-23 23:00:00+00:00","0.107","0.0","0.01563945"
"2010-08-23 23:30:00+00:00","0.08","0.0","0.0156825"
"2010-08-24 00:00:00+00:00","0.084","0.0","0.0156456"
"2010-08-24 00:30:00+00:00","0.094","0.0","0.0156825"
"2010-08-24 01:00:00+00:00","0.071","0.0","0.0156087"
"2010-08-24 01:30:00+00:00","0.101","0.0","0.0157317"
"2010-08-24 02:00:00+00:00","0.081","0.0","0.01549185"
"2010-08-24 02:30:00+00:00","0.094","0.0","0.0146001"
"2010-08-24 03:00:00+00:00","0.081","0.0","0.01271205"
"2010-08-24 03:30:00+00:00","0.093","0.0","0.01159275"
"2010-08-24 04:00:00+00:00","0.084","0.0","0.0119187"
"2010-08-24 04:30:00+00:00","0.097","0.0","0.01228155"
"2010-08-24 05:00:00+00:00","0.084","0.0","0.0126075"
"2010-08-24 05:30:00+00:00","0.095","0.0","0.0140466"
"2010-08-24 06:00:00+00:00","0.153","0.0","0.015621"
"2010-08-24 06:30:00+00:00","0.101","0.0","0.01560255"
"2010-08-24 07:00:00+00:00","0.099","0.0","0.01745985"
"2010-08-24 07:30:00+00:00","0.308","0.1","0.016482"
"2010-08-24 08:00:00+00:00","0.188","0.35","0.01661115"
"2010-08-24 08:30:00+00:00","0.055","0.469","0.01591005"
"2010-08-24 09:00:00+00:00","0.115","0.581","0.0156579"
"2010-08-24 09:30:00+00:00","0.056","0.675","0.0156579"
"2010-08-24 10:00:00+00:00","0.098","0.744","0.0155841"
"2010-08-24 10:30:00+00:00","0.363","0.806","0.0156825"
"2010-08-24 11:00:00+00:00","0.179","0.838","0.0156825"
"2010-08-24 11:30:00+00:00","0.145","0.863","0.01595925"
"2010-08-24 12:00:00+00:00","0.056","0.856","0.0156825"
"2010-08-24 12:30:00+00:00","0.136","0.856","0.0156825"
"2010-08-24 13:00:00+00:00","0.048","0.781","0.0156579"
"2010-08-24 13:30:00+00:00","0.305","0.638","0.0156825"
"2010-08-24 14:00:00+00:00","0.062","0.781","0.0156825"
"2010-08-24 14:30:00+00:00","0.176","0.544","0.0156825"
"2010-08-24 15:00:00+00:00","0.121","0.438","0.0156825"
"2010-08-24 15:30:00+00:00","0.151","0.294","0.0156825"
"2010-08-24 16:00:00+00:00","0.15","0.231","0.0157563"
"2010-08-24 16:30:00+00:00","0.129","0.063","0.01565175"
"2010-08-24 17:00:00+00:00","0.199","0.025","0.015744"
"2010-08-24 17:30:00+00:00","0.11","0.0","0.0157809"
"2010-08-24 18:00:00+00:00","0.249","0.0","0.0168879"
"2010-08-24 18:30:00+00:00","0.132","0.0","0.0180933"
"2010-08-24 19:00:00+00:00","0.177","0.0","0.01733685"
"2010-08-24 19:30:00+00:00","0.268","0.0","0.0160392"
"2010-08-24 20:00:00+00:00","0.111","0.0","0.0156825"
"2010-08-24 20:30:00+00:00","0.178","0.0","0.0156825"
"2010-08-24 21:00:00+00:00","0.106","0.0","0.01554105"
"2010-08-24 21:30:00+00:00","0.154","0.0","0.0156825"
"2010-08-24 22:00:00+00:00","0.074","0.0","0.0155103"
"2010-08-24 22:30:00+00:00","0.125","0.0","0.01678335"
"2010-08-24 23:00:00+00:00","0.429","0.0","0.01566405"
"2010-08-24 23:30:00+00:00","0.629","0.0","0.0155595"
"2010-08-25 00:00:00+00:00","0.104","0.0","0.01547955"
"2010-08-25 00:30:00+00:00","0.066","0.0","0.01538115"
"2010-08-25 01:00:00+00:00","0.132","0.0","0.01460625"
"2010-08-25 01:30:00+00:00","0.053","0.0","0.01538115"
"2010-08-25 02:00:00+00:00","0.132","0.0","0.0151413"
"2010-08-25 02:30:00+00:00","0.062","0.0","0.0149199"
"2010-08-25 03:00:00+00:00","0.119","0.0","0.0141819"
"2010-08-25 03:30:00+00:00","0.082","0.0","0.0125091"
"2010-08-25 04:00:00+00:00","0.087","0.0","0.01117455"
"2010-08-25 04:30:00+00:00","0.105","0.0","0.0106887"
"2010-08-25 05:00:00+00:00","0.068","0.0","0.0119925"
"2010-08-25 05:30:00+00:00","0.117","0.0","0.01332705"
"2010-08-25 06:00:00+00:00","0.068","0.0","0.01524585"
"2010-08-25 06:30:00+00:00","0.284","0.0","0.01545495"
"2010-08-25 07:00:00+00:00","0.102","0.0","0.015867"
"2010-08-25 07:30:00+00:00","0.111","0.094","0.01566405"
"2010-08-25 08:00:00+00:00","0.097","0.344","0.0156825"
"2010-08-25 08:30:00+00:00","0.336","0.475","0.01566405"
"2010-08-25 09:00:00+00:00","0.144","0.588","0.0156825"
"2010-08-25 09:30:00+00:00","0.164","0.675","0.0156825"
"2010-08-25 10:00:00+00:00","0.15","0.744","0.01567635"
"2010-08-25 10:30:00+00:00","0.146","0.581","0.0158424"
"2010-08-25 11:00:00+00:00","0.172","0.938","0.0156825"
"2010-08-25 11:30:00+00:00","0.138","0.888","0.0156825"
"2010-08-25 12:00:00+00:00","0.115","0.875","0.0156825"
"2010-08-25 12:30:00+00:00","0.105","0.85","0.0156825"
"2010-08-25 13:00:00+00:00","0.206","0.844","0.0156825"
"2010-08-25 13:30:00+00:00","0.273","0.806","0.0156825"
"2010-08-25 14:00:00+00:00","0.165","0.738","0.0156825"
"2010-08-25 14:30:00+00:00","0.19","0.65","0.0156825"
"2010-08-25 15:00:00+00:00","0.127","0.581","0.0156825"
"2010-08-25 15:30:00+00:00","0.173","0.475","0.0156825"
"2010-08-25 16:00:00+00:00","0.325","0.356","0.0156825"
"2010-08-25 16:30:00+00:00","0.188","0.213","0.0156825"
"2010-08-25 17:00:00+00:00","0.119","0.063","0.0156825"
"2010-08-25 17:30:00+00:00","0.303","0.0","0.0161991"
"2010-08-25 18:00:00+00:00","0.771","0.0","0.0253257"
"2010-08-25 18:30:00+00:00","1.434","0.0","0.0334068"
"2010-08-25 19:00:00+00:00","1.105","0.0","0.024354"
"2010-08-25 19:30:00+00:00","1.273","0.0","0.0186468"
"2010-08-25 20:00:00+00:00","0.278","0.0","0.01743525"
"2010-08-25 20:30:00+00:00","0.136","0.0","0.01717695"
"2010-08-25 21:00:00+00:00","0.133","0.0","0.01690635"
"2010-08-25 21:30:00+00:00","0.092","0.0","0.0156825"
"2010-08-25 22:00:00+00:00","0.156","0.0","0.0156579"
"2010-08-25 22:30:00+00:00","0.064","0.0","0.0192987"
"2010-08-25 23:00:00+00:00","0.114","0.0","0.01584855"
"2010-08-25 23:30:00+00:00","0.644","0.0","0.0156948"
"2010-08-26 00:00:00+00:00","0.393","0.0","0.01567635"
"2010-08-26 00:30:00+00:00","0.118","0.0","0.0156333"
"2010-08-26 01:00:00+00:00","0.074","0.0","0.0156579"
"2010-08-26 01:30:00+00:00","0.108","0.0","0.0159162"
"2010-08-26 02:00:00+00:00","0.082","0.0","0.0156087"
"2010-08-26 02:30:00+00:00","0.114","0.0","0.01594695"
"2010-08-26 03:00:00+00:00","0.082","0.0","0.01552875"
"2010-08-26 03:30:00+00:00","0.114","0.0","0.013899"
"2010-08-26 04:00:00+00:00","0.071","0.0","0.012915"
"2010-08-26 04:30:00+00:00","0.096","0.006","0.0125829"
"2010-08-26 05:00:00+00:00","0.092","0.0","0.013407"
"2010-08-26 05:30:00+00:00","0.074","0.0","0.01545495"
"2010-08-26 06:00:00+00:00","0.128","0.0","0.01575015"
"2010-08-26 06:30:00+00:00","0.071","0.0","0.0156333"
"2010-08-26 07:00:00+00:00","0.334","0.0","0.0162483"
"2010-08-26 07:30:00+00:00","1.06","0.094","0.0160392"
"2010-08-26 08:00:00+00:00","1.132","0.35","0.0175521"
"2010-08-26 08:30:00+00:00","1.097","0.488","0.01850535"
"2010-08-26 09:00:00+00:00","0.547","0.6","0.0176136"
"2010-08-26 09:30:00+00:00","0.206","0.656","0.0166542"
"2010-08-26 10:00:00+00:00","0.103","0.556","0.01631595"
"2010-08-26 10:30:00+00:00","0.181","0.325","0.01582395"
"2010-08-26 11:00:00+00:00","0.129","0.463","0.0156825"
"2010-08-26 11:30:00+00:00","0.325","0.694","0.0156825"
"2010-08-26 12:00:00+00:00","0.112","0.644","0.01572555"
"2010-08-26 12:30:00+00:00","0.194","0.45","0.0156825"
"2010-08-26 13:00:00+00:00","0.389","0.475","0.0156825"
"2010-08-26 13:30:00+00:00","0.178","0.369","0.0156825"
"2010-08-26 14:00:00+00:00","0.479","0.469","0.0156825"
"2010-08-26 14:30:00+00:00","0.202","0.394","0.0156579"
"2010-08-26 15:00:00+00:00","0.175","0.431","0.01565175"
"2010-08-26 15:30:00+00:00","0.128","0.481","0.0156825"
"2010-08-26 16:00:00+00:00","0.266","0.344","0.0156579"
"2010-08-26 16:30:00+00:00","0.26","0.213","0.0156825"
"2010-08-26 17:00:00+00:00","0.123","0.044","0.0157071"
"2010-08-26 17:30:00+00:00","0.58","0.0","0.0157563"
"2010-08-26 18:00:00+00:00","1.495","0.0","0.01802565"
"2010-08-26 18:30:00+00:00","2.104","0.0","0.03149415"
"2010-08-26 19:00:00+00:00","1.456","0.0","0.03545475"
"2010-08-26 19:30:00+00:00","1.085","0.0","0.0196431"
"2010-08-26 20:00:00+00:00","1.357","0.0","0.0181548"
"2010-08-26 20:30:00+00:00","0.322","0.0","0.01866525"
"2010-08-26 21:00:00+00:00","0.337","0.0","0.01773045"
"2010-08-26 21:30:00+00:00","0.174","0.0","0.0160638"
"2010-08-26 22:00:00+00:00","0.076","0.0","0.0155964"
"2010-08-26 22:30:00+00:00","0.115","0.0","0.0170724"
"2010-08-26 23:00:00+00:00","0.11","0.0","0.0155964"
"2010-08-26 23:30:00+00:00","0.102","0.0","0.01573785"
"2010-08-27 00:00:00+00:00","0.963","0.0","0.0155964"
"2010-08-27 00:30:00+00:00","0.065","0.0","0.01567635"
"2010-08-27 01:00:00+00:00","0.078","0.0","0.01555335"
"2010-08-27 01:30:00+00:00","0.119","0.0","0.0160761"
"2010-08-27 02:00:00+00:00","0.057","0.0","0.01566405"
"2010-08-27 02:30:00+00:00","0.126","0.0","0.01543035"
"2010-08-27 03:00:00+00:00","0.08","0.0","0.01547955"
"2010-08-27 03:30:00+00:00","0.069","0.0","0.0139728"
"2010-08-27 04:00:00+00:00","0.116","0.0","0.0123"
"2010-08-27 04:30:00+00:00","0.077","0.0","0.01256445"
"2010-08-27 05:00:00+00:00","0.111","0.0","0.0134439"
"2010-08-27 05:30:00+00:00","0.095","0.0","0.01540575"
"2010-08-27 06:00:00+00:00","0.076","0.0","0.0155226"
"2010-08-27 06:30:00+00:00","0.124","0.0","0.01571325"
"2010-08-27 07:00:00+00:00","0.112","0.0","0.01577475"
"2010-08-27 07:30:00+00:00","0.303","0.013","0.01592235"
"2010-08-27 08:00:00+00:00","0.175","0.269","0.0175767"
"2010-08-27 08:30:00+00:00","0.101","0.488","0.01795185"
"2010-08-27 09:00:00+00:00","0.117","0.594","0.01748445"
"2010-08-27 09:30:00+00:00","0.076","0.65","0.0173184"
"2010-08-27 10:00:00+00:00","0.101","0.756","0.01749675"
"2010-08-27 10:30:00+00:00","0.083","0.775","0.01711545"
"2010-08-27 11:00:00+00:00","0.067","0.825","0.01625445"
"2010-08-27 11:30:00+00:00","0.116","0.481","0.01619295"
"2010-08-27 12:00:00+00:00","0.061","0.856","0.01567635"
"2010-08-27 12:30:00+00:00","0.12","0.444","0.0156825"
"2010-08-27 13:00:00+00:00","0.069","0.656","0.0156825"
"2010-08-27 13:30:00+00:00","0.096","0.644","0.0156948"
"2010-08-27 14:00:00+00:00","0.1","0.763","0.0156825"
"2010-08-27 14:30:00+00:00","0.073","0.681","0.0156825"
"2010-08-27 15:00:00+00:00","0.332","0.606","0.01567635"
"2010-08-27 15:30:00+00:00","0.111","0.481","0.01562715"
"2010-08-27 16:00:00+00:00","0.156","0.325","0.0155472"
"2010-08-27 16:30:00+00:00","0.203","0.219","0.0155103"
"2010-08-27 17:00:00+00:00","0.15","0.063","0.0156087"
"2010-08-27 17:30:00+00:00","0.159","0.0","0.0159654"
"2010-08-27 18:00:00+00:00","0.209","0.0","0.0169248"
"2010-08-27 18:30:00+00:00","0.762","0.0","0.01784115"
"2010-08-27 19:00:00+00:00","1.108","0.0","0.01776735"
"2010-08-27 19:30:00+00:00","1.389","0.0","0.0167895"
"2010-08-27 20:00:00+00:00","1.112","0.0","0.01599615"
"2010-08-27 20:30:00+00:00","1.181","0.0","0.01595925"
"2010-08-27 21:00:00+00:00","0.461","0.0","0.01599"
"2010-08-27 21:30:00+00:00","0.233","0.0","0.01568865"
"2010-08-27 22:00:00+00:00","0.192","0.0","0.01567635"
"2010-08-27 22:30:00+00:00","0.11","0.0","0.0180441"
"2010-08-27 23:00:00+00:00","0.109","0.0","0.01624215"
"2010-08-27 23:30:00+00:00","0.121","0.0","0.01642665"
"2010-08-28 00:00:00+00:00","0.073","0.0","0.01572555"
"2010-08-28 00:30:00+00:00","0.132","0.0","0.0155349"
"2010-08-28 01:00:00+00:00","0.11","0.0","0.01557795"
"2010-08-28 01:30:00+00:00","0.115","0.0","0.0175398"
"2010-08-28 02:00:00+00:00","0.086","0.0","0.0163098"
"2010-08-28 02:30:00+00:00","0.123","0.0","0.01567635"
"2010-08-28 03:00:00+00:00","0.088","0.0","0.01560255"
"2010-08-28 03:30:00+00:00","0.089","0.0","0.01551645"
"2010-08-28 04:00:00+00:00","0.129","0.0","0.01547955"
"2010-08-28 04:30:00+00:00","0.075","0.0","0.01527045"
"2010-08-28 05:00:00+00:00","0.126","0.0","0.0153381"
"2010-08-28 05:30:00+00:00","0.086","0.0","0.01547955"
"2010-08-28 06:00:00+00:00","0.106","0.0","0.0155226"
"2010-08-28 06:30:00+00:00","0.098","0.0","0.01540575"
"2010-08-28 07:00:00+00:00","0.359","0.006","0.01552875"
"2010-08-28 07:30:00+00:00","0.104","0.094","0.01586085"
"2010-08-28 08:00:00+00:00","0.131","0.344","0.01657425"
"2010-08-28 08:30:00+00:00","0.147","0.488","0.01640205"
"2010-08-28 09:00:00+00:00","0.265","0.6","0.0173922"
"2010-08-28 09:30:00+00:00","0.233","0.694","0.017835"
"2010-08-28 10:00:00+00:00","0.096","0.763","0.0167895"
"2010-08-28 10:30:00+00:00","0.128","0.813","0.01620525"
"2010-08-28 11:00:00+00:00","0.104","0.85","0.01571325"
"2010-08-28 11:30:00+00:00","0.084","0.863","0.0156825"
"2010-08-28 12:00:00+00:00","0.131","0.856","0.01567635"
"2010-08-28 12:30:00+00:00","0.066","0.85","0.01567635"
"2010-08-28 13:00:00+00:00","0.15","0.825","0.01567635"
"2010-08-28 13:30:00+00:00","0.079","0.781","0.0155964"
"2010-08-28 14:00:00+00:00","0.129","0.725","0.01552875"
"2010-08-28 14:30:00+00:00","0.28","0.656","0.01552875"
"2010-08-28 15:00:00+00:00","0.143","0.563","0.01552875"
"2010-08-28 15:30:00+00:00","0.145","0.463","0.01552875"
"2010-08-28 16:00:00+00:00","0.302","0.344","0.01552875"
"2010-08-28 16:30:00+00:00","0.131","0.2","0.01552875"
"2010-08-28 17:00:00+00:00","0.173","0.056","0.0157071"
"2010-08-28 17:30:00+00:00","0.447","0.0","0.0159654"
"2010-08-28 18:00:00+00:00","0.847","0.0","0.0180687"
"2010-08-28 18:30:00+00:00","0.313","0.0","0.0282408"
"2010-08-28 19:00:00+00:00","0.359","0.0","0.03620505"
"2010-08-28 19:30:00+00:00","0.855","0.0","0.024723"
"2010-08-28 20:00:00+00:00","1.175","0.0","0.0197784"
"2010-08-28 20:30:00+00:00","1.195","0.0","0.01846845"
"2010-08-28 21:00:00+00:00","1.17","0.0","0.0175644"
"2010-08-28 21:30:00+00:00","0.661","0.0","0.0173922"
"2010-08-28 22:00:00+00:00","0.167","0.0","0.01793955"
"2010-08-28 22:30:00+00:00","0.207","0.0","0.01776735"
"2010-08-28 23:00:00+00:00","0.128","0.006","0.0173061"
"2010-08-28 23:30:00+00:00","0.17","0.0","0.01781655"
"2010-08-29 00:00:00+00:00","0.669","0.0","0.01711545"
"2010-08-29 00:30:00+00:00","0.465","0.0","0.01621755"
"2010-08-29 01:00:00+00:00","0.092","0.0","0.01568865"
"2010-08-29 01:30:00+00:00","0.128","0.0","0.0163098"
"2010-08-29 02:00:00+00:00","0.071","0.0","0.0158055"
"2010-08-29 02:30:00+00:00","0.114","0.0","0.01547955"
"2010-08-29 03:00:00+00:00","0.111","0.0","0.01555335"
"2010-08-29 03:30:00+00:00","0.074","0.0","0.01543035"
"2010-08-29 04:00:00+00:00","0.126","0.0","0.01483995"
"2010-08-29 04:30:00+00:00","0.081","0.0","0.01380675"
"2010-08-29 05:00:00+00:00","0.117","0.0","0.01418805"
"2010-08-29 05:30:00+00:00","0.093","0.0","0.01474155"
"2010-08-29 06:00:00+00:00","0.106","0.0","0.01540575"
"2010-08-29 06:30:00+00:00","0.087","0.0","0.01508595"
"2010-08-29 07:00:00+00:00","0.137","0.006","0.015498"
"2010-08-29 07:30:00+00:00","0.09","0.044","0.0156333"
"2010-08-29 08:00:00+00:00","0.11","0.25","0.0158424"
"2010-08-29 08:30:00+00:00","0.104","0.275","0.01588545"
"2010-08-29 09:00:00+00:00","0.07","0.438","0.01624215"
"2010-08-29 09:30:00+00:00","0.374","0.613","0.0169125"
"2010-08-29 10:00:00+00:00","0.137","0.738","0.0167403"
"2010-08-29 10:30:00+00:00","0.114","0.794","0.0162114"
"2010-08-29 11:00:00+00:00","0.127","0.813","0.01571325"
"2010-08-29 11:30:00+00:00","0.114","0.838","0.0155349"
"2010-08-29 12:00:00+00:00","0.539","0.85","0.01552875"
"2010-08-29 12:30:00+00:00","0.079","0.831","0.01552875"
"2010-08-29 13:00:00+00:00","0.155","0.806","0.01552875"
"2010-08-29 13:30:00+00:00","0.07","0.769","0.01523355"
"2010-08-29 14:00:00+00:00","0.186","0.713","0.01535655"
"2010-08-29 14:30:00+00:00","0.286","0.638","0.01447095"
"2010-08-29 15:00:00+00:00","0.127","0.55","0.0135669"
"2010-08-29 15:30:00+00:00","0.184","0.45","0.01468005"
"2010-08-29 16:00:00+00:00","0.166","0.319","0.01535655"
"2010-08-29 16:30:00+00:00","0.139","0.188","0.01518435"
"2010-08-29 17:00:00+00:00","0.191","0.056","0.0155349"
"2010-08-29 17:30:00+00:00","0.162","0.0","0.01567635"
"2010-08-29 18:00:00+00:00","0.817","0.0","0.01732455"
"2010-08-29 18:30:00+00:00","1.552","0.0","0.01994445"
"2010-08-29 19:00:00+00:00","1.033","0.0","0.02239215"
"2010-08-29 19:30:00+00:00","1.153","0.0","0.0193479"
"2010-08-29 20:00:00+00:00","1.119","0.0","0.0182901"
"2010-08-29 20:30:00+00:00","1.152","0.0","0.0176628"
"2010-08-29 21:00:00+00:00","1.055","0.0","0.0173307"
"2010-08-29 21:30:00+00:00","0.657","0.0","0.01674645"
"2010-08-29 22:00:00+00:00","0.283","0.0","0.01561485"
"2010-08-29 22:30:00+00:00","0.11","0.0","0.0156087"
"2010-08-29 23:00:00+00:00","0.11","0.0","0.0155349"
"2010-08-29 23:30:00+00:00","0.066","0.0","0.0155349"
"2010-08-30 00:00:00+00:00","0.123","0.006","0.0155349"
"2010-08-30 00:30:00+00:00","0.467","0.0","0.01552875"
"2010-08-30 01:00:00+00:00","0.564","0.0","0.01552875"
"2010-08-30 01:30:00+00:00","0.091","0.0","0.01552875"
"2010-08-30 02:00:00+00:00","0.11","0.0","0.01551645"
"2010-08-30 02:30:00+00:00","0.068","0.0","0.0154488"
"2010-08-30 03:00:00+00:00","0.12","0.0","0.0139728"
"2010-08-30 03:30:00+00:00","0.068","0.0","0.01311795"
"2010-08-30 04:00:00+00:00","0.111","0.0","0.0124968"
"2010-08-30 04:30:00+00:00","0.099","0.0","0.0128904"
"2010-08-30 05:00:00+00:00","0.061","0.0","0.0143787"
"2010-08-30 05:30:00+00:00","0.13","0.0","0.01549185"
"2010-08-30 06:00:00+00:00","0.085","0.0","0.0155841"
"2010-08-30 06:30:00+00:00","0.269","0.0","0.01573785"
"2010-08-30 07:00:00+00:00","0.18","0.006","0.0166788"
"2010-08-30 07:30:00+00:00","0.112","0.1","0.016236"
"2010-08-30 08:00:00+00:00","0.057","0.375","0.01667265"
"2010-08-30 08:30:00+00:00","0.254","0.463","0.0168633"
"2010-08-30 09:00:00+00:00","0.078","0.556","0.01582395"
"2010-08-30 09:30:00+00:00","0.141","0.65","0.0156825"
"2010-08-30 10:00:00+00:00","0.126","0.731","0.01568865"
"2010-08-30 10:30:00+00:00","0.204","0.794","0.0158301"
"2010-08-30 11:00:00+00:00","0.193","0.806","0.0156825"
"2010-08-30 11:30:00+00:00","0.85","0.5","0.0156702"
"2010-08-30 12:00:00+00:00","0.841","0.806","0.01567635"
"2010-08-30 12:30:00+00:00","0.685","0.606","0.01567635"
"2010-08-30 13:00:00+00:00","0.132","0.406","0.01552875"
"2010-08-30 13:30:00+00:00","0.113","0.794","0.01552875"
"2010-08-30 14:00:00+00:00","0.096","0.731","0.01552875"
"2010-08-30 14:30:00+00:00","0.157","0.644","0.01552875"
"2010-08-30 15:00:00+00:00","0.264","0.538","0.01552875"
"2010-08-30 15:30:00+00:00","0.262","0.438","0.01552875"
"2010-08-30 16:00:00+00:00","0.099","0.313","0.01552875"
"2010-08-30 16:30:00+00:00","0.117","0.181","0.0155472"
"2010-08-30 17:00:00+00:00","0.189","0.063","0.01561485"
"2010-08-30 17:30:00+00:00","0.317","0.0","0.01591005"
"2010-08-30 18:00:00+00:00","0.138","0.0","0.0172938"
"2010-08-30 18:30:00+00:00","0.232","0.0","0.01785345"
"2010-08-30 19:00:00+00:00","0.284","0.0","0.0176997"
"2010-08-30 19:30:00+00:00","0.197","0.0","0.01638975"
"2010-08-30 20:00:00+00:00","0.243","0.0","0.0158424"
"2010-08-30 20:30:00+00:00","0.157","0.0","0.01567635"
"2010-08-30 21:00:00+00:00","0.228","0.0","0.01567635"
"2010-08-30 21:30:00+00:00","0.105","0.0","0.01567635"
"2010-08-30 22:00:00+00:00","0.145","0.0","0.01552875"
"2010-08-30 22:30:00+00:00","0.097","0.0","0.01578705"
"2010-08-30 23:00:00+00:00","0.767","0.0","0.01559025"
"2010-08-30 23:30:00+00:00","0.316","0.0","0.0155595"
"2010-08-31 00:00:00+00:00","0.119","0.0","0.01547955"
"2010-08-31 00:30:00+00:00","0.076","0.0","0.01547955"
"2010-08-31 01:00:00+00:00","0.103","0.0","0.01545495"
"2010-08-31 01:30:00+00:00","0.105","0.0","0.0160638"
"2010-08-31 02:00:00+00:00","0.093","0.0","0.01550415"
"2010-08-31 02:30:00+00:00","0.121","0.0","0.01597155"
"2010-08-31 03:00:00+00:00","0.072","0.0","0.0150429"
"2010-08-31 03:30:00+00:00","0.129","0.0","0.0140343"
"2010-08-31 04:00:00+00:00","0.066","0.0","0.01267515"
"2010-08-31 04:30:00+00:00","0.119","0.0","0.0123615"
"2010-08-31 05:00:00+00:00","0.086","0.006","0.0126198"
"2010-08-31 05:30:00+00:00","0.082","0.0","0.01502445"
"2010-08-31 06:00:00+00:00","0.124","0.0","0.01557795"
"2010-08-31 06:30:00+00:00","0.093","0.0","0.01554105"
"2010-08-31 07:00:00+00:00","0.229","0.0","0.01566405"
"2010-08-31 07:30:00+00:00","0.186","0.094","0.0156456"
"2010-08-31 08:00:00+00:00","0.192","0.338","0.01575015"
"2010-08-31 08:30:00+00:00","0.079","0.444","0.01568865"
"2010-08-31 09:00:00+00:00","0.095","0.531","0.0155226"
"2010-08-31 09:30:00+00:00","0.113","0.65","0.0155718"
"2010-08-31 10:00:00+00:00","0.065","0.719","0.01552875"
"2010-08-31 10:30:00+00:00","0.148","0.781","0.01552875"
"2010-08-31 11:00:00+00:00","0.06","0.838","0.01552875"
"2010-08-31 11:30:00+00:00","0.283","0.813","0.01538115"
"2010-08-31 12:00:00+00:00","0.087","0.838","0.01538115"
"2010-08-31 12:30:00+00:00","0.177","0.825","0.0154365"
"2010-08-31 13:00:00+00:00","0.145","0.806","0.01550415"
"2010-08-31 13:30:00+00:00","0.159","0.756","0.0155226"
"2010-08-31 14:00:00+00:00","0.287","0.638","0.0151905"
"2010-08-31 14:30:00+00:00","0.148","0.575","0.0152151"
"2010-08-31 15:00:00+00:00","0.161","0.55","0.0150675"
"2010-08-31 15:30:00+00:00","0.14","0.475","0.015006"
"2010-08-31 16:00:00+00:00","0.182","0.194","0.01533195"
"2010-08-31 16:30:00+00:00","0.205","0.225","0.0153504"
"2010-08-31 17:00:00+00:00","0.177","0.075","0.01539345"
"2010-08-31 17:30:00+00:00","0.161","0.006","0.01544265"
"2010-08-31 18:00:00+00:00","0.402","0.0","0.0156825"
"2010-08-31 18:30:00+00:00","0.245","0.0","0.01570095"
"2010-08-31 19:00:00+00:00","0.173","0.0","0.01566405"
"2010-08-31 19:30:00+00:00","0.163","0.0","0.01559025"
"2010-08-31 20:00:00+00:00","0.276","0.0","0.0154857"
"2010-08-31 20:30:00+00:00","0.29","0.0","0.0154611"
"2010-08-31 21:00:00+00:00","0.147","0.0","0.01550415"
"2010-08-31 21:30:00+00:00","0.124","0.0","0.01533195"
"2010-08-31 22:00:00+00:00","0.115","0.0","0.014145"
"2010-08-31 22:30:00+00:00","0.1","0.0","0.01554105"
"2010-08-31 23:00:00+00:00","0.092","0.0","0.01547955"
"2010-08-31 23:30:00+00:00","0.107","0.0","0.0154242"
"2010-09-01 00:00:00+00:00","0.091","0.0","0.01533195"
"2010-09-01 00:30:00+00:00","0.104","0.0","0.0149691"
"2010-09-01 01:00:00+00:00","0.094","0.0","0.0145878"
"2010-09-01 01:30:00+00:00","0.106","0.0","0.01536885"
"2010-09-01 02:00:00+00:00","0.089","0.0","0.01507365"
"2010-09-01 02:30:00+00:00","0.103","0.0","0.01445865"
"2010-09-01 03:00:00+00:00","0.099","0.0","0.01258905"
"2010-09-01 03:30:00+00:00","0.091","0.0","0.0123"
"2010-09-01 04:00:00+00:00","0.104","0.0","0.01229385"
"2010-09-01 04:30:00+00:00","0.089","0.0","0.01224465"
"2010-09-01 05:00:00+00:00","0.122","0.0","0.01240455"
"2010-09-01 05:30:00+00:00","0.071","0.0","0.0131241"
"2010-09-01 06:00:00+00:00","0.308","0.0","0.0151536"
"2010-09-01 06:30:00+00:00","0.117","0.0","0.01547955"
"2010-09-01 07:00:00+00:00","0.123","0.013","0.0156702"
"2010-09-01 07:30:00+00:00","0.14","0.113","0.01544265"
"2010-09-01 08:00:00+00:00","0.087","0.225","0.01565175"
"2010-09-01 08:30:00+00:00","0.18","0.281","0.01565175"
"2010-09-01 09:00:00+00:00","0.269","0.506","0.0155472"
"2010-09-01 09:30:00+00:00","0.196","0.475","0.01550415"
"2010-09-01 10:00:00+00:00","0.159","0.638","0.01552875"
"2010-09-01 10:30:00+00:00","0.136","0.375","0.01552875"
"2010-09-01 11:00:00+00:00","0.16","0.481","0.01552875"
"2010-09-01 11:30:00+00:00","0.08","0.45","0.01552875"
"2010-09-01 12:00:00+00:00","0.146","0.438","0.01552875"
"2010-09-01 12:30:00+00:00","0.104","0.388","0.01552875"
"2010-09-01 13:00:00+00:00","0.308","0.319","0.01552875"
"2010-09-01 13:30:00+00:00","0.114","0.369","0.01552875"
"2010-09-01 14:00:00+00:00","0.168","0.425","0.01552875"
"2010-09-01 14:30:00+00:00","0.172","0.394","0.01552875"
"2010-09-01 15:00:00+00:00","0.14","0.213","0.0155226"
"2010-09-01 15:30:00+00:00","0.184","0.125","0.0155103"
"2010-09-01 16:00:00+00:00","0.11","0.075","0.01552875"
"2010-09-01 16:30:00+00:00","0.266","0.05","0.0154365"
"2010-09-01 17:00:00+00:00","0.149","0.019","0.0155349"
"2010-09-01 17:30:00+00:00","0.332","0.0","0.01557795"
"2010-09-01 18:00:00+00:00","0.136","0.0","0.0156825"
"2010-09-01 18:30:00+00:00","0.133","0.0","0.0155964"
"2010-09-01 19:00:00+00:00","0.212","0.0","0.01550415"
"2010-09-01 19:30:00+00:00","0.257","0.0","0.01566405"
"2010-09-01 20:00:00+00:00","0.243","0.0","0.01552875"
"2010-09-01 20:30:00+00:00","0.168","0.0","0.01546725"
"2010-09-01 21:00:00+00:00","0.241","0.0","0.01539345"
"2010-09-01 21:30:00+00:00","0.136","0.0","0.0151536"
"2010-09-01 22:00:00+00:00","0.11","0.0","0.0136776"
"2010-09-01 22:30:00+00:00","0.104","0.0","0.0155964"
"2010-09-01 23:00:00+00:00","0.103","0.0","0.01545495"
"2010-09-01 23:30:00+00:00","0.991","0.0","0.01543035"
"2010-09-02 00:00:00+00:00","0.102","0.0","0.01535655"
"2010-09-02 00:30:00+00:00","0.097","0.0","0.0151536"
"2010-09-02 01:00:00+00:00","0.105","0.0","0.01463085"
"2010-09-02 01:30:00+00:00","0.101","0.0","0.0152151"
"2010-09-02 02:00:00+00:00","0.118","0.0","0.0147477"
"2010-09-02 02:30:00+00:00","0.102","0.0","0.0136776"
"2010-09-02 03:00:00+00:00","0.107","0.0","0.0123123"
"2010-09-02 03:30:00+00:00","0.098","0.0","0.0110823"
"2010-09-02 04:00:00+00:00","0.101","0.0","0.011931"
"2010-09-02 04:30:00+00:00","0.105","0.0","0.0112914"
"2010-09-02 05:00:00+00:00","0.099","0.0","0.01230615"
"2010-09-02 05:30:00+00:00","0.117","0.0","0.01273665"
"2010-09-02 06:00:00+00:00","0.222","0.0","0.01466775"
"2010-09-02 06:30:00+00:00","0.139","0.0","0.01545495"
"2010-09-02 07:00:00+00:00","0.096","0.006","0.0156333"
"2010-09-02 07:30:00+00:00","0.092","0.006","0.01453245"
"2010-09-02 08:00:00+00:00","0.179","0.019","0.01557795"
"2010-09-02 08:30:00+00:00","0.084","0.013","0.01509825"
"2010-09-02 09:00:00+00:00","0.2","0.044","0.0143295"
"2010-09-02 09:30:00+00:00","0.064","0.219","0.01549185"
"2010-09-02 10:00:00+00:00","0.11","0.269","0.0154857"
"2010-09-02 10:30:00+00:00","0.097","0.356","0.01556565"
"2010-09-02 11:00:00+00:00","0.072","0.281","0.01552875"
"2010-09-02 11:30:00+00:00","0.152","0.494","0.01552875"
"2010-09-02 12:00:00+00:00","0.461","0.638","0.01552875"
"2010-09-02 12:30:00+00:00","0.169","0.681","0.0155103"
"2010-09-02 13:00:00+00:00","0.291","0.288","0.01552875"
"2010-09-02 13:30:00+00:00","0.113","0.175","0.0155349"
"2010-09-02 14:00:00+00:00","0.179","0.113","0.01552875"
"2010-09-02 14:30:00+00:00","0.111","0.019","0.0155226"
"2010-09-02 15:00:00+00:00","0.501","0.05","0.0153873"
"2010-09-02 15:30:00+00:00","0.217","0.056","0.0154611"
"2010-09-02 16:00:00+00:00","0.425","0.019","0.01545495"
"2010-09-02 16:30:00+00:00","0.333","0.013","0.01552875"
"2010-09-02 17:00:00+00:00","0.106","0.0","0.01552875"
"2010-09-02 17:30:00+00:00","0.117","0.0","0.01552875"
"2010-09-02 18:00:00+00:00","0.483","0.0","0.01567635"
"2010-09-02 18:30:00+00:00","0.167","0.0","0.0156825"
"2010-09-02 19:00:00+00:00","0.185","0.0","0.01561485"
"2010-09-02 19:30:00+00:00","0.29","0.0","0.01549185"
"2010-09-02 20:00:00+00:00","0.212","0.0","0.0155349"
"2010-09-02 20:30:00+00:00","0.134","0.0","0.01551645"
"2010-09-02 21:00:00+00:00","0.148","0.0","0.01549185"
"2010-09-02 21:30:00+00:00","0.134","0.0","0.01460625"
"2010-09-02 22:00:00+00:00","0.073","0.0","0.0127797"
"2010-09-02 22:30:00+00:00","0.15","0.0","0.01543035"
"2010-09-02 23:00:00+00:00","0.069","0.0","0.01538115"
"2010-09-02 23:30:00+00:00","0.11","0.0","0.01538115"
"2010-09-03 00:00:00+00:00","0.103","0.0","0.0149322"
"2010-09-03 00:30:00+00:00","0.064","0.0","0.01368375"
"2010-09-03 01:00:00+00:00","0.13","0.0","0.0130872"
"2010-09-03 01:30:00+00:00","0.07","0.0","0.01401585"
"2010-09-03 02:00:00+00:00","0.122","0.0","0.01203555"
"2010-09-03 02:30:00+00:00","0.09","0.0","0.0122016"
"2010-09-03 03:00:00+00:00","0.083","0.0","0.0086346"
"2010-09-03 03:30:00+00:00","0.105","0.0","0.00627915"
"2010-09-03 04:00:00+00:00","0.079","0.0","0.008118"
"2010-09-03 04:30:00+00:00","0.111","0.0","0.010455"
"2010-09-03 05:00:00+00:00","0.091","0.0","0.01140825"
"2010-09-03 05:30:00+00:00","0.099","0.0","0.0124107"
"2010-09-03 06:00:00+00:00","0.289","0.0","0.0145755"
"2010-09-03 06:30:00+00:00","0.126","0.0","0.0154488"
"2010-09-03 07:00:00+00:00","0.119","0.0","0.0160392"
"2010-09-03 07:30:00+00:00","0.136","0.0","0.01476"
"2010-09-03 08:00:00+00:00","0.344","0.006","0.0156087"
"2010-09-03 08:30:00+00:00","0.126","0.025","0.01554105"
"2010-09-03 09:00:00+00:00","0.136","0.063","0.01555335"
"2010-09-03 09:30:00+00:00","0.087","0.088","0.0155472"
"2010-09-03 10:00:00+00:00","0.117","0.138","0.01559025"
"2010-09-03 10:30:00+00:00","0.06","0.156","0.01567635"
"2010-09-03 11:00:00+00:00","0.115","0.106","0.01575015"
"2010-09-03 11:30:00+00:00","0.059","0.125","0.0156702"
"2010-09-03 12:00:00+00:00","0.102","0.144","0.01566405"
"2010-09-03 12:30:00+00:00","0.113","0.225","0.0156579"
"2010-09-03 13:00:00+00:00","0.095","0.194","0.01551645"
"2010-09-03 13:30:00+00:00","0.158","0.15","0.0155349"
"2010-09-03 14:00:00+00:00","0.119","0.144","0.0155226"
"2010-09-03 14:30:00+00:00","0.168","0.088","0.0155472"
"2010-09-03 15:00:00+00:00","0.122","0.125","0.01544265"
"2010-09-03 15:30:00+00:00","0.275","0.05","0.0154365"
"2010-09-03 16:00:00+00:00","0.131","0.044","0.01557795"
"2010-09-03 16:30:00+00:00","0.149","0.019","0.01560255"
"2010-09-03 17:00:00+00:00","0.254","0.0","0.01573785"
"2010-09-03 17:30:00+00:00","1.081","0.0","0.0157071"
"2010-09-03 18:00:00+00:00","1.424","0.0","0.01666035"
"2010-09-03 18:30:00+00:00","1.099","0.0","0.01684485"
"2010-09-03 19:00:00+00:00","1.086","0.0","0.0159408"
"2010-09-03 19:30:00+00:00","1.239","0.0","0.0155472"
"2010-09-03 20:00:00+00:00","1.132","0.0","0.0160515"
"2010-09-03 20:30:00+00:00","0.763","0.0","0.0157686"
"2010-09-03 21:00:00+00:00","0.112","0.0","0.01549185"
"2010-09-03 21:30:00+00:00","0.125","0.0","0.01552875"
"2010-09-03 22:00:00+00:00","0.124","0.006","0.0154734"
"2010-09-03 22:30:00+00:00","0.09","0.0","0.01572555"
"2010-09-03 23:00:00+00:00","0.107","0.0","0.01543035"
"2010-09-03 23:30:00+00:00","0.095","0.0","0.01560255"
"2010-09-04 00:00:00+00:00","0.115","0.0","0.01543035"
"2010-09-04 00:30:00+00:00","0.084","0.0","0.01538115"
"2010-09-04 01:00:00+00:00","0.134","0.0","0.01538115"
"2010-09-04 01:30:00+00:00","0.062","0.0","0.01540575"
"2010-09-04 02:00:00+00:00","0.114","0.0","0.0143541"
"2010-09-04 02:30:00+00:00","0.11","0.0","0.0119064"
"2010-09-04 03:00:00+00:00","0.07","0.0","0.0123"
"2010-09-04 03:30:00+00:00","0.138","0.0","0.01151895"
"2010-09-04 04:00:00+00:00","0.074","0.0","0.010455"
"2010-09-04 04:30:00+00:00","0.125","0.0","0.01022745"
"2010-09-04 05:00:00+00:00","0.095","0.0","0.0101229"
"2010-09-04 05:30:00+00:00","0.095","0.0","0.0120171"
"2010-09-04 06:00:00+00:00","0.102","0.0","0.01240455"
"2010-09-04 06:30:00+00:00","0.107","0.0","0.0129519"
"2010-09-04 07:00:00+00:00","0.101","0.0","0.01240455"
"2010-09-04 07:30:00+00:00","0.294","0.0","0.01429875"
"2010-09-04 08:00:00+00:00","0.116","0.0","0.0146247"
"2010-09-04 08:30:00+00:00","0.115","0.019","0.0153996"
"2010-09-04 09:00:00+00:00","0.143","0.044","0.01556565"
"2010-09-04 09:30:00+00:00","0.091","0.05","0.0156579"
"2010-09-04 10:00:00+00:00","0.109","0.075","0.01556565"
"2010-09-04 10:30:00+00:00","0.125","0.113","0.0155841"
"2010-09-04 11:00:00+00:00","0.631","0.094","0.0155595"
"2010-09-04 11:30:00+00:00","0.851","0.088","0.0155595"
"2010-09-04 12:00:00+00:00","0.403","0.05","0.0155595"
"2010-09-04 12:30:00+00:00","0.39","0.081","0.01563945"
"2010-09-04 13:00:00+00:00","0.14","0.144","0.0155595"
"2010-09-04 13:30:00+00:00","0.255","0.144","0.01544265"
"2010-09-04 14:00:00+00:00","0.085","0.169","0.015498"
"2010-09-04 14:30:00+00:00","0.247","0.088","0.0155595"
"2010-09-04 15:00:00+00:00","0.178","0.131","0.01555335"
"2010-09-04 15:30:00+00:00","0.218","0.144","0.01568865"
"2010-09-04 16:00:00+00:00","0.21","0.156","0.0155595"
"2010-09-04 16:30:00+00:00","0.252","0.088","0.0155595"
"2010-09-04 17:00:00+00:00","0.279","0.013","0.01556565"
"2010-09-04 17:30:00+00:00","0.519","0.0","0.0155226"
"2010-09-04 18:00:00+00:00","0.405","0.0","0.0160023"
"2010-09-04 18:30:00+00:00","0.254","0.0","0.01560255"
"2010-09-04 19:00:00+00:00","0.162","0.0","0.0155595"
"2010-09-04 19:30:00+00:00","0.186","0.0","0.01555335"
"2010-09-04 20:00:00+00:00","0.298","0.0","0.01552875"
"2010-09-04 20:30:00+00:00","0.2","0.0","0.0155595"
"2010-09-04 21:00:00+00:00","0.107","0.0","0.01559025"
"2010-09-04 21:30:00+00:00","0.15","0.0","0.0141204"
"2010-09-04 22:00:00+00:00","0.107","0.0","0.01369605"
"2010-09-04 22:30:00+00:00","0.094","0.0","0.0152151"
"2010-09-04 23:00:00+00:00","0.107","0.0","0.01490145"
"2010-09-04 23:30:00+00:00","0.081","0.0","0.01449555"
"2010-09-05 00:00:00+00:00","0.113","0.0","0.0129642"
"2010-09-05 00:30:00+00:00","0.081","0.0","0.0128658"
"2010-09-05 01:00:00+00:00","0.112","0.0","0.0122877"
"2010-09-05 01:30:00+00:00","0.096","0.0","0.0124353"
"2010-09-05 02:00:00+00:00","0.104","0.0","0.0105903"
"2010-09-05 02:30:00+00:00","0.095","0.0","0.01164195"
"2010-09-05 03:00:00+00:00","0.1","0.0","0.00995685"
"2010-09-05 03:30:00+00:00","0.093","0.0","0.00819795"
"2010-09-05 04:00:00+00:00","0.099","0.0","0.0067773"
"2010-09-05 04:30:00+00:00","0.093","0.0","0.00738"
"2010-09-05 05:00:00+00:00","0.092","0.0","0.00738"
"2010-09-05 05:30:00+00:00","0.098","0.0","0.0073062"
"2010-09-05 06:00:00+00:00","0.246","0.0","0.0080565"
"2010-09-05 06:30:00+00:00","0.13","0.0","0.0085116"
"2010-09-05 07:00:00+00:00","0.144","0.006","0.0106641"
"2010-09-05 07:30:00+00:00","0.143","0.113","0.01230615"
"2010-09-05 08:00:00+00:00","0.078","0.363","0.0130626"
"2010-09-05 08:30:00+00:00","0.275","0.494","0.0130134"
"2010-09-05 09:00:00+00:00","0.144","0.563","0.0130257"
"2010-09-05 09:30:00+00:00","0.344","0.7","0.01351155"
"2010-09-05 10:00:00+00:00","0.12","0.775","0.01440945"
"2010-09-05 10:30:00+00:00","0.186","0.831","0.01483995"
"2010-09-05 11:00:00+00:00","0.206","0.863","0.0145386"
"2010-09-05 11:30:00+00:00","0.101","0.881","0.01375755"
"2010-09-05 12:00:00+00:00","0.197","0.894","0.01471695"
"2010-09-05 12:30:00+00:00","0.159","0.881","0.0139605"
"2010-09-05 13:00:00+00:00","0.27","0.856","0.0132102"
"2010-09-05 13:30:00+00:00","0.167","0.819","0.0141327"
"2010-09-05 14:00:00+00:00","0.072","0.756","0.0138252"
"2010-09-05 14:30:00+00:00","0.173","0.7","0.0141081"
"2010-09-05 15:00:00+00:00","0.145","0.588","0.01463085"
"2010-09-05 15:30:00+00:00","0.157","0.488","0.01468005"
"2010-09-05 16:00:00+00:00","0.192","0.338","0.01531965"
"2010-09-05 16:30:00+00:00","0.158","0.206","0.01535655"
"2010-09-05 17:00:00+00:00","0.114","0.1","0.01538115"
"2010-09-05 17:30:00+00:00","0.154","0.013","0.01535655"
"2010-09-05 18:00:00+00:00","0.169","0.0","0.01549185"
"2010-09-05 18:30:00+00:00","0.15","0.0","0.01632825"
"2010-09-05 19:00:00+00:00","0.3","0.0","0.01570095"
"2010-09-05 19:30:00+00:00","1.024","0.0","0.01555335"
"2010-09-05 20:00:00+00:00","0.715","0.0","0.0155595"
"2010-09-05 20:30:00+00:00","0.278","0.0","0.01555335"
"2010-09-05 21:00:00+00:00","0.14","0.0","0.01555335"
"2010-09-05 21:30:00+00:00","0.102","0.0","0.0155103"
"2010-09-05 22:00:00+00:00","0.15","0.0","0.0149937"
"2010-09-05 22:30:00+00:00","0.065","0.0","0.01556565"
"2010-09-05 23:00:00+00:00","0.607","0.0","0.01543035"
"2010-09-05 23:30:00+00:00","0.465","0.0","0.01545495"
"2010-09-06 00:00:00+00:00","0.102","0.0","0.01530735"
"2010-09-06 00:30:00+00:00","0.109","0.0","0.015129"
"2010-09-06 01:00:00+00:00","0.068","0.0","0.01498755"
"2010-09-06 01:30:00+00:00","0.125","0.0","0.01503675"
"2010-09-06 02:00:00+00:00","0.067","0.0","0.01497525"
"2010-09-06 02:30:00+00:00","0.122","0.006","0.01447095"
"2010-09-06 03:00:00+00:00","0.09","0.0","0.0138006"
"2010-09-06 03:30:00+00:00","0.099","0.0","0.01283505"
"2010-09-06 04:00:00+00:00","0.092","0.0","0.01303185"
"2010-09-06 04:30:00+00:00","0.115","0.0","0.01229385"
"2010-09-06 05:00:00+00:00","0.074","0.0","0.0122754"
"2010-09-06 05:30:00+00:00","0.125","0.0","0.01399125"
"2010-09-06 06:00:00+00:00","0.06","0.0","0.01509825"
"2010-09-06 06:30:00+00:00","0.317","0.0","0.0154119"
"2010-09-06 07:00:00+00:00","0.209","0.006","0.01648815"
"2010-09-06 07:30:00+00:00","0.141","0.106","0.0152274"
"2010-09-06 08:00:00+00:00","0.177","0.394","0.0155595"
"2010-09-06 08:30:00+00:00","0.069","0.538","0.0155595"
"2010-09-06 09:00:00+00:00","0.127","0.638","0.01555335"
"2010-09-06 09:30:00+00:00","0.067","0.731","0.0155595"
"2010-09-06 10:00:00+00:00","0.114","0.8","0.0155595"
"2010-09-06 10:30:00+00:00","0.084","0.844","0.0155595"
"2010-09-06 11:00:00+00:00","0.148","0.875","0.0155595"
"2010-09-06 11:30:00+00:00","0.21","0.863","0.0155226"
"2010-09-06 12:00:00+00:00","0.231","0.738","0.0155595"
"2010-09-06 12:30:00+00:00","0.191","0.681","0.01555335"
"2010-09-06 13:00:00+00:00","0.233","0.769","0.0155595"
"2010-09-06 13:30:00+00:00","0.13","0.475","0.0155595"
"2010-09-06 14:00:00+00:00","0.174","0.65","0.01555335"
"2010-09-06 14:30:00+00:00","0.137","0.531","0.0155595"
"2010-09-06 15:00:00+00:00","0.299","0.288","0.0155226"
"2010-09-06 15:30:00+00:00","0.214","0.225","0.01545495"
"2010-09-06 16:00:00+00:00","0.277","0.15","0.0155349"
"2010-09-06 16:30:00+00:00","0.245","0.225","0.01552875"
"2010-09-06 17:00:00+00:00","0.14","0.056","0.01555335"
"2010-09-06 17:30:00+00:00","0.252","0.006","0.015621"
"2010-09-06 18:00:00+00:00","0.39","0.0","0.01768125"
"2010-09-06 18:30:00+00:00","0.167","0.0","0.01876365"
"2010-09-06 19:00:00+00:00","0.23","0.0","0.01920645"
"2010-09-06 19:30:00+00:00","0.408","0.0","0.0172323"
"2010-09-06 20:00:00+00:00","0.273","0.0","0.01634055"
"2010-09-06 20:30:00+00:00","0.165","0.0","0.01598385"
"2010-09-06 21:00:00+00:00","0.134","0.0","0.01576245"
"2010-09-06 21:30:00+00:00","0.098","0.0","0.01555335"
"2010-09-06 22:00:00+00:00","0.094","0.0","0.01552875"
"2010-09-06 22:30:00+00:00","0.096","0.0","0.0165804"
"2010-09-06 23:00:00+00:00","0.102","0.0","0.0155595"
"2010-09-06 23:30:00+00:00","0.084","0.0","0.01563945"
"2010-09-07 00:00:00+00:00","0.1","0.0","0.01550415"
"2010-09-07 00:30:00+00:00","0.105","0.0","0.01555335"
"2010-09-07 01:00:00+00:00","0.074","0.0","0.01554105"
"2010-09-07 01:30:00+00:00","0.129","0.0","0.01629135"
"2010-09-07 02:00:00+00:00","0.053","0.0","0.01544265"
"2010-09-07 02:30:00+00:00","0.127","0.0","0.01554105"
"2010-09-07 03:00:00+00:00","0.072","0.0","0.01468005"
"2010-09-07 03:30:00+00:00","0.105","0.0","0.0138252"
"2010-09-07 04:00:00+00:00","0.09","0.0","0.01225695"
"2010-09-07 04:30:00+00:00","0.089","0.0","0.01229385"
"2010-09-07 05:00:00+00:00","0.085","0.0","0.01272435"
"2010-09-07 05:30:00+00:00","0.101","0.0","0.0150183"
"2010-09-07 06:00:00+00:00","0.087","0.0","0.01595925"
"2010-09-07 06:30:00+00:00","0.287","0.0","0.0162237"
"2010-09-07 07:00:00+00:00","0.115","0.0","0.01761975"
"2010-09-07 07:30:00+00:00","0.107","0.019","0.01625445"
"2010-09-07 08:00:00+00:00","0.199","0.063","0.0180441"
"2010-09-07 08:30:00+00:00","0.132","0.2","0.01814865"
"2010-09-07 09:00:00+00:00","0.167","0.394","0.0161622"
"2010-09-07 09:30:00+00:00","0.049","0.731","0.0163098"
"2010-09-07 10:00:00+00:00","0.128","0.738","0.0155841"
"2010-09-07 10:30:00+00:00","0.144","0.731","0.0155595"
"2010-09-07 11:00:00+00:00","0.097","0.863","0.0155226"
"2010-09-07 11:30:00+00:00","0.088","0.456","0.01554105"
"2010-09-07 12:00:00+00:00","0.093","0.431","0.01555335"
"2010-09-07 12:30:00+00:00","0.088","0.519","0.0155595"
"2010-09-07 13:00:00+00:00","0.113","0.725","0.01555335"
"2010-09-07 13:30:00+00:00","0.073","0.506","0.015621"
"2010-09-07 14:00:00+00:00","0.129","0.806","0.0155595"
"2010-09-07 14:30:00+00:00","0.055","0.675","0.0155595"
"2010-09-07 15:00:00+00:00","0.132","0.563","0.0155595"
"2010-09-07 15:30:00+00:00","0.055","0.431","0.0155472"
"2010-09-07 16:00:00+00:00","0.124","0.238","0.01555335"
"2010-09-07 16:30:00+00:00","0.067","0.219","0.0155595"
"2010-09-07 17:00:00+00:00","0.11","0.094","0.0155718"
"2010-09-07 17:30:00+00:00","0.09","0.006","0.0155718"
"2010-09-07 18:00:00+00:00","0.092","0.0","0.01791495"
"2010-09-07 18:30:00+00:00","0.085","0.0","0.02483985"
"2010-09-07 19:00:00+00:00","0.084","0.0","0.0315987"
"2010-09-07 19:30:00+00:00","0.087","0.0","0.016728"
"2010-09-07 20:00:00+00:00","0.093","0.0","0.0165435"
"2010-09-07 20:30:00+00:00","0.076","0.0","0.0164943"
"2010-09-07 21:00:00+00:00","0.094","0.0","0.01581165"
"2010-09-07 21:30:00+00:00","0.075","0.0","0.0155472"
"2010-09-07 22:00:00+00:00","0.288","0.0","0.0155103"
"2010-09-07 22:30:00+00:00","0.156","0.0","0.0159162"
"2010-09-07 23:00:00+00:00","0.118","0.0","0.015498"
"2010-09-07 23:30:00+00:00","0.137","0.0","0.0155349"
"2010-09-08 00:00:00+00:00","0.087","0.0","0.0154119"
"2010-09-08 00:30:00+00:00","0.141","0.0","0.0153135"
"2010-09-08 01:00:00+00:00","0.054","0.0","0.0152889"
"2010-09-08 01:30:00+00:00","0.123","0.0","0.0152889"
"2010-09-08 02:00:00+00:00","0.07","0.0","0.0152643"
"2010-09-08 02:30:00+00:00","0.108","0.0","0.01379445"
"2010-09-08 03:00:00+00:00","0.096","0.0","0.0123984"
"2010-09-08 03:30:00+00:00","0.079","0.0","0.0114513"
"2010-09-08 04:00:00+00:00","0.11","0.0","0.01011675"
"2010-09-08 04:30:00+00:00","0.068","0.0","0.0107379"
"2010-09-08 05:00:00+00:00","0.118","0.0","0.01206015"
"2010-09-08 05:30:00+00:00","0.079","0.0","0.0126444"
"2010-09-08 06:00:00+00:00","0.104","0.0","0.01486455"
"2010-09-08 06:30:00+00:00","0.111","0.0","0.01541805"
"2010-09-08 07:00:00+00:00","0.265","0.013","0.016974"
"2010-09-08 07:30:00+00:00","0.099","0.125","0.01549185"
"2010-09-08 08:00:00+00:00","0.104","0.406","0.0155595"
"2010-09-08 08:30:00+00:00","0.157","0.538","0.0155595"
"2010-09-08 09:00:00+00:00","0.126","0.638","0.0155472"
"2010-09-08 09:30:00+00:00","0.124","0.719","0.0155595"
"2010-09-08 10:00:00+00:00","0.197","0.781","0.0155595"
"2010-09-08 10:30:00+00:00","0.312","0.831","0.01555335"
"2010-09-08 11:00:00+00:00","0.22","0.856","0.0155595"
"2010-09-08 11:30:00+00:00","0.093","0.875","0.0155472"
"2010-09-08 12:00:00+00:00","0.098","0.875","0.01552875"
"2010-09-08 12:30:00+00:00","0.156","0.863","0.01552875"
"2010-09-08 13:00:00+00:00","0.27","0.838","0.01552875"
"2010-09-08 13:30:00+00:00","0.144","0.8","0.01552875"
"2010-09-08 14:00:00+00:00","1.205","0.744","0.01552875"
"2010-09-08 14:30:00+00:00","0.368","0.669","0.01552875"
"2010-09-08 15:00:00+00:00","0.196","0.581","0.0154857"
"2010-09-08 15:30:00+00:00","0.247","0.475","0.0151659"
"2010-09-08 16:00:00+00:00","0.134","0.356","0.01527045"
"2010-09-08 16:30:00+00:00","0.146","0.213","0.0154488"
"2010-09-08 17:00:00+00:00","0.133","0.081","0.01550415"
"2010-09-08 17:30:00+00:00","0.303","0.0","0.01555335"
"2010-09-08 18:00:00+00:00","0.152","0.0","0.0163836"
"2010-09-08 18:30:00+00:00","0.171","0.0","0.0165558"
"2010-09-08 19:00:00+00:00","0.169","0.0","0.0163344"
"2010-09-08 19:30:00+00:00","0.225","0.0","0.01575015"
"2010-09-08 20:00:00+00:00","0.292","0.0","0.0155595"
"2010-09-08 20:30:00+00:00","0.11","0.0","0.01555335"
"2010-09-08 21:00:00+00:00","0.236","0.0","0.0155595"
"2010-09-08 21:30:00+00:00","0.099","0.0","0.01555335"
"2010-09-08 22:00:00+00:00","0.118","0.0","0.01552875"
"2010-09-08 22:30:00+00:00","0.092","0.0","0.01599"
"2010-09-08 23:00:00+00:00","0.108","0.0","0.01550415"
"2010-09-08 23:30:00+00:00","0.072","0.0","0.0154119"
"2010-09-09 00:00:00+00:00","0.131","0.0","0.0152028"
"2010-09-09 00:30:00+00:00","0.05","0.0","0.0143295"
"2010-09-09 01:00:00+00:00","0.121","0.0","0.01310565"
"2010-09-09 01:30:00+00:00","0.081","0.0","0.0152889"
"2010-09-09 02:00:00+00:00","0.094","0.0","0.01428645"
"2010-09-09 02:30:00+00:00","0.089","0.0","0.0127059"
"2010-09-09 03:00:00+00:00","0.084","0.0","0.01206015"
"2010-09-09 03:30:00+00:00","0.087","0.0","0.0119679"
"2010-09-09 04:00:00+00:00","0.104","0.0","0.0121155"
"2010-09-09 04:30:00+00:00","0.076","0.0","0.0116973"
"2010-09-09 05:00:00+00:00","0.084","0.0","0.0122508"
"2010-09-09 05:30:00+00:00","0.103","0.0","0.01281045"
"2010-09-09 06:00:00+00:00","0.084","0.0","0.0151044"
"2010-09-09 06:30:00+00:00","0.144","0.0","0.0153627"
"2010-09-09 07:00:00+00:00","0.189","0.025","0.0164205"
"2010-09-09 07:30:00+00:00","0.135","0.038","0.01530735"
"2010-09-09 08:00:00+00:00","0.087","0.05","0.01605765"
"2010-09-09 08:30:00+00:00","0.138","0.2","0.0155595"
"2010-09-09 09:00:00+00:00","0.132","0.356","0.01554105"
"2010-09-09 09:30:00+00:00","0.109","0.406","0.01555335"
"2010-09-09 10:00:00+00:00","0.061","0.731","0.0155595"
"2010-09-09 10:30:00+00:00","0.106","0.744","0.0155595"
"2010-09-09 11:00:00+00:00","0.07","0.681","0.0155595"
"2010-09-09 11:30:00+00:00","0.097","0.65","0.0155595"
"2010-09-09 12:00:00+00:00","0.096","0.413","0.0155595"
"2010-09-09 12:30:00+00:00","0.073","0.281","0.01556565"
"2010-09-09 13:00:00+00:00","0.115","0.156","0.0155595"
"2010-09-09 13:30:00+00:00","0.095","0.25","0.0155841"
"2010-09-09 14:00:00+00:00","0.369","0.144","0.0155595"
"2010-09-09 14:30:00+00:00","0.173","0.175","0.0155595"
"2010-09-09 15:00:00+00:00","0.148","0.275","0.0155595"
"2010-09-09 15:30:00+00:00","0.15","0.081","0.0155841"
"2010-09-09 16:00:00+00:00","0.518","0.006","0.0155595"
"2010-09-09 16:30:00+00:00","1.077","0.006","0.0155595"
"2010-09-09 17:00:00+00:00","1.069","0.0","0.0155595"
"2010-09-09 17:30:00+00:00","1.077","0.0","0.0157194"
"2010-09-09 18:00:00+00:00","1.335","0.0","0.016482"
"2010-09-09 18:30:00+00:00","1.258","0.0","0.01738605"
"2010-09-09 19:00:00+00:00","1.121","0.0","0.01761975"
"2010-09-09 19:30:00+00:00","1.135","0.0","0.0163221"
"2010-09-09 20:00:00+00:00","1.29","0.0","0.01556565"
"2010-09-09 20:30:00+00:00","1.289","0.0","0.01567635"
"2010-09-09 21:00:00+00:00","0.639","0.0","0.01555335"
"2010-09-09 21:30:00+00:00","0.133","0.0","0.01554105"
"2010-09-09 22:00:00+00:00","0.129","0.0","0.01551645"
"2010-09-09 22:30:00+00:00","0.089","0.0","0.01579935"
"2010-09-09 23:00:00+00:00","0.136","0.0","0.01554105"
"2010-09-09 23:30:00+00:00","0.053","0.0","0.0154365"
"2010-09-10 00:00:00+00:00","0.578","0.0","0.0154119"
"2010-09-10 00:30:00+00:00","0.508","0.0","0.01524585"
"2010-09-10 01:00:00+00:00","0.093","0.0","0.0148707"
"2010-09-10 01:30:00+00:00","0.11","0.0","0.0152889"
"2010-09-10 02:00:00+00:00","0.056","0.0","0.01429875"
"2010-09-10 02:30:00+00:00","0.127","0.0","0.0127182"
"2010-09-10 03:00:00+00:00","0.078","0.0","0.0106395"
"2010-09-10 03:30:00+00:00","0.114","0.0","0.0100368"
"2010-09-10 04:00:00+00:00","0.269","0.0","0.0093111"
"2010-09-10 04:30:00+00:00","0.129","0.0","0.00944025"
"2010-09-10 05:00:00+00:00","0.088","0.0","0.0109716"
"2010-09-10 05:30:00+00:00","0.129","0.0","0.01233075"
"2010-09-10 06:00:00+00:00","0.096","0.0","0.0138129"
"2010-09-10 06:30:00+00:00","0.118","0.0","0.01523355"
"2010-09-10 07:00:00+00:00","0.187","0.013","0.01561485"
"2010-09-10 07:30:00+00:00","0.118","0.131","0.0147354"
"2010-09-10 08:00:00+00:00","0.152","0.394","0.0155595"
"2010-09-10 08:30:00+00:00","0.065","0.513","0.01554105"
"2010-09-10 09:00:00+00:00","0.134","0.606","0.0155595"
"2010-09-10 09:30:00+00:00","0.049","0.694","0.0155595"
"2010-09-10 10:00:00+00:00","0.125","0.756","0.01557795"
"2010-09-10 10:30:00+00:00","0.074","0.881","0.01566405"
"2010-09-10 11:00:00+00:00","0.103","0.7","0.0155595"
"2010-09-10 11:30:00+00:00","0.099","0.681","0.0155595"
"2010-09-10 12:00:00+00:00","0.086","0.838","0.0155595"
"2010-09-10 12:30:00+00:00","0.121","0.719","0.0155595"
"2010-09-10 13:00:00+00:00","0.471","0.706","0.0155595"
"2010-09-10 13:30:00+00:00","0.184","0.394","0.0155595"
"2010-09-10 14:00:00+00:00","0.266","0.456","0.0155595"
"2010-09-10 14:30:00+00:00","0.165","0.663","0.01554105"
"2010-09-10 15:00:00+00:00","0.097","0.469","0.01551645"
"2010-09-10 15:30:00+00:00","0.121","0.081","0.0155472"
"2010-09-10 16:00:00+00:00","0.204","0.081","0.0155472"
"2010-09-10 16:30:00+00:00","0.144","0.031","0.01555335"
"2010-09-10 17:00:00+00:00","0.222","0.044","0.01554105"
"2010-09-10 17:30:00+00:00","0.096","0.006","0.015498"
"2010-09-10 18:00:00+00:00","0.141","0.0","0.01571325"
"2010-09-10 18:30:00+00:00","0.087","0.0","0.01561485"
"2010-09-10 19:00:00+00:00","0.116","0.0","0.01556565"
"2010-09-10 19:30:00+00:00","0.09","0.0","0.0155103"
"2010-09-10 20:00:00+00:00","0.112","0.0","0.0155595"
"2010-09-10 20:30:00+00:00","0.095","0.0","0.0155841"
"2010-09-10 21:00:00+00:00","0.12","0.0","0.0155595"
"2010-09-10 21:30:00+00:00","0.269","0.0","0.0155595"
"2010-09-10 22:00:00+00:00","0.155","0.0","0.0155472"
"2010-09-10 22:30:00+00:00","0.158","0.0","0.01588545"
"2010-09-10 23:00:00+00:00","0.059","0.0","0.0155472"
"2010-09-10 23:30:00+00:00","0.126","0.0","0.01559025"
"2010-09-11 00:00:00+00:00","0.088","0.0","0.0155718"
"2010-09-11 00:30:00+00:00","0.084","0.0","0.0154488"
"2010-09-11 01:00:00+00:00","0.124","0.0","0.0153135"
"2010-09-11 01:30:00+00:00","0.053","0.0","0.01599"
"2010-09-11 02:00:00+00:00","0.131","0.0","0.01533195"
"2010-09-11 02:30:00+00:00","0.078","0.0","0.0148338"
"2010-09-11 03:00:00+00:00","0.113","0.0","0.01250295"
"2010-09-11 03:30:00+00:00","0.09","0.0","0.0123369"
"2010-09-11 04:00:00+00:00","0.09","0.0","0.01049805"
"2010-09-11 04:30:00+00:00","0.093","0.0","0.0109224"
"2010-09-11 05:00:00+00:00","0.106","0.0","0.0121647"
"2010-09-11 05:30:00+00:00","0.083","0.0","0.01230615"
"2010-09-11 06:00:00+00:00","0.259","0.0","0.01230615"
"2010-09-11 06:30:00+00:00","0.116","0.0","0.0126936"
"2010-09-11 07:00:00+00:00","0.092","0.006","0.0134562"
"2010-09-11 07:30:00+00:00","0.151","0.138","0.0149445"
"2010-09-11 08:00:00+00:00","0.06","0.425","0.01554105"
"2010-09-11 08:30:00+00:00","0.232","0.55","0.01556565"
"2010-09-11 09:00:00+00:00","0.356","0.638","0.0157194"
"2010-09-11 09:30:00+00:00","0.143","0.719","0.0155595"
"2010-09-11 10:00:00+00:00","0.094","0.788","0.0155595"
"2010-09-11 10:30:00+00:00","0.081","0.844","0.0155472"
"2010-09-11 11:00:00+00:00","0.103","0.875","0.0155595"
"2010-09-11 11:30:00+00:00","0.079","0.881","0.0155595"
"2010-09-11 12:00:00+00:00","0.102","0.875","0.0155349"
"2010-09-11 12:30:00+00:00","0.082","0.863","0.0152766"
"2010-09-11 13:00:00+00:00","0.107","0.844","0.0145263"
"2010-09-11 13:30:00+00:00","0.347","0.806","0.01449555"
"2010-09-11 14:00:00+00:00","0.203","0.75","0.0139728"
"2010-09-11 14:30:00+00:00","0.12","0.681","0.01354845"
"2010-09-11 15:00:00+00:00","0.196","0.588","0.0136899"
"2010-09-11 15:30:00+00:00","0.168","0.481","0.01378215"
"2010-09-11 16:00:00+00:00","0.324","0.363","0.01374525"
"2010-09-11 16:30:00+00:00","0.127","0.225","0.01353"
"2010-09-11 17:00:00+00:00","0.36","0.081","0.01406505"
"2010-09-11 17:30:00+00:00","0.903","0.0","0.01469235"
"2010-09-11 18:00:00+00:00","0.781","0.0","0.01581165"
"2010-09-11 18:30:00+00:00","0.277","0.0","0.0169986"
"2010-09-11 19:00:00+00:00","0.174","0.0","0.01648815"
"2010-09-11 19:30:00+00:00","0.219","0.0","0.01555335"
"2010-09-11 20:00:00+00:00","0.223","0.0","0.01560255"
"2010-09-11 20:30:00+00:00","0.193","0.0","0.0155103"
"2010-09-11 21:00:00+00:00","0.229","0.0","0.01552875"
"2010-09-11 21:30:00+00:00","0.185","0.0","0.0155595"
"2010-09-11 22:00:00+00:00","0.107","0.0","0.01556565"
"2010-09-11 22:30:00+00:00","0.109","0.0","0.01555335"
"2010-09-11 23:00:00+00:00","0.099","0.0","0.0155349"
"2010-09-11 23:30:00+00:00","0.116","0.0","0.0157194"
"2010-09-12 00:00:00+00:00","0.098","0.0","0.015375"
"2010-09-12 00:30:00+00:00","0.088","0.0","0.01506135"
"2010-09-12 01:00:00+00:00","0.132","0.0","0.01481535"
"2010-09-12 01:30:00+00:00","0.065","0.0","0.0152889"
"2010-09-12 02:00:00+00:00","0.132","0.0","0.01459395"
"2010-09-12 02:30:00+00:00","0.094","0.0","0.0138252"
"2010-09-12 03:00:00+00:00","0.108","0.0","0.0123492"
"2010-09-12 03:30:00+00:00","0.095","0.0","0.0114882"
"2010-09-12 04:00:00+00:00","0.128","0.0","0.0116481"
"2010-09-12 04:30:00+00:00","0.065","0.0","0.01064565"
"2010-09-12 05:00:00+00:00","0.121","0.0","0.0114882"
"2010-09-12 05:30:00+00:00","0.093","0.0","0.01230615"
"2010-09-12 06:00:00+00:00","0.085","0.0","0.0123"
"2010-09-12 06:30:00+00:00","0.115","0.006","0.0123"
"2010-09-12 07:00:00+00:00","0.196","0.025","0.0124845"
"2010-09-12 07:30:00+00:00","0.127","0.169","0.01250295"
"2010-09-12 08:00:00+00:00","0.114","0.425","0.01305645"
"2010-09-12 08:30:00+00:00","0.098","0.538","0.013407"
"2010-09-12 09:00:00+00:00","0.198","0.575","0.0138498"
"2010-09-12 09:30:00+00:00","0.73","0.6","0.01476"
"2010-09-12 10:00:00+00:00","0.455","0.631","0.01474155"
"2010-09-12 10:30:00+00:00","0.151","0.769","0.0147108"
"2010-09-12 11:00:00+00:00","0.289","0.85","0.01471695"
"2010-09-12 11:30:00+00:00","0.103","0.856","0.0137022"
"2010-09-12 12:00:00+00:00","0.134","0.756","0.0137268"
"2010-09-12 12:30:00+00:00","0.359","0.8","0.0136653"
"2010-09-12 13:00:00+00:00","0.302","0.775","0.0134193"
"2010-09-12 13:30:00+00:00","0.073","0.744","0.01329015"
"2010-09-12 14:00:00+00:00","0.289","0.606","0.01327785"
"2010-09-12 14:30:00+00:00","0.218","0.531","0.01322865"
"2010-09-12 15:00:00+00:00","0.166","0.456","0.013407"
"2010-09-12 15:30:00+00:00","0.119","0.313","0.01326555"
"2010-09-12 16:00:00+00:00","0.196","0.263","0.01349925"
"2010-09-12 16:30:00+00:00","0.129","0.175","0.01358535"
"2010-09-12 17:00:00+00:00","0.179","0.031","0.0139482"
"2010-09-12 17:30:00+00:00","0.143","0.006","0.0142803"
"2010-09-12 18:00:00+00:00","0.163","0.0","0.01602075"
"2010-09-12 18:30:00+00:00","0.262","0.0","0.01723845"
"2010-09-12 19:00:00+00:00","0.192","0.0","0.0163098"
"2010-09-12 19:30:00+00:00","0.34","0.0","0.01561485"
"2010-09-12 20:00:00+00:00","0.164","0.0","0.0155595"
"2010-09-12 20:30:00+00:00","0.126","0.0","0.01555335"
"2010-09-12 21:00:00+00:00","0.115","0.0","0.0155595"
"2010-09-12 21:30:00+00:00","0.114","0.0","0.01555335"
"2010-09-12 22:00:00+00:00","0.088","0.0","0.01539345"
"2010-09-12 22:30:00+00:00","0.115","0.0","0.01531965"
"2010-09-12 23:00:00+00:00","0.077","0.0","0.0152889"
"2010-09-12 23:30:00+00:00","0.105","0.0","0.0149691"
"2010-09-13 00:00:00+00:00","0.114","0.0","0.01397895"
"2010-09-13 00:30:00+00:00","0.076","0.0","0.01276125"
"2010-09-13 01:00:00+00:00","0.136","0.0","0.0123246"
"2010-09-13 01:30:00+00:00","0.054","0.0","0.0146001"
"2010-09-13 02:00:00+00:00","0.133","0.0","0.01272435"
"2010-09-13 02:30:00+00:00","0.076","0.0","0.01233075"
"2010-09-13 03:00:00+00:00","0.107","0.0","0.01230615"
"2010-09-13 03:30:00+00:00","0.108","0.0","0.01123605"
"2010-09-13 04:00:00+00:00","0.074","0.0","0.0123"
"2010-09-13 04:30:00+00:00","0.118","0.0","0.01222005"
"2010-09-13 05:00:00+00:00","0.07","0.0","0.0123"
"2010-09-13 05:30:00+00:00","0.117","0.0","0.0129396"
"2010-09-13 06:00:00+00:00","0.087","0.0","0.01533195"
"2010-09-13 06:30:00+00:00","0.272","0.0","0.015375"
"2010-09-13 07:00:00+00:00","0.198","0.0","0.0160023"
"2010-09-13 07:30:00+00:00","0.153","0.006","0.0151044"
"2010-09-13 08:00:00+00:00","0.086","0.044","0.0156087"
"2010-09-13 08:30:00+00:00","0.118","0.056","0.0155595"
"2010-09-13 09:00:00+00:00","0.059","0.15","0.0155595"
"2010-09-13 09:30:00+00:00","0.103","0.375","0.0155595"
"2010-09-13 10:00:00+00:00","0.119","0.619","0.0155595"
"2010-09-13 10:30:00+00:00","0.144","0.656","0.01555335"
"2010-09-13 11:00:00+00:00","0.175","0.719","0.01555335"
"2010-09-13 11:30:00+00:00","0.061","0.644","0.0155595"
"2010-09-13 12:00:00+00:00","0.154","0.775","0.01555335"
"2010-09-13 12:30:00+00:00","0.101","0.606","0.0155595"
"2010-09-13 13:00:00+00:00","0.18","0.394","0.0155595"
"2010-09-13 13:30:00+00:00","0.209","0.813","0.0155595"
"2010-09-13 14:00:00+00:00","0.159","0.631","0.0155472"
"2010-09-13 14:30:00+00:00","0.139","0.569","0.0156456"
"2010-09-13 15:00:00+00:00","0.132","0.506","0.0155349"
"2010-09-13 15:30:00+00:00","0.181","0.456","0.0155349"
"2010-09-13 16:00:00+00:00","0.069","0.188","0.01554105"
"2010-09-13 16:30:00+00:00","0.2","0.113","0.0155226"
"2010-09-13 17:00:00+00:00","0.061","0.05","0.01554105"
"2010-09-13 17:30:00+00:00","0.216","0.0","0.0155595"
"2010-09-13 18:00:00+00:00","0.156","0.0","0.0163959"
"2010-09-13 18:30:00+00:00","0.563","0.0","0.01729995"
"2010-09-13 19:00:00+00:00","0.178","0.0","0.01640205"
"2010-09-13 19:30:00+00:00","0.426","0.0","0.0155472"
"2010-09-13 20:00:00+00:00","0.211","0.0","0.0155595"
"2010-09-13 20:30:00+00:00","0.168","0.0","0.01555335"
"2010-09-13 21:00:00+00:00","0.196","0.0","0.01555335"
"2010-09-13 21:30:00+00:00","0.105","0.0","0.01545495"
"2010-09-13 22:00:00+00:00","0.15","0.0","0.01458165"
"2010-09-13 22:30:00+00:00","0.081","0.006","0.01581165"
"2010-09-13 23:00:00+00:00","0.119","0.0","0.0154857"
"2010-09-13 23:30:00+00:00","0.077","0.0","0.01559025"
"2010-09-14 00:00:00+00:00","0.111","0.0","0.0154365"
"2010-09-14 00:30:00+00:00","0.097","0.0","0.01522125"
"2010-09-14 01:00:00+00:00","0.085","0.0","0.0151782"
"2010-09-14 01:30:00+00:00","0.126","0.0","0.0152889"
"2010-09-14 02:00:00+00:00","0.068","0.0","0.0151905"
"2010-09-14 02:30:00+00:00","0.141","0.0","0.0144156"
"2010-09-14 03:00:00+00:00","0.059","0.0","0.01365915"
"2010-09-14 03:30:00+00:00","0.128","0.0","0.01237995"
"2010-09-14 04:00:00+00:00","0.079","0.0","0.0123123"
"2010-09-14 04:30:00+00:00","0.1","0.0","0.0118941"
"2010-09-14 05:00:00+00:00","0.106","0.0","0.0123861"
"2010-09-14 05:30:00+00:00","0.069","0.0","0.0138744"
"2010-09-14 06:00:00+00:00","0.65","0.0","0.01538115"
"2010-09-14 06:30:00+00:00","0.576","0.0","0.0167157"
"2010-09-14 07:00:00+00:00","0.217","0.006","0.01849305"
"2010-09-14 07:30:00+00:00","0.093","0.025","0.01470465"
"2010-09-14 08:00:00+00:00","0.281","0.175","0.01648815"
"2010-09-14 08:30:00+00:00","0.085","0.488","0.01583625"
"2010-09-14 09:00:00+00:00","0.124","0.281","0.0143541"
"2010-09-14 09:30:00+00:00","0.083","0.319","0.01555335"
"2010-09-14 10:00:00+00:00","0.087","0.263","0.0155595"
"2010-09-14 10:30:00+00:00","0.171","0.25","0.0155595"
"2010-09-14 11:00:00+00:00","0.102","0.15","0.0155595"
"2010-09-14 11:30:00+00:00","0.14","0.088","0.0155595"
"2010-09-14 12:00:00+00:00","0.05","0.063","0.0155595"
"2010-09-14 12:30:00+00:00","0.142","0.081","0.0155595"
"2010-09-14 13:00:00+00:00","0.067","0.45","0.0155595"
"2010-09-14 13:30:00+00:00","0.285","0.35","0.01551645"
"2010-09-14 14:00:00+00:00","0.121","0.106","0.01552875"
"2010-09-14 14:30:00+00:00","0.128","0.138","0.0155595"
"2010-09-14 15:00:00+00:00","0.152","0.125","0.01555335"
"2010-09-14 15:30:00+00:00","0.155","0.056","0.01555335"
"2010-09-14 16:00:00+00:00","0.139","0.163","0.0155964"
"2010-09-14 16:30:00+00:00","0.295","0.031","0.0155595"
"2010-09-14 17:00:00+00:00","0.162","0.019","0.0155595"
"2010-09-14 17:30:00+00:00","0.495","0.0","0.0155595"
"2010-09-14 18:00:00+00:00","0.25","0.0","0.0155964"
"2010-09-14 18:30:00+00:00","0.174","0.0","0.01584855"
"2010-09-14 19:00:00+00:00","0.178","0.0","0.01573785"
"2010-09-14 19:30:00+00:00","0.18","0.0","0.01552875"
"2010-09-14 20:00:00+00:00","0.304","0.0","0.01552875"
"2010-09-14 20:30:00+00:00","0.178","0.0","0.01555335"
"2010-09-14 21:00:00+00:00","0.113","0.0","0.0155103"
"2010-09-14 21:30:00+00:00","0.146","0.0","0.01551645"
"2010-09-14 22:00:00+00:00","0.093","0.0","0.01406505"
"2010-09-14 22:30:00+00:00","0.147","0.0","0.01549185"
"2010-09-14 23:00:00+00:00","0.06","0.0","0.0152889"
"2010-09-14 23:30:00+00:00","0.145","0.0","0.01475385"
"2010-09-15 00:00:00+00:00","0.055","0.0","0.0138621"
"2010-09-15 00:30:00+00:00","0.131","0.0","0.0129888"
"2010-09-15 01:00:00+00:00","0.072","0.0","0.01251525"
"2010-09-15 01:30:00+00:00","0.112","0.0","0.0143664"
"2010-09-15 02:00:00+00:00","0.102","0.0","0.01335165"
"2010-09-15 02:30:00+00:00","0.087","0.0","0.011931"
"2010-09-15 03:00:00+00:00","0.121","0.0","0.0089544"
"2010-09-15 03:30:00+00:00","0.074","0.0","0.0090651"
"2010-09-15 04:00:00+00:00","0.132","0.0","0.00809955"
"2010-09-15 04:30:00+00:00","0.061","0.0","0.0079335"
"2010-09-15 05:00:00+00:00","0.135","0.0","0.01000605"
"2010-09-15 05:30:00+00:00","0.272","0.0","0.0123738"
"2010-09-15 06:00:00+00:00","0.111","0.0","0.01297035"
"2010-09-15 06:30:00+00:00","0.116","0.0","0.01498755"
"2010-09-15 07:00:00+00:00","0.091","0.031","0.0155718"
"2010-09-15 07:30:00+00:00","0.22","0.038","0.0151905"
"2010-09-15 08:00:00+00:00","0.174","0.131","0.0155595"
"2010-09-15 08:30:00+00:00","0.198","0.156","0.0155595"
"2010-09-15 09:00:00+00:00","0.074","0.25","0.0155349"
"2010-09-15 09:30:00+00:00","0.197","0.206","0.0155349"
"2010-09-15 10:00:00+00:00","0.173","0.388","0.01552875"
"2010-09-15 10:30:00+00:00","0.215","0.738","0.0154242"
"2010-09-15 11:00:00+00:00","0.131","0.506","0.0148092"
"2010-09-15 11:30:00+00:00","0.187","0.5","0.01379445"
"2010-09-15 12:00:00+00:00","0.184","0.581","0.01356075"
"2010-09-15 12:30:00+00:00","0.524","0.875","0.0140589"
"2010-09-15 13:00:00+00:00","0.114","0.85","0.0149691"
"2010-09-15 13:30:00+00:00","0.418","0.788","0.0138621"
"2010-09-15 14:00:00+00:00","0.287","0.619","0.01395435"
"2010-09-15 14:30:00+00:00","0.146","0.613","0.0140958"
"2010-09-15 15:00:00+00:00","0.154","0.575","0.01354845"
"2010-09-15 15:30:00+00:00","0.17","0.469","0.01253985"
"2010-09-15 16:00:00+00:00","0.115","0.369","0.0126444"
"2010-09-15 16:30:00+00:00","0.255","0.231","0.0133086"
"2010-09-15 17:00:00+00:00","0.258","0.075","0.0135915"
"2010-09-15 17:30:00+00:00","0.289","0.0","0.0144156"
"2010-09-15 18:00:00+00:00","0.113","0.0","0.01551645"
"2010-09-15 18:30:00+00:00","0.132","0.0","0.015621"
"2010-09-15 19:00:00+00:00","0.207","0.0","0.0155595"
"2010-09-15 19:30:00+00:00","0.452","0.0","0.0155595"
"2010-09-15 20:00:00+00:00","1.207","0.0","0.0155595"
"2010-09-15 20:30:00+00:00","0.989","0.0","0.01555335"
"2010-09-15 21:00:00+00:00","0.239","0.0","0.01552875"
"2010-09-15 21:30:00+00:00","0.096","0.0","0.01485225"
"2010-09-15 22:00:00+00:00","0.127","0.0","0.01337625"
"2010-09-15 22:30:00+00:00","0.093","0.0","0.01565175"
"2010-09-15 23:00:00+00:00","0.102","0.0","0.0155349"
"2010-09-15 23:30:00+00:00","0.972","0.0","0.01547955"
"2010-09-16 00:00:00+00:00","0.102","0.0","0.0153873"
"2010-09-16 00:30:00+00:00","0.084","0.0","0.01515975"
"2010-09-16 01:00:00+00:00","0.107","0.0","0.013161"
"2010-09-16 01:30:00+00:00","0.078","0.0","0.0149445"
"2010-09-16 02:00:00+00:00","0.091","0.0","0.01241685"
"2010-09-16 02:30:00+00:00","0.113","0.0","0.01230615"
"2010-09-16 03:00:00+00:00","0.071","0.0","0.0099261"
"2010-09-16 03:30:00+00:00","0.124","0.0","0.00861"
"2010-09-16 04:00:00+00:00","0.053","0.0","0.0093603"
"2010-09-16 04:30:00+00:00","0.128","0.0","0.0092988"
"2010-09-16 05:00:00+00:00","0.071","0.0","0.01116225"
"2010-09-16 05:30:00+00:00","0.105","0.0","0.0123738"
"2010-09-16 06:00:00+00:00","0.089","0.0","0.0155472"
"2010-09-16 06:30:00+00:00","0.098","0.013","0.01547955"
"2010-09-16 07:00:00+00:00","0.274","0.056","0.0157317"
"2010-09-16 07:30:00+00:00","0.15","0.181","0.01391745"
"2010-09-16 08:00:00+00:00","0.089","0.306","0.01555335"
"2010-09-16 08:30:00+00:00","0.135","0.469","0.0155595"
"2010-09-16 09:00:00+00:00","0.133","0.6","0.0155472"
"2010-09-16 09:30:00+00:00","0.09","0.7","0.0155472"
"2010-09-16 10:00:00+00:00","0.086","0.775","0.01554105"
"2010-09-16 10:30:00+00:00","0.091","0.888","0.0155349"
"2010-09-16 11:00:00+00:00","0.067","0.756","0.01550415"
"2010-09-16 11:30:00+00:00","0.133","0.75","0.01477845"
"2010-09-16 12:00:00+00:00","0.145","0.744","0.01439715"
"2010-09-16 12:30:00+00:00","0.211","0.944","0.0155472"
"2010-09-16 13:00:00+00:00","0.379","0.756","0.015498"
"2010-09-16 13:30:00+00:00","0.312","0.844","0.0154611"
"2010-09-16 14:00:00+00:00","0.154","0.794","0.01550415"
"2010-09-16 14:30:00+00:00","0.132","0.725","0.01550415"
"2010-09-16 15:00:00+00:00","0.317","0.619","0.0152643"
"2010-09-16 15:30:00+00:00","0.176","0.381","0.01536885"
"2010-09-16 16:00:00+00:00","0.29","0.275","0.01536885"
"2010-09-16 16:30:00+00:00","0.263","0.238","0.01536885"
"2010-09-16 17:00:00+00:00","0.162","0.081","0.01536885"
"2010-09-16 17:30:00+00:00","0.257","0.0","0.0153381"
"2010-09-16 18:00:00+00:00","0.525","0.0","0.0155595"
"2010-09-16 18:30:00+00:00","0.12","0.0","0.0155595"
"2010-09-16 19:00:00+00:00","0.264","0.0","0.01555335"
"2010-09-16 19:30:00+00:00","0.142","0.0","0.01554105"
"2010-09-16 20:00:00+00:00","0.274","0.0","0.0155595"
"2010-09-16 20:30:00+00:00","0.144","0.0","0.01555335"
"2010-09-16 21:00:00+00:00","0.138","0.0","0.01555335"
"2010-09-16 21:30:00+00:00","0.152","0.0","0.01544265"
"2010-09-16 22:00:00+00:00","0.098","0.0","0.0144402"
"2010-09-16 22:30:00+00:00","0.129","0.0","0.01573785"
"2010-09-16 23:00:00+00:00","0.108","0.0","0.015498"
"2010-09-16 23:30:00+00:00","0.074","0.0","0.01598385"
"2010-09-17 00:00:00+00:00","0.131","0.006","0.0155349"
"2010-09-17 00:30:00+00:00","0.058","0.0","0.0151905"
"2010-09-17 01:00:00+00:00","0.118","0.0","0.01429875"
"2010-09-17 01:30:00+00:00","0.087","0.0","0.0149814"
"2010-09-17 02:00:00+00:00","0.069","0.0","0.01383135"
"2010-09-17 02:30:00+00:00","0.107","0.0","0.0123246"
"2010-09-17 03:00:00+00:00","0.078","0.0","0.0120909"
"2010-09-17 03:30:00+00:00","0.101","0.0","0.0097662"
"2010-09-17 04:00:00+00:00","0.092","0.0","0.00936645"
"2010-09-17 04:30:00+00:00","0.108","0.0","0.00881295"
"2010-09-17 05:00:00+00:00","0.07","0.0","0.01135905"
"2010-09-17 05:30:00+00:00","0.1","0.0","0.01268745"
"2010-09-17 06:00:00+00:00","0.073","0.0","0.0146247"
"2010-09-17 06:30:00+00:00","0.116","0.0","0.01445865"
"2010-09-17 07:00:00+00:00","0.355","0.019","0.01566405"
"2010-09-17 07:30:00+00:00","0.176","0.188","0.0154119"
"2010-09-17 08:00:00+00:00","0.577","0.475","0.01570095"
"2010-09-17 08:30:00+00:00","0.542","0.55","0.0155595"
"2010-09-17 09:00:00+00:00","0.089","0.688","0.01567635"
"2010-09-17 09:30:00+00:00","0.102","0.769","0.01615605"
"2010-09-17 10:00:00+00:00","0.05","0.831","0.01561485"
"2010-09-17 10:30:00+00:00","0.13","0.869","0.01551645"
"2010-09-17 11:00:00+00:00","0.05","0.9","0.01555335"
"2010-09-17 11:30:00+00:00","0.131","0.838","0.01571325"
"2010-09-17 12:00:00+00:00","0.064","0.869","0.0155103"
"2010-09-17 12:30:00+00:00","0.093","0.869","0.0157317"
"2010-09-17 13:00:00+00:00","0.242","0.85","0.01588545"
"2010-09-17 13:30:00+00:00","0.336","0.756","0.0151536"
"2010-09-17 14:00:00+00:00","0.099","0.75","0.0153135"
"2010-09-17 14:30:00+00:00","0.099","0.681","0.0150675"
"2010-09-17 15:00:00+00:00","0.143","0.619","0.0152643"
"2010-09-17 15:30:00+00:00","0.179","0.506","0.01507365"
"2010-09-17 16:00:00+00:00","0.186","0.356","0.0152889"
"2010-09-17 16:30:00+00:00","0.062","0.131","0.01534425"
"2010-09-17 17:00:00+00:00","0.222","0.081","0.01523355"
"2010-09-17 17:30:00+00:00","0.116","0.006","0.01555335"
"2010-09-17 18:00:00+00:00","0.229","0.0","0.0156456"
"2010-09-17 18:30:00+00:00","0.407","0.0","0.01557795"
"2010-09-17 19:00:00+00:00","0.192","0.0","0.0155595"
"2010-09-17 19:30:00+00:00","0.992","0.0","0.01555335"
"2010-09-17 20:00:00+00:00","1.215","0.0","0.0155472"
"2010-09-17 20:30:00+00:00","1.096","0.0","0.0155595"
"2010-09-17 21:00:00+00:00","0.681","0.0","0.0155595"
"2010-09-17 21:30:00+00:00","0.113","0.0","0.0155472"
"2010-09-17 22:00:00+00:00","0.129","0.0","0.01538115"
"2010-09-17 22:30:00+00:00","0.128","0.0","0.0160638"
"2010-09-17 23:00:00+00:00","0.081","0.0","0.01554105"
"2010-09-17 23:30:00+00:00","0.143","0.0","0.01576245"
"2010-09-18 00:00:00+00:00","0.067","0.0","0.0156579"
"2010-09-18 00:30:00+00:00","0.124","0.0","0.0155349"
"2010-09-18 01:00:00+00:00","0.083","0.0","0.01529505"
"2010-09-18 01:30:00+00:00","0.087","0.006","0.0153873"
"2010-09-18 02:00:00+00:00","0.099","0.0","0.0152766"
"2010-09-18 02:30:00+00:00","0.084","0.0","0.0144648"
"2010-09-18 03:00:00+00:00","0.097","0.0","0.01327785"
"2010-09-18 03:30:00+00:00","0.083","0.0","0.01230615"
"2010-09-18 04:00:00+00:00","0.093","0.0","0.01014135"
"2010-09-18 04:30:00+00:00","0.086","0.0","0.0123"
"2010-09-18 05:00:00+00:00","0.108","0.0","0.01126065"
"2010-09-18 05:30:00+00:00","0.075","0.0","0.0122631"
"2010-09-18 06:00:00+00:00","0.121","0.0","0.01233075"
"2010-09-18 06:30:00+00:00","0.216","0.0","0.0148338"
"2010-09-18 07:00:00+00:00","0.128","0.013","0.0152889"
"2010-09-18 07:30:00+00:00","0.178","0.181","0.015375"
"2010-09-18 08:00:00+00:00","0.173","0.463","0.0155349"
"2010-09-18 08:30:00+00:00","0.16","0.588","0.0155595"
"2010-09-18 09:00:00+00:00","0.06","0.688","0.01556565"
"2010-09-18 09:30:00+00:00","0.125","0.775","0.0155595"
"2010-09-18 10:00:00+00:00","0.123","0.825","0.0155595"
"2010-09-18 10:30:00+00:00","0.171","0.881","0.0155595"
"2010-09-18 11:00:00+00:00","0.285","0.906","0.0155595"
"2010-09-18 11:30:00+00:00","0.134","0.906","0.01554105"
"2010-09-18 12:00:00+00:00","0.759","0.9","0.01552875"
"2010-09-18 12:30:00+00:00","1.073","0.869","0.0153135"
"2010-09-18 13:00:00+00:00","0.738","0.85","0.0152889"
"2010-09-18 13:30:00+00:00","0.089","0.819","0.01525815"
"2010-09-18 14:00:00+00:00","0.115","0.75","0.0152889"
"2010-09-18 14:30:00+00:00","0.089","0.681","0.0152766"
"2010-09-18 15:00:00+00:00","0.37","0.55","0.01426185"
"2010-09-18 15:30:00+00:00","0.73","0.4","0.01476615"
"2010-09-18 16:00:00+00:00","0.304","0.35","0.01475385"
"2010-09-18 16:30:00+00:00","0.135","0.213","0.01522125"
"2010-09-18 17:00:00+00:00","0.131","0.056","0.0152889"
"2010-09-18 17:30:00+00:00","0.102","0.013","0.0152274"
"2010-09-18 18:00:00+00:00","0.288","0.0","0.0156948"
"2010-09-18 18:30:00+00:00","0.144","0.0","0.0163713"
"2010-09-18 19:00:00+00:00","0.175","0.0","0.01573785"
"2010-09-18 19:30:00+00:00","0.279","0.0","0.0155472"
"2010-09-18 20:00:00+00:00","0.167","0.0","0.0155595"
"2010-09-18 20:30:00+00:00","0.184","0.0","0.0155595"
"2010-09-18 21:00:00+00:00","0.136","0.0","0.01556565"
"2010-09-18 21:30:00+00:00","0.155","0.0","0.0155595"
"2010-09-18 22:00:00+00:00","0.096","0.0","0.0155595"
"2010-09-18 22:30:00+00:00","0.124","0.0","0.0155718"
"2010-09-18 23:00:00+00:00","0.105","0.0","0.0155472"
"2010-09-18 23:30:00+00:00","0.129","0.0","0.01589775"
"2010-09-19 00:00:00+00:00","0.072","0.0","0.01546725"
"2010-09-19 00:30:00+00:00","0.125","0.0","0.01533195"
"2010-09-19 01:00:00+00:00","0.086","0.0","0.0152889"
"2010-09-19 01:30:00+00:00","0.085","0.0","0.0152889"
"2010-09-19 02:00:00+00:00","0.103","0.0","0.01493835"
"2010-09-19 02:30:00+00:00","0.1","0.0","0.01332705"
"2010-09-19 03:00:00+00:00","0.077","0.0","0.0121278"
"2010-09-19 03:30:00+00:00","0.094","0.0","0.0119187"
"2010-09-19 04:00:00+00:00","0.113","0.0","0.011808"
"2010-09-19 04:30:00+00:00","0.066","0.0","0.0116481"
"2010-09-19 05:00:00+00:00","0.125","0.0","0.01230615"
"2010-09-19 05:30:00+00:00","0.077","0.0","0.0123"
"2010-09-19 06:00:00+00:00","0.27","0.0","0.01230615"
"2010-09-19 06:30:00+00:00","0.107","0.006","0.0110331"
"2010-09-19 07:00:00+00:00","0.143","0.05","0.01240455"
"2010-09-19 07:30:00+00:00","0.091","0.15","0.0130257"
"2010-09-19 08:00:00+00:00","0.127","0.219","0.01341315"
"2010-09-19 08:30:00+00:00","0.082","0.175","0.0139728"
"2010-09-19 09:00:00+00:00","0.142","0.431","0.0149937"
"2010-09-19 09:30:00+00:00","0.216","0.513","0.01538115"
"2010-09-19 10:00:00+00:00","0.099","0.538","0.01547955"
"2010-09-19 10:30:00+00:00","0.188","0.594","0.0155226"
"2010-09-19 11:00:00+00:00","0.055","0.606","0.01547955"
"2010-09-19 11:30:00+00:00","0.125","0.656","0.0152889"
"2010-09-19 12:00:00+00:00","0.052","0.45","0.0152889"
"2010-09-19 12:30:00+00:00","0.129","0.363","0.0152889"
"2010-09-19 13:00:00+00:00","0.082","0.394","0.0152889"
"2010-09-19 13:30:00+00:00","0.278","0.538","0.0141573"
"2010-09-19 14:00:00+00:00","0.088","0.506","0.0134316"
"2010-09-19 14:30:00+00:00","0.133","0.413","0.0133086"
"2010-09-19 15:00:00+00:00","0.173","0.231","0.0131118"
"2010-09-19 15:30:00+00:00","0.147","0.219","0.01279815"
"2010-09-19 16:00:00+00:00","0.151","0.069","0.01333935"
"2010-09-19 16:30:00+00:00","0.339","0.031","0.01378215"
"2010-09-19 17:00:00+00:00","0.129","0.013","0.01506135"
"2010-09-19 17:30:00+00:00","0.307","0.006","0.01491375"
"2010-09-19 18:00:00+00:00","0.76","0.0","0.01561485"
"2010-09-19 18:30:00+00:00","0.383","0.0","0.01593465"
"2010-09-19 19:00:00+00:00","0.282","0.0","0.01557795"
"2010-09-19 19:30:00+00:00","0.204","0.0","0.0155595"
"2010-09-19 20:00:00+00:00","0.267","0.0","0.0155595"
"2010-09-19 20:30:00+00:00","0.279","0.0","0.0155595"
"2010-09-19 21:00:00+00:00","0.153","0.0","0.01555335"
"2010-09-19 21:30:00+00:00","0.146","0.0","0.0155472"
"2010-09-19 22:00:00+00:00","0.103","0.0","0.01539345"
"2010-09-19 22:30:00+00:00","0.085","0.0","0.01538115"
"2010-09-19 23:00:00+00:00","0.126","0.0","0.01463085"
"2010-09-19 23:30:00+00:00","0.864","0.0","0.01436025"
"2010-09-20 00:00:00+00:00","0.211","0.0","0.01305645"
"2010-09-20 00:30:00+00:00","0.064","0.0","0.0123984"
"2010-09-20 01:00:00+00:00","0.126","0.0","0.01230615"
"2010-09-20 01:30:00+00:00","0.082","0.0","0.0137391"
"2010-09-20 02:00:00+00:00","0.093","0.0","0.01225695"
"2010-09-20 02:30:00+00:00","0.119","0.0","0.01185105"
"2010-09-20 03:00:00+00:00","0.061","0.0","0.01110075"
"2010-09-20 03:30:00+00:00","0.126","0.0","0.01081785"
"2010-09-20 04:00:00+00:00","0.061","0.0","0.0106764"
"2010-09-20 04:30:00+00:00","0.132","0.0","0.00980925"
"2010-09-20 05:00:00+00:00","0.075","0.0","0.01196175"
"2010-09-20 05:30:00+00:00","0.114","0.0","0.0123123"
"2010-09-20 06:00:00+00:00","0.123","0.0","0.0144648"
"2010-09-20 06:30:00+00:00","0.112","0.0","0.0155964"
"2010-09-20 07:00:00+00:00","0.313","0.025","0.01546725"
"2010-09-20 07:30:00+00:00","0.128","0.15","0.01508595"
"2010-09-20 08:00:00+00:00","0.13","0.394","0.01557795"
"2010-09-20 08:30:00+00:00","0.073","0.531","0.0155595"
"2010-09-20 09:00:00+00:00","0.34","0.644","0.0155595"
"2010-09-20 09:30:00+00:00","0.113","0.45","0.0155595"
"2010-09-20 10:00:00+00:00","0.088","0.375","0.0155841"
"2010-09-20 10:30:00+00:00","0.088","0.169","0.0155595"
"2010-09-20 11:00:00+00:00","0.108","0.425","0.0155595"
"2010-09-20 11:30:00+00:00","0.069","0.825","0.01551645"
"2010-09-20 12:00:00+00:00","0.121","0.806","0.0155595"
"2010-09-20 12:30:00+00:00","0.064","0.519","0.01567635"
"2010-09-20 13:00:00+00:00","0.11","0.681","0.0157317"
"2010-09-20 13:30:00+00:00","0.091","0.794","0.0155595"
"2010-09-20 14:00:00+00:00","0.083","0.738","0.0155595"
"2010-09-20 14:30:00+00:00","0.121","0.688","0.0155595"
"2010-09-20 15:00:00+00:00","0.067","0.575","0.0155595"
"2010-09-20 15:30:00+00:00","0.137","0.469","0.01549185"
"2010-09-20 16:00:00+00:00","0.054","0.35","0.01549185"
"2010-09-20 16:30:00+00:00","0.141","0.206","0.0152028"
"2010-09-20 17:00:00+00:00","0.052","0.075","0.01541805"
"2010-09-20 17:30:00+00:00","0.126","0.013","0.0155595"
"2010-09-20 18:00:00+00:00","0.077","0.0","0.01572555"
"2010-09-20 18:30:00+00:00","0.104","0.0","0.0155841"
"2010-09-20 19:00:00+00:00","0.104","0.0","0.0155595"
"2010-09-20 19:30:00+00:00","0.068","0.0","0.01555335"
"2010-09-20 20:00:00+00:00","0.135","0.0","0.01555335"
"2010-09-20 20:30:00+00:00","0.048","0.0","0.0155595"
"2010-09-20 21:00:00+00:00","0.134","0.0","0.01555335"
"2010-09-20 21:30:00+00:00","0.058","0.0","0.01550415"
"2010-09-20 22:00:00+00:00","0.123","0.0","0.01517205"
"2010-09-20 22:30:00+00:00","0.072","0.0","0.0155964"
"2010-09-20 23:00:00+00:00","0.095","0.0","0.0155472"
"2010-09-20 23:30:00+00:00","0.098","0.0","0.0155718"
"2010-09-21 00:00:00+00:00","0.071","0.0","0.01544265"
"2010-09-21 00:30:00+00:00","0.109","0.0","0.0152889"
"2010-09-21 01:00:00+00:00","0.067","0.0","0.01503675"
"2010-09-21 01:30:00+00:00","0.109","0.0","0.0152889"
"2010-09-21 02:00:00+00:00","0.075","0.0","0.01498755"
"2010-09-21 02:30:00+00:00","0.097","0.0","0.01279815"
"2010-09-21 03:00:00+00:00","0.087","0.0","0.0123"
"2010-09-21 03:30:00+00:00","0.09","0.0","0.0123"
"2010-09-21 04:00:00+00:00","0.086","0.0","0.01203555"
"2010-09-21 04:30:00+00:00","0.106","0.0","0.0123"
"2010-09-21 05:00:00+00:00","0.068","0.0","0.0123738"
"2010-09-21 05:30:00+00:00","0.115","0.0","0.01298265"
"2010-09-21 06:00:00+00:00","0.053","0.0","0.0153135"
"2010-09-21 06:30:00+00:00","0.1","0.006","0.01555335"
"2010-09-21 07:00:00+00:00","0.067","0.019","0.01561485"
"2010-09-21 07:30:00+00:00","0.091","0.194","0.0153996"
"2010-09-21 08:00:00+00:00","0.098","0.481","0.0155595"
"2010-09-21 08:30:00+00:00","0.064","0.588","0.0155595"
"2010-09-21 09:00:00+00:00","0.116","0.663","0.0155595"
"2010-09-21 09:30:00+00:00","0.054","0.731","0.0155595"
"2010-09-21 10:00:00+00:00","0.133","0.794","0.0155595"
"2010-09-21 10:30:00+00:00","0.048","0.831","0.01555335"
"2010-09-21 11:00:00+00:00","0.134","0.869","0.0155595"
"2010-09-21 11:30:00+00:00","0.054","0.875","0.0155595"
"2010-09-21 12:00:00+00:00","0.121","0.869","0.0155595"
"2010-09-21 12:30:00+00:00","0.073","0.838","0.0155595"
"2010-09-21 13:00:00+00:00","0.1","0.813","0.0155718"
"2010-09-21 13:30:00+00:00","0.095","0.769","0.0155595"
"2010-09-21 14:00:00+00:00","0.086","0.719","0.0155595"
"2010-09-21 14:30:00+00:00","0.113","0.644","0.0155595"
"2010-09-21 15:00:00+00:00","0.086","0.556","0.01555335"
"2010-09-21 15:30:00+00:00","0.117","0.45","0.0155595"
"2010-09-21 16:00:00+00:00","0.084","0.338","0.0155595"
"2010-09-21 16:30:00+00:00","0.106","0.2","0.0155595"
"2010-09-21 17:00:00+00:00","0.09","0.056","0.0155595"
"2010-09-21 17:30:00+00:00","0.102","0.006","0.0155595"
"2010-09-21 18:00:00+00:00","0.097","0.0","0.015621"
"2010-09-21 18:30:00+00:00","0.086","0.0","0.0159654"
"2010-09-21 19:00:00+00:00","0.102","0.0","0.01648815"
"2010-09-21 19:30:00+00:00","0.092","0.0","0.015621"
"2010-09-21 20:00:00+00:00","0.099","0.0","0.0155595"
"2010-09-21 20:30:00+00:00","0.098","0.0","0.01555335"
"2010-09-21 21:00:00+00:00","0.089","0.0","0.01554105"
"2010-09-21 21:30:00+00:00","0.095","0.0","0.01555335"
"2010-09-21 22:00:00+00:00","0.092","0.0","0.01551645"
"2010-09-21 22:30:00+00:00","0.097","0.0","0.01578705"
"2010-09-21 23:00:00+00:00","0.092","0.0","0.01551645"
"2010-09-21 23:30:00+00:00","0.09","0.0","0.0154734"
"2010-09-22 00:00:00+00:00","0.089","0.0","0.0153012"
"2010-09-22 00:30:00+00:00","0.094","0.0","0.01497525"
"2010-09-22 01:00:00+00:00","0.091","0.0","0.0139482"
"2010-09-22 01:30:00+00:00","0.095","0.0","0.0152889"
"2010-09-22 02:00:00+00:00","0.088","0.0","0.01424955"
"2010-09-22 02:30:00+00:00","0.105","0.0","0.0124968"
"2010-09-22 03:00:00+00:00","0.077","0.0","0.01156815"
"2010-09-22 03:30:00+00:00","0.109","0.0","0.0090405"
"2010-09-22 04:00:00+00:00","0.074","0.0","0.0056826"
"2010-09-22 04:30:00+00:00","0.107","0.0","0.0080319"
"2010-09-22 05:00:00+00:00","0.073","0.0","0.0101475"
"2010-09-22 05:30:00+00:00","0.093","0.0","0.0123861"
"2010-09-22 06:00:00+00:00","0.104","0.0","0.0141573"
"2010-09-22 06:30:00+00:00","0.076","0.013","0.01546725"
"2010-09-22 07:00:00+00:00","0.117","0.038","0.0159777"
"2010-09-22 07:30:00+00:00","0.061","0.169","0.01474155"
"2010-09-22 08:00:00+00:00","0.131","0.413","0.0155595"
"2010-09-22 08:30:00+00:00","0.048","0.538","0.0155595"
"2010-09-22 09:00:00+00:00","0.123","0.513","0.0155595"
"2010-09-22 09:30:00+00:00","0.063","0.606","0.0155595"
"2010-09-22 10:00:00+00:00","0.111","0.55","0.0155595"
"2010-09-22 10:30:00+00:00","0.087","0.681","0.0155595"
"2010-09-22 11:00:00+00:00","0.089","0.831","0.0155595"
"2010-09-22 11:30:00+00:00","0.111","0.869","0.01555335"
"2010-09-22 12:00:00+00:00","0.076","0.894","0.0155226"
"2010-09-22 12:30:00+00:00","0.126","0.856","0.0155226"
"2010-09-22 13:00:00+00:00","0.071","0.806","0.01552875"
"2010-09-22 13:30:00+00:00","0.128","0.775","0.0155349"
"2010-09-22 14:00:00+00:00","0.069","0.719","0.01554105"
"2010-09-22 14:30:00+00:00","0.122","0.65","0.0154611"
"2010-09-22 15:00:00+00:00","0.083","0.575","0.01527045"
"2010-09-22 15:30:00+00:00","0.11","0.463","0.01533195"
"2010-09-22 16:00:00+00:00","0.088","0.344","0.0154734"
"2010-09-22 16:30:00+00:00","0.097","0.213","0.0155226"
"2010-09-22 17:00:00+00:00","0.097","0.069","0.01552875"
"2010-09-22 17:30:00+00:00","0.102","0.006","0.01517205"
"2010-09-22 18:00:00+00:00","0.103","0.0","0.01514745"
"2010-09-22 18:30:00+00:00","0.097","0.0","0.0157809"
"2010-09-22 19:00:00+00:00","0.084","0.0","0.01578705"
"2010-09-22 19:30:00+00:00","0.105","0.0","0.01552875"
"2010-09-22 20:00:00+00:00","0.078","0.0","0.0153996"
"2010-09-22 20:30:00+00:00","0.115","0.0","0.01533195"
"2010-09-22 21:00:00+00:00","0.072","0.0","0.0154119"
"2010-09-22 21:30:00+00:00","0.296","0.0","0.01550415"
"2010-09-22 22:00:00+00:00","0.106","0.0","0.0144156"
"2010-09-22 22:30:00+00:00","0.144","0.0","0.0155349"
"2010-09-22 23:00:00+00:00","0.082","0.0","0.0154119"
"2010-09-22 23:30:00+00:00","0.114","0.0","0.0154119"
"2010-09-23 00:00:00+00:00","0.1","0.0","0.01528275"
"2010-09-23 00:30:00+00:00","0.077","0.0","0.013899"
"2010-09-23 01:00:00+00:00","0.125","0.0","0.01236765"
"2010-09-23 01:30:00+00:00","0.084","0.0","0.0150675"
"2010-09-23 02:00:00+00:00","0.143","0.0","0.01352385"
"2010-09-23 02:30:00+00:00","0.097","0.0","0.0123123"
"2010-09-23 03:00:00+00:00","0.13","0.0","0.0121401"
"2010-09-23 03:30:00+00:00","0.103","0.0","0.0120171"
"2010-09-23 04:00:00+00:00","0.094","0.0","0.01153125"
"2010-09-23 04:30:00+00:00","0.098","0.0","0.0106395"
"2010-09-23 05:00:00+00:00","0.101","0.0","0.01187565"
"2010-09-23 05:30:00+00:00","0.094","0.0","0.0123246"
"2010-09-23 06:00:00+00:00","0.104","0.0","0.01324095"
"2010-09-23 06:30:00+00:00","0.105","0.013","0.01546725"
"2010-09-23 07:00:00+00:00","0.323","0.025","0.01555335"
"2010-09-23 07:30:00+00:00","0.199","0.025","0.01470465"
"2010-09-23 08:00:00+00:00","0.086","0.063","0.0155595"
"2010-09-23 08:30:00+00:00","0.166","0.15","0.0155595"
"2010-09-23 09:00:00+00:00","0.13","0.319","0.0155595"
"2010-09-23 09:30:00+00:00","0.122","0.269","0.0155595"
"2010-09-23 10:00:00+00:00","0.065","0.281","0.0155595"
"2010-09-23 10:30:00+00:00","0.109","0.225","0.0155595"
"2010-09-23 11:00:00+00:00","0.084","0.231","0.0155595"
"2010-09-23 11:30:00+00:00","0.088","0.163","0.0155595"
"2010-09-23 12:00:00+00:00","0.119","0.144","0.01555335"
"2010-09-23 12:30:00+00:00","0.07","0.094","0.0155472"
"2010-09-23 13:00:00+00:00","0.15","0.081","0.01555335"
"2010-09-23 13:30:00+00:00","0.09","0.131","0.0155226"
"2010-09-23 14:00:00+00:00","0.192","0.188","0.0154611"
"2010-09-23 14:30:00+00:00","0.138","0.288","0.015498"
"2010-09-23 15:00:00+00:00","0.16","0.444","0.01552875"
"2010-09-23 15:30:00+00:00","0.154","0.306","0.01552875"
"2010-09-23 16:00:00+00:00","0.216","0.169","0.015498"
"2010-09-23 16:30:00+00:00","0.23","0.05","0.01551645"
"2010-09-23 17:00:00+00:00","0.086","0.031","0.01547955"
"2010-09-23 17:30:00+00:00","0.16","0.006","0.01550415"
"2010-09-23 18:00:00+00:00","0.065","0.0","0.01597155"
"2010-09-23 18:30:00+00:00","0.141","0.0","0.0157809"
"2010-09-23 19:00:00+00:00","0.061","0.0","0.0155595"
"2010-09-23 19:30:00+00:00","0.106","0.0","0.0155349"
"2010-09-23 20:00:00+00:00","0.101","0.0","0.01555335"
"2010-09-23 20:30:00+00:00","0.074","0.0","0.0155595"
"2010-09-23 21:00:00+00:00","0.116","0.0","0.0155595"
"2010-09-23 21:30:00+00:00","0.213","0.0","0.01552875"
"2010-09-23 22:00:00+00:00","0.194","0.0","0.0153873"
"2010-09-23 22:30:00+00:00","0.106","0.0","0.01565175"
"2010-09-23 23:00:00+00:00","0.105","0.0","0.0155349"
"2010-09-23 23:30:00+00:00","0.092","0.0","0.0154611"
"2010-09-24 00:00:00+00:00","0.093","0.0","0.01541805"
"2010-09-24 00:30:00+00:00","0.096","0.0","0.015498"
"2010-09-24 01:00:00+00:00","0.101","0.0","0.01523355"
"2010-09-24 01:30:00+00:00","0.094","0.0","0.0155595"
"2010-09-24 02:00:00+00:00","0.09","0.0","0.0149076"
"2010-09-24 02:30:00+00:00","0.101","0.0","0.0135546"
"2010-09-24 03:00:00+00:00","0.088","0.0","0.0123984"
"2010-09-24 03:30:00+00:00","0.124","0.0","0.01192485"
"2010-09-24 04:00:00+00:00","0.065","0.0","0.0110454"
"2010-09-24 04:30:00+00:00","0.127","0.0","0.0105534"
"2010-09-24 05:00:00+00:00","0.063","0.0","0.01215855"
"2010-09-24 05:30:00+00:00","0.109","0.0","0.012423"
"2010-09-24 06:00:00+00:00","0.111","0.0","0.01450785"
"2010-09-24 06:30:00+00:00","0.089","0.0","0.01546725"
"2010-09-24 07:00:00+00:00","0.249","0.019","0.0155595"
"2010-09-24 07:30:00+00:00","0.156","0.056","0.0149445"
"2010-09-24 08:00:00+00:00","0.175","0.131","0.0155595"
"2010-09-24 08:30:00+00:00","0.085","0.194","0.0155595"
"2010-09-24 09:00:00+00:00","0.115","0.363","0.0155595"
"2010-09-24 09:30:00+00:00","0.082","0.381","0.0155595"
"2010-09-24 10:00:00+00:00","0.092","0.55","0.0155595"
"2010-09-24 10:30:00+00:00","0.103","0.738","0.01555335"
"2010-09-24 11:00:00+00:00","0.069","0.906","0.01555335"
"2010-09-24 11:30:00+00:00","0.121","0.894","0.0155595"
"2010-09-24 12:00:00+00:00","0.064","0.906","0.0155226"
"2010-09-24 12:30:00+00:00","0.155","0.888","0.01555335"
"2010-09-24 13:00:00+00:00","0.289","0.85","0.0155472"
"2010-09-24 13:30:00+00:00","0.151","0.744","0.0157932"
"2010-09-24 14:00:00+00:00","0.235","0.738","0.0155964"
"2010-09-24 14:30:00+00:00","0.239","0.675","0.0155595"
"2010-09-24 15:00:00+00:00","0.254","0.588","0.0155595"
"2010-09-24 15:30:00+00:00","0.304","0.475","0.01555335"
"2010-09-24 16:00:00+00:00","0.195","0.356","0.0155226"
"2010-09-24 16:30:00+00:00","0.137","0.219","0.01552875"
"2010-09-24 17:00:00+00:00","0.214","0.069","0.01554105"
"2010-09-24 17:30:00+00:00","0.186","0.006","0.01552875"
"2010-09-24 18:00:00+00:00","0.184","0.0","0.01554105"
"2010-09-24 18:30:00+00:00","0.324","0.0","0.0155718"
"2010-09-24 19:00:00+00:00","0.179","0.0","0.0155595"
"2010-09-24 19:30:00+00:00","0.175","0.0","0.0155595"
"2010-09-24 20:00:00+00:00","0.256","0.0","0.01555335"
"2010-09-24 20:30:00+00:00","0.158","0.0","0.01568865"
"2010-09-24 21:00:00+00:00","0.18","0.0","0.01554105"
"2010-09-24 21:30:00+00:00","0.195","0.0","0.0154857"
"2010-09-24 22:00:00+00:00","0.187","0.0","0.01477845"
"2010-09-24 22:30:00+00:00","0.089","0.0","0.0155472"
"2010-09-24 23:00:00+00:00","0.161","0.0","0.01551645"
"2010-09-24 23:30:00+00:00","0.667","0.0","0.01550415"
"2010-09-25 00:00:00+00:00","0.464","0.0","0.01549185"
"2010-09-25 00:30:00+00:00","0.112","0.0","0.0146001"
"2010-09-25 01:00:00+00:00","0.125","0.0","0.01386825"
"2010-09-25 01:30:00+00:00","0.092","0.0","0.01517205"
"2010-09-25 02:00:00+00:00","0.119","0.0","0.01439715"
"2010-09-25 02:30:00+00:00","0.11","0.0","0.0129642"
"2010-09-25 03:00:00+00:00","0.092","0.0","0.0117219"
"2010-09-25 03:30:00+00:00","0.15","0.0","0.0113898"
"2010-09-25 04:00:00+00:00","0.064","0.0","0.01138365"
"2010-09-25 04:30:00+00:00","0.146","0.0","0.0119556"
"2010-09-25 05:00:00+00:00","0.086","0.0","0.01225695"
"2010-09-25 05:30:00+00:00","0.119","0.0","0.01230615"
"2010-09-25 06:00:00+00:00","0.217","0.0","0.01332705"
"2010-09-25 06:30:00+00:00","0.325","0.006","0.01444635"
"2010-09-25 07:00:00+00:00","0.122","0.019","0.0140343"
"2010-09-25 07:30:00+00:00","0.103","0.213","0.0133824"
"2010-09-25 08:00:00+00:00","0.158","0.494","0.01499985"
"2010-09-25 08:30:00+00:00","0.131","0.594","0.01570095"
"2010-09-25 09:00:00+00:00","0.194","0.681","0.0161253"
"2010-09-25 09:30:00+00:00","0.071","0.756","0.01559025"
"2010-09-25 10:00:00+00:00","0.154","0.813","0.0155595"
"2010-09-25 10:30:00+00:00","0.074","0.869","0.0155595"
"2010-09-25 11:00:00+00:00","0.133","0.906","0.0155595"
"2010-09-25 11:30:00+00:00","0.16","0.9","0.0155595"
"2010-09-25 12:00:00+00:00","0.259","0.875","0.0155595"
"2010-09-25 12:30:00+00:00","0.248","0.838","0.0155595"
"2010-09-25 13:00:00+00:00","0.156","0.681","0.019065"
"2010-09-25 13:30:00+00:00","0.31","0.644","0.0165558"
"2010-09-25 14:00:00+00:00","0.253","0.631","0.0155595"
"2010-09-25 14:30:00+00:00","0.278","0.45","0.0155472"
"2010-09-25 15:00:00+00:00","0.132","0.375","0.0155595"
"2010-09-25 15:30:00+00:00","0.148","0.263","0.01551645"
"2010-09-25 16:00:00+00:00","0.306","0.206","0.01544265"
"2010-09-25 16:30:00+00:00","0.15","0.15","0.0154242"
"2010-09-25 17:00:00+00:00","0.18","0.063","0.01550415"
"2010-09-25 17:30:00+00:00","0.136","0.019","0.01515975"
"2010-09-25 18:00:00+00:00","0.71","0.0","0.01571325"
"2010-09-25 18:30:00+00:00","0.352","0.0","0.01610685"
"2010-09-25 19:00:00+00:00","0.192","0.0","0.0155595"
"2010-09-25 19:30:00+00:00","0.273","0.0","0.0155472"
"2010-09-25 20:00:00+00:00","0.267","0.0","0.0155472"
"2010-09-25 20:30:00+00:00","0.255","0.0","0.0155349"
"2010-09-25 21:00:00+00:00","0.368","0.0","0.01544265"
"2010-09-25 21:30:00+00:00","0.19","0.0","0.01533195"
"2010-09-25 22:00:00+00:00","0.126","0.0","0.0147231"
"2010-09-25 22:30:00+00:00","0.157","0.0","0.0151536"
"2010-09-25 23:00:00+00:00","0.114","0.0","0.0147723"
"2010-09-25 23:30:00+00:00","0.109","0.0","0.0147723"
"2010-09-26 00:00:00+00:00","0.115","0.0","0.0140958"
"2010-09-26 00:30:00+00:00","0.102","0.0","0.01293345"
"2010-09-26 01:00:00+00:00","0.11","0.0","0.01230615"
"2010-09-26 01:30:00+00:00","0.102","0.0","0.0130257"
"2010-09-26 02:00:00+00:00","0.13","0.0","0.01156815"
"2010-09-26 02:30:00+00:00","0.069","0.0","0.0110208"
"2010-09-26 03:00:00+00:00","0.138","0.0","0.0090897"
"2010-09-26 03:30:00+00:00","0.085","0.0","0.00844395"
"2010-09-26 04:00:00+00:00","0.099","0.0","0.00828405"
"2010-09-26 04:30:00+00:00","0.114","0.0","0.0078228"
"2010-09-26 05:00:00+00:00","0.095","0.0","0.0083271"
"2010-09-26 05:30:00+00:00","0.098","0.0","0.01026435"
"2010-09-26 06:00:00+00:00","0.097","0.0","0.00952635"
"2010-09-26 06:30:00+00:00","0.123","0.013","0.0092619"
"2010-09-26 07:00:00+00:00","0.214","0.025","0.0106026"
"2010-09-26 07:30:00+00:00","0.153","0.194","0.01234305"
"2010-09-26 08:00:00+00:00","0.073","0.456","0.01255215"
"2010-09-26 08:30:00+00:00","0.106","0.569","0.0141942"
"2010-09-26 09:00:00+00:00","0.178","0.65","0.0145878"
"2010-09-26 09:30:00+00:00","0.082","0.731","0.01472925"
"2010-09-26 10:00:00+00:00","0.121","0.781","0.01525815"
"2010-09-26 10:30:00+00:00","0.098","0.831","0.01554105"
"2010-09-26 11:00:00+00:00","0.217","0.863","0.01544265"
"2010-09-26 11:30:00+00:00","0.056","0.875","0.01517205"
"2010-09-26 12:00:00+00:00","0.182","0.881","0.0154242"
"2010-09-26 12:30:00+00:00","0.628","0.863","0.01550415"
"2010-09-26 13:00:00+00:00","0.51","0.838","0.01549185"
"2010-09-26 13:30:00+00:00","0.136","0.744","0.01552875"
"2010-09-26 14:00:00+00:00","0.139","0.725","0.01552875"
"2010-09-26 14:30:00+00:00","0.193","0.656","0.0154488"
"2010-09-26 15:00:00+00:00","0.111","0.575","0.01549185"
"2010-09-26 15:30:00+00:00","0.258","0.475","0.01549185"
"2010-09-26 16:00:00+00:00","0.098","0.356","0.01533195"
"2010-09-26 16:30:00+00:00","0.162","0.188","0.0140343"
"2010-09-26 17:00:00+00:00","0.124","0.038","0.01490145"
"2010-09-26 17:30:00+00:00","0.184","0.013","0.01487685"
"2010-09-26 18:00:00+00:00","0.267","0.0","0.01576245"
"2010-09-26 18:30:00+00:00","0.315","0.0","0.01630365"
"2010-09-26 19:00:00+00:00","0.164","0.0","0.0157317"
"2010-09-26 19:30:00+00:00","0.194","0.0","0.0155595"
"2010-09-26 20:00:00+00:00","0.28","0.0","0.0155595"
"2010-09-26 20:30:00+00:00","0.14","0.0","0.0155595"
"2010-09-26 21:00:00+00:00","0.169","0.0","0.01555335"
"2010-09-26 21:30:00+00:00","0.132","0.0","0.0154611"
"2010-09-26 22:00:00+00:00","0.105","0.0","0.0154242"
"2010-09-26 22:30:00+00:00","0.096","0.0","0.01554105"
"2010-09-26 23:00:00+00:00","0.127","0.0","0.0152151"
"2010-09-26 23:30:00+00:00","0.075","0.0","0.01442175"
"2010-09-27 00:00:00+00:00","0.137","0.0","0.01322865"
"2010-09-27 00:30:00+00:00","0.058","0.0","0.01245375"
"2010-09-27 01:00:00+00:00","0.133","0.0","0.0122631"
"2010-09-27 01:30:00+00:00","0.077","0.0","0.0134439"
"2010-09-27 02:00:00+00:00","0.106","0.0","0.01137135"
"2010-09-27 02:30:00+00:00","0.112","0.0","0.00759525"
"2010-09-27 03:00:00+00:00","0.068","0.0","0.0027798"
"2010-09-27 03:30:00+00:00","0.134","0.0","-0.00003075"
"2010-09-27 04:00:00+00:00","0.07","0.0","-0.00003075"
"2010-09-27 04:30:00+00:00","0.124","0.0","0.0021279"
"2010-09-27 05:00:00+00:00","0.085","0.0","0.0074538"
"2010-09-27 05:30:00+00:00","0.102","0.0","0.01118685"
"2010-09-27 06:00:00+00:00","0.38","0.0","0.01300725"
"2010-09-27 06:30:00+00:00","0.172","0.013","0.0152889"
"2010-09-27 07:00:00+00:00","0.136","0.031","0.0152889"
"2010-09-27 07:30:00+00:00","0.166","0.206","0.01396665"
"2010-09-27 08:00:00+00:00","0.158","0.231","0.01554105"
"2010-09-27 08:30:00+00:00","0.113","0.3","0.01556565"
"2010-09-27 09:00:00+00:00","0.109","0.575","0.0155595"
"2010-09-27 09:30:00+00:00","0.094","0.638","0.0155595"
"2010-09-27 10:00:00+00:00","0.185","0.7","0.01557795"
"2010-09-27 10:30:00+00:00","0.168","0.738","0.01563945"
"2010-09-27 11:00:00+00:00","0.216","0.556","0.01561485"
"2010-09-27 11:30:00+00:00","0.148","0.544","0.0155595"
"2010-09-27 12:00:00+00:00","0.21","0.569","0.0155718"
"2010-09-27 12:30:00+00:00","0.251","0.725","0.01557795"
"2010-09-27 13:00:00+00:00","0.159","0.731","0.0155595"
"2010-09-27 13:30:00+00:00","0.163","0.481","0.0155595"
"2010-09-27 14:00:00+00:00","0.159","0.6","0.0155595"
"2010-09-27 14:30:00+00:00","0.099","0.388","0.01557795"
"2010-09-27 15:00:00+00:00","0.157","0.119","0.0155595"
"2010-09-27 15:30:00+00:00","0.123","0.35","0.0155595"
"2010-09-27 16:00:00+00:00","0.16","0.3","0.0155595"
"2010-09-27 16:30:00+00:00","0.17","0.125","0.01560255"
"2010-09-27 17:00:00+00:00","0.172","0.031","0.0155595"
"2010-09-27 17:30:00+00:00","0.081","0.006","0.0155595"
"2010-09-27 18:00:00+00:00","0.22","0.0","0.0155595"
"2010-09-27 18:30:00+00:00","0.176","0.0","0.0156333"
"2010-09-27 19:00:00+00:00","0.289","0.0","0.01555335"
"2010-09-27 19:30:00+00:00","0.165","0.0","0.01555335"
"2010-09-27 20:00:00+00:00","0.26","0.0","0.01556565"
"2010-09-27 20:30:00+00:00","0.18","0.0","0.01554105"
"2010-09-27 21:00:00+00:00","0.223","0.0","0.0155349"
"2010-09-27 21:30:00+00:00","0.193","0.0","0.01545495"
"2010-09-27 22:00:00+00:00","0.116","0.0","0.01428645"
"2010-09-27 22:30:00+00:00","0.135","0.0","0.0196308"
"2010-09-27 23:00:00+00:00","0.566","0.0","0.01575015"
"2010-09-27 23:30:00+00:00","0.36","0.0","0.01643895"
"2010-09-28 00:00:00+00:00","0.177","0.0","0.0155472"
"2010-09-28 00:30:00+00:00","0.11","0.0","0.01519665"
"2010-09-28 01:00:00+00:00","0.225","0.0","0.01552875"
"2010-09-28 01:30:00+00:00","0.063","0.0","0.01570095"
"2010-09-28 02:00:00+00:00","0.145","0.0","0.0155349"
"2010-09-28 02:30:00+00:00","0.082","0.0","0.0133701"
"2010-09-28 03:00:00+00:00","0.115","0.0","0.01230615"
"2010-09-28 03:30:00+00:00","0.111","0.0","0.01165425"
"2010-09-28 04:00:00+00:00","0.083","0.0","0.01230615"
"2010-09-28 04:30:00+00:00","0.14","0.0","0.0122754"
"2010-09-28 05:00:00+00:00","0.066","0.0","0.0119187"
"2010-09-28 05:30:00+00:00","0.146","0.0","0.0141819"
"2010-09-28 06:00:00+00:00","0.077","0.0","0.0144402"
"2010-09-28 06:30:00+00:00","0.145","0.013","0.0153873"
"2010-09-28 07:00:00+00:00","0.186","0.025","0.0155472"
"2010-09-28 07:30:00+00:00","0.421","0.206","0.01432335"
"2010-09-28 08:00:00+00:00","0.192","0.481","0.01555335"
"2010-09-28 08:30:00+00:00","0.106","0.556","0.01567635"
"2010-09-28 09:00:00+00:00","0.224","0.675","0.0155718"
"2010-09-28 09:30:00+00:00","0.114","0.744","0.01576245"
"2010-09-28 10:00:00+00:00","0.297","0.819","0.0158547"
"2010-09-28 10:30:00+00:00","0.162","0.869","0.01555335"
"2010-09-28 11:00:00+00:00","0.112","0.888","0.01555335"
"2010-09-28 11:30:00+00:00","0.109","0.913","0.01555335"
"2010-09-28 12:00:00+00:00","0.102","0.894","0.01566405"
"2010-09-28 12:30:00+00:00","0.117","0.888","0.0155472"
"2010-09-28 13:00:00+00:00","0.089","0.869","0.0155595"
"2010-09-28 13:30:00+00:00","0.133","0.825","0.0155595"
"2010-09-28 14:00:00+00:00","0.075","0.775","0.01557795"
"2010-09-28 14:30:00+00:00","0.145","0.7","0.0154611"
"2010-09-28 15:00:00+00:00","0.079","0.606","0.0155595"
"2010-09-28 15:30:00+00:00","0.135","0.494","0.01557795"
"2010-09-28 16:00:00+00:00","0.09","0.375","0.0155595"
"2010-09-28 16:30:00+00:00","0.198","0.2","0.0155472"
"2010-09-28 17:00:00+00:00","0.211","0.075","0.01555335"
"2010-09-28 17:30:00+00:00","0.146","0.019","0.01557795"
"2010-09-28 18:00:00+00:00","0.2","0.0","0.0157194"
"2010-09-28 18:30:00+00:00","0.147","0.0","0.0158793"
"2010-09-28 19:00:00+00:00","0.203","0.0","0.01903425"
"2010-09-28 19:30:00+00:00","0.269","0.0","0.0176505"
"2010-09-28 20:00:00+00:00","0.326","0.0","0.01650045"
"2010-09-28 20:30:00+00:00","0.211","0.0","0.01597155"
"2010-09-28 21:00:00+00:00","0.126","0.0","0.0155595"
"2010-09-28 21:30:00+00:00","0.15","0.0","0.015375"
"2010-09-28 22:00:00+00:00","0.086","0.0","0.01512285"
"2010-09-28 22:30:00+00:00","0.133","0.0","0.0256209"
"2010-09-28 23:00:00+00:00","0.101","0.0","0.0176751"
"2010-09-28 23:30:00+00:00","0.119","0.0","0.0167649"
"2010-09-29 00:00:00+00:00","0.105","0.0","0.0157071"
"2010-09-29 00:30:00+00:00","0.1","0.0","0.01544265"
"2010-09-29 01:00:00+00:00","0.107","0.0","0.0155595"
"2010-09-29 01:30:00+00:00","0.104","0.0","0.01562715"
"2010-09-29 02:00:00+00:00","0.103","0.0","0.0152889"
"2010-09-29 02:30:00+00:00","0.104","0.0","0.01442175"
"2010-09-29 03:00:00+00:00","0.104","0.0","0.01250295"
"2010-09-29 03:30:00+00:00","0.105","0.0","0.01230615"
"2010-09-29 04:00:00+00:00","0.121","0.0","0.01215855"
"2010-09-29 04:30:00+00:00","0.082","0.0","0.0125091"
"2010-09-29 05:00:00+00:00","0.129","0.0","0.0126444"
"2010-09-29 05:30:00+00:00","0.071","0.0","0.0147231"
"2010-09-29 06:00:00+00:00","0.119","0.0","0.0163467"
"2010-09-29 06:30:00+00:00","0.142","0.019","0.01618065"
"2010-09-29 07:00:00+00:00","0.196","0.075","0.0183024"
"2010-09-29 07:30:00+00:00","0.121","0.138","0.01536885"
"2010-09-29 08:00:00+00:00","0.094","0.294","0.0168756"
"2010-09-29 08:30:00+00:00","0.151","0.388","0.01736145"
"2010-09-29 09:00:00+00:00","0.18","0.469","0.01881285"
"2010-09-29 09:30:00+00:00","0.291","0.438","0.02112525"
"2010-09-29 10:00:00+00:00","0.058","0.725","0.0203442"
"2010-09-29 10:30:00+00:00","0.184","0.819","0.0204795"
"2010-09-29 11:00:00+00:00","0.61","1.025","0.02134665"
"2010-09-29 11:30:00+00:00","0.217","1.006","0.02007975"
"2010-09-29 12:00:00+00:00","0.238","0.981","0.0195447"
"2010-09-29 12:30:00+00:00","0.226","0.688","0.0204672"
"2010-09-29 13:00:00+00:00","0.336","0.85","0.0197415"
"2010-09-29 13:30:00+00:00","0.12","0.869","0.01893585"
"2010-09-29 14:00:00+00:00","0.191","0.65","0.02019045"
"2010-09-29 14:30:00+00:00","0.107","0.444","0.0192741"
"2010-09-29 15:00:00+00:00","0.187","0.569","0.0166542"
"2010-09-29 15:30:00+00:00","0.155","0.344","0.01594695"
"2010-09-29 16:00:00+00:00","0.071","0.138","0.01643895"
"2010-09-29 16:30:00+00:00","0.186","0.056","0.01568865"
"2010-09-29 17:00:00+00:00","0.105","0.025","0.0154488"
"2010-09-29 17:30:00+00:00","0.153","0.0","0.01563945"
"2010-09-29 18:00:00+00:00","0.085","0.0","0.0175152"
"2010-09-29 18:30:00+00:00","0.286","0.0","0.0208977"
"2010-09-29 19:00:00+00:00","0.159","0.0","0.0300243"
"2010-09-29 19:30:00+00:00","0.14","0.0","0.0307623"
"2010-09-29 20:00:00+00:00","0.214","0.0","0.0191019"
"2010-09-29 20:30:00+00:00","0.108","0.0","0.0176874"
"2010-09-29 21:00:00+00:00","0.107","0.0","0.01566405"
"2010-09-29 21:30:00+00:00","0.089","0.0","0.01559025"
"2010-09-29 22:00:00+00:00","0.077","0.0","0.01525815"
"2010-09-29 22:30:00+00:00","0.781","0.0","0.02635275"
"2010-09-29 23:00:00+00:00","0.266","0.0","0.0223737"
"2010-09-29 23:30:00+00:00","0.11","0.0","0.0240588"
"2010-09-30 00:00:00+00:00","0.075","0.0","0.0190158"
"2010-09-30 00:30:00+00:00","0.06","0.0","0.0176874"
"2010-09-30 01:00:00+00:00","0.118","0.0","0.0161253"
"2010-09-30 01:30:00+00:00","0.038","0.0","0.0169371"
"2010-09-30 02:00:00+00:00","0.107","0.0","0.0153012"
"2010-09-30 02:30:00+00:00","0.072","0.0","0.01471695"
"2010-09-30 03:00:00+00:00","0.062","0.0","0.0143664"
"2010-09-30 03:30:00+00:00","0.107","0.0","0.01283505"
"2010-09-30 04:00:00+00:00","0.041","0.0","0.012423"
"2010-09-30 04:30:00+00:00","0.115","0.0","0.01353615"
"2010-09-30 05:00:00+00:00","0.063","0.0","0.0142065"
"2010-09-30 05:30:00+00:00","0.072","0.0","0.0155595"
"2010-09-30 06:00:00+00:00","0.099","0.0","0.01635285"
"2010-09-30 06:30:00+00:00","0.058","0.006","0.01653735"
"2010-09-30 07:00:00+00:00","0.128","0.025","0.02240445"
"2010-09-30 07:30:00+00:00","0.093","0.231","0.01536885"
"2010-09-30 08:00:00+00:00","0.243","0.506","0.01864065"
"2010-09-30 08:30:00+00:00","0.116","0.625","0.02032575"
"2010-09-30 09:00:00+00:00","0.182","0.713","0.01855455"
"2010-09-30 09:30:00+00:00","0.11","0.8","0.01921875"
"2010-09-30 10:00:00+00:00","0.123","0.881","0.0190035"
"2010-09-30 10:30:00+00:00","0.036","0.9","0.0185853"
"2010-09-30 11:00:00+00:00","0.299","0.925","0.0178596"
"2010-09-30 11:30:00+00:00","0.271","0.931","0.0159777"
"2010-09-30 12:00:00+00:00","0.288","0.925","0.01556565"
"2010-09-30 12:30:00+00:00","0.483","0.913","0.01573785"
"2010-09-30 13:00:00+00:00","0.069","0.888","0.0155595"
"2010-09-30 13:30:00+00:00","0.099","0.838","0.0155595"
"2010-09-30 14:00:00+00:00","0.063","0.781","0.01565175"
"2010-09-30 14:30:00+00:00","0.183","0.706","0.0155718"
"2010-09-30 15:00:00+00:00","0.226","0.619","0.0155595"
"2010-09-30 15:30:00+00:00","0.339","0.513","0.0155595"
"2010-09-30 16:00:00+00:00","0.332","0.388","0.0155595"
"2010-09-30 16:30:00+00:00","0.299","0.244","0.0155595"
"2010-09-30 17:00:00+00:00","0.109","0.056","0.0155595"
"2010-09-30 17:30:00+00:00","0.07","0.0","0.0155595"
"2010-09-30 18:00:00+00:00","0.215","0.0","0.01563945"
"2010-09-30 18:30:00+00:00","0.154","0.0","0.01754595"
"2010-09-30 19:00:00+00:00","0.201","0.0","0.01912035"
"2010-09-30 19:30:00+00:00","0.421","0.0","0.01878825"
"2010-09-30 20:00:00+00:00","0.125","0.0","0.0196185"
"2010-09-30 20:30:00+00:00","0.157","0.0","0.0188805"
"2010-09-30 21:00:00+00:00","0.131","0.0","0.01593465"
"2010-09-30 21:30:00+00:00","0.185","0.0","0.01559025"
"2010-09-30 22:00:00+00:00","0.114","0.0","0.0155595"
"2010-09-30 22:30:00+00:00","0.084","0.0","0.0251043"
"2010-09-30 23:00:00+00:00","0.088","0.0","0.0177243"
"2010-09-30 23:30:00+00:00","0.626","0.0","0.01771815"
"2010-10-01 00:00:00+00:00","0.426","0.0","0.01485225"
"2010-10-01 00:30:00+00:00","0.065","0.0","0.014883"
"2010-10-01 01:00:00+00:00","0.095","0.0","0.0153627"
"2010-10-01 01:30:00+00:00","0.061","0.0","0.0162483"
"2010-10-01 02:00:00+00:00","0.067","0.006","0.01436025"
"2010-10-01 02:30:00+00:00","0.114","0.0","0.0124476"
"2010-10-01 03:00:00+00:00","0.041","0.0","0.0123"
"2010-10-01 03:30:00+00:00","0.111","0.0","0.0114144"
"2010-10-01 04:00:00+00:00","0.064","0.0","0.00960015"
"2010-10-01 04:30:00+00:00","0.066","0.0","0.01186335"
"2010-10-01 05:00:00+00:00","0.095","0.0","0.01234305"
"2010-10-01 05:30:00+00:00","0.049","0.0","0.0124722"
"2010-10-01 06:00:00+00:00","0.101","0.006","0.01405275"
"2010-10-01 06:30:00+00:00","0.086","0.013","0.01551645"
"2010-10-01 07:00:00+00:00","0.091","0.031","0.01565175"
"2010-10-01 07:30:00+00:00","0.094","0.056","0.01535655"
"2010-10-01 08:00:00+00:00","0.086","0.15","0.01586085"
"2010-10-01 08:30:00+00:00","0.368","0.2","0.01589775"
"2010-10-01 09:00:00+00:00","0.069","0.219","0.01587315"
"2010-10-01 09:30:00+00:00","0.077","0.194","0.0160884"
"2010-10-01 10:00:00+00:00","0.064","0.388","0.01603305"
"2010-10-01 10:30:00+00:00","0.202","0.575","0.01582395"
"2010-10-01 11:00:00+00:00","0.098","0.375","0.01556565"
"2010-10-01 11:30:00+00:00","0.083","0.369","0.0155595"
"2010-10-01 12:00:00+00:00","0.22","0.481","0.0155595"
"2010-10-01 12:30:00+00:00","0.5","0.538","0.01556565"
"2010-10-01 13:00:00+00:00","0.444","0.625","0.0155595"
"2010-10-01 13:30:00+00:00","0.078","0.563","0.0155595"
"2010-10-01 14:00:00+00:00","0.173","0.444","0.0155226"
"2010-10-01 14:30:00+00:00","0.109","0.25","0.0155595"
"2010-10-01 15:00:00+00:00","0.244","0.275","0.0155595"
"2010-10-01 15:30:00+00:00","0.159","0.169","0.0155595"
"2010-10-01 16:00:00+00:00","0.114","0.131","0.0155595"
"2010-10-01 16:30:00+00:00","0.137","0.081","0.0155595"
"2010-10-01 17:00:00+00:00","0.071","0.025","0.0155595"
"2010-10-01 17:30:00+00:00","0.095","0.013","0.0155595"
"2010-10-01 18:00:00+00:00","0.098","0.0","0.0155718"
"2010-10-01 18:30:00+00:00","0.054","0.0","0.0156087"
"2010-10-01 19:00:00+00:00","0.114","0.0","0.0158178"
"2010-10-01 19:30:00+00:00","0.064","0.0","0.01559025"
"2010-10-01 20:00:00+00:00","0.103","0.0","0.01554105"
"2010-10-01 20:30:00+00:00","0.08","0.0","0.01572555"
"2010-10-01 21:00:00+00:00","0.078","0.0","0.01540575"
"2010-10-01 21:30:00+00:00","0.235","0.0","0.0147477"
"2010-10-01 22:00:00+00:00","0.135","0.0","0.0145386"
"2010-10-01 22:30:00+00:00","0.075","0.0","0.0163713"
"2010-10-01 23:00:00+00:00","0.149","0.0","0.01556565"
"2010-10-01 23:30:00+00:00","0.108","0.0","0.0160023"
"2010-10-02 00:00:00+00:00","0.061","0.0","0.0155103"
"2010-10-02 00:30:00+00:00","0.12","0.0","0.01502445"
"2010-10-02 01:00:00+00:00","0.037","0.0","0.0150798"
"2010-10-02 01:30:00+00:00","0.115","0.0","0.01465545"
"2010-10-02 02:00:00+00:00","0.059","0.0","0.01276125"
"2010-10-02 02:30:00+00:00","0.083","0.0","0.0123"
"2010-10-02 03:00:00+00:00","0.096","0.0","0.0115497"
"2010-10-02 03:30:00+00:00","0.053","0.0","0.0109962"
"2010-10-02 04:00:00+00:00","0.117","0.0","0.01062105"
"2010-10-02 04:30:00+00:00","0.047","0.0","0.010209"
"2010-10-02 05:00:00+00:00","0.112","0.0","0.01060875"
"2010-10-02 05:30:00+00:00","0.066","0.0","0.01149435"
"2010-10-02 06:00:00+00:00","0.087","0.0","0.0123"
"2010-10-02 06:30:00+00:00","0.08","0.013","0.0122631"
"2010-10-02 07:00:00+00:00","0.066","0.05","0.0127059"
"2010-10-02 07:30:00+00:00","0.111","0.106","0.01354845"
"2010-10-02 08:00:00+00:00","0.085","0.156","0.01508595"
"2010-10-02 08:30:00+00:00","0.152","0.438","0.01527045"
"2010-10-02 09:00:00+00:00","0.387","0.606","0.01552875"
"2010-10-02 09:30:00+00:00","0.083","0.319","0.0155595"
"2010-10-02 10:00:00+00:00","0.117","0.475","0.0155595"
"2010-10-02 10:30:00+00:00","0.13","0.4","0.0155595"
"2010-10-02 11:00:00+00:00","0.083","0.219","0.0155595"
"2010-10-02 11:30:00+00:00","0.2","0.481","0.0155595"
"2010-10-02 12:00:00+00:00","0.059","0.575","0.015498"
"2010-10-02 12:30:00+00:00","0.127","0.338","0.0150675"
"2010-10-02 13:00:00+00:00","0.206","0.25","0.0148461"
"2010-10-02 13:30:00+00:00","0.349","0.3","0.014268"
"2010-10-02 14:00:00+00:00","0.801","0.244","0.014022"
"2010-10-02 14:30:00+00:00","0.158","0.181","0.01349925"
"2010-10-02 15:00:00+00:00","0.132","0.169","0.0130872"
"2010-10-02 15:30:00+00:00","0.309","0.1","0.01351155"
"2010-10-02 16:00:00+00:00","0.12","0.125","0.01390515"
"2010-10-02 16:30:00+00:00","0.32","0.031","0.0140343"
"2010-10-02 17:00:00+00:00","0.43","0.019","0.0144279"
"2010-10-02 17:30:00+00:00","1.345","0.006","0.01485225"
"2010-10-02 18:00:00+00:00","0.936","0.0","0.01560255"
"2010-10-02 18:30:00+00:00","1.067","0.0","0.0155841"
"2010-10-02 19:00:00+00:00","0.729","0.0","0.0155595"
"2010-10-02 19:30:00+00:00","0.174","0.0","0.0155595"
"2010-10-02 20:00:00+00:00","0.187","0.0","0.0155349"
"2010-10-02 20:30:00+00:00","0.329","0.0","0.0155595"
"2010-10-02 21:00:00+00:00","0.195","0.0","0.01556565"
"2010-10-02 21:30:00+00:00","0.158","0.0","0.0153996"
"2010-10-02 22:00:00+00:00","0.129","0.0","0.01380675"
"2010-10-02 22:30:00+00:00","0.137","0.0","0.0154242"
"2010-10-02 23:00:00+00:00","0.128","0.0","0.01373295"
"2010-10-02 23:30:00+00:00","0.107","0.0","0.01423725"
"2010-10-03 00:00:00+00:00","0.106","0.0","0.0132963"
"2010-10-03 00:30:00+00:00","0.119","0.0","0.0123492"
"2010-10-03 01:00:00+00:00","0.063","0.0","0.01222005"
"2010-10-03 01:30:00+00:00","0.136","0.0","0.012054"
"2010-10-03 02:00:00+00:00","0.069","0.0","0.0112053"
"2010-10-03 02:30:00+00:00","0.0","0.0","0.0099507"
"2010-10-03 03:00:00+00:00","0.0","0.0","0.00854235"
"2010-10-03 03:30:00+00:00","0.106","0.0","0.00805035"
"2010-10-03 04:00:00+00:00","0.1","0.0","0.0075891"
"2010-10-03 04:30:00+00:00","0.087","0.0","0.00915735"
"2010-10-03 05:00:00+00:00","0.101","0.0","0.0089298"
"2010-10-03 05:30:00+00:00","0.092","0.0","0.00907125"
"2010-10-03 06:00:00+00:00","0.103","0.0","0.00982155"
"2010-10-03 06:30:00+00:00","0.079","0.0","0.01083015"
"2010-10-03 07:00:00+00:00","0.146","0.0","0.0128904"
"2010-10-03 07:30:00+00:00","0.092","0.025","0.0127182"
"2010-10-03 08:00:00+00:00","0.199","0.031","0.0133209"
"2010-10-03 08:30:00+00:00","0.275","0.056","0.01367145"
"2010-10-03 09:00:00+00:00","0.136","0.338","0.0141573"
"2010-10-03 09:30:00+00:00","0.194","0.319","0.01531965"
"2010-10-03 10:00:00+00:00","0.523","0.288","0.01554105"
"2010-10-03 10:30:00+00:00","0.132","0.313","0.01534425"
"2010-10-03 11:00:00+00:00","0.128","0.538","0.0148215"
"2010-10-03 11:30:00+00:00","0.168","0.406","0.01401585"
"2010-10-03 12:00:00+00:00","0.089","0.331","0.01397895"
"2010-10-03 12:30:00+00:00","0.079","0.488","0.01458165"
"2010-10-03 13:00:00+00:00","0.119","0.294","0.01297035"
"2010-10-03 13:30:00+00:00","0.196","0.319","0.0128412"
"2010-10-03 14:00:00+00:00","0.14","0.444","0.0125091"
"2010-10-03 14:30:00+00:00","0.228","0.163","0.0128043"
"2010-10-03 15:00:00+00:00","0.935","0.319","0.0125337"
"2010-10-03 15:30:00+00:00","0.116","0.519","0.0127305"
"2010-10-03 16:00:00+00:00","0.142","0.319","0.0127674"
"2010-10-03 16:30:00+00:00","0.273","0.231","0.0131487"
"2010-10-03 17:00:00+00:00","0.167","0.088","0.01404045"
"2010-10-03 17:30:00+00:00","0.202","0.088","0.0144771"
"2010-10-03 18:00:00+00:00","0.102","0.038","0.0152028"
"2010-10-03 18:30:00+00:00","0.203","0.013","0.01588545"
"2010-10-03 19:00:00+00:00","0.208","0.0","0.0158178"
"2010-10-03 19:30:00+00:00","0.305","0.0","0.01547955"
"2010-10-03 20:00:00+00:00","0.126","0.0","0.0155595"
"2010-10-03 20:30:00+00:00","0.148","0.0","0.01556565"
"2010-10-03 21:00:00+00:00","0.173","0.0","0.0155595"
"2010-10-03 21:30:00+00:00","0.153","0.0","0.01496295"
"2010-10-03 22:00:00+00:00","0.193","0.0","0.01317945"
"2010-10-03 22:30:00+00:00","0.133","0.0","0.0140097"
"2010-10-03 23:00:00+00:00","0.111","0.0","0.01271205"
"2010-10-03 23:30:00+00:00","0.117","0.0","0.01230615"
"2010-10-04 00:00:00+00:00","0.073","0.0","0.0122385"
"2010-10-04 00:30:00+00:00","0.113","0.0","0.01203555"
"2010-10-04 01:00:00+00:00","0.084","0.0","0.01091625"
"2010-10-04 01:30:00+00:00","0.099","0.0","0.0098154"
"2010-10-04 02:00:00+00:00","0.088","0.0","0.0084501"
"2010-10-04 02:30:00+00:00","0.103","0.0","0.00776745"
"2010-10-04 03:00:00+00:00","0.081","0.0","0.0071217"
"2010-10-04 03:30:00+00:00","0.104","0.0","0.007134"
"2010-10-04 04:00:00+00:00","0.081","0.0","0.0069003"
"2010-10-04 04:30:00+00:00","0.089","0.0","0.00840705"
"2010-10-04 05:00:00+00:00","0.11","0.0","0.0109716"
"2010-10-04 05:30:00+00:00","0.075","0.0","0.01207245"
"2010-10-04 06:00:00+00:00","0.126","0.0","0.01230615"
"2010-10-04 06:30:00+00:00","0.081","0.0","0.0130011"
"2010-10-04 07:00:00+00:00","0.222","0.0","0.015006"
"2010-10-04 07:30:00+00:00","0.143","0.006","0.01391745"
"2010-10-04 08:00:00+00:00","0.092","0.025","0.01434795"
"2010-10-04 08:30:00+00:00","0.134","0.069","0.01543035"
"2010-10-04 09:00:00+00:00","0.167","0.225","0.01535655"
"2010-10-04 09:30:00+00:00","0.335","0.369","0.0155595"
"2010-10-04 10:00:00+00:00","0.108","0.369","0.0155595"
"2010-10-04 10:30:00+00:00","0.119","0.388","0.01563945"
"2010-10-04 11:00:00+00:00","0.083","0.438","0.0155595"
"2010-10-04 11:30:00+00:00","0.096","0.488","0.0155595"
"2010-10-04 12:00:00+00:00","0.096","0.613","0.01551645"
"2010-10-04 12:30:00+00:00","0.098","0.538","0.0155103"
"2010-10-04 13:00:00+00:00","0.096","0.388","0.01555335"
"2010-10-04 13:30:00+00:00","0.1","0.319","0.0155841"
"2010-10-04 14:00:00+00:00","0.196","0.263","0.0155595"
"2010-10-04 14:30:00+00:00","0.328","0.619","0.0155595"
"2010-10-04 15:00:00+00:00","0.108","0.675","0.0155595"
"2010-10-04 15:30:00+00:00","0.317","0.394","0.0155595"
"2010-10-04 16:00:00+00:00","0.4","0.381","0.0155595"
"2010-10-04 16:30:00+00:00","0.505","0.313","0.0155595"
"2010-10-04 17:00:00+00:00","0.257","0.156","0.0155472"
"2010-10-04 17:30:00+00:00","0.293","0.1","0.0155595"
"2010-10-04 18:00:00+00:00","0.22","0.05","0.0155718"
"2010-10-04 18:30:00+00:00","0.254","0.013","0.0155595"
"2010-10-04 19:00:00+00:00","0.245","0.0","0.01555335"
"2010-10-04 19:30:00+00:00","0.363","0.0","0.01549185"
"2010-10-04 20:00:00+00:00","0.371","0.0","0.0155595"
"2010-10-04 20:30:00+00:00","0.179","0.0","0.0155472"
"2010-10-04 21:00:00+00:00","0.213","0.0","0.0152889"
"2010-10-04 21:30:00+00:00","0.213","0.0","0.01482765"
"2010-10-04 22:00:00+00:00","0.124","0.0","0.0132225"
"2010-10-04 22:30:00+00:00","0.093","0.0","0.01383135"
"2010-10-04 23:00:00+00:00","0.103","0.0","0.0128166"
"2010-10-04 23:30:00+00:00","0.085","0.0","0.012669"
"2010-10-05 00:00:00+00:00","0.495","0.0","0.0125214"
"2010-10-05 00:30:00+00:00","0.573","0.0","0.01230615"
"2010-10-05 01:00:00+00:00","0.086","0.0","0.012177"
"2010-10-05 01:30:00+00:00","0.087","0.0","0.0123"
"2010-10-05 02:00:00+00:00","0.083","0.0","0.01230615"
"2010-10-05 02:30:00+00:00","0.097","0.0","0.01025205"
"2010-10-05 03:00:00+00:00","0.082","0.0","0.0105288"
"2010-10-05 03:30:00+00:00","0.108","0.0","0.00936645"
"2010-10-05 04:00:00+00:00","0.079","0.0","0.00966165"
"2010-10-05 04:30:00+00:00","0.085","0.0","0.0113529"
"2010-10-05 05:00:00+00:00","0.088","0.0","0.0128658"
"2010-10-05 05:30:00+00:00","0.087","0.006","0.0130011"
"2010-10-05 06:00:00+00:00","0.122","0.0","0.0144894"
"2010-10-05 06:30:00+00:00","0.312","0.0","0.0155472"
"2010-10-05 07:00:00+00:00","0.173","0.0","0.01566405"
"2010-10-05 07:30:00+00:00","0.121","0.006","0.0134931"
"2010-10-05 08:00:00+00:00","0.211","0.025","0.0155472"
"2010-10-05 08:30:00+00:00","0.154","0.063","0.01557795"
"2010-10-05 09:00:00+00:00","0.188","0.119","0.0155349"
"2010-10-05 09:30:00+00:00","0.078","0.281","0.0155595"
"2010-10-05 10:00:00+00:00","0.108","0.344","0.0155595"
"2010-10-05 10:30:00+00:00","0.154","0.25","0.0155595"
"2010-10-05 11:00:00+00:00","0.148","0.575","0.0155595"
"2010-10-05 11:30:00+00:00","0.183","0.919","0.0155595"
"2010-10-05 12:00:00+00:00","0.231","0.813","0.0155595"
"2010-10-05 12:30:00+00:00","0.363","0.919","0.0155595"
"2010-10-05 13:00:00+00:00","0.581","0.875","0.0155595"
"2010-10-05 13:30:00+00:00","0.132","0.85","0.0155595"
"2010-10-05 14:00:00+00:00","0.142","0.819","0.01550415"
"2010-10-05 14:30:00+00:00","0.189","0.831","0.0155595"
"2010-10-05 15:00:00+00:00","0.068","0.763","0.0155595"
"2010-10-05 15:30:00+00:00","0.151","0.688","0.0155595"
"2010-10-05 16:00:00+00:00","0.064","0.606","0.0155595"
"2010-10-05 16:30:00+00:00","0.252","0.525","0.01555335"
"2010-10-05 17:00:00+00:00","0.148","0.388","0.0155595"
"2010-10-05 17:30:00+00:00","0.128","0.231","0.01555335"
"2010-10-05 18:00:00+00:00","0.289","0.044","0.01555335"
"2010-10-05 18:30:00+00:00","0.156","0.0","0.0155595"
"2010-10-05 19:00:00+00:00","0.163","0.0","0.01556565"
"2010-10-05 19:30:00+00:00","0.247","0.0","0.0154488"
"2010-10-05 20:00:00+00:00","0.203","0.0","0.0155226"
"2010-10-05 20:30:00+00:00","0.198","0.0","0.01544265"
"2010-10-05 21:00:00+00:00","0.103","0.0","0.01480305"
"2010-10-05 21:30:00+00:00","0.103","0.006","0.0142926"
"2010-10-05 22:00:00+00:00","0.114","0.0","0.01293345"
"2010-10-05 22:30:00+00:00","0.059","0.0","0.015375"
"2010-10-05 23:00:00+00:00","0.141","0.0","0.0144402"
"2010-10-05 23:30:00+00:00","0.063","0.0","0.0136899"
"2010-10-06 00:00:00+00:00","0.126","0.0","0.01300725"
"2010-10-06 00:30:00+00:00","0.087","0.0","0.01249065"
"2010-10-06 01:00:00+00:00","0.081","0.0","0.0124968"
"2010-10-06 01:30:00+00:00","0.13","0.0","0.01256445"
"2010-10-06 02:00:00+00:00","0.047","0.0","0.01222005"
"2010-10-06 02:30:00+00:00","0.142","0.0","0.01209705"
"2010-10-06 03:00:00+00:00","0.06","0.0","0.0106887"
"2010-10-06 03:30:00+00:00","0.109","0.0","0.009594"
"2010-10-06 04:00:00+00:00","0.104","0.0","0.010209"
"2010-10-06 04:30:00+00:00","0.069","0.0","0.01230615"
"2010-10-06 05:00:00+00:00","0.148","0.0","0.0125091"
"2010-10-06 05:30:00+00:00","0.053","0.0","0.0150306"
"2010-10-06 06:00:00+00:00","0.262","0.0","0.0155472"
"2010-10-06 06:30:00+00:00","0.094","0.0","0.01527045"
"2010-10-06 07:00:00+00:00","0.112","0.0","0.0155595"
"2010-10-06 07:30:00+00:00","0.148","0.0","0.014145"
"2010-10-06 08:00:00+00:00","0.236","0.0","0.0155595"
"2010-10-06 08:30:00+00:00","0.153","0.0","0.0155595"
"2010-10-06 09:00:00+00:00","0.149","0.0","0.0155595"
"2010-10-06 09:30:00+00:00","0.107","0.0","0.01555335"
"2010-10-06 10:00:00+00:00","0.164","0.0","0.0155595"
"2010-10-06 10:30:00+00:00","0.077","0.0","0.0155595"
"2010-10-06 11:00:00+00:00","0.2","0.0","0.0155595"
"2010-10-06 11:30:00+00:00","0.086","0.0","0.01554105"
"2010-10-06 12:00:00+00:00","0.11","0.0","0.0155595"
"2010-10-06 12:30:00+00:00","0.304","0.0","0.0155595"
"2010-10-06 13:00:00+00:00","0.073","0.0","0.0155595"
"2010-10-06 13:30:00+00:00","0.136","0.0","0.0155964"
"2010-10-06 14:00:00+00:00","0.148","0.0","0.0155841"
"2010-10-06 14:30:00+00:00","0.151","0.0","0.0155841"
"2010-10-06 15:00:00+00:00","0.179","0.0","0.01566405"
"2010-10-06 15:30:00+00:00","0.208","0.0","0.0148584"
"2010-10-06 16:00:00+00:00","0.322","0.0","0.01556565"
"2010-10-06 16:30:00+00:00","0.214","0.0","0.01538115"
"2010-10-06 17:00:00+00:00","0.186","0.0","0.0155103"
"2010-10-06 17:30:00+00:00","0.681","0.0","0.0141327"
"2010-10-06 18:00:00+00:00","0.699","0.0","0.01476615"
"2010-10-06 18:30:00+00:00","0.642","0.0","0.0154734"
"2010-10-06 19:00:00+00:00","0.165","0.0","0.0159777"
"2010-10-06 19:30:00+00:00","0.172","0.0","0.0153381"
"2010-10-06 20:00:00+00:00","0.375","0.0","0.0152151"
"2010-10-06 20:30:00+00:00","0.129","0.0","0.01471695"
"2010-10-06 21:00:00+00:00","0.104","0.0","0.01230615"
"2010-10-06 21:30:00+00:00","0.157","0.0","0.01249065"
"2010-10-06 22:00:00+00:00","0.073","0.0","0.0121278"
"2010-10-06 22:30:00+00:00","0.157","0.0","0.01496295"
"2010-10-06 23:00:00+00:00","0.565","0.0","0.01353615"
"2010-10-06 23:30:00+00:00","0.411","0.0","0.01287195"
"2010-10-07 00:00:00+00:00","0.122","0.0","0.01261365"
"2010-10-07 00:30:00+00:00","0.06","0.0","0.0122139"
"2010-10-07 01:00:00+00:00","0.126","0.0","0.01229385"
"2010-10-07 01:30:00+00:00","0.06","0.0","0.0122016"
"2010-10-07 02:00:00+00:00","0.091","0.0","0.0098646"
"2010-10-07 02:30:00+00:00","0.11","0.0","0.0084993"
"2010-10-07 03:00:00+00:00","0.067","0.0","0.0082902"
"2010-10-07 03:30:00+00:00","0.12","0.0","0.00780435"
"2010-10-07 04:00:00+00:00","0.06","0.0","0.0079704"
"2010-10-07 04:30:00+00:00","0.099","0.0","0.0112914"
"2010-10-07 05:00:00+00:00","0.092","0.0","0.0123861"
"2010-10-07 05:30:00+00:00","0.073","0.0","0.01412655"
"2010-10-07 06:00:00+00:00","0.116","0.0","0.0155718"
"2010-10-07 06:30:00+00:00","0.172","0.0","0.015498"
"2010-10-07 07:00:00+00:00","0.192","0.006","0.01560255"
"2010-10-07 07:30:00+00:00","0.094","0.044","0.01363455"
"2010-10-07 08:00:00+00:00","0.138","0.069","0.01533195"
"2010-10-07 08:30:00+00:00","0.274","0.038","0.01568865"
"2010-10-07 09:00:00+00:00","0.146","0.088","0.0155595"
"2010-10-07 09:30:00+00:00","0.093","0.138","0.0155595"
"2010-10-07 10:00:00+00:00","0.263","0.219","0.0155595"
"2010-10-07 10:30:00+00:00","0.245","0.288","0.0155595"
"2010-10-07 11:00:00+00:00","0.209","0.206","0.0154488"
"2010-10-07 11:30:00+00:00","0.062","0.356","0.0155595"
"2010-10-07 12:00:00+00:00","0.131","0.644","0.0155595"
"2010-10-07 12:30:00+00:00","0.063","0.719","0.0155595"
"2010-10-07 13:00:00+00:00","0.106","0.594","0.0155595"
"2010-10-07 13:30:00+00:00","0.092","0.525","0.0155595"
"2010-10-07 14:00:00+00:00","0.096","0.294","0.0155595"
"2010-10-07 14:30:00+00:00","0.099","0.369","0.0155595"
"2010-10-07 15:00:00+00:00","0.307","0.238","0.0155595"
"2010-10-07 15:30:00+00:00","0.147","0.206","0.0155964"
"2010-10-07 16:00:00+00:00","0.22","0.156","0.0155595"
"2010-10-07 16:30:00+00:00","0.127","0.05","0.01556565"
"2010-10-07 17:00:00+00:00","0.177","0.044","0.0155595"
"2010-10-07 17:30:00+00:00","0.203","0.013","0.0155595"
"2010-10-07 18:00:00+00:00","0.142","0.006","0.01556565"
"2010-10-07 18:30:00+00:00","0.352","0.0","0.0155595"
"2010-10-07 19:00:00+00:00","0.16","0.0","0.01556565"
"2010-10-07 19:30:00+00:00","0.255","0.0","0.0155472"
"2010-10-07 20:00:00+00:00","0.318","0.0","0.0155595"
"2010-10-07 20:30:00+00:00","0.217","0.0","0.0155595"
"2010-10-07 21:00:00+00:00","0.142","0.0","0.0154734"
"2010-10-07 21:30:00+00:00","0.097","0.0","0.0152889"
"2010-10-07 22:00:00+00:00","0.127","0.0","0.0131241"
"2010-10-07 22:30:00+00:00","0.071","0.0","0.0156948"
"2010-10-07 23:00:00+00:00","0.095","0.0","0.01565175"
"2010-10-07 23:30:00+00:00","0.488","0.0","0.0155841"
"2010-10-08 00:00:00+00:00","0.554","0.0","0.0153135"
"2010-10-08 00:30:00+00:00","0.099","0.0","0.0137637"
"2010-10-08 01:00:00+00:00","0.076","0.0","0.0135669"
"2010-10-08 01:30:00+00:00","0.082","0.0","0.01346235"
"2010-10-08 02:00:00+00:00","0.09","0.0","0.0123"
"2010-10-08 02:30:00+00:00","0.082","0.0","0.0122139"
"2010-10-08 03:00:00+00:00","0.09","0.0","0.01176495"
"2010-10-08 03:30:00+00:00","0.086","0.0","0.01229385"
"2010-10-08 04:00:00+00:00","0.073","0.0","0.0123"
"2010-10-08 04:30:00+00:00","0.103","0.0","0.0123615"
"2010-10-08 05:00:00+00:00","0.064","0.0","0.0135669"
"2010-10-08 05:30:00+00:00","0.11","0.0","0.01512285"
"2010-10-08 06:00:00+00:00","0.077","0.0","0.01578705"
"2010-10-08 06:30:00+00:00","0.092","0.0","0.0155103"
"2010-10-08 07:00:00+00:00","0.262","0.0","0.0155595"
"2010-10-08 07:30:00+00:00","0.066","0.013","0.0135915"
"2010-10-08 08:00:00+00:00","0.197","0.025","0.0152643"
"2010-10-08 08:30:00+00:00","0.119","0.106","0.0155595"
"2010-10-08 09:00:00+00:00","0.295","0.3","0.0155595"
"2010-10-08 09:30:00+00:00","0.131","0.3","0.0155595"
"2010-10-08 10:00:00+00:00","0.147","0.213","0.0155595"
"2010-10-08 10:30:00+00:00","0.179","0.413","0.0155595"
"2010-10-08 11:00:00+00:00","0.068","0.263","0.0155595"
"2010-10-08 11:30:00+00:00","0.102","0.406","0.0155595"
"2010-10-08 12:00:00+00:00","0.075","0.338","0.0155595"
"2010-10-08 12:30:00+00:00","0.081","0.288","0.0155595"
"2010-10-08 13:00:00+00:00","0.084","0.319","0.0155472"
"2010-10-08 13:30:00+00:00","0.086","0.438","0.0155595"
"2010-10-08 14:00:00+00:00","0.319","0.456","0.0155595"
"2010-10-08 14:30:00+00:00","0.25","0.725","0.0155595"
"2010-10-08 15:00:00+00:00","0.349","0.706","0.0155472"
"2010-10-08 15:30:00+00:00","0.372","0.563","0.01555335"
"2010-10-08 16:00:00+00:00","0.372","0.663","0.0155595"
"2010-10-08 16:30:00+00:00","0.597","0.469","0.0155595"
"2010-10-08 17:00:00+00:00","0.173","0.381","0.01551645"
"2010-10-08 17:30:00+00:00","0.044","0.2","0.0147723"
"2010-10-08 18:00:00+00:00","0.165","0.075","0.0135054"
"2010-10-08 18:30:00+00:00","0.3","0.013","0.01397895"
"2010-10-08 19:00:00+00:00","0.334","0.0","0.01531965"
"2010-10-08 19:30:00+00:00","0.292","0.0","0.01499985"
"2010-10-08 20:00:00+00:00","0.141","0.0","0.01503675"
"2010-10-08 20:30:00+00:00","0.214","0.0","0.0144402"
"2010-10-08 21:00:00+00:00","0.099","0.0","0.0127551"
"2010-10-08 21:30:00+00:00","0.116","0.0","0.01343775"
"2010-10-08 22:00:00+00:00","0.131","0.0","0.01301955"
"2010-10-08 22:30:00+00:00","0.058","0.0","0.01581165"
"2010-10-08 23:00:00+00:00","0.143","0.0","0.01547955"
"2010-10-08 23:30:00+00:00","0.053","0.0","0.01544265"
"2010-10-09 00:00:00+00:00","0.11","0.0","0.0151536"
"2010-10-09 00:30:00+00:00","0.091","0.0","0.0141819"
"2010-10-09 01:00:00+00:00","0.063","0.0","0.0131241"
"2010-10-09 01:30:00+00:00","0.121","0.0","0.01378215"
"2010-10-09 02:00:00+00:00","0.042","0.0","0.0122754"
"2010-10-09 02:30:00+00:00","0.125","0.0","0.01217085"
"2010-10-09 03:00:00+00:00","0.067","0.0","0.0118695"
"2010-10-09 03:30:00+00:00","0.083","0.0","0.0122016"
"2010-10-09 04:00:00+00:00","0.111","0.0","0.0118941"
"2010-10-09 04:30:00+00:00","0.042","0.0","0.0121155"
"2010-10-09 05:00:00+00:00","0.136","0.0","0.0122631"
"2010-10-09 05:30:00+00:00","0.05","0.0","0.01233075"
"2010-10-09 06:00:00+00:00","0.108","0.0","0.01231845"
"2010-10-09 06:30:00+00:00","0.195","0.0","0.0132963"
"2010-10-09 07:00:00+00:00","0.068","0.0","0.01476615"
"2010-10-09 07:30:00+00:00","0.287","0.0","0.01508595"
"2010-10-09 08:00:00+00:00","0.041","0.0","0.01556565"
"2010-10-09 08:30:00+00:00","0.116","0.019","0.0156579"
"2010-10-09 09:00:00+00:00","0.052","0.025","0.01555335"
"2010-10-09 09:30:00+00:00","0.08","0.031","0.0155595"
"2010-10-09 10:00:00+00:00","0.097","0.05","0.0155595"
"2010-10-09 10:30:00+00:00","0.053","0.05","0.0155595"
"2010-10-09 11:00:00+00:00","0.114","0.063","0.0155595"
"2010-10-09 11:30:00+00:00","0.047","0.106","0.0155595"
"2010-10-09 12:00:00+00:00","0.086","0.113","0.0155595"
"2010-10-09 12:30:00+00:00","0.077","0.131","0.0155595"
"2010-10-09 13:00:00+00:00","0.076","0.125","0.0155595"
"2010-10-09 13:30:00+00:00","0.093","0.119","0.0155472"
"2010-10-09 14:00:00+00:00","0.071","0.138","0.0154734"
"2010-10-09 14:30:00+00:00","0.077","0.075","0.0148215"
"2010-10-09 15:00:00+00:00","0.088","0.081","0.01483995"
"2010-10-09 15:30:00+00:00","0.077","0.1","0.01501215"
"2010-10-09 16:00:00+00:00","0.078","0.056","0.01550415"
"2010-10-09 16:30:00+00:00","0.086","0.025","0.0155595"
"2010-10-09 17:00:00+00:00","0.05","0.019","0.0155595"
"2010-10-09 17:30:00+00:00","0.111","0.038","0.01555335"
"2010-10-09 18:00:00+00:00","0.051","0.025","0.0155595"
"2010-10-09 18:30:00+00:00","0.112","0.0","0.01573785"
"2010-10-09 19:00:00+00:00","0.293","0.0","0.0155472"
"2010-10-09 19:30:00+00:00","0.121","0.0","0.0155349"
"2010-10-09 20:00:00+00:00","0.175","0.0","0.0155349"
"2010-10-09 20:30:00+00:00","0.102","0.0","0.01554105"
"2010-10-09 21:00:00+00:00","0.192","0.0","0.01536885"
"2010-10-09 21:30:00+00:00","0.153","0.0","0.01499985"
"2010-10-09 22:00:00+00:00","0.092","0.0","0.01437255"
"2010-10-09 22:30:00+00:00","0.755","0.0","0.01444635"
"2010-10-09 23:00:00+00:00","0.29","0.0","0.0134439"
"2010-10-09 23:30:00+00:00","0.105","0.0","0.0131487"
"2010-10-10 00:00:00+00:00","0.065","0.0","0.0124353"
"2010-10-10 00:30:00+00:00","0.098","0.0","0.01233075"
"2010-10-10 01:00:00+00:00","0.115","0.0","0.01218315"
"2010-10-10 01:30:00+00:00","0.079","0.0","0.0122877"
"2010-10-10 02:00:00+00:00","0.085","0.0","0.0120048"
"2010-10-10 02:30:00+00:00","0.084","0.0","0.01035045"
"2010-10-10 03:00:00+00:00","0.078","0.0","0.0112176"
"2010-10-10 03:30:00+00:00","0.089","0.0","0.0104919"
"2010-10-10 04:00:00+00:00","0.079","0.0","0.01049805"
"2010-10-10 04:30:00+00:00","0.068","0.0","0.01019055"
"2010-10-10 05:00:00+00:00","0.101","0.0","0.01079325"
"2010-10-10 05:30:00+00:00","0.064","0.0","0.01209705"
"2010-10-10 06:00:00+00:00","0.104","0.0","0.0113898"
"2010-10-10 06:30:00+00:00","0.078","0.0","0.0121155"
"2010-10-10 07:00:00+00:00","0.065","0.0","0.01239225"
"2010-10-10 07:30:00+00:00","0.121","0.0","0.012669"
"2010-10-10 08:00:00+00:00","0.075","0.019","0.01315485"
"2010-10-10 08:30:00+00:00","0.112","0.244","0.014637"
"2010-10-10 09:00:00+00:00","0.222","0.081","0.0146739"
"2010-10-10 09:30:00+00:00","0.093","0.131","0.0155103"
"2010-10-10 10:00:00+00:00","0.16","0.344","0.0154242"
"2010-10-10 10:30:00+00:00","0.121","0.188","0.0154365"
"2010-10-10 11:00:00+00:00","0.143","0.7","0.01524585"
"2010-10-10 11:30:00+00:00","0.193","0.35","0.01413885"
"2010-10-10 12:00:00+00:00","0.248","0.088","0.01311795"
"2010-10-10 12:30:00+00:00","0.102","0.481","0.0132225"
"2010-10-10 13:00:00+00:00","0.077","0.888","0.0129888"
"2010-10-10 13:30:00+00:00","0.087","0.956","0.0134439"
"2010-10-10 14:00:00+00:00","0.351","0.906","0.0132471"
"2010-10-10 14:30:00+00:00","0.181","0.769","0.01310565"
"2010-10-10 15:00:00+00:00","0.199","0.669","0.0128412"
"2010-10-10 15:30:00+00:00","0.206","0.569","0.0127797"
"2010-10-10 16:00:00+00:00","0.21","0.544","0.01322865"
"2010-10-10 16:30:00+00:00","0.22","0.563","0.0133209"
"2010-10-10 17:00:00+00:00","0.128","0.231","0.01493835"
"2010-10-10 17:30:00+00:00","0.667","0.15","0.01555335"
"2010-10-10 18:00:00+00:00","1.08","0.013","0.0155841"
"2010-10-10 18:30:00+00:00","0.329","0.019","0.0155841"
"2010-10-10 19:00:00+00:00","0.122","0.0","0.0155595"
"2010-10-10 19:30:00+00:00","0.21","0.0","0.0155595"
"2010-10-10 20:00:00+00:00","0.319","0.0","0.0155718"
"2010-10-10 20:30:00+00:00","0.141","0.0","0.0155472"
"2010-10-10 21:00:00+00:00","0.156","0.0","0.0152766"
"2010-10-10 21:30:00+00:00","0.141","0.0","0.01404045"
"2010-10-10 22:00:00+00:00","0.086","0.0","0.01277355"
"2010-10-10 22:30:00+00:00","0.1","0.0","0.0132102"
"2010-10-10 23:00:00+00:00","0.077","0.0","0.0137391"
"2010-10-10 23:30:00+00:00","0.098","0.0","0.013653"
"2010-10-11 00:00:00+00:00","0.094","0.0","0.01260135"
"2010-10-11 00:30:00+00:00","0.057","0.0","0.01230615"
"2010-10-11 01:00:00+00:00","0.12","0.0","0.0119556"
"2010-10-11 01:30:00+00:00","0.071","0.0","0.0122508"
"2010-10-11 02:00:00+00:00","0.076","0.0","0.01226925"
"2010-10-11 02:30:00+00:00","0.112","0.0","0.0116727"
"2010-10-11 03:00:00+00:00","0.048","0.0","0.01071945"
"2010-10-11 03:30:00+00:00","0.124","0.0","0.0112422"
"2010-10-11 04:00:00+00:00","0.076","0.0","0.01156815"
"2010-10-11 04:30:00+00:00","0.062","0.0","0.0121647"
"2010-10-11 05:00:00+00:00","0.133","0.0","0.0127551"
"2010-10-11 05:30:00+00:00","0.039","0.0","0.01485225"
"2010-10-11 06:00:00+00:00","0.735","0.0","0.01555335"
"2010-10-11 06:30:00+00:00","0.368","0.0","0.01566405"
"2010-10-11 07:00:00+00:00","0.211","0.0","0.01587315"
"2010-10-11 07:30:00+00:00","0.244","0.025","0.0142557"
"2010-10-11 08:00:00+00:00","0.502","0.119","0.01552875"
"2010-10-11 08:30:00+00:00","0.183","0.081","0.0158916"
"2010-10-11 09:00:00+00:00","0.078","0.113","0.01559025"
"2010-10-11 09:30:00+00:00","0.082","0.113","0.0155595"
"2010-10-11 10:00:00+00:00","0.103","0.35","0.0155595"
"2010-10-11 10:30:00+00:00","0.144","0.456","0.0155595"
"2010-10-11 11:00:00+00:00","0.337","0.656","0.01551645"
"2010-10-11 11:30:00+00:00","0.161","1.0","0.01534425"
"2010-10-11 12:00:00+00:00","0.23","0.5","0.01555335"
"2010-10-11 12:30:00+00:00","0.293","0.863","0.0155595"
"2010-10-11 13:00:00+00:00","0.185","0.763","0.0155595"
"2010-10-11 13:30:00+00:00","0.315","0.938","0.0155595"
"2010-10-11 14:00:00+00:00","0.143","0.963","0.0155595"
"2010-10-11 14:30:00+00:00","0.209","0.669","0.0155595"
"2010-10-11 15:00:00+00:00","0.172","0.619","0.01557795"
"2010-10-11 15:30:00+00:00","0.199","0.638","0.01555335"
"2010-10-11 16:00:00+00:00","0.268","0.681","0.0155595"
"2010-10-11 16:30:00+00:00","0.317","0.5","0.01556565"
"2010-10-11 17:00:00+00:00","0.428","0.275","0.0155595"
"2010-10-11 17:30:00+00:00","0.184","0.206","0.01555335"
"2010-10-11 18:00:00+00:00","0.134","0.05","0.0155595"
"2010-10-11 18:30:00+00:00","0.214","0.006","0.0155718"
"2010-10-11 19:00:00+00:00","0.338","0.0","0.0155595"
"2010-10-11 19:30:00+00:00","0.197","0.0","0.01544265"
"2010-10-11 20:00:00+00:00","0.383","0.0","0.01554105"
"2010-10-11 20:30:00+00:00","0.217","0.0","0.0150429"
"2010-10-11 21:00:00+00:00","0.135","0.0","0.0133824"
"2010-10-11 21:30:00+00:00","0.182","0.0","0.0141204"
"2010-10-11 22:00:00+00:00","0.086","0.0","0.0130011"
"2010-10-11 22:30:00+00:00","0.115","0.0","0.0134439"
"2010-10-11 23:00:00+00:00","0.08","0.0","0.0147108"
"2010-10-11 23:30:00+00:00","0.083","0.0","0.01415115"
"2010-10-12 00:00:00+00:00","0.1","0.0","0.012546"
"2010-10-12 00:30:00+00:00","0.078","0.0","0.0122631"
"2010-10-12 01:00:00+00:00","0.079","0.0","0.0122631"
"2010-10-12 01:30:00+00:00","0.103","0.0","0.01208475"
"2010-10-12 02:00:00+00:00","0.079","0.0","0.01145745"
"2010-10-12 02:30:00+00:00","0.075","0.0","0.0098892"
"2010-10-12 03:00:00+00:00","0.103","0.0","0.0092742"
"2010-10-12 03:30:00+00:00","0.047","0.0","0.0090036"
"2010-10-12 04:00:00+00:00","0.13","0.0","0.0096801"
"2010-10-12 04:30:00+00:00","0.064","0.0","0.01138365"
"2010-10-12 05:00:00+00:00","0.142","0.0","0.01343775"
"2010-10-12 05:30:00+00:00","0.461","0.0","0.0152889"
"2010-10-12 06:00:00+00:00","0.415","0.0","0.01551645"
"2010-10-12 06:30:00+00:00","0.392","0.0","0.0169371"
"2010-10-12 07:00:00+00:00","0.064","0.006","0.0161253"
"2010-10-12 07:30:00+00:00","0.187","0.038","0.01388055"
"2010-10-12 08:00:00+00:00","0.139","0.106","0.0155595"
"2010-10-12 08:30:00+00:00","0.069","0.275","0.01551645"
"2010-10-12 09:00:00+00:00","0.131","0.45","0.0155595"
"2010-10-12 09:30:00+00:00","0.056","0.519","0.0155841"
"2010-10-12 10:00:00+00:00","0.078","0.556","0.01561485"
"2010-10-12 10:30:00+00:00","0.105","0.369","0.0155472"
"2010-10-12 11:00:00+00:00","0.067","0.544","0.015498"
"2010-10-12 11:30:00+00:00","0.085","0.625","0.01546725"
"2010-10-12 12:00:00+00:00","0.097","0.738","0.01555335"
"2010-10-12 12:30:00+00:00","0.144","0.7","0.01554105"
"2010-10-12 13:00:00+00:00","0.289","0.544","0.01555335"
"2010-10-12 13:30:00+00:00","0.123","0.531","0.0156825"
"2010-10-12 14:00:00+00:00","0.132","0.825","0.01554105"
"2010-10-12 14:30:00+00:00","0.166","0.881","0.0152889"
"2010-10-12 15:00:00+00:00","0.118","0.819","0.0156825"
"2010-10-12 15:30:00+00:00","0.142","0.731","0.0155595"
"2010-10-12 16:00:00+00:00","0.138","0.6","0.01546725"
"2010-10-12 16:30:00+00:00","0.233","0.5","0.0154119"
"2010-10-12 17:00:00+00:00","0.225","0.369","0.0155349"
"2010-10-12 17:30:00+00:00","0.097","0.2","0.014514"
"2010-10-12 18:00:00+00:00","0.261","0.044","0.01496295"
"2010-10-12 18:30:00+00:00","0.14","0.025","0.0152643"
"2010-10-12 19:00:00+00:00","0.412","0.006","0.0157563"
"2010-10-12 19:30:00+00:00","0.31","0.0","0.0154611"
"2010-10-12 20:00:00+00:00","0.125","0.0","0.01539345"
"2010-10-12 20:30:00+00:00","0.161","0.0","0.01503675"
"2010-10-12 21:00:00+00:00","0.134","0.0","0.0137514"
"2010-10-12 21:30:00+00:00","0.155","0.0","0.01378215"
"2010-10-12 22:00:00+00:00","0.089","0.0","0.0138006"
"2010-10-12 22:30:00+00:00","0.065","0.0","0.0144648"
"2010-10-12 23:00:00+00:00","0.06","0.0","0.01413885"
"2010-10-12 23:30:00+00:00","0.052","0.0","0.01362225"
"2010-10-13 00:00:00+00:00","0.859","0.0","0.01271205"
"2010-10-13 00:30:00+00:00","0.143","0.0","0.0122508"
"2010-10-13 01:00:00+00:00","0.077","0.0","0.01236765"
"2010-10-13 01:30:00+00:00","0.04","0.0","0.01233075"
"2010-10-13 02:00:00+00:00","0.067","0.0","0.01176495"
"2010-10-13 02:30:00+00:00","0.055","0.0","0.01133445"
"2010-10-13 03:00:00+00:00","0.051","0.0","0.00936645"
"2010-10-13 03:30:00+00:00","0.074","0.0","0.00876375"
"2010-10-13 04:00:00+00:00","0.033","0.0","0.00991995"
"2010-10-13 04:30:00+00:00","0.075","0.0","0.0121278"
"2010-10-13 05:00:00+00:00","0.041","0.0","0.01272435"
"2010-10-13 05:30:00+00:00","0.064","0.0","0.01491375"
"2010-10-13 06:00:00+00:00","0.064","0.0","0.0155103"
"2010-10-13 06:30:00+00:00","0.209","0.0","0.01627905"
"2010-10-13 07:00:00+00:00","0.091","0.0","0.01555335"
"2010-10-13 07:30:00+00:00","0.066","0.013","0.0141327"
"2010-10-13 08:00:00+00:00","0.065","0.063","0.01527045"
"2010-10-13 08:30:00+00:00","0.155","0.269","0.0155595"
"2010-10-13 09:00:00+00:00","0.114","0.306","0.0155595"
"2010-10-13 09:30:00+00:00","0.169","0.381","0.01555335"
"2010-10-13 10:00:00+00:00","0.303","0.319","0.0154488"
"2010-10-13 10:30:00+00:00","0.095","0.263","0.01506135"
"2010-10-13 11:00:00+00:00","0.113","0.244","0.01552875"
"2010-10-13 11:30:00+00:00","0.073","0.163","0.01547955"
"2010-10-13 12:00:00+00:00","0.065","0.213","0.0153873"
"2010-10-13 12:30:00+00:00","0.07","0.3","0.0153873"
"2010-10-13 13:00:00+00:00","0.254","0.25","0.01534425"
"2010-10-13 13:30:00+00:00","0.084","0.306","0.0155349"
"2010-10-13 14:00:00+00:00","0.1","0.381","0.01554105"
"2010-10-13 14:30:00+00:00","0.066","0.681","0.01552875"
"2010-10-13 15:00:00+00:00","0.065","0.7","0.01555335"
"2010-10-13 15:30:00+00:00","0.158","0.663","0.0155226"
"2010-10-13 16:00:00+00:00","0.084","0.394","0.01555335"
"2010-10-13 16:30:00+00:00","0.127","0.288","0.0155595"
"2010-10-13 17:00:00+00:00","0.095","0.338","0.0155595"
"2010-10-13 17:30:00+00:00","0.137","0.219","0.01550415"
"2010-10-13 18:00:00+00:00","0.084","0.031","0.0155349"
"2010-10-13 18:30:00+00:00","0.135","0.038","0.01555335"
"2010-10-13 19:00:00+00:00","0.106","0.0","0.0155595"
"2010-10-13 19:30:00+00:00","0.159","0.0","0.01555335"
"2010-10-13 20:00:00+00:00","0.314","0.0","0.0155472"
"2010-10-13 20:30:00+00:00","0.129","0.0","0.01495065"
"2010-10-13 21:00:00+00:00","0.172","0.0","0.0144402"
"2010-10-13 21:30:00+00:00","0.153","0.0","0.01512285"
"2010-10-13 22:00:00+00:00","0.168","0.0","0.01428645"
"2010-10-13 22:30:00+00:00","0.076","0.006","0.0148461"
"2010-10-13 23:00:00+00:00","0.085","0.0","0.01347465"
"2010-10-13 23:30:00+00:00","0.034","0.0","0.01395435"
"2010-10-14 00:00:00+00:00","0.084","0.0","0.01267515"
"2010-10-14 00:30:00+00:00","0.049","0.0","0.0122754"
"2010-10-14 01:00:00+00:00","0.06","0.0","0.0123246"
"2010-10-14 01:30:00+00:00","0.064","0.0","0.01233075"
"2010-10-14 02:00:00+00:00","0.045","0.0","0.01183875"
"2010-10-14 02:30:00+00:00","0.079","0.0","0.0092004"
"2010-10-14 03:00:00+00:00","0.031","0.0","0.0087576"
"2010-10-14 03:30:00+00:00","0.08","0.0","0.0087576"
"2010-10-14 04:00:00+00:00","0.047","0.0","0.00941565"
"2010-10-14 04:30:00+00:00","0.063","0.0","0.0119556"
"2010-10-14 05:00:00+00:00","0.068","0.0","0.01239225"
"2010-10-14 05:30:00+00:00","0.212","0.0","0.01428645"
"2010-10-14 06:00:00+00:00","0.442","0.0","0.0154611"
"2010-10-14 06:30:00+00:00","0.229","0.0","0.01552875"
"2010-10-14 07:00:00+00:00","0.26","0.0","0.0160638"
"2010-10-14 07:30:00+00:00","0.05","0.038","0.0146493"
"2010-10-14 08:00:00+00:00","0.418","0.088","0.01546725"
"2010-10-14 08:30:00+00:00","0.081","0.169","0.0155472"
"2010-10-14 09:00:00+00:00","0.117","0.488","0.0155595"
"2010-10-14 09:30:00+00:00","0.057","0.619","0.0155595"
"2010-10-14 10:00:00+00:00","0.072","0.719","0.01576245"
"2010-10-14 10:30:00+00:00","0.049","0.813","0.01556565"
"2010-10-14 11:00:00+00:00","0.063","0.775","0.0155595"
"2010-10-14 11:30:00+00:00","0.069","0.7","0.0155595"
"2010-10-14 12:00:00+00:00","0.043","0.644","0.0152643"
"2010-10-14 12:30:00+00:00","0.089","0.431","0.0155226"
"2010-10-14 13:00:00+00:00","0.028","0.625","0.0155472"
"2010-10-14 13:30:00+00:00","0.085","0.931","0.0155595"
"2010-10-14 14:00:00+00:00","0.057","0.856","0.0155595"
"2010-10-14 14:30:00+00:00","0.055","0.769","0.01531965"
"2010-10-14 15:00:00+00:00","0.09","0.738","0.01549185"
"2010-10-14 15:30:00+00:00","0.032","0.563","0.0155595"
"2010-10-14 16:00:00+00:00","0.08","0.588","0.0154242"
"2010-10-14 16:30:00+00:00","0.074","0.425","0.0153504"
"2010-10-14 17:00:00+00:00","0.186","0.394","0.01546725"
"2010-10-14 17:30:00+00:00","0.255","0.219","0.0137514"
"2010-10-14 18:00:00+00:00","0.216","0.044","0.01547955"
"2010-10-14 18:30:00+00:00","0.075","0.019","0.0147723"
"2010-10-14 19:00:00+00:00","0.103","0.0","0.01550415"
"2010-10-14 19:30:00+00:00","0.138","0.0","0.0154611"
"2010-10-14 20:00:00+00:00","0.153","0.0","0.01549185"
"2010-10-14 20:30:00+00:00","0.285","0.0","0.015498"
"2010-10-14 21:00:00+00:00","0.128","0.0","0.0153504"
"2010-10-14 21:30:00+00:00","0.152","0.0","0.01476"
"2010-10-14 22:00:00+00:00","0.192","0.0","0.0137391"
"2010-10-14 22:30:00+00:00","0.094","0.0","0.0143172"
"2010-10-14 23:00:00+00:00","0.11","0.0","0.0132471"
"2010-10-14 23:30:00+00:00","0.886","0.0","0.01319175"
"2010-10-15 00:00:00+00:00","0.063","0.0","0.0123861"
"2010-10-15 00:30:00+00:00","0.065","0.0","0.0123"
"2010-10-15 01:00:00+00:00","0.059","0.0","0.01213395"
"2010-10-15 01:30:00+00:00","0.068","0.0","0.0121647"
"2010-10-15 02:00:00+00:00","0.055","0.0","0.0112914"
"2010-10-15 02:30:00+00:00","0.073","0.0","0.0105288"
"2010-10-15 03:00:00+00:00","0.048","0.0","0.00988305"
"2010-10-15 03:30:00+00:00","0.08","0.0","0.0091266"
"2010-10-15 04:00:00+00:00","0.042","0.0","0.00931725"
"2010-10-15 04:30:00+00:00","0.091","0.0","0.0117342"
"2010-10-15 05:00:00+00:00","0.042","0.0","0.01241685"
"2010-10-15 05:30:00+00:00","0.217","0.0","0.01437255"
"2010-10-15 06:00:00+00:00","0.047","0.0","0.0154119"
"2010-10-15 06:30:00+00:00","0.103","0.0","0.01522125"
"2010-10-15 07:00:00+00:00","0.126","0.013","0.01550415"
"2010-10-15 07:30:00+00:00","0.143","0.0","0.01536885"
"2010-10-15 08:00:00+00:00","0.115","0.013","0.0143295"
"2010-10-15 08:30:00+00:00","0.298","0.044","0.01472925"
"2010-10-15 09:00:00+00:00","0.417","0.1","0.0145509"
"2010-10-15 09:30:00+00:00","0.141","0.144","0.01550415"
"2010-10-15 10:00:00+00:00","0.095","0.125","0.01496295"
"2010-10-15 10:30:00+00:00","0.466","0.1","0.01495065"
"2010-10-15 11:00:00+00:00","0.133","0.138","0.01546725"
"2010-10-15 11:30:00+00:00","0.099","0.063","0.01555335"
"2010-10-15 12:00:00+00:00","0.04","0.1","0.0155349"
"2010-10-15 12:30:00+00:00","0.197","0.188","0.015498"
"2010-10-15 13:00:00+00:00","0.433","0.256","0.0153873"
"2010-10-15 13:30:00+00:00","0.038","0.188","0.0153504"
"2010-10-15 14:00:00+00:00","0.101","0.113","0.01524585"
"2010-10-15 14:30:00+00:00","0.097","0.413","0.0154365"
"2010-10-15 15:00:00+00:00","0.085","0.275","0.0154488"
"2010-10-15 15:30:00+00:00","0.145","0.3","0.0160269"
"2010-10-15 16:00:00+00:00","0.117","0.338","0.01584855"
"2010-10-15 16:30:00+00:00","0.163","0.288","0.0155595"
"2010-10-15 17:00:00+00:00","0.365","0.225","0.0148584"
"2010-10-15 17:30:00+00:00","0.145","0.156","0.01320405"
"2010-10-15 18:00:00+00:00","0.081","0.075","0.0147846"
"2010-10-15 18:30:00+00:00","0.162","0.019","0.0149691"
"2010-10-15 19:00:00+00:00","0.52","0.0","0.0148092"
"2010-10-15 19:30:00+00:00","0.27","0.0","0.0142926"
"2010-10-15 20:00:00+00:00","0.177","0.0","0.0135546"
"2010-10-15 20:30:00+00:00","0.164","0.0","0.01358535"
"2010-10-15 21:00:00+00:00","0.218","0.0","0.0123984"
"2010-10-15 21:30:00+00:00","0.174","0.0","0.01230615"
"2010-10-15 22:00:00+00:00","0.16","0.0","0.01234305"
"2010-10-15 22:30:00+00:00","0.046","0.0","0.01304415"
"2010-10-15 23:00:00+00:00","0.081","0.0","0.01230615"
"2010-10-15 23:30:00+00:00","0.039","0.0","0.01235535"
"2010-10-16 00:00:00+00:00","0.079","0.0","0.01196175"
"2010-10-16 00:30:00+00:00","0.042","0.0","0.012669"
"2010-10-16 01:00:00+00:00","0.073","0.0","0.011562"
"2010-10-16 01:30:00+00:00","0.047","0.0","0.0123"
"2010-10-16 02:00:00+00:00","0.066","0.0","0.01192485"
"2010-10-16 02:30:00+00:00","0.053","0.0","0.0113406"
"2010-10-16 03:00:00+00:00","0.058","0.0","0.00953865"
"2010-10-16 03:30:00+00:00","0.062","0.0","0.0085731"
"2010-10-16 04:00:00+00:00","0.048","0.0","0.0091512"
"2010-10-16 04:30:00+00:00","0.072","0.0","0.009225"
"2010-10-16 05:00:00+00:00","0.042","0.0","0.0111807"
"2010-10-16 05:30:00+00:00","0.076","0.0","0.01171575"
"2010-10-16 06:00:00+00:00","0.189","0.0","0.0120909"
"2010-10-16 06:30:00+00:00","0.992","0.0","0.01096545"
"2010-10-16 07:00:00+00:00","0.177","0.013","0.01292115"
"2010-10-16 07:30:00+00:00","0.087","0.025","0.01284735"
"2010-10-16 08:00:00+00:00","0.038","0.1","0.0147969"
"2010-10-16 08:30:00+00:00","0.054","0.444","0.01405275"
"2010-10-16 09:00:00+00:00","0.044","0.431","0.01401585"
"2010-10-16 09:30:00+00:00","0.04","0.513","0.0141696"
"2010-10-16 10:00:00+00:00","0.058","0.763","0.0132471"
"2010-10-16 10:30:00+00:00","0.027","0.894","0.0135054"
"2010-10-16 11:00:00+00:00","0.066","0.719","0.0140835"
"2010-10-16 11:30:00+00:00","0.021","0.888","0.01315485"
"2010-10-16 12:00:00+00:00","0.067","0.981","0.0124599"
"2010-10-16 12:30:00+00:00","0.028","1.05","0.0132348"
"2010-10-16 13:00:00+00:00","0.059","0.975","0.0142803"
"2010-10-16 13:30:00+00:00","0.04","0.95","0.0135546"
"2010-10-16 14:00:00+00:00","0.048","0.619","0.012792"
"2010-10-16 14:30:00+00:00","0.049","0.7","0.0124476"
"2010-10-16 15:00:00+00:00","0.039","0.781","0.01266285"
"2010-10-16 15:30:00+00:00","0.059","0.619","0.0127551"
"2010-10-16 16:00:00+00:00","0.028","0.65","0.0126936"
"2010-10-16 16:30:00+00:00","0.067","0.375","0.01282275"
"2010-10-16 17:00:00+00:00","0.021","0.463","0.0135669"
"2010-10-16 17:30:00+00:00","0.066","0.231","0.0123984"
"2010-10-16 18:00:00+00:00","0.024","0.025","0.0133701"
"2010-10-16 18:30:00+00:00","0.062","0.006","0.01388055"
"2010-10-16 19:00:00+00:00","0.04","0.0","0.014637"
"2010-10-16 19:30:00+00:00","0.05","0.0","0.0146124"
"2010-10-16 20:00:00+00:00","0.045","0.0","0.0155226"
"2010-10-16 20:30:00+00:00","0.039","0.0","0.01544265"
"2010-10-16 21:00:00+00:00","0.054","0.0","0.0151044"
"2010-10-16 21:30:00+00:00","0.029","0.0","0.01511055"
"2010-10-16 22:00:00+00:00","0.06","0.0","0.01405275"
"2010-10-16 22:30:00+00:00","0.022","0.0","0.0141942"
"2010-10-16 23:00:00+00:00","0.059","0.0","0.0129765"
"2010-10-16 23:30:00+00:00","0.02","0.0","0.01247835"
"2010-10-17 00:00:00+00:00","0.058","0.0","0.01236765"
"2010-10-17 00:30:00+00:00","0.031","0.0","0.0125337"
"2010-10-17 01:00:00+00:00","0.048","0.0","0.01234305"
"2010-10-17 01:30:00+00:00","0.042","0.0","0.0129642"
"2010-10-17 02:00:00+00:00","0.035","0.0","0.0122508"
"2010-10-17 02:30:00+00:00","0.061","0.0","0.0121278"
"2010-10-17 03:00:00+00:00","0.023","0.0","0.0121401"
"2010-10-17 03:30:00+00:00","0.056","0.0","0.01146975"
"2010-10-17 04:00:00+00:00","0.022","0.0","0.01133445"
"2010-10-17 04:30:00+00:00","0.055","0.0","0.01139595"
"2010-10-17 05:00:00+00:00","0.027","0.0","0.01182645"
"2010-10-17 05:30:00+00:00","0.05","0.0","0.01209705"
"2010-10-17 06:00:00+00:00","0.038","0.0","0.0122139"
"2010-10-17 06:30:00+00:00","0.045","0.0","0.0122754"
"2010-10-17 07:00:00+00:00","0.048","0.006","0.01230615"
"2010-10-17 07:30:00+00:00","0.027","0.013","0.01239225"
"2010-10-17 08:00:00+00:00","0.055","0.113","0.0122877"
"2010-10-17 08:30:00+00:00","0.021","0.413","0.01272435"
"2010-10-17 09:00:00+00:00","0.056","0.588","0.01380675"
"2010-10-17 09:30:00+00:00","0.022","0.694","0.01459395"
"2010-10-17 10:00:00+00:00","0.058","0.788","0.013284"
"2010-10-17 10:30:00+00:00","0.021","0.85","0.0135054"
"2010-10-17 11:00:00+00:00","0.06","0.894","0.01301955"
"2010-10-17 11:30:00+00:00","0.027","0.925","0.0131856"
"2010-10-17 12:00:00+00:00","0.056","0.944","0.01303185"
"2010-10-17 12:30:00+00:00","0.036","0.938","0.01276125"
"2010-10-17 13:00:00+00:00","0.05","0.931","0.0122877"
"2010-10-17 13:30:00+00:00","0.043","0.919","0.01230615"
"2010-10-17 14:00:00+00:00","0.044","0.888","0.0123246"
"2010-10-17 14:30:00+00:00","0.05","0.844","0.01230615"
"2010-10-17 15:00:00+00:00","0.039","0.788","0.0124476"
"2010-10-17 15:30:00+00:00","0.055","0.719","0.0124476"
"2010-10-17 16:00:00+00:00","0.062","0.625","0.0123246"
"2010-10-17 16:30:00+00:00","0.137","0.481","0.012669"
"2010-10-17 17:00:00+00:00","0.082","0.406","0.01369605"
"2010-10-17 17:30:00+00:00","0.072","0.219","0.01384365"
"2010-10-17 18:00:00+00:00","0.023","0.031","0.01472925"
"2010-10-17 18:30:00+00:00","0.067","0.006","0.01463085"
"2010-10-17 19:00:00+00:00","0.037","0.0","0.0156702"
"2010-10-17 19:30:00+00:00","0.057","0.0","0.01555335"
"2010-10-17 20:00:00+00:00","0.041","0.0","0.015498"
"2010-10-17 20:30:00+00:00","0.045","0.0","0.0152151"
"2010-10-17 21:00:00+00:00","0.052","0.0","0.0147846"
"2010-10-17 21:30:00+00:00","0.033","0.0","0.01488915"
"2010-10-17 22:00:00+00:00","0.064","0.0","0.01324095"
"2010-10-17 22:30:00+00:00","0.019","0.0","0.01311795"
"2010-10-17 23:00:00+00:00","0.063","0.0","0.0124599"
"2010-10-17 23:30:00+00:00","0.03","0.0","0.0126321"
"2010-10-18 00:00:00+00:00","0.051","0.0","0.01237995"
"2010-10-18 00:30:00+00:00","0.046","0.0","0.0124353"
"2010-10-18 01:00:00+00:00","0.034","0.0","0.0123984"
"2010-10-18 01:30:00+00:00","0.06","0.0","0.01326555"
"2010-10-18 02:00:00+00:00","0.019","0.0","0.01241685"
"2010-10-18 02:30:00+00:00","0.059","0.0","0.0122508"
"2010-10-18 03:00:00+00:00","0.035","0.0","0.01201095"
"2010-10-18 03:30:00+00:00","0.049","0.0","0.0122508"
"2010-10-18 04:00:00+00:00","0.046","0.0","0.0123"
"2010-10-18 04:30:00+00:00","0.032","0.0","0.01229385"
"2010-10-18 05:00:00+00:00","0.056","0.0","0.01468005"
"2010-10-18 05:30:00+00:00","0.02","0.0","0.01565175"
"2010-10-18 06:00:00+00:00","0.056","0.0","0.01641435"
"2010-10-18 06:30:00+00:00","0.032","0.0","0.016605"
"2010-10-18 07:00:00+00:00","0.043","0.013","0.0176997"
"2010-10-18 07:30:00+00:00","0.048","0.031","0.0142311"
"2010-10-18 08:00:00+00:00","0.028","0.2","0.01551645"
"2010-10-18 08:30:00+00:00","0.057","0.413","0.0156579"
"2010-10-18 09:00:00+00:00","0.019","0.563","0.0155718"
"2010-10-18 09:30:00+00:00","0.059","0.669","0.0155718"
"2010-10-18 10:00:00+00:00","0.028","0.763","0.0155964"
"2010-10-18 10:30:00+00:00","0.053","0.831","0.0155718"
"2010-10-18 11:00:00+00:00","0.043","0.875","0.01552875"
"2010-10-18 11:30:00+00:00","0.041","0.925","0.01555335"
"2010-10-18 12:00:00+00:00","0.055","0.931","0.0155349"
"2010-10-18 12:30:00+00:00","0.03","0.956","0.0156456"
"2010-10-18 13:00:00+00:00","0.067","0.919","0.01557795"
"2010-10-18 13:30:00+00:00","0.021","0.913","0.01560255"
"2010-10-18 14:00:00+00:00","0.068","0.875","0.0155718"
"2010-10-18 14:30:00+00:00","0.02","0.838","0.0155226"
"2010-10-18 15:00:00+00:00","0.07","0.781","0.0155718"
"2010-10-18 15:30:00+00:00","0.029","0.719","0.01556565"
"2010-10-18 16:00:00+00:00","0.061","0.625","0.0155718"
"2010-10-18 16:30:00+00:00","0.038","0.519","0.0155718"
"2010-10-18 17:00:00+00:00","0.053","0.406","0.01556565"
"2010-10-18 17:30:00+00:00","0.046","0.219","0.01487685"
"2010-10-18 18:00:00+00:00","0.045","0.031","0.015252"
"2010-10-18 18:30:00+00:00","0.053","0.013","0.01551645"
"2010-10-18 19:00:00+00:00","0.043","0.0","0.0155349"
"2010-10-18 19:30:00+00:00","0.062","0.0","0.01545495"
"2010-10-18 20:00:00+00:00","0.028","0.0","0.0155226"
"2010-10-18 20:30:00+00:00","0.068","0.0","0.01503675"
"2010-10-18 21:00:00+00:00","0.019","0.006","0.0138498"
"2010-10-18 21:30:00+00:00","0.067","0.0","0.01306875"
"2010-10-18 22:00:00+00:00","0.023","0.0","0.01251525"
"2010-10-18 22:30:00+00:00","0.081","0.0","0.0144279"
"2010-10-18 23:00:00+00:00","0.046","0.0","0.0148338"
"2010-10-18 23:30:00+00:00","0.049","0.0","0.01436025"
"2010-10-19 00:00:00+00:00","0.045","0.0","0.01463085"
"2010-10-19 00:30:00+00:00","0.036","0.0","0.0136284"
"2010-10-19 01:00:00+00:00","0.058","0.0","0.01268745"
"2010-10-19 01:30:00+00:00","0.023","0.0","0.0146616"
"2010-10-19 02:00:00+00:00","0.059","0.0","0.01236765"
"2010-10-19 02:30:00+00:00","0.019","0.0","0.0136653"
"2010-10-19 03:00:00+00:00","0.06","0.0","0.01260135"
"2010-10-19 03:30:00+00:00","0.034","0.0","0.01411425"
"2010-10-19 04:00:00+00:00","0.043","0.0","0.0142803"
"2010-10-19 04:30:00+00:00","0.049","0.0","0.01587315"
"2010-10-19 05:00:00+00:00","0.027","0.0","0.01688175"
"2010-10-19 05:30:00+00:00","0.056","0.0","0.01579935"
"2010-10-19 06:00:00+00:00","0.019","0.0","0.018942"
"2010-10-19 06:30:00+00:00","0.063","0.0","0.03188775"
"2010-10-19 07:00:00+00:00","0.03","0.0","0.03907095"
"2010-10-19 07:30:00+00:00","0.05","0.0","0.01539345"
"2010-10-19 08:00:00+00:00","0.045","0.025","0.01556565"
"2010-10-19 08:30:00+00:00","0.028","0.031","0.0155718"
"2010-10-19 09:00:00+00:00","0.055","0.025","0.0155718"
"2010-10-19 09:30:00+00:00","0.018","0.019","0.01552875"
"2010-10-19 10:00:00+00:00","0.055","0.038","0.01556565"
"2010-10-19 10:30:00+00:00","0.019","0.038","0.01583625"
"2010-10-19 11:00:00+00:00","0.054","0.069","0.01587315"
"2010-10-19 11:30:00+00:00","0.034","0.094","0.0155718"
"2010-10-19 12:00:00+00:00","0.04","0.15","0.0156579"
"2010-10-19 12:30:00+00:00","0.047","0.194","0.0155718"
"2010-10-19 13:00:00+00:00","0.028","0.244","0.01551645"
"2010-10-19 13:30:00+00:00","0.058","0.25","0.0155595"
"2010-10-19 14:00:00+00:00","0.018","0.475","0.01556565"
"2010-10-19 14:30:00+00:00","0.059","0.463","0.01538115"
"2010-10-19 15:00:00+00:00","0.019","0.319","0.0155718"
"2010-10-19 15:30:00+00:00","0.059","0.169","0.0155718"
"2010-10-19 16:00:00+00:00","0.033","0.244","0.0155718"
"2010-10-19 16:30:00+00:00","0.046","0.231","0.0158178"
"2010-10-19 17:00:00+00:00","0.044","0.256","0.0157809"
"2010-10-19 17:30:00+00:00","0.035","0.175","0.0155718"
"2010-10-19 18:00:00+00:00","0.056","0.05","0.0155718"
"2010-10-19 18:30:00+00:00","0.023","0.006","0.01556565"
"2010-10-19 19:00:00+00:00","0.065","0.0","0.01557795"
"2010-10-19 19:30:00+00:00","0.018","0.0","0.0155718"
"2010-10-19 20:00:00+00:00","0.06","0.0","0.0152397"
"2010-10-19 20:30:00+00:00","0.023","0.0","0.0149445"
"2010-10-19 21:00:00+00:00","0.054","0.0","0.01438485"
"2010-10-19 21:30:00+00:00","0.036","0.0","0.01432335"
"2010-10-19 22:00:00+00:00","0.041","0.0","0.0130503"
"2010-10-19 22:30:00+00:00","0.048","0.0","0.01540575"
"2010-10-19 23:00:00+00:00","0.029","0.0","0.01608225"
"2010-10-19 23:30:00+00:00","0.058","0.0","0.0157932"
"2010-10-20 00:00:00+00:00","0.019","0.0","0.01583625"
"2010-10-20 00:30:00+00:00","0.057","0.0","0.01454475"
"2010-10-20 01:00:00+00:00","0.02","0.0","0.0129027"
"2010-10-20 01:30:00+00:00","0.056","0.0","0.0146739"
"2010-10-20 02:00:00+00:00","0.034","0.0","0.01225695"
"2010-10-20 02:30:00+00:00","0.042","0.0","0.0106395"
"2010-10-20 03:00:00+00:00","0.052","0.0","0.01053495"
"2010-10-20 03:30:00+00:00","0.03","0.0","0.00900975"
"2010-10-20 04:00:00+00:00","0.057","0.0","0.00980925"
"2010-10-20 04:30:00+00:00","0.019","0.0","0.0143664"
"2010-10-20 05:00:00+00:00","0.057","0.0","0.01606995"
"2010-10-20 05:30:00+00:00","0.021","0.0","0.0148215"
"2010-10-20 06:00:00+00:00","0.054","0.0","0.015867"
"2010-10-20 06:30:00+00:00","0.035","0.0","0.0159039"
"2010-10-20 07:00:00+00:00","0.039","0.019","0.0156825"
"2010-10-20 07:30:00+00:00","0.055","0.05","0.01298265"
"2010-10-20 08:00:00+00:00","0.025","0.144","0.01551645"
"2010-10-20 08:30:00+00:00","0.056","0.375","0.0156702"
"2010-10-20 09:00:00+00:00","0.019","0.544","0.01567635"
"2010-10-20 09:30:00+00:00","0.059","0.681","0.01567635"
"2010-10-20 10:00:00+00:00","0.023","0.831","0.0155718"
"2010-10-20 10:30:00+00:00","0.056","0.644","0.01567635"
"2010-10-20 11:00:00+00:00","0.037","0.538","0.0156702"
"2010-10-20 11:30:00+00:00","0.044","0.838","0.0151659"
"2010-10-20 12:00:00+00:00","0.049","0.913","0.01517205"
"2010-10-20 12:30:00+00:00","0.035","0.85","0.01447095"
"2010-10-20 13:00:00+00:00","0.058","0.925","0.01507365"
"2010-10-20 13:30:00+00:00","0.027","0.913","0.01448325"
"2010-10-20 14:00:00+00:00","0.076","0.894","0.01401585"
"2010-10-20 14:30:00+00:00","0.086","0.856","0.01591005"
"2010-10-20 15:00:00+00:00","0.136","0.794","0.0156702"
"2010-10-20 15:30:00+00:00","0.05","0.719","0.01562715"
"2010-10-20 16:00:00+00:00","0.069","0.638","0.01567635"
"2010-10-20 16:30:00+00:00","0.027","0.525","0.015498"
"2010-10-20 17:00:00+00:00","0.06","0.4","0.01547955"
"2010-10-20 17:30:00+00:00","0.037","0.213","0.0144279"
"2010-10-20 18:00:00+00:00","0.051","0.038","0.0145386"
"2010-10-20 18:30:00+00:00","0.047","0.013","0.0132348"
"2010-10-20 19:00:00+00:00","0.039","0.0","0.01531965"
"2010-10-20 19:30:00+00:00","0.057","0.0","0.01514745"
"2010-10-20 20:00:00+00:00","0.027","0.0","0.01417575"
"2010-10-20 20:30:00+00:00","0.065","0.0","0.01345005"
"2010-10-20 21:00:00+00:00","0.019","0.0","0.0128043"
"2010-10-20 21:30:00+00:00","0.064","0.0","0.01520895"
"2010-10-20 22:00:00+00:00","0.035","0.0","0.01445865"
"2010-10-20 22:30:00+00:00","0.053","0.0","0.01570095"
"2010-10-20 23:00:00+00:00","0.043","0.0","0.0156456"
"2010-10-20 23:30:00+00:00","0.038","0.0","0.01551645"
"2010-10-21 00:00:00+00:00","0.056","0.0","0.0159654"
"2010-10-21 00:30:00+00:00","0.024","0.0","0.01428645"
"2010-10-21 01:00:00+00:00","0.061","0.0","0.01437255"
"2010-10-21 01:30:00+00:00","0.018","0.0","0.0146001"
"2010-10-21 02:00:00+00:00","0.06","0.0","0.0125706"
"2010-10-21 02:30:00+00:00","0.034","0.0","0.01226925"
"2010-10-21 03:00:00+00:00","0.044","0.0","0.01188795"
"2010-10-21 03:30:00+00:00","0.049","0.0","0.0111684"
"2010-10-21 04:00:00+00:00","0.028","0.0","0.0112422"
"2010-10-21 04:30:00+00:00","0.058","0.0","0.01397895"
"2010-10-21 05:00:00+00:00","0.019","0.0","0.0149814"
"2010-10-21 05:30:00+00:00","0.057","0.0","0.0154242"
"2010-10-21 06:00:00+00:00","0.03","0.0","0.0156456"
"2010-10-21 06:30:00+00:00","0.05","0.0","0.0155718"
"2010-10-21 07:00:00+00:00","0.047","0.013","0.015498"
"2010-10-21 07:30:00+00:00","0.027","0.044","0.01363455"
"2010-10-21 08:00:00+00:00","0.055","0.156","0.01440945"
"2010-10-21 08:30:00+00:00","0.019","0.406","0.01547955"
"2010-10-21 09:00:00+00:00","0.057","0.55","0.0156702"
"2010-10-21 09:30:00+00:00","0.032","0.65","0.0156825"
"2010-10-21 10:00:00+00:00","0.046","0.719","0.0156702"
"2010-10-21 10:30:00+00:00","0.046","0.8","0.0156825"
"2010-10-21 11:00:00+00:00","0.034","0.781","0.01530735"
"2010-10-21 11:30:00+00:00","0.06","0.906","0.01486455"
"2010-10-21 12:00:00+00:00","0.023","0.919","0.0150552"
"2010-10-21 12:30:00+00:00","0.066","0.938","0.0152397"
"2010-10-21 13:00:00+00:00","0.019","0.938","0.015498"
"2010-10-21 13:30:00+00:00","0.066","0.919","0.01534425"
"2010-10-21 14:00:00+00:00","0.032","0.9","0.0150552"
"2010-10-21 14:30:00+00:00","0.055","0.856","0.0149445"
"2010-10-21 15:00:00+00:00","0.044","0.788","0.01487685"
"2010-10-21 15:30:00+00:00","0.045","0.663","0.0150306"
"2010-10-21 16:00:00+00:00","0.053","0.6","0.01530735"
"2010-10-21 16:30:00+00:00","0.035","0.531","0.0155349"
"2010-10-21 17:00:00+00:00","0.062","0.4","0.0156702"
"2010-10-21 17:30:00+00:00","0.027","0.206","0.01515975"
"2010-10-21 18:00:00+00:00","0.07","0.038","0.01567635"
"2010-10-21 18:30:00+00:00","0.018","0.019","0.0156825"
"2010-10-21 19:00:00+00:00","0.075","0.0","0.01568865"
"2010-10-21 19:30:00+00:00","0.023","0.0","0.0156702"
"2010-10-21 20:00:00+00:00","0.062","0.0","0.0156579"
"2010-10-21 20:30:00+00:00","0.036","0.0","0.0151905"
"2010-10-21 21:00:00+00:00","0.047","0.0","0.01427415"
"2010-10-21 21:30:00+00:00","0.049","0.0","0.0141204"
"2010-10-21 22:00:00+00:00","0.035","0.0","0.01376985"
"2010-10-21 22:30:00+00:00","0.062","0.0","0.01599"
"2010-10-21 23:00:00+00:00","0.021","0.0","0.01606995"
"2010-10-21 23:30:00+00:00","0.065","0.0","0.01492605"
"2010-10-22 00:00:00+00:00","0.018","0.0","0.01389285"
"2010-10-22 00:30:00+00:00","0.065","0.0","0.0134685"
"2010-10-22 01:00:00+00:00","0.031","0.0","0.0134316"
"2010-10-22 01:30:00+00:00","0.057","0.0","0.0148092"
"2010-10-22 02:00:00+00:00","0.043","0.0","0.0150798"
"2010-10-22 02:30:00+00:00","0.039","0.0","0.0133332"
"2010-10-22 03:00:00+00:00","0.056","0.0","0.01306875"
"2010-10-22 03:30:00+00:00","0.025","0.0","0.01326555"
"2010-10-22 04:00:00+00:00","0.061","0.0","0.0131487"
"2010-10-22 04:30:00+00:00","0.019","0.0","0.01555335"
"2010-10-22 05:00:00+00:00","0.06","0.0","0.0153258"
"2010-10-22 05:30:00+00:00","0.037","0.0","0.0148461"
"2010-10-22 06:00:00+00:00","0.041","0.0","0.0144648"
"2010-10-22 06:30:00+00:00","0.057","0.0","0.0152889"
"2010-10-22 07:00:00+00:00","0.026","0.019","0.0154734"
"2010-10-22 07:30:00+00:00","0.058","0.056","0.0134193"
"2010-10-22 08:00:00+00:00","0.019","0.163","0.0140958"
"2010-10-22 08:30:00+00:00","0.059","0.4","0.01524585"
"2010-10-22 09:00:00+00:00","0.032","0.544","0.01547955"
"2010-10-22 09:30:00+00:00","0.048","0.638","0.01593465"
"2010-10-22 10:00:00+00:00","0.046","0.719","0.0157686"
"2010-10-22 10:30:00+00:00","0.037","0.781","0.01586085"
"2010-10-22 11:00:00+00:00","0.058","0.838","0.01632825"
"2010-10-22 11:30:00+00:00","0.029","0.863","0.01594695"
"2010-10-22 12:00:00+00:00","0.067","0.881","0.01556565"
"2010-10-22 12:30:00+00:00","0.022","0.9","0.0156825"
"2010-10-22 13:00:00+00:00","0.072","0.931","0.01635285"
"2010-10-22 13:30:00+00:00","0.019","0.919","0.0170847"
"2010-10-22 14:00:00+00:00","0.073","0.9","0.01567635"
"2010-10-22 14:30:00+00:00","0.023","0.844","0.0131856"
"2010-10-22 15:00:00+00:00","0.071","0.769","0.01422495"
"2010-10-22 15:30:00+00:00","0.029","0.244","0.01465545"
"2010-10-22 16:00:00+00:00","0.065","0.088","0.01487685"
"2010-10-22 16:30:00+00:00","0.034","0.3","0.01523355"
"2010-10-22 17:00:00+00:00","0.06","0.281","0.01452015"
"2010-10-22 17:30:00+00:00","0.039","0.188","0.0136776"
"2010-10-22 18:00:00+00:00","0.056","0.144","0.01354845"
"2010-10-22 18:30:00+00:00","0.043","0.031","0.01352385"
"2010-10-22 19:00:00+00:00","0.052","0.006","0.01395435"
"2010-10-22 19:30:00+00:00","0.046","0.0","0.01386825"
"2010-10-22 20:00:00+00:00","0.047","0.0","0.0135669"
"2010-10-22 20:30:00+00:00","0.05","0.0","0.01287195"
"2010-10-22 21:00:00+00:00","0.042","0.0","0.01257675"
"2010-10-22 21:30:00+00:00","0.056","0.006","0.01223235"
"2010-10-22 22:00:00+00:00","0.033","0.0","0.011931"
"2010-10-22 22:30:00+00:00","0.065","0.0","0.0147231"
"2010-10-22 23:00:00+00:00","0.024","0.0","0.01300725"
"2010-10-22 23:30:00+00:00","0.068","0.0","0.01520895"
"2010-10-23 00:00:00+00:00","0.024","0.0","0.01540575"
"2010-10-23 00:30:00+00:00","0.067","0.0","0.01501215"
"2010-10-23 01:00:00+00:00","0.025","0.0","0.0139113"
"2010-10-23 01:30:00+00:00","0.059","0.0","0.0133332"
"2010-10-23 02:00:00+00:00","0.037","0.0","0.01290885"
"2010-10-23 02:30:00+00:00","0.047","0.0","0.01428645"
"2010-10-23 03:00:00+00:00","0.049","0.0","0.0117465"
"2010-10-23 03:30:00+00:00","0.033","0.0","0.0127674"
"2010-10-23 04:00:00+00:00","0.062","0.0","0.0122631"
"2010-10-23 04:30:00+00:00","0.021","0.0","0.01234305"
"2010-10-23 05:00:00+00:00","0.063","0.0","0.01313025"
"2010-10-23 05:30:00+00:00","0.021","0.0","0.0122508"
"2010-10-23 06:00:00+00:00","0.06","0.0","0.0132225"
"2010-10-23 06:30:00+00:00","0.04","0.0","0.01529505"
"2010-10-23 07:00:00+00:00","0.046","0.006","0.01506135"
"2010-10-23 07:30:00+00:00","0.047","0.038","0.0157194"
"2010-10-23 08:00:00+00:00","0.033","0.163","0.0156948"
"2010-10-23 08:30:00+00:00","0.059","0.419","0.0155349"
"2010-10-23 09:00:00+00:00","0.022","0.563","0.01550415"
"2010-10-23 09:30:00+00:00","0.066","0.656","0.01565175"
"2010-10-23 10:00:00+00:00","0.019","0.738","0.01567635"
"2010-10-23 10:30:00+00:00","0.071","0.8","0.01562715"
"2010-10-23 11:00:00+00:00","0.02","0.838","0.01566405"
"2010-10-23 11:30:00+00:00","0.076","0.856","0.0156333"
"2010-10-23 12:00:00+00:00","0.022","0.819","0.01565175"
"2010-10-23 12:30:00+00:00","0.078","0.85","0.01533195"
"2010-10-23 13:00:00+00:00","0.02","0.863","0.01511055"
"2010-10-23 13:30:00+00:00","0.084","0.775","0.01491375"
"2010-10-23 14:00:00+00:00","0.019","0.513","0.014022"
"2010-10-23 14:30:00+00:00","0.08","0.113","0.0140712"
"2010-10-23 15:00:00+00:00","0.026","0.256","0.01394205"
"2010-10-23 15:30:00+00:00","0.074","0.019","0.01469235"
"2010-10-23 16:00:00+00:00","0.032","0.025","0.0141573"
"2010-10-23 16:30:00+00:00","0.069","0.163","0.0143049"
"2010-10-23 17:00:00+00:00","0.031","0.144","0.01527045"
"2010-10-23 17:30:00+00:00","0.069","0.106","0.01540575"
"2010-10-23 18:00:00+00:00","0.032","0.013","0.01552875"
"2010-10-23 18:30:00+00:00","0.072","0.0","0.0147969"
"2010-10-23 19:00:00+00:00","0.031","0.0","0.015375"
"2010-10-23 19:30:00+00:00","0.068","0.0","0.01534425"
"2010-10-23 20:00:00+00:00","0.026","0.0","0.01524585"
"2010-10-23 20:30:00+00:00","0.073","0.006","0.01490145"
"2010-10-23 21:00:00+00:00","0.02","0.0","0.01498755"
"2010-10-23 21:30:00+00:00","0.079","0.0","0.01493835"
"2010-10-23 22:00:00+00:00","0.02","0.0","0.0147723"
"2010-10-23 22:30:00+00:00","0.071","0.0","0.01539345"
"2010-10-23 23:00:00+00:00","0.028","0.0","0.014268"
"2010-10-23 23:30:00+00:00","0.06","0.0","0.01439715"
"2010-10-24 00:00:00+00:00","0.038","0.0","0.01529505"
"2010-10-24 00:30:00+00:00","0.05","0.0","0.0142065"
"2010-10-24 01:00:00+00:00","0.049","0.0","0.01369605"
"2010-10-24 01:30:00+00:00","0.039","0.0","0.0134931"
"2010-10-24 02:00:00+00:00","0.058","0.0","0.0136284"
"2010-10-24 02:30:00+00:00","0.029","0.0","0.01300725"
"2010-10-24 03:00:00+00:00","0.067","0.0","0.0127797"
"2010-10-24 03:30:00+00:00","0.019","0.0","0.01203555"
"2010-10-24 04:00:00+00:00","0.066","0.0","0.0123492"
"2010-10-24 04:30:00+00:00","0.028","0.0","0.0122385"
"2010-10-24 05:00:00+00:00","0.056","0.0","0.0127182"
"2010-10-24 05:30:00+00:00","0.041","0.0","0.0122754"
"2010-10-24 06:00:00+00:00","0.043","0.0","0.01276125"
"2010-10-24 06:30:00+00:00","0.061","0.0","0.015006"
"2010-10-24 07:00:00+00:00","0.028","0.0","0.0141204"
"2010-10-24 07:30:00+00:00","0.064","0.0","0.01421265"
"2010-10-24 08:00:00+00:00","0.025","0.0","0.01499985"
"2010-10-24 08:30:00+00:00","0.062","0.006","0.0136899"
"2010-10-24 09:00:00+00:00","0.029","0.006","0.0155595"
"2010-10-24 09:30:00+00:00","0.05","0.006","0.0156702"
"2010-10-24 10:00:00+00:00","0.043","0.013","0.0156825"
"2010-10-24 10:30:00+00:00","0.036","0.044","0.0156579"
"2010-10-24 11:00:00+00:00","0.057","0.044","0.01562715"
"2010-10-24 11:30:00+00:00","0.022","0.038","0.01567635"
"2010-10-24 12:00:00+00:00","0.06","0.038","0.01565175"
"2010-10-24 12:30:00+00:00","0.02","0.081","0.015621"
"2010-10-24 13:00:00+00:00","0.058","0.069","0.0155103"
"2010-10-24 13:30:00+00:00","0.036","0.113","0.01549185"
"2010-10-24 14:00:00+00:00","0.042","0.056","0.01549185"
"2010-10-24 14:30:00+00:00","0.051","0.044","0.01552875"
"2010-10-24 15:00:00+00:00","0.027","0.056","0.01549185"
"2010-10-24 15:30:00+00:00","0.059","0.056","0.015621"
"2010-10-24 16:00:00+00:00","0.019","0.069","0.01567635"
"2010-10-24 16:30:00+00:00","0.058","0.063","0.0156825"
"2010-10-24 17:00:00+00:00","0.031","0.063","0.0157194"
"2010-10-24 17:30:00+00:00","0.046","0.069","0.0156825"
"2010-10-24 18:00:00+00:00","0.046","0.019","0.01572555"
"2010-10-24 18:30:00+00:00","0.03","0.006","0.01619295"
"2010-10-24 19:00:00+00:00","0.063","0.0","0.015744"
"2010-10-24 19:30:00+00:00","0.019","0.0","0.01567635"
"2010-10-24 20:00:00+00:00","0.056","0.0","0.0158301"
"2010-10-24 20:30:00+00:00","0.023","0.0","0.015621"
"2010-10-24 21:00:00+00:00","0.058","0.0","0.0151413"
"2010-10-24 21:30:00+00:00","0.039","0.0","0.01511055"
"2010-10-24 22:00:00+00:00","0.036","0.0","0.0143172"
"2010-10-24 22:30:00+00:00","0.053","0.0","0.0146493"
"2010-10-24 23:00:00+00:00","0.021","0.0","0.01378215"
"2010-10-24 23:30:00+00:00","0.056","0.0","0.01379445"
"2010-10-25 00:00:00+00:00","0.018","0.0","0.0148584"
"2010-10-25 00:30:00+00:00","0.056","0.0","0.01360995"
"2010-10-25 01:00:00+00:00","0.033","0.0","0.01271205"
"2010-10-25 01:30:00+00:00","0.041","0.0","0.0123492"
"2010-10-25 02:00:00+00:00","0.047","0.0","0.0125214"
"2010-10-25 02:30:00+00:00","0.027","0.0","0.01183875"
"2010-10-25 03:00:00+00:00","0.056","0.0","0.01192485"
"2010-10-25 03:30:00+00:00","0.019","0.0","0.011316"
"2010-10-25 04:00:00+00:00","0.056","0.0","0.01222005"
"2010-10-25 04:30:00+00:00","0.028","0.0","0.01557795"
"2010-10-25 05:00:00+00:00","0.047","0.0","0.0156087"
"2010-10-25 05:30:00+00:00","0.043","0.0","0.0214143"
"2010-10-25 06:00:00+00:00","0.036","0.0","0.01696785"
"2010-10-25 06:30:00+00:00","0.056","0.0","0.02434785"
"2010-10-25 07:00:00+00:00","0.024","0.0","0.0242925"
"2010-10-25 07:30:00+00:00","0.055","0.025","0.01313025"
"2010-10-25 08:00:00+00:00","0.021","0.063","0.01389285"
"2010-10-25 08:30:00+00:00","0.053","0.081","0.01546725"
"2010-10-25 09:00:00+00:00","0.038","0.119","0.01567635"
"2010-10-25 09:30:00+00:00","0.036","0.05","0.0155595"
"2010-10-25 10:00:00+00:00","0.053","0.131","0.01567635"
"2010-10-25 10:30:00+00:00","0.021","0.319","0.01554105"
"2010-10-25 11:00:00+00:00","0.057","0.363","0.0153996"
"2010-10-25 11:30:00+00:00","0.019","0.294","0.0151659"
"2010-10-25 12:00:00+00:00","0.057","0.45","0.01503675"
"2010-10-25 12:30:00+00:00","0.035","0.281","0.0152397"
"2010-10-25 13:00:00+00:00","0.043","0.406","0.01515975"
"2010-10-25 13:30:00+00:00","0.049","0.581","0.0151782"
"2010-10-25 14:00:00+00:00","0.03","0.606","0.01498755"
"2010-10-25 14:30:00+00:00","0.061","0.55","0.01552875"
"2010-10-25 15:00:00+00:00","0.019","0.594","0.01517205"
"2010-10-25 15:30:00+00:00","0.061","0.444","0.0154857"
"2010-10-25 16:00:00+00:00","0.025","0.238","0.01529505"
"2010-10-25 16:30:00+00:00","0.055","0.294","0.01520895"
"2010-10-25 17:00:00+00:00","0.04","0.256","0.0149076"
"2010-10-25 17:30:00+00:00","0.042","0.163","0.0150306"
"2010-10-25 18:00:00+00:00","0.052","0.025","0.01460625"
"2010-10-25 18:30:00+00:00","0.029","0.013","0.0147846"
"2010-10-25 19:00:00+00:00","0.061","0.006","0.01557795"
"2010-10-25 19:30:00+00:00","0.025","0.0","0.01543035"
"2010-10-25 20:00:00+00:00","0.062","0.0","0.01492605"
"2010-10-25 20:30:00+00:00","0.027","0.0","0.0140589"
"2010-10-25 21:00:00+00:00","0.052","0.0","0.0133332"
"2010-10-25 21:30:00+00:00","0.04","0.0","0.01305645"
"2010-10-25 22:00:00+00:00","0.038","0.0","0.01258905"
"2010-10-25 22:30:00+00:00","0.053","0.0","0.0158916"
"2010-10-25 23:00:00+00:00","0.024","0.0","0.0150429"
"2010-10-25 23:30:00+00:00","0.058","0.0","0.015252"
"2010-10-26 00:00:00+00:00","0.019","0.0","0.0149814"
"2010-10-26 00:30:00+00:00","0.057","0.0","0.0139482"
"2010-10-26 01:00:00+00:00","0.031","0.0","0.01351155"
"2010-10-26 01:30:00+00:00","0.045","0.0","0.01284735"
"2010-10-26 02:00:00+00:00","0.046","0.0","0.01213395"
"2010-10-26 02:30:00+00:00","0.029","0.0","0.0119802"
"2010-10-26 03:00:00+00:00","0.063","0.0","0.0106641"
"2010-10-26 03:30:00+00:00","0.018","0.0","0.00913275"
"2010-10-26 04:00:00+00:00","0.056","0.0","0.00952635"
"2010-10-26 04:30:00+00:00","0.029","0.0","0.0119556"
"2010-10-26 05:00:00+00:00","0.045","0.0","0.0120417"
"2010-10-26 05:30:00+00:00","0.044","0.0","0.01513515"
"2010-10-26 06:00:00+00:00","0.03","0.0","0.01566405"
"2010-10-26 06:30:00+00:00","0.055","0.0","0.01547955"
"2010-10-26 07:00:00+00:00","0.018","0.019","0.0156825"
"2010-10-26 07:30:00+00:00","0.055","0.069","0.01035045"
"2010-10-26 08:00:00+00:00","0.019","0.194","0.01313025"
"2010-10-26 08:30:00+00:00","0.055","0.425","0.01396665"
"2010-10-26 09:00:00+00:00","0.033","0.563","0.0141081"
"2010-10-26 09:30:00+00:00","0.043","0.669","0.0143295"
"2010-10-26 10:00:00+00:00","0.047","0.744","0.01392975"
"2010-10-26 10:30:00+00:00","0.032","0.813","0.01503675"
"2010-10-26 11:00:00+00:00","0.059","0.85","0.0146001"
"2010-10-26 11:30:00+00:00","0.024","0.875","0.0135669"
"2010-10-26 12:00:00+00:00","0.065","0.888","0.01432335"
"2010-10-26 12:30:00+00:00","0.018","0.931","0.0141942"
"2010-10-26 13:00:00+00:00","0.068","0.888","0.01439715"
"2010-10-26 13:30:00+00:00","0.021","0.663","0.01556565"
"2010-10-26 14:00:00+00:00","0.067","0.706","0.01557795"
"2010-10-26 14:30:00+00:00","0.03","0.875","0.01545495"
"2010-10-26 15:00:00+00:00","0.06","0.619","0.01551645"
"2010-10-26 15:30:00+00:00","0.037","0.75","0.0148584"
"2010-10-26 16:00:00+00:00","0.054","0.6","0.0151413"
"2010-10-26 16:30:00+00:00","0.043","0.538","0.01529505"
"2010-10-26 17:00:00+00:00","0.049","0.406","0.01496295"
"2010-10-26 17:30:00+00:00","0.05","0.175","0.01348695"
"2010-10-26 18:00:00+00:00","0.043","0.025","0.0134931"
"2010-10-26 18:30:00+00:00","0.055","0.006","0.01399125"
"2010-10-26 19:00:00+00:00","0.043","0.006","0.0154365"
"2010-10-26 19:30:00+00:00","0.061","0.0","0.0151044"
"2010-10-26 20:00:00+00:00","0.031","0.0","0.0143172"
"2010-10-26 20:30:00+00:00","0.066","0.0","0.01319175"
"2010-10-26 21:00:00+00:00","0.024","0.0","0.01252755"
"2010-10-26 21:30:00+00:00","0.069","0.0","0.01268745"
"2010-10-26 22:00:00+00:00","0.019","0.0","0.0122262"
"2010-10-26 22:30:00+00:00","0.073","0.0","0.0149445"
"2010-10-26 23:00:00+00:00","0.029","0.0","0.0144402"
"2010-10-26 23:30:00+00:00","0.057","0.0","0.0146985"
"2010-10-27 00:00:00+00:00","0.039","0.0","0.0140097"
"2010-10-27 00:30:00+00:00","0.046","0.0","0.01316715"
"2010-10-27 01:00:00+00:00","0.05","0.0","0.0122877"
"2010-10-27 01:30:00+00:00","0.032","0.0","0.0120171"
"2010-10-27 02:00:00+00:00","0.064","0.0","0.0118449"
"2010-10-27 02:30:00+00:00","0.019","0.0","0.0116604"
"2010-10-27 03:00:00+00:00","0.064","0.0","0.0111192"
"2010-10-27 03:30:00+00:00","0.026","0.0","0.0097662"
"2010-10-27 04:00:00+00:00","0.054","0.0","0.0108978"
"2010-10-27 04:30:00+00:00","0.042","0.0","0.0099507"
"2010-10-27 05:00:00+00:00","0.038","0.0","0.0145017"
"2010-10-27 05:30:00+00:00","0.055","0.0","0.01557795"
"2010-10-27 06:00:00+00:00","0.023","0.0","0.01388055"
"2010-10-27 06:30:00+00:00","0.065","0.0","0.0134316"
"2010-10-27 07:00:00+00:00","0.02","0.006","0.01539345"
"2010-10-27 07:30:00+00:00","0.057","0.05","0.01151895"
"2010-10-27 08:00:00+00:00","0.037","0.169","0.01287195"
"2010-10-27 08:30:00+00:00","0.042","0.419","0.01317945"
"2010-10-27 09:00:00+00:00","0.052","0.569","0.013038"
"2010-10-27 09:30:00+00:00","0.028","0.663","0.0127674"
"2010-10-27 10:00:00+00:00","0.065","0.744","0.01266285"
"2010-10-27 10:30:00+00:00","0.019","0.806","0.0125952"
"2010-10-27 11:00:00+00:00","0.068","0.856","0.01287195"
"2010-10-27 11:30:00+00:00","0.025","0.881","0.01281045"
"2010-10-27 12:00:00+00:00","0.064","0.913","0.0128289"
"2010-10-27 12:30:00+00:00","0.035","0.925","0.0128781"
"2010-10-27 13:00:00+00:00","0.057","0.925","0.01251525"
"2010-10-27 13:30:00+00:00","0.042","0.894","0.0126936"
"2010-10-27 14:00:00+00:00","0.052","0.281","0.0132963"
"2010-10-27 14:30:00+00:00","0.048","0.175","0.0135792"
"2010-10-27 15:00:00+00:00","0.047","0.15","0.01367145"
"2010-10-27 15:30:00+00:00","0.053","0.25","0.0135915"
"2010-10-27 16:00:00+00:00","0.043","0.225","0.0136407"
"2010-10-27 16:30:00+00:00","0.056","0.181","0.0140466"
"2010-10-27 17:00:00+00:00","0.039","0.275","0.0138498"
"2010-10-27 17:30:00+00:00","0.061","0.163","0.01385595"
"2010-10-27 18:00:00+00:00","0.034","0.038","0.0134193"
"2010-10-27 18:30:00+00:00","0.071","0.006","0.01365915"
"2010-10-27 19:00:00+00:00","0.027","0.0","0.0153996"
"2010-10-27 19:30:00+00:00","0.071","0.0","0.01426185"
"2010-10-27 20:00:00+00:00","0.019","0.0","0.0131979"
"2010-10-27 20:30:00+00:00","0.076","0.0","0.0130503"
"2010-10-27 21:00:00+00:00","0.022","0.0","0.0124353"
"2010-10-27 21:30:00+00:00","0.064","0.0","0.0124722"
"2010-10-27 22:00:00+00:00","0.035","0.0","0.0119802"
"2010-10-27 22:30:00+00:00","0.051","0.0","0.01324095"
"2010-10-27 23:00:00+00:00","0.047","0.0","0.01345005"
"2010-10-27 23:30:00+00:00","0.038","0.0","0.01327785"
"2010-10-28 00:00:00+00:00","0.059","0.0","0.0125829"
"2010-10-28 00:30:00+00:00","0.025","0.0","0.01240455"
"2010-10-28 01:00:00+00:00","0.064","0.0","0.01231845"
"2010-10-28 01:30:00+00:00","0.021","0.0","0.0116973"
"2010-10-28 02:00:00+00:00","0.061","0.0","0.0116235"
"2010-10-28 02:30:00+00:00","0.039","0.0","0.0104673"
"2010-10-28 03:00:00+00:00","0.043","0.0","0.00881295"
"2010-10-28 03:30:00+00:00","0.054","0.0","0.00912045"
"2010-10-28 04:00:00+00:00","0.028","0.0","0.00833325"
"2010-10-28 04:30:00+00:00","0.063","0.0","0.011316"
"2010-10-28 05:00:00+00:00","0.019","0.0","0.0137145"
"2010-10-28 05:30:00+00:00","0.067","0.0","0.0153996"
"2010-10-28 06:00:00+00:00","0.033","0.0","0.01577475"
"2010-10-28 06:30:00+00:00","0.047","0.0","0.0147723"
"2010-10-28 07:00:00+00:00","0.047","0.031","0.01567635"
"2010-10-28 07:30:00+00:00","0.033","0.113","0.0128043"
"2010-10-28 08:00:00+00:00","0.061","0.206","0.01362225"
"2010-10-28 08:30:00+00:00","0.019","0.15","0.0137022"
"2010-10-28 09:00:00+00:00","0.063","0.306","0.0131979"
"2010-10-28 09:30:00+00:00","0.021","0.544","0.014145"
"2010-10-28 10:00:00+00:00","0.063","0.444","0.014022"
"2010-10-28 10:30:00+00:00","0.034","0.644","0.013407"
"2010-10-28 11:00:00+00:00","0.051","0.763","0.0133947"
"2010-10-28 11:30:00+00:00","0.064","0.781","0.0131241"
"2010-10-28 12:00:00+00:00","0.067","0.713","0.01279815"
"2010-10-28 12:30:00+00:00","0.058","0.4","0.0128535"
"2010-10-28 13:00:00+00:00","0.031","0.325","0.0130872"
"2010-10-28 13:30:00+00:00","0.067","0.363","0.01298265"
"2010-10-28 14:00:00+00:00","0.023","0.35","0.01282275"
"2010-10-28 14:30:00+00:00","0.072","0.425","0.01166655"
"2010-10-28 15:00:00+00:00","0.019","0.388","0.0122631"
"2010-10-28 15:30:00+00:00","0.073","0.419","0.012054"
"2010-10-28 16:00:00+00:00","0.027","0.263","0.01231845"
"2010-10-28 16:30:00+00:00","0.064","0.563","0.0138006"
"2010-10-28 17:00:00+00:00","0.035","0.263","0.0137268"
"2010-10-28 17:30:00+00:00","0.056","0.156","0.01273665"
"2010-10-28 18:00:00+00:00","0.044","0.113","0.0127551"
"2010-10-28 18:30:00+00:00","0.046","0.044","0.0127059"
"2010-10-28 19:00:00+00:00","0.054","0.019","0.01374525"
"2010-10-28 19:30:00+00:00","0.043","0.0","0.0132963"
"2010-10-28 20:00:00+00:00","0.062","0.0","0.01285965"
"2010-10-28 20:30:00+00:00","0.025","0.0","0.0123246"
"2010-10-28 21:00:00+00:00","0.067","0.0","0.01134675"
"2010-10-28 21:30:00+00:00","0.019","0.0","0.0112914"
"2010-10-28 22:00:00+00:00","0.067","0.0","0.0102951"
"2010-10-28 22:30:00+00:00","0.032","0.0","0.0112422"
"2010-10-28 23:00:00+00:00","0.053","0.0","0.01154355"
"2010-10-28 23:30:00+00:00","0.045","0.0","0.0122508"
"2010-10-29 00:00:00+00:00","0.038","0.0","0.01180185"
"2010-10-29 00:30:00+00:00","0.058","0.0","0.01164195"
"2010-10-29 01:00:00+00:00","0.026","0.0","0.0112422"
"2010-10-29 01:30:00+00:00","0.064","0.0","0.01095315"
"2010-10-29 02:00:00+00:00","0.019","0.0","0.0110085"
"2010-10-29 02:30:00+00:00","0.062","0.0","0.0098154"
"2010-10-29 03:00:00+00:00","0.036","0.0","0.0078843"
"2010-10-29 03:30:00+00:00","0.045","0.0","0.0078843"
"2010-10-29 04:00:00+00:00","0.051","0.0","0.0085731"
"2010-10-29 04:30:00+00:00","0.035","0.0","0.01087935"
"2010-10-29 05:00:00+00:00","0.061","0.006","0.0130257"
"2010-10-29 05:30:00+00:00","0.019","0.0","0.0153135"
"2010-10-29 06:00:00+00:00","0.06","0.0","0.01456935"
"2010-10-29 06:30:00+00:00","0.031","0.0","0.0135915"
"2010-10-29 07:00:00+00:00","0.047","0.025","0.01444635"
"2010-10-29 07:30:00+00:00","0.045","0.05","0.01209705"
"2010-10-29 08:00:00+00:00","0.033","0.113","0.0123738"
"2010-10-29 08:30:00+00:00","0.058","0.206","0.012669"
"2010-10-29 09:00:00+00:00","0.021","0.3","0.01268745"
"2010-10-29 09:30:00+00:00","0.061","0.388","0.01325325"
"2010-10-29 10:00:00+00:00","0.022","0.281","0.0132471"
"2010-10-29 10:30:00+00:00","0.06","0.406","0.0127674"
"2010-10-29 11:00:00+00:00","0.035","0.094","0.0123492"
"2010-10-29 11:30:00+00:00","0.047","0.494","0.01237995"
"2010-10-29 12:00:00+00:00","0.048","0.406","0.01261365"
"2010-10-29 12:30:00+00:00","0.035","0.425","0.0123"
"2010-10-29 13:00:00+00:00","0.061","0.475","0.01235535"
"2010-10-29 13:30:00+00:00","0.026","0.475","0.01276125"
"2010-10-29 14:00:00+00:00","0.069","0.463","0.0134685"
"2010-10-29 14:30:00+00:00","0.018","0.631","0.0134562"
"2010-10-29 15:00:00+00:00","0.07","0.713","0.01358535"
"2010-10-29 15:30:00+00:00","0.023","0.644","0.0132348"
"2010-10-29 16:00:00+00:00","0.067","0.388","0.01353"
"2010-10-29 16:30:00+00:00","0.032","0.556","0.01322865"
"2010-10-29 17:00:00+00:00","0.059","0.194","0.0128658"
"2010-10-29 17:30:00+00:00","0.039","0.138","0.0119433"
"2010-10-29 18:00:00+00:00","0.052","0.088","0.01207245"
"2010-10-29 18:30:00+00:00","0.046","0.019","0.01208475"
"2010-10-29 19:00:00+00:00","0.044","0.006","0.0125091"
"2010-10-29 19:30:00+00:00","0.061","0.0","0.0122508"
"2010-10-29 20:00:00+00:00","0.034","0.0","0.0122139"
"2010-10-29 20:30:00+00:00","0.063","0.0","0.01198635"
"2010-10-29 21:00:00+00:00","0.024","0.0","0.0120663"
"2010-10-29 21:30:00+00:00","0.067","0.0","0.0120909"
"2010-10-29 22:00:00+00:00","0.021","0.0","0.0115743"
"2010-10-29 22:30:00+00:00","0.065","0.0","0.0136653"
"2010-10-29 23:00:00+00:00","0.033","0.0","0.01273665"
"2010-10-29 23:30:00+00:00","0.051","0.0","0.01288425"
"2010-10-30 00:00:00+00:00","0.047","0.0","0.0122262"
"2010-10-30 00:30:00+00:00","0.037","0.0","0.01185105"
"2010-10-30 01:00:00+00:00","0.058","0.0","0.01164195"
"2010-10-30 01:30:00+00:00","0.025","0.0","0.0116973"
"2010-10-30 02:00:00+00:00","0.07","0.0","0.0115497"
"2010-10-30 02:30:00+00:00","0.019","0.0","0.0123861"
"2010-10-30 03:00:00+00:00","0.064","0.0","0.01116225"
"2010-10-30 03:30:00+00:00","0.035","0.0","0.0114513"
"2010-10-30 04:00:00+00:00","0.046","0.0","0.01143285"
"2010-10-30 04:30:00+00:00","0.05","0.0","0.0123492"
"2010-10-30 05:00:00+00:00","0.031","0.0","0.01249065"
"2010-10-30 05:30:00+00:00","0.062","0.0","0.01432335"
"2010-10-30 06:00:00+00:00","0.019","0.0","0.0123984"
"2010-10-30 06:30:00+00:00","0.067","0.0","0.01349925"
"2010-10-30 07:00:00+00:00","0.03","0.019","0.0126813"
"2010-10-30 07:30:00+00:00","0.049","0.075","0.01274895"
"2010-10-30 08:00:00+00:00","0.046","0.188","0.0123738"
"2010-10-30 08:30:00+00:00","0.034","0.413","0.01329015"
"2010-10-30 09:00:00+00:00","0.06","0.469","0.01372065"
"2010-10-30 09:30:00+00:00","0.022","0.65","0.01389285"
"2010-10-30 10:00:00+00:00","0.066","0.731","0.01351155"
"2010-10-30 10:30:00+00:00","0.019","0.775","0.0135054"
"2010-10-30 11:00:00+00:00","0.068","0.825","0.01362225"
"2010-10-30 11:30:00+00:00","0.031","0.863","0.0126567"
"2010-10-30 12:00:00+00:00","0.06","0.9","0.012423"
"2010-10-30 12:30:00+00:00","0.04","0.913","0.0124353"
"2010-10-30 13:00:00+00:00","0.054","0.838","0.0118203"
"2010-10-30 13:30:00+00:00","0.045","0.856","0.0120048"
"2010-10-30 14:00:00+00:00","0.051","0.9","0.01219545"
"2010-10-30 14:30:00+00:00","0.048","0.769","0.0121401"
"2010-10-30 15:00:00+00:00","0.05","0.588","0.01209705"
"2010-10-30 15:30:00+00:00","0.05","0.681","0.01194945"
"2010-10-30 16:00:00+00:00","0.049","0.494","0.0125952"
"2010-10-30 16:30:00+00:00","0.052","0.344","0.0122385"
"2010-10-30 17:00:00+00:00","0.049","0.331","0.01257675"
"2010-10-30 17:30:00+00:00","0.051","0.163","0.0121155"
"2010-10-30 18:00:00+00:00","0.051","0.063","0.0120663"
"2010-10-30 18:30:00+00:00","0.05","0.019","0.01266285"
"2010-10-30 19:00:00+00:00","0.055","0.0","0.0135669"
"2010-10-30 19:30:00+00:00","0.051","0.0","0.01335165"
"2010-10-30 20:00:00+00:00","0.045","0.0","0.01253985"
"2010-10-30 20:30:00+00:00","0.054","0.0","0.01253985"
"2010-10-30 21:00:00+00:00","0.041","0.0","0.0119187"
"2010-10-30 21:30:00+00:00","0.058","0.0","0.01164195"
"2010-10-30 22:00:00+00:00","0.037","0.0","0.0115128"
"2010-10-30 22:30:00+00:00","0.062","0.0","0.0119433"
"2010-10-30 23:00:00+00:00","0.038","0.0","0.01177725"
"2010-10-30 23:30:00+00:00","0.068","0.0","0.0128904"
"2010-10-31 00:00:00+00:00","0.023","0.0","0.0133332"
"2010-10-31 00:30:00+00:00","0.074","0.0","0.0108978"
"2010-10-31 01:00:00+00:00","0.018","0.0","0.00787815"
"2010-10-31 01:30:00+00:00","0.073","0.0","0.00758295"
"2010-10-31 02:00:00+00:00","0.023","0.0","0.00659895"
"2010-10-31 02:30:00+00:00","0.067","0.0","0.0049077"
"2010-10-31 03:00:00+00:00","0.034","0.0","0.0018204"
"2010-10-31 03:30:00+00:00","0.056","0.0","0.0020541"
"2010-10-31 04:00:00+00:00","0.044","0.0","0"
"2010-10-31 04:30:00+00:00","0.046","0.0","0.0010947"
"2010-10-31 05:00:00+00:00","0.054","0.0","0.0054858"
"2010-10-31 05:30:00+00:00","0.035","0.0","0.00341325"
"2010-10-31 06:00:00+00:00","0.065","0.0","0.008241"
"2010-10-31 06:30:00+00:00","0.03","0.0","0.00918195"
"2010-10-31 07:00:00+00:00","0.069","0.019","0.0110946"
"2010-10-31 07:30:00+00:00","0.02","0.075","0.01213395"
"2010-10-31 08:00:00+00:00","0.069","0.2","0.01217085"
"2010-10-31 08:30:00+00:00","0.03","0.419","0.0122631"
"2010-10-31 09:00:00+00:00","0.06","0.569","0.0126936"
"2010-10-31 09:30:00+00:00","0.039","0.694","0.0128166"
"2010-10-31 10:00:00+00:00","0.058","0.781","0.0130503"
"2010-10-31 10:30:00+00:00","0.041","0.8","0.01277355"
"2010-10-31 11:00:00+00:00","0.062","0.975","0.01255215"
"2010-10-31 11:30:00+00:00","0.038","0.938","0.012423"
"2010-10-31 12:00:00+00:00","0.069","0.663","0.01230615"
"2010-10-31 12:30:00+00:00","0.031","0.6","0.01201095"
"2010-10-31 13:00:00+00:00","0.077","0.556","0.0117465"
"2010-10-31 13:30:00+00:00","0.023","0.494","0.0119556"
"2010-10-31 14:00:00+00:00","0.084","0.294","0.0118203"
"2010-10-31 14:30:00+00:00","0.019","0.563","0.011931"
"2010-10-31 15:00:00+00:00","0.082","0.4","0.0122262"
"2010-10-31 15:30:00+00:00","0.026","0.288","0.01218315"
"2010-10-31 16:00:00+00:00","0.074","0.319","0.01204785"
"2010-10-31 16:30:00+00:00","0.034","0.538","0.01220775"
"2010-10-31 17:00:00+00:00","0.065","0.256","0.01272435"
"2010-10-31 17:30:00+00:00","0.043","0.019","0.0127059"
"2010-10-31 18:00:00+00:00","0.056","0.069","0.01266285"
"2010-10-31 18:30:00+00:00","0.05","0.019","0.0129027"
"2010-10-31 19:00:00+00:00","0.054","0.0","0.01442175"
"2010-10-31 19:30:00+00:00","0.056","0.0","0.01549185"
"2010-10-31 20:00:00+00:00","0.044","0.0","0.01544265"
"2010-10-31 20:30:00+00:00","0.059","0.0","0.0146985"
"2010-10-31 21:00:00+00:00","0.039","0.0","0.01392975"
"2010-10-31 21:30:00+00:00","0.06","0.0","0.0133578"
"2010-10-31 22:00:00+00:00","0.039","0.0","0.01194945"
"2010-10-31 22:30:00+00:00","0.066","0.0","0.012054"
"2010-10-31 23:00:00+00:00","0.039","0.0","0.01169115"
"2010-10-31 23:30:00+00:00","0.058","0.0","0.0120048"
"2010-11-01 00:00:00+00:00","0.04","0.0","0.0128904"
"2010-11-01 00:30:00+00:00","0.058","0.0","0.0110331"
"2010-11-01 01:00:00+00:00","0.039","0.0","0.0123246"
"2010-11-01 01:30:00+00:00","0.054","0.0","0.0126075"
"2010-11-01 02:00:00+00:00","0.045","0.0","0.00907125"
"2010-11-01 02:30:00+00:00","0.049","0.0","0.01171575"
"2010-11-01 03:00:00+00:00","0.051","0.0","0.0104058"
"2010-11-01 03:30:00+00:00","0.042","0.0","0.0100737"
"2010-11-01 04:00:00+00:00","0.058","0.0","0.01178955"
"2010-11-01 04:30:00+00:00","0.034","0.0","0.0128289"
"2010-11-01 05:00:00+00:00","0.066","0.0","0.01281045"
"2010-11-01 05:30:00+00:00","0.025","0.0","0.0142926"
"2010-11-01 06:00:00+00:00","0.071","0.0","0.01373295"
"2010-11-01 06:30:00+00:00","0.024","0.006","0.01498755"
"2010-11-01 07:00:00+00:00","0.071","0.019","0.0155964"
"2010-11-01 07:30:00+00:00","0.029","0.013","0.01278585"
"2010-11-01 08:00:00+00:00","0.06","0.138","0.01249065"
"2010-11-01 08:30:00+00:00","0.039","0.206","0.01337625"
"2010-11-01 09:00:00+00:00","0.051","0.281","0.0136653"
"2010-11-01 09:30:00+00:00","0.047","0.206","0.0135054"
"2010-11-01 10:00:00+00:00","0.044","0.256","0.0130749"
"2010-11-01 10:30:00+00:00","0.055","0.138","0.01257675"
"2010-11-01 11:00:00+00:00","0.035","0.013","0.0126936"
"2010-11-01 11:30:00+00:00","0.065","0.081","0.0125829"
"2010-11-01 12:00:00+00:00","0.026","0.056","0.01252755"
"2010-11-01 12:30:00+00:00","0.07","0.031","0.01416345"
"2010-11-01 13:00:00+00:00","0.019","0.069","0.01470465"
"2010-11-01 13:30:00+00:00","0.069","0.038","0.01196175"
"2010-11-01 14:00:00+00:00","0.032","0.013","0.01234305"
"2010-11-01 14:30:00+00:00","0.057","0.156","0.01271205"
"2010-11-01 15:00:00+00:00","0.043","0.125","0.01265055"
"2010-11-01 15:30:00+00:00","0.044","0.019","0.0126075"
"2010-11-01 16:00:00+00:00","0.061","0.0","0.01338855"
"2010-11-01 16:30:00+00:00","0.036","0.0","0.0136161"
"2010-11-01 17:00:00+00:00","0.072","0.0","0.0137514"
"2010-11-01 17:30:00+00:00","0.025","0.0","0.0130626"
"2010-11-01 18:00:00+00:00","0.078","0.0","0.0128535"
"2010-11-01 18:30:00+00:00","0.027","0.013","0.012669"
"2010-11-01 19:00:00+00:00","0.057","0.0","0.0134808"
"2010-11-01 19:30:00+00:00","0.041","0.0","0.01274895"
"2010-11-01 20:00:00+00:00","0.043","0.0","0.0122754"
"2010-11-01 20:30:00+00:00","0.053","0.0","0.0120663"
"2010-11-01 21:00:00+00:00","0.03","0.0","0.0118695"
"2010-11-01 21:30:00+00:00","0.063","0.0","0.0119925"
"2010-11-01 22:00:00+00:00","0.019","0.0","0.0115251"
"2010-11-01 22:30:00+00:00","0.063","0.0","0.0137637"
"2010-11-01 23:00:00+00:00","0.027","0.0","0.01217085"
"2010-11-01 23:30:00+00:00","0.06","0.0","0.0123984"
"2010-11-02 00:00:00+00:00","0.041","0.0","0.01202325"
"2010-11-02 00:30:00+00:00","0.041","0.0","0.01257675"
"2010-11-02 01:00:00+00:00","0.053","0.0","0.01499985"
"2010-11-02 01:30:00+00:00","0.027","0.0","0.01492605"
"2010-11-02 02:00:00+00:00","0.062","0.0","0.0123369"
"2010-11-02 02:30:00+00:00","0.019","0.0","0.009102"
"2010-11-02 03:00:00+00:00","0.062","0.0","0.0085485"
"2010-11-02 03:30:00+00:00","0.028","0.0","0.00839475"
"2010-11-02 04:00:00+00:00","0.052","0.0","0.00931725"
"2010-11-02 04:30:00+00:00","0.043","0.0","0.01063335"
"2010-11-02 05:00:00+00:00","0.036","0.0","0.0124476"
"2010-11-02 05:30:00+00:00","0.057","0.0","0.01447095"
"2010-11-02 06:00:00+00:00","0.02","0.0","0.0132963"
"2010-11-02 06:30:00+00:00","0.064","0.0","0.01411425"
"2010-11-02 07:00:00+00:00","0.019","0.013","0.01544265"
"2010-11-02 07:30:00+00:00","0.057","0.075","0.0127182"
"2010-11-02 08:00:00+00:00","0.035","0.238","0.0136161"
"2010-11-02 08:30:00+00:00","0.043","0.463","0.0159531"
"2010-11-02 09:00:00+00:00","0.049","0.613","0.0156825"
"2010-11-02 09:30:00+00:00","0.029","0.675","0.0156333"
"2010-11-02 10:00:00+00:00","0.061","0.813","0.0158916"
"2010-11-02 10:30:00+00:00","0.019","0.85","0.01629135"
"2010-11-02 11:00:00+00:00","0.063","0.869","0.01556565"
"2010-11-02 11:30:00+00:00","0.024","0.613","0.0155472"
"2010-11-02 12:00:00+00:00","0.059","0.506","0.01552875"
"2010-11-02 12:30:00+00:00","0.038","0.456","0.01560255"
"2010-11-02 13:00:00+00:00","0.046","0.319","0.01549185"
"2010-11-02 13:30:00+00:00","0.05","0.188","0.01561485"
"2010-11-02 14:00:00+00:00","0.035","0.169","0.01552875"
"2010-11-02 14:30:00+00:00","0.061","0.175","0.0152274"
"2010-11-02 15:00:00+00:00","0.023","0.194","0.0155964"
"2010-11-02 15:30:00+00:00","0.066","0.131","0.01560255"
"2010-11-02 16:00:00+00:00","0.02","0.081","0.015621"
"2010-11-02 16:30:00+00:00","0.065","0.094","0.01562715"
"2010-11-02 17:00:00+00:00","0.033","0.056","0.0156087"
"2010-11-02 17:30:00+00:00","0.05","0.119","0.01499985"
"2010-11-02 18:00:00+00:00","0.047","0.05","0.0154734"
"2010-11-02 18:30:00+00:00","0.036","0.019","0.01512285"
"2010-11-02 19:00:00+00:00","0.061","0.006","0.01566405"
"2010-11-02 19:30:00+00:00","0.028","0.0","0.0155718"
"2010-11-02 20:00:00+00:00","0.061","0.0","0.01536885"
"2010-11-02 20:30:00+00:00","0.025","0.0","0.01517205"
"2010-11-02 21:00:00+00:00","0.055","0.0","0.014022"
"2010-11-02 21:30:00+00:00","0.04","0.0","0.01352385"
"2010-11-02 22:00:00+00:00","0.038","0.0","0.0131241"
"2010-11-02 22:30:00+00:00","0.055","0.0","0.01528275"
"2010-11-02 23:00:00+00:00","0.023","0.0","0.01518435"
"2010-11-02 23:30:00+00:00","0.059","0.0","0.01517205"
"2010-11-03 00:00:00+00:00","0.021","0.0","0.01533195"
"2010-11-03 00:30:00+00:00","0.056","0.006","0.0143049"
"2010-11-03 01:00:00+00:00","0.045","0.0","0.01524585"
"2010-11-03 01:30:00+00:00","0.038","0.0","0.0154242"
"2010-11-03 02:00:00+00:00","0.054","0.0","0.0149076"
"2010-11-03 02:30:00+00:00","0.021","0.0","0.01204785"
"2010-11-03 03:00:00+00:00","0.056","0.0","0.01178955"
"2010-11-03 03:30:00+00:00","0.022","0.0","0.01198635"
"2010-11-03 04:00:00+00:00","0.052","0.0","0.0121155"
"2010-11-03 04:30:00+00:00","0.041","0.0","0.014268"
"2010-11-03 05:00:00+00:00","0.033","0.0","0.0151536"
"2010-11-03 05:30:00+00:00","0.054","0.0","0.0156456"
"2010-11-03 06:00:00+00:00","0.019","0.0","0.0156825"
"2010-11-03 06:30:00+00:00","0.06","0.0","0.01506135"
"2010-11-03 07:00:00+00:00","0.025","0.013","0.01645125"
"2010-11-03 07:30:00+00:00","0.046","0.088","0.01212165"
"2010-11-03 08:00:00+00:00","0.043","0.25","0.01349925"
"2010-11-03 08:30:00+00:00","0.03","0.475","0.01509825"
"2010-11-03 09:00:00+00:00","0.057","0.606","0.01498755"
"2010-11-03 09:30:00+00:00","0.019","0.7","0.01434795"
"2010-11-03 10:00:00+00:00","0.059","0.775","0.0140835"
"2010-11-03 10:30:00+00:00","0.026","0.85","0.0140343"
"2010-11-03 11:00:00+00:00","0.054","0.881","0.01392975"
"2010-11-03 11:30:00+00:00","0.042","0.9","0.0134562"
"2010-11-03 12:00:00+00:00","0.039","0.95","0.01336395"
"2010-11-03 12:30:00+00:00","0.056","0.756","0.0142557"
"2010-11-03 13:00:00+00:00","0.028","0.538","0.01455705"
"2010-11-03 13:30:00+00:00","0.068","0.994","0.01474155"
"2010-11-03 14:00:00+00:00","0.018","0.906","0.0148584"
"2010-11-03 14:30:00+00:00","0.068","0.869","0.01439715"
"2010-11-03 15:00:00+00:00","0.023","0.8","0.01452015"
"2010-11-03 15:30:00+00:00","0.065","0.669","0.0144648"
"2010-11-03 16:00:00+00:00","0.033","0.519","0.0149322"
"2010-11-03 16:30:00+00:00","0.056","0.538","0.01476"
"2010-11-03 17:00:00+00:00","0.042","0.313","0.0147969"
"2010-11-03 17:30:00+00:00","0.048","0.15","0.0136653"
"2010-11-03 18:00:00+00:00","0.05","0.031","0.0140712"
"2010-11-03 18:30:00+00:00","0.041","0.025","0.01373295"
"2010-11-03 19:00:00+00:00","0.058","0.006","0.0153504"
"2010-11-03 19:30:00+00:00","0.031","0.0","0.0152397"
"2010-11-03 20:00:00+00:00","0.068","0.0","0.01439715"
"2010-11-03 20:30:00+00:00","0.018","0.0","0.01342545"
"2010-11-03 21:00:00+00:00","0.068","0.0","0.0125091"
"2010-11-03 21:30:00+00:00","0.025","0.0","0.0123492"
"2010-11-03 22:00:00+00:00","0.067","0.0","0.01229385"
"2010-11-03 22:30:00+00:00","0.037","0.0","0.01368375"
"2010-11-03 23:00:00+00:00","0.047","0.0","0.0133578"
"2010-11-03 23:30:00+00:00","0.049","0.0","0.0139113"
"2010-11-04 00:00:00+00:00","0.035","0.0","0.0149691"
"2010-11-04 00:30:00+00:00","0.062","0.0","0.014022"
"2010-11-04 01:00:00+00:00","0.022","0.0","0.01499985"
"2010-11-04 01:30:00+00:00","0.065","0.0","0.0154119"
"2010-11-04 02:00:00+00:00","0.02","0.0","0.014391"
"2010-11-04 02:30:00+00:00","0.063","0.0","0.01239225"
"2010-11-04 03:00:00+00:00","0.036","0.0","0.01169115"
"2010-11-04 03:30:00+00:00","0.047","0.0","0.0118572"
"2010-11-04 04:00:00+00:00","0.05","0.0","0.0113406"
"2010-11-04 04:30:00+00:00","0.031","0.0","0.0123369"
"2010-11-04 05:00:00+00:00","0.062","0.0","0.0138252"
"2010-11-04 05:30:00+00:00","0.019","0.0","0.0152397"
"2010-11-04 06:00:00+00:00","0.061","0.0","0.0133578"
"2010-11-04 06:30:00+00:00","0.038","0.0","0.01493835"
"2010-11-04 07:00:00+00:00","0.053","0.0","0.0156579"
"2010-11-04 07:30:00+00:00","0.046","0.006","0.01459395"
"2010-11-04 08:00:00+00:00","0.033","0.044","0.01557795"
"2010-11-04 08:30:00+00:00","0.059","0.138","0.0158793"
"2010-11-04 09:00:00+00:00","0.019","0.194","0.0156333"
"2010-11-04 09:30:00+00:00","0.06","0.338","0.0149199"
"2010-11-04 10:00:00+00:00","0.027","0.331","0.01459395"
"2010-11-04 10:30:00+00:00","0.053","0.4","0.01356075"
"2010-11-04 11:00:00+00:00","0.042","0.581","0.01416345"
"2010-11-04 11:30:00+00:00","0.039","0.488","0.0134316"
"2010-11-04 12:00:00+00:00","0.057","0.669","0.01324095"
"2010-11-04 12:30:00+00:00","0.027","0.713","0.01388055"
"2010-11-04 13:00:00+00:00","0.065","0.463","0.01357305"
"2010-11-04 13:30:00+00:00","0.019","0.425","0.01404045"
"2010-11-04 14:00:00+00:00","0.067","0.675","0.0139236"
"2010-11-04 14:30:00+00:00","0.03","0.681","0.0134193"
"2010-11-04 15:00:00+00:00","0.056","0.644","0.01295805"
"2010-11-04 15:30:00+00:00","0.043","0.575","0.01342545"
"2010-11-04 16:00:00+00:00","0.044","0.288","0.0137022"
"2010-11-04 16:30:00+00:00","0.054","0.363","0.01360995"
"2010-11-04 17:00:00+00:00","0.034","0.394","0.01482765"
"2010-11-04 17:30:00+00:00","0.064","0.156","0.0137883"
"2010-11-04 18:00:00+00:00","0.023","0.125","0.0139359"
"2010-11-04 18:30:00+00:00","0.069","0.063","0.0138252"
"2010-11-04 19:00:00+00:00","0.018","0.006","0.01557795"
"2010-11-04 19:30:00+00:00","0.067","0.0","0.01549185"
"2010-11-04 20:00:00+00:00","0.039","0.0","0.01468005"
"2010-11-04 20:30:00+00:00","0.05","0.0","0.0134931"
"2010-11-04 21:00:00+00:00","0.046","0.0","0.0128658"
"2010-11-04 21:30:00+00:00","0.036","0.0","0.0131979"
"2010-11-04 22:00:00+00:00","0.061","0.0","0.01180185"
"2010-11-04 22:30:00+00:00","0.02","0.0","0.01447095"
"2010-11-04 23:00:00+00:00","0.061","0.0","0.01383135"
"2010-11-04 23:30:00+00:00","0.026","0.0","0.013407"
"2010-11-05 00:00:00+00:00","0.054","0.0","0.01395435"
"2010-11-05 00:30:00+00:00","0.041","0.0","0.0130995"
"2010-11-05 01:00:00+00:00","0.037","0.0","0.0151782"
"2010-11-05 01:30:00+00:00","0.057","0.0","0.01520895"
"2010-11-05 02:00:00+00:00","0.021","0.0","0.01436025"
"2010-11-05 02:30:00+00:00","0.059","0.0","0.0137883"
"2010-11-05 03:00:00+00:00","0.025","0.0","0.0122754"
"2010-11-05 03:30:00+00:00","0.053","0.0","0.012054"
"2010-11-05 04:00:00+00:00","0.041","0.0","0.01260135"
"2010-11-05 04:30:00+00:00","0.043","0.0","0.01415115"
"2010-11-05 05:00:00+00:00","0.055","0.0","0.0130257"
"2010-11-05 05:30:00+00:00","0.021","0.0","0.01517205"
"2010-11-05 06:00:00+00:00","0.058","0.0","0.01562715"
"2010-11-05 06:30:00+00:00","0.022","0.0","0.0157809"
"2010-11-05 07:00:00+00:00","0.054","0.0","0.01570095"
"2010-11-05 07:30:00+00:00","0.04","0.006","0.01534425"
"2010-11-05 08:00:00+00:00","0.035","0.013","0.0156825"
"2010-11-05 08:30:00+00:00","0.055","0.056","0.0156825"
"2010-11-05 09:00:00+00:00","0.02","0.063","0.01565175"
"2010-11-05 09:30:00+00:00","0.057","0.088","0.01567635"
"2010-11-05 10:00:00+00:00","0.022","0.138","0.01555335"
"2010-11-05 10:30:00+00:00","0.054","0.256","0.01552875"
"2010-11-05 11:00:00+00:00","0.038","0.325","0.01557795"
"2010-11-05 11:30:00+00:00","0.038","0.194","0.01557795"
"2010-11-05 12:00:00+00:00","0.054","0.231","0.01552875"
"2010-11-05 12:30:00+00:00","0.022","0.325","0.0154857"
"2010-11-05 13:00:00+00:00","0.059","0.425","0.01552875"
"2010-11-05 13:30:00+00:00","0.022","0.369","0.01555335"
"2010-11-05 14:00:00+00:00","0.056","0.163","0.0153258"
"2010-11-05 14:30:00+00:00","0.038","0.119","0.0146739"
"2010-11-05 15:00:00+00:00","0.039","0.138","0.0142311"
"2010-11-05 15:30:00+00:00","0.054","0.175","0.0137268"
"2010-11-05 16:00:00+00:00","0.023","0.2","0.01401585"
"2010-11-05 16:30:00+00:00","0.059","0.119","0.01420035"
"2010-11-05 17:00:00+00:00","0.019","0.044","0.0146493"
"2010-11-05 17:30:00+00:00","0.058","0.056","0.013161"
"2010-11-05 18:00:00+00:00","0.036","0.056","0.0137514"
"2010-11-05 18:30:00+00:00","0.04","0.006","0.014268"
"2010-11-05 19:00:00+00:00","0.057","0.0","0.0147477"
"2010-11-05 19:30:00+00:00","0.025","0.0","0.01453245"
"2010-11-05 20:00:00+00:00","0.056","0.0","0.0146493"
"2010-11-05 20:30:00+00:00","0.019","0.0","0.01346235"
"2010-11-05 21:00:00+00:00","0.056","0.0","0.0130011"
"2010-11-05 21:30:00+00:00","0.03","0.0","0.0132102"
"2010-11-05 22:00:00+00:00","0.044","0.0","0.01281045"
"2010-11-05 22:30:00+00:00","0.046","0.0","0.01501215"
"2010-11-05 23:00:00+00:00","0.034","0.0","0.01454475"
"2010-11-05 23:30:00+00:00","0.056","0.0","0.01458165"
"2010-11-06 00:00:00+00:00","0.018","0.0","0.01421265"
"2010-11-06 00:30:00+00:00","0.056","0.0","0.0136653"
"2010-11-06 01:00:00+00:00","0.023","0.0","0.0136653"
"2010-11-06 01:30:00+00:00","0.05","0.0","0.01282275"
"2010-11-06 02:00:00+00:00","0.04","0.0","0.01174035"
"2010-11-06 02:30:00+00:00","0.034","0.0","0.0121647"
"2010-11-06 03:00:00+00:00","0.056","0.0","0.01135905"
"2010-11-06 03:30:00+00:00","0.019","0.0","0.01162965"
"2010-11-06 04:00:00+00:00","0.055","0.0","0.0107871"
"2010-11-06 04:30:00+00:00","0.022","0.0","0.01207245"
"2010-11-06 05:00:00+00:00","0.052","0.0","0.01213395"
"2010-11-06 05:30:00+00:00","0.038","0.0","0.01203555"
"2010-11-06 06:00:00+00:00","0.036","0.006","0.01246605"
"2010-11-06 06:30:00+00:00","0.059","0.0","0.0132348"
"2010-11-06 07:00:00+00:00","0.021","0.013","0.014391"
"2010-11-06 07:30:00+00:00","0.054","0.056","0.0149445"
"2010-11-06 08:00:00+00:00","0.019","0.181","0.0155103"
"2010-11-06 08:30:00+00:00","0.056","0.35","0.0156825"
"2010-11-06 09:00:00+00:00","0.033","0.556","0.01567635"
"2010-11-06 09:30:00+00:00","0.042","0.538","0.0156825"
"2010-11-06 10:00:00+00:00","0.049","0.163","0.0156825"
"2010-11-06 10:30:00+00:00","0.028","0.413","0.01567635"
"2010-11-06 11:00:00+00:00","0.059","0.225","0.01562715"
"2010-11-06 11:30:00+00:00","0.018","0.763","0.01561485"
"2010-11-06 12:00:00+00:00","0.06","0.506","0.01555335"
"2010-11-06 12:30:00+00:00","0.028","0.456","0.01551645"
"2010-11-06 13:00:00+00:00","0.053","0.863","0.01536885"
"2010-11-06 13:30:00+00:00","0.04","0.706","0.01486455"
"2010-11-06 14:00:00+00:00","0.041","0.5","0.0151536"
"2010-11-06 14:30:00+00:00","0.053","0.544","0.01491375"
"2010-11-06 15:00:00+00:00","0.03","0.475","0.01493835"
"2010-11-06 15:30:00+00:00","0.064","0.5","0.01499985"
"2010-11-06 16:00:00+00:00","0.019","0.488","0.01512285"
"2010-11-06 16:30:00+00:00","0.065","0.425","0.0154119"
"2010-11-06 17:00:00+00:00","0.027","0.3","0.015621"
"2010-11-06 17:30:00+00:00","0.058","0.225","0.01555335"
"2010-11-06 18:00:00+00:00","0.039","0.025","0.0154119"
"2010-11-06 18:30:00+00:00","0.045","0.013","0.0153504"
"2010-11-06 19:00:00+00:00","0.057","0.0","0.01567635"
"2010-11-06 19:30:00+00:00","0.038","0.0","0.0156456"
"2010-11-06 20:00:00+00:00","0.063","0.0","0.0156456"
"2010-11-06 20:30:00+00:00","0.02","0.0","0.01554105"
"2010-11-06 21:00:00+00:00","0.062","0.0","0.0144648"
"2010-11-06 21:30:00+00:00","0.023","0.0","0.0145632"
"2010-11-06 22:00:00+00:00","0.057","0.0","0.0136653"
"2010-11-06 22:30:00+00:00","0.038","0.0","0.01470465"
"2010-11-06 23:00:00+00:00","0.041","0.0","0.0138252"
"2010-11-06 23:30:00+00:00","0.053","0.006","0.014145"
"2010-11-07 00:00:00+00:00","0.026","0.0","0.0140466"
"2010-11-07 00:30:00+00:00","0.06","0.0","0.01493835"
"2010-11-07 01:00:00+00:00","0.023","0.0","0.01408965"
"2010-11-07 01:30:00+00:00","0.101","0.0","0.0133332"
"2010-11-07 02:00:00+00:00","0.052","0.0","0.0123615"
"2010-11-07 02:30:00+00:00","0.081","0.0","0.01228155"
"2010-11-07 03:00:00+00:00","0.059","0.0","0.0107502"
"2010-11-07 03:30:00+00:00","0.045","0.0","0.01095315"
"2010-11-07 04:00:00+00:00","0.067","0.0","0.00971085"
"2010-11-07 04:30:00+00:00","0.029","0.0","0.01208475"
"2010-11-07 05:00:00+00:00","0.068","0.0","0.0119925"
"2010-11-07 05:30:00+00:00","0.034","0.0","0.01171575"
"2010-11-07 06:00:00+00:00","0.06","0.0","0.01209705"
"2010-11-07 06:30:00+00:00","0.058","0.0","0.01241685"
"2010-11-07 07:00:00+00:00","0.047","0.019","0.0129027"
"2010-11-07 07:30:00+00:00","0.22","0.138","0.0132225"
"2010-11-07 08:00:00+00:00","0.115","0.344","0.013776"
"2010-11-07 08:30:00+00:00","0.197","0.444","0.01490145"
"2010-11-07 09:00:00+00:00","0.019","0.588","0.01479075"
"2010-11-07 09:30:00+00:00","0.059","0.694","0.01463085"
"2010-11-07 10:00:00+00:00","0.025","0.781","0.01392975"
"2010-11-07 10:30:00+00:00","0.055","0.869","0.01402815"
"2010-11-07 11:00:00+00:00","0.038","0.938","0.0139974"
"2010-11-07 11:30:00+00:00","0.044","0.969","0.0141081"
"2010-11-07 12:00:00+00:00","0.05","0.588","0.0137022"
"2010-11-07 12:30:00+00:00","0.033","0.5","0.0135669"
"2010-11-07 13:00:00+00:00","0.062","0.856","0.0134685"
"2010-11-07 13:30:00+00:00","0.023","0.925","0.01373295"
"2010-11-07 14:00:00+00:00","0.068","0.894","0.01360995"
"2010-11-07 14:30:00+00:00","0.018","0.844","0.0132102"
"2010-11-07 15:00:00+00:00","0.068","0.813","0.01346235"
"2010-11-07 15:30:00+00:00","0.028","0.756","0.01372065"
"2010-11-07 16:00:00+00:00","0.062","0.656","0.01342545"
"2010-11-07 16:30:00+00:00","0.036","0.563","0.01315485"
"2010-11-07 17:00:00+00:00","0.053","0.35","0.01375755"
"2010-11-07 17:30:00+00:00","0.046","0.194","0.01440945"
"2010-11-07 18:00:00+00:00","0.043","0.05","0.01512285"
"2010-11-07 18:30:00+00:00","0.056","0.019","0.0145509"
"2010-11-07 19:00:00+00:00","0.067","0.006","0.01557795"
"2010-11-07 19:30:00+00:00","0.113","0.0","0.01546725"
"2010-11-07 20:00:00+00:00","0.065","0.0","0.0155103"
"2010-11-07 20:30:00+00:00","0.127","0.0","0.0152397"
"2010-11-07 21:00:00+00:00","0.046","0.0","0.01401585"
"2010-11-07 21:30:00+00:00","0.065","0.0","0.0139113"
"2010-11-07 22:00:00+00:00","0.022","0.0","0.01276125"
"2010-11-07 22:30:00+00:00","0.067","0.0","0.0130257"
"2010-11-07 23:00:00+00:00","0.022","0.0","0.0125706"
"2010-11-07 23:30:00+00:00","0.064","0.0","0.0134193"
"2010-11-08 00:00:00+00:00","0.036","0.0","0.01283505"
"2010-11-08 00:30:00+00:00","0.05","0.0","0.0117834"
"2010-11-08 01:00:00+00:00","0.048","0.0","0.013407"
"2010-11-08 01:30:00+00:00","0.037","0.0","0.0136161"
"2010-11-08 02:00:00+00:00","0.061","0.0","0.0120417"
"2010-11-08 02:30:00+00:00","0.025","0.0","0.01201095"
"2010-11-08 03:00:00+00:00","0.065","0.0","0.01196175"
"2010-11-08 03:30:00+00:00","0.021","0.0","0.0120909"
"2010-11-08 04:00:00+00:00","0.062","0.0","0.0114759"
"2010-11-08 04:30:00+00:00","0.037","0.0","0.0122508"
"2010-11-08 05:00:00+00:00","0.053","0.0","0.0141204"
"2010-11-08 05:30:00+00:00","0.051","0.0","0.0127797"
"2010-11-08 06:00:00+00:00","0.031","0.0","0.01455705"
"2010-11-08 06:30:00+00:00","0.062","0.006","0.0151905"
"2010-11-08 07:00:00+00:00","0.02","0.038","0.0156825"
"2010-11-08 07:30:00+00:00","0.062","0.169","0.0141696"
"2010-11-08 08:00:00+00:00","0.031","0.331","0.01545495"
"2010-11-08 08:30:00+00:00","0.052","0.406","0.01560255"
"2010-11-08 09:00:00+00:00","0.044","0.606","0.0156456"
"2010-11-08 09:30:00+00:00","0.042","0.488","0.0167403"
"2010-11-08 10:00:00+00:00","0.057","0.769","0.01598385"
"2010-11-08 10:30:00+00:00","0.032","0.844","0.0167526"
"2010-11-08 11:00:00+00:00","0.068","0.888","0.0156825"
"2010-11-08 11:30:00+00:00","0.024","0.919","0.0156825"
"2010-11-08 12:00:00+00:00","0.075","0.956","0.0156825"
"2010-11-08 12:30:00+00:00","0.019","0.956","0.0156825"
"2010-11-08 13:00:00+00:00","0.078","0.956","0.0156825"
"2010-11-08 13:30:00+00:00","0.02","0.931","0.0158547"
"2010-11-08 14:00:00+00:00","0.08","0.9","0.01567635"
"2010-11-08 14:30:00+00:00","0.023","0.863","0.0154857"
"2010-11-08 15:00:00+00:00","0.078","0.813","0.01567635"
"2010-11-08 15:30:00+00:00","0.024","0.713","0.01541805"
"2010-11-08 16:00:00+00:00","0.08","0.625","0.0155964"
"2010-11-08 16:30:00+00:00","0.021","0.569","0.01552875"
"2010-11-08 17:00:00+00:00","0.084","0.319","0.01549185"
"2010-11-08 17:30:00+00:00","0.02","0.138","0.0142557"
"2010-11-08 18:00:00+00:00","0.084","0.025","0.0137268"
"2010-11-08 18:30:00+00:00","0.02","0.013","0.0138252"
"2010-11-08 19:00:00+00:00","0.088","0.006","0.01374525"
"2010-11-08 19:30:00+00:00","0.023","0.0","0.0135546"
"2010-11-08 20:00:00+00:00","0.078","0.0","0.0133086"
"2010-11-08 20:30:00+00:00","0.025","0.0","0.0126444"
"2010-11-08 21:00:00+00:00","0.075","0.0","0.01236765"
"2010-11-08 21:30:00+00:00","0.027","0.0","0.01257675"
"2010-11-08 22:00:00+00:00","0.074","0.0","0.01262595"
"2010-11-08 22:30:00+00:00","0.025","0.0","0.01458165"
"2010-11-08 23:00:00+00:00","0.082","0.0","0.0144771"
"2010-11-08 23:30:00+00:00","0.021","0.0","0.01436025"
"2010-11-09 00:00:00+00:00","0.075","0.0","0.0140343"
"2010-11-09 00:30:00+00:00","0.021","0.0","0.0145632"
"2010-11-09 01:00:00+00:00","0.072","0.0","0.01520895"
"2010-11-09 01:30:00+00:00","0.029","0.0","0.0154488"
"2010-11-09 02:00:00+00:00","0.063","0.0","0.01447095"
"2010-11-09 02:30:00+00:00","0.039","0.0","0.0130749"
"2010-11-09 03:00:00+00:00","0.053","0.0","0.01209705"
"2010-11-09 03:30:00+00:00","0.05","0.0","0.01224465"
"2010-11-09 04:00:00+00:00","0.041","0.0","0.01278585"
"2010-11-09 04:30:00+00:00","0.061","0.0","0.01313025"
"2010-11-09 05:00:00+00:00","0.029","0.0","0.01445865"
"2010-11-09 05:30:00+00:00","0.07","0.0","0.01565175"
"2010-11-09 06:00:00+00:00","0.02","0.0","0.01567635"
"2010-11-09 06:30:00+00:00","0.074","0.006","0.0152274"
"2010-11-09 07:00:00+00:00","0.029","0.038","0.0156825"
"2010-11-09 07:30:00+00:00","0.059","0.075","0.01234305"
"2010-11-09 08:00:00+00:00","0.04","0.144","0.01512285"
"2010-11-09 08:30:00+00:00","0.048","0.231","0.01567635"
"2010-11-09 09:00:00+00:00","0.048","0.325","0.01565175"
"2010-11-09 09:30:00+00:00","0.039","0.738","0.01496295"
"2010-11-09 10:00:00+00:00","0.058","0.425","0.01561485"
"2010-11-09 10:30:00+00:00","0.033","0.338","0.01545495"
"2010-11-09 11:00:00+00:00","0.065","0.406","0.0155349"
"2010-11-09 11:30:00+00:00","0.027","0.431","0.0154734"
"2010-11-09 12:00:00+00:00","0.071","0.606","0.0154611"
"2010-11-09 12:30:00+00:00","0.022","0.556","0.01556565"
"2010-11-09 13:00:00+00:00","0.077","0.738","0.01562715"
"2010-11-09 13:30:00+00:00","0.021","0.913","0.0156702"
"2010-11-09 14:00:00+00:00","0.079","0.7","0.01562715"
"2010-11-09 14:30:00+00:00","0.021","0.556","0.0153996"
"2010-11-09 15:00:00+00:00","0.08","0.45","0.01567635"
"2010-11-09 15:30:00+00:00","0.022","0.469","0.01560255"
"2010-11-09 16:00:00+00:00","0.079","0.306","0.01565175"
"2010-11-09 16:30:00+00:00","0.024","0.406","0.01560255"
"2010-11-09 17:00:00+00:00","0.079","0.325","0.01570095"
"2010-11-09 17:30:00+00:00","0.025","0.288","0.01520895"
"2010-11-09 18:00:00+00:00","0.078","0.106","0.01546725"
"2010-11-09 18:30:00+00:00","0.027","0.038","0.0151782"
"2010-11-09 19:00:00+00:00","0.077","0.013","0.0155595"
"2010-11-09 19:30:00+00:00","0.031","0.0","0.01561485"
"2010-11-09 20:00:00+00:00","0.075","0.0","0.01550415"
"2010-11-09 20:30:00+00:00","0.023","0.0","0.0150552"
"2010-11-09 21:00:00+00:00","0.083","0.0","0.0135054"
"2010-11-09 21:30:00+00:00","0.019","0.0","0.0127059"
"2010-11-09 22:00:00+00:00","0.077","0.0","0.01249065"
"2010-11-09 22:30:00+00:00","0.021","0.0","0.01615605"
"2010-11-09 23:00:00+00:00","0.074","0.0","0.0145017"
"2010-11-09 23:30:00+00:00","0.025","0.0","0.0141204"
"2010-11-10 00:00:00+00:00","0.067","0.0","0.0141204"
"2010-11-10 00:30:00+00:00","0.032","0.0","0.01439715"
"2010-11-10 01:00:00+00:00","0.059","0.006","0.01495065"
"2010-11-10 01:30:00+00:00","0.041","0.0","0.01449555"
"2010-11-10 02:00:00+00:00","0.049","0.0","0.0136284"
"2010-11-10 02:30:00+00:00","0.049","0.0","0.0123369"
"2010-11-10 03:00:00+00:00","0.041","0.0","0.01198635"
"2010-11-10 03:30:00+00:00","0.059","0.0","0.01203555"
"2010-11-10 04:00:00+00:00","0.03","0.0","0.0122877"
"2010-11-10 04:30:00+00:00","0.068","0.0","0.013407"
"2010-11-10 05:00:00+00:00","0.019","0.0","0.01502445"
"2010-11-10 05:30:00+00:00","0.068","0.0","0.01555335"
"2010-11-10 06:00:00+00:00","0.035","0.0","0.01565175"
"2010-11-10 06:30:00+00:00","0.056","0.006","0.01499985"
"2010-11-10 07:00:00+00:00","0.044","0.05","0.0154857"
"2010-11-10 07:30:00+00:00","0.041","0.144","0.0141204"
"2010-11-10 08:00:00+00:00","0.058","0.25","0.0154242"
"2010-11-10 08:30:00+00:00","0.029","0.469","0.015621"
"2010-11-10 09:00:00+00:00","0.07","0.419","0.01565175"
"2010-11-10 09:30:00+00:00","0.02","0.325","0.0156087"
"2010-11-10 10:00:00+00:00","0.072","0.331","0.0156825"
"2010-11-10 10:30:00+00:00","0.024","0.35","0.01567635"
"2010-11-10 11:00:00+00:00","0.069","0.356","0.0157932"
"2010-11-10 11:30:00+00:00","0.032","0.406","0.01646355"
"2010-11-10 12:00:00+00:00","0.064","0.475","0.0158178"
"2010-11-10 12:30:00+00:00","0.037","0.463","0.01565175"
"2010-11-10 13:00:00+00:00","0.062","0.569","0.0156087"
"2010-11-10 13:30:00+00:00","0.04","0.513","0.01561485"
"2010-11-10 14:00:00+00:00","0.062","0.6","0.01619295"
"2010-11-10 14:30:00+00:00","0.04","0.869","0.01550415"
"2010-11-10 15:00:00+00:00","0.065","0.888","0.01562715"
"2010-11-10 15:30:00+00:00","0.037","0.644","0.01559025"
"2010-11-10 16:00:00+00:00","0.072","0.669","0.01556565"
"2010-11-10 16:30:00+00:00","0.029","0.519","0.01560255"
"2010-11-10 17:00:00+00:00","0.08","0.194","0.01545495"
"2010-11-10 17:30:00+00:00","0.022","0.05","0.0144648"
"2010-11-10 18:00:00+00:00","0.085","0.019","0.0138867"
"2010-11-10 18:30:00+00:00","0.02","0.025","0.01469235"
"2010-11-10 19:00:00+00:00","0.084","0.0","0.0150798"
"2010-11-10 19:30:00+00:00","0.025","0.0","0.01471695"
"2010-11-10 20:00:00+00:00","0.082","0.0","0.01440945"
"2010-11-10 20:30:00+00:00","0.02","0.0","0.0137268"
"2010-11-10 21:00:00+00:00","0.079","0.0","0.012546"
"2010-11-10 21:30:00+00:00","0.024","0.0","0.0126321"
"2010-11-10 22:00:00+00:00","0.073","0.0","0.01231845"
"2010-11-10 22:30:00+00:00","0.028","0.0","0.01408965"
"2010-11-10 23:00:00+00:00","0.067","0.0","0.0138498"
"2010-11-10 23:30:00+00:00","0.033","0.0","0.01313025"
"2010-11-11 00:00:00+00:00","0.06","0.0","0.01300725"
"2010-11-11 00:30:00+00:00","0.045","0.0","0.01228155"
"2010-11-11 01:00:00+00:00","0.052","0.0","0.01354845"
"2010-11-11 01:30:00+00:00","0.045","0.0","0.01466775"
"2010-11-11 02:00:00+00:00","0.046","0.0","0.01257675"
"2010-11-11 02:30:00+00:00","0.053","0.0","0.0110577"
"2010-11-11 03:00:00+00:00","0.037","0.0","0.01067025"
"2010-11-11 03:30:00+00:00","0.062","0.006","0.0113775"
"2010-11-11 04:00:00+00:00","0.028","0.0","0.01188795"
"2010-11-11 04:30:00+00:00","0.07","0.0","0.0147723"
"2010-11-11 05:00:00+00:00","0.019","0.0","0.0145632"
"2010-11-11 05:30:00+00:00","0.07","0.0","0.0153504"
"2010-11-11 06:00:00+00:00","0.026","0.0","0.0158916"
"2010-11-11 06:30:00+00:00","0.069","0.0","0.0152889"
"2010-11-11 07:00:00+00:00","0.035","0.0","0.01584855"
"2010-11-11 07:30:00+00:00","0.052","0.031","0.0123"
"2010-11-11 08:00:00+00:00","0.046","0.194","0.01506135"
"2010-11-11 08:30:00+00:00","0.042","0.3","0.01566405"
"2010-11-11 09:00:00+00:00","0.056","0.263","0.01557795"
"2010-11-11 09:30:00+00:00","0.035","0.288","0.0156702"
"2010-11-11 10:00:00+00:00","0.062","0.456","0.0156702"
"2010-11-11 10:30:00+00:00","0.031","0.681","0.015498"
"2010-11-11 11:00:00+00:00","0.069","0.844","0.01562715"
"2010-11-11 11:30:00+00:00","0.028","0.819","0.0155964"
"2010-11-11 12:00:00+00:00","0.071","0.731","0.0197784"
"2010-11-11 12:30:00+00:00","0.031","0.919","0.01950165"
"2010-11-11 13:00:00+00:00","0.07","0.913","0.01622985"
"2010-11-11 13:30:00+00:00","0.037","0.913","0.0156825"
"2010-11-11 14:00:00+00:00","0.064","0.869","0.0157809"
"2010-11-11 14:30:00+00:00","0.048","0.831","0.01556565"
"2010-11-11 15:00:00+00:00","0.055","0.744","0.0156333"
"2010-11-11 15:30:00+00:00","0.059","0.7","0.01559025"
"2010-11-11 16:00:00+00:00","0.042","0.619","0.0157809"
"2010-11-11 16:30:00+00:00","0.076","0.531","0.0156579"
"2010-11-11 17:00:00+00:00","0.024","0.369","0.0156825"
"2010-11-11 17:30:00+00:00","0.084","0.15","0.0154857"
"2010-11-11 18:00:00+00:00","0.03","0.019","0.01565175"
"2010-11-11 18:30:00+00:00","0.071","0.006","0.01552875"
"2010-11-11 19:00:00+00:00","0.049","0.013","0.01565175"
"2010-11-11 19:30:00+00:00","0.057","0.0","0.01560255"
"2010-11-11 20:00:00+00:00","0.065","0.0","0.01538115"
"2010-11-11 20:30:00+00:00","0.034","0.0","0.0151044"
"2010-11-11 21:00:00+00:00","0.077","0.0","0.0132594"
"2010-11-11 21:30:00+00:00","0.022","0.0","0.01276125"
"2010-11-11 22:00:00+00:00","0.084","0.0","0.01242915"
"2010-11-11 22:30:00+00:00","0.021","0.0","0.01547955"
"2010-11-11 23:00:00+00:00","0.08","0.0","0.01356075"
"2010-11-11 23:30:00+00:00","0.032","0.0","0.0134439"
"2010-11-12 00:00:00+00:00","0.074","0.0","0.01276125"
"2010-11-12 00:30:00+00:00","0.028","0.0","0.01226925"
"2010-11-12 01:00:00+00:00","0.071","0.0","0.01317945"
"2010-11-12 01:30:00+00:00","0.028","0.0","0.0135423"
"2010-11-12 02:00:00+00:00","0.071","0.0","0.0119433"
"2010-11-12 02:30:00+00:00","0.027","0.0","0.0120294"
"2010-11-12 03:00:00+00:00","0.073","0.0","0.0115989"
"2010-11-12 03:30:00+00:00","0.024","0.0","0.01183875"
"2010-11-12 04:00:00+00:00","0.075","0.0","0.01209705"
"2010-11-12 04:30:00+00:00","0.019","0.0","0.01267515"
"2010-11-12 05:00:00+00:00","0.075","0.0","0.0139359"
"2010-11-12 05:30:00+00:00","0.021","0.0","0.01557795"
"2010-11-12 06:00:00+00:00","0.076","0.0","0.0155964"
"2010-11-12 06:30:00+00:00","0.029","0.006","0.01495065"
"2010-11-12 07:00:00+00:00","0.062","0.031","0.01565175"
"2010-11-12 07:30:00+00:00","0.037","0.138","0.01260135"
"2010-11-12 08:00:00+00:00","0.053","0.331","0.014514"
"2010-11-12 08:30:00+00:00","0.046","0.488","0.01554105"
"2010-11-12 09:00:00+00:00","0.049","0.569","0.01563945"
"2010-11-12 09:30:00+00:00","0.051","0.669","0.0156825"
"2010-11-12 10:00:00+00:00","0.049","0.725","0.01567635"
"2010-11-12 10:30:00+00:00","0.051","0.8","0.01587315"
"2010-11-12 11:00:00+00:00","0.057","0.844","0.01667265"
"2010-11-12 11:30:00+00:00","0.043","0.869","0.01538115"
"2010-11-12 12:00:00+00:00","0.067","0.919","0.01576245"
"2010-11-12 12:30:00+00:00","0.034","0.919","0.01565175"
"2010-11-12 13:00:00+00:00","0.078","0.925","0.01833315"
"2010-11-12 13:30:00+00:00","0.023","0.938","0.01808715"
"2010-11-12 14:00:00+00:00","0.084","0.913","0.0176259"
"2010-11-12 14:30:00+00:00","0.024","0.875","0.01651275"
"2010-11-12 15:00:00+00:00","0.078","0.819","0.0156825"
"2010-11-12 15:30:00+00:00","0.037","0.738","0.01565175"
"2010-11-12 16:00:00+00:00","0.065","0.644","0.0156825"
"2010-11-12 16:30:00+00:00","0.051","0.55","0.01565175"
"2010-11-12 17:00:00+00:00","0.051","0.375","0.01565175"
"2010-11-12 17:30:00+00:00","0.063","0.163","0.01622985"
"2010-11-12 18:00:00+00:00","0.038","0.025","0.01454475"
"2010-11-12 18:30:00+00:00","0.077","0.013","0.01336395"
"2010-11-12 19:00:00+00:00","0.022","0.006","0.01356075"
"2010-11-12 19:30:00+00:00","0.085","0.0","0.01362225"
"2010-11-12 20:00:00+00:00","0.024","0.0","0.01325325"
"2010-11-12 20:30:00+00:00","0.076","0.0","0.0138006"
"2010-11-12 21:00:00+00:00","0.031","0.0","0.0124107"
"2010-11-12 21:30:00+00:00","0.075","0.0","0.0125829"
"2010-11-12 22:00:00+00:00","0.038","0.0","0.01237995"
"2010-11-12 22:30:00+00:00","0.062","0.0","0.01487685"
"2010-11-12 23:00:00+00:00","0.041","0.0","0.01329015"
"2010-11-12 23:30:00+00:00","0.058","0.0","0.01454475"
"2010-11-13 00:00:00+00:00","0.043","0.0","0.01380675"
"2010-11-13 00:30:00+00:00","0.057","0.0","0.01345005"
"2010-11-13 01:00:00+00:00","0.043","0.0","0.014145"
"2010-11-13 01:30:00+00:00","0.056","0.0","0.01506135"
"2010-11-13 02:00:00+00:00","0.042","0.0","0.0114021"
"2010-11-13 02:30:00+00:00","0.059","0.0","0.01329015"
"2010-11-13 03:00:00+00:00","0.038","0.0","0.01244145"
"2010-11-13 03:30:00+00:00","0.064","0.0","0.01219545"
"2010-11-13 04:00:00+00:00","0.032","0.0","0.01218315"
"2010-11-13 04:30:00+00:00","0.069","0.0","0.0128535"
"2010-11-13 05:00:00+00:00","0.024","0.0","0.0125952"
"2010-11-13 05:30:00+00:00","0.073","0.0","0.01321635"
"2010-11-13 06:00:00+00:00","0.025","0.0","0.01299495"
"2010-11-13 06:30:00+00:00","0.073","0.006","0.0094833"
"2010-11-13 07:00:00+00:00","0.027","0.031","0.0137391"
"2010-11-13 07:30:00+00:00","0.064","0.113","0.01364685"
"2010-11-13 08:00:00+00:00","0.034","0.3","0.0141696"
"2010-11-13 08:30:00+00:00","0.06","0.475","0.01463085"
"2010-11-13 09:00:00+00:00","0.041","0.494","0.01527045"
"2010-11-13 09:30:00+00:00","0.057","0.644","0.01540575"
"2010-11-13 10:00:00+00:00","0.043","0.719","0.01468005"
"2010-11-13 10:30:00+00:00","0.064","0.681","0.01424955"
"2010-11-13 11:00:00+00:00","0.038","0.756","0.0144279"
"2010-11-13 11:30:00+00:00","0.076","0.838","0.01529505"
"2010-11-13 12:00:00+00:00","0.024","0.875","0.01557795"
"2010-11-13 12:30:00+00:00","0.085","0.5","0.01557795"
"2010-11-13 13:00:00+00:00","0.027","0.188","0.015621"
"2010-11-13 13:30:00+00:00","0.075","0.563","0.01562715"
"2010-11-13 14:00:00+00:00","0.043","0.644","0.0155964"
"2010-11-13 14:30:00+00:00","0.058","0.181","0.01554105"
"2010-11-13 15:00:00+00:00","0.059","0.269","0.01555335"
"2010-11-13 15:30:00+00:00","0.044","0.55","0.01559025"
"2010-11-13 16:00:00+00:00","0.079","0.35","0.0156456"
"2010-11-13 16:30:00+00:00","0.021","0.256","0.01552875"
"2010-11-13 17:00:00+00:00","0.085","0.175","0.0154857"
"2010-11-13 17:30:00+00:00","0.035","0.156","0.0147354"
"2010-11-13 18:00:00+00:00","0.066","0.163","0.0140466"
"2010-11-13 18:30:00+00:00","0.059","0.088","0.01372065"
"2010-11-13 19:00:00+00:00","0.042","0.031","0.0148461"
"2010-11-13 19:30:00+00:00","0.088","0.0","0.01509825"
"2010-11-13 20:00:00+00:00","0.018","0.0","0.0149937"
"2010-11-13 20:30:00+00:00","0.083","0.0","0.0152643"
"2010-11-13 21:00:00+00:00","0.035","0.0","0.014022"
"2010-11-13 21:30:00+00:00","0.067","0.0","0.01415115"
"2010-11-13 22:00:00+00:00","0.049","0.0","0.01310565"
"2010-11-13 22:30:00+00:00","0.051","0.0","0.0146739"
"2010-11-13 23:00:00+00:00","0.062","0.0","0.013899"
"2010-11-13 23:30:00+00:00","0.037","0.0","0.0138867"
"2010-11-14 00:00:00+00:00","0.074","0.0","0.0133209"
"2010-11-14 00:30:00+00:00","0.025","0.0","0.01251525"
"2010-11-14 01:00:00+00:00","0.084","0.0","0.01301955"
"2010-11-14 01:30:00+00:00","0.019","0.0","0.0127797"
"2010-11-14 02:00:00+00:00","0.081","0.0","0.0102213"
"2010-11-14 02:30:00+00:00","0.026","0.0","0.0132594"
"2010-11-14 03:00:00+00:00","0.075","0.0","0.01209705"
"2010-11-14 03:30:00+00:00","0.03","0.0","0.01185105"
"2010-11-14 04:00:00+00:00","0.079","0.0","0.01182645"
"2010-11-14 04:30:00+00:00","0.031","0.0","0.01246605"
"2010-11-14 05:00:00+00:00","0.071","0.0","0.01159275"
"2010-11-14 05:30:00+00:00","0.031","0.0","0.00951405"
"2010-11-14 06:00:00+00:00","0.071","0.0","0.01176495"
"2010-11-14 06:30:00+00:00","0.031","0.006","0.0115866"
"2010-11-14 07:00:00+00:00","0.071","0.05","0.0131487"
"2010-11-14 07:30:00+00:00","0.031","0.138","0.0134316"
"2010-11-14 08:00:00+00:00","0.07","0.313","0.01331475"
"2010-11-14 08:30:00+00:00","0.034","0.438","0.0144156"
"2010-11-14 09:00:00+00:00","0.067","0.563","0.01546725"
"2010-11-14 09:30:00+00:00","0.045","0.488","0.01567635"
"2010-11-14 10:00:00+00:00","0.056","0.525","0.01567635"
"2010-11-14 10:30:00+00:00","0.063","0.788","0.01567635"
"2010-11-14 11:00:00+00:00","0.037","0.825","0.01567635"
"2010-11-14 11:30:00+00:00","0.082","0.863","0.01567635"
"2010-11-14 12:00:00+00:00","0.033","0.881","0.01552875"
"2010-11-14 12:30:00+00:00","0.067","0.831","0.01565175"
"2010-11-14 13:00:00+00:00","0.073","0.794","0.01567635"
"2010-11-14 13:30:00+00:00","0.023","0.863","0.01567635"
"2010-11-14 14:00:00+00:00","0.085","0.675","0.01567635"
"2010-11-14 14:30:00+00:00","0.052","0.619","0.01567635"
"2010-11-14 15:00:00+00:00","0.049","0.531","0.01577475"
"2010-11-14 15:30:00+00:00","0.081","0.681","0.01567635"
"2010-11-14 16:00:00+00:00","0.03","0.625","0.01567635"
"2010-11-14 16:30:00+00:00","0.072","0.488","0.0155472"
"2010-11-14 17:00:00+00:00","0.072","0.338","0.0156579"
"2010-11-14 17:30:00+00:00","0.027","0.181","0.01562715"
"2010-11-14 18:00:00+00:00","0.084","0.038","0.01552875"
"2010-11-14 18:30:00+00:00","0.049","0.019","0.01555335"
"2010-11-14 19:00:00+00:00","0.052","0.006","0.01567635"
"2010-11-14 19:30:00+00:00","0.088","0.0","0.01563945"
"2010-11-14 20:00:00+00:00","0.019","0.0","0.0155595"
"2010-11-14 20:30:00+00:00","0.083","0.0","0.0155349"
"2010-11-14 21:00:00+00:00","0.044","0.0","0.01421265"
"2010-11-14 21:30:00+00:00","0.057","0.0","0.01406505"
"2010-11-14 22:00:00+00:00","0.072","0.0","0.01347465"
"2010-11-14 22:30:00+00:00","0.034","0.0","0.01384365"
"2010-11-14 23:00:00+00:00","0.082","0.0","0.01273665"
"2010-11-14 23:30:00+00:00","0.022","0.0","0.01260135"
"2010-11-15 00:00:00+00:00","0.08","0.0","0.012177"
"2010-11-15 00:30:00+00:00","0.037","0.0","0.0121032"
"2010-11-15 01:00:00+00:00","0.064","0.0","0.01315485"
"2010-11-15 01:30:00+00:00","0.049","0.0","0.0143295"
"2010-11-15 02:00:00+00:00","0.052","0.0","0.0126075"
"2010-11-15 02:30:00+00:00","0.061","0.0","0.0117219"
"2010-11-15 03:00:00+00:00","0.04","0.0","0.0119925"
"2010-11-15 03:30:00+00:00","0.07","0.0","0.0116604"
"2010-11-15 04:00:00+00:00","0.032","0.0","0.01209705"
"2010-11-15 04:30:00+00:00","0.076","0.0","0.01365915"
"2010-11-15 05:00:00+00:00","0.025","0.0","0.01499985"
"2010-11-15 05:30:00+00:00","0.081","0.0","0.01540575"
"2010-11-15 06:00:00+00:00","0.026","0.0","0.0154857"
"2010-11-15 06:30:00+00:00","0.084","0.006","0.01491375"
"2010-11-15 07:00:00+00:00","0.019","0.031","0.0182409"
"2010-11-15 07:30:00+00:00","0.082","0.063","0.0144771"
"2010-11-15 08:00:00+00:00","0.024","0.256","0.0153012"
"2010-11-15 08:30:00+00:00","0.077","0.438","0.01565175"
"2010-11-15 09:00:00+00:00","0.033","0.475","0.0155718"
"2010-11-15 09:30:00+00:00","0.068","0.494","0.0155718"
"2010-11-15 10:00:00+00:00","0.053","0.45","0.0155718"
"2010-11-15 10:30:00+00:00","0.049","0.469","0.0154488"
"2010-11-15 11:00:00+00:00","0.079","0.138","0.0155718"
"2010-11-15 11:30:00+00:00","0.021","0.05","0.0155718"
"2010-11-15 12:00:00+00:00","0.085","0.031","0.0155718"
"2010-11-15 12:30:00+00:00","0.031","0.094","0.0155226"
"2010-11-15 13:00:00+00:00","0.072","0.063","0.01550415"
"2010-11-15 13:30:00+00:00","0.039","0.019","0.01554105"
"2010-11-15 14:00:00+00:00","0.063","0.094","0.01554105"
"2010-11-15 14:30:00+00:00","0.046","0.081","0.01552875"
"2010-11-15 15:00:00+00:00","0.057","0.044","0.0154734"
"2010-11-15 15:30:00+00:00","0.048","0.031","0.01552875"
"2010-11-15 16:00:00+00:00","0.054","0.025","0.01552875"
"2010-11-15 16:30:00+00:00","0.05","0.019","0.0155472"
"2010-11-15 17:00:00+00:00","0.051","0.031","0.01554105"
"2010-11-15 17:30:00+00:00","0.051","0.013","0.01502445"
"2010-11-15 18:00:00+00:00","0.05","0.0","0.01386825"
"2010-11-15 18:30:00+00:00","0.055","0.0","0.01340085"
"2010-11-15 19:00:00+00:00","0.058","0.0","0.01342545"
"2010-11-15 19:30:00+00:00","0.047","0.0","0.013284"
"2010-11-15 20:00:00+00:00","0.052","0.0","0.0129519"
"2010-11-15 20:30:00+00:00","0.044","0.0","0.01241685"
"2010-11-15 21:00:00+00:00","0.056","0.0","0.0123246"
"2010-11-15 21:30:00+00:00","0.039","0.0","0.01424955"
"2010-11-15 22:00:00+00:00","0.061","0.0","0.01394205"
"2010-11-15 22:30:00+00:00","0.034","0.0","0.0140958"
"2010-11-15 23:00:00+00:00","0.072","0.0","0.0133701"
"2010-11-15 23:30:00+00:00","0.028","0.0","0.01309335"
"2010-11-16 00:00:00+00:00","0.07","0.0","0.01337625"
"2010-11-16 00:30:00+00:00","0.023","0.0","0.01263825"
"2010-11-16 01:00:00+00:00","0.074","0.0","0.0139974"
"2010-11-16 01:30:00+00:00","0.019","0.0","0.01407735"
"2010-11-16 02:00:00+00:00","0.073","0.0","0.01314255"
"2010-11-16 02:30:00+00:00","0.025","0.0","0.0119925"
"2010-11-16 03:00:00+00:00","0.066","0.0","0.01106385"
"2010-11-16 03:30:00+00:00","0.034","0.0","0.01133445"
"2010-11-16 04:00:00+00:00","0.057","0.0","0.0118818"
"2010-11-16 04:30:00+00:00","0.042","0.0","0.01422495"
"2010-11-16 05:00:00+00:00","0.049","0.0","0.0154119"
"2010-11-16 05:30:00+00:00","0.05","0.0","0.01540575"
"2010-11-16 06:00:00+00:00","0.04","0.0","0.01554105"
"2010-11-16 06:30:00+00:00","0.065","0.0","0.01422495"
"2010-11-16 07:00:00+00:00","0.029","0.013","0.0155718"
"2010-11-16 07:30:00+00:00","0.07","0.006","0.0131979"
"2010-11-16 08:00:00+00:00","0.019","0.019","0.0138498"
"2010-11-16 08:30:00+00:00","0.068","0.038","0.01470465"
"2010-11-16 09:00:00+00:00","0.025","0.069","0.0153135"
"2010-11-16 09:30:00+00:00","0.063","0.288","0.01554105"
"2010-11-16 10:00:00+00:00","0.036","0.175","0.0155349"
"2010-11-16 10:30:00+00:00","0.052","0.313","0.0154119"
"2010-11-16 11:00:00+00:00","0.046","0.431","0.0155349"
"2010-11-16 11:30:00+00:00","0.043","0.456","0.01672185"
"2010-11-16 12:00:00+00:00","0.055","0.8","0.0155472"
"2010-11-16 12:30:00+00:00","0.038","0.744","0.01556565"
"2010-11-16 13:00:00+00:00","0.062","0.913","0.01555335"
"2010-11-16 13:30:00+00:00","0.034","0.875","0.0155718"
"2010-11-16 14:00:00+00:00","0.066","0.9","0.01551645"
"2010-11-16 14:30:00+00:00","0.03","0.7","0.01555335"
"2010-11-16 15:00:00+00:00","0.07","0.725","0.0155595"
"2010-11-16 15:30:00+00:00","0.03","0.581","0.0155595"
"2010-11-16 16:00:00+00:00","0.07","0.456","0.0155103"
"2010-11-16 16:30:00+00:00","0.03","0.444","0.0155349"
"2010-11-16 17:00:00+00:00","0.071","0.194","0.01549185"
"2010-11-16 17:30:00+00:00","0.031","0.219","0.01294575"
"2010-11-16 18:00:00+00:00","0.07","0.206","0.01299495"
"2010-11-16 18:30:00+00:00","0.031","0.063","0.01300725"
"2010-11-16 19:00:00+00:00","0.07","0.006","0.01336395"
"2010-11-16 19:30:00+00:00","0.035","0.0","0.01362225"
"2010-11-16 20:00:00+00:00","0.071","0.0","0.01353615"
"2010-11-16 20:30:00+00:00","0.026","0.0","0.01285965"
"2010-11-16 21:00:00+00:00","0.073","0.0","0.0141573"
"2010-11-16 21:30:00+00:00","0.023","0.0","0.01396665"
"2010-11-16 22:00:00+00:00","0.075","0.0","0.01348695"
"2010-11-16 22:30:00+00:00","0.018","0.0","0.0143541"
"2010-11-16 23:00:00+00:00","0.075","0.0","0.0135915"
"2010-11-16 23:30:00+00:00","0.023","0.0","0.0137268"
"2010-11-17 00:00:00+00:00","0.069","0.0","0.01357305"
"2010-11-17 00:30:00+00:00","0.038","0.0","0.0127428"
"2010-11-17 01:00:00+00:00","0.058","0.0","0.01399125"
"2010-11-17 01:30:00+00:00","0.042","0.0","0.0142803"
"2010-11-17 02:00:00+00:00","0.048","0.0","0.01233075"
"2010-11-17 02:30:00+00:00","0.051","0.0","0.01143285"
"2010-11-17 03:00:00+00:00","0.038","0.0","0.01114995"
"2010-11-17 03:30:00+00:00","0.061","0.0","0.01032585"
"2010-11-17 04:00:00+00:00","0.027","0.0","0.01230615"
"2010-11-17 04:30:00+00:00","0.069","0.0","0.0136407"
"2010-11-17 05:00:00+00:00","0.019","0.0","0.01528275"
"2010-11-17 05:30:00+00:00","0.069","0.0","0.01506135"
"2010-11-17 06:00:00+00:00","0.027","0.0","0.0151905"
"2010-11-17 06:30:00+00:00","0.066","0.0","0.0139605"
"2010-11-17 07:00:00+00:00","0.038","0.019","0.0157932"
"2010-11-17 07:30:00+00:00","0.048","0.025","0.0126444"
"2010-11-17 08:00:00+00:00","0.05","0.063","0.01429875"
"2010-11-17 08:30:00+00:00","0.037","0.206","0.01475385"
"2010-11-17 09:00:00+00:00","0.06","0.281","0.01450785"
"2010-11-17 09:30:00+00:00","0.028","0.406","0.01495065"
"2010-11-17 10:00:00+00:00","0.071","0.344","0.01507365"
"2010-11-17 10:30:00+00:00","0.019","0.213","0.01454475"
"2010-11-17 11:00:00+00:00","0.072","0.244","0.0145632"
"2010-11-17 11:30:00+00:00","0.022","0.288","0.0138006"
"2010-11-17 12:00:00+00:00","0.07","0.269","0.0148707"
"2010-11-17 12:30:00+00:00","0.03","0.631","0.0148461"
"2010-11-17 13:00:00+00:00","0.064","0.681","0.01518435"
"2010-11-17 13:30:00+00:00","0.036","0.781","0.0153258"
"2010-11-17 14:00:00+00:00","0.059","0.925","0.0146739"
"2010-11-17 14:30:00+00:00","0.042","0.875","0.01447095"
"2010-11-17 15:00:00+00:00","0.056","0.781","0.0141573"
"2010-11-17 15:30:00+00:00","0.045","0.775","0.0141204"
"2010-11-17 16:00:00+00:00","0.055","0.669","0.01378215"
"2010-11-17 16:30:00+00:00","0.045","0.538","0.01368375"
"2010-11-17 17:00:00+00:00","0.056","0.356","0.0130011"
"2010-11-17 17:30:00+00:00","0.045","0.206","0.012423"
"2010-11-17 18:00:00+00:00","0.056","0.138","0.01287195"
"2010-11-17 18:30:00+00:00","0.043","0.081","0.01252755"
"2010-11-17 19:00:00+00:00","0.057","0.019","0.01284735"
"2010-11-17 19:30:00+00:00","0.043","0.006","0.0128043"
"2010-11-17 20:00:00+00:00","0.062","0.0","0.01247835"
"2010-11-17 20:30:00+00:00","0.043","0.0","0.0122385"
"2010-11-17 21:00:00+00:00","0.052","0.0","0.01214625"
"2010-11-17 21:30:00+00:00","0.047","0.0","0.01223235"
"2010-11-17 22:00:00+00:00","0.047","0.0","0.01144515"
"2010-11-17 22:30:00+00:00","0.052","0.0","0.0158055"
"2010-11-17 23:00:00+00:00","0.041","0.0","0.01342545"
"2010-11-17 23:30:00+00:00","0.058","0.0","0.0139851"
"2010-11-18 00:00:00+00:00","0.033","0.0","0.01358535"
"2010-11-18 00:30:00+00:00","0.065","0.0","0.01236765"
"2010-11-18 01:00:00+00:00","0.024","0.0","0.01379445"
"2010-11-18 01:30:00+00:00","0.069","0.0","0.0141819"
"2010-11-18 02:00:00+00:00","0.019","0.0","0.00806265"
"2010-11-18 02:30:00+00:00","0.069","0.0","0.0085731"
"2010-11-18 03:00:00+00:00","0.03","0.0","0.00832095"
"2010-11-18 03:30:00+00:00","0.056","0.0","0.0117588"
"2010-11-18 04:00:00+00:00","0.042","0.0","0.01308105"
"2010-11-18 04:30:00+00:00","0.049","0.0","0.01178955"
"2010-11-18 05:00:00+00:00","0.054","0.0","0.01533195"
"2010-11-18 05:30:00+00:00","0.031","0.0","0.01491375"
"2010-11-18 06:00:00+00:00","0.064","0.0","0.0149445"
"2010-11-18 06:30:00+00:00","0.019","0.006","0.0134439"
"2010-11-18 07:00:00+00:00","0.063","0.05","0.01546725"
"2010-11-18 07:30:00+00:00","0.026","0.106","0.0126198"
"2010-11-18 08:00:00+00:00","0.056","0.181","0.01375755"
"2010-11-18 08:30:00+00:00","0.041","0.419","0.0145509"
"2010-11-18 09:00:00+00:00","0.043","0.338","0.01518435"
"2010-11-18 09:30:00+00:00","0.053","0.288","0.0148707"
"2010-11-18 10:00:00+00:00","0.032","0.363","0.01525815"
"2010-11-18 10:30:00+00:00","0.064","0.213","0.0152766"
"2010-11-18 11:00:00+00:00","0.023","0.213","0.01551645"
"2010-11-18 11:30:00+00:00","0.069","0.35","0.01546725"
"2010-11-18 12:00:00+00:00","0.018","0.35","0.0151536"
"2010-11-18 12:30:00+00:00","0.071","0.444","0.01496295"
"2010-11-18 13:00:00+00:00","0.028","0.5","0.01522125"
"2010-11-18 13:30:00+00:00","0.063","0.656","0.0151536"
"2010-11-18 14:00:00+00:00","0.036","0.619","0.015006"
"2010-11-18 14:30:00+00:00","0.06","0.563","0.0138867"
"2010-11-18 15:00:00+00:00","0.039","0.35","0.01378215"
"2010-11-18 15:30:00+00:00","0.058","0.344","0.01476"
"2010-11-18 16:00:00+00:00","0.043","0.319","0.0151413"
"2010-11-18 16:30:00+00:00","0.053","0.356","0.0145755"
"2010-11-18 17:00:00+00:00","0.048","0.294","0.0146985"
"2010-11-18 17:30:00+00:00","0.048","0.181","0.01360995"
"2010-11-18 18:00:00+00:00","0.053","0.088","0.01252755"
"2010-11-18 18:30:00+00:00","0.043","0.069","0.013776"
"2010-11-18 19:00:00+00:00","0.057","0.019","0.01405275"
"2010-11-18 19:30:00+00:00","0.043","0.006","0.0143172"
"2010-11-18 20:00:00+00:00","0.063","0.0","0.0145632"
"2010-11-18 20:30:00+00:00","0.03","0.0","0.01298265"
"2010-11-18 21:00:00+00:00","0.068","0.0","0.01229385"
"2010-11-18 21:30:00+00:00","0.024","0.0","0.0122508"
"2010-11-18 22:00:00+00:00","0.071","0.0","0.01194945"
"2010-11-18 22:30:00+00:00","0.019","0.0","0.01401585"
"2010-11-18 23:00:00+00:00","0.07","0.0","0.0130503"
"2010-11-18 23:30:00+00:00","0.03","0.0","0.01278585"
"2010-11-19 00:00:00+00:00","0.059","0.0","0.01272435"
"2010-11-19 00:30:00+00:00","0.041","0.0","0.0122016"
"2010-11-19 01:00:00+00:00","0.046","0.0","0.0131487"
"2010-11-19 01:30:00+00:00","0.052","0.0","0.01471695"
"2010-11-19 02:00:00+00:00","0.035","0.0","0.0102336"
"2010-11-19 02:30:00+00:00","0.063","0.0","0.01119915"
"2010-11-19 03:00:00+00:00","0.023","0.0","0.0112176"
"2010-11-19 03:30:00+00:00","0.066","0.0","0.010824"
"2010-11-19 04:00:00+00:00","0.026","0.0","0.0117219"
"2010-11-19 04:30:00+00:00","0.065","0.0","0.0120294"
"2010-11-19 05:00:00+00:00","0.041","0.0","0.01343775"
"2010-11-19 05:30:00+00:00","0.043","0.0","0.0141204"
"2010-11-19 06:00:00+00:00","0.054","0.0","0.01423725"
"2010-11-19 06:30:00+00:00","0.031","0.0","0.0141942"
"2010-11-19 07:00:00+00:00","0.07","0.0","0.01559025"
"2010-11-19 07:30:00+00:00","0.019","0.013","0.01279815"
"2010-11-19 08:00:00+00:00","0.063","0.006","0.0132348"
"2010-11-19 08:30:00+00:00","0.032","0.006","0.0144033"
"2010-11-19 09:00:00+00:00","0.05","0.013","0.014514"
"2010-11-19 09:30:00+00:00","0.047","0.013","0.0145632"
"2010-11-19 10:00:00+00:00","0.034","0.044","0.0146124"
"2010-11-19 10:30:00+00:00","0.062","0.056","0.01443405"
"2010-11-19 11:00:00+00:00","0.019","0.063","0.0141204"
"2010-11-19 11:30:00+00:00","0.063","0.088","0.01476615"
"2010-11-19 12:00:00+00:00","0.028","0.088","0.01422495"
"2010-11-19 12:30:00+00:00","0.054","0.125","0.0141204"
"2010-11-19 13:00:00+00:00","0.044","0.144","0.0141819"
"2010-11-19 13:30:00+00:00","0.039","0.169","0.01411425"
"2010-11-19 14:00:00+00:00","0.058","0.281","0.01407735"
"2010-11-19 14:30:00+00:00","0.025","0.25","0.0141081"
"2010-11-19 15:00:00+00:00","0.063","0.2","0.01391745"
"2010-11-19 15:30:00+00:00","0.021","0.25","0.0140343"
"2010-11-19 16:00:00+00:00","0.062","0.275","0.01456935"
"2010-11-19 16:30:00+00:00","0.036","0.294","0.0146124"
"2010-11-19 17:00:00+00:00","0.049","0.244","0.01417575"
"2010-11-19 17:30:00+00:00","0.048","0.188","0.01379445"
"2010-11-19 18:00:00+00:00","0.035","0.125","0.0135915"
"2010-11-19 18:30:00+00:00","0.062","0.063","0.0128166"
"2010-11-19 19:00:00+00:00","0.02","0.025","0.013653"
"2010-11-19 19:30:00+00:00","0.07","0.0","0.01386825"
"2010-11-19 20:00:00+00:00","0.025","0.0","0.01364685"
"2010-11-19 20:30:00+00:00","0.055","0.0","0.01365915"
"2010-11-19 21:00:00+00:00","0.041","0.0","0.01245375"
"2010-11-19 21:30:00+00:00","0.04","0.0","0.01277355"
"2010-11-19 22:00:00+00:00","0.055","0.0","0.01271205"
"2010-11-19 22:30:00+00:00","0.024","0.0","0.01392975"
"2010-11-19 23:00:00+00:00","0.062","0.0","0.01384365"
"2010-11-19 23:30:00+00:00","0.026","0.0","0.0142803"
"2010-11-20 00:00:00+00:00","0.075","0.0","0.0141204"
"2010-11-20 00:30:00+00:00","0.036","0.0","0.01376985"
"2010-11-20 01:00:00+00:00","0.044","0.0","0.0140343"
"2010-11-20 01:30:00+00:00","0.049","0.0","0.01410195"
"2010-11-20 02:00:00+00:00","0.029","0.0","0.0134562"
"2010-11-20 02:30:00+00:00","0.059","0.0","0.0121155"
"2010-11-20 03:00:00+00:00","0.019","0.0","0.0121524"
"2010-11-20 03:30:00+00:00","0.058","0.0","0.01219545"
"2010-11-20 04:00:00+00:00","0.032","0.0","0.0126444"
"2010-11-20 04:30:00+00:00","0.046","0.0","0.0130011"
"2010-11-20 05:00:00+00:00","0.049","0.0","0.01498755"
"2010-11-20 05:30:00+00:00","0.028","0.0","0.0155103"
"2010-11-20 06:00:00+00:00","0.063","0.0","0.01395435"
"2010-11-20 06:30:00+00:00","0.019","0.006","0.0150552"
"2010-11-20 07:00:00+00:00","0.057","0.056","0.0155718"
"2010-11-20 07:30:00+00:00","0.033","0.188","0.01443405"
"2010-11-20 08:00:00+00:00","0.046","0.363","0.015498"
"2010-11-20 08:30:00+00:00","0.083","0.494","0.01466775"
"2010-11-20 09:00:00+00:00","0.028","0.6","0.0150429"
"2010-11-20 09:30:00+00:00","0.061","0.694","0.01511055"
"2010-11-20 10:00:00+00:00","0.019","0.781","0.01479075"
"2010-11-20 10:30:00+00:00","0.064","0.85","0.01431105"
"2010-11-20 11:00:00+00:00","0.032","0.894","0.0141081"
"2010-11-20 11:30:00+00:00","0.052","0.925","0.0140958"
"2010-11-20 12:00:00+00:00","0.046","0.938","0.0140712"
"2010-11-20 12:30:00+00:00","0.041","0.956","0.01400355"
"2010-11-20 13:00:00+00:00","0.057","0.95","0.0136776"
"2010-11-20 13:30:00+00:00","0.03","0.938","0.0142311"
"2010-11-20 14:00:00+00:00","0.07","0.913","0.01552875"
"2010-11-20 14:30:00+00:00","0.019","0.869","0.01552875"
"2010-11-20 15:00:00+00:00","0.071","0.819","0.01552875"
"2010-11-20 15:30:00+00:00","0.027","0.75","0.01552875"
"2010-11-20 16:00:00+00:00","0.064","0.675","0.01552875"
"2010-11-20 16:30:00+00:00","0.037","0.519","0.01552875"
"2010-11-20 17:00:00+00:00","0.056","0.331","0.01552875"
"2010-11-20 17:30:00+00:00","0.044","0.144","0.01402815"
"2010-11-20 18:00:00+00:00","0.05","0.019","0.01373295"
"2010-11-20 18:30:00+00:00","0.051","0.013","0.01206015"
"2010-11-20 19:00:00+00:00","0.041","0.006","0.01257675"
"2010-11-20 19:30:00+00:00","0.06","0.0","0.01276125"
"2010-11-20 20:00:00+00:00","0.039","0.0","0.01279815"
"2010-11-20 20:30:00+00:00","0.067","0.0","0.0122877"
"2010-11-20 21:00:00+00:00","0.023","0.0","0.01209705"
"2010-11-20 21:30:00+00:00","0.071","0.0","0.01140825"
"2010-11-20 22:00:00+00:00","0.022","0.0","0.0107256"
"2010-11-20 22:30:00+00:00","0.065","0.0","0.01271205"
"2010-11-20 23:00:00+00:00","0.038","0.0","0.0120417"
"2010-11-20 23:30:00+00:00","0.055","0.0","0.0121524"
"2010-11-21 00:00:00+00:00","0.045","0.0","0.0122877"
"2010-11-21 00:30:00+00:00","0.04","0.0","0.01037505"
"2010-11-21 01:00:00+00:00","0.056","0.0","0.01010445"
"2010-11-21 01:30:00+00:00","0.027","0.0","0.01058415"
"2010-11-21 02:00:00+00:00","0.064","0.0","0.00757065"
"2010-11-21 02:30:00+00:00","0.019","0.0","0.0066789"
"2010-11-21 03:00:00+00:00","0.063","0.0","0.00662355"
"2010-11-21 03:30:00+00:00","0.04","0.0","0.00640215"
"2010-11-21 04:00:00+00:00","0.049","0.0","0.0063345"
"2010-11-21 04:30:00+00:00","0.049","0.0","0.0065805"
"2010-11-21 05:00:00+00:00","0.032","0.0","0.00657435"
"2010-11-21 05:30:00+00:00","0.06","0.0","0.0071094"
"2010-11-21 06:00:00+00:00","0.019","0.0","0.00738"
"2010-11-21 06:30:00+00:00","0.06","0.019","0.0100122"
"2010-11-21 07:00:00+00:00","0.035","0.063","0.01290885"
"2010-11-21 07:30:00+00:00","0.076","0.175","0.0134685"
"2010-11-21 08:00:00+00:00","0.052","0.381","0.01297035"
"2010-11-21 08:30:00+00:00","0.028","0.469","0.0138375"
"2010-11-21 09:00:00+00:00","0.062","0.581","0.01411425"
"2010-11-21 09:30:00+00:00","0.019","0.7","0.0141204"
"2010-11-21 10:00:00+00:00","0.066","0.706","0.0144033"
"2010-11-21 10:30:00+00:00","0.029","0.863","0.0139359"
"2010-11-21 11:00:00+00:00","0.058","0.875","0.01374525"
"2010-11-21 11:30:00+00:00","0.039","0.913","0.0140097"
"2010-11-21 12:00:00+00:00","0.05","0.931","0.0139974"
"2010-11-21 12:30:00+00:00","0.049","0.944","0.01342545"
"2010-11-21 13:00:00+00:00","0.041","0.95","0.01341315"
"2010-11-21 13:30:00+00:00","0.058","0.95","0.0137268"
"2010-11-21 14:00:00+00:00","0.033","0.931","0.01369605"
"2010-11-21 14:30:00+00:00","0.066","0.831","0.0138621"
"2010-11-21 15:00:00+00:00","0.025","0.781","0.01397895"
"2010-11-21 15:30:00+00:00","0.074","0.713","0.01395435"
"2010-11-21 16:00:00+00:00","0.02","0.606","0.013284"
"2010-11-21 16:30:00+00:00","0.075","0.463","0.0134439"
"2010-11-21 17:00:00+00:00","0.022","0.363","0.01385595"
"2010-11-21 17:30:00+00:00","0.073","0.206","0.01378215"
"2010-11-21 18:00:00+00:00","0.027","0.088","0.0134931"
"2010-11-21 18:30:00+00:00","0.067","0.056","0.0135792"
"2010-11-21 19:00:00+00:00","0.034","0.025","0.01365915"
"2010-11-21 19:30:00+00:00","0.066","0.0","0.0137514"
"2010-11-21 20:00:00+00:00","0.039","0.0","0.01362225"
"2010-11-21 20:30:00+00:00","0.052","0.0","0.0136653"
"2010-11-21 21:00:00+00:00","0.049","0.0","0.0134931"
"2010-11-21 21:30:00+00:00","0.039","0.0","0.01338855"
"2010-11-21 22:00:00+00:00","0.06","0.0","0.01285965"
"2010-11-21 22:30:00+00:00","0.028","0.0","0.01249065"
"2010-11-21 23:00:00+00:00","0.069","0.0","0.0122877"
"2010-11-21 23:30:00+00:00","0.018","0.0","0.0121524"
"2010-11-22 00:00:00+00:00","0.074","0.0","0.01226925"
"2010-11-22 00:30:00+00:00","0.031","0.0","0.0111561"
"2010-11-22 01:00:00+00:00","0.054","0.0","0.01122375"
"2010-11-22 01:30:00+00:00","0.044","0.0","0.0121401"
"2010-11-22 02:00:00+00:00","0.041","0.0","0.01252755"
"2010-11-22 02:30:00+00:00","0.056","0.0","0.01180185"
"2010-11-22 03:00:00+00:00","0.028","0.0","0.01196175"
"2010-11-22 03:30:00+00:00","0.064","0.0","0.01176495"
"2010-11-22 04:00:00+00:00","0.02","0.0","0.0125583"
"2010-11-22 04:30:00+00:00","0.062","0.0","0.01416345"
"2010-11-22 05:00:00+00:00","0.038","0.0","0.01469235"
"2010-11-22 05:30:00+00:00","0.043","0.0","0.01282275"
"2010-11-22 06:00:00+00:00","0.06","0.0","0.0142188"
"2010-11-22 06:30:00+00:00","0.026","0.006","0.01445865"
"2010-11-22 07:00:00+00:00","0.06","0.05","0.01530735"
"2010-11-22 07:30:00+00:00","0.021","0.069","0.01338855"
"2010-11-22 08:00:00+00:00","0.059","0.094","0.0149199"
"2010-11-22 08:30:00+00:00","0.036","0.175","0.0155103"
"2010-11-22 09:00:00+00:00","0.044","0.475","0.01554105"
"2010-11-22 09:30:00+00:00","0.051","0.719","0.01555335"
"2010-11-22 10:00:00+00:00","0.033","0.844","0.0155472"
"2010-11-22 10:30:00+00:00","0.064","0.856","0.0155595"
"2010-11-22 11:00:00+00:00","0.023","0.9","0.0155595"
"2010-11-22 11:30:00+00:00","0.071","0.888","0.0154734"
"2010-11-22 12:00:00+00:00","0.02","0.969","0.0155472"
"2010-11-22 12:30:00+00:00","0.072","0.85","0.0155595"
"2010-11-22 13:00:00+00:00","0.029","0.956","0.0155595"
"2010-11-22 13:30:00+00:00","0.065","0.931","0.01559025"
"2010-11-22 14:00:00+00:00","0.036","0.894","0.0155595"
"2010-11-22 14:30:00+00:00","0.059","0.838","0.01572555"
"2010-11-22 15:00:00+00:00","0.041","0.806","0.015867"
"2010-11-22 15:30:00+00:00","0.056","0.763","0.0155595"
"2010-11-22 16:00:00+00:00","0.046","0.688","0.01556565"
"2010-11-22 16:30:00+00:00","0.052","0.425","0.0155841"
"2010-11-22 17:00:00+00:00","0.047","0.35","0.01554105"
"2010-11-22 17:30:00+00:00","0.052","0.175","0.0154365"
"2010-11-22 18:00:00+00:00","0.048","0.031","0.0154119"
"2010-11-22 18:30:00+00:00","0.048","0.019","0.01390515"
"2010-11-22 19:00:00+00:00","0.053","0.013","0.0142434"
"2010-11-22 19:30:00+00:00","0.041","0.0","0.01453245"
"2010-11-22 20:00:00+00:00","0.067","0.0","0.01427415"
"2010-11-22 20:30:00+00:00","0.031","0.0","0.01284735"
"2010-11-22 21:00:00+00:00","0.068","0.0","0.01261365"
"2010-11-22 21:30:00+00:00","0.024","0.0","0.01396665"
"2010-11-22 22:00:00+00:00","0.071","0.0","0.0140466"
"2010-11-22 22:30:00+00:00","0.021","0.0","0.01519665"
"2010-11-22 23:00:00+00:00","0.068","0.0","0.01436025"
"2010-11-22 23:30:00+00:00","0.033","0.0","0.01349925"
"2010-11-23 00:00:00+00:00","0.055","0.0","0.0131733"
"2010-11-23 00:30:00+00:00","0.045","0.0","0.01228155"
"2010-11-23 01:00:00+00:00","0.041","0.0","0.0123369"
"2010-11-23 01:30:00+00:00","0.059","0.0","0.0127428"
"2010-11-23 02:00:00+00:00","0.034","0.0","0.0119433"
"2010-11-23 02:30:00+00:00","0.067","0.0","0.0101106"
"2010-11-23 03:00:00+00:00","0.019","0.0","0.0097293"
"2010-11-23 03:30:00+00:00","0.066","0.0","0.0098154"
"2010-11-23 04:00:00+00:00","0.036","0.0","0.01274895"
"2010-11-23 04:30:00+00:00","0.048","0.0","0.0144279"
"2010-11-23 05:00:00+00:00","0.051","0.0","0.0152151"
"2010-11-23 05:30:00+00:00","0.032","0.0","0.0143664"
"2010-11-23 06:00:00+00:00","0.07","0.0","0.015498"
"2010-11-23 06:30:00+00:00","0.019","0.013","0.015252"
"2010-11-23 07:00:00+00:00","0.063","0.056","0.0155103"
"2010-11-23 07:30:00+00:00","0.032","0.119","0.01406505"
"2010-11-23 08:00:00+00:00","0.051","0.25","0.0152151"
"2010-11-23 08:30:00+00:00","0.047","0.413","0.0155349"
"2010-11-23 09:00:00+00:00","0.037","0.344","0.01555335"
"2010-11-23 09:30:00+00:00","0.061","0.631","0.0155841"
"2010-11-23 10:00:00+00:00","0.025","0.844","0.01554105"
"2010-11-23 10:30:00+00:00","0.07","0.844","0.01547955"
"2010-11-23 11:00:00+00:00","0.019","0.944","0.0155595"
"2010-11-23 11:30:00+00:00","0.072","0.956","0.0154611"
"2010-11-23 12:00:00+00:00","0.03","0.963","0.0155472"
"2010-11-23 12:30:00+00:00","0.063","0.975","0.0154857"
"2010-11-23 13:00:00+00:00","0.037","0.975","0.0155595"
"2010-11-23 13:30:00+00:00","0.057","0.975","0.0171585"
"2010-11-23 14:00:00+00:00","0.045","0.95","0.01572555"
"2010-11-23 14:30:00+00:00","0.049","0.906","0.0155595"
"2010-11-23 15:00:00+00:00","0.051","0.863","0.0155718"
"2010-11-23 15:30:00+00:00","0.044","0.794","0.0187083"
"2010-11-23 16:00:00+00:00","0.057","0.713","0.0161007"
"2010-11-23 16:30:00+00:00","0.04","0.6","0.0155226"
"2010-11-23 17:00:00+00:00","0.061","0.35","0.01480305"
"2010-11-23 17:30:00+00:00","0.036","0.156","0.01545495"
"2010-11-23 18:00:00+00:00","0.065","0.05","0.01551645"
"2010-11-23 18:30:00+00:00","0.03","0.038","0.015498"
"2010-11-23 19:00:00+00:00","0.071","0.0","0.0155349"
"2010-11-23 19:30:00+00:00","0.025","0.0","0.0155103"
"2010-11-23 20:00:00+00:00","0.074","0.0","0.01555335"
"2010-11-23 20:30:00+00:00","0.018","0.0","0.01546725"
"2010-11-23 21:00:00+00:00","0.073","0.0","0.01447095"
"2010-11-23 21:30:00+00:00","0.034","0.0","0.0150429"
"2010-11-23 22:00:00+00:00","0.062","0.0","0.01424955"
"2010-11-23 22:30:00+00:00","0.039","0.0","0.0167403"
"2010-11-23 23:00:00+00:00","0.051","0.0","0.0155841"
"2010-11-23 23:30:00+00:00","0.049","0.0","0.0154734"
"2010-11-24 00:00:00+00:00","0.04","0.0","0.01550415"
"2010-11-24 00:30:00+00:00","0.059","0.0","0.0150552"
"2010-11-24 01:00:00+00:00","0.029","0.0","0.01481535"
"2010-11-24 01:30:00+00:00","0.068","0.0","0.0147723"
"2010-11-24 02:00:00+00:00","0.019","0.0","0.01262595"
"2010-11-24 02:30:00+00:00","0.069","0.0","0.01242915"
"2010-11-24 03:00:00+00:00","0.029","0.0","0.0122139"
"2010-11-24 03:30:00+00:00","0.057","0.0","0.0130626"
"2010-11-24 04:00:00+00:00","0.043","0.0","0.0128535"
"2010-11-24 04:30:00+00:00","0.043","0.0","0.0138129"
"2010-11-24 05:00:00+00:00","0.056","0.0","0.01474155"
"2010-11-24 05:30:00+00:00","0.029","0.0","0.0140835"
"2010-11-24 06:00:00+00:00","0.071","0.0","0.01471695"
"2010-11-24 06:30:00+00:00","0.018","0.013","0.015006"
"2010-11-24 07:00:00+00:00","0.064","0.056","0.0157071"
"2010-11-24 07:30:00+00:00","0.036","0.169","0.01396665"
"2010-11-24 08:00:00+00:00","0.048","0.344","0.0155103"
"2010-11-24 08:30:00+00:00","0.051","0.475","0.0155595"
"2010-11-24 09:00:00+00:00","0.037","0.588","0.0149691"
"2010-11-24 09:30:00+00:00","0.063","0.694","0.01556565"
"2010-11-24 10:00:00+00:00","0.026","0.781","0.01557795"
"2010-11-24 10:30:00+00:00","0.074","0.844","0.01556565"
"2010-11-24 11:00:00+00:00","0.019","0.894","0.01536885"
"2010-11-24 11:30:00+00:00","0.077","0.913","0.0155349"
"2010-11-24 12:00:00+00:00","0.021","0.95","0.01555335"
"2010-11-24 12:30:00+00:00","0.077","0.969","0.0155595"
"2010-11-24 13:00:00+00:00","0.025","0.975","0.01555335"
"2010-11-24 13:30:00+00:00","0.073","0.969","0.01559025"
"2010-11-24 14:00:00+00:00","0.029","0.944","0.01573785"
"2010-11-24 14:30:00+00:00","0.07","0.913","0.0157071"
"2010-11-24 15:00:00+00:00","0.032","0.844","0.0157563"
"2010-11-24 15:30:00+00:00","0.065","0.781","0.0158547"
"2010-11-24 16:00:00+00:00","0.036","0.694","0.01556565"
"2010-11-24 16:30:00+00:00","0.065","0.588","0.0155472"
"2010-11-24 17:00:00+00:00","0.037","0.375","0.0155595"
"2010-11-24 17:30:00+00:00","0.064","0.175","0.01497525"
"2010-11-24 18:00:00+00:00","0.037","0.031","0.01552875"
"2010-11-24 18:30:00+00:00","0.061","0.019","0.014022"
"2010-11-24 19:00:00+00:00","0.041","0.013","0.0155472"
"2010-11-24 19:30:00+00:00","0.061","0.0","0.0155595"
"2010-11-24 20:00:00+00:00","0.046","0.0","0.01551645"
"2010-11-24 20:30:00+00:00","0.049","0.0","0.01550415"
"2010-11-24 21:00:00+00:00","0.053","0.0","0.0150798"
"2010-11-24 21:30:00+00:00","0.04","0.0","0.01479075"
"2010-11-24 22:00:00+00:00","0.062","0.0","0.0143541"
"2010-11-24 22:30:00+00:00","0.029","0.0","0.0157809"
"2010-11-24 23:00:00+00:00","0.071","0.0","0.0152397"
"2010-11-24 23:30:00+00:00","0.02","0.0","0.01540575"
"2010-11-25 00:00:00+00:00","0.071","0.0","0.0145017"
"2010-11-25 00:30:00+00:00","0.029","0.0","0.01337625"
"2010-11-25 01:00:00+00:00","0.065","0.0","0.01341315"
"2010-11-25 01:30:00+00:00","0.042","0.0","0.01440945"
"2010-11-25 02:00:00+00:00","0.047","0.0","0.01325325"
"2010-11-25 02:30:00+00:00","0.053","0.0","0.01252755"
"2010-11-25 03:00:00+00:00","0.035","0.0","0.01226925"
"2010-11-25 03:30:00+00:00","0.066","0.0","0.012177"
"2010-11-25 04:00:00+00:00","0.021","0.0","0.01236765"
"2010-11-25 04:30:00+00:00","0.067","0.0","0.0140097"
"2010-11-25 05:00:00+00:00","0.029","0.0","0.014637"
"2010-11-25 05:30:00+00:00","0.055","0.0","0.0157317"
"2010-11-25 06:00:00+00:00","0.05","0.0","0.0150921"
"2010-11-25 06:30:00+00:00","0.039","0.013","0.015867"
"2010-11-25 07:00:00+00:00","0.059","0.05","0.0177366"
"2010-11-25 07:30:00+00:00","0.025","0.175","0.0140712"
"2010-11-25 08:00:00+00:00","0.066","0.344","0.0155595"
"2010-11-25 08:30:00+00:00","0.023","0.469","0.015744"
"2010-11-25 09:00:00+00:00","0.065","0.581","0.0155964"
"2010-11-25 09:30:00+00:00","0.037","0.675","0.0160023"
"2010-11-25 10:00:00+00:00","0.054","0.75","0.0166788"
"2010-11-25 10:30:00+00:00","0.047","0.8","0.0157317"
"2010-11-25 11:00:00+00:00","0.049","0.844","0.01581165"
"2010-11-25 11:30:00+00:00","0.053","0.881","0.01594695"
"2010-11-25 12:00:00+00:00","0.045","0.919","0.01556565"
"2010-11-25 12:30:00+00:00","0.057","0.925","0.01602075"
"2010-11-25 13:00:00+00:00","0.042","0.938","0.0162114"
"2010-11-25 13:30:00+00:00","0.06","0.925","0.02006745"
"2010-11-25 14:00:00+00:00","0.042","0.906","0.02010435"
"2010-11-25 14:30:00+00:00","0.06","0.875","0.01752135"
"2010-11-25 15:00:00+00:00","0.043","0.819","0.01624215"
"2010-11-25 15:30:00+00:00","0.059","0.75","0.0165804"
"2010-11-25 16:00:00+00:00","0.046","0.688","0.0162852"
"2010-11-25 16:30:00+00:00","0.057","0.575","0.01563945"
"2010-11-25 17:00:00+00:00","0.05","0.363","0.0157932"
"2010-11-25 17:30:00+00:00","0.052","0.175","0.01556565"
"2010-11-25 18:00:00+00:00","0.055","0.019","0.0155595"
"2010-11-25 18:30:00+00:00","0.047","0.019","0.01556565"
"2010-11-25 19:00:00+00:00","0.059","0.006","0.01561485"
"2010-11-25 19:30:00+00:00","0.044","0.0","0.0156456"
"2010-11-25 20:00:00+00:00","0.058","0.0","0.01572555"
"2010-11-25 20:30:00+00:00","0.049","0.0","0.01552875"
"2010-11-25 21:00:00+00:00","0.057","0.0","0.01538115"
"2010-11-25 21:30:00+00:00","0.045","0.0","0.01545495"
"2010-11-25 22:00:00+00:00","0.052","0.0","0.0137883"
"2010-11-25 22:30:00+00:00","0.05","0.0","0.0171339"
"2010-11-25 23:00:00+00:00","0.046","0.0","0.01550415"
"2010-11-25 23:30:00+00:00","0.055","0.0","0.0155349"
"2010-11-26 00:00:00+00:00","0.039","0.0","0.01481535"
"2010-11-26 00:30:00+00:00","0.062","0.0","0.01343775"
"2010-11-26 01:00:00+00:00","0.031","0.0","0.0135546"
"2010-11-26 01:30:00+00:00","0.071","0.0","0.01416345"
"2010-11-26 02:00:00+00:00","0.021","0.0","0.0131856"
"2010-11-26 02:30:00+00:00","0.072","0.0","0.0126198"
"2010-11-26 03:00:00+00:00","0.026","0.0","0.01226925"
"2010-11-26 03:30:00+00:00","0.064","0.0","0.0126444"
"2010-11-26 04:00:00+00:00","0.038","0.0","0.01308105"
"2010-11-26 04:30:00+00:00","0.051","0.0","0.0141081"
"2010-11-26 05:00:00+00:00","0.055","0.0","0.01517205"
"2010-11-26 05:30:00+00:00","0.038","0.0","0.0155841"
"2010-11-26 06:00:00+00:00","0.061","0.0","0.0152889"
"2010-11-26 06:30:00+00:00","0.025","0.013","0.0165189"
"2010-11-26 07:00:00+00:00","0.067","0.056","0.01854225"
"2010-11-26 07:30:00+00:00","0.022","0.175","0.01364685"
"2010-11-26 08:00:00+00:00","0.065","0.35","0.01555335"
"2010-11-26 08:30:00+00:00","0.034","0.475","0.0156333"
"2010-11-26 09:00:00+00:00","0.056","0.581","0.01599"
"2010-11-26 09:30:00+00:00","0.043","0.694","0.01736145"
"2010-11-26 10:00:00+00:00","0.051","0.688","0.0155226"
"2010-11-26 10:30:00+00:00","0.048","0.65","0.01621755"
"2010-11-26 11:00:00+00:00","0.05","0.906","0.01935405"
"2010-11-26 11:30:00+00:00","0.05","0.644","0.0198276"
"2010-11-26 12:00:00+00:00","0.051","0.838","0.0204426"
"2010-11-26 12:30:00+00:00","0.048","0.888","0.0212544"
"2010-11-26 13:00:00+00:00","0.057","0.894","0.0212052"
"2010-11-26 13:30:00+00:00","0.043","0.881","0.0214266"
"2010-11-26 14:00:00+00:00","0.065","0.744","0.020787"
"2010-11-26 14:30:00+00:00","0.036","0.669","0.01770585"
"2010-11-26 15:00:00+00:00","0.08","0.531","0.0198399"
"2010-11-26 15:30:00+00:00","0.02","0.375","0.0204426"
"2010-11-26 16:00:00+00:00","0.085","0.356","0.01999365"
"2010-11-26 16:30:00+00:00","0.031","0.475","0.0155718"
"2010-11-26 17:00:00+00:00","0.071","0.356","0.01555335"
"2010-11-26 17:30:00+00:00","0.048","0.25","0.0155472"
"2010-11-26 18:00:00+00:00","0.054","0.063","0.01555335"
"2010-11-26 18:30:00+00:00","0.064","0.05","0.0155349"
"2010-11-26 19:00:00+00:00","0.037","0.025","0.01556565"
"2010-11-26 19:30:00+00:00","0.083","0.0","0.0155103"
"2010-11-26 20:00:00+00:00","0.022","0.0","0.01554105"
"2010-11-26 20:30:00+00:00","0.083","0.0","0.0154857"
"2010-11-26 21:00:00+00:00","0.02","0.0","0.0149937"
"2010-11-26 21:30:00+00:00","0.08","0.0","0.0148707"
"2010-11-26 22:00:00+00:00","0.025","0.0","0.01374525"
"2010-11-26 22:30:00+00:00","0.076","0.0","0.01990755"
"2010-11-26 23:00:00+00:00","0.025","0.0","0.0154611"
"2010-11-26 23:30:00+00:00","0.076","0.0","0.01554105"
"2010-11-27 00:00:00+00:00","0.023","0.0","0.0154611"
"2010-11-27 00:30:00+00:00","0.077","0.0","0.01540575"
"2010-11-27 01:00:00+00:00","0.029","0.0","0.0147108"
"2010-11-27 01:30:00+00:00","0.077","0.0","0.01496295"
"2010-11-27 02:00:00+00:00","0.02","0.0","0.01444635"
"2010-11-27 02:30:00+00:00","0.077","0.0","0.0134931"
"2010-11-27 03:00:00+00:00","0.018","0.0","0.01268745"
"2010-11-27 03:30:00+00:00","0.076","0.0","0.01242915"
"2010-11-27 04:00:00+00:00","0.026","0.0","0.01215855"
"2010-11-27 04:30:00+00:00","0.067","0.0","0.01325325"
"2010-11-27 05:00:00+00:00","0.034","0.0","0.0155226"
"2010-11-27 05:30:00+00:00","0.058","0.0","0.0217464"
"2010-11-27 06:00:00+00:00","0.048","0.0","0.0155595"
"2010-11-27 06:30:00+00:00","0.049","0.013","0.01595925"
"2010-11-27 07:00:00+00:00","0.05","0.044","0.01562715"
"2010-11-27 07:30:00+00:00","0.04","0.175","0.01568865"
"2010-11-27 08:00:00+00:00","0.059","0.35","0.0154119"
"2010-11-27 08:30:00+00:00","0.033","0.425","0.0151044"
"2010-11-27 09:00:00+00:00","0.066","0.456","0.01552875"
"2010-11-27 09:30:00+00:00","0.03","0.6","0.015129"
"2010-11-27 10:00:00+00:00","0.071","0.731","0.0154857"
"2010-11-27 10:30:00+00:00","0.03","0.669","0.01511055"
"2010-11-27 11:00:00+00:00","0.071","0.719","0.0154611"
"2010-11-27 11:30:00+00:00","0.036","0.806","0.01549185"
"2010-11-27 12:00:00+00:00","0.066","0.881","0.015375"
"2010-11-27 12:30:00+00:00","0.042","0.944","0.01556565"
"2010-11-27 13:00:00+00:00","0.059","0.95","0.01556565"
"2010-11-27 13:30:00+00:00","0.049","0.956","0.01565175"
"2010-11-27 14:00:00+00:00","0.053","0.944","0.0157809"
"2010-11-27 14:30:00+00:00","0.057","0.856","0.0155595"
"2010-11-27 15:00:00+00:00","0.045","0.738","0.01556565"
"2010-11-27 15:30:00+00:00","0.066","0.663","0.0168018"
"2010-11-27 16:00:00+00:00","0.036","0.581","0.01556565"
"2010-11-27 16:30:00+00:00","0.075","0.613","0.01556565"
"2010-11-27 17:00:00+00:00","0.027","0.381","0.0155472"
"2010-11-27 17:30:00+00:00","0.083","0.213","0.0155595"
"2010-11-27 18:00:00+00:00","0.019","0.125","0.0155595"
"2010-11-27 18:30:00+00:00","0.083","0.088","0.0154734"
"2010-11-27 19:00:00+00:00","0.025","0.044","0.0152151"
"2010-11-27 19:30:00+00:00","0.075","0.0","0.0155349"
"2010-11-27 20:00:00+00:00","0.03","0.0","0.01554105"
"2010-11-27 20:30:00+00:00","0.071","0.0","0.0151782"
"2010-11-27 21:00:00+00:00","0.037","0.0","0.0150552"
"2010-11-27 21:30:00+00:00","0.07","0.0","0.0145263"
"2010-11-27 22:00:00+00:00","0.029","0.0","0.01372065"
"2010-11-27 22:30:00+00:00","0.072","0.0","0.01357305"
"2010-11-27 23:00:00+00:00","0.025","0.0","0.01281045"
"2010-11-27 23:30:00+00:00","0.075","0.0","0.0136038"
"2010-11-28 00:00:00+00:00","0.021","0.0","0.01161735"
"2010-11-28 00:30:00+00:00","0.077","0.0","0.0125706"
"2010-11-28 01:00:00+00:00","0.02","0.0","0.01292115"
"2010-11-28 01:30:00+00:00","0.075","0.0","0.01401585"
"2010-11-28 02:00:00+00:00","0.025","0.0","0.01126065"
"2010-11-28 02:30:00+00:00","0.067","0.0","0.00918195"
"2010-11-28 03:00:00+00:00","0.034","0.0","0.0093234"
"2010-11-28 03:30:00+00:00","0.058","0.0","0.00843165"
"2010-11-28 04:00:00+00:00","0.042","0.0","0.00821025"
"2010-11-28 04:30:00+00:00","0.05","0.0","0.00929265"
"2010-11-28 05:00:00+00:00","0.05","0.0","0.00871455"
"2010-11-28 05:30:00+00:00","0.041","0.0","0.00897285"
"2010-11-28 06:00:00+00:00","0.065","0.0","0.009717"
"2010-11-28 06:30:00+00:00","0.032","0.013","0.0111192"
"2010-11-28 07:00:00+00:00","0.067","0.044","0.013776"
"2010-11-28 07:30:00+00:00","0.023","0.075","0.0149076"
"2010-11-28 08:00:00+00:00","0.072","0.169","0.0133086"
"2010-11-28 08:30:00+00:00","0.019","0.406","0.0127428"
"2010-11-28 09:00:00+00:00","0.074","0.281","0.01310565"
"2010-11-28 09:30:00+00:00","0.025","0.294","0.0137391"
"2010-11-28 10:00:00+00:00","0.069","0.15","0.0146001"
"2010-11-28 10:30:00+00:00","0.03","0.325","0.0140589"
"2010-11-28 11:00:00+00:00","0.065","0.375","0.01461855"
"2010-11-28 11:30:00+00:00","0.033","0.481","0.0131856"
"2010-11-28 12:00:00+00:00","0.066","0.531","0.01311795"
"2010-11-28 12:30:00+00:00","0.033","0.425","0.01258905"
"2010-11-28 13:00:00+00:00","0.069","0.438","0.0128535"
"2010-11-28 13:30:00+00:00","0.032","0.45","0.01297035"
"2010-11-28 14:00:00+00:00","0.072","0.306","0.01313025"
"2010-11-28 14:30:00+00:00","0.028","0.4","0.01315485"
"2010-11-28 15:00:00+00:00","0.078","0.313","0.0126075"
"2010-11-28 15:30:00+00:00","0.022","0.325","0.0130626"
"2010-11-28 16:00:00+00:00","0.084","0.194","0.0133455"
"2010-11-28 16:30:00+00:00","0.02","0.131","0.0135669"
"2010-11-28 17:00:00+00:00","0.081","0.163","0.01444635"
"2010-11-28 17:30:00+00:00","0.027","0.125","0.0138252"
"2010-11-28 18:00:00+00:00","0.075","0.119","0.01390515"
"2010-11-28 18:30:00+00:00","0.034","0.038","0.0137883"
"2010-11-28 19:00:00+00:00","0.067","0.025","0.0139236"
"2010-11-28 19:30:00+00:00","0.045","0.006","0.01415115"
"2010-11-28 20:00:00+00:00","0.062","0.0","0.0148338"
"2010-11-28 20:30:00+00:00","0.04","0.0","0.0146616"
"2010-11-28 21:00:00+00:00","0.059","0.0","0.0141696"
"2010-11-28 21:30:00+00:00","0.042","0.0","0.01374525"
"2010-11-28 22:00:00+00:00","0.059","0.0","0.01269975"
"2010-11-28 22:30:00+00:00","0.041","0.0","0.01226925"
"2010-11-28 23:00:00+00:00","0.059","0.0","0.01169115"
"2010-11-28 23:30:00+00:00","0.039","0.0","0.01225695"
"2010-11-29 00:00:00+00:00","0.062","0.0","0.01212165"
"2010-11-29 00:30:00+00:00","0.034","0.0","0.01112535"
"2010-11-29 01:00:00+00:00","0.066","0.0","0.0114636"
"2010-11-29 01:30:00+00:00","0.029","0.0","0.0127059"
"2010-11-29 02:00:00+00:00","0.071","0.0","0.01084245"
"2010-11-29 02:30:00+00:00","0.029","0.0","0.0108363"
"2010-11-29 03:00:00+00:00","0.075","0.0","0.00926805"
"2010-11-29 03:30:00+00:00","0.019","0.0","0.01046115"
"2010-11-29 04:00:00+00:00","0.074","0.0","0.01038735"
"2010-11-29 04:30:00+00:00","0.025","0.0","0.0129027"
"2010-11-29 05:00:00+00:00","0.065","0.0","0.01415115"
"2010-11-29 05:30:00+00:00","0.035","0.0","0.0155472"
"2010-11-29 06:00:00+00:00","0.055","0.0","0.01282275"
"2010-11-29 06:30:00+00:00","0.05","0.0","0.0153504"
"2010-11-29 07:00:00+00:00","0.05","0.0","0.0157071"
"2010-11-29 07:30:00+00:00","0.054","0.013","0.01373295"
"2010-11-29 08:00:00+00:00","0.034","0.025","0.0153504"
"2010-11-29 08:30:00+00:00","0.064","0.025","0.01552875"
"2010-11-29 09:00:00+00:00","0.023","0.019","0.0154611"
"2010-11-29 09:30:00+00:00","0.069","0.119","0.0154242"
"2010-11-29 10:00:00+00:00","0.019","0.1","0.01554105"
"2010-11-29 10:30:00+00:00","0.068","0.163","0.01535655"
"2010-11-29 11:00:00+00:00","0.031","0.375","0.0155472"
"2010-11-29 11:30:00+00:00","0.058","0.6","0.01554105"
"2010-11-29 12:00:00+00:00","0.04","0.719","0.0155472"
"2010-11-29 12:30:00+00:00","0.053","0.644","0.01561485"
"2010-11-29 13:00:00+00:00","0.046","0.688","0.0155595"
"2010-11-29 13:30:00+00:00","0.052","0.65","0.0162114"
"2010-11-29 14:00:00+00:00","0.047","0.525","0.01555335"
"2010-11-29 14:30:00+00:00","0.053","0.494","0.0155841"
"2010-11-29 15:00:00+00:00","0.048","0.3","0.0155595"
"2010-11-29 15:30:00+00:00","0.056","0.388","0.0155718"
"2010-11-29 16:00:00+00:00","0.046","0.413","0.01559025"
"2010-11-29 16:30:00+00:00","0.058","0.363","0.0155964"
"2010-11-29 17:00:00+00:00","0.043","0.35","0.01550415"
"2010-11-29 17:30:00+00:00","0.062","0.163","0.01555335"
"2010-11-29 18:00:00+00:00","0.039","0.1","0.0155103"
"2010-11-29 18:30:00+00:00","0.064","0.05","0.0140958"
"2010-11-29 19:00:00+00:00","0.037","0.013","0.0153627"
"2010-11-29 19:30:00+00:00","0.068","0.006","0.01520895"
"2010-11-29 20:00:00+00:00","0.046","0.0","0.0141081"
"2010-11-29 20:30:00+00:00","0.06","0.0","0.01324095"
"2010-11-29 21:00:00+00:00","0.041","0.0","0.01228155"
"2010-11-29 21:30:00+00:00","0.057","0.0","0.012177"
"2010-11-29 22:00:00+00:00","0.045","0.0","0.0106272"
"2010-11-29 22:30:00+00:00","0.051","0.0","0.013407"
"2010-11-29 23:00:00+00:00","0.049","0.0","0.01239225"
"2010-11-29 23:30:00+00:00","0.046","0.0","0.0126198"
"2010-11-30 00:00:00+00:00","0.056","0.0","0.01249065"
"2010-11-30 00:30:00+00:00","0.039","0.0","0.01253985"
"2010-11-30 01:00:00+00:00","0.062","0.0","0.01266285"
"2010-11-30 01:30:00+00:00","0.031","0.0","0.01279815"
"2010-11-30 02:00:00+00:00","0.072","0.0","0.0097662"
"2010-11-30 02:30:00+00:00","0.02","0.0","0.00941565"
"2010-11-30 03:00:00+00:00","0.078","0.0","0.00881295"
"2010-11-30 03:30:00+00:00","0.028","0.0","0.00916965"
"2010-11-30 04:00:00+00:00","0.063","0.0","0.01281045"
"2010-11-30 04:30:00+00:00","0.04","0.0","0.01341315"
"2010-11-30 05:00:00+00:00","0.051","0.0","0.01351155"
"2010-11-30 05:30:00+00:00","0.051","0.0","0.01506135"
"2010-11-30 06:00:00+00:00","0.038","0.0","0.0154365"
"2010-11-30 06:30:00+00:00","0.069","0.006","0.01400355"
"2010-11-30 07:00:00+00:00","0.024","0.0","0.0155718"
"2010-11-30 07:30:00+00:00","0.074","0.0","0.0150921"
"2010-11-30 08:00:00+00:00","0.023","0.019","0.0155472"
"2010-11-30 08:30:00+00:00","0.063","0.044","0.01522125"
"2010-11-30 09:00:00+00:00","0.037","0.05","0.0155226"
"2010-11-30 09:30:00+00:00","0.05","0.075","0.01482765"
"2010-11-30 10:00:00+00:00","0.049","0.119","0.0155349"
"2010-11-30 10:30:00+00:00","0.039","0.306","0.015498"
"2010-11-30 11:00:00+00:00","0.061","0.281","0.01554105"
"2010-11-30 11:30:00+00:00","0.028","0.344","0.0155472"
"2010-11-30 12:00:00+00:00","0.07","0.194","0.01550415"
"2010-11-30 12:30:00+00:00","0.019","0.575","0.0155103"
"2010-11-30 13:00:00+00:00","0.073","0.656","0.01545495"
"2010-11-30 13:30:00+00:00","0.026","0.406","0.01550415"
"2010-11-30 14:00:00+00:00","0.069","0.494","0.0155349"
"2010-11-30 14:30:00+00:00","0.032","0.288","0.0153873"
"2010-11-30 15:00:00+00:00","0.067","0.613","0.01546725"
"2010-11-30 15:30:00+00:00","0.035","0.319","0.0155472"
"2010-11-30 16:00:00+00:00","0.062","0.194","0.01556565"
"2010-11-30 16:30:00+00:00","0.04","0.338","0.0155595"
"2010-11-30 17:00:00+00:00","0.058","0.2","0.0155964"
"2010-11-30 17:30:00+00:00","0.044","0.144","0.01556565"
"2010-11-30 18:00:00+00:00","0.054","0.094","0.0155595"
"2010-11-30 18:30:00+00:00","0.049","0.044","0.01499985"
"2010-11-30 19:00:00+00:00","0.047","0.019","0.0155472"
"2010-11-30 19:30:00+00:00","0.061","0.0","0.01556565"
"2010-11-30 20:00:00+00:00","0.041","0.0","0.015498"
"2010-11-30 20:30:00+00:00","0.075","0.0","0.01472925"
"2010-11-30 21:00:00+00:00","0.033","0.0","0.0127797"
"2010-11-30 21:30:00+00:00","0.067","0.0","0.0129396"
"2010-11-30 22:00:00+00:00","0.024","0.0","0.01217085"
"2010-11-30 22:30:00+00:00","0.072","0.0","0.01326555"
"2010-11-30 23:00:00+00:00","0.025","0.0","0.01287195"
"2010-11-30 23:30:00+00:00","0.071","0.0","0.0128658"
"2010-12-01 00:00:00+00:00","0.03","0.0","0.01261365"
"2010-12-01 00:30:00+00:00","0.06","0.0","0.01229385"
"2010-12-01 01:00:00+00:00","0.04","0.0","0.0126936"
"2010-12-01 01:30:00+00:00","0.049","0.0","0.01229385"
"2010-12-01 02:00:00+00:00","0.051","0.0","0.01177725"
"2010-12-01 02:30:00+00:00","0.037","0.0","0.0120909"
"2010-12-01 03:00:00+00:00","0.062","0.0","0.01156815"
"2010-12-01 03:30:00+00:00","0.028","0.0","0.0119556"
"2010-12-01 04:00:00+00:00","0.069","0.0","0.0122262"
"2010-12-01 04:30:00+00:00","0.019","0.0","0.01236765"
"2010-12-01 05:00:00+00:00","0.068","0.0","0.0152028"
"2010-12-01 05:30:00+00:00","0.032","0.0","0.01514745"
"2010-12-01 06:00:00+00:00","0.054","0.0","0.01469235"
"2010-12-01 06:30:00+00:00","0.045","0.0","0.0155472"
"2010-12-01 07:00:00+00:00","0.047","0.0","0.0159162"
"2010-12-01 07:30:00+00:00","0.063","0.019","0.01447095"
"2010-12-01 08:00:00+00:00","0.028","0.019","0.0157194"
"2010-12-01 08:30:00+00:00","0.067","0.019","0.0157809"
"2010-12-01 09:00:00+00:00","0.018","0.056","0.0157563"
"2010-12-01 09:30:00+00:00","0.067","0.1","0.0146985"
"2010-12-01 10:00:00+00:00","0.031","0.188","0.01557795"
"2010-12-01 10:30:00+00:00","0.056","0.056","0.01567635"
"2010-12-01 11:00:00+00:00","0.044","0.038","0.01556565"
"2010-12-01 11:30:00+00:00","0.042","0.106","0.01630365"
"2010-12-01 12:00:00+00:00","0.057","0.069","0.0151044"
"2010-12-01 12:30:00+00:00","0.028","0.106","0.01555335"
"2010-12-01 13:00:00+00:00","0.068","0.438","0.01545495"
"2010-12-01 13:30:00+00:00","0.019","0.263","0.01556565"
"2010-12-01 14:00:00+00:00","0.069","0.381","0.01461855"
"2010-12-01 14:30:00+00:00","0.03","0.356","0.0150798"
"2010-12-01 15:00:00+00:00","0.058","0.25","0.01528275"
"2010-12-01 15:30:00+00:00","0.042","0.138","0.01561485"
"2010-12-01 16:00:00+00:00","0.047","0.131","0.01556565"
"2010-12-01 16:30:00+00:00","0.051","0.106","0.0155964"
"2010-12-01 17:00:00+00:00","0.038","0.044","0.01556565"
"2010-12-01 17:30:00+00:00","0.06","0.013","0.0155595"
"2010-12-01 18:00:00+00:00","0.029","0.0","0.0155472"
"2010-12-01 18:30:00+00:00","0.075","0.0","0.0155349"
"2010-12-01 19:00:00+00:00","0.019","0.0","0.01556565"
"2010-12-01 19:30:00+00:00","0.075","0.0","0.015375"
"2010-12-01 20:00:00+00:00","0.022","0.0","0.0155472"
"2010-12-01 20:30:00+00:00","0.066","0.0","0.0152766"
"2010-12-01 21:00:00+00:00","0.032","0.0","0.01416345"
"2010-12-01 21:30:00+00:00","0.055","0.0","0.01360995"
"2010-12-01 22:00:00+00:00","0.043","0.0","0.0135423"
"2010-12-01 22:30:00+00:00","0.043","0.0","0.01458165"
"2010-12-01 23:00:00+00:00","0.053","0.0","0.0139359"
"2010-12-01 23:30:00+00:00","0.032","0.0","0.0143664"
"2010-12-02 00:00:00+00:00","0.072","0.0","0.0138006"
"2010-12-02 00:30:00+00:00","0.019","0.0","0.01305645"
"2010-12-02 01:00:00+00:00","0.067","0.0","0.01293345"
"2010-12-02 01:30:00+00:00","0.024","0.0","0.01498755"
"2010-12-02 02:00:00+00:00","0.061","0.0","0.01496295"
"2010-12-02 02:30:00+00:00","0.035","0.0","0.01314255"
"2010-12-02 03:00:00+00:00","0.05","0.0","0.0122262"
"2010-12-02 03:30:00+00:00","0.048","0.0","0.0119802"
"2010-12-02 04:00:00+00:00","0.037","0.0","0.0122754"
"2010-12-02 04:30:00+00:00","0.06","0.0","0.0134316"
"2010-12-02 05:00:00+00:00","0.025","0.0","0.0145263"
"2010-12-02 05:30:00+00:00","0.065","0.0","0.0151413"
"2010-12-02 06:00:00+00:00","0.025","0.0","0.0142434"
"2010-12-02 06:30:00+00:00","0.066","0.006","0.01571325"
"2010-12-02 07:00:00+00:00","0.03","0.038","0.01627905"
"2010-12-02 07:30:00+00:00","0.052","0.094","0.0139605"
"2010-12-02 08:00:00+00:00","0.042","0.219","0.0152643"
"2010-12-02 08:30:00+00:00","0.041","0.275","0.0155718"
"2010-12-02 09:00:00+00:00","0.054","0.438","0.0155718"
"2010-12-02 09:30:00+00:00","0.032","0.6","0.0155718"
"2010-12-02 10:00:00+00:00","0.063","0.688","0.0155718"
"2010-12-02 10:30:00+00:00","0.026","0.744","0.0155718"
"2010-12-02 11:00:00+00:00","0.071","0.738","0.0155718"
"2010-12-02 11:30:00+00:00","0.021","0.719","0.01559025"
"2010-12-02 12:00:00+00:00","0.076","0.588","0.01556565"
"2010-12-02 12:30:00+00:00","0.019","0.6","0.0155718"
"2010-12-02 13:00:00+00:00","0.08","0.575","0.01559025"
"2010-12-02 13:30:00+00:00","0.018","0.475","0.01536885"
"2010-12-02 14:00:00+00:00","0.081","0.581","0.0149937"
"2010-12-02 14:30:00+00:00","0.019","0.519","0.0141081"
"2010-12-02 15:00:00+00:00","0.082","0.425","0.01554105"
"2010-12-02 15:30:00+00:00","0.018","0.344","0.015498"
"2010-12-02 16:00:00+00:00","0.081","0.4","0.0155349"
"2010-12-02 16:30:00+00:00","0.018","0.419","0.0155595"
"2010-12-02 17:00:00+00:00","0.083","0.45","0.01555335"
"2010-12-02 17:30:00+00:00","0.018","0.3","0.0148215"
"2010-12-02 18:00:00+00:00","0.082","0.081","0.01554105"
"2010-12-02 18:30:00+00:00","0.018","0.113","0.01552875"
"2010-12-02 19:00:00+00:00","0.081","0.056","0.01552875"
"2010-12-02 19:30:00+00:00","0.018","0.006","0.015498"
"2010-12-02 20:00:00+00:00","0.08","0.0","0.0164451"
"2010-12-02 20:30:00+00:00","0.018","0.0","0.01541805"
"2010-12-02 21:00:00+00:00","0.077","0.0","0.01458165"
"2010-12-02 21:30:00+00:00","0.022","0.0","0.01443405"
"2010-12-02 22:00:00+00:00","0.072","0.0","0.01322865"
"2010-12-02 22:30:00+00:00","0.027","0.0","0.01781655"
"2010-12-02 23:00:00+00:00","0.066","0.0","0.01525815"
"2010-12-02 23:30:00+00:00","0.039","0.0","0.01632825"
"2010-12-03 00:00:00+00:00","0.06","0.0","0.01485225"
"2010-12-03 00:30:00+00:00","0.039","0.0","0.0150429"
"2010-12-03 01:00:00+00:00","0.052","0.0","0.0134685"
"2010-12-03 01:30:00+00:00","0.047","0.0","0.014883"
"2010-12-03 02:00:00+00:00","0.044","0.0","0.0142803"
"2010-12-03 02:30:00+00:00","0.055","0.0","0.01222005"
"2010-12-03 03:00:00+00:00","0.034","0.0","0.012669"
"2010-12-03 03:30:00+00:00","0.065","0.0","0.012423"
"2010-12-03 04:00:00+00:00","0.026","0.0","0.01306875"
"2010-12-03 04:30:00+00:00","0.071","0.0","0.01429875"
"2010-12-03 05:00:00+00:00","0.019","0.0","0.0147231"
"2010-12-03 05:30:00+00:00","0.07","0.0","0.01543035"
"2010-12-03 06:00:00+00:00","0.034","0.0","0.01470465"
"2010-12-03 06:30:00+00:00","0.059","0.019","0.01448325"
"2010-12-03 07:00:00+00:00","0.039","0.063","0.0155718"
"2010-12-03 07:30:00+00:00","0.05","0.125","0.01345005"
"2010-12-03 08:00:00+00:00","0.048","0.281","0.01493835"
"2010-12-03 08:30:00+00:00","0.041","0.394","0.01599615"
"2010-12-03 09:00:00+00:00","0.058","0.538","0.01555335"
"2010-12-03 09:30:00+00:00","0.036","0.494","0.0156579"
"2010-12-03 10:00:00+00:00","0.062","0.519","0.0155103"
"2010-12-03 10:30:00+00:00","0.034","0.8","0.0155718"
"2010-12-03 11:00:00+00:00","0.065","0.806","0.0167772"
"2010-12-03 11:30:00+00:00","0.036","0.844","0.01562715"
"2010-12-03 12:00:00+00:00","0.064","0.738","0.0155718"
"2010-12-03 12:30:00+00:00","0.041","0.919","0.01539345"
"2010-12-03 13:00:00+00:00","0.06","0.9","0.0155718"
"2010-12-03 13:30:00+00:00","0.048","0.938","0.01556565"
"2010-12-03 14:00:00+00:00","0.053","0.9","0.0155718"
"2010-12-03 14:30:00+00:00","0.056","0.863","0.01546725"
"2010-12-03 15:00:00+00:00","0.044","0.863","0.01556565"
"2010-12-03 15:30:00+00:00","0.068","0.813","0.01556565"
"2010-12-03 16:00:00+00:00","0.033","0.556","0.01552875"
"2010-12-03 16:30:00+00:00","0.077","0.344","0.0154365"
"2010-12-03 17:00:00+00:00","0.021","0.194","0.01472925"
"2010-12-03 17:30:00+00:00","0.084","0.144","0.01367145"
"2010-12-03 18:00:00+00:00","0.021","0.088","0.0130503"
"2010-12-03 18:30:00+00:00","0.077","0.031","0.01368375"
"2010-12-03 19:00:00+00:00","0.027","0.006","0.01342545"
"2010-12-03 19:30:00+00:00","0.075","0.0","0.0135546"
"2010-12-03 20:00:00+00:00","0.034","0.0","0.01524585"
"2010-12-03 20:30:00+00:00","0.073","0.0","0.0143787"
"2010-12-03 21:00:00+00:00","0.027","0.0","0.01320405"
"2010-12-03 21:30:00+00:00","0.073","0.0","0.01285965"
"2010-12-03 22:00:00+00:00","0.025","0.0","0.0129027"
"2010-12-03 22:30:00+00:00","0.075","0.0","0.01367145"
"2010-12-03 23:00:00+00:00","0.022","0.0","0.01309335"
"2010-12-03 23:30:00+00:00","0.077","0.0","0.01313025"
"2010-12-04 00:00:00+00:00","0.019","0.0","0.01310565"
"2010-12-04 00:30:00+00:00","0.076","0.0","0.01226925"
"2010-12-04 01:00:00+00:00","0.021","0.0","0.01191255"
"2010-12-04 01:30:00+00:00","0.072","0.0","0.01217085"
"2010-12-04 02:00:00+00:00","0.029","0.0","0.0122754"
"2010-12-04 02:30:00+00:00","0.064","0.0","0.01196175"
"2010-12-04 03:00:00+00:00","0.037","0.0","0.01037505"
"2010-12-04 03:30:00+00:00","0.061","0.0","0.01190025"
"2010-12-04 04:00:00+00:00","0.046","0.0","0.0118818"
"2010-12-04 04:30:00+00:00","0.046","0.0","0.01208475"
"2010-12-04 05:00:00+00:00","0.055","0.0","0.0121893"
"2010-12-04 05:30:00+00:00","0.035","0.0","0.01373295"
"2010-12-04 06:00:00+00:00","0.064","0.0","0.01298265"
"2010-12-04 06:30:00+00:00","0.033","0.006","0.0133947"
"2010-12-04 07:00:00+00:00","0.071","0.013","0.01427415"
"2010-12-04 07:30:00+00:00","0.018","0.025","0.01476"
"2010-12-04 08:00:00+00:00","0.071","0.069","0.0151536"
"2010-12-04 08:30:00+00:00","0.027","0.119","0.01643895"
"2010-12-04 09:00:00+00:00","0.062","0.188","0.01556565"
"2010-12-04 09:30:00+00:00","0.038","0.256","0.0155718"
"2010-12-04 10:00:00+00:00","0.052","0.363","0.0152766"
"2010-12-04 10:30:00+00:00","0.047","0.363","0.0156456"
"2010-12-04 11:00:00+00:00","0.045","0.338","0.0156702"
"2010-12-04 11:30:00+00:00","0.055","0.381","0.0155595"
"2010-12-04 12:00:00+00:00","0.039","0.425","0.0158178"
"2010-12-04 12:30:00+00:00","0.061","0.506","0.01540575"
"2010-12-04 13:00:00+00:00","0.036","0.475","0.01531965"
"2010-12-04 13:30:00+00:00","0.065","0.588","0.01517205"
"2010-12-04 14:00:00+00:00","0.037","0.756","0.01556565"
"2010-12-04 14:30:00+00:00","0.063","0.894","0.01610685"
"2010-12-04 15:00:00+00:00","0.042","0.731","0.0155595"
"2010-12-04 15:30:00+00:00","0.058","0.288","0.01552875"
"2010-12-04 16:00:00+00:00","0.046","0.231","0.01624215"
"2010-12-04 16:30:00+00:00","0.054","0.363","0.01556565"
"2010-12-04 17:00:00+00:00","0.051","0.306","0.01559025"
"2010-12-04 17:30:00+00:00","0.05","0.163","0.01540575"
"2010-12-04 18:00:00+00:00","0.054","0.081","0.0155595"
"2010-12-04 18:30:00+00:00","0.047","0.063","0.0151782"
"2010-12-04 19:00:00+00:00","0.057","0.025","0.0155595"
"2010-12-04 19:30:00+00:00","0.043","0.0","0.01522125"
"2010-12-04 20:00:00+00:00","0.064","0.0","0.01554105"
"2010-12-04 20:30:00+00:00","0.042","0.0","0.01557795"
"2010-12-04 21:00:00+00:00","0.058","0.0","0.0153012"
"2010-12-04 21:30:00+00:00","0.042","0.0","0.01465545"
"2010-12-04 22:00:00+00:00","0.056","0.0","0.0134439"
"2010-12-04 22:30:00+00:00","0.044","0.0","0.01616835"
"2010-12-04 23:00:00+00:00","0.052","0.0","0.01524585"
"2010-12-04 23:30:00+00:00","0.049","0.0","0.01538115"
"2010-12-05 00:00:00+00:00","0.047","0.0","0.0140343"
"2010-12-05 00:30:00+00:00","0.053","0.0","0.01297035"
"2010-12-05 01:00:00+00:00","0.043","0.0","0.01268745"
"2010-12-05 01:30:00+00:00","0.057","0.0","0.01313025"
"2010-12-05 02:00:00+00:00","0.037","0.0","0.01190025"
"2010-12-05 02:30:00+00:00","0.062","0.0","0.0111438"
"2010-12-05 03:00:00+00:00","0.031","0.0","0.01035045"
"2010-12-05 03:30:00+00:00","0.069","0.0","0.01055955"
"2010-12-05 04:00:00+00:00","0.03","0.0","0.00960015"
"2010-12-05 04:30:00+00:00","0.073","0.0","0.0093111"
"2010-12-05 05:00:00+00:00","0.019","0.0","0.009348"
"2010-12-05 05:30:00+00:00","0.072","0.0","0.0100491"
"2010-12-05 06:00:00+00:00","0.029","0.0","0.00988305"
"2010-12-05 06:30:00+00:00","0.062","0.013","0.01167885"
"2010-12-05 07:00:00+00:00","0.039","0.094","0.0126198"
"2010-12-05 07:30:00+00:00","0.052","0.206","0.01332705"
"2010-12-05 08:00:00+00:00","0.048","0.163","0.0130749"
"2010-12-05 08:30:00+00:00","0.046","0.238","0.0131241"
"2010-12-05 09:00:00+00:00","0.053","0.325","0.0140097"
"2010-12-05 09:30:00+00:00","0.042","0.419","0.01354845"
"2010-12-05 10:00:00+00:00","0.057","0.594","0.01373295"
"2010-12-05 10:30:00+00:00","0.043","0.675","0.0150552"
"2010-12-05 11:00:00+00:00","0.057","0.713","0.0154365"
"2010-12-05 11:30:00+00:00","0.049","0.8","0.01520895"
"2010-12-05 12:00:00+00:00","0.053","0.788","0.01554105"
"2010-12-05 12:30:00+00:00","0.06","0.856","0.0153873"
"2010-12-05 13:00:00+00:00","0.041","0.913","0.01552875"
"2010-12-05 13:30:00+00:00","0.077","0.769","0.01552875"
"2010-12-05 14:00:00+00:00","0.023","0.769","0.01552875"
"2010-12-05 14:30:00+00:00","0.085","0.763","0.0155472"
"2010-12-05 15:00:00+00:00","0.034","0.244","0.0155595"
"2010-12-05 15:30:00+00:00","0.069","0.369","0.01538115"
"2010-12-05 16:00:00+00:00","0.051","0.463","0.0146985"
"2010-12-05 16:30:00+00:00","0.05","0.25","0.0143172"
"2010-12-05 17:00:00+00:00","0.069","0.156","0.01541805"
"2010-12-05 17:30:00+00:00","0.032","0.181","0.01458165"
"2010-12-05 18:00:00+00:00","0.083","0.131","0.01397895"
"2010-12-05 18:30:00+00:00","0.019","0.069","0.0136776"
"2010-12-05 19:00:00+00:00","0.082","0.019","0.01399125"
"2010-12-05 19:30:00+00:00","0.035","0.0","0.01476615"
"2010-12-05 20:00:00+00:00","0.073","0.0","0.0147969"
"2010-12-05 20:30:00+00:00","0.034","0.0","0.01394205"
"2010-12-05 21:00:00+00:00","0.065","0.0","0.01289655"
"2010-12-05 21:30:00+00:00","0.039","0.0","0.0128904"
"2010-12-05 22:00:00+00:00","0.062","0.0","0.01234305"
"2010-12-05 22:30:00+00:00","0.041","0.0","0.0130749"
"2010-12-05 23:00:00+00:00","0.059","0.0","0.01226925"
"2010-12-05 23:30:00+00:00","0.041","0.0","0.01262595"
"2010-12-06 00:00:00+00:00","0.058","0.0","0.01249065"
"2010-12-06 00:30:00+00:00","0.048","0.0","0.0123738"
"2010-12-06 01:00:00+00:00","0.058","0.0","0.0118695"
"2010-12-06 01:30:00+00:00","0.041","0.0","0.01226925"
"2010-12-06 02:00:00+00:00","0.059","0.0","0.01165425"
"2010-12-06 02:30:00+00:00","0.038","0.0","0.0121155"
"2010-12-06 03:00:00+00:00","0.062","0.0","0.01139595"
"2010-12-06 03:30:00+00:00","0.034","0.0","0.01159275"
"2010-12-06 04:00:00+00:00","0.067","0.0","0.0118941"
"2010-12-06 04:30:00+00:00","0.028","0.0","0.01283505"
"2010-12-06 05:00:00+00:00","0.072","0.0","0.01384365"
"2010-12-06 05:30:00+00:00","0.021","0.0","0.0155472"
"2010-12-06 06:00:00+00:00","0.081","0.0","0.01556565"
"2010-12-06 06:30:00+00:00","0.02","0.013","0.01325325"
"2010-12-06 07:00:00+00:00","0.073","0.113","0.01550415"
"2010-12-06 07:30:00+00:00","0.028","0.181","0.01525815"
"2010-12-06 08:00:00+00:00","0.067","0.338","0.01547955"
"2010-12-06 08:30:00+00:00","0.034","0.45","0.01599"
"2010-12-06 09:00:00+00:00","0.065","0.531","0.0156702"
"2010-12-06 09:30:00+00:00","0.038","0.681","0.0158547"
"2010-12-06 10:00:00+00:00","0.069","0.763","0.01688175"
"2010-12-06 10:30:00+00:00","0.035","0.7","0.01581165"
"2010-12-06 11:00:00+00:00","0.077","0.738","0.01677105"
"2010-12-06 11:30:00+00:00","0.026","0.956","0.01728765"
"2010-12-06 12:00:00+00:00","0.085","0.944","0.0171585"
"2010-12-06 12:30:00+00:00","0.028","0.9","0.01685715"
"2010-12-06 13:00:00+00:00","0.076","0.906","0.0171585"
"2010-12-06 13:30:00+00:00","0.045","0.881","0.0185238"
"2010-12-06 14:00:00+00:00","0.059","0.8","0.01653735"
"2010-12-06 14:30:00+00:00","0.071","0.825","0.01581165"
"2010-12-06 15:00:00+00:00","0.032","0.644","0.01556565"
"2010-12-06 15:30:00+00:00","0.084","0.725","0.0157317"
"2010-12-06 16:00:00+00:00","0.033","0.706","0.01575015"
"2010-12-06 16:30:00+00:00","0.073","0.519","0.0155595"
"2010-12-06 17:00:00+00:00","0.062","0.338","0.01555335"
"2010-12-06 17:30:00+00:00","0.043","0.181","0.01527045"
"2010-12-06 18:00:00+00:00","0.083","0.038","0.0155349"
"2010-12-06 18:30:00+00:00","0.025","0.031","0.0155472"
"2010-12-06 19:00:00+00:00","0.078","0.013","0.0154365"
"2010-12-06 19:30:00+00:00","0.048","0.0","0.01546725"
"2010-12-06 20:00:00+00:00","0.061","0.0","0.01555335"
"2010-12-06 20:30:00+00:00","0.068","0.0","0.01531965"
"2010-12-06 21:00:00+00:00","0.038","0.0","0.01428645"
"2010-12-06 21:30:00+00:00","0.083","0.0","0.01360995"
"2010-12-06 22:00:00+00:00","0.019","0.0","0.01255215"
"2010-12-06 22:30:00+00:00","0.085","0.0","0.0148584"
"2010-12-06 23:00:00+00:00","0.029","0.0","0.0145263"
"2010-12-06 23:30:00+00:00","0.074","0.0","0.0142803"
"2010-12-07 00:00:00+00:00","0.037","0.0","0.01396665"
"2010-12-07 00:30:00+00:00","0.066","0.0","0.01346235"
"2010-12-07 01:00:00+00:00","0.043","0.0","0.0123"
"2010-12-07 01:30:00+00:00","0.06","0.0","0.0133086"
"2010-12-07 02:00:00+00:00","0.047","0.0","0.0128658"
"2010-12-07 02:30:00+00:00","0.057","0.0","0.0116112"
"2010-12-07 03:00:00+00:00","0.051","0.0","0.0129273"
"2010-12-07 03:30:00+00:00","0.054","0.006","0.01236765"
"2010-12-07 04:00:00+00:00","0.051","0.0","0.0117588"
"2010-12-07 04:30:00+00:00","0.052","0.0","0.0137268"
"2010-12-07 05:00:00+00:00","0.054","0.0","0.01503675"
"2010-12-07 05:30:00+00:00","0.055","0.0","0.0155595"
"2010-12-07 06:00:00+00:00","0.045","0.0","0.0155595"
"2010-12-07 06:30:00+00:00","0.059","0.013","0.01433565"
"2010-12-07 07:00:00+00:00","0.04","0.081","0.01550415"
"2010-12-07 07:30:00+00:00","0.063","0.144","0.01433565"
"2010-12-07 08:00:00+00:00","0.037","0.244","0.0153873"
"2010-12-07 08:30:00+00:00","0.067","0.419","0.01552875"
"2010-12-07 09:00:00+00:00","0.036","0.594","0.01555335"
"2010-12-07 09:30:00+00:00","0.068","0.6","0.0155595"
"2010-12-07 10:00:00+00:00","0.042","0.775","0.0158793"
"2010-12-07 10:30:00+00:00","0.062","0.769","0.01670955"
"2010-12-07 11:00:00+00:00","0.056","0.781","0.01556565"
"2010-12-07 11:30:00+00:00","0.048","0.931","0.0155595"
"2010-12-07 12:00:00+00:00","0.073","0.925","0.0155595"
"2010-12-07 12:30:00+00:00","0.03","0.95","0.01557795"
"2010-12-07 13:00:00+00:00","0.085","0.95","0.0155595"
"2010-12-07 13:30:00+00:00","0.026","0.956","0.01556565"
"2010-12-07 14:00:00+00:00","0.08","0.931","0.0155595"
"2010-12-07 14:30:00+00:00","0.043","0.888","0.01554105"
"2010-12-07 15:00:00+00:00","0.061","0.831","0.01556565"
"2010-12-07 15:30:00+00:00","0.062","0.756","0.01556565"
"2010-12-07 16:00:00+00:00","0.041","0.688","0.0155595"
"2010-12-07 16:30:00+00:00","0.08","0.588","0.0155595"
"2010-12-07 17:00:00+00:00","0.024","0.369","0.01556565"
"2010-12-07 17:30:00+00:00","0.086","0.2","0.01556565"
"2010-12-07 18:00:00+00:00","0.032","0.025","0.0154488"
"2010-12-07 18:30:00+00:00","0.073","0.019","0.0155718"
"2010-12-07 19:00:00+00:00","0.045","0.013","0.01555335"
"2010-12-07 19:30:00+00:00","0.065","0.0","0.01556565"
"2010-12-07 20:00:00+00:00","0.058","0.0","0.01556565"
"2010-12-07 20:30:00+00:00","0.051","0.0","0.01534425"
"2010-12-07 21:00:00+00:00","0.065","0.0","0.01360995"
"2010-12-07 21:30:00+00:00","0.038","0.0","0.01363455"
"2010-12-07 22:00:00+00:00","0.07","0.0","0.0129273"
"2010-12-07 22:30:00+00:00","0.034","0.0","0.0141204"
"2010-12-07 23:00:00+00:00","0.072","0.0","0.0141204"
"2010-12-07 23:30:00+00:00","0.032","0.0","0.0141204"
"2010-12-08 00:00:00+00:00","0.073","0.0","0.01381905"
"2010-12-08 00:30:00+00:00","0.037","0.0","0.01309335"
"2010-12-08 01:00:00+00:00","0.071","0.0","0.01225695"
"2010-12-08 01:30:00+00:00","0.034","0.0","0.01277355"
"2010-12-08 02:00:00+00:00","0.066","0.0","0.00868995"
"2010-12-08 02:30:00+00:00","0.039","0.0","0.00849315"
"2010-12-08 03:00:00+00:00","0.061","0.0","0.00367155"
"2010-12-08 03:30:00+00:00","0.043","0.0","0.00159285"
"2010-12-08 04:00:00+00:00","0.055","0.0","0.0092004"
"2010-12-08 04:30:00+00:00","0.048","0.0","0.0111438"
"2010-12-08 05:00:00+00:00","0.049","0.0","0.01347465"
"2010-12-08 05:30:00+00:00","0.055","0.0","0.01554105"
"2010-12-08 06:00:00+00:00","0.046","0.0","0.01481535"
"2010-12-08 06:30:00+00:00","0.064","0.006","0.0127305"
"2010-12-08 07:00:00+00:00","0.031","0.056","0.01492605"
"2010-12-08 07:30:00+00:00","0.072","0.169","0.0148092"
"2010-12-08 08:00:00+00:00","0.024","0.313","0.01545495"
"2010-12-08 08:30:00+00:00","0.079","0.456","0.01534425"
"2010-12-08 09:00:00+00:00","0.021","0.575","0.01541805"
"2010-12-08 09:30:00+00:00","0.085","0.688","0.0155349"
"2010-12-08 10:00:00+00:00","0.021","0.719","0.01555335"
"2010-12-08 10:30:00+00:00","0.084","0.806","0.01588545"
"2010-12-08 11:00:00+00:00","0.03","0.881","0.0155718"
"2010-12-08 11:30:00+00:00","0.075","0.894","0.0155595"
"2010-12-08 12:00:00+00:00","0.041","0.881","0.01555335"
"2010-12-08 12:30:00+00:00","0.065","0.888","0.01556565"
"2010-12-08 13:00:00+00:00","0.055","0.881","0.0155595"
"2010-12-08 13:30:00+00:00","0.049","0.888","0.01561485"
"2010-12-08 14:00:00+00:00","0.077","0.906","0.0155718"
"2010-12-08 14:30:00+00:00","0.026","0.863","0.0164082"
"2010-12-08 15:00:00+00:00","0.086","0.8","0.01556565"
"2010-12-08 15:30:00+00:00","0.035","0.788","0.0155718"
"2010-12-08 16:00:00+00:00","0.07","0.644","0.0155718"
"2010-12-08 16:30:00+00:00","0.058","0.456","0.0155718"
"2010-12-08 17:00:00+00:00","0.045","0.356","0.01554105"
"2010-12-08 17:30:00+00:00","0.083","0.25","0.0155349"
"2010-12-08 18:00:00+00:00","0.023","0.15","0.0142557"
"2010-12-08 18:30:00+00:00","0.08","0.038","0.0136899"
"2010-12-08 19:00:00+00:00","0.046","0.013","0.0139605"
"2010-12-08 19:30:00+00:00","0.057","0.0","0.01549185"
"2010-12-08 20:00:00+00:00","0.064","0.0","0.0155226"
"2010-12-08 20:30:00+00:00","0.038","0.0","0.01468005"
"2010-12-08 21:00:00+00:00","0.084","0.0","0.0140097"
"2010-12-08 21:30:00+00:00","0.024","0.0","0.01429875"
"2010-12-08 22:00:00+00:00","0.085","0.0","0.0133947"
"2010-12-08 22:30:00+00:00","0.025","0.0","0.0157563"
"2010-12-08 23:00:00+00:00","0.078","0.0","0.01504905"
"2010-12-08 23:30:00+00:00","0.034","0.0","0.01497525"
"2010-12-09 00:00:00+00:00","0.069","0.0","0.01437255"
"2010-12-09 00:30:00+00:00","0.043","0.0","0.01372065"
"2010-12-09 01:00:00+00:00","0.059","0.0","0.01271205"
"2010-12-09 01:30:00+00:00","0.053","0.0","0.01383135"
"2010-12-09 02:00:00+00:00","0.049","0.0","0.0120663"
"2010-12-09 02:30:00+00:00","0.061","0.0","0.01214625"
"2010-12-09 03:00:00+00:00","0.041","0.0","0.0120048"
"2010-12-09 03:30:00+00:00","0.071","0.0","0.01175265"
"2010-12-09 04:00:00+00:00","0.033","0.0","0.0122016"
"2010-12-09 04:30:00+00:00","0.079","0.0","0.01395435"
"2010-12-09 05:00:00+00:00","0.022","0.0","0.01452015"
"2010-12-09 05:30:00+00:00","0.086","0.0","0.0150798"
"2010-12-09 06:00:00+00:00","0.027","0.0","0.01556565"
"2010-12-09 06:30:00+00:00","0.081","0.019","0.013407"
"2010-12-09 07:00:00+00:00","0.029","0.006","0.0150552"
"2010-12-09 07:30:00+00:00","0.074","0.181","0.01556565"
"2010-12-09 08:00:00+00:00","0.036","0.194","0.0155595"
"2010-12-09 08:30:00+00:00","0.067","0.15","0.01556565"
"2010-12-09 09:00:00+00:00","0.047","0.231","0.01556565"
"2010-12-09 09:30:00+00:00","0.056","0.55","0.0155718"
"2010-12-09 10:00:00+00:00","0.064","0.663","0.01556565"
"2010-12-09 10:30:00+00:00","0.039","0.681","0.01588545"
"2010-12-09 11:00:00+00:00","0.083","0.706","0.01609455"
"2010-12-09 11:30:00+00:00","0.038","0.544","0.01652505"
"2010-12-09 12:00:00+00:00","0.066","0.688","0.01666035"
"2010-12-09 12:30:00+00:00","0.083","0.713","0.01913265"
"2010-12-09 13:00:00+00:00","0.023","0.431","0.01912035"
"2010-12-09 13:30:00+00:00","0.081","0.281","0.01932945"
"2010-12-09 14:00:00+00:00","0.082","0.438","0.01903425"
"2010-12-09 14:30:00+00:00","0.026","0.425","0.01682025"
"2010-12-09 15:00:00+00:00","0.078","0.213","0.019065"
"2010-12-09 15:30:00+00:00","0.082","0.3","0.02415105"
"2010-12-09 16:00:00+00:00","0.041","0.294","0.01555335"
"2010-12-09 16:30:00+00:00","0.062","0.356","0.01555335"
"2010-12-09 17:00:00+00:00","0.083","0.294","0.0155595"
"2010-12-09 17:30:00+00:00","0.063","0.119","0.01541805"
"2010-12-09 18:00:00+00:00","0.039","0.075","0.01545495"
"2010-12-09 18:30:00+00:00","0.085","0.056","0.014514"
"2010-12-09 19:00:00+00:00","0.069","0.025","0.01538115"
"2010-12-09 19:30:00+00:00","0.033","0.013","0.01554105"
"2010-12-09 20:00:00+00:00","0.085","0.0","0.0154365"
"2010-12-09 20:30:00+00:00","0.071","0.0","0.0151413"
"2010-12-09 21:00:00+00:00","0.035","0.0","0.01388055"
"2010-12-09 21:30:00+00:00","0.085","0.0","0.01367145"
"2010-12-09 22:00:00+00:00","0.054","0.0","0.0127305"
"2010-12-09 22:30:00+00:00","0.048","0.0","0.01423725"
"2010-12-09 23:00:00+00:00","0.083","0.0","0.01317945"
"2010-12-09 23:30:00+00:00","0.037","0.0","0.0133209"
"2010-12-10 00:00:00+00:00","0.065","0.0","0.01266285"
"2010-12-10 00:30:00+00:00","0.081","0.0","0.01191255"
"2010-12-10 01:00:00+00:00","0.019","0.0","0.0107379"
"2010-12-10 01:30:00+00:00","0.086","0.0","0.01208475"
"2010-12-10 02:00:00+00:00","0.053","0.0","0.0107625"
"2010-12-10 02:30:00+00:00","0.05","0.0","0.0083886"
"2010-12-10 03:00:00+00:00","0.083","0.0","0.0090159"
"2010-12-10 03:30:00+00:00","0.02","0.0","0.00880065"
"2010-12-10 04:00:00+00:00","0.084","0.0","0.00935415"
"2010-12-10 04:30:00+00:00","0.047","0.0","0.0118326"
"2010-12-10 05:00:00+00:00","0.055","0.0","0.01324095"
"2010-12-10 05:30:00+00:00","0.072","0.0","0.0147969"
"2010-12-10 06:00:00+00:00","0.035","0.006","0.01459395"
"2010-12-10 06:30:00+00:00","0.084","0.0","0.0140097"
"2010-12-10 07:00:00+00:00","0.027","0.031","0.0155472"
"2010-12-10 07:30:00+00:00","0.076","0.031","0.01525815"
"2010-12-10 08:00:00+00:00","0.041","0.1","0.015498"
"2010-12-10 08:30:00+00:00","0.061","0.1","0.0155595"
"2010-12-10 09:00:00+00:00","0.058","0.038","0.0155595"
"2010-12-10 09:30:00+00:00","0.044","0.081","0.01530735"
"2010-12-10 10:00:00+00:00","0.077","0.206","0.01546725"
"2010-12-10 10:30:00+00:00","0.024","0.138","0.01556565"
"2010-12-10 11:00:00+00:00","0.085","0.269","0.01683255"
"2010-12-10 11:30:00+00:00","0.031","0.481","0.01556565"
"2010-12-10 12:00:00+00:00","0.073","0.438","0.01556565"
"2010-12-10 12:30:00+00:00","0.053","0.506","0.01556565"
"2010-12-10 13:00:00+00:00","0.051","0.681","0.01588545"
"2010-12-10 13:30:00+00:00","0.083","0.575","0.0172938"
"2010-12-10 14:00:00+00:00","0.021","0.588","0.01677105"
"2010-12-10 14:30:00+00:00","0.084","0.6","0.0152151"
"2010-12-10 15:00:00+00:00","0.056","0.475","0.0155718"
"2010-12-10 15:30:00+00:00","0.046","0.4","0.0155718"
"2010-12-10 16:00:00+00:00","0.084","0.35","0.01556565"
"2010-12-10 16:30:00+00:00","0.033","0.3","0.01555335"
"2010-12-10 17:00:00+00:00","0.07","0.25","0.01635285"
"2010-12-10 17:30:00+00:00","0.071","0.206","0.01549185"
"2010-12-10 18:00:00+00:00","0.031","0.144","0.0153381"
"2010-12-10 18:30:00+00:00","0.085","0.081","0.0150429"
"2010-12-10 19:00:00+00:00","0.04","0.038","0.01525815"
"2010-12-10 19:30:00+00:00","0.063","0.013","0.01534425"
"2010-12-10 20:00:00+00:00","0.074","0.0","0.01523355"
"2010-12-10 20:30:00+00:00","0.032","0.0","0.01392975"
"2010-12-10 21:00:00+00:00","0.084","0.0","0.0136899"
"2010-12-10 21:30:00+00:00","0.031","0.0","0.0137022"
"2010-12-10 22:00:00+00:00","0.071","0.0","0.01305645"
"2010-12-10 22:30:00+00:00","0.049","0.0","0.01391745"
"2010-12-10 23:00:00+00:00","0.058","0.0","0.0132471"
"2010-12-10 23:30:00+00:00","0.065","0.0","0.01337625"
"2010-12-11 00:00:00+00:00","0.036","0.0","0.0126813"
"2010-12-11 00:30:00+00:00","0.076","0.0","0.01224465"
"2010-12-11 01:00:00+00:00","0.025","0.0","0.0116358"
"2010-12-11 01:30:00+00:00","0.083","0.0","0.01224465"
"2010-12-11 02:00:00+00:00","0.019","0.0","0.0092127"
"2010-12-11 02:30:00+00:00","0.085","0.0","0.0083517"
"2010-12-11 03:00:00+00:00","0.022","0.0","0.0088314"
"2010-12-11 03:30:00+00:00","0.08","0.0","0.00998145"
"2010-12-11 04:00:00+00:00","0.023","0.0","0.00630375"
"2010-12-11 04:30:00+00:00","0.08","0.0","0.0092496"
"2010-12-11 05:00:00+00:00","0.021","0.0","0.0128412"
"2010-12-11 05:30:00+00:00","0.078","0.0","0.01653735"
"2010-12-11 06:00:00+00:00","0.026","0.0","0.01520895"
"2010-12-11 06:30:00+00:00","0.077","0.013","0.0114267"
"2010-12-11 07:00:00+00:00","0.025","0.056","0.01442175"
"2010-12-11 07:30:00+00:00","0.072","0.213","0.0132963"
"2010-12-11 08:00:00+00:00","0.031","0.338","0.01448325"
"2010-12-11 08:30:00+00:00","0.072","0.469","0.01517205"
"2010-12-11 09:00:00+00:00","0.029","0.569","0.0152151"
"2010-12-11 09:30:00+00:00","0.077","0.669","0.01554105"
"2010-12-11 10:00:00+00:00","0.025","0.744","0.01550415"
"2010-12-11 10:30:00+00:00","0.085","0.806","0.01518435"
"2010-12-11 11:00:00+00:00","0.023","0.844","0.01540575"
"2010-12-11 11:30:00+00:00","0.081","0.881","0.0154611"
"2010-12-11 12:00:00+00:00","0.038","0.913","0.0154242"
"2010-12-11 12:30:00+00:00","0.067","0.875","0.0155349"
"2010-12-11 13:00:00+00:00","0.057","0.85","0.0154242"
"2010-12-11 13:30:00+00:00","0.045","0.806","0.01550415"
"2010-12-11 14:00:00+00:00","0.078","0.694","0.0155349"
"2010-12-11 14:30:00+00:00","0.025","0.656","0.0155349"
"2010-12-11 15:00:00+00:00","0.085","0.55","0.01551645"
"2010-12-11 15:30:00+00:00","0.036","0.544","0.04175235"
"2010-12-11 16:00:00+00:00","0.067","0.419","0.01555335"
"2010-12-11 16:30:00+00:00","0.06","0.394","0.01555335"
"2010-12-11 17:00:00+00:00","0.042","0.269","0.01545495"
"2010-12-11 17:30:00+00:00","0.084","0.213","0.0150306"
"2010-12-11 18:00:00+00:00","0.02","0.15","0.01374525"
"2010-12-11 18:30:00+00:00","0.083","0.081","0.01364685"
"2010-12-11 19:00:00+00:00","0.04","0.044","0.0135669"
"2010-12-11 19:30:00+00:00","0.063","0.019","0.01304415"
"2010-12-11 20:00:00+00:00","0.055","0.0","0.01335165"
"2010-12-11 20:30:00+00:00","0.052","0.0","0.01309335"
"2010-12-11 21:00:00+00:00","0.069","0.0","0.01241685"
"2010-12-11 21:30:00+00:00","0.029","0.0","0.01225695"
"2010-12-11 22:00:00+00:00","0.08","0.0","0.01214625"
"2010-12-11 22:30:00+00:00","0.02","0.0","0.0129765"
"2010-12-11 23:00:00+00:00","0.085","0.0","0.01261365"
"2010-12-11 23:30:00+00:00","0.021","0.0","0.0123738"
"2010-12-12 00:00:00+00:00","0.079","0.0","0.0110085"
"2010-12-12 00:30:00+00:00","0.025","0.0","0.0090528"
"2010-12-12 01:00:00+00:00","0.075","0.006","0.0095817"
"2010-12-12 01:30:00+00:00","0.025","0.0","0.01151895"
"2010-12-12 02:00:00+00:00","0.076","0.0","0.010209"
"2010-12-12 02:30:00+00:00","0.023","0.0","0.00733695"
"2010-12-12 03:00:00+00:00","0.076","0.0","0.00662355"
"2010-12-12 03:30:00+00:00","0.02","0.0","0.00737385"
"2010-12-12 04:00:00+00:00","0.074","0.0","0.0077613"
"2010-12-12 04:30:00+00:00","0.026","0.0","0.00540585"
"2010-12-12 05:00:00+00:00","0.073","0.0","0.0019803"
"2010-12-12 05:30:00+00:00","0.034","0.0","0.00689415"
"2010-12-12 06:00:00+00:00","0.057","0.0","0.00811185"
"2010-12-12 06:30:00+00:00","0.044","0.0","0.00930495"
"2010-12-12 07:00:00+00:00","0.046","0.044","0.01190025"
"2010-12-12 07:30:00+00:00","0.056","0.188","0.0115374"
"2010-12-12 08:00:00+00:00","0.036","0.331","0.0124353"
"2010-12-12 08:30:00+00:00","0.064","0.463","0.0130626"
"2010-12-12 09:00:00+00:00","0.031","0.569","0.0129396"
"2010-12-12 09:30:00+00:00","0.07","0.675","0.0130626"
"2010-12-12 10:00:00+00:00","0.03","0.75","0.01333935"
"2010-12-12 10:30:00+00:00","0.072","0.819","0.01345005"
"2010-12-12 11:00:00+00:00","0.037","0.869","0.01362225"
"2010-12-12 11:30:00+00:00","0.067","0.925","0.0139482"
"2010-12-12 12:00:00+00:00","0.045","0.956","0.0136653"
"2010-12-12 12:30:00+00:00","0.058","0.956","0.01389285"
"2010-12-12 13:00:00+00:00","0.06","0.975","0.01407735"
"2010-12-12 13:30:00+00:00","0.044","0.906","0.0142434"
"2010-12-12 14:00:00+00:00","0.082","0.863","0.01359765"
"2010-12-12 14:30:00+00:00","0.019","0.744","0.0136653"
"2010-12-12 15:00:00+00:00","0.086","0.825","0.0136899"
"2010-12-12 15:30:00+00:00","0.053","0.8","0.01369605"
"2010-12-12 16:00:00+00:00","0.05","0.531","0.01487685"
"2010-12-12 16:30:00+00:00","0.083","0.544","0.01511055"
"2010-12-12 17:00:00+00:00","0.027","0.363","0.0155226"
"2010-12-12 17:30:00+00:00","0.077","0.206","0.01522125"
"2010-12-12 18:00:00+00:00","0.061","0.031","0.0153996"
"2010-12-12 18:30:00+00:00","0.041","0.025","0.01482765"
"2010-12-12 19:00:00+00:00","0.083","0.013","0.0147723"
"2010-12-12 19:30:00+00:00","0.037","0.0","0.01534425"
"2010-12-12 20:00:00+00:00","0.073","0.0","0.0155103"
"2010-12-12 20:30:00+00:00","0.053","0.0","0.01528275"
"2010-12-12 21:00:00+00:00","0.048","0.0","0.01453245"
"2010-12-12 21:30:00+00:00","0.072","0.0","0.0139482"
"2010-12-12 22:00:00+00:00","0.03","0.0","0.01295805"
"2010-12-12 22:30:00+00:00","0.085","0.0","0.01283505"
"2010-12-12 23:00:00+00:00","0.026","0.0","0.0123861"
"2010-12-12 23:30:00+00:00","0.082","0.0","0.0123"
"2010-12-13 00:00:00+00:00","0.03","0.0","0.01223235"
"2010-12-13 00:30:00+00:00","0.073","0.0","0.01197405"
"2010-12-13 01:00:00+00:00","0.035","0.0","0.01135905"
"2010-12-13 01:30:00+00:00","0.068","0.0","0.01203555"
"2010-12-13 02:00:00+00:00","0.038","0.0","0.0114636"
"2010-12-13 02:30:00+00:00","0.064","0.0","0.0115989"
"2010-12-13 03:00:00+00:00","0.04","0.0","0.0108978"
"2010-12-13 03:30:00+00:00","0.063","0.0","0.01143285"
"2010-12-13 04:00:00+00:00","0.038","0.0","0.01183875"
"2010-12-13 04:30:00+00:00","0.064","0.0","0.0127059"
"2010-12-13 05:00:00+00:00","0.035","0.0","0.01320405"
"2010-12-13 05:30:00+00:00","0.066","0.0","0.0152643"
"2010-12-13 06:00:00+00:00","0.036","0.0","0.01551645"
"2010-12-13 06:30:00+00:00","0.071","0.013","0.0155472"
"2010-12-13 07:00:00+00:00","0.026","0.038","0.01547955"
"2010-12-13 07:30:00+00:00","0.074","0.138","0.01530735"
"2010-12-13 08:00:00+00:00","0.022","0.2","0.01539345"
"2010-12-13 08:30:00+00:00","0.079","0.319","0.0158916"
"2010-12-13 09:00:00+00:00","0.021","0.513","0.01613145"
"2010-12-13 09:30:00+00:00","0.081","0.694","0.01589775"
"2010-12-13 10:00:00+00:00","0.022","0.769","0.01614375"
"2010-12-13 10:30:00+00:00","0.082","0.825","0.01556565"
"2010-12-13 11:00:00+00:00","0.027","0.881","0.0169125"
"2010-12-13 11:30:00+00:00","0.078","0.894","0.01619295"
"2010-12-13 12:00:00+00:00","0.038","0.906","0.01556565"
"2010-12-13 12:30:00+00:00","0.067","0.925","0.01620525"
"2010-12-13 13:00:00+00:00","0.052","0.919","0.01663575"
"2010-12-13 13:30:00+00:00","0.053","0.913","0.0155718"
"2010-12-13 14:00:00+00:00","0.071","0.906","0.0155718"
"2010-12-13 14:30:00+00:00","0.033","0.856","0.0155718"
"2010-12-13 15:00:00+00:00","0.085","0.813","0.01559025"
"2010-12-13 15:30:00+00:00","0.03","0.75","0.0155718"
"2010-12-13 16:00:00+00:00","0.076","0.681","0.0155595"
"2010-12-13 16:30:00+00:00","0.054","0.494","0.01540575"
"2010-12-13 17:00:00+00:00","0.051","0.344","0.01555335"
"2010-12-13 17:30:00+00:00","0.081","0.2","0.01543035"
"2010-12-13 18:00:00+00:00","0.02","0.025","0.01549185"
"2010-12-13 18:30:00+00:00","0.087","0.025","0.01486455"
"2010-12-13 19:00:00+00:00","0.042","0.019","0.01545495"
"2010-12-13 19:30:00+00:00","0.067","0.006","0.01525815"
"2010-12-13 20:00:00+00:00","0.062","0.0","0.01557795"
"2010-12-13 20:30:00+00:00","0.043","0.0","0.01551645"
"2010-12-13 21:00:00+00:00","0.082","0.0","0.01531965"
"2010-12-13 21:30:00+00:00","0.025","0.0","0.01421265"
"2010-12-13 22:00:00+00:00","0.085","0.0","0.0136407"
"2010-12-13 22:30:00+00:00","0.026","0.0","0.01541805"
"2010-12-13 23:00:00+00:00","0.078","0.0","0.0150306"
"2010-12-13 23:30:00+00:00","0.033","0.0","0.0151905"
"2010-12-14 00:00:00+00:00","0.07","0.0","0.01461855"
"2010-12-14 00:30:00+00:00","0.04","0.0","0.01372065"
"2010-12-14 01:00:00+00:00","0.063","0.0","0.01295805"
"2010-12-14 01:30:00+00:00","0.041","0.0","0.0134316"
"2010-12-14 02:00:00+00:00","0.063","0.0","0.01314255"
"2010-12-14 02:30:00+00:00","0.039","0.0","0.0129888"
"2010-12-14 03:00:00+00:00","0.065","0.0","0.0125337"
"2010-12-14 03:30:00+00:00","0.036","0.0","0.0126444"
"2010-12-14 04:00:00+00:00","0.068","0.0","0.0129888"
"2010-12-14 04:30:00+00:00","0.03","0.0","0.01358535"
"2010-12-14 05:00:00+00:00","0.072","0.0","0.0139482"
"2010-12-14 05:30:00+00:00","0.025","0.0","0.0154857"
"2010-12-14 06:00:00+00:00","0.082","0.0","0.01556565"
"2010-12-14 06:30:00+00:00","0.019","0.019","0.0152028"
"2010-12-14 07:00:00+00:00","0.077","0.081","0.01556565"
"2010-12-14 07:30:00+00:00","0.025","0.138","0.01492605"
"2010-12-14 08:00:00+00:00","0.07","0.344","0.0155595"
"2010-12-14 08:30:00+00:00","0.034","0.306","0.0155718"
"2010-12-14 09:00:00+00:00","0.065","0.213","0.0156456"
"2010-12-14 09:30:00+00:00","0.04","0.331","0.015621"
"2010-12-14 10:00:00+00:00","0.061","0.288","0.016113"
"2010-12-14 10:30:00+00:00","0.042","0.425","0.01603305"
"2010-12-14 11:00:00+00:00","0.062","0.425","0.0155841"
"2010-12-14 11:30:00+00:00","0.042","0.675","0.016236"
"2010-12-14 12:00:00+00:00","0.067","0.731","0.01524585"
"2010-12-14 12:30:00+00:00","0.037","0.581","0.01559025"
"2010-12-14 13:00:00+00:00","0.078","0.481","0.0155718"
"2010-12-14 13:30:00+00:00","0.025","0.663","0.01555335"
"2010-12-14 14:00:00+00:00","0.086","0.831","0.01556565"
"2010-12-14 14:30:00+00:00","0.03","0.894","0.01556565"
"2010-12-14 15:00:00+00:00","0.074","0.838","0.01556565"
"2010-12-14 15:30:00+00:00","0.057","0.581","0.01556565"
"2010-12-14 16:00:00+00:00","0.047","0.669","0.01556565"
"2010-12-14 16:30:00+00:00","0.083","0.513","0.0155595"
"2010-12-14 17:00:00+00:00","0.028","0.356","0.01556565"
"2010-12-14 17:30:00+00:00","0.076","0.213","0.0154734"
"2010-12-14 18:00:00+00:00","0.057","0.063","0.01546725"
"2010-12-14 18:30:00+00:00","0.046","0.05","0.0154242"
"2010-12-14 19:00:00+00:00","0.083","0.044","0.01502445"
"2010-12-14 19:30:00+00:00","0.022","0.013","0.0151044"
"2010-12-14 20:00:00+00:00","0.083","0.0","0.01554105"
"2010-12-14 20:30:00+00:00","0.046","0.0","0.01491375"
"2010-12-14 21:00:00+00:00","0.063","0.0","0.0141942"
"2010-12-14 21:30:00+00:00","0.054","0.0","0.0141696"
"2010-12-14 22:00:00+00:00","0.049","0.0","0.0136038"
"2010-12-14 22:30:00+00:00","0.065","0.0","0.0166419"
"2010-12-14 23:00:00+00:00","0.036","0.0","0.0152889"
"2010-12-14 23:30:00+00:00","0.076","0.0","0.01456935"
"2010-12-15 00:00:00+00:00","0.026","0.0","0.0138375"
"2010-12-15 00:30:00+00:00","0.083","0.0","0.01325325"
"2010-12-15 01:00:00+00:00","0.02","0.0","0.0122754"
"2010-12-15 01:30:00+00:00","0.084","0.0","0.01293345"
"2010-12-15 02:00:00+00:00","0.022","0.0","0.01132215"
"2010-12-15 02:30:00+00:00","0.082","0.0","0.01218315"
"2010-12-15 03:00:00+00:00","0.024","0.0","0.01250295"
"2010-12-15 03:30:00+00:00","0.079","0.0","0.01257675"
"2010-12-15 04:00:00+00:00","0.025","0.0","0.0129888"
"2010-12-15 04:30:00+00:00","0.078","0.0","0.0138375"
"2010-12-15 05:00:00+00:00","0.024","0.0","0.0140466"
"2010-12-15 05:30:00+00:00","0.078","0.0","0.01525815"
"2010-12-15 06:00:00+00:00","0.029","0.0","0.0153135"
"2010-12-15 06:30:00+00:00","0.08","0.006","0.01496295"
"2010-12-15 07:00:00+00:00","0.019","0.05","0.0157194"
"2010-12-15 07:30:00+00:00","0.081","0.113","0.0141942"
"2010-12-15 08:00:00+00:00","0.021","0.344","0.0155595"
"2010-12-15 08:30:00+00:00","0.085","0.494","0.0152274"
"2010-12-15 09:00:00+00:00","0.02","0.65","0.01556565"
"2010-12-15 09:30:00+00:00","0.084","0.719","0.01556565"
"2010-12-15 10:00:00+00:00","0.032","0.525","0.0155964"
"2010-12-15 10:30:00+00:00","0.072","0.738","0.01579935"
"2010-12-15 11:00:00+00:00","0.05","0.713","0.01567635"
"2010-12-15 11:30:00+00:00","0.054","0.769","0.01556565"
"2010-12-15 12:00:00+00:00","0.077","0.888","0.01556565"
"2010-12-15 12:30:00+00:00","0.026","0.881","0.01593465"
"2010-12-15 13:00:00+00:00","0.086","0.875","0.01630365"
"2010-12-15 13:30:00+00:00","0.043","0.875","0.0168879"
"2010-12-15 14:00:00+00:00","0.061","0.856","0.01619295"
"2010-12-15 14:30:00+00:00","0.076","0.869","0.0156825"
"2010-12-15 15:00:00+00:00","0.027","0.763","0.01635285"
"2010-12-15 15:30:00+00:00","0.085","0.7","0.0155841"
"2010-12-15 16:00:00+00:00","0.05","0.375","0.0155718"
"2010-12-15 16:30:00+00:00","0.054","0.3","0.01556565"
"2010-12-15 17:00:00+00:00","0.084","0.344","0.01556565"
"2010-12-15 17:30:00+00:00","0.023","0.206","0.01556565"
"2010-12-15 18:00:00+00:00","0.081","0.088","0.01555335"
"2010-12-15 18:30:00+00:00","0.062","0.031","0.01555335"
"2010-12-15 19:00:00+00:00","0.042","0.019","0.0155595"
"2010-12-15 19:30:00+00:00","0.084","0.006","0.01556565"
"2010-12-15 20:00:00+00:00","0.033","0.0","0.0163713"
"2010-12-15 20:30:00+00:00","0.079","0.0","0.01554105"
"2010-12-15 21:00:00+00:00","0.047","0.0","0.01552875"
"2010-12-15 21:30:00+00:00","0.056","0.0","0.0155472"
"2010-12-15 22:00:00+00:00","0.065","0.0","0.0149568"
"2010-12-15 22:30:00+00:00","0.039","0.0","0.015498"
"2010-12-15 23:00:00+00:00","0.08","0.0","0.0152766"
"2010-12-15 23:30:00+00:00","0.028","0.0","0.01543035"
"2010-12-16 00:00:00+00:00","0.086","0.0","0.01477845"
"2010-12-16 00:30:00+00:00","0.029","0.0","0.01374525"
"2010-12-16 01:00:00+00:00","0.074","0.0","0.01281045"
"2010-12-16 01:30:00+00:00","0.042","0.0","0.01304415"
"2010-12-16 02:00:00+00:00","0.062","0.0","0.01170345"
"2010-12-16 02:30:00+00:00","0.049","0.0","0.01190025"
"2010-12-16 03:00:00+00:00","0.057","0.0","0.01206015"
"2010-12-16 03:30:00+00:00","0.052","0.0","0.01201095"
"2010-12-16 04:00:00+00:00","0.052","0.0","0.0123"
"2010-12-16 04:30:00+00:00","0.053","0.0","0.0128043"
"2010-12-16 05:00:00+00:00","0.051","0.0","0.01337625"
"2010-12-16 05:30:00+00:00","0.055","0.0","0.01512285"
"2010-12-16 06:00:00+00:00","0.053","0.0","0.015375"
"2010-12-16 06:30:00+00:00","0.055","0.0","0.0151659"
"2010-12-16 07:00:00+00:00","0.049","0.006","0.0155841"
"2010-12-16 07:30:00+00:00","0.052","0.013","0.01524585"
"2010-12-16 08:00:00+00:00","0.05","0.013","0.0155841"
"2010-12-16 08:30:00+00:00","0.05","0.106","0.01570095"
"2010-12-16 09:00:00+00:00","0.053","0.294","0.015621"
"2010-12-16 09:30:00+00:00","0.049","0.625","0.0156456"
"2010-12-16 10:00:00+00:00","0.054","0.4","0.015744"
"2010-12-16 10:30:00+00:00","0.058","0.813","0.01559025"
"2010-12-16 11:00:00+00:00","0.046","0.825","0.0153504"
"2010-12-16 11:30:00+00:00","0.075","0.863","0.01556565"
"2010-12-16 12:00:00+00:00","0.028","0.669","0.0155718"
"2010-12-16 12:30:00+00:00","0.085","0.456","0.0155718"
"2010-12-16 13:00:00+00:00","0.032","0.819","0.01556565"
"2010-12-16 13:30:00+00:00","0.075","0.081","0.0155472"
"2010-12-16 14:00:00+00:00","0.047","0.044","0.0154857"
"2010-12-16 14:30:00+00:00","0.058","0.481","0.0151905"
"2010-12-16 15:00:00+00:00","0.066","0.113","0.0155226"
"2010-12-16 15:30:00+00:00","0.044","0.0","0.01556565"
"2010-12-16 16:00:00+00:00","0.077","0.0","0.0155595"
"2010-12-16 16:30:00+00:00","0.026","0.019","0.0151905"
"2010-12-16 17:00:00+00:00","0.085","0.031","0.01556565"
"2010-12-16 17:30:00+00:00","0.021","0.3","0.01556565"
"2010-12-16 18:00:00+00:00","0.084","0.094","0.01528275"
"2010-12-16 18:30:00+00:00","0.031","0.05","0.0155718"
"2010-12-16 19:00:00+00:00","0.08","0.006","0.01556565"
"2010-12-16 19:30:00+00:00","0.036","0.038","0.01556565"
"2010-12-16 20:00:00+00:00","0.069","0.019","0.01556565"
"2010-12-16 20:30:00+00:00","0.039","0.0","0.0155103"
"2010-12-16 21:00:00+00:00","0.065","0.0","0.01471695"
"2010-12-16 21:30:00+00:00","0.04","0.0","0.01439715"
"2010-12-16 22:00:00+00:00","0.064","0.0","0.0135546"
"2010-12-16 22:30:00+00:00","0.037","0.0","0.01481535"
"2010-12-16 23:00:00+00:00","0.066","0.0","0.0145755"
"2010-12-16 23:30:00+00:00","0.034","0.0","0.014268"
"2010-12-17 00:00:00+00:00","0.068","0.0","0.01360995"
"2010-12-17 00:30:00+00:00","0.03","0.0","0.01354845"
"2010-12-17 01:00:00+00:00","0.072","0.0","0.0131979"
"2010-12-17 01:30:00+00:00","0.031","0.0","0.01485225"
"2010-12-17 02:00:00+00:00","0.077","0.0","0.01378215"
"2010-12-17 02:30:00+00:00","0.019","0.0","0.0117219"
"2010-12-17 03:00:00+00:00","0.078","0.0","0.01166655"
"2010-12-17 03:30:00+00:00","0.023","0.0","0.0115743"
"2010-12-17 04:00:00+00:00","0.072","0.0","0.0120786"
"2010-12-17 04:30:00+00:00","0.031","0.0","0.01357305"
"2010-12-17 05:00:00+00:00","0.064","0.0","0.014391"
"2010-12-17 05:30:00+00:00","0.038","0.0","0.0155349"
"2010-12-17 06:00:00+00:00","0.055","0.0","0.01530735"
"2010-12-17 06:30:00+00:00","0.052","0.0","0.0147477"
"2010-12-17 07:00:00+00:00","0.047","0.006","0.0152397"
"2010-12-17 07:30:00+00:00","0.053","0.025","0.0153504"
"2010-12-17 08:00:00+00:00","0.039","0.025","0.01556565"
"2010-12-17 08:30:00+00:00","0.062","0.05","0.0155718"
"2010-12-17 09:00:00+00:00","0.031","0.1","0.01556565"
"2010-12-17 09:30:00+00:00","0.07","0.256","0.01544265"
"2010-12-17 10:00:00+00:00","0.023","0.238","0.01556565"
"2010-12-17 10:30:00+00:00","0.076","0.269","0.01552875"
"2010-12-17 11:00:00+00:00","0.02","0.375","0.0155718"
"2010-12-17 11:30:00+00:00","0.076","0.375","0.01556565"
"2010-12-17 12:00:00+00:00","0.021","0.331","0.0154857"
"2010-12-17 12:30:00+00:00","0.078","0.313","0.01556565"
"2010-12-17 13:00:00+00:00","0.024","0.388","0.01556565"
"2010-12-17 13:30:00+00:00","0.078","0.394","0.01556565"
"2010-12-17 14:00:00+00:00","0.024","0.444","0.01474155"
"2010-12-17 14:30:00+00:00","0.082","0.45","0.01556565"
"2010-12-17 15:00:00+00:00","0.021","0.419","0.0146616"
"2010-12-17 15:30:00+00:00","0.086","0.35","0.01523355"
"2010-12-17 16:00:00+00:00","0.021","0.281","0.0155595"
"2010-12-17 16:30:00+00:00","0.082","0.331","0.01511055"
"2010-12-17 17:00:00+00:00","0.029","0.363","0.01482765"
"2010-12-17 17:30:00+00:00","0.073","0.238","0.0140466"
"2010-12-17 18:00:00+00:00","0.041","0.169","0.01388055"
"2010-12-17 18:30:00+00:00","0.062","0.094","0.0139113"
"2010-12-17 19:00:00+00:00","0.054","0.044","0.01506135"
"2010-12-17 19:30:00+00:00","0.049","0.019","0.01464315"
"2010-12-17 20:00:00+00:00","0.069","0.0","0.01559025"
"2010-12-17 20:30:00+00:00","0.038","0.0","0.0147231"
"2010-12-17 21:00:00+00:00","0.067","0.0","0.01364685"
"2010-12-17 21:30:00+00:00","0.034","0.0","0.01379445"
"2010-12-17 22:00:00+00:00","0.07","0.0","0.01354845"
"2010-12-17 22:30:00+00:00","0.031","0.0","0.01459395"
"2010-12-17 23:00:00+00:00","0.069","0.0","0.0143049"
"2010-12-17 23:30:00+00:00","0.033","0.0","0.01454475"
"2010-12-18 00:00:00+00:00","0.067","0.0","0.013407"
"2010-12-18 00:30:00+00:00","0.036","0.0","0.0131118"
"2010-12-18 01:00:00+00:00","0.061","0.0","0.01239225"
"2010-12-18 01:30:00+00:00","0.04","0.0","0.0121032"
"2010-12-18 02:00:00+00:00","0.056","0.0","0.0095325"
"2010-12-18 02:30:00+00:00","0.05","0.0","0.0093234"
"2010-12-18 03:00:00+00:00","0.051","0.0","0.00796425"
"2010-12-18 03:30:00+00:00","0.051","0.0","0.00829635"
"2010-12-18 04:00:00+00:00","0.043","0.0","0.00786585"
"2010-12-18 04:30:00+00:00","0.057","0.0","0.00916965"
"2010-12-18 05:00:00+00:00","0.036","0.0","0.00972315"
"2010-12-18 05:30:00+00:00","0.064","0.0","0.0118326"
"2010-12-18 06:00:00+00:00","0.028","0.0","0.01100235"
"2010-12-18 06:30:00+00:00","0.077","0.0","0.01287195"
"2010-12-18 07:00:00+00:00","0.02","0.006","0.01372065"
"2010-12-18 07:30:00+00:00","0.071","0.025","0.0140466"
"2010-12-18 08:00:00+00:00","0.027","0.056","0.01509825"
"2010-12-18 08:30:00+00:00","0.063","0.075","0.01556565"
"2010-12-18 09:00:00+00:00","0.037","0.106","0.01556565"
"2010-12-18 09:30:00+00:00","0.054","0.231","0.01547955"
"2010-12-18 10:00:00+00:00","0.044","0.3","0.0154734"
"2010-12-18 10:30:00+00:00","0.048","0.406","0.0153504"
"2010-12-18 11:00:00+00:00","0.051","0.35","0.01530735"
"2010-12-18 11:30:00+00:00","0.042","0.306","0.0155595"
"2010-12-18 12:00:00+00:00","0.057","0.206","0.01551645"
"2010-12-18 12:30:00+00:00","0.04","0.163","0.0155595"
"2010-12-18 13:00:00+00:00","0.061","0.194","0.01555335"
"2010-12-18 13:30:00+00:00","0.035","0.213","0.01555335"
"2010-12-18 14:00:00+00:00","0.065","0.163","0.01434795"
"2010-12-18 14:30:00+00:00","0.031","0.269","0.01476615"
"2010-12-18 15:00:00+00:00","0.07","0.225","0.01390515"
"2010-12-18 15:30:00+00:00","0.028","0.325","0.01372065"
"2010-12-18 16:00:00+00:00","0.072","0.25","0.0136653"
"2010-12-18 16:30:00+00:00","0.027","0.194","0.0136653"
"2010-12-18 17:00:00+00:00","0.074","0.175","0.0136653"
"2010-12-18 17:30:00+00:00","0.026","0.113","0.01362225"
"2010-12-18 18:00:00+00:00","0.074","0.081","0.01362225"
"2010-12-18 18:30:00+00:00","0.025","0.119","0.01358535"
"2010-12-18 19:00:00+00:00","0.076","0.056","0.013653"
"2010-12-18 19:30:00+00:00","0.022","0.019","0.01360995"
"2010-12-18 20:00:00+00:00","0.078","0.0","0.0136653"
"2010-12-18 20:30:00+00:00","0.026","0.0","0.0133824"
"2010-12-18 21:00:00+00:00","0.076","0.0","0.0126567"
"2010-12-18 21:30:00+00:00","0.02","0.0","0.01336395"
"2010-12-18 22:00:00+00:00","0.074","0.0","0.01273665"
"2010-12-18 22:30:00+00:00","0.027","0.0","0.0134685"
"2010-12-18 23:00:00+00:00","0.065","0.0","0.0129765"
"2010-12-18 23:30:00+00:00","0.034","0.0","0.01282275"
"2010-12-19 00:00:00+00:00","0.059","0.0","0.01231845"
"2010-12-19 00:30:00+00:00","0.039","0.0","0.01146975"
"2010-12-19 01:00:00+00:00","0.052","0.0","0.0094464"
"2010-12-19 01:30:00+00:00","0.046","0.0","0.0116604"
"2010-12-19 02:00:00+00:00","0.045","0.0","0.00862845"
"2010-12-19 02:30:00+00:00","0.053","0.0","0.00953865"
"2010-12-19 03:00:00+00:00","0.037","0.0","0.00845625"
"2010-12-19 03:30:00+00:00","0.063","0.006","0.0080934"
"2010-12-19 04:00:00+00:00","0.028","0.0","0.0080688"
"2010-12-19 04:30:00+00:00","0.071","0.0","0.00723855"
"2010-12-19 05:00:00+00:00","0.026","0.0","0.0084501"
"2010-12-19 05:30:00+00:00","0.069","0.0","0.0098769"
"2010-12-19 06:00:00+00:00","0.028","0.0","0.00755835"
"2010-12-19 06:30:00+00:00","0.06","0.0","0.0073185"
"2010-12-19 07:00:00+00:00","0.04","0.031","0.01245375"
"2010-12-19 07:30:00+00:00","0.048","0.075","0.0124722"
"2010-12-19 08:00:00+00:00","0.05","0.094","0.0129396"
"2010-12-19 08:30:00+00:00","0.038","0.163","0.013038"
"2010-12-19 09:00:00+00:00","0.06","0.175","0.01315485"
"2010-12-19 09:30:00+00:00","0.028","0.175","0.0135423"
"2010-12-19 10:00:00+00:00","0.069","0.244","0.01262595"
"2010-12-19 10:30:00+00:00","0.02","0.2","0.01282275"
"2010-12-19 11:00:00+00:00","0.07","0.231","0.0126936"
"2010-12-19 11:30:00+00:00","0.022","0.263","0.0126567"
"2010-12-19 12:00:00+00:00","0.069","0.231","0.0126321"
"2010-12-19 12:30:00+00:00","0.03","0.288","0.01273665"
"2010-12-19 13:00:00+00:00","0.062","0.338","0.0127182"
"2010-12-19 13:30:00+00:00","0.039","0.35","0.0124353"
"2010-12-19 14:00:00+00:00","0.054","0.494","0.01241685"
"2010-12-19 14:30:00+00:00","0.162","0.875","0.0124722"
"2010-12-19 15:00:00+00:00","0.045","0.8","0.01261365"
"2010-12-19 15:30:00+00:00","0.055","0.806","0.01298265"
"2010-12-19 16:00:00+00:00","0.045","0.35","0.01346235"
"2010-12-19 16:30:00+00:00","0.055","0.638","0.01358535"
"2010-12-19 17:00:00+00:00","0.047","0.4","0.0136653"
"2010-12-19 17:30:00+00:00","0.054","0.275","0.0136407"
"2010-12-19 18:00:00+00:00","0.049","0.125","0.0128781"
"2010-12-19 18:30:00+00:00","0.051","0.069","0.0127428"
"2010-12-19 19:00:00+00:00","0.053","0.019","0.0126321"
"2010-12-19 19:30:00+00:00","0.056","0.0","0.0130995"
"2010-12-19 20:00:00+00:00","0.051","0.0","0.01353"
"2010-12-19 20:30:00+00:00","0.05","0.0","0.01292115"
"2010-12-19 21:00:00+00:00","0.056","0.0","0.0123861"
"2010-12-19 21:30:00+00:00","0.05","0.0","0.01222005"
"2010-12-19 22:00:00+00:00","0.049","0.006","0.01156815"
"2010-12-19 22:30:00+00:00","0.05","0.0","0.01022745"
"2010-12-19 23:00:00+00:00","0.048","0.0","0.0089667"
"2010-12-19 23:30:00+00:00","0.052","0.0","0.0105657"
"2010-12-20 00:00:00+00:00","0.044","0.0","0.0103443"
"2010-12-20 00:30:00+00:00","0.056","0.0","0.00784125"
"2010-12-20 01:00:00+00:00","0.039","0.0","0.007626"
"2010-12-20 01:30:00+00:00","0.062","0.0","0.00882525"
"2010-12-20 02:00:00+00:00","0.03","0.0","0.00801345"
"2010-12-20 02:30:00+00:00","0.071","0.0","0.00731235"
"2010-12-20 03:00:00+00:00","0.02","0.0","0.0046371"
"2010-12-20 03:30:00+00:00","0.069","0.0","0.00206025"
"2010-12-20 04:00:00+00:00","0.028","0.0","0.00727545"
"2010-12-20 04:30:00+00:00","0.059","0.0","0.0105903"
"2010-12-20 05:00:00+00:00","0.043","0.0","0.01225695"
"2010-12-20 05:30:00+00:00","0.042","0.0","0.01322865"
"2010-12-20 06:00:00+00:00","0.063","0.0","0.01245375"
"2010-12-20 06:30:00+00:00","0.034","0.0","0.01411425"
"2010-12-20 07:00:00+00:00","0.063","0.038","0.01407735"
"2010-12-20 07:30:00+00:00","0.02","0.188","0.01159275"
"2010-12-20 08:00:00+00:00","0.064","0.35","0.01370835"
"2010-12-20 08:30:00+00:00","0.033","0.488","0.01373295"
"2010-12-20 09:00:00+00:00","0.053","0.613","0.01381905"
"2010-12-20 09:30:00+00:00","0.045","0.675","0.01442175"
"2010-12-20 10:00:00+00:00","0.042","0.8","0.01373295"
"2010-12-20 10:30:00+00:00","0.058","0.888","0.0136653"
"2010-12-20 11:00:00+00:00","0.031","0.95","0.0136776"
"2010-12-20 11:30:00+00:00","0.069","0.981","0.0136653"
"2010-12-20 12:00:00+00:00","0.023","1.013","0.01365915"
"2010-12-20 12:30:00+00:00","0.072","0.906","0.0136653"
"2010-12-20 13:00:00+00:00","0.02","0.431","0.0136653"
"2010-12-20 13:30:00+00:00","0.073","0.888","0.0136653"
"2010-12-20 14:00:00+00:00","0.028","0.981","0.01367145"
"2010-12-20 14:30:00+00:00","0.065","0.944","0.0136653"
"2010-12-20 15:00:00+00:00","0.037","0.9","0.0136653"
"2010-12-20 15:30:00+00:00","0.058","0.831","0.0136899"
"2010-12-20 16:00:00+00:00","0.043","0.756","0.01368375"
"2010-12-20 16:30:00+00:00","0.054","0.638","0.0136653"
"2010-12-20 17:00:00+00:00","0.046","0.406","0.01372065"
"2010-12-20 17:30:00+00:00","0.052","0.238","0.0133332"
"2010-12-20 18:00:00+00:00","0.049","0.019","0.01265055"
"2010-12-20 18:30:00+00:00","0.048","0.013","0.0124476"
"2010-12-20 19:00:00+00:00","0.053","0.013","0.0129888"
"2010-12-20 19:30:00+00:00","0.046","0.0","0.0140343"
"2010-12-20 20:00:00+00:00","0.061","0.0","0.01372065"
"2010-12-20 20:30:00+00:00","0.041","0.0","0.0135177"
"2010-12-20 21:00:00+00:00","0.059","0.0","0.0130257"
"2010-12-20 21:30:00+00:00","0.035","0.0","0.01241685"
"2010-12-20 22:00:00+00:00","0.064","0.0","0.0117711"
"2010-12-20 22:30:00+00:00","0.028","0.0","0.01373295"
"2010-12-20 23:00:00+00:00","0.069","0.0","0.01404045"
"2010-12-20 23:30:00+00:00","0.022","0.0","0.014145"
"2010-12-21 00:00:00+00:00","0.069","0.0","0.01357305"
"2010-12-21 00:30:00+00:00","0.021","0.0","0.01245375"
"2010-12-21 01:00:00+00:00","0.066","0.0","0.0102336"
"2010-12-21 01:30:00+00:00","0.032","0.0","0.01225695"
"2010-12-21 02:00:00+00:00","0.054","0.0","0.0083025"
"2010-12-21 02:30:00+00:00","0.043","0.0","0.0072078"
"2010-12-21 03:00:00+00:00","0.043","0.0","0.0078597"
"2010-12-21 03:30:00+00:00","0.054","0.0","0.0068634"
"2010-12-21 04:00:00+00:00","0.037","0.0","0.009471"
"2010-12-21 04:30:00+00:00","0.064","0.0","0.01063335"
"2010-12-21 05:00:00+00:00","0.02","0.0","0.0124722"
"2010-12-21 05:30:00+00:00","0.062","0.0","0.01440945"
"2010-12-21 06:00:00+00:00","0.029","0.0","0.01261365"
"2010-12-21 06:30:00+00:00","0.06","0.006","0.01427415"
"2010-12-21 07:00:00+00:00","0.042","0.031","0.01463085"
"2010-12-21 07:30:00+00:00","0.039","0.175","0.0134439"
"2010-12-21 08:00:00+00:00","0.056","0.331","0.0138375"
"2010-12-21 08:30:00+00:00","0.027","0.463","0.0136899"
"2010-12-21 09:00:00+00:00","0.065","0.581","0.0144894"
"2010-12-21 09:30:00+00:00","0.019","0.694","0.0149568"
"2010-12-21 10:00:00+00:00","0.068","0.781","0.01525815"
"2010-12-21 10:30:00+00:00","0.025","0.844","0.0138375"
"2010-12-21 11:00:00+00:00","0.066","0.9","0.0137268"
"2010-12-21 11:30:00+00:00","0.032","0.938","0.01358535"
"2010-12-21 12:00:00+00:00","0.061","0.969","0.0136407"
"2010-12-21 12:30:00+00:00","0.037","0.981","0.0140097"
"2010-12-21 13:00:00+00:00","0.059","0.994","0.014022"
"2010-12-21 13:30:00+00:00","0.041","0.963","0.01426185"
"2010-12-21 14:00:00+00:00","0.059","0.925","0.01413885"
"2010-12-21 14:30:00+00:00","0.041","0.9","0.0146862"
"2010-12-21 15:00:00+00:00","0.063","0.863","0.01474155"
"2010-12-21 15:30:00+00:00","0.038","0.788","0.01555335"
"2010-12-21 16:00:00+00:00","0.07","0.713","0.01493835"
"2010-12-21 16:30:00+00:00","0.031","0.606","0.0140712"
"2010-12-21 17:00:00+00:00","0.08","0.388","0.01437255"
"2010-12-21 17:30:00+00:00","0.023","0.231","0.0139113"
"2010-12-21 18:00:00+00:00","0.086","0.025","0.01362225"
"2010-12-21 18:30:00+00:00","0.023","0.013","0.012669"
"2010-12-21 19:00:00+00:00","0.081","0.019","0.01234305"
"2010-12-21 19:30:00+00:00","0.027","0.0","0.0138006"
"2010-12-21 20:00:00+00:00","0.082","0.0","0.0140097"
"2010-12-21 20:30:00+00:00","0.03","0.0","0.01364685"
"2010-12-21 21:00:00+00:00","0.074","0.0","0.01329015"
"2010-12-21 21:30:00+00:00","0.03","0.0","0.0128658"
"2010-12-21 22:00:00+00:00","0.073","0.0","0.0122754"
"2010-12-21 22:30:00+00:00","0.028","0.0","0.01342545"
"2010-12-21 23:00:00+00:00","0.075","0.0","0.0135423"
"2010-12-21 23:30:00+00:00","0.023","0.0","0.0132594"
"2010-12-22 00:00:00+00:00","0.077","0.0","0.01256445"
"2010-12-22 00:30:00+00:00","0.021","0.0","0.0123123"
"2010-12-22 01:00:00+00:00","0.073","0.0","0.012177"
"2010-12-22 01:30:00+00:00","0.032","0.0","0.01214625"
"2010-12-22 02:00:00+00:00","0.06","0.0","0.01177725"
"2010-12-22 02:30:00+00:00","0.05","0.0","0.01165425"
"2010-12-22 03:00:00+00:00","0.047","0.0","0.010947"
"2010-12-22 03:30:00+00:00","0.056","0.0","0.0091758"
"2010-12-22 04:00:00+00:00","0.034","0.0","0.0098154"
"2010-12-22 04:30:00+00:00","0.068","0.0","0.0113652"
"2010-12-22 05:00:00+00:00","0.02","0.0","0.0122508"
"2010-12-22 05:30:00+00:00","0.067","0.0","0.01380675"
"2010-12-22 06:00:00+00:00","0.034","0.0","0.0128904"
"2010-12-22 06:30:00+00:00","0.057","0.006","0.01400355"
"2010-12-22 07:00:00+00:00","0.051","0.031","0.01406505"
"2010-12-22 07:30:00+00:00","0.035","0.169","0.0136653"
"2010-12-22 08:00:00+00:00","0.065","0.313","0.0154611"
"2010-12-22 08:30:00+00:00","0.023","0.438","0.01460625"
"2010-12-22 09:00:00+00:00","0.071","0.563","0.0152889"
"2010-12-22 09:30:00+00:00","0.028","0.656","0.0155595"
"2010-12-22 10:00:00+00:00","0.068","0.756","0.0155595"
"2010-12-22 10:30:00+00:00","0.037","0.819","0.01540575"
"2010-12-22 11:00:00+00:00","0.063","0.869","0.0151536"
"2010-12-22 11:30:00+00:00","0.042","0.888","0.0154119"
"2010-12-22 12:00:00+00:00","0.061","0.931","0.0155595"
"2010-12-22 12:30:00+00:00","0.044","0.969","0.0155595"
"2010-12-22 13:00:00+00:00","0.063","0.906","0.0155595"
"2010-12-22 13:30:00+00:00","0.043","0.906","0.0147477"
"2010-12-22 14:00:00+00:00","0.067","0.894","0.01504905"
"2010-12-22 14:30:00+00:00","0.039","0.856","0.01556565"
"2010-12-22 15:00:00+00:00","0.077","0.825","0.0155595"
"2010-12-22 15:30:00+00:00","0.029","0.706","0.01540575"
"2010-12-22 16:00:00+00:00","0.085","0.563","0.0150429"
"2010-12-22 16:30:00+00:00","0.028","0.55","0.0141327"
"2010-12-22 17:00:00+00:00","0.079","0.356","0.01389285"
"2010-12-22 17:30:00+00:00","0.081","0.338","0.0136407"
"2010-12-22 18:00:00+00:00","0.128","0.188","0.0136407"
"2010-12-22 18:30:00+00:00","0.106","0.106","0.0136284"
"2010-12-22 19:00:00+00:00","0.088","0.044","0.01369605"
"2010-12-22 19:30:00+00:00","0.1","0.006","0.01362225"
"2010-12-22 20:00:00+00:00","0.097","0.006","0.01386825"
"2010-12-22 20:30:00+00:00","0.15","0.0","0.0134193"
"2010-12-22 21:00:00+00:00","0.139","0.0","0.01253985"
"2010-12-22 21:30:00+00:00","0.188","0.0","0.0124845"
"2010-12-22 22:00:00+00:00","0.184","0.0","0.01187565"
"2010-12-22 22:30:00+00:00","0.137","0.0","0.01305645"
"2010-12-22 23:00:00+00:00","0.099","0.0","0.0129396"
"2010-12-22 23:30:00+00:00","0.05","0.0","0.0126813"
"2010-12-23 00:00:00+00:00","0.092","0.0","0.01228155"
"2010-12-23 00:30:00+00:00","0.047","0.0","0.01167885"
"2010-12-23 01:00:00+00:00","0.091","0.0","0.01095315"
"2010-12-23 01:30:00+00:00","0.067","0.0","0.01209705"
"2010-12-23 02:00:00+00:00","0.07","0.0","0.00964935"
"2010-12-23 02:30:00+00:00","0.064","0.0","0.0104796"
"2010-12-23 03:00:00+00:00","0.068","0.0","0.00754605"
"2010-12-23 03:30:00+00:00","0.059","0.0","0.00726315"
"2010-12-23 04:00:00+00:00","0.072","0.0","0.00738"
"2010-12-23 04:30:00+00:00","0.052","0.0","0.01153125"
"2010-12-23 05:00:00+00:00","0.079","0.0","0.01213395"
"2010-12-23 05:30:00+00:00","0.044","0.0","0.0122754"
"2010-12-23 06:00:00+00:00","0.086","0.0","0.0123615"
"2010-12-23 06:30:00+00:00","0.034","0.0","0.0128781"
"2010-12-23 07:00:00+00:00","0.091","0.0","0.013038"
"2010-12-23 07:30:00+00:00","0.047","0.0","0.01260135"
"2010-12-23 08:00:00+00:00","0.19","0.0","0.0138498"
"2010-12-23 08:30:00+00:00","0.135","0.0","0.013899"
"2010-12-23 09:00:00+00:00","0.117","0.0","0.0137022"
"2010-12-23 09:30:00+00:00","0.104","0.0","0.01412655"
"2010-12-23 10:00:00+00:00","0.107","0.0","0.013284"
"2010-12-23 10:30:00+00:00","0.111","0.0","0.01353615"
"2010-12-23 11:00:00+00:00","0.05","0.0","0.0134562"
"2010-12-23 11:30:00+00:00","0.733","0.0","0.0125337"
"2010-12-23 12:00:00+00:00","0.896","0.0","0.0130626"
"2010-12-23 12:30:00+00:00","0.795","0.0","0.01276125"
"2010-12-23 13:00:00+00:00","0.865","0.0","0.0138129"
"2010-12-23 13:30:00+00:00","1.085","0.0","0.0145755"
"2010-12-23 14:00:00+00:00","0.829","0.0","0.0146862"
"2010-12-23 14:30:00+00:00","0.526","0.0","0.01482765"
"2010-12-23 15:00:00+00:00","0.073","0.0","0.0155595"
"2010-12-23 15:30:00+00:00","0.17","0.0","0.01556565"
"2010-12-23 16:00:00+00:00","0.148","0.0","0.01556565"
"2010-12-23 16:30:00+00:00","0.134","0.0","0.01543035"
"2010-12-23 17:00:00+00:00","0.101","0.0","0.014883"
"2010-12-23 17:30:00+00:00","0.15","0.0","0.0139236"
"2010-12-23 18:00:00+00:00","0.16","0.0","0.0131241"
"2010-12-23 18:30:00+00:00","0.187","0.0","0.0124476"
"2010-12-23 19:00:00+00:00","0.171","0.0","0.01294575"
"2010-12-23 19:30:00+00:00","0.242","0.0","0.0134808"
"2010-12-23 20:00:00+00:00","0.133","0.0","0.01475385"
"2010-12-23 20:30:00+00:00","0.159","0.0","0.01437255"
"2010-12-23 21:00:00+00:00","0.177","0.0","0.01224465"
"2010-12-23 21:30:00+00:00","0.149","0.0","0.012423"
"2010-12-23 22:00:00+00:00","0.183","0.0","0.01218315"
"2010-12-23 22:30:00+00:00","0.142","0.0","0.0137883"
"2010-12-23 23:00:00+00:00","0.053","0.0","0.01144515"
"2010-12-23 23:30:00+00:00","0.098","0.0","0.01154355"
"2010-12-24 00:00:00+00:00","0.062","0.0","0.01222005"
"2010-12-24 00:30:00+00:00","0.094","0.0","0.01048575"
"2010-12-24 01:00:00+00:00","0.049","0.0","0.01016595"
"2010-12-24 01:30:00+00:00","0.092","0.0","0.00980925"
"2010-12-24 02:00:00+00:00","0.058","0.0","0.0061623"
"2010-12-24 02:30:00+00:00","0.085","0.0","0.00828405"
"2010-12-24 03:00:00+00:00","0.06","0.0","0.00715245"
"2010-12-24 03:30:00+00:00","0.075","0.0","0.00680805"
"2010-12-24 04:00:00+00:00","0.07","0.0","0.00731235"
"2010-12-24 04:30:00+00:00","0.062","0.0","0.00743535"
"2010-12-24 05:00:00+00:00","0.08","0.0","0.00891135"
"2010-12-24 05:30:00+00:00","0.051","0.0","0.01234305"
"2010-12-24 06:00:00+00:00","0.091","0.0","0.01228155"
"2010-12-24 06:30:00+00:00","0.045","0.0","0.01268745"
"2010-12-24 07:00:00+00:00","0.098","0.0","0.01284735"
"2010-12-24 07:30:00+00:00","0.056","0.013","0.0138006"
"2010-12-24 08:00:00+00:00","0.12","0.013","0.01278585"
"2010-12-24 08:30:00+00:00","0.105","0.05","0.0146493"
"2010-12-24 09:00:00+00:00","0.275","0.125","0.01394205"
"2010-12-24 09:30:00+00:00","0.249","0.331","0.0151659"
"2010-12-24 10:00:00+00:00","0.087","0.4","0.0155472"
"2010-12-24 10:30:00+00:00","0.095","0.55","0.0155349"
"2010-12-24 11:00:00+00:00","0.098","0.613","0.0155595"
"2010-12-24 11:30:00+00:00","0.116","0.6","0.0150798"
"2010-12-24 12:00:00+00:00","0.07","0.931","0.0154119"
"2010-12-24 12:30:00+00:00","0.074","0.938","0.01444635"
"2010-12-24 13:00:00+00:00","0.099","0.863","0.01402815"
"2010-12-24 13:30:00+00:00","0.044","0.894","0.01428645"
"2010-12-24 14:00:00+00:00","0.102","0.9","0.014145"
"2010-12-24 14:30:00+00:00","0.063","0.875","0.01369605"
"2010-12-24 15:00:00+00:00","0.081","0.825","0.01362225"
"2010-12-24 15:30:00+00:00","0.084","0.763","0.0131979"
"2010-12-24 16:00:00+00:00","0.058","0.688","0.0137022"
"2010-12-24 16:30:00+00:00","0.1","0.531","0.01531965"
"2010-12-24 17:00:00+00:00","0.05","0.369","0.0145878"
"2010-12-24 17:30:00+00:00","0.093","0.225","0.0125337"
"2010-12-24 18:00:00+00:00","0.074","0.088","0.01190025"
"2010-12-24 18:30:00+00:00","0.067","0.081","0.01217085"
"2010-12-24 19:00:00+00:00","0.094","0.044","0.01217085"
"2010-12-24 19:30:00+00:00","0.191","0.013","0.01222005"
"2010-12-24 20:00:00+00:00","0.221","0.0","0.0142065"
"2010-12-24 20:30:00+00:00","0.146","0.0","0.01285965"
"2010-12-24 21:00:00+00:00","0.137","0.0","0.0125214"
"2010-12-24 21:30:00+00:00","0.119","0.0","0.0128166"
"2010-12-24 22:00:00+00:00","0.2","0.006","0.01219545"
"2010-12-24 22:30:00+00:00","0.081","0.0","0.0174291"
"2010-12-24 23:00:00+00:00","0.09","0.0","0.0151167"
"2010-12-24 23:30:00+00:00","0.053","0.0","0.01492605"
"2010-12-25 00:00:00+00:00","0.089","0.0","0.0136407"
"2010-12-25 00:30:00+00:00","0.049","0.0","0.01190025"
"2010-12-25 01:00:00+00:00","0.093","0.0","0.01236765"
"2010-12-25 01:30:00+00:00","0.041","0.0","0.01222005"
"2010-12-25 02:00:00+00:00","0.093","0.0","0.01133445"
"2010-12-25 02:30:00+00:00","0.047","0.0","0.01196175"
"2010-12-25 03:00:00+00:00","0.081","0.0","0.01007985"
"2010-12-25 03:30:00+00:00","0.058","0.0","0.00591015"
"2010-12-25 04:00:00+00:00","0.069","0.0","0.00432345"
"2010-12-25 04:30:00+00:00","0.069","0.0","0.00608235"
"2010-12-25 05:00:00+00:00","0.057","0.0","0.0040959"
"2010-12-25 05:30:00+00:00","0.08","0.0","0.0062607"
"2010-12-25 06:00:00+00:00","0.11","0.0","0.0059532"
"2010-12-25 06:30:00+00:00","0.111","0.0","0.00923115"
"2010-12-25 07:00:00+00:00","0.05","0.038","0.0106026"
"2010-12-25 07:30:00+00:00","0.083","0.15","0.01202325"
"2010-12-25 08:00:00+00:00","0.077","0.288","0.0123123"
"2010-12-25 08:30:00+00:00","0.285","0.413","0.01258905"
"2010-12-25 09:00:00+00:00","0.141","0.525","0.01236765"
"2010-12-25 09:30:00+00:00","0.059","0.631","0.01219545"
"2010-12-25 10:00:00+00:00","0.101","0.7","0.01220775"
"2010-12-25 10:30:00+00:00","0.065","0.781","0.01224465"
"2010-12-25 11:00:00+00:00","0.074","0.825","0.0122139"
"2010-12-25 11:30:00+00:00","0.209","0.863","0.01214625"
"2010-12-25 12:00:00+00:00","0.176","0.881","0.012177"
"2010-12-25 12:30:00+00:00","0.161","0.919","0.0121032"
"2010-12-25 13:00:00+00:00","0.163","0.931","0.0121155"
"2010-12-25 13:30:00+00:00","0.113","0.931","0.0121155"
"2010-12-25 14:00:00+00:00","0.143","0.894","0.012177"
"2010-12-25 14:30:00+00:00","0.236","0.863","0.012177"
"2010-12-25 15:00:00+00:00","0.145","0.825","0.012177"
"2010-12-25 15:30:00+00:00","0.09","0.763","0.01219545"
"2010-12-25 16:00:00+00:00","0.116","0.7","0.01222005"
"2010-12-25 16:30:00+00:00","0.061","0.606","0.01222005"
"2010-12-25 17:00:00+00:00","0.068","0.394","0.0122385"
"2010-12-25 17:30:00+00:00","0.093","0.281","0.012177"
"2010-12-25 18:00:00+00:00","0.041","0.081","0.01222005"
"2010-12-25 18:30:00+00:00","0.089","0.05","0.01219545"
"2010-12-25 19:00:00+00:00","0.083","0.019","0.012177"
"2010-12-25 19:30:00+00:00","0.082","0.013","0.0118572"
"2010-12-25 20:00:00+00:00","0.274","0.0","0.01228155"
"2010-12-25 20:30:00+00:00","0.141","0.0","0.0123"
"2010-12-25 21:00:00+00:00","0.076","0.0","0.01261365"
"2010-12-25 21:30:00+00:00","0.198","0.0","0.012177"
"2010-12-25 22:00:00+00:00","0.147","0.0","0.0114021"
"2010-12-25 22:30:00+00:00","0.089","0.0","0.01329015"
"2010-12-25 23:00:00+00:00","0.054","0.0","0.01204785"
"2010-12-25 23:30:00+00:00","0.099","0.0","0.0117342"
"2010-12-26 00:00:00+00:00","0.059","0.0","0.0107379"
"2010-12-26 00:30:00+00:00","0.116","0.0","0.0087576"
"2010-12-26 01:00:00+00:00","0.098","0.0","0.00873915"
"2010-12-26 01:30:00+00:00","0.066","0.0","0.00865305"
"2010-12-26 02:00:00+00:00","0.081","0.0","0.0072324"
"2010-12-26 02:30:00+00:00","0.046","0.0","0.00743535"
"2010-12-26 03:00:00+00:00","0.093","0.0","0.0070725"
"2010-12-26 03:30:00+00:00","0.033","0.0","0.006888"
"2010-12-26 04:00:00+00:00","0.093","0.0","0.00683265"
"2010-12-26 04:30:00+00:00","0.046","0.0","0.00689415"
"2010-12-26 05:00:00+00:00","0.079","0.0","0.00694335"
"2010-12-26 05:30:00+00:00","0.055","0.0","0.00758295"
"2010-12-26 06:00:00+00:00","0.071","0.0","0.0075768"
"2010-12-26 06:30:00+00:00","0.069","0.013","0.0084993"
"2010-12-26 07:00:00+00:00","0.11","0.075","0.01051035"
"2010-12-26 07:30:00+00:00","0.134","0.094","0.0111315"
"2010-12-26 08:00:00+00:00","0.137","0.094","0.0116481"
"2010-12-26 08:30:00+00:00","0.138","0.194","0.01229385"
"2010-12-26 09:00:00+00:00","0.104","0.175","0.01229385"
"2010-12-26 09:30:00+00:00","0.051","0.138","0.0123"
"2010-12-26 10:00:00+00:00","0.094","0.25","0.0123"
"2010-12-26 10:30:00+00:00","0.045","0.344","0.0123"
"2010-12-26 11:00:00+00:00","0.083","0.388","0.0123"
"2010-12-26 11:30:00+00:00","0.07","0.281","0.0123"
"2010-12-26 12:00:00+00:00","0.056","0.344","0.01231845"
"2010-12-26 12:30:00+00:00","0.093","0.35","0.012177"
"2010-12-26 13:00:00+00:00","0.037","0.475","0.0121893"
"2010-12-26 13:30:00+00:00","0.1","0.294","0.01223235"
"2010-12-26 14:00:00+00:00","0.202","0.244","0.01426185"
"2010-12-26 14:30:00+00:00","0.122","0.25","0.01530735"
"2010-12-26 15:00:00+00:00","0.113","0.313","0.0148461"
"2010-12-26 15:30:00+00:00","0.122","0.35","0.01431105"
"2010-12-26 16:00:00+00:00","0.134","0.638","0.01530735"
"2010-12-26 16:30:00+00:00","0.076","0.381","0.01534425"
"2010-12-26 17:00:00+00:00","0.462","0.25","0.01555335"
"2010-12-26 17:30:00+00:00","1.106","0.225","0.01527045"
"2010-12-26 18:00:00+00:00","1.062","0.156","0.01551645"
"2010-12-26 18:30:00+00:00","0.22","0.038","0.01486455"
"2010-12-26 19:00:00+00:00","0.168","0.006","0.01546725"
"2010-12-26 19:30:00+00:00","0.1","0.0","0.0144525"
"2010-12-26 20:00:00+00:00","0.073","0.0","0.01417575"
"2010-12-26 20:30:00+00:00","0.147","0.0","0.0131118"
"2010-12-26 21:00:00+00:00","0.133","0.0","0.01213395"
"2010-12-26 21:30:00+00:00","0.101","0.0","0.0121032"
"2010-12-26 22:00:00+00:00","0.094","0.0","0.0113652"
"2010-12-26 22:30:00+00:00","0.046","0.0","0.01252755"
"2010-12-26 23:00:00+00:00","0.08","0.006","0.01204785"
"2010-12-26 23:30:00+00:00","0.064","0.0","0.01153125"
"2010-12-27 00:00:00+00:00","0.064","0.0","0.01035045"
"2010-12-27 00:30:00+00:00","0.074","0.0","0.0094341"
"2010-12-27 01:00:00+00:00","0.051","0.0","0.00923115"
"2010-12-27 01:30:00+00:00","0.083","0.0","0.00779205"
"2010-12-27 02:00:00+00:00","0.041","0.0","0.00698025"
"2010-12-27 02:30:00+00:00","0.091","0.0","0.00677115"
"2010-12-27 03:00:00+00:00","0.038","0.0","0.00583635"
"2010-12-27 03:30:00+00:00","0.095","0.0","0.00625455"
"2010-12-27 04:00:00+00:00","0.034","0.0","0.0037392"
"2010-12-27 04:30:00+00:00","0.09","0.0","0.00637755"
"2010-12-27 05:00:00+00:00","0.037","0.0","0.00720165"
"2010-12-27 05:30:00+00:00","0.086","0.0","0.0103935"
"2010-12-27 06:00:00+00:00","0.066","0.0","0.0079458"
"2010-12-27 06:30:00+00:00","0.096","0.0","0.010086"
"2010-12-27 07:00:00+00:00","0.101","0.0","0.010455"
"2010-12-27 07:30:00+00:00","0.281","0.025","0.01185105"
"2010-12-27 08:00:00+00:00","0.172","0.038","0.01237995"
"2010-12-27 08:30:00+00:00","0.131","0.063","0.0130011"
"2010-12-27 09:00:00+00:00","0.114","0.05","0.01306875"
"2010-12-27 09:30:00+00:00","0.076","0.163","0.01426185"
"2010-12-27 10:00:00+00:00","0.051","0.338","0.01477845"
"2010-12-27 10:30:00+00:00","0.084","0.369","0.015252"
"2010-12-27 11:00:00+00:00","0.043","0.194","0.0155472"
"2010-12-27 11:30:00+00:00","0.086","0.119","0.0143418"
"2010-12-27 12:00:00+00:00","0.038","0.106","0.01491375"
"2010-12-27 12:30:00+00:00","0.089","0.138","0.01437255"
"2010-12-27 13:00:00+00:00","0.038","0.156","0.0142188"
"2010-12-27 13:30:00+00:00","0.088","0.119","0.01515975"
"2010-12-27 14:00:00+00:00","0.037","0.119","0.01493835"
"2010-12-27 14:30:00+00:00","0.091","0.219","0.01445865"
"2010-12-27 15:00:00+00:00","0.036","0.281","0.01436025"
"2010-12-27 15:30:00+00:00","0.091","0.244","0.01420035"
"2010-12-27 16:00:00+00:00","0.035","0.188","0.0145017"
"2010-12-27 16:30:00+00:00","0.221","0.1","0.0145755"
"2010-12-27 17:00:00+00:00","0.138","0.05","0.0151536"
"2010-12-27 17:30:00+00:00","0.085","0.044","0.01404045"
"2010-12-27 18:00:00+00:00","0.179","0.031","0.0140958"
"2010-12-27 18:30:00+00:00","0.116","0.006","0.0137637"
"2010-12-27 19:00:00+00:00","0.164","0.0","0.0139851"
"2010-12-27 19:30:00+00:00","0.126","0.0","0.01395435"
"2010-12-27 20:00:00+00:00","0.144","0.0","0.01390515"
"2010-12-27 20:30:00+00:00","0.123","0.0","0.013653"
"2010-12-27 21:00:00+00:00","0.152","0.0","0.0127674"
"2010-12-27 21:30:00+00:00","0.092","0.0","0.01267515"
"2010-12-27 22:00:00+00:00","0.139","0.0","0.0120417"
"2010-12-27 22:30:00+00:00","0.101","0.0","0.01202325"
"2010-12-27 23:00:00+00:00","0.113","0.0","0.01169115"
"2010-12-27 23:30:00+00:00","0.062","0.0","0.01229385"
"2010-12-28 00:00:00+00:00","0.068","0.0","0.0121401"
"2010-12-28 00:30:00+00:00","0.063","0.0","0.0118818"
"2010-12-28 01:00:00+00:00","0.057","0.0","0.01207245"
"2010-12-28 01:30:00+00:00","0.073","0.0","0.01207245"
"2010-12-28 02:00:00+00:00","0.047","0.0","0.01051035"
"2010-12-28 02:30:00+00:00","0.083","0.0","0.01032585"
"2010-12-28 03:00:00+00:00","0.035","0.0","0.0095817"
"2010-12-28 03:30:00+00:00","0.084","0.0","0.00882525"
"2010-12-28 04:00:00+00:00","0.046","0.0","0.0077613"
"2010-12-28 04:30:00+00:00","0.072","0.0","0.00930495"
"2010-12-28 05:00:00+00:00","0.059","0.0","0.00848085"
"2010-12-28 05:30:00+00:00","0.059","0.0","0.00755835"
"2010-12-28 06:00:00+00:00","0.071","0.0","0.0073185"
"2010-12-28 06:30:00+00:00","0.074","0.0","0.009717"
"2010-12-28 07:00:00+00:00","0.122","0.025","0.0113652"
"2010-12-28 07:30:00+00:00","0.05","0.063","0.0121032"
"2010-12-28 08:00:00+00:00","0.083","0.044","0.0122385"
"2010-12-28 08:30:00+00:00","0.187","0.056","0.0128535"
"2010-12-28 09:00:00+00:00","0.151","0.138","0.01309335"
"2010-12-28 09:30:00+00:00","0.096","0.331","0.0143664"
"2010-12-28 10:00:00+00:00","0.122","0.531","0.0138744"
"2010-12-28 10:30:00+00:00","0.053","0.65","0.014022"
"2010-12-28 11:00:00+00:00","0.087","0.669","0.0139605"
"2010-12-28 11:30:00+00:00","0.051","0.7","0.01365915"
"2010-12-28 12:00:00+00:00","0.092","0.625","0.0139605"
"2010-12-28 12:30:00+00:00","0.076","0.519","0.0134439"
"2010-12-28 13:00:00+00:00","0.166","0.425","0.02412645"
"2010-12-28 13:30:00+00:00","0.103","0.35","0.0155226"
"2010-12-28 14:00:00+00:00","0.117","0.45","0.01549185"
"2010-12-28 14:30:00+00:00","0.103","0.288","0.0155595"
"2010-12-28 15:00:00+00:00","0.116","0.213","0.0155595"
"2010-12-28 15:30:00+00:00","0.145","0.188","0.0155103"
"2010-12-28 16:00:00+00:00","0.115","0.181","0.0155595"
"2010-12-28 16:30:00+00:00","0.124","0.113","0.0154488"
"2010-12-28 17:00:00+00:00","0.107","0.094","0.01556565"
"2010-12-28 17:30:00+00:00","0.137","0.075","0.01547955"
"2010-12-28 18:00:00+00:00","0.257","0.038","0.0155226"
"2010-12-28 18:30:00+00:00","0.093","0.038","0.014883"
"2010-12-28 19:00:00+00:00","0.099","0.025","0.01455705"
"2010-12-28 19:30:00+00:00","0.161","0.0","0.01348695"
"2010-12-28 20:00:00+00:00","0.153","0.0","0.01431105"
"2010-12-28 20:30:00+00:00","0.161","0.0","0.01379445"
"2010-12-28 21:00:00+00:00","0.149","0.0","0.0124107"
"2010-12-28 21:30:00+00:00","0.143","0.0","0.0123246"
"2010-12-28 22:00:00+00:00","0.111","0.0","0.0123984"
"2010-12-28 22:30:00+00:00","0.123","0.0","0.0141081"
"2010-12-28 23:00:00+00:00","0.086","0.0","0.01399125"
"2010-12-28 23:30:00+00:00","0.083","0.0","0.0129642"
"2010-12-29 00:00:00+00:00","0.046","0.0","0.0122877"
"2010-12-29 00:30:00+00:00","0.087","0.0","0.0123123"
"2010-12-29 01:00:00+00:00","0.04","0.0","0.01174035"
"2010-12-29 01:30:00+00:00","0.091","0.0","0.011808"
"2010-12-29 02:00:00+00:00","0.035","0.0","0.0101967"
"2010-12-29 02:30:00+00:00","0.092","0.0","0.01037505"
"2010-12-29 03:00:00+00:00","0.039","0.0","0.00953865"
"2010-12-29 03:30:00+00:00","0.086","0.0","0.00902205"
"2010-12-29 04:00:00+00:00","0.047","0.0","0.0090159"
"2010-12-29 04:30:00+00:00","0.077","0.0","0.0099261"
"2010-12-29 05:00:00+00:00","0.055","0.0","0.01081785"
"2010-12-29 05:30:00+00:00","0.073","0.0","0.0111315"
"2010-12-29 06:00:00+00:00","0.064","0.0","0.01076865"
"2010-12-29 06:30:00+00:00","0.057","0.0","0.01265055"
"2010-12-29 07:00:00+00:00","0.078","0.038","0.0131241"
"2010-12-29 07:30:00+00:00","0.051","0.163","0.0128658"
"2010-12-29 08:00:00+00:00","0.078","0.3","0.014883"
"2010-12-29 08:30:00+00:00","0.058","0.419","0.0151167"
"2010-12-29 09:00:00+00:00","0.284","0.538","0.01556565"
"2010-12-29 09:30:00+00:00","0.1","0.625","0.01556565"
"2010-12-29 10:00:00+00:00","0.083","0.7","0.01556565"
"2010-12-29 10:30:00+00:00","0.116","0.85","0.01556565"
"2010-12-29 11:00:00+00:00","0.045","0.863","0.01551645"
"2010-12-29 11:30:00+00:00","0.092","0.906","0.01554105"
"2010-12-29 12:00:00+00:00","0.054","0.925","0.0155595"
"2010-12-29 12:30:00+00:00","0.084","0.944","0.0154734"
"2010-12-29 13:00:00+00:00","0.062","0.906","0.01551645"
"2010-12-29 13:30:00+00:00","0.075","0.956","0.01556565"
"2010-12-29 14:00:00+00:00","0.07","0.931","0.01556565"
"2010-12-29 14:30:00+00:00","0.067","0.913","0.01556565"
"2010-12-29 15:00:00+00:00","0.081","0.863","0.01556565"
"2010-12-29 15:30:00+00:00","0.055","0.806","0.01486455"
"2010-12-29 16:00:00+00:00","0.094","0.731","0.0155595"
"2010-12-29 16:30:00+00:00","0.04","0.644","0.0222384"
"2010-12-29 17:00:00+00:00","0.102","0.413","0.0158055"
"2010-12-29 17:30:00+00:00","0.046","0.294","0.01547955"
"2010-12-29 18:00:00+00:00","0.089","0.05","0.01556565"
"2010-12-29 18:30:00+00:00","0.062","0.025","0.01556565"
"2010-12-29 19:00:00+00:00","0.072","0.019","0.01556565"
"2010-12-29 19:30:00+00:00","0.081","0.006","0.0153381"
"2010-12-29 20:00:00+00:00","0.205","0.0","0.0155718"
"2010-12-29 20:30:00+00:00","0.268","0.0","0.01547955"
"2010-12-29 21:00:00+00:00","0.137","0.0","0.01356075"
"2010-12-29 21:30:00+00:00","0.146","0.0","0.01547955"
"2010-12-29 22:00:00+00:00","0.221","0.0","0.013776"
"2010-12-29 22:30:00+00:00","0.041","0.0","0.01603305"
"2010-12-29 23:00:00+00:00","0.095","0.0","0.01648815"
"2010-12-29 23:30:00+00:00","0.097","0.0","0.0151905"
"2010-12-30 00:00:00+00:00","0.051","0.0","0.0141204"
"2010-12-30 00:30:00+00:00","0.099","0.0","0.0140589"
"2010-12-30 01:00:00+00:00","0.041","0.0","0.01297035"
"2010-12-30 01:30:00+00:00","0.1","0.0","0.0121032"
"2010-12-30 02:00:00+00:00","0.041","0.0","0.0110208"
"2010-12-30 02:30:00+00:00","0.098","0.0","0.0103935"
"2010-12-30 03:00:00+00:00","0.044","0.0","0.01011675"
"2010-12-30 03:30:00+00:00","0.089","0.0","0.01054725"
"2010-12-30 04:00:00+00:00","0.051","0.0","0.01103925"
"2010-12-30 04:30:00+00:00","0.08","0.0","0.01113765"
"2010-12-30 05:00:00+00:00","0.06","0.0","0.0106149"
"2010-12-30 05:30:00+00:00","0.07","0.0","0.01204785"
"2010-12-30 06:00:00+00:00","0.074","0.0","0.0125091"
"2010-12-30 06:30:00+00:00","0.061","0.006","0.01336395"
"2010-12-30 07:00:00+00:00","0.089","0.031","0.0137514"
"2010-12-30 07:30:00+00:00","0.19","0.119","0.01503675"
"2010-12-30 08:00:00+00:00","0.218","0.281","0.01556565"
"2010-12-30 08:30:00+00:00","0.415","0.406","0.0154857"
"2010-12-30 09:00:00+00:00","0.124","0.513","0.01556565"
"2010-12-30 09:30:00+00:00","0.139","0.619","0.01556565"
"2010-12-30 10:00:00+00:00","0.107","0.7","0.01556565"
"2010-12-30 10:30:00+00:00","0.084","0.763","0.01556565"
"2010-12-30 11:00:00+00:00","0.024","0.819","0.01556565"
"2010-12-30 11:30:00+00:00","0.081","0.85","0.01556565"
"2010-12-30 12:00:00+00:00","0.048","0.863","0.01608225"
"2010-12-30 12:30:00+00:00","0.061","0.913","0.01538115"
"2010-12-30 13:00:00+00:00","0.068","0.913","0.01573785"
"2010-12-30 13:30:00+00:00","0.039","0.925","0.0178473"
"2010-12-30 14:00:00+00:00","0.085","0.9","0.01825935"
"2010-12-30 14:30:00+00:00","0.028","0.869","0.0239481"
"2010-12-30 15:00:00+00:00","0.081","0.844","0.025092"
"2010-12-30 15:30:00+00:00","0.056","0.788","0.0242556"
"2010-12-30 16:00:00+00:00","0.051","0.6","0.0183762"
"2010-12-30 16:30:00+00:00","0.085","0.475","0.01807485"
"2010-12-30 17:00:00+00:00","0.022","0.231","0.0183147"
"2010-12-30 17:30:00+00:00","0.085","0.119","0.01610685"
"2010-12-30 18:00:00+00:00","0.054","0.131","0.0160884"
"2010-12-30 18:30:00+00:00","0.051","0.044","0.01556565"
"2010-12-30 19:00:00+00:00","0.084","0.019","0.01556565"
"2010-12-30 19:30:00+00:00","0.021","0.006","0.0156579"
"2010-12-30 20:00:00+00:00","0.092","0.0","0.0178965"
"2010-12-30 20:30:00+00:00","0.048","0.0","0.0158547"
"2010-12-30 21:00:00+00:00","0.056","0.0","0.01554105"
"2010-12-30 21:30:00+00:00","0.143","0.006","0.01556565"
"2010-12-30 22:00:00+00:00","0.368","0.0","0.01450785"
"2010-12-30 22:30:00+00:00","0.263","0.0","0.01684485"
"2010-12-30 23:00:00+00:00","0.295","0.0","0.01493835"
"2010-12-30 23:30:00+00:00","0.175","0.0","0.01476615"
"2010-12-31 00:00:00+00:00","0.155","0.0","0.01385595"
"2010-12-31 00:30:00+00:00","0.113","0.0","0.0127305"
"2010-12-31 01:00:00+00:00","0.128","0.0","0.0115374"
"2010-12-31 01:30:00+00:00","0.054","0.0","0.0122631"
"2010-12-31 02:00:00+00:00","0.152","0.0","0.01220775"
"2010-12-31 02:30:00+00:00","0.054","0.0","0.0117834"
"2010-12-31 03:00:00+00:00","0.124","0.0","0.01117455"
"2010-12-31 03:30:00+00:00","0.095","0.0","0.0109101"
"2010-12-31 04:00:00+00:00","0.084","0.0","0.010455"
"2010-12-31 04:30:00+00:00","0.113","0.0","0.010455"
"2010-12-31 05:00:00+00:00","0.084","0.0","0.01060875"
"2010-12-31 05:30:00+00:00","0.09","0.0","0.0126567"
"2010-12-31 06:00:00+00:00","0.109","0.0","0.01225695"
"2010-12-31 06:30:00+00:00","0.064","0.0","0.01330245"
"2010-12-31 07:00:00+00:00","0.243","0.031","0.01429875"
"2010-12-31 07:30:00+00:00","0.099","0.144","0.01523355"
"2010-12-31 08:00:00+00:00","0.142","0.288","0.01556565"
"2010-12-31 08:30:00+00:00","0.105","0.425","0.0158793"
"2010-12-31 09:00:00+00:00","0.157","0.519","0.0157686"
"2010-12-31 09:30:00+00:00","0.154","0.613","0.01546725"
"2010-12-31 10:00:00+00:00","0.118","0.7","0.0155718"
"2010-12-31 10:30:00+00:00","0.211","0.756","0.01777965"
"2010-12-31 11:00:00+00:00","0.16","0.813","0.0177366"
"2010-12-31 11:30:00+00:00","0.123","0.856","0.01841925"
"2010-12-31 12:00:00+00:00","0.177","0.9","0.01921875"
"2010-12-31 12:30:00+00:00","0.182","0.919","0.0202704"
"2010-12-31 13:00:00+00:00","0.204","0.925","0.02374515"
"2010-12-31 13:30:00+00:00","0.22","0.919","0.01993215"
"2010-12-31 14:00:00+00:00","0.221","0.888","0.01921875"
"2010-12-31 14:30:00+00:00","0.297","0.869","0.0245385"
"2010-12-31 15:00:00+00:00","0.18","0.838","0.02899725"
"2010-12-31 15:30:00+00:00","0.187","0.781","0.0310206"
"2010-12-31 16:00:00+00:00","0.236","0.713","0.0347352"
"2010-12-31 16:30:00+00:00","0.181","0.631","0.03761955"
"2010-12-31 17:00:00+00:00","0.191","0.431","0.0310206"
"2010-12-31 17:30:00+00:00","0.124","0.288","0.01931715"
"2010-12-31 18:00:00+00:00","0.196","0.056","0.0170724"
"2010-12-31 18:30:00+00:00","0.193","0.019","0.01531965"
"2010-12-31 19:00:00+00:00","0.273","0.013","0.01491375"
"2010-12-31 19:30:00+00:00","0.436","0.006","0.01556565"
"2010-12-31 20:00:00+00:00","0.197","0.0","0.0167034"
"2010-12-31 20:30:00+00:00","0.274","0.0","0.01616835"
"2010-12-31 21:00:00+00:00","0.211","0.0","0.01629135"
"2010-12-31 21:30:00+00:00","0.162","0.0","0.0157932"
"2010-12-31 22:00:00+00:00","0.147","0.0","0.0146739"
"2010-12-31 22:30:00+00:00","0.6","0.0","0.01629135"
"2010-12-31 23:00:00+00:00","0.668","0.0","0.0154857"
"2010-12-31 23:30:00+00:00","0.162","0.0","0.01610685"
"2011-01-01 00:00:00+00:00","0.123","0.0","0.0151413"
"2011-01-01 00:30:00+00:00","0.099","0.0","0.015375"
"2011-01-01 01:00:00+00:00","0.131","0.0","0.01502445"
"2011-01-01 01:30:00+00:00","0.113","0.0","0.0153873"
"2011-01-01 02:00:00+00:00","0.049","0.0","0.0140343"
"2011-01-01 02:30:00+00:00","0.16","0.0","0.01303185"
"2011-01-01 03:00:00+00:00","0.089","0.0","0.0137022"
"2011-01-01 03:30:00+00:00","0.071","0.0","0.0120786"
"2011-01-01 04:00:00+00:00","0.14","0.0","0.01219545"
"2011-01-01 04:30:00+00:00","0.073","0.0","0.012177"
"2011-01-01 05:00:00+00:00","0.106","0.0","0.01159275"
"2011-01-01 05:30:00+00:00","0.11","0.0","0.01198635"
"2011-01-01 06:00:00+00:00","0.084","0.0","0.0114882"
"2011-01-01 06:30:00+00:00","0.11","0.0","0.01231845"
"2011-01-01 07:00:00+00:00","0.092","0.031","0.0134808"
"2011-01-01 07:30:00+00:00","0.092","0.138","0.0132102"
"2011-01-01 08:00:00+00:00","0.102","0.294","0.0128412"
"2011-01-01 08:30:00+00:00","0.119","0.425","0.01529505"
"2011-01-01 09:00:00+00:00","0.066","0.544","0.0155226"
"2011-01-01 09:30:00+00:00","0.198","0.638","0.01556565"
"2011-01-01 10:00:00+00:00","0.192","0.725","0.0155718"
"2011-01-01 10:30:00+00:00","0.187","0.788","0.01556565"
"2011-01-01 11:00:00+00:00","0.137","0.831","0.0157071"
"2011-01-01 11:30:00+00:00","0.137","0.844","0.0171339"
"2011-01-01 12:00:00+00:00","0.091","0.888","0.01506135"
"2011-01-01 12:30:00+00:00","0.144","0.925","0.01556565"
"2011-01-01 13:00:00+00:00","0.064","0.925","0.0155349"
"2011-01-01 13:30:00+00:00","0.169","0.931","0.01556565"
"2011-01-01 14:00:00+00:00","0.362","0.906","0.01556565"
"2011-01-01 14:30:00+00:00","0.269","0.888","0.01620525"
"2011-01-01 15:00:00+00:00","0.305","0.844","0.0169248"
"2011-01-01 15:30:00+00:00","0.312","0.8","0.01776735"
"2011-01-01 16:00:00+00:00","0.298","0.719","0.0182409"
"2011-01-01 16:30:00+00:00","0.328","0.625","0.01876365"
"2011-01-01 17:00:00+00:00","0.222","0.444","0.0199752"
"2011-01-01 17:30:00+00:00","0.218","0.294","0.01616835"
"2011-01-01 18:00:00+00:00","0.583","0.056","0.0195816"
"2011-01-01 18:30:00+00:00","0.453","0.013","0.01711545"
"2011-01-01 19:00:00+00:00","0.509","0.013","0.0162483"
"2011-01-01 19:30:00+00:00","0.329","0.006","0.01626675"
"2011-01-01 20:00:00+00:00","0.257","0.0","0.0192003"
"2011-01-01 20:30:00+00:00","0.278","0.0","0.01792725"
"2011-01-01 21:00:00+00:00","0.397","0.0","0.01694325"
"2011-01-01 21:30:00+00:00","0.258","0.0","0.01581165"
"2011-01-01 22:00:00+00:00","0.344","0.0","0.0154119"
"2011-01-01 22:30:00+00:00","1.007","0.0","0.0173184"
"2011-01-01 23:00:00+00:00","0.377","0.0","0.0155472"
"2011-01-01 23:30:00+00:00","0.215","0.0","0.0155226"
"2011-01-02 00:00:00+00:00","0.155","0.0","0.01477845"
"2011-01-02 00:30:00+00:00","0.123","0.0","0.0137022"
"2011-01-02 01:00:00+00:00","0.18","0.0","0.0130626"
"2011-01-02 01:30:00+00:00","0.161","0.0","0.01235535"
"2011-01-02 02:00:00+00:00","0.055","0.0","0.0121524"
"2011-01-02 02:30:00+00:00","0.12","0.0","0.0123246"
"2011-01-02 03:00:00+00:00","0.124","0.0","0.01235535"
"2011-01-02 03:30:00+00:00","0.14","0.0","0.01167885"
"2011-01-02 04:00:00+00:00","0.177","0.0","0.01180185"
"2011-01-02 04:30:00+00:00","0.12","0.0","0.01219545"
"2011-01-02 05:00:00+00:00","0.167","0.0","0.01135905"
"2011-01-02 05:30:00+00:00","0.146","0.0","0.0103689"
"2011-01-02 06:00:00+00:00","0.13","0.0","0.01089165"
"2011-01-02 06:30:00+00:00","0.177","0.0","0.01236765"
"2011-01-02 07:00:00+00:00","0.098","0.006","0.01337625"
"2011-01-02 07:30:00+00:00","0.105","0.031","0.01343775"
"2011-01-02 08:00:00+00:00","0.141","0.075","0.01466775"
"2011-01-02 08:30:00+00:00","0.151","0.1","0.01556565"
"2011-01-02 09:00:00+00:00","0.164","0.169","0.01556565"
"2011-01-02 09:30:00+00:00","0.063","0.188","0.01567635"
"2011-01-02 10:00:00+00:00","0.16","0.331","0.01604535"
"2011-01-02 10:30:00+00:00","0.166","0.525","0.01641435"
"2011-01-02 11:00:00+00:00","0.302","0.769","0.01733685"
"2011-01-02 11:30:00+00:00","0.256","0.863","0.01739835"
"2011-01-02 12:00:00+00:00","0.226","0.875","0.01770585"
"2011-01-02 12:30:00+00:00","0.236","0.888","0.0171462"
"2011-01-02 13:00:00+00:00","0.274","0.888","0.0179703"
"2011-01-02 13:30:00+00:00","0.301","0.888","0.01834545"
"2011-01-02 14:00:00+00:00","0.272","0.881","0.0188682"
"2011-01-02 14:30:00+00:00","0.236","0.863","0.0188067"
"2011-01-02 15:00:00+00:00","0.363","0.813","0.01898505"
"2011-01-02 15:30:00+00:00","0.219","0.719","0.018081"
"2011-01-02 16:00:00+00:00","0.235","0.525","0.01631595"
"2011-01-02 16:30:00+00:00","0.255","0.169","0.01556565"
"2011-01-02 17:00:00+00:00","0.184","0.075","0.01571325"
"2011-01-02 17:30:00+00:00","0.237","0.038","0.015621"
"2011-01-02 18:00:00+00:00","0.221","0.006","0.0160269"
"2011-01-02 18:30:00+00:00","0.59","0.006","0.0158916"
"2011-01-02 19:00:00+00:00","0.348","0.0","0.01556565"
"2011-01-02 19:30:00+00:00","0.242","0.0","0.01556565"
"2011-01-02 20:00:00+00:00","0.349","0.0","0.0155841"
"2011-01-02 20:30:00+00:00","0.229","0.0","0.01556565"
"2011-01-02 21:00:00+00:00","0.174","0.006","0.01557795"
"2011-01-02 21:30:00+00:00","0.216","0.0","0.01556565"
"2011-01-02 22:00:00+00:00","0.219","0.0","0.0155349"
"2011-01-02 22:30:00+00:00","0.155","0.0","0.0161007"
"2011-01-02 23:00:00+00:00","0.198","0.0","0.0145632"
"2011-01-02 23:30:00+00:00","0.148","0.0","0.0146247"
"2011-01-03 00:00:00+00:00","0.16","0.0","0.0133209"
"2011-01-03 00:30:00+00:00","0.164","0.0","0.0129027"
"2011-01-03 01:00:00+00:00","0.114","0.0","0.0121032"
"2011-01-03 01:30:00+00:00","0.162","0.0","0.01258905"
"2011-01-03 02:00:00+00:00","0.118","0.0","0.01192485"
"2011-01-03 02:30:00+00:00","0.06","0.0","0.0122754"
"2011-01-03 03:00:00+00:00","0.121","0.0","0.0117096"
"2011-01-03 03:30:00+00:00","0.075","0.0","0.01160505"
"2011-01-03 04:00:00+00:00","0.159","0.0","0.01182645"
"2011-01-03 04:30:00+00:00","0.161","0.0","0.01178955"
"2011-01-03 05:00:00+00:00","0.122","0.0","0.0115374"
"2011-01-03 05:30:00+00:00","0.171","0.0","0.0119556"
"2011-01-03 06:00:00+00:00","0.197","0.0","0.01219545"
"2011-01-03 06:30:00+00:00","0.157","0.0","0.01222005"
"2011-01-03 07:00:00+00:00","0.17","0.019","0.01237995"
"2011-01-03 07:30:00+00:00","0.118","0.063","0.01251525"
"2011-01-03 08:00:00+00:00","0.306","0.056","0.01391745"
"2011-01-03 08:30:00+00:00","0.185","0.063","0.0153381"
"2011-01-03 09:00:00+00:00","0.15","0.044","0.01556565"
"2011-01-03 09:30:00+00:00","0.17","0.094","0.01556565"
"2011-01-03 10:00:00+00:00","0.198","0.138","0.01556565"
"2011-01-03 10:30:00+00:00","0.188","0.188","0.01556565"
"2011-01-03 11:00:00+00:00","0.139","0.231","0.01556565"
"2011-01-03 11:30:00+00:00","0.131","0.344","0.01556565"
"2011-01-03 12:00:00+00:00","0.301","0.444","0.01556565"
"2011-01-03 12:30:00+00:00","0.316","0.419","0.01556565"
"2011-01-03 13:00:00+00:00","0.328","0.313","0.0157563"
"2011-01-03 13:30:00+00:00","0.174","0.506","0.01602075"
"2011-01-03 14:00:00+00:00","0.211","0.25","0.0157932"
"2011-01-03 14:30:00+00:00","0.179","0.125","0.0155349"
"2011-01-03 15:00:00+00:00","0.196","0.138","0.01556565"
"2011-01-03 15:30:00+00:00","0.254","0.181","0.01556565"
"2011-01-03 16:00:00+00:00","0.2","0.463","0.01573785"
"2011-01-03 16:30:00+00:00","0.253","0.381","0.0160392"
"2011-01-03 17:00:00+00:00","0.209","0.45","0.0171462"
"2011-01-03 17:30:00+00:00","0.237","0.231","0.0159777"
"2011-01-03 18:00:00+00:00","0.212","0.094","0.01556565"
"2011-01-03 18:30:00+00:00","0.243","0.006","0.01556565"
"2011-01-03 19:00:00+00:00","0.188","0.019","0.015498"
"2011-01-03 19:30:00+00:00","0.188","0.013","0.01556565"
"2011-01-03 20:00:00+00:00","0.279","0.0","0.0157686"
"2011-01-03 20:30:00+00:00","0.205","0.0","0.01547955"
"2011-01-03 21:00:00+00:00","0.185","0.0","0.0155472"
"2011-01-03 21:30:00+00:00","0.177","0.0","0.01556565"
"2011-01-03 22:00:00+00:00","0.121","0.0","0.0140466"
"2011-01-03 22:30:00+00:00","0.234","0.0","0.01455705"
"2011-01-03 23:00:00+00:00","0.899","0.0","0.0140958"
"2011-01-03 23:30:00+00:00","0.288","0.0","0.0149445"
"2011-01-04 00:00:00+00:00","0.105","0.0","0.0139851"
"2011-01-04 00:30:00+00:00","0.09","0.0","0.01338855"
"2011-01-04 01:00:00+00:00","0.167","0.0","0.01268745"
"2011-01-04 01:30:00+00:00","0.128","0.0","0.01362225"
"2011-01-04 02:00:00+00:00","0.157","0.0","0.01266285"
"2011-01-04 02:30:00+00:00","0.064","0.0","0.01245375"
"2011-01-04 03:00:00+00:00","0.16","0.0","0.01194945"
"2011-01-04 03:30:00+00:00","0.133","0.0","0.012177"
"2011-01-04 04:00:00+00:00","0.131","0.0","0.01219545"
"2011-01-04 04:30:00+00:00","0.085","0.0","0.01228155"
"2011-01-04 05:00:00+00:00","0.142","0.0","0.0132348"
"2011-01-04 05:30:00+00:00","0.156","0.0","0.0128535"
"2011-01-04 06:00:00+00:00","0.084","0.0","0.0139851"
"2011-01-04 06:30:00+00:00","0.124","0.0","0.01501215"
"2011-01-04 07:00:00+00:00","0.324","0.006","0.0156087"
"2011-01-04 07:30:00+00:00","0.193","0.038","0.0155226"
"2011-01-04 08:00:00+00:00","0.082","0.081","0.0160269"
"2011-01-04 08:30:00+00:00","0.134","0.119","0.01812405"
"2011-01-04 09:00:00+00:00","0.196","0.138","0.0192495"
"2011-01-04 09:30:00+00:00","0.151","0.181","0.01928025"
"2011-01-04 10:00:00+00:00","0.088","0.269","0.019926"
"2011-01-04 10:30:00+00:00","0.099","0.463","0.02003055"
"2011-01-04 11:00:00+00:00","0.174","0.656","0.021156"
"2011-01-04 11:30:00+00:00","0.118","0.688","0.023001"
"2011-01-04 12:00:00+00:00","0.132","0.8","0.02290875"
"2011-01-04 12:30:00+00:00","0.069","0.531","0.0201351"
"2011-01-04 13:00:00+00:00","0.151","0.506","0.01932945"
"2011-01-04 13:30:00+00:00","0.167","0.413","0.01802565"
"2011-01-04 14:00:00+00:00","0.242","0.244","0.0196431"
"2011-01-04 14:30:00+00:00","0.222","0.2","0.0199383"
"2011-01-04 15:00:00+00:00","0.129","0.2","0.01983375"
"2011-01-04 15:30:00+00:00","0.17","0.331","0.0201228"
"2011-01-04 16:00:00+00:00","0.189","0.406","0.0203688"
"2011-01-04 16:30:00+00:00","0.176","0.331","0.0194217"
"2011-01-04 17:00:00+00:00","0.21","0.194","0.01936635"
"2011-01-04 17:30:00+00:00","0.146","0.131","0.01963695"
"2011-01-04 18:00:00+00:00","0.256","0.106","0.01873905"
"2011-01-04 18:30:00+00:00","0.191","0.088","0.01577475"
"2011-01-04 19:00:00+00:00","0.24","0.044","0.01535655"
"2011-01-04 19:30:00+00:00","0.164","0.013","0.01566405"
"2011-01-04 20:00:00+00:00","0.189","0.0","0.01777965"
"2011-01-04 20:30:00+00:00","0.303","0.0","0.01766895"
"2011-01-04 21:00:00+00:00","0.169","0.0","0.01540575"
"2011-01-04 21:30:00+00:00","0.186","0.0","0.0153381"
"2011-01-04 22:00:00+00:00","0.148","0.0","0.0133947"
"2011-01-04 22:30:00+00:00","0.128","0.0","0.01466775"
"2011-01-04 23:00:00+00:00","0.131","0.0","0.0148953"
"2011-01-04 23:30:00+00:00","0.087","0.0","0.0154488"
"2011-01-05 00:00:00+00:00","0.145","0.0","0.0158301"
"2011-01-05 00:30:00+00:00","0.069","0.0","0.0149322"
"2011-01-05 01:00:00+00:00","0.157","0.0","0.01352385"
"2011-01-05 01:30:00+00:00","0.072","0.0","0.01313025"
"2011-01-05 02:00:00+00:00","0.142","0.0","0.01083015"
"2011-01-05 02:30:00+00:00","0.089","0.0","0.01164195"
"2011-01-05 03:00:00+00:00","0.122","0.0","0.0124845"
"2011-01-05 03:30:00+00:00","0.117","0.0","0.0122754"
"2011-01-05 04:00:00+00:00","0.111","0.0","0.01217085"
"2011-01-05 04:30:00+00:00","0.108","0.0","0.0120171"
"2011-01-05 05:00:00+00:00","0.122","0.0","0.01231845"
"2011-01-05 05:30:00+00:00","0.087","0.0","0.01290885"
"2011-01-05 06:00:00+00:00","0.147","0.0","0.01480305"
"2011-01-05 06:30:00+00:00","0.101","0.013","0.015498"
"2011-01-05 07:00:00+00:00","0.172","0.056","0.01556565"
"2011-01-05 07:30:00+00:00","0.178","0.138","0.01547955"
"2011-01-05 08:00:00+00:00","0.151","0.263","0.0159285"
"2011-01-05 08:30:00+00:00","0.221","0.413","0.0178596"
"2011-01-05 09:00:00+00:00","0.17","0.375","0.0187083"
"2011-01-05 09:30:00+00:00","0.177","0.356","0.01855455"
"2011-01-05 10:00:00+00:00","0.056","0.625","0.0179826"
"2011-01-05 10:30:00+00:00","0.15","0.625","0.018573"
"2011-01-05 11:00:00+00:00","0.076","0.4","0.01936635"
"2011-01-05 11:30:00+00:00","0.123","0.75","0.01956315"
"2011-01-05 12:00:00+00:00","0.105","0.769","0.0190281"
"2011-01-05 12:30:00+00:00","0.138","0.856","0.0181548"
"2011-01-05 13:00:00+00:00","0.349","0.788","0.0179211"
"2011-01-05 13:30:00+00:00","0.241","0.894","0.018204"
"2011-01-05 14:00:00+00:00","0.178","0.863","0.0184008"
"2011-01-05 14:30:00+00:00","0.297","0.431","0.01833315"
"2011-01-05 15:00:00+00:00","0.207","0.594","0.0177612"
"2011-01-05 15:30:00+00:00","0.16","0.606","0.01728765"
"2011-01-05 16:00:00+00:00","0.196","0.506","0.01758285"
"2011-01-05 16:30:00+00:00","0.142","0.3","0.0176874"
"2011-01-05 17:00:00+00:00","0.195","0.156","0.01706625"
"2011-01-05 17:30:00+00:00","0.192","0.106","0.01571325"
"2011-01-05 18:00:00+00:00","0.17","0.038","0.01556565"
"2011-01-05 18:30:00+00:00","0.208","0.013","0.0154365"
"2011-01-05 19:00:00+00:00","0.143","0.0","0.01556565"
"2011-01-05 19:30:00+00:00","0.203","0.0","0.01556565"
"2011-01-05 20:00:00+00:00","0.246","0.0","0.01556565"
"2011-01-05 20:30:00+00:00","0.273","0.0","0.01551645"
"2011-01-05 21:00:00+00:00","0.176","0.0","0.0149322"
"2011-01-05 21:30:00+00:00","0.153","0.0","0.01488915"
"2011-01-05 22:00:00+00:00","0.219","0.0","0.013407"
"2011-01-05 22:30:00+00:00","0.129","0.0","0.0151413"
"2011-01-05 23:00:00+00:00","0.121","0.0","0.01538115"
"2011-01-05 23:30:00+00:00","0.17","0.0","0.0155226"
"2011-01-06 00:00:00+00:00","0.067","0.0","0.01531965"
"2011-01-06 00:30:00+00:00","0.181","0.0","0.01466775"
"2011-01-06 01:00:00+00:00","0.949","0.0","0.0132348"
"2011-01-06 01:30:00+00:00","0.137","0.0","0.01306875"
"2011-01-06 02:00:00+00:00","0.131","0.0","0.0120417"
"2011-01-06 02:30:00+00:00","0.097","0.0","0.01187565"
"2011-01-06 03:00:00+00:00","0.16","0.0","0.0120786"
"2011-01-06 03:30:00+00:00","0.066","0.0","0.01224465"
"2011-01-06 04:00:00+00:00","0.182","0.0","0.01217085"
"2011-01-06 04:30:00+00:00","0.068","0.0","0.0123123"
"2011-01-06 05:00:00+00:00","0.152","0.0","0.01225695"
"2011-01-06 05:30:00+00:00","0.095","0.0","0.01229385"
"2011-01-06 06:00:00+00:00","0.126","0.0","0.01453245"
"2011-01-06 06:30:00+00:00","0.145","0.0","0.01556565"
"2011-01-06 07:00:00+00:00","0.295","0.006","0.0158793"
"2011-01-06 07:30:00+00:00","0.133","0.019","0.0155718"
"2011-01-06 08:00:00+00:00","0.175","0.056","0.0172938"
"2011-01-06 08:30:00+00:00","0.115","0.094","0.0182409"
"2011-01-06 09:00:00+00:00","0.114","0.113","0.01845615"
"2011-01-06 09:30:00+00:00","0.099","0.325","0.0190035"
"2011-01-06 10:00:00+00:00","0.135","0.213","0.018696"
"2011-01-06 10:30:00+00:00","0.088","0.488","0.01942785"
"2011-01-06 11:00:00+00:00","0.125","0.5","0.0205533"
"2011-01-06 11:30:00+00:00","0.113","0.569","0.0205779"
"2011-01-06 12:00:00+00:00","0.09","0.313","0.02080545"
"2011-01-06 12:30:00+00:00","0.148","0.813","0.023616"
"2011-01-06 13:00:00+00:00","0.069","0.675","0.02170335"
"2011-01-06 13:30:00+00:00","0.212","0.906","0.01856685"
"2011-01-06 14:00:00+00:00","0.353","0.888","0.0186837"
"2011-01-06 14:30:00+00:00","0.136","0.894","0.0195447"
"2011-01-06 15:00:00+00:00","0.172","0.756","0.01852995"
"2011-01-06 15:30:00+00:00","0.15","0.563","0.0239727"
"2011-01-06 16:00:00+00:00","0.184","0.644","0.028782"
"2011-01-06 16:30:00+00:00","0.23","0.281","0.02604525"
"2011-01-06 17:00:00+00:00","0.115","0.356","0.0226935"
"2011-01-06 17:30:00+00:00","0.168","0.275","0.0214143"
"2011-01-06 18:00:00+00:00","0.238","0.113","0.02032575"
"2011-01-06 18:30:00+00:00","0.16","0.069","0.019065"
"2011-01-06 19:00:00+00:00","0.234","0.038","0.0204795"
"2011-01-06 19:30:00+00:00","0.18","0.006","0.02085465"
"2011-01-06 20:00:00+00:00","0.303","0.0","0.02276115"
"2011-01-06 20:30:00+00:00","0.221","0.0","0.02190015"
"2011-01-06 21:00:00+00:00","0.284","0.0","0.0172815"
"2011-01-06 21:30:00+00:00","0.267","0.0","0.0170601"
"2011-01-06 22:00:00+00:00","0.255","0.0","0.01626675"
"2011-01-06 22:30:00+00:00","0.101","0.0","0.0216972"
"2011-01-06 23:00:00+00:00","0.153","0.0","0.01903425"
"2011-01-06 23:30:00+00:00","0.112","0.0","0.0170847"
"2011-01-07 00:00:00+00:00","0.112","0.0","0.01599615"
"2011-01-07 00:30:00+00:00","0.14","0.0","0.0149814"
"2011-01-07 01:00:00+00:00","0.081","0.0","0.01427415"
"2011-01-07 01:30:00+00:00","0.15","0.0","0.01320405"
"2011-01-07 02:00:00+00:00","0.105","0.0","0.0117219"
"2011-01-07 02:30:00+00:00","0.105","0.0","0.0113406"
"2011-01-07 03:00:00+00:00","0.145","0.0","0.0108363"
"2011-01-07 03:30:00+00:00","0.085","0.0","0.0112791"
"2011-01-07 04:00:00+00:00","0.144","0.0","0.01212165"
"2011-01-07 04:30:00+00:00","0.106","0.0","0.01228155"
"2011-01-07 05:00:00+00:00","0.107","0.0","0.01274895"
"2011-01-07 05:30:00+00:00","0.14","0.0","0.013161"
"2011-01-07 06:00:00+00:00","0.126","0.0","0.01512285"
"2011-01-07 06:30:00+00:00","0.141","0.0","0.01624215"
"2011-01-07 07:00:00+00:00","0.231","0.013","0.0168264"
"2011-01-07 07:30:00+00:00","0.104","0.081","0.01586085"
"2011-01-07 08:00:00+00:00","0.169","0.181","0.01797645"
"2011-01-07 08:30:00+00:00","0.075","0.288","0.01999365"
"2011-01-07 09:00:00+00:00","0.127","0.15","0.02426175"
"2011-01-07 09:30:00+00:00","0.109","0.525","0.02496285"
"2011-01-07 10:00:00+00:00","0.094","0.438","0.0244155"
"2011-01-07 10:30:00+00:00","0.142","0.575","0.02112525"
"2011-01-07 11:00:00+00:00","0.097","0.331","0.02217075"
"2011-01-07 11:30:00+00:00","0.123","0.869","0.02395425"
"2011-01-07 12:00:00+00:00","0.117","0.8","0.02397885"
"2011-01-07 12:30:00+00:00","0.114","0.888","0.0261867"
"2011-01-07 13:00:00+00:00","0.106","0.944","0.02632815"
"2011-01-07 13:30:00+00:00","0.136","0.85","0.02809935"
"2011-01-07 14:00:00+00:00","0.09","0.825","0.03067005"
"2011-01-07 14:30:00+00:00","0.151","0.631","0.0215865"
"2011-01-07 15:00:00+00:00","0.104","0.488","0.0283884"
"2011-01-07 15:30:00+00:00","0.107","0.5","0.02784105"
"2011-01-07 16:00:00+00:00","0.155","0.563","0.0269124"
"2011-01-07 16:30:00+00:00","0.075","0.444","0.0231486"
"2011-01-07 17:00:00+00:00","0.308","0.456","0.02278575"
"2011-01-07 17:30:00+00:00","0.173","0.288","0.0180318"
"2011-01-07 18:00:00+00:00","0.129","0.125","0.018819"
"2011-01-07 18:30:00+00:00","0.335","0.038","0.02044875"
"2011-01-07 19:00:00+00:00","0.288","0.019","0.0189174"
"2011-01-07 19:30:00+00:00","0.197","0.006","0.01837005"
"2011-01-07 20:00:00+00:00","0.304","0.0","0.01945245"
"2011-01-07 20:30:00+00:00","0.256","0.0","0.0193356"
"2011-01-07 21:00:00+00:00","0.221","0.0","0.01856685"
"2011-01-07 21:30:00+00:00","0.208","0.0","0.0180318"
"2011-01-07 22:00:00+00:00","0.162","0.0","0.0171462"
"2011-01-07 22:30:00+00:00","0.844","0.0","0.0189912"
"2011-01-07 23:00:00+00:00","0.376","0.0","0.0176259"
"2011-01-07 23:30:00+00:00","0.158","0.0","0.01775505"
"2011-01-08 00:00:00+00:00","0.181","0.0","0.0167772"
"2011-01-08 00:30:00+00:00","0.073","0.0","0.01555335"
"2011-01-08 01:00:00+00:00","0.173","0.0","0.0152397"
"2011-01-08 01:30:00+00:00","0.159","0.0","0.01507365"
"2011-01-08 02:00:00+00:00","0.083","0.0","0.0145878"
"2011-01-08 02:30:00+00:00","0.182","0.0","0.0137637"
"2011-01-08 03:00:00+00:00","0.127","0.0","0.0131241"
"2011-01-08 03:30:00+00:00","0.124","0.0","0.0138252"
"2011-01-08 04:00:00+00:00","0.163","0.0","0.01388055"
"2011-01-08 04:30:00+00:00","0.077","0.0","0.01342545"
"2011-01-08 05:00:00+00:00","0.187","0.0","0.0136776"
"2011-01-08 05:30:00+00:00","0.081","0.0","0.01407735"
"2011-01-08 06:00:00+00:00","0.165","0.0","0.0150921"
"2011-01-08 06:30:00+00:00","0.366","0.0","0.01600845"
"2011-01-08 07:00:00+00:00","0.124","0.0","0.0169248"
"2011-01-08 07:30:00+00:00","0.134","0.0","0.01654965"
"2011-01-08 08:00:00+00:00","0.214","0.0","0.0164451"
"2011-01-08 08:30:00+00:00","0.224","0.0","0.01905885"
"2011-01-08 09:00:00+00:00","0.185","0.0","0.0191265"
"2011-01-08 09:30:00+00:00","0.299","0.0","0.02150655"
"2011-01-08 10:00:00+00:00","0.246","0.0","0.0240342"
"2011-01-08 10:30:00+00:00","0.284","0.0","0.03113745"
"2011-01-08 11:00:00+00:00","0.279","0.0","0.0247476"
"2011-01-08 11:30:00+00:00","0.21","0.0","0.0238497"
"2011-01-08 12:00:00+00:00","0.145","0.0","0.02337"
"2011-01-08 12:30:00+00:00","0.27","0.0","0.022017"
"2011-01-08 13:00:00+00:00","0.404","0.0","0.0230502"
"2011-01-08 13:30:00+00:00","0.146","0.0","0.0229026"
"2011-01-08 14:00:00+00:00","0.192","0.0","0.0230871"
"2011-01-08 14:30:00+00:00","0.231","0.0","0.02274885"
"2011-01-08 15:00:00+00:00","0.139","0.0","0.0227304"
"2011-01-08 15:30:00+00:00","0.169","0.0","0.0213897"
"2011-01-08 16:00:00+00:00","0.277","0.0","0.02030115"
"2011-01-08 16:30:00+00:00","0.149","0.0","0.02030115"
"2011-01-08 17:00:00+00:00","0.143","0.0","0.0206517"
"2011-01-08 17:30:00+00:00","0.222","0.0","0.0184992"
"2011-01-08 18:00:00+00:00","0.177","0.0","0.0167157"
"2011-01-08 18:30:00+00:00","0.175","0.0","0.0162483"
"2011-01-08 19:00:00+00:00","0.381","0.0","0.0174414"
"2011-01-08 19:30:00+00:00","0.547","0.0","0.0176136"
"2011-01-08 20:00:00+00:00","0.122","0.0","0.0184623"
"2011-01-08 20:30:00+00:00","0.189","0.0","0.0171954"
"2011-01-08 21:00:00+00:00","0.353","0.0","0.01588545"
"2011-01-08 21:30:00+00:00","0.223","0.0","0.01624215"
"2011-01-08 22:00:00+00:00","0.232","0.0","0.0161991"
"2011-01-08 22:30:00+00:00","0.247","0.0","0.01609455"
"2011-01-08 23:00:00+00:00","1.018","0.0","0.015498"
"2011-01-08 23:30:00+00:00","0.148","0.006","0.01552875"
"2011-01-09 00:00:00+00:00","0.14","0.0","0.01549185"
"2011-01-09 00:30:00+00:00","0.154","0.0","0.01509825"
"2011-01-09 01:00:00+00:00","0.104","0.0","0.0139974"
"2011-01-09 01:30:00+00:00","0.163","0.0","0.0136407"
"2011-01-09 02:00:00+00:00","0.153","0.0","0.01332705"
"2011-01-09 02:30:00+00:00","0.085","0.0","0.01212165"
"2011-01-09 03:00:00+00:00","0.181","0.0","0.01231845"
"2011-01-09 03:30:00+00:00","0.126","0.0","0.01256445"
"2011-01-09 04:00:00+00:00","0.1","0.0","0.01265055"
"2011-01-09 04:30:00+00:00","0.191","0.0","0.0120909"
"2011-01-09 05:00:00+00:00","0.083","0.0","0.01199865"
"2011-01-09 05:30:00+00:00","0.15","0.0","0.0120294"
"2011-01-09 06:00:00+00:00","0.146","0.0","0.0121647"
"2011-01-09 06:30:00+00:00","0.09","0.0","0.0135792"
"2011-01-09 07:00:00+00:00","0.345","0.006","0.01529505"
"2011-01-09 07:30:00+00:00","0.191","0.044","0.015498"
"2011-01-09 08:00:00+00:00","0.106","0.125","0.01556565"
"2011-01-09 08:30:00+00:00","0.207","0.175","0.0157194"
"2011-01-09 09:00:00+00:00","0.266","0.206","0.0159408"
"2011-01-09 09:30:00+00:00","0.241","0.425","0.0170478"
"2011-01-09 10:00:00+00:00","0.262","0.575","0.01791495"
"2011-01-09 10:30:00+00:00","0.473","0.775","0.0197538"
"2011-01-09 11:00:00+00:00","0.33","0.8","0.0248829"
"2011-01-09 11:30:00+00:00","0.388","0.9","0.02070705"
"2011-01-09 12:00:00+00:00","1.195","0.956","0.0207993"
"2011-01-09 12:30:00+00:00","1.105","0.956","0.02410185"
"2011-01-09 13:00:00+00:00","0.778","0.938","0.02108835"
"2011-01-09 13:30:00+00:00","0.59","0.838","0.01920645"
"2011-01-09 14:00:00+00:00","0.202","0.713","0.02027655"
"2011-01-09 14:30:00+00:00","0.213","0.75","0.02169105"
"2011-01-09 15:00:00+00:00","0.307","0.644","0.023616"
"2011-01-09 15:30:00+00:00","1.288","0.669","0.02423715"
"2011-01-09 16:00:00+00:00","0.225","0.588","0.02176485"
"2011-01-09 16:30:00+00:00","0.178","0.569","0.01821015"
"2011-01-09 17:00:00+00:00","0.201","0.463","0.018573"
"2011-01-09 17:30:00+00:00","0.194","0.294","0.01864065"
"2011-01-09 18:00:00+00:00","0.235","0.081","0.0194094"
"2011-01-09 18:30:00+00:00","0.265","0.056","0.01805025"
"2011-01-09 19:00:00+00:00","0.268","0.044","0.0178104"
"2011-01-09 19:30:00+00:00","0.305","0.038","0.0201228"
"2011-01-09 20:00:00+00:00","0.274","0.0","0.0213405"
"2011-01-09 20:30:00+00:00","0.357","0.0","0.01873905"
"2011-01-09 21:00:00+00:00","0.233","0.0","0.0172938"
"2011-01-09 21:30:00+00:00","0.176","0.0","0.0164574"
"2011-01-09 22:00:00+00:00","0.231","0.0","0.0153504"
"2011-01-09 22:30:00+00:00","0.178","0.0","0.0152766"
"2011-01-09 23:00:00+00:00","0.192","0.0","0.01555335"
"2011-01-09 23:30:00+00:00","0.152","0.0","0.01555335"
"2011-01-10 00:00:00+00:00","0.111","0.0","0.01524585"
"2011-01-10 00:30:00+00:00","0.18","0.0","0.0145017"
"2011-01-10 01:00:00+00:00","0.176","0.0","0.01343775"
"2011-01-10 01:30:00+00:00","0.134","0.0","0.01335165"
"2011-01-10 02:00:00+00:00","0.189","0.0","0.0125583"
"2011-01-10 02:30:00+00:00","0.162","0.0","0.01219545"
"2011-01-10 03:00:00+00:00","0.141","0.0","0.0126321"
"2011-01-10 03:30:00+00:00","0.193","0.0","0.0137514"
"2011-01-10 04:00:00+00:00","0.106","0.0","0.0143541"
"2011-01-10 04:30:00+00:00","0.124","0.0","0.01502445"
"2011-01-10 05:00:00+00:00","0.176","0.0","0.01557795"
"2011-01-10 05:30:00+00:00","0.297","0.0","0.0156948"
"2011-01-10 06:00:00+00:00","0.177","0.0","0.01594695"
"2011-01-10 06:30:00+00:00","0.13","0.013","0.02116215"
"2011-01-10 07:00:00+00:00","0.188","0.025","0.0345015"
"2011-01-10 07:30:00+00:00","0.298","0.069","0.02267505"
"2011-01-10 08:00:00+00:00","0.074","0.188","0.030627"
"2011-01-10 08:30:00+00:00","0.219","0.263","0.0344769"
"2011-01-10 09:00:00+00:00","0.247","0.131","0.02737365"
"2011-01-10 09:30:00+00:00","0.315","0.519","0.0369738"
"2011-01-10 10:00:00+00:00","0.28","0.506","0.0414141"
"2011-01-10 10:30:00+00:00","0.178","0.531","0.0510327"
"2011-01-10 11:00:00+00:00","0.749","0.294","0.0358422"
"2011-01-10 11:30:00+00:00","0.467","0.331","0.04776705"
"2011-01-10 12:00:00+00:00","0.114","0.413","0.03679545"
"2011-01-10 12:30:00+00:00","0.205","0.513","0.0389541"
"2011-01-10 13:00:00+00:00","0.396","0.425","0.0343539"
"2011-01-10 13:30:00+00:00","0.309","0.331","0.03221985"
"2011-01-10 14:00:00+00:00","0.228","0.306","0.03267495"
"2011-01-10 14:30:00+00:00","0.122","0.45","0.04058385"
"2011-01-10 15:00:00+00:00","0.224","0.444","0.03985815"
"2011-01-10 15:30:00+00:00","0.378","0.588","0.04584825"
"2011-01-10 16:00:00+00:00","0.112","0.669","0.04480275"
"2011-01-10 16:30:00+00:00","0.175","0.644","0.04337595"
"2011-01-10 17:00:00+00:00","0.168","0.4","0.0365433"
"2011-01-10 17:30:00+00:00","0.201","0.3","0.043788"
"2011-01-10 18:00:00+00:00","0.194","0.094","0.0404178"
"2011-01-10 18:30:00+00:00","0.206","0.025","0.02421255"
"2011-01-10 19:00:00+00:00","0.497","0.006","0.0279579"
"2011-01-10 19:30:00+00:00","0.207","0.0","0.03787785"
"2011-01-10 20:00:00+00:00","0.218","0.0","0.02844375"
"2011-01-10 20:30:00+00:00","0.285","0.0","0.02550405"
"2011-01-10 21:00:00+00:00","0.211","0.0","0.02143275"
"2011-01-10 21:30:00+00:00","0.142","0.0","0.0213405"
"2011-01-10 22:00:00+00:00","0.225","0.0","0.0179826"
"2011-01-10 22:30:00+00:00","0.235","0.0","0.0210207"
"2011-01-10 23:00:00+00:00","0.191","0.0","0.02375745"
"2011-01-10 23:30:00+00:00","0.177","0.0","0.01887435"
"2011-01-11 00:00:00+00:00","0.116","0.0","0.0185607"
"2011-01-11 00:30:00+00:00","0.181","0.0","0.01618065"
"2011-01-11 01:00:00+00:00","0.174","0.0","0.0153012"
"2011-01-11 01:30:00+00:00","0.087","0.0","0.01540575"
"2011-01-11 02:00:00+00:00","0.207","0.0","0.0150921"
"2011-01-11 02:30:00+00:00","0.141","0.0","0.0147723"
"2011-01-11 03:00:00+00:00","0.129","0.0","0.01530735"
"2011-01-11 03:30:00+00:00","0.176","0.0","0.01525815"
"2011-01-11 04:00:00+00:00","0.1","0.0","0.01556565"
"2011-01-11 04:30:00+00:00","0.201","0.0","0.0155841"
"2011-01-11 05:00:00+00:00","0.117","0.0","0.0155964"
"2011-01-11 05:30:00+00:00","0.143","0.0","0.01672185"
"2011-01-11 06:00:00+00:00","0.152","0.0","0.01968"
"2011-01-11 06:30:00+00:00","0.219","0.0","0.02635275"
"2011-01-11 07:00:00+00:00","0.219","0.0","0.03647565"
"2011-01-11 07:30:00+00:00","0.092","0.019","0.02090385"
"2011-01-11 08:00:00+00:00","0.186","0.025","0.0232101"
"2011-01-11 08:30:00+00:00","0.219","0.025","0.0476871"
"2011-01-11 09:00:00+00:00","0.376","0.056","0.0500241"
"2011-01-11 09:30:00+00:00","0.276","0.106","0.04605735"
"2011-01-11 10:00:00+00:00","0.897","0.163","0.04420005"
"2011-01-11 10:30:00+00:00","0.422","0.181","0.04037475"
"2011-01-11 11:00:00+00:00","0.172","0.281","0.03300705"
"2011-01-11 11:30:00+00:00","0.231","0.406","0.026814"
"2011-01-11 12:00:00+00:00","0.228","0.225","0.0290649"
"2011-01-11 12:30:00+00:00","0.233","0.163","0.0243294"
"2011-01-11 13:00:00+00:00","0.177","0.106","0.022263"
"2011-01-11 13:30:00+00:00","0.197","0.194","0.03384345"
"2011-01-11 14:00:00+00:00","0.316","0.313","0.0257931"
"2011-01-11 14:30:00+00:00","0.192","0.4","0.02480295"
"2011-01-11 15:00:00+00:00","0.363","0.363","0.02396655"
"2011-01-11 15:30:00+00:00","0.422","0.456","0.02343765"
"2011-01-11 16:00:00+00:00","0.22","0.575","0.02288415"
"2011-01-11 16:30:00+00:00","0.122","0.425","0.0195078"
"2011-01-11 17:00:00+00:00","0.207","0.344","0.0242802"
"2011-01-11 17:30:00+00:00","0.282","0.219","0.0200982"
"2011-01-11 18:00:00+00:00","0.341","0.138","0.0177612"
"2011-01-11 18:30:00+00:00","0.564","0.056","0.0180318"
"2011-01-11 19:00:00+00:00","0.867","0.031","0.018327"
"2011-01-11 19:30:00+00:00","0.587","0.013","0.01923105"
"2011-01-11 20:00:00+00:00","0.159","0.0","0.01952625"
"2011-01-11 20:30:00+00:00","0.16","0.0","0.0193233"
"2011-01-11 21:00:00+00:00","0.367","0.0","0.0173799"
"2011-01-11 21:30:00+00:00","0.294","0.0","0.01645125"
"2011-01-11 22:00:00+00:00","0.844","0.0","0.01503675"
"2011-01-11 22:30:00+00:00","0.641","0.0","0.0169248"
"2011-01-11 23:00:00+00:00","0.071","0.0","0.01627905"
"2011-01-11 23:30:00+00:00","0.179","0.0","0.01785345"
"2011-01-12 00:00:00+00:00","0.131","0.0","0.0166788"
"2011-01-12 00:30:00+00:00","0.137","0.0","0.0157194"
"2011-01-12 01:00:00+00:00","0.115","0.0","0.01560255"
"2011-01-12 01:30:00+00:00","0.124","0.0","0.0153258"
"2011-01-12 02:00:00+00:00","0.161","0.0","0.01459395"
"2011-01-12 02:30:00+00:00","0.092","0.0","0.01437255"
"2011-01-12 03:00:00+00:00","0.134","0.0","0.01504905"
"2011-01-12 03:30:00+00:00","0.151","0.0","0.0154857"
"2011-01-12 04:00:00+00:00","0.094","0.0","0.01561485"
"2011-01-12 04:30:00+00:00","0.151","0.0","0.01556565"
"2011-01-12 05:00:00+00:00","0.102","0.0","0.01556565"
"2011-01-12 05:30:00+00:00","0.3","0.0","0.0157194"
"2011-01-12 06:00:00+00:00","0.206","0.0","0.0164205"
"2011-01-12 06:30:00+00:00","0.103","0.0","0.0176751"
"2011-01-12 07:00:00+00:00","0.096","0.013","0.02154345"
"2011-01-12 07:30:00+00:00","0.165","0.081","0.01962465"
"2011-01-12 08:00:00+00:00","0.075","0.106","0.0248214"
"2011-01-12 08:30:00+00:00","0.147","0.25","0.0298644"
"2011-01-12 09:00:00+00:00","0.101","0.594","0.02709075"
"2011-01-12 09:30:00+00:00","0.107","0.556","0.0296676"
"2011-01-12 10:00:00+00:00","0.153","0.394","0.0323859"
"2011-01-12 10:30:00+00:00","0.092","0.625","0.0382161"
"2011-01-12 11:00:00+00:00","0.125","0.85","0.0268878"
"2011-01-12 11:30:00+00:00","0.146","0.75","0.0246492"
"2011-01-12 12:00:00+00:00","0.09","0.388","0.0248706"
"2011-01-12 12:30:00+00:00","0.145","0.481","0.02401575"
"2011-01-12 13:00:00+00:00","0.132","0.706","0.02583615"
"2011-01-12 13:30:00+00:00","0.085","0.706","0.02903415"
"2011-01-12 14:00:00+00:00","0.162","0.925","0.02608215"
"2011-01-12 14:30:00+00:00","0.119","0.669","0.0288312"
"2011-01-12 15:00:00+00:00","0.083","0.756","0.0228903"
"2011-01-12 15:30:00+00:00","0.178","0.725","0.0209838"
"2011-01-12 16:00:00+00:00","0.106","0.644","0.03298245"
"2011-01-12 16:30:00+00:00","0.09","0.5","0.021894"
"2011-01-12 17:00:00+00:00","0.18","0.438","0.0241818"
"2011-01-12 17:30:00+00:00","0.091","0.331","0.02057175"
"2011-01-12 18:00:00+00:00","0.11","0.219","0.019065"
"2011-01-12 18:30:00+00:00","0.17","0.069","0.01841925"
"2011-01-12 19:00:00+00:00","0.07","0.025","0.0192003"
"2011-01-12 19:30:00+00:00","0.141","0.013","0.01947705"
"2011-01-12 20:00:00+00:00","0.147","0.0","0.02191245"
"2011-01-12 20:30:00+00:00","0.141","0.0","0.0198891"
"2011-01-12 21:00:00+00:00","0.334","0.0","0.0182901"
"2011-01-12 21:30:00+00:00","0.221","0.0","0.01896045"
"2011-01-12 22:00:00+00:00","0.199","0.0","0.0172938"
"2011-01-12 22:30:00+00:00","0.2","0.0","0.01935405"
"2011-01-12 23:00:00+00:00","0.127","0.0","0.0191757"
"2011-01-12 23:30:00+00:00","0.151","0.0","0.01856685"
"2011-01-13 00:00:00+00:00","0.095","0.0","0.01758285"
"2011-01-13 00:30:00+00:00","0.127","0.0","0.0162606"
"2011-01-13 01:00:00+00:00","0.138","0.0","0.01605765"
"2011-01-13 01:30:00+00:00","0.108","0.0","0.01581165"
"2011-01-13 02:00:00+00:00","0.126","0.0","0.0151167"
"2011-01-13 02:30:00+00:00","0.125","0.0","0.01498755"
"2011-01-13 03:00:00+00:00","0.122","0.0","0.01556565"
"2011-01-13 03:30:00+00:00","0.102","0.0","0.0159777"
"2011-01-13 04:00:00+00:00","0.151","0.0","0.01560255"
"2011-01-13 04:30:00+00:00","0.076","0.0","0.01556565"
"2011-01-13 05:00:00+00:00","0.159","0.0","0.01556565"
"2011-01-13 05:30:00+00:00","0.185","0.0","0.01594695"
"2011-01-13 06:00:00+00:00","0.142","0.0","0.0183516"
"2011-01-13 06:30:00+00:00","0.34","0.006","0.02015355"
"2011-01-13 07:00:00+00:00","0.131","0.025","0.02271195"
"2011-01-13 07:30:00+00:00","0.149","0.081","0.0199383"
"2011-01-13 08:00:00+00:00","0.168","0.238","0.023124"
"2011-01-13 08:30:00+00:00","0.093","0.381","0.0256578"
"2011-01-13 09:00:00+00:00","0.228","0.313","0.0347352"
"2011-01-13 09:30:00+00:00","0.127","0.413","0.030258"
"2011-01-13 10:00:00+00:00","0.169","0.794","0.0255348"
"2011-01-13 10:30:00+00:00","0.137","0.744","0.0254979"
"2011-01-13 11:00:00+00:00","0.128","0.863","0.02657415"
"2011-01-13 11:30:00+00:00","0.137","0.881","0.02448315"
"2011-01-13 12:00:00+00:00","0.122","0.888","0.024723"
"2011-01-13 12:30:00+00:00","0.131","0.956","0.02331465"
"2011-01-13 13:00:00+00:00","0.133","0.994","0.0241326"
"2011-01-13 13:30:00+00:00","0.509","0.831","0.02556555"
"2011-01-13 14:00:00+00:00","0.214","0.8","0.02460615"
"2011-01-13 14:30:00+00:00","0.237","0.9","0.0223122"
"2011-01-13 15:00:00+00:00","0.205","0.863","0.0212544"
"2011-01-13 15:30:00+00:00","0.205","0.775","0.02230605"
"2011-01-13 16:00:00+00:00","0.239","0.725","0.01968"
"2011-01-13 16:30:00+00:00","0.193","0.631","0.01994445"
"2011-01-13 17:00:00+00:00","0.245","0.438","0.02252745"
"2011-01-13 17:30:00+00:00","0.188","0.338","0.0207747"
"2011-01-13 18:00:00+00:00","0.269","0.181","0.019803"
"2011-01-13 18:30:00+00:00","0.167","0.056","0.0194955"
"2011-01-13 19:00:00+00:00","0.171","0.031","0.0197784"
"2011-01-13 19:30:00+00:00","0.165","0.013","0.0225213"
"2011-01-13 20:00:00+00:00","0.211","0.0","0.02556555"
"2011-01-13 20:30:00+00:00","0.357","0.0","0.02199855"
"2011-01-13 21:00:00+00:00","0.162","0.0","0.0203073"
"2011-01-13 21:30:00+00:00","0.172","0.0","0.0197538"
"2011-01-13 22:00:00+00:00","0.252","0.0","0.0176013"
"2011-01-13 22:30:00+00:00","0.134","0.0","0.0188067"
"2011-01-13 23:00:00+00:00","0.128","0.0","0.017835"
"2011-01-13 23:30:00+00:00","0.143","0.0","0.01760745"
"2011-01-14 00:00:00+00:00","0.116","0.0","0.0164943"
"2011-01-14 00:30:00+00:00","0.565","0.0","0.01657425"
"2011-01-14 01:00:00+00:00","0.546","0.0","0.01552875"
"2011-01-14 01:30:00+00:00","0.094","0.0","0.015252"
"2011-01-14 02:00:00+00:00","0.161","0.0","0.0153258"
"2011-01-14 02:30:00+00:00","0.092","0.0","0.01443405"
"2011-01-14 03:00:00+00:00","0.136","0.0","0.0139482"
"2011-01-14 03:30:00+00:00","0.154","0.0","0.01495065"
"2011-01-14 04:00:00+00:00","0.06","0.0","0.0153873"
"2011-01-14 04:30:00+00:00","0.189","0.0","0.01539345"
"2011-01-14 05:00:00+00:00","0.088","0.0","0.01556565"
"2011-01-14 05:30:00+00:00","0.116","0.0","0.0159039"
"2011-01-14 06:00:00+00:00","0.145","0.0","0.016974"
"2011-01-14 06:30:00+00:00","0.103","0.0","0.01860375"
"2011-01-14 07:00:00+00:00","0.137","0.025","0.02058405"
"2011-01-14 07:30:00+00:00","0.135","0.075","0.01882515"
"2011-01-14 08:00:00+00:00","0.127","0.231","0.02091615"
"2011-01-14 08:30:00+00:00","0.133","0.388","0.0213774"
"2011-01-14 09:00:00+00:00","0.166","0.444","0.0224106"
"2011-01-14 09:30:00+00:00","0.156","0.55","0.02375745"
"2011-01-14 10:00:00+00:00","0.279","0.7","0.021279"
"2011-01-14 10:30:00+00:00","0.142","0.788","0.022632"
"2011-01-14 11:00:00+00:00","0.223","0.838","0.02294565"
"2011-01-14 11:30:00+00:00","0.275","0.888","0.0206886"
"2011-01-14 12:00:00+00:00","0.184","0.863","0.0203811"
"2011-01-14 12:30:00+00:00","0.212","0.931","0.020541"
"2011-01-14 13:00:00+00:00","0.398","0.881","0.02108835"
"2011-01-14 13:30:00+00:00","0.151","0.981","0.0206763"
"2011-01-14 14:00:00+00:00","0.208","0.956","0.02340075"
"2011-01-14 14:30:00+00:00","0.078","0.894","0.02315475"
"2011-01-14 15:00:00+00:00","0.128","0.875","0.0217587"
"2011-01-14 15:30:00+00:00","0.176","0.756","0.02185095"
"2011-01-14 16:00:00+00:00","0.156","0.619","0.0240834"
"2011-01-14 16:30:00+00:00","0.186","0.469","0.02049795"
"2011-01-14 17:00:00+00:00","0.246","0.531","0.0200613"
"2011-01-14 17:30:00+00:00","0.18","0.306","0.01860375"
"2011-01-14 18:00:00+00:00","0.227","0.113","0.01844385"
"2011-01-14 18:30:00+00:00","0.23","0.069","0.01845"
"2011-01-14 19:00:00+00:00","0.351","0.075","0.01894815"
"2011-01-14 19:30:00+00:00","0.192","0.031","0.0193725"
"2011-01-14 20:00:00+00:00","0.29","0.0","0.01950165"
"2011-01-14 20:30:00+00:00","0.19","0.0","0.0191265"
"2011-01-14 21:00:00+00:00","0.219","0.0","0.01758285"
"2011-01-14 21:30:00+00:00","0.204","0.0","0.01854225"
"2011-01-14 22:00:00+00:00","0.187","0.0","0.01680795"
"2011-01-14 22:30:00+00:00","0.2","0.0","0.0199752"
"2011-01-14 23:00:00+00:00","0.168","0.0","0.01833315"
"2011-01-14 23:30:00+00:00","0.078","0.0","0.0179211"
"2011-01-15 00:00:00+00:00","0.2","0.0","0.017466"
"2011-01-15 00:30:00+00:00","0.132","0.0","0.0162606"
"2011-01-15 01:00:00+00:00","0.097","0.0","0.01519665"
"2011-01-15 01:30:00+00:00","0.185","0.0","0.01508595"
"2011-01-15 02:00:00+00:00","0.081","0.0","0.01447095"
"2011-01-15 02:30:00+00:00","0.135","0.0","0.0135792"
"2011-01-15 03:00:00+00:00","0.156","0.0","0.0138252"
"2011-01-15 03:30:00+00:00","0.069","0.0","0.01417575"
"2011-01-15 04:00:00+00:00","0.167","0.0","0.0136899"
"2011-01-15 04:30:00+00:00","0.102","0.0","0.01428645"
"2011-01-15 05:00:00+00:00","0.104","0.0","0.0147477"
"2011-01-15 05:30:00+00:00","0.157","0.0","0.0130257"
"2011-01-15 06:00:00+00:00","0.084","0.0","0.01533195"
"2011-01-15 06:30:00+00:00","0.14","0.0","0.01560255"
"2011-01-15 07:00:00+00:00","0.115","0.025","0.0155841"
"2011-01-15 07:30:00+00:00","0.128","0.088","0.0151782"
"2011-01-15 08:00:00+00:00","0.138","0.138","0.01675875"
"2011-01-15 08:30:00+00:00","0.262","0.206","0.01871445"
"2011-01-15 09:00:00+00:00","0.116","0.338","0.01902195"
"2011-01-15 09:30:00+00:00","0.159","0.319","0.01948935"
"2011-01-15 10:00:00+00:00","0.143","0.238","0.0196923"
"2011-01-15 10:30:00+00:00","0.189","0.225","0.0189666"
"2011-01-15 11:00:00+00:00","0.135","0.294","0.01950165"
"2011-01-15 11:30:00+00:00","0.098","0.194","0.0190035"
"2011-01-15 12:00:00+00:00","0.18","0.331","0.01968"
"2011-01-15 12:30:00+00:00","0.084","0.456","0.0198891"
"2011-01-15 13:00:00+00:00","0.255","0.475","0.0204918"
"2011-01-15 13:30:00+00:00","0.385","0.325","0.020295"
"2011-01-15 14:00:00+00:00","0.258","0.313","0.020295"
"2011-01-15 14:30:00+00:00","0.282","0.638","0.02121135"
"2011-01-15 15:00:00+00:00","0.245","0.544","0.0238128"
"2011-01-15 15:30:00+00:00","0.25","0.6","0.02417565"
"2011-01-15 16:00:00+00:00","0.631","0.488","0.02706"
"2011-01-15 16:30:00+00:00","0.306","0.531","0.02645115"
"2011-01-15 17:00:00+00:00","0.303","0.413","0.0240342"
"2011-01-15 17:30:00+00:00","0.288","0.244","0.0216603"
"2011-01-15 18:00:00+00:00","0.353","0.169","0.02269965"
"2011-01-15 18:30:00+00:00","0.211","0.094","0.0204057"
"2011-01-15 19:00:00+00:00","0.279","0.056","0.02054715"
"2011-01-15 19:30:00+00:00","0.406","0.025","0.02317935"
"2011-01-15 20:00:00+00:00","0.159","0.0","0.0212175"
"2011-01-15 20:30:00+00:00","0.168","0.0","0.0203934"
"2011-01-15 21:00:00+00:00","0.19","0.0","0.019803"
"2011-01-15 21:30:00+00:00","0.183","0.0","0.0196554"
"2011-01-15 22:00:00+00:00","0.204","0.0","0.01722615"
"2011-01-15 22:30:00+00:00","0.2","0.0","0.0167895"
"2011-01-15 23:00:00+00:00","0.165","0.0","0.01759515"
"2011-01-15 23:30:00+00:00","0.346","0.0","0.01741065"
"2011-01-16 00:00:00+00:00","0.781","0.0","0.0162237"
"2011-01-16 00:30:00+00:00","0.165","0.0","0.01561485"
"2011-01-16 01:00:00+00:00","0.124","0.0","0.01535655"
"2011-01-16 01:30:00+00:00","0.12","0.0","0.01499985"
"2011-01-16 02:00:00+00:00","0.158","0.0","0.01381905"
"2011-01-16 02:30:00+00:00","0.108","0.0","0.0122385"
"2011-01-16 03:00:00+00:00","0.135","0.0","0.01220775"
"2011-01-16 03:30:00+00:00","0.148","0.0","0.012177"
"2011-01-16 04:00:00+00:00","0.117","0.0","0.01229385"
"2011-01-16 04:30:00+00:00","0.142","0.0","0.01153125"
"2011-01-16 05:00:00+00:00","0.128","0.0","0.0120294"
"2011-01-16 05:30:00+00:00","0.127","0.0","0.01154355"
"2011-01-16 06:00:00+00:00","0.125","0.0","0.01198635"
"2011-01-16 06:30:00+00:00","0.299","0.0","0.01245375"
"2011-01-16 07:00:00+00:00","0.128","0.006","0.0129765"
"2011-01-16 07:30:00+00:00","0.12","0.031","0.0119433"
"2011-01-16 08:00:00+00:00","0.236","0.056","0.0141573"
"2011-01-16 08:30:00+00:00","1.175","0.125","0.0155472"
"2011-01-16 09:00:00+00:00","0.952","0.15","0.0155964"
"2011-01-16 09:30:00+00:00","0.775","0.256","0.01556565"
"2011-01-16 10:00:00+00:00","0.758","0.338","0.01556565"
"2011-01-16 10:30:00+00:00","0.365","0.419","0.01550415"
"2011-01-16 11:00:00+00:00","0.17","0.525","0.0155964"
"2011-01-16 11:30:00+00:00","0.344","0.619","0.01780425"
"2011-01-16 12:00:00+00:00","0.278","0.481","0.0187452"
"2011-01-16 12:30:00+00:00","0.192","0.556","0.0193725"
"2011-01-16 13:00:00+00:00","0.427","0.544","0.0189297"
"2011-01-16 13:30:00+00:00","0.299","0.8","0.01864065"
"2011-01-16 14:00:00+00:00","0.144","0.7","0.0199875"
"2011-01-16 14:30:00+00:00","0.174","0.869","0.02127285"
"2011-01-16 15:00:00+00:00","0.071","0.725","0.0229395"
"2011-01-16 15:30:00+00:00","0.133","0.631","0.0234438"
"2011-01-16 16:00:00+00:00","0.174","0.706","0.024231"
"2011-01-16 16:30:00+00:00","0.115","0.613","0.02349915"
"2011-01-16 17:00:00+00:00","0.106","0.463","0.02309325"
"2011-01-16 17:30:00+00:00","0.222","0.294","0.0218817"
"2011-01-16 18:00:00+00:00","0.164","0.075","0.0203319"
"2011-01-16 18:30:00+00:00","0.212","0.019","0.0195201"
"2011-01-16 19:00:00+00:00","0.207","0.013","0.01920645"
"2011-01-16 19:30:00+00:00","0.125","0.006","0.0189912"
"2011-01-16 20:00:00+00:00","0.339","0.0","0.0204057"
"2011-01-16 20:30:00+00:00","0.376","0.0","0.0185238"
"2011-01-16 21:00:00+00:00","0.22","0.0","0.01664805"
"2011-01-16 21:30:00+00:00","0.129","0.0","0.0155226"
"2011-01-16 22:00:00+00:00","0.206","0.006","0.0149937"
"2011-01-16 22:30:00+00:00","0.206","0.0","0.01609455"
"2011-01-16 23:00:00+00:00","0.178","0.0","0.013284"
"2011-01-16 23:30:00+00:00","0.083","0.0","0.0132594"
"2011-01-17 00:00:00+00:00","0.158","0.0","0.01429875"
"2011-01-17 00:30:00+00:00","0.17","0.0","0.0135669"
"2011-01-17 01:00:00+00:00","0.068","0.0","0.0131856"
"2011-01-17 01:30:00+00:00","0.143","0.0","0.0120048"
"2011-01-17 02:00:00+00:00","0.156","0.0","0.01245375"
"2011-01-17 02:30:00+00:00","0.093","0.0","0.0112176"
"2011-01-17 03:00:00+00:00","0.135","0.0","0.0118695"
"2011-01-17 03:30:00+00:00","0.135","0.0","0.01250295"
"2011-01-17 04:00:00+00:00","0.109","0.0","0.0100368"
"2011-01-17 04:30:00+00:00","0.119","0.0","0.01454475"
"2011-01-17 05:00:00+00:00","0.12","0.0","0.0147231"
"2011-01-17 05:30:00+00:00","0.126","0.0","0.01588545"
"2011-01-17 06:00:00+00:00","0.1","0.0","0.0142803"
"2011-01-17 06:30:00+00:00","0.164","0.0","0.01533195"
"2011-01-17 07:00:00+00:00","0.102","0.013","0.01684485"
"2011-01-17 07:30:00+00:00","0.272","0.069","0.0157809"
"2011-01-17 08:00:00+00:00","0.181","0.219","0.0171339"
"2011-01-17 08:30:00+00:00","0.119","0.375","0.0181794"
"2011-01-17 09:00:00+00:00","0.157","0.488","0.01840695"
"2011-01-17 09:30:00+00:00","0.125","0.581","0.01902195"
"2011-01-17 10:00:00+00:00","0.101","0.669","0.018942"
"2011-01-17 10:30:00+00:00","0.147","0.738","0.0192618"
"2011-01-17 11:00:00+00:00","0.12","0.781","0.0195939"
"2011-01-17 11:30:00+00:00","0.243","0.831","0.01982145"
"2011-01-17 12:00:00+00:00","0.183","0.844","0.02041185"
"2011-01-17 12:30:00+00:00","0.226","0.856","0.02242905"
"2011-01-17 13:00:00+00:00","0.322","0.869","0.0220785"
"2011-01-17 13:30:00+00:00","0.294","0.881","0.02161725"
"2011-01-17 14:00:00+00:00","0.421","0.869","0.0283023"
"2011-01-17 14:30:00+00:00","0.346","0.831","0.0289419"
"2011-01-17 15:00:00+00:00","0.264","0.794","0.03128505"
"2011-01-17 15:30:00+00:00","0.302","0.738","0.0242802"
"2011-01-17 16:00:00+00:00","0.322","0.575","0.03242895"
"2011-01-17 16:30:00+00:00","0.242","0.538","0.0216726"
"2011-01-17 17:00:00+00:00","0.19","0.438","0.016974"
"2011-01-17 17:30:00+00:00","0.436","0.288","0.01539345"
"2011-01-17 18:00:00+00:00","0.286","0.156","0.0154365"
"2011-01-17 18:30:00+00:00","0.258","0.106","0.01602075"
"2011-01-17 19:00:00+00:00","0.304","0.025","0.01556565"
"2011-01-17 19:30:00+00:00","0.194","0.0","0.01556565"
"2011-01-17 20:00:00+00:00","0.327","0.0","0.01556565"
"2011-01-17 20:30:00+00:00","0.241","0.0","0.0154734"
"2011-01-17 21:00:00+00:00","0.224","0.0","0.0154365"
"2011-01-17 21:30:00+00:00","0.234","0.0","0.01641435"
"2011-01-17 22:00:00+00:00","0.114","0.0","0.01343775"
"2011-01-17 22:30:00+00:00","0.156","0.0","0.01300725"
"2011-01-17 23:00:00+00:00","0.171","0.0","0.01346235"
"2011-01-17 23:30:00+00:00","0.073","0.0","0.0138375"
"2011-01-18 00:00:00+00:00","0.682","0.0","0.0136161"
"2011-01-18 00:30:00+00:00","0.476","0.0","0.01283505"
"2011-01-18 01:00:00+00:00","0.068","0.0","0.01222005"
"2011-01-18 01:30:00+00:00","0.17","0.0","0.01183875"
"2011-01-18 02:00:00+00:00","0.123","0.0","0.0108117"
"2011-01-18 02:30:00+00:00","0.092","0.0","0.0112668"
"2011-01-18 03:00:00+00:00","0.168","0.0","0.0111438"
"2011-01-18 03:30:00+00:00","0.075","0.0","0.0116973"
"2011-01-18 04:00:00+00:00","0.145","0.0","0.01226925"
"2011-01-18 04:30:00+00:00","0.134","0.0","0.01222005"
"2011-01-18 05:00:00+00:00","0.068","0.0","0.0127428"
"2011-01-18 05:30:00+00:00","0.184","0.0","0.01316715"
"2011-01-18 06:00:00+00:00","0.069","0.0","0.01501215"
"2011-01-18 06:30:00+00:00","0.158","0.0","0.01695555"
"2011-01-18 07:00:00+00:00","0.288","0.0","0.0164697"
"2011-01-18 07:30:00+00:00","0.125","0.006","0.01562715"
"2011-01-18 08:00:00+00:00","0.225","0.063","0.01615605"
"2011-01-18 08:30:00+00:00","0.097","0.119","0.0179826"
"2011-01-18 09:00:00+00:00","0.111","0.15","0.01615605"
"2011-01-18 09:30:00+00:00","0.153","0.338","0.01773045"
"2011-01-18 10:00:00+00:00","0.054","0.219","0.01896045"
"2011-01-18 10:30:00+00:00","0.157","0.156","0.0187206"
"2011-01-18 11:00:00+00:00","0.101","0.175","0.01793955"
"2011-01-18 11:30:00+00:00","0.235","0.419","0.0190158"
"2011-01-18 12:00:00+00:00","0.215","0.288","0.0194463"
"2011-01-18 12:30:00+00:00","0.11","0.213","0.01968"
"2011-01-18 13:00:00+00:00","0.089","0.225","0.0196431"
"2011-01-18 13:30:00+00:00","0.179","0.338","0.01893585"
"2011-01-18 14:00:00+00:00","0.087","0.394","0.019065"
"2011-01-18 14:30:00+00:00","0.121","0.331","0.0189666"
"2011-01-18 15:00:00+00:00","0.197","0.094","0.0187575"
"2011-01-18 15:30:00+00:00","0.118","0.188","0.01862835"
"2011-01-18 16:00:00+00:00","0.202","0.15","0.01845615"
"2011-01-18 16:30:00+00:00","0.194","0.188","0.0161622"
"2011-01-18 17:00:00+00:00","0.133","0.144","0.0167034"
"2011-01-18 17:30:00+00:00","0.21","0.231","0.015621"
"2011-01-18 18:00:00+00:00","0.231","0.156","0.01556565"
"2011-01-18 18:30:00+00:00","0.204","0.094","0.0155349"
"2011-01-18 19:00:00+00:00","0.226","0.038","0.01556565"
"2011-01-18 19:30:00+00:00","0.219","0.0","0.01556565"
"2011-01-18 20:00:00+00:00","0.2","0.0","0.01556565"
"2011-01-18 20:30:00+00:00","0.339","0.0","0.01581165"
"2011-01-18 21:00:00+00:00","0.208","0.0","0.01490145"
"2011-01-18 21:30:00+00:00","0.204","0.0","0.01381905"
"2011-01-18 22:00:00+00:00","0.083","0.0","0.0124968"
"2011-01-18 22:30:00+00:00","0.155","0.0","0.01530735"
"2011-01-18 23:00:00+00:00","0.14","0.0","0.01332705"
"2011-01-18 23:30:00+00:00","0.074","0.0","0.0125091"
"2011-01-19 00:00:00+00:00","0.167","0.0","0.01331475"
"2011-01-19 00:30:00+00:00","0.095","0.0","0.0123984"
"2011-01-19 01:00:00+00:00","0.105","0.0","0.01204785"
"2011-01-19 01:30:00+00:00","0.166","0.0","0.01241685"
"2011-01-19 02:00:00+00:00","0.061","0.0","0.01079325"
"2011-01-19 02:30:00+00:00","0.15","0.0","0.0104673"
"2011-01-19 03:00:00+00:00","0.122","0.0","0.0106272"
"2011-01-19 03:30:00+00:00","0.092","0.0","0.010455"
"2011-01-19 04:00:00+00:00","0.149","0.0","0.010578"
"2011-01-19 04:30:00+00:00","0.083","0.0","0.0111315"
"2011-01-19 05:00:00+00:00","0.135","0.0","0.01239225"
"2011-01-19 05:30:00+00:00","0.125","0.0","0.0134316"
"2011-01-19 06:00:00+00:00","0.214","0.0","0.01410195"
"2011-01-19 06:30:00+00:00","0.148","0.0","0.01584855"
"2011-01-19 07:00:00+00:00","0.113","0.0","0.0155841"
"2011-01-19 07:30:00+00:00","0.15","0.006","0.0155226"
"2011-01-19 08:00:00+00:00","0.176","0.019","0.01556565"
"2011-01-19 08:30:00+00:00","0.115","0.088","0.0155718"
"2011-01-19 09:00:00+00:00","0.131","0.231","0.01556565"
"2011-01-19 09:30:00+00:00","0.294","0.256","0.0172323"
"2011-01-19 10:00:00+00:00","0.118","0.344","0.01757055"
"2011-01-19 10:30:00+00:00","0.159","0.438","0.01620525"
"2011-01-19 11:00:00+00:00","0.167","0.206","0.0160761"
"2011-01-19 11:30:00+00:00","0.201","0.388","0.01631595"
"2011-01-19 12:00:00+00:00","0.158","0.644","0.0164205"
"2011-01-19 12:30:00+00:00","0.207","0.919","0.0179334"
"2011-01-19 13:00:00+00:00","0.143","0.619","0.01776735"
"2011-01-19 13:30:00+00:00","0.359","0.638","0.0176259"
"2011-01-19 14:00:00+00:00","0.169","0.575","0.0175644"
"2011-01-19 14:30:00+00:00","0.203","0.606","0.0172815"
"2011-01-19 15:00:00+00:00","0.284","0.7","0.0161745"
"2011-01-19 15:30:00+00:00","0.215","0.844","0.0156825"
"2011-01-19 16:00:00+00:00","0.138","0.475","0.0163344"
"2011-01-19 16:30:00+00:00","0.191","0.675","0.0168633"
"2011-01-19 17:00:00+00:00","0.14","0.35","0.0159285"
"2011-01-19 17:30:00+00:00","0.143","0.213","0.0155964"
"2011-01-19 18:00:00+00:00","0.214","0.181","0.0155226"
"2011-01-19 18:30:00+00:00","0.171","0.119","0.0155226"
"2011-01-19 19:00:00+00:00","0.19","0.05","0.01556565"
"2011-01-19 19:30:00+00:00","0.152","0.013","0.01556565"
"2011-01-19 20:00:00+00:00","0.319","0.0","0.0156948"
"2011-01-19 20:30:00+00:00","0.234","0.0","0.01554105"
"2011-01-19 21:00:00+00:00","0.142","0.0","0.01508595"
"2011-01-19 21:30:00+00:00","0.15","0.0","0.0150798"
"2011-01-19 22:00:00+00:00","0.184","0.0","0.0128904"
"2011-01-19 22:30:00+00:00","0.093","0.0","0.01498755"
"2011-01-19 23:00:00+00:00","0.159","0.0","0.01404045"
"2011-01-19 23:30:00+00:00","0.948","0.0","0.01279815"
"2011-01-20 00:00:00+00:00","0.146","0.0","0.01297035"
"2011-01-20 00:30:00+00:00","0.156","0.0","0.0125829"
"2011-01-20 01:00:00+00:00","0.098","0.0","0.0116235"
"2011-01-20 01:30:00+00:00","0.116","0.0","0.0117096"
"2011-01-20 02:00:00+00:00","0.146","0.0","0.0112545"
"2011-01-20 02:30:00+00:00","0.092","0.0","0.0105903"
"2011-01-20 03:00:00+00:00","0.134","0.0","0.010455"
"2011-01-20 03:30:00+00:00","0.12","0.0","0.01025205"
"2011-01-20 04:00:00+00:00","0.114","0.0","0.0104181"
"2011-01-20 04:30:00+00:00","0.134","0.0","0.01062105"
"2011-01-20 05:00:00+00:00","0.124","0.0","0.01160505"
"2011-01-20 05:30:00+00:00","0.115","0.0","0.0122385"
"2011-01-20 06:00:00+00:00","0.108","0.0","0.01378215"
"2011-01-20 06:30:00+00:00","0.147","0.0","0.0162483"
"2011-01-20 07:00:00+00:00","0.098","0.013","0.01621755"
"2011-01-20 07:30:00+00:00","0.17","0.106","0.01591005"
"2011-01-20 08:00:00+00:00","0.139","0.163","0.01561485"
"2011-01-20 08:30:00+00:00","0.282","0.219","0.01556565"
"2011-01-20 09:00:00+00:00","0.174","0.319","0.0176013"
"2011-01-20 09:30:00+00:00","0.179","0.244","0.0168387"
"2011-01-20 10:00:00+00:00","0.18","0.706","0.01563945"
"2011-01-20 10:30:00+00:00","0.17","0.669","0.01556565"
"2011-01-20 11:00:00+00:00","0.22","0.875","0.0167772"
"2011-01-20 11:30:00+00:00","0.262","0.644","0.0170724"
"2011-01-20 12:00:00+00:00","0.229","0.888","0.01721385"
"2011-01-20 12:30:00+00:00","0.218","0.738","0.01971075"
"2011-01-20 13:00:00+00:00","0.402","0.656","0.02021505"
"2011-01-20 13:30:00+00:00","0.208","0.663","0.02164185"
"2011-01-20 14:00:00+00:00","0.266","0.763","0.02178945"
"2011-01-20 14:30:00+00:00","0.26","0.894","0.0199875"
"2011-01-20 15:00:00+00:00","0.272","0.838","0.02749665"
"2011-01-20 15:30:00+00:00","0.269","0.781","0.0211929"
"2011-01-20 16:00:00+00:00","0.197","0.706","0.0193971"
"2011-01-20 16:30:00+00:00","0.189","0.594","0.01785345"
"2011-01-20 17:00:00+00:00","0.336","0.513","0.0182286"
"2011-01-20 17:30:00+00:00","0.187","0.325","0.0185238"
"2011-01-20 18:00:00+00:00","0.513","0.113","0.0178965"
"2011-01-20 18:30:00+00:00","0.7","0.031","0.01602075"
"2011-01-20 19:00:00+00:00","0.249","0.019","0.01557795"
"2011-01-20 19:30:00+00:00","0.215","0.013","0.01556565"
"2011-01-20 20:00:00+00:00","0.326","0.0","0.01645125"
"2011-01-20 20:30:00+00:00","0.389","0.0","0.01695555"
"2011-01-20 21:00:00+00:00","0.239","0.0","0.0163344"
"2011-01-20 21:30:00+00:00","0.157","0.0","0.0155841"
"2011-01-20 22:00:00+00:00","0.179","0.0","0.01488915"
"2011-01-20 22:30:00+00:00","0.163","0.0","0.01518435"
"2011-01-20 23:00:00+00:00","0.076","0.0","0.0146985"
"2011-01-20 23:30:00+00:00","0.161","0.0","0.0143172"
"2011-01-21 00:00:00+00:00","0.161","0.0","0.01359765"
"2011-01-21 00:30:00+00:00","0.143","0.0","0.012669"
"2011-01-21 01:00:00+00:00","0.494","0.0","0.0118941"
"2011-01-21 01:30:00+00:00","0.419","0.0","0.0121155"
"2011-01-21 02:00:00+00:00","0.133","0.0","0.01182645"
"2011-01-21 02:30:00+00:00","0.117","0.0","0.011685"
"2011-01-21 03:00:00+00:00","0.129","0.0","0.0119556"
"2011-01-21 03:30:00+00:00","0.132","0.0","0.0118203"
"2011-01-21 04:00:00+00:00","0.12","0.0","0.0121893"
"2011-01-21 04:30:00+00:00","0.12","0.0","0.01210935"
"2011-01-21 05:00:00+00:00","0.119","0.0","0.01292115"
"2011-01-21 05:30:00+00:00","0.14","0.0","0.01372065"
"2011-01-21 06:00:00+00:00","0.104","0.0","0.014883"
"2011-01-21 06:30:00+00:00","0.141","0.0","0.0168141"
"2011-01-21 07:00:00+00:00","0.356","0.013","0.01827165"
"2011-01-21 07:30:00+00:00","0.161","0.063","0.0164574"
"2011-01-21 08:00:00+00:00","0.113","0.206","0.0172569"
"2011-01-21 08:30:00+00:00","0.151","0.375","0.0187821"
"2011-01-21 09:00:00+00:00","0.164","0.469","0.01904655"
"2011-01-21 09:30:00+00:00","0.112","0.494","0.01964925"
"2011-01-21 10:00:00+00:00","0.365","0.5","0.0195324"
"2011-01-21 10:30:00+00:00","0.094","0.825","0.02001825"
"2011-01-21 11:00:00+00:00","0.111","0.831","0.01987065"
"2011-01-21 11:30:00+00:00","0.164","0.85","0.019926"
"2011-01-21 12:00:00+00:00","0.083","0.881","0.0208485"
"2011-01-21 12:30:00+00:00","0.129","0.888","0.02128515"
"2011-01-21 13:00:00+00:00","0.148","0.9","0.0218448"
"2011-01-21 13:30:00+00:00","0.085","0.881","0.0210453"
"2011-01-21 14:00:00+00:00","0.143","0.844","0.0224352"
"2011-01-21 14:30:00+00:00","0.128","0.856","0.02030115"
"2011-01-21 15:00:00+00:00","0.115","0.831","0.02087925"
"2011-01-21 15:30:00+00:00","0.13","0.756","0.019926"
"2011-01-21 16:00:00+00:00","0.12","0.694","0.0193725"
"2011-01-21 16:30:00+00:00","0.134","0.556","0.01888665"
"2011-01-21 17:00:00+00:00","0.108","0.506","0.01790265"
"2011-01-21 17:30:00+00:00","0.124","0.294","0.01627905"
"2011-01-21 18:00:00+00:00","0.145","0.194","0.01594695"
"2011-01-21 18:30:00+00:00","0.091","0.063","0.01565175"
"2011-01-21 19:00:00+00:00","0.123","0.025","0.01552875"
"2011-01-21 19:30:00+00:00","0.156","0.025","0.01556565"
"2011-01-21 20:00:00+00:00","0.085","0.006","0.01563945"
"2011-01-21 20:30:00+00:00","0.133","0.0","0.0155226"
"2011-01-21 21:00:00+00:00","0.144","0.0","0.01528275"
"2011-01-21 21:30:00+00:00","0.077","0.0","0.01539345"
"2011-01-21 22:00:00+00:00","0.151","0.0","0.0147108"
"2011-01-21 22:30:00+00:00","0.101","0.0","0.01579935"
"2011-01-21 23:00:00+00:00","0.278","0.0","0.0173061"
"2011-01-21 23:30:00+00:00","0.212","0.0","0.0152643"
"2011-01-22 00:00:00+00:00","0.112","0.0","0.0145017"
"2011-01-22 00:30:00+00:00","0.12","0.0","0.01283505"
"2011-01-22 01:00:00+00:00","0.18","0.0","0.0129273"
"2011-01-22 01:30:00+00:00","0.063","0.0","0.01250295"
"2011-01-22 02:00:00+00:00","0.166","0.0","0.01103925"
"2011-01-22 02:30:00+00:00","0.126","0.0","0.01219545"
"2011-01-22 03:00:00+00:00","0.096","0.0","0.01170345"
"2011-01-22 03:30:00+00:00","0.177","0.0","0.01257675"
"2011-01-22 04:00:00+00:00","0.076","0.0","0.0122877"
"2011-01-22 04:30:00+00:00","0.152","0.0","0.01213395"
"2011-01-22 05:00:00+00:00","0.123","0.0","0.0144033"
"2011-01-22 05:30:00+00:00","0.11","0.0","0.0144525"
"2011-01-22 06:00:00+00:00","0.142","0.0","0.0139359"
"2011-01-22 06:30:00+00:00","0.212","0.0","0.01407735"
"2011-01-22 07:00:00+00:00","0.126","0.013","0.01411425"
"2011-01-22 07:30:00+00:00","0.135","0.056","0.01554105"
"2011-01-22 08:00:00+00:00","0.147","0.206","0.01559025"
"2011-01-22 08:30:00+00:00","0.104","0.375","0.01562715"
"2011-01-22 09:00:00+00:00","0.132","0.5","0.0155841"
"2011-01-22 09:30:00+00:00","0.206","0.644","0.016482"
"2011-01-22 10:00:00+00:00","0.432","0.681","0.018573"
"2011-01-22 10:30:00+00:00","0.159","0.756","0.01856685"
"2011-01-22 11:00:00+00:00","0.132","0.819","0.0192126"
"2011-01-22 11:30:00+00:00","0.181","0.856","0.0204672"
"2011-01-22 12:00:00+00:00","0.123","0.888","0.02137125"
"2011-01-22 12:30:00+00:00","0.151","0.9","0.02357295"
"2011-01-22 13:00:00+00:00","0.307","0.919","0.0226074"
"2011-01-22 13:30:00+00:00","0.138","0.906","0.02481525"
"2011-01-22 14:00:00+00:00","0.234","0.894","0.0282162"
"2011-01-22 14:30:00+00:00","0.201","0.863","0.0239481"
"2011-01-22 15:00:00+00:00","0.242","0.825","0.02149425"
"2011-01-22 15:30:00+00:00","0.253","0.781","0.0201843"
"2011-01-22 16:00:00+00:00","0.171","0.713","0.01985835"
"2011-01-22 16:30:00+00:00","0.219","0.631","0.0193725"
"2011-01-22 17:00:00+00:00","0.269","0.525","0.01940325"
"2011-01-22 17:30:00+00:00","0.211","0.313","0.0180318"
"2011-01-22 18:00:00+00:00","0.238","0.1","0.01624215"
"2011-01-22 18:30:00+00:00","0.284","0.019","0.01560255"
"2011-01-22 19:00:00+00:00","0.147","0.013","0.01556565"
"2011-01-22 19:30:00+00:00","0.209","0.006","0.01556565"
"2011-01-22 20:00:00+00:00","0.261","0.0","0.0154857"
"2011-01-22 20:30:00+00:00","0.341","0.0","0.01552875"
"2011-01-22 21:00:00+00:00","0.233","0.0","0.0155226"
"2011-01-22 21:30:00+00:00","0.227","0.0","0.01559025"
"2011-01-22 22:00:00+00:00","0.111","0.0","0.0148953"
"2011-01-22 22:30:00+00:00","0.208","0.0","0.01723845"
"2011-01-22 23:00:00+00:00","0.186","0.0","0.0150921"
"2011-01-22 23:30:00+00:00","0.121","0.0","0.01504905"
"2011-01-23 00:00:00+00:00","0.159","0.0","0.01593465"
"2011-01-23 00:30:00+00:00","0.109","0.0","0.0152028"
"2011-01-23 01:00:00+00:00","0.122","0.0","0.0141819"
"2011-01-23 01:30:00+00:00","0.115","0.0","0.0140958"
"2011-01-23 02:00:00+00:00","0.141","0.0","0.0134808"
"2011-01-23 02:30:00+00:00","0.105","0.0","0.0141204"
"2011-01-23 03:00:00+00:00","0.114","0.0","0.0138375"
"2011-01-23 03:30:00+00:00","0.15","0.0","0.013407"
"2011-01-23 04:00:00+00:00","0.061","0.0","0.013407"
"2011-01-23 04:30:00+00:00","0.169","0.0","0.01369605"
"2011-01-23 05:00:00+00:00","0.103","0.0","0.01305645"
"2011-01-23 05:30:00+00:00","0.09","0.0","0.0122016"
"2011-01-23 06:00:00+00:00","0.167","0.0","0.0121032"
"2011-01-23 06:30:00+00:00","0.06","0.0","0.01237995"
"2011-01-23 07:00:00+00:00","0.306","0.019","0.01319175"
"2011-01-23 07:30:00+00:00","0.175","0.038","0.01304415"
"2011-01-23 08:00:00+00:00","0.081","0.081","0.01476615"
"2011-01-23 08:30:00+00:00","0.182","0.369","0.015006"
"2011-01-23 09:00:00+00:00","0.232","0.469","0.01556565"
"2011-01-23 09:30:00+00:00","0.169","0.563","0.0156579"
"2011-01-23 10:00:00+00:00","0.177","0.638","0.01556565"
"2011-01-23 10:30:00+00:00","0.112","0.706","0.01556565"
"2011-01-23 11:00:00+00:00","0.07","0.825","0.01556565"
"2011-01-23 11:30:00+00:00","0.183","0.844","0.01556565"
"2011-01-23 12:00:00+00:00","0.089","0.781","0.0169617"
"2011-01-23 12:30:00+00:00","0.096","0.794","0.01896045"
"2011-01-23 13:00:00+00:00","0.178","0.944","0.01833315"
"2011-01-23 13:30:00+00:00","0.07","0.95","0.0185115"
"2011-01-23 14:00:00+00:00","0.191","0.95","0.0195324"
"2011-01-23 14:30:00+00:00","0.275","0.938","0.0199137"
"2011-01-23 15:00:00+00:00","0.26","0.9","0.020295"
"2011-01-23 15:30:00+00:00","0.356","0.838","0.0195693"
"2011-01-23 16:00:00+00:00","0.325","0.763","0.02019045"
"2011-01-23 16:30:00+00:00","0.313","0.669","0.01957545"
"2011-01-23 17:00:00+00:00","0.213","0.556","0.0196308"
"2011-01-23 17:30:00+00:00","0.199","0.225","0.02003055"
"2011-01-23 18:00:00+00:00","0.304","0.138","0.0191388"
"2011-01-23 18:30:00+00:00","0.169","0.069","0.0172815"
"2011-01-23 19:00:00+00:00","0.225","0.044","0.01570095"
"2011-01-23 19:30:00+00:00","0.221","0.013","0.0160023"
"2011-01-23 20:00:00+00:00","0.296","0.0","0.01642665"
"2011-01-23 20:30:00+00:00","0.169","0.0","0.01727535"
"2011-01-23 21:00:00+00:00","0.148","0.0","0.01571325"
"2011-01-23 21:30:00+00:00","0.212","0.0","0.015744"
"2011-01-23 22:00:00+00:00","0.132","0.0","0.0143541"
"2011-01-23 22:30:00+00:00","0.116","0.0","0.0149199"
"2011-01-23 23:00:00+00:00","0.191","0.0","0.0153135"
"2011-01-23 23:30:00+00:00","0.092","0.0","0.01556565"
"2011-01-24 00:00:00+00:00","0.767","0.0","0.01616835"
"2011-01-24 00:30:00+00:00","0.375","0.0","0.0145017"
"2011-01-24 01:00:00+00:00","0.096","0.0","0.012792"
"2011-01-24 01:30:00+00:00","0.139","0.0","0.0131118"
"2011-01-24 02:00:00+00:00","0.136","0.0","0.01358535"
"2011-01-24 02:30:00+00:00","0.135","0.0","0.01288425"
"2011-01-24 03:00:00+00:00","0.108","0.0","0.0145878"
"2011-01-24 03:30:00+00:00","0.149","0.0","0.01389285"
"2011-01-24 04:00:00+00:00","0.136","0.0","0.0136899"
"2011-01-24 04:30:00+00:00","0.077","0.0","0.0145017"
"2011-01-24 05:00:00+00:00","0.194","0.0","0.015498"
"2011-01-24 05:30:00+00:00","0.089","0.006","0.01550415"
"2011-01-24 06:00:00+00:00","0.133","0.0","0.0161253"
"2011-01-24 06:30:00+00:00","0.174","0.0","0.01843155"
"2011-01-24 07:00:00+00:00","0.174","0.019","0.0201843"
"2011-01-24 07:30:00+00:00","0.189","0.081","0.0192249"
"2011-01-24 08:00:00+00:00","0.179","0.169","0.0203319"
"2011-01-24 08:30:00+00:00","0.098","0.363","0.02009205"
"2011-01-24 09:00:00+00:00","0.187","0.456","0.02064555"
"2011-01-24 09:30:00+00:00","0.112","0.4","0.01944015"
"2011-01-24 10:00:00+00:00","0.135","0.394","0.01979685"
"2011-01-24 10:30:00+00:00","0.212","0.294","0.0199014"
"2011-01-24 11:00:00+00:00","0.221","0.663","0.0202581"
"2011-01-24 11:30:00+00:00","0.303","0.869","0.0209838"
"2011-01-24 12:00:00+00:00","0.178","0.731","0.02100225"
"2011-01-24 12:30:00+00:00","0.228","0.556","0.02294565"
"2011-01-24 13:00:00+00:00","0.187","0.775","0.04076835"
"2011-01-24 13:30:00+00:00","0.299","0.919","0.0676008"
"2011-01-24 14:00:00+00:00","0.336","0.725","0.0399012"
"2011-01-24 14:30:00+00:00","0.336","0.519","0.0221646"
"2011-01-24 15:00:00+00:00","0.48","0.475","0.0237636"
"2011-01-24 15:30:00+00:00","0.264","0.5","0.0220662"
"2011-01-24 16:00:00+00:00","0.306","0.4","0.02102685"
"2011-01-24 16:30:00+00:00","0.192","0.056","0.0223122"
"2011-01-24 17:00:00+00:00","0.257","0.075","0.0222138"
"2011-01-24 17:30:00+00:00","0.336","0.05","0.02004285"
"2011-01-24 18:00:00+00:00","0.256","0.025","0.01980915"
"2011-01-24 18:30:00+00:00","0.208","0.019","0.01923105"
"2011-01-24 19:00:00+00:00","0.255","0.056","0.0195939"
"2011-01-24 19:30:00+00:00","0.271","0.025","0.020418"
"2011-01-24 20:00:00+00:00","0.71","0.0","0.0214266"
"2011-01-24 20:30:00+00:00","0.617","0.0","0.02126055"
"2011-01-24 21:00:00+00:00","0.597","0.0","0.0185238"
"2011-01-24 21:30:00+00:00","0.553","0.0","0.01734915"
"2011-01-24 22:00:00+00:00","0.468","0.0","0.0152151"
"2011-01-24 22:30:00+00:00","0.196","0.0","0.0195324"
"2011-01-24 23:00:00+00:00","0.103","0.0","0.01918185"
"2011-01-24 23:30:00+00:00","0.068","0.0","0.01832085"
"2011-01-25 00:00:00+00:00","0.179","0.0","0.01757055"
"2011-01-25 00:30:00+00:00","0.164","0.0","0.01523355"
"2011-01-25 01:00:00+00:00","0.133","0.0","0.01514745"
"2011-01-25 01:30:00+00:00","0.18","0.0","0.01468005"
"2011-01-25 02:00:00+00:00","0.155","0.0","0.0147231"
"2011-01-25 02:30:00+00:00","0.132","0.0","0.01535655"
"2011-01-25 03:00:00+00:00","0.134","0.0","0.01476"
"2011-01-25 03:30:00+00:00","0.126","0.0","0.01426185"
"2011-01-25 04:00:00+00:00","0.137","0.0","0.0149445"
"2011-01-25 04:30:00+00:00","0.169","0.0","0.0155226"
"2011-01-25 05:00:00+00:00","0.112","0.0","0.01562715"
"2011-01-25 05:30:00+00:00","0.153","0.0","0.01556565"
"2011-01-25 06:00:00+00:00","0.176","0.0","0.01588545"
"2011-01-25 06:30:00+00:00","0.101","0.0","0.01834545"
"2011-01-25 07:00:00+00:00","0.167","0.025","0.0203196"
"2011-01-25 07:30:00+00:00","0.143","0.05","0.01798875"
"2011-01-25 08:00:00+00:00","0.093","0.106","0.01926795"
"2011-01-25 08:30:00+00:00","0.249","0.306","0.02192475"
"2011-01-25 09:00:00+00:00","0.196","0.438","0.0245139"
"2011-01-25 09:30:00+00:00","0.129","0.519","0.024723"
"2011-01-25 10:00:00+00:00","0.131","0.531","0.022509"
"2011-01-25 10:30:00+00:00","0.12","0.694","0.0234438"
"2011-01-25 11:00:00+00:00","0.163","0.813","0.02749665"
"2011-01-25 11:30:00+00:00","0.311","0.838","0.03245355"
"2011-01-25 12:00:00+00:00","0.139","0.744","0.02743515"
"2011-01-25 12:30:00+00:00","0.168","0.875","0.04609425"
"2011-01-25 13:00:00+00:00","0.087","0.9","0.05565135"
"2011-01-25 13:30:00+00:00","0.616","0.888","0.061254"
"2011-01-25 14:00:00+00:00","0.71","0.875","0.06713955"
"2011-01-25 14:30:00+00:00","0.678","0.831","0.09036195"
"2011-01-25 15:00:00+00:00","0.674","0.788","0.1155585"
"2011-01-25 15:30:00+00:00","0.669","0.725","0.1136766"
"2011-01-25 16:00:00+00:00","0.618","0.688","0.12663465"
"2011-01-25 16:30:00+00:00","0.814","0.594","0.10892265"
"2011-01-25 17:00:00+00:00","0.686","0.463","0.0659403"
"2011-01-25 17:30:00+00:00","0.652","0.294","0.0589539"
"2011-01-25 18:00:00+00:00","0.542","0.113","0.0415002"
"2011-01-25 18:30:00+00:00","0.307","0.044","0.03424935"
"2011-01-25 19:00:00+00:00","0.178","0.025","0.02996895"
"2011-01-25 19:30:00+00:00","0.243","0.013","0.03304395"
"2011-01-25 20:00:00+00:00","0.482","0.0","0.03289635"
"2011-01-25 20:30:00+00:00","0.624","0.0","0.0291018"
"2011-01-25 21:00:00+00:00","0.61","0.0","0.02363445"
"2011-01-25 21:30:00+00:00","0.373","0.0","0.0238005"
"2011-01-25 22:00:00+00:00","0.393","0.0","0.0191511"
"2011-01-25 22:30:00+00:00","0.218","0.0","0.02696775"
"2011-01-25 23:00:00+00:00","0.362","0.0","0.0229272"
"2011-01-25 23:30:00+00:00","0.804","0.0","0.01796415"
"2011-01-26 00:00:00+00:00","0.208","0.0","0.0169617"
"2011-01-26 00:30:00+00:00","0.2","0.0","0.01492605"
"2011-01-26 01:00:00+00:00","0.151","0.0","0.01508595"
"2011-01-26 01:30:00+00:00","0.166","0.0","0.0155964"
"2011-01-26 02:00:00+00:00","0.204","0.0","0.01551645"
"2011-01-26 02:30:00+00:00","0.149","0.0","0.0155349"
"2011-01-26 03:00:00+00:00","0.102","0.0","0.0158916"
"2011-01-26 03:30:00+00:00","0.145","0.0","0.01894815"
"2011-01-26 04:00:00+00:00","0.097","0.0","0.0155226"
"2011-01-26 04:30:00+00:00","0.16","0.0","0.01556565"
"2011-01-26 05:00:00+00:00","0.204","0.0","0.01556565"
"2011-01-26 05:30:00+00:00","0.158","0.0","0.01547955"
"2011-01-26 06:00:00+00:00","0.163","0.0","0.01556565"
"2011-01-26 06:30:00+00:00","0.36","0.0","0.01556565"
"2011-01-26 07:00:00+00:00","0.227","0.0","0.01572555"
"2011-01-26 07:30:00+00:00","0.104","0.044","0.01627905"
"2011-01-26 08:00:00+00:00","0.146","0.138","0.01579935"
"2011-01-26 08:30:00+00:00","0.273","0.319","0.01833315"
"2011-01-26 09:00:00+00:00","0.197","0.444","0.0221277"
"2011-01-26 09:30:00+00:00","0.233","0.556","0.02836995"
"2011-01-26 10:00:00+00:00","0.205","0.644","0.0307746"
"2011-01-26 10:30:00+00:00","0.206","0.706","0.0491877"
"2011-01-26 11:00:00+00:00","0.357","0.756","0.06153075"
"2011-01-26 11:30:00+00:00","0.372","0.806","0.06204735"
"2011-01-26 12:00:00+00:00","0.434","0.831","0.06204735"
"2011-01-26 12:30:00+00:00","0.298","0.85","0.0616107"
"2011-01-26 13:00:00+00:00","0.253","0.775","0.0504915"
"2011-01-26 13:30:00+00:00","0.286","0.563","0.0522381"
"2011-01-26 14:00:00+00:00","0.242","0.438","0.0542184"
"2011-01-26 14:30:00+00:00","0.192","0.394","0.061254"
"2011-01-26 15:00:00+00:00","0.128","0.425","0.0722625"
"2011-01-26 15:30:00+00:00","0.135","0.681","0.09562635"
"2011-01-26 16:00:00+00:00","0.18","0.681","0.1203555"
"2011-01-26 16:30:00+00:00","0.124","0.463","0.17471535"
"2011-01-26 17:00:00+00:00","0.145","0.356","0.1486578"
"2011-01-26 17:30:00+00:00","0.131","0.206","0.1088427"
"2011-01-26 18:00:00+00:00","0.166","0.163","0.12133335"
"2011-01-26 18:30:00+00:00","0.185","0.031","0.06760695"
"2011-01-26 19:00:00+00:00","0.191","0.019","0.07087875"
"2011-01-26 19:30:00+00:00","0.132","0.006","0.1357674"
"2011-01-26 20:00:00+00:00","0.138","0.0","0.17471535"
"2011-01-26 20:30:00+00:00","0.127","0.0","0.10939005"
"2011-01-26 21:00:00+00:00","0.165","0.0","0.03672165"
"2011-01-26 21:30:00+00:00","0.145","0.0","0.03121125"
"2011-01-26 22:00:00+00:00","0.127","0.0","0.0218325"
"2011-01-26 22:30:00+00:00","0.544","0.0","0.0219063"
"2011-01-26 23:00:00+00:00","1.19","0.0","0.02052255"
"2011-01-26 23:30:00+00:00","0.867","0.0","0.02051025"
"2011-01-27 00:00:00+00:00","0.099","0.0","0.0179457"
"2011-01-27 00:30:00+00:00","0.154","0.0","0.0171831"
"2011-01-27 01:00:00+00:00","0.2","0.0","0.0139728"
"2011-01-27 01:30:00+00:00","0.141","0.0","0.0147231"
"2011-01-27 02:00:00+00:00","0.11","0.0","0.0142311"
"2011-01-27 02:30:00+00:00","0.171","0.0","0.0132471"
"2011-01-27 03:00:00+00:00","0.176","0.0","0.01269975"
"2011-01-27 03:30:00+00:00","0.117","0.0","0.0144402"
"2011-01-27 04:00:00+00:00","0.134","0.0","0.01556565"
"2011-01-27 04:30:00+00:00","0.205","0.006","0.01556565"
"2011-01-27 05:00:00+00:00","0.12","0.0","0.01602075"
"2011-01-27 05:30:00+00:00","0.107","0.0","0.0188067"
"2011-01-27 06:00:00+00:00","0.207","0.0","0.0212667"
"2011-01-27 06:30:00+00:00","0.159","0.0","0.02515965"
"2011-01-27 07:00:00+00:00","0.115","0.0","0.0350673"
"2011-01-27 07:30:00+00:00","0.223","0.0","0.02499975"
"2011-01-27 08:00:00+00:00","0.188","0.025","0.03143265"
"2011-01-27 08:30:00+00:00","0.101","0.044","0.04685685"
"2011-01-27 09:00:00+00:00","0.3","0.063","0.0504423"
"2011-01-27 09:30:00+00:00","0.232","0.113","0.05745945"
"2011-01-27 10:00:00+00:00","0.124","0.175","0.06075585"
"2011-01-27 10:30:00+00:00","0.174","0.556","0.06332655"
"2011-01-27 11:00:00+00:00","0.242","0.669","0.07980855"
"2011-01-27 11:30:00+00:00","0.498","0.5","0.07844325"
"2011-01-27 12:00:00+00:00","0.41","0.425","0.1318806"
"2011-01-27 12:30:00+00:00","0.372","0.594","0.1302078"
"2011-01-27 13:00:00+00:00","0.395","0.8","0.0009870727"
"2011-01-27 13:30:00+00:00","0.347","0.8","0.0014961182"
"2011-01-27 14:00:00+00:00","0.255","0.756","0.04375725"
"2011-01-27 14:30:00+00:00","0.219","0.863","0.05030085"
"2011-01-27 15:00:00+00:00","0.295","0.813","0.0331116"
"2011-01-27 15:30:00+00:00","0.274","0.738","0.0493968"
"2011-01-27 16:00:00+00:00","0.219","0.675","0.05153085"
"2011-01-27 16:30:00+00:00","0.247","0.594","0.0818442"
"2011-01-27 17:00:00+00:00","0.414","0.469","0.0945009"
"2011-01-27 17:30:00+00:00","0.198","0.294","0.03012885"
"2011-01-27 18:00:00+00:00","0.168","0.119","0.0262728"
"2011-01-27 18:30:00+00:00","0.284","0.044","0.0295077"
"2011-01-27 19:00:00+00:00","0.238","0.031","0.0418323"
"2011-01-27 19:30:00+00:00","0.155","0.006","0.0348951"
"2011-01-27 20:00:00+00:00","0.262","0.0","0.0360882"
"2011-01-27 20:30:00+00:00","0.713","0.0","0.0245631"
"2011-01-27 21:00:00+00:00","0.658","0.0","0.0200736"
"2011-01-27 21:30:00+00:00","0.228","0.0","0.0177735"
"2011-01-27 22:00:00+00:00","0.308","0.0","0.01827165"
"2011-01-27 22:30:00+00:00","0.257","0.0","0.01960005"
"2011-01-27 23:00:00+00:00","0.18","0.0","0.01679565"
"2011-01-27 23:30:00+00:00","0.189","0.0","0.01576245"
"2011-01-28 00:00:00+00:00","0.152","0.0","0.01568865"
"2011-01-28 00:30:00+00:00","0.066","0.0","0.01527045"
"2011-01-28 01:00:00+00:00","0.181","0.0","0.01520895"
"2011-01-28 01:30:00+00:00","0.168","0.0","0.01436025"
"2011-01-28 02:00:00+00:00","0.064","0.0","0.01376985"
"2011-01-28 02:30:00+00:00","0.168","0.0","0.0127182"
"2011-01-28 03:00:00+00:00","0.184","0.0","0.01235535"
"2011-01-28 03:30:00+00:00","0.066","0.0","0.01242915"
"2011-01-28 04:00:00+00:00","0.152","0.0","0.01285965"
"2011-01-28 04:30:00+00:00","0.174","0.006","0.01273665"
"2011-01-28 05:00:00+00:00","0.078","0.0","0.01292115"
"2011-01-28 05:30:00+00:00","0.148","0.0","0.0152151"
"2011-01-28 06:00:00+00:00","0.265","0.0","0.0157317"
"2011-01-28 06:30:00+00:00","0.127","0.0","0.02166645"
"2011-01-28 07:00:00+00:00","0.142","0.013","0.02162955"
"2011-01-28 07:30:00+00:00","0.136","0.075","0.01958775"
"2011-01-28 08:00:00+00:00","0.154","0.119","0.021156"
"2011-01-28 08:30:00+00:00","0.111","0.306","0.0203565"
"2011-01-28 09:00:00+00:00","0.189","0.469","0.02165415"
"2011-01-28 09:30:00+00:00","0.192","0.606","0.03134655"
"2011-01-28 10:00:00+00:00","0.112","0.525","0.0331485"
"2011-01-28 10:30:00+00:00","0.109","0.513","0.0323121"
"2011-01-28 11:00:00+00:00","0.18","0.5","0.03156795"
"2011-01-28 11:30:00+00:00","0.102","0.406","0.03071925"
"2011-01-28 12:00:00+00:00","0.084","0.238","0.02493825"
"2011-01-28 12:30:00+00:00","0.182","0.138","0.02757045"
"2011-01-28 13:00:00+00:00","0.291","0.219","0.02547945"
"2011-01-28 13:30:00+00:00","0.431","0.15","0.02397885"
"2011-01-28 14:00:00+00:00","0.204","0.525","0.02364675"
"2011-01-28 14:30:00+00:00","0.255","0.369","0.02262585"
"2011-01-28 15:00:00+00:00","0.218","0.575","0.0208977"
"2011-01-28 15:30:00+00:00","0.191","0.375","0.02025195"
"2011-01-28 16:00:00+00:00","0.263","0.35","0.01988295"
"2011-01-28 16:30:00+00:00","0.279","0.275","0.0189912"
"2011-01-28 17:00:00+00:00","0.276","0.294","0.01787805"
"2011-01-28 17:30:00+00:00","0.253","0.206","0.01621755"
"2011-01-28 18:00:00+00:00","0.306","0.069","0.0159285"
"2011-01-28 18:30:00+00:00","0.294","0.025","0.01570095"
"2011-01-28 19:00:00+00:00","0.256","0.038","0.0159777"
"2011-01-28 19:30:00+00:00","0.203","0.006","0.015744"
"2011-01-28 20:00:00+00:00","0.417","0.0","0.01577475"
"2011-01-28 20:30:00+00:00","0.175","0.0","0.0155226"
"2011-01-28 21:00:00+00:00","0.161","0.0","0.0154488"
"2011-01-28 21:30:00+00:00","0.201","0.0","0.0156333"
"2011-01-28 22:00:00+00:00","0.231","0.0","0.0147477"
"2011-01-28 22:30:00+00:00","0.153","0.0","0.01862835"
"2011-01-28 23:00:00+00:00","0.779","0.0","0.0173184"
"2011-01-28 23:30:00+00:00","0.449","0.0","0.01792725"
"2011-01-29 00:00:00+00:00","0.133","0.0","0.015498"
"2011-01-29 00:30:00+00:00","0.074","0.0","0.0144648"
"2011-01-29 01:00:00+00:00","0.182","0.0","0.01437255"
"2011-01-29 01:30:00+00:00","0.123","0.0","0.01481535"
"2011-01-29 02:00:00+00:00","0.076","0.0","0.01493835"
"2011-01-29 02:30:00+00:00","0.191","0.0","0.01304415"
"2011-01-29 03:00:00+00:00","0.108","0.0","0.0121032"
"2011-01-29 03:30:00+00:00","0.086","0.0","0.01220775"
"2011-01-29 04:00:00+00:00","0.187","0.0","0.0123123"
"2011-01-29 04:30:00+00:00","0.095","0.0","0.011193"
"2011-01-29 05:00:00+00:00","0.112","0.0","0.01113765"
"2011-01-29 05:30:00+00:00","0.177","0.0","0.01185105"
"2011-01-29 06:00:00+00:00","0.068","0.0","0.01212165"
"2011-01-29 06:30:00+00:00","0.323","0.0","0.0129765"
"2011-01-29 07:00:00+00:00","0.365","0.006","0.01433565"
"2011-01-29 07:30:00+00:00","0.259","0.044","0.01547955"
"2011-01-29 08:00:00+00:00","0.16","0.144","0.01589775"
"2011-01-29 08:30:00+00:00","0.164","0.244","0.01657425"
"2011-01-29 09:00:00+00:00","0.152","0.263","0.018327"
"2011-01-29 09:30:00+00:00","0.107","0.275","0.01892355"
"2011-01-29 10:00:00+00:00","0.129","0.356","0.0193233"
"2011-01-29 10:30:00+00:00","0.126","0.45","0.01841925"
"2011-01-29 11:00:00+00:00","0.094","0.75","0.0191388"
"2011-01-29 11:30:00+00:00","0.149","0.85","0.0192618"
"2011-01-29 12:00:00+00:00","0.177","0.738","0.01924335"
"2011-01-29 12:30:00+00:00","0.234","0.931","0.0211806"
"2011-01-29 13:00:00+00:00","0.254","0.944","0.0230256"
"2011-01-29 13:30:00+00:00","0.25","0.925","0.02303175"
"2011-01-29 14:00:00+00:00","0.261","0.919","0.0229149"
"2011-01-29 14:30:00+00:00","0.166","0.881","0.02263815"
"2011-01-29 15:00:00+00:00","0.138","0.85","0.0208731"
"2011-01-29 15:30:00+00:00","0.185","0.788","0.0204426"
"2011-01-29 16:00:00+00:00","0.18","0.725","0.02199855"
"2011-01-29 16:30:00+00:00","0.141","0.644","0.02112525"
"2011-01-29 17:00:00+00:00","0.287","0.531","0.0202827"
"2011-01-29 17:30:00+00:00","0.275","0.325","0.01967385"
"2011-01-29 18:00:00+00:00","0.187","0.119","0.0184623"
"2011-01-29 18:30:00+00:00","0.221","0.019","0.0176013"
"2011-01-29 19:00:00+00:00","0.163","0.013","0.0185853"
"2011-01-29 19:30:00+00:00","0.176","0.006","0.01818555"
"2011-01-29 20:00:00+00:00","0.254","0.0","0.01832085"
"2011-01-29 20:30:00+00:00","0.235","0.0","0.01787805"
"2011-01-29 21:00:00+00:00","0.172","0.0","0.0160638"
"2011-01-29 21:30:00+00:00","0.271","0.0","0.0155841"
"2011-01-29 22:00:00+00:00","0.141","0.0","0.0142065"
"2011-01-29 22:30:00+00:00","0.128","0.0","0.01822245"
"2011-01-29 23:00:00+00:00","0.187","0.0","0.01685715"
"2011-01-29 23:30:00+00:00","0.089","0.0","0.01699245"
"2011-01-30 00:00:00+00:00","0.14","0.0","0.01503675"
"2011-01-30 00:30:00+00:00","0.14","0.0","0.01400355"
"2011-01-30 01:00:00+00:00","0.097","0.0","0.0116358"
"2011-01-30 01:30:00+00:00","0.134","0.0","0.01226925"
"2011-01-30 02:00:00+00:00","0.114","0.0","0.0094341"
"2011-01-30 02:30:00+00:00","0.128","0.0","0.0088683"
"2011-01-30 03:00:00+00:00","0.106","0.0","0.0103566"
"2011-01-30 03:30:00+00:00","0.137","0.0","0.00971085"
"2011-01-30 04:00:00+00:00","0.094","0.0","0.01076865"
"2011-01-30 04:30:00+00:00","0.124","0.0","0.01290885"
"2011-01-30 05:00:00+00:00","0.14","0.0","0.0118449"
"2011-01-30 05:30:00+00:00","0.059","0.0","0.0108117"
"2011-01-30 06:00:00+00:00","0.176","0.0","0.0112053"
"2011-01-30 06:30:00+00:00","0.081","0.0","0.01030125"
"2011-01-30 07:00:00+00:00","0.12","0.006","0.01230615"
"2011-01-30 07:30:00+00:00","0.303","0.031","0.01442175"
"2011-01-30 08:00:00+00:00","0.116","0.156","0.0146616"
"2011-01-30 08:30:00+00:00","0.187","0.363","0.01479075"
"2011-01-30 09:00:00+00:00","0.161","0.488","0.0155472"
"2011-01-30 09:30:00+00:00","0.128","0.606","0.01577475"
"2011-01-30 10:00:00+00:00","0.117","0.7","0.01557795"
"2011-01-30 10:30:00+00:00","0.11","0.775","0.0166911"
"2011-01-30 11:00:00+00:00","0.103","0.831","0.0175521"
"2011-01-30 11:30:00+00:00","0.122","0.875","0.01792725"
"2011-01-30 12:00:00+00:00","0.119","0.894","0.0177981"
"2011-01-30 12:30:00+00:00","0.084","0.919","0.0182778"
"2011-01-30 13:00:00+00:00","0.15","0.913","0.01916955"
"2011-01-30 13:30:00+00:00","0.115","0.931","0.0196431"
"2011-01-30 14:00:00+00:00","0.076","0.931","0.02210925"
"2011-01-30 14:30:00+00:00","0.168","0.919","0.0299751"
"2011-01-30 15:00:00+00:00","0.105","0.875","0.0308976"
"2011-01-30 15:30:00+00:00","0.073","0.813","0.04101435"
"2011-01-30 16:00:00+00:00","0.183","0.756","0.05481495"
"2011-01-30 16:30:00+00:00","0.118","0.663","0.0542799"
"2011-01-30 17:00:00+00:00","0.064","0.556","0.0548211"
"2011-01-30 17:30:00+00:00","0.175","0.369","0.05551605"
"2011-01-30 18:00:00+00:00","0.135","0.138","0.05504865"
"2011-01-30 18:30:00+00:00","0.124","0.019","0.04337595"
"2011-01-30 19:00:00+00:00","0.646","0.019","0.030381"
"2011-01-30 19:30:00+00:00","0.881","0.006","0.04203525"
"2011-01-30 20:00:00+00:00","0.697","0.0","0.03640185"
"2011-01-30 20:30:00+00:00","0.402","0.0","0.02309325"
"2011-01-30 21:00:00+00:00","0.401","0.0","0.02122365"
"2011-01-30 21:30:00+00:00","0.304","0.0","0.01971075"
"2011-01-30 22:00:00+00:00","0.338","0.0","0.0179826"
"2011-01-30 22:30:00+00:00","0.259","0.0","0.02203545"
"2011-01-30 23:00:00+00:00","0.144","0.0","0.0188559"
"2011-01-30 23:30:00+00:00","0.171","0.0","0.01766895"
"2011-01-31 00:00:00+00:00","0.122","0.0","0.01602075"
"2011-01-31 00:30:00+00:00","0.121","0.0","0.0155349"
"2011-01-31 01:00:00+00:00","0.145","0.0","0.0139851"
"2011-01-31 01:30:00+00:00","0.124","0.0","0.01327785"
"2011-01-31 02:00:00+00:00","0.13","0.0","0.01255215"
"2011-01-31 02:30:00+00:00","0.124","0.0","0.0123738"
"2011-01-31 03:00:00+00:00","0.14","0.0","0.0099138"
"2011-01-31 03:30:00+00:00","0.135","0.0","0.01226925"
"2011-01-31 04:00:00+00:00","0.095","0.0","0.01219545"
"2011-01-31 04:30:00+00:00","0.172","0.0","0.01190025"
"2011-01-31 05:00:00+00:00","0.101","0.0","0.01335165"
"2011-01-31 05:30:00+00:00","0.106","0.0","0.01471695"
"2011-01-31 06:00:00+00:00","0.195","0.0","0.01777965"
"2011-01-31 06:30:00+00:00","0.268","0.0","0.0237636"
"2011-01-31 07:00:00+00:00","0.177","0.0","0.0266172"
"2011-01-31 07:30:00+00:00","0.219","0.031","0.0200982"
"2011-01-31 08:00:00+00:00","0.117","0.131","0.0246"
"2011-01-31 08:30:00+00:00","0.16","0.338","0.0343416"
"2011-01-31 09:00:00+00:00","0.159","0.463","0.03824685"
"2011-01-31 09:30:00+00:00","0.066","0.569","0.05998095"
"2011-01-31 10:00:00+00:00","0.251","0.656","0.0690399"
"2011-01-31 10:30:00+00:00","0.242","0.725","0.07754535"
"2011-01-31 11:00:00+00:00","0.205","0.788","0.09263745"
"2011-01-31 11:30:00+00:00","0.163","0.831","0.1046607"
"2011-01-31 12:00:00+00:00","0.249","0.844","0.1515114"
"2011-01-31 12:30:00+00:00","0.261","0.875","0.1815726"
"2011-01-31 13:00:00+00:00","0.276","0.888","0.1815972"
"2011-01-31 13:30:00+00:00","0.415","0.875","0.1815972"
"2011-01-31 14:00:00+00:00","0.252","0.881","0.1798629"
"2011-01-31 14:30:00+00:00","0.145","0.875","0.1798998"
"2011-01-31 15:00:00+00:00","0.091","0.831","0.1647954"
"2011-01-31 15:30:00+00:00","0.164","0.775","0.0008325564"
"2011-01-31 16:00:00+00:00","0.164","0.706","0.0022769032"
"2011-01-31 16:30:00+00:00","0.278","0.625","0.0016725299"
"2011-01-31 17:00:00+00:00","0.362","0.525","0.15240315"
"2011-01-31 17:30:00+00:00","0.374","0.344","0.1388055"
"2011-01-31 18:00:00+00:00","0.276","0.125","0.18114825"
"2011-01-31 18:30:00+00:00","0.312","0.025","0.09942705"
"2011-01-31 19:00:00+00:00","0.249","0.013","0.07101405"
"2011-01-31 19:30:00+00:00","0.213","0.006","0.0621396"
"2011-01-31 20:00:00+00:00","0.24","0.0","0.0619182"
"2011-01-31 20:30:00+00:00","0.394","0.0","0.05411385"
"2011-01-31 21:00:00+00:00","0.413","0.0","0.03685695"
"2011-01-31 21:30:00+00:00","0.422","0.0","0.0354609"
"2011-01-31 22:00:00+00:00","0.217","0.0","0.02305635"
"2011-01-31 22:30:00+00:00","0.188","0.0","0.0434559"
"2011-01-31 23:00:00+00:00","0.121","0.0","0.03277335"
"2011-01-31 23:30:00+00:00","0.096","0.0","0.0333084"
"2011-02-01 00:00:00+00:00","0.992","0.0","0.02638965"
"2011-02-01 00:30:00+00:00","0.263","0.0","0.02113755"
"2011-02-01 01:00:00+00:00","0.12","0.0","0.01688175"
"2011-02-01 01:30:00+00:00","0.088","0.0","0.01539345"
"2011-02-01 02:00:00+00:00","0.194","0.0","0.0138744"
"2011-02-01 02:30:00+00:00","0.172","0.0","0.0128412"
"2011-02-01 03:00:00+00:00","0.067","0.0","0.012177"
"2011-02-01 03:30:00+00:00","0.168","0.0","0.0123738"
"2011-02-01 04:00:00+00:00","0.193","0.0","0.01422495"
"2011-02-01 04:30:00+00:00","0.069","0.0","0.01556565"
"2011-02-01 05:00:00+00:00","0.141","0.0","0.0160884"
"2011-02-01 05:30:00+00:00","0.172","0.0","0.01689405"
"2011-02-01 06:00:00+00:00","0.097","0.0","0.02239215"
"2011-02-01 06:30:00+00:00","0.152","0.0","0.032472"
"2011-02-01 07:00:00+00:00","0.16","0.0","0.0404055"
"2011-02-01 07:30:00+00:00","0.138","0.025","0.03044865"
"2011-02-01 08:00:00+00:00","0.283","0.125","0.05544225"
"2011-02-01 08:30:00+00:00","0.299","0.319","0.0638001"
"2011-02-01 09:00:00+00:00","0.248","0.45","0.0693843"
"2011-02-01 09:30:00+00:00","0.066","0.556","0.0715122"
"2011-02-01 10:00:00+00:00","0.126","0.644","0.0851283"
"2011-02-01 10:30:00+00:00","0.182","0.725","0.15044745"
"2011-02-01 11:00:00+00:00","0.18","0.781","0.1815972"
"2011-02-01 11:30:00+00:00","0.165","0.825","0.1815972"
"2011-02-01 12:00:00+00:00","0.215","0.863","0.17795025"
"2011-02-01 12:30:00+00:00","0.314","0.888","0.1940079"
"2011-02-01 13:00:00+00:00","0.527","0.913","0.9020697"
"2011-02-01 13:30:00+00:00","0.781","0.913","0.0019062124"
"2011-02-01 14:00:00+00:00","0.667","0.9","0.001865417"
"2011-02-01 14:30:00+00:00","0.72","0.863","0.0011806331"
"2011-02-01 15:00:00+00:00","0.518","0.806","0.0026777006"
"2011-02-01 15:30:00+00:00","0.483","0.769","0.0045661213"
"2011-02-01 16:00:00+00:00","0.619","0.688","0.0045902029"
"2011-02-01 16:30:00+00:00","0.662","0.606","0.0036099761"
"2011-02-01 17:00:00+00:00","0.693","0.513","0.956202"
"2011-02-01 17:30:00+00:00","0.676","0.35","0.1298388"
"2011-02-01 18:00:00+00:00","0.654","0.131","0.1815972"
"2011-02-01 18:30:00+00:00","0.301","0.019","0.08946405"
"2011-02-01 19:00:00+00:00","0.315","0.013","0.1666773"
"2011-02-01 19:30:00+00:00","0.308","0.006","0.1672431"
"2011-02-01 20:00:00+00:00","0.557","0.0","0.16303035"
"2011-02-01 20:30:00+00:00","0.705","0.0","0.0780681"
"2011-02-01 21:00:00+00:00","0.678","0.0","0.086961"
"2011-02-01 21:30:00+00:00","0.653","0.0","0.05301915"
"2011-02-01 22:00:00+00:00","0.631","0.0","0.0254979"
"2011-02-01 22:30:00+00:00","0.483","0.0","0.04107585"
"2011-02-01 23:00:00+00:00","0.131","0.0","0.0500733"
"2011-02-01 23:30:00+00:00","0.176","0.0","0.03664785"
"2011-02-02 00:00:00+00:00","0.192","0.0","0.0278964"
"2011-02-02 00:30:00+00:00","0.138","0.0","0.02801325"
"2011-02-02 01:00:00+00:00","0.07","0.0","0.0198522"
"2011-02-02 01:30:00+00:00","0.139","0.0","0.0167403"
"2011-02-02 02:00:00+00:00","0.194","0.0","0.0149937"
"2011-02-02 02:30:00+00:00","0.179","0.0","0.01454475"
"2011-02-02 03:00:00+00:00","0.131","0.0","0.0139974"
"2011-02-02 03:30:00+00:00","0.172","0.0","0.01568865"
"2011-02-02 04:00:00+00:00","0.192","0.0","0.01583625"
"2011-02-02 04:30:00+00:00","0.163","0.0","0.0185853"
"2011-02-02 05:00:00+00:00","0.136","0.0","0.02118675"
"2011-02-02 05:30:00+00:00","0.159","0.0","0.0259038"
"2011-02-02 06:00:00+00:00","0.126","0.0","0.0316848"
"2011-02-02 06:30:00+00:00","0.249","0.0","0.0402702"
"2011-02-02 07:00:00+00:00","0.147","0.006","0.0455592"
"2011-02-02 07:30:00+00:00","0.327","0.025","0.0244032"
"2011-02-02 08:00:00+00:00","0.23","0.106","0.02784105"
"2011-02-02 08:30:00+00:00","0.18","0.306","0.0470844"
"2011-02-02 09:00:00+00:00","0.11","0.438","0.09657345"
"2011-02-02 09:30:00+00:00","0.334","0.544","0.0812661"
"2011-02-02 10:00:00+00:00","0.474","0.631","0.09883665"
"2011-02-02 10:30:00+00:00","0.575","0.7","0.1669725"
"2011-02-02 11:00:00+00:00","0.641","0.763","0.1815972"
"2011-02-02 11:30:00+00:00","0.79","0.813","0.1815972"
"2011-02-02 12:00:00+00:00","0.677","0.844","0.17974605"
"2011-02-02 12:30:00+00:00","0.739","0.863","0.20985645"
"2011-02-02 13:00:00+00:00","0.642","0.863","0.0007275423"
"2011-02-02 13:30:00+00:00","0.37","0.875","0.27139335"
"2011-02-02 14:00:00+00:00","0.177","0.85","0.002111233"
"2011-02-02 14:30:00+00:00","0.174","0.819","0.0022055094"
"2011-02-02 15:00:00+00:00","0.12","0.775","0.0034694579"
"2011-02-02 15:30:00+00:00","0.141","0.713","0.0039399963"
"2011-02-02 16:00:00+00:00","0.182","0.65","0.0038743516"
"2011-02-02 16:30:00+00:00","0.174","0.588","0.0033183154"
"2011-02-02 17:00:00+00:00","0.292","0.494","0.18109905"
"2011-02-02 17:30:00+00:00","0.669","0.313","0.17326395"
"2011-02-02 18:00:00+00:00","0.686","0.131","0.1813635"
"2011-02-02 18:30:00+00:00","0.69","0.031","0.1803303"
"2011-02-02 19:00:00+00:00","0.681","0.025","0.1813266"
"2011-02-02 19:30:00+00:00","0.342","0.006","0.1815972"
"2011-02-02 20:00:00+00:00","0.341","0.0","0.1815972"
"2011-02-02 20:30:00+00:00","0.645","0.0","0.1814004"
"2011-02-02 21:00:00+00:00","0.716","0.0","0.10137045"
"2011-02-02 21:30:00+00:00","0.617","0.0","0.0756327"
"2011-02-02 22:00:00+00:00","0.584","0.0","0.0312666"
"2011-02-02 22:30:00+00:00","0.607","0.0","0.052767"
"2011-02-02 23:00:00+00:00","0.435","0.0","0.04495035"
"2011-02-02 23:30:00+00:00","0.151","0.0","0.0359406"
"2011-02-03 00:00:00+00:00","0.803","0.0","0.0269493"
"2011-02-03 00:30:00+00:00","0.187","0.0","0.0221646"
"2011-02-03 01:00:00+00:00","0.185","0.0","0.0165927"
"2011-02-03 01:30:00+00:00","0.139","0.0","0.0171093"
"2011-02-03 02:00:00+00:00","0.166","0.0","0.0155595"
"2011-02-03 02:30:00+00:00","0.194","0.0","0.0151167"
"2011-02-03 03:00:00+00:00","0.158","0.0","0.0155595"
"2011-02-03 03:30:00+00:00","0.133","0.0","0.01572555"
"2011-02-03 04:00:00+00:00","0.2","0.0","0.01566405"
"2011-02-03 04:30:00+00:00","0.152","0.0","0.0153012"
"2011-02-03 05:00:00+00:00","0.082","0.0","0.0178842"
"2011-02-03 05:30:00+00:00","0.182","0.0","0.02449545"
"2011-02-03 06:00:00+00:00","0.198","0.0","0.03300705"
"2011-02-03 06:30:00+00:00","0.158","0.006","0.0449688"
"2011-02-03 07:00:00+00:00","0.229","0.038","0.0709464"
"2011-02-03 07:30:00+00:00","0.311","0.013","0.02808705"
"2011-02-03 08:00:00+00:00","0.34","0.05","0.0458667"
"2011-02-03 08:30:00+00:00","0.242","0.119","0.07936575"
"2011-02-03 09:00:00+00:00","0.173","0.169","0.0555468"
"2011-02-03 09:30:00+00:00","0.161","0.275","0.0794334"
"2011-02-03 10:00:00+00:00","0.112","0.444","0.08007915"
"2011-02-03 10:30:00+00:00","0.138","0.563","0.14526915"
"2011-02-03 11:00:00+00:00","0.163","0.619","0.1755333"
"2011-02-03 11:30:00+00:00","0.185","0.856","0.17962305"
"2011-02-03 12:00:00+00:00","0.19","0.869","0.1815972"
"2011-02-03 12:30:00+00:00","0.129","0.756","0.17631435"
"2011-02-03 13:00:00+00:00","0.142","0.788","0.1815972"
"2011-02-03 13:30:00+00:00","0.19","0.913","0.145632"
"2011-02-03 14:00:00+00:00","0.182","0.813","0.3055689"
"2011-02-03 14:30:00+00:00","0.17","0.469","0.0011229349"
"2011-02-03 15:00:00+00:00","0.128","0.456","0.7018626"
"2011-02-03 15:30:00+00:00","0.167","0.575","0.72206535"
"2011-02-03 16:00:00+00:00","0.19","0.419","0.0010169336"
"2011-02-03 16:30:00+00:00","0.588","0.206","0.68664135"
"2011-02-03 17:00:00+00:00","1.227","0.169","0.1512777"
"2011-02-03 17:30:00+00:00","1.117","0.15","0.045264"
"2011-02-03 18:00:00+00:00","1.09","0.119","0.1519911"
"2011-02-03 18:30:00+00:00","1.192","0.088","0.04433535"
"2011-02-03 19:00:00+00:00","1.004","0.044","0.0688431"
"2011-02-03 19:30:00+00:00","0.738","0.006","0.07867695"
"2011-02-03 20:00:00+00:00","0.611","0.0","0.05204745"
"2011-02-03 20:30:00+00:00","0.612","0.0","0.03652485"
"2011-02-03 21:00:00+00:00","0.57","0.0","0.0267156"
"2011-02-03 21:30:00+00:00","0.36","0.0","0.0221892"
"2011-02-03 22:00:00+00:00","0.228","0.0","0.01744755"
"2011-02-03 22:30:00+00:00","0.226","0.0","0.03437235"
"2011-02-03 23:00:00+00:00","0.138","0.0","0.0342063"
"2011-02-03 23:30:00+00:00","0.107","0.0","0.0345384"
"2011-02-04 00:00:00+00:00","0.233","0.0","0.0302703"
"2011-02-04 00:30:00+00:00","0.213","0.0","0.0198522"
"2011-02-04 01:00:00+00:00","0.188","0.0","0.0161622"
"2011-02-04 01:30:00+00:00","0.157","0.0","0.01520895"
"2011-02-04 02:00:00+00:00","0.201","0.0","0.01479075"
"2011-02-04 02:30:00+00:00","0.215","0.0","0.0122385"
"2011-02-04 03:00:00+00:00","0.202","0.0","0.01279815"
"2011-02-04 03:30:00+00:00","0.086","0.0","0.01504905"
"2011-02-04 04:00:00+00:00","0.172","0.0","0.01556565"
"2011-02-04 04:30:00+00:00","0.206","0.0","0.01556565"
"2011-02-04 05:00:00+00:00","0.207","0.0","0.01563945"
"2011-02-04 05:30:00+00:00","0.091","0.0","0.0193971"
"2011-02-04 06:00:00+00:00","0.14","0.0","0.03298245"
"2011-02-04 06:30:00+00:00","0.215","0.0","0.04894785"
"2011-02-04 07:00:00+00:00","0.279","0.006","0.0535788"
"2011-02-04 07:30:00+00:00","0.135","0.075","0.02875125"
"2011-02-04 08:00:00+00:00","0.2","0.144","0.04225665"
"2011-02-04 08:30:00+00:00","0.199","0.144","0.05538075"
"2011-02-04 09:00:00+00:00","0.188","0.294","0.06594645"
"2011-02-04 09:30:00+00:00","0.233","0.313","0.0823116"
"2011-02-04 10:00:00+00:00","0.192","0.338","0.17350995"
"2011-02-04 10:30:00+00:00","0.185","0.475","0.1392975"
"2011-02-04 11:00:00+00:00","0.15","0.675","0.18071775"
"2011-02-04 11:30:00+00:00","0.058","0.494","0.1815972"
"2011-02-04 12:00:00+00:00","0.155","0.588","0.0006379067"
"2011-02-04 12:30:00+00:00","0.188","0.644","0.1305276"
"2011-02-04 13:00:00+00:00","0.737","0.938","0.16969695"
"2011-02-04 13:30:00+00:00","0.487","0.894","0.19038555"
"2011-02-04 14:00:00+00:00","0.528","0.888","0.1928517"
"2011-02-04 14:30:00+00:00","0.58","0.85","0.1921014"
"2011-02-04 15:00:00+00:00","0.592","0.813","0.8950341"
"2011-02-04 15:30:00+00:00","0.284","0.756","0.20938905"
"2011-02-04 16:00:00+00:00","0.212","0.688","0.1799121"
"2011-02-04 16:30:00+00:00","0.299","0.613","0.1407489"
"2011-02-04 17:00:00+00:00","0.326","0.513","0.0829881"
"2011-02-04 17:30:00+00:00","0.253","0.363","0.0388803"
"2011-02-04 18:00:00+00:00","0.228","0.156","0.06411375"
"2011-02-04 18:30:00+00:00","0.271","0.031","0.04320375"
"2011-02-04 19:00:00+00:00","0.281","0.013","0.03977205"
"2011-02-04 19:30:00+00:00","0.239","0.006","0.0451902"
"2011-02-04 20:00:00+00:00","0.209","0.0","0.04507335"
"2011-02-04 20:30:00+00:00","0.564","0.0","0.04182"
"2011-02-04 21:00:00+00:00","0.673","0.0","0.03880035"
"2011-02-04 21:30:00+00:00","0.574","0.0","0.0271584"
"2011-02-04 22:00:00+00:00","0.319","0.0","0.0217464"
"2011-02-04 22:30:00+00:00","0.145","0.0","0.04068225"
"2011-02-04 23:00:00+00:00","0.205","0.0","0.0434805"
"2011-02-04 23:30:00+00:00","0.194","0.0","0.04305615"
"2011-02-05 00:00:00+00:00","0.983","0.0","0.0329886"
"2011-02-05 00:30:00+00:00","0.201","0.0","0.02868975"
"2011-02-05 01:00:00+00:00","0.147","0.0","0.02563935"
"2011-02-05 01:30:00+00:00","0.111","0.0","0.02316705"
"2011-02-05 02:00:00+00:00","0.124","0.0","0.0186837"
"2011-02-05 02:30:00+00:00","0.194","0.0","0.0180564"
"2011-02-05 03:00:00+00:00","0.156","0.0","0.0187452"
"2011-02-05 03:30:00+00:00","0.137","0.0","0.01913265"
"2011-02-05 04:00:00+00:00","0.142","0.0","0.01856685"
"2011-02-05 04:30:00+00:00","0.159","0.0","0.0162975"
"2011-02-05 05:00:00+00:00","0.133","0.0","0.01686945"
"2011-02-05 05:30:00+00:00","0.153","0.0","0.0187206"
"2011-02-05 06:00:00+00:00","0.128","0.0","0.0170478"
"2011-02-05 06:30:00+00:00","0.146","0.0","0.0178596"
"2011-02-05 07:00:00+00:00","0.298","0.006","0.0279825"
"2011-02-05 07:30:00+00:00","0.216","0.019","0.02888655"
"2011-02-05 08:00:00+00:00","0.206","0.088","0.04523325"
"2011-02-05 08:30:00+00:00","0.073","0.263","0.04913235"
"2011-02-05 09:00:00+00:00","0.312","0.419","0.05854185"
"2011-02-05 09:30:00+00:00","0.194","0.55","0.0641076"
"2011-02-05 10:00:00+00:00","0.312","0.475","0.06204735"
"2011-02-05 10:30:00+00:00","0.258","0.638","0.06731175"
"2011-02-05 11:00:00+00:00","0.258","0.569","0.10658565"
"2011-02-05 11:30:00+00:00","0.332","0.825","0.0837384"
"2011-02-05 12:00:00+00:00","0.742","0.863","0.12881175"
"2011-02-05 12:30:00+00:00","0.678","0.875","0.14625315"
"2011-02-05 13:00:00+00:00","0.678","0.888","0.14625315"
"2011-02-05 13:30:00+00:00","1.035","0.881","0.1367145"
"2011-02-05 14:00:00+00:00","1.054","0.831","0.13645005"
"2011-02-05 14:30:00+00:00","0.743","0.825","0.0975021"
"2011-02-05 15:00:00+00:00","0.747","0.825","0.11488815"
"2011-02-05 15:30:00+00:00","0.77","0.775","0.15490005"
"2011-02-05 16:00:00+00:00","0.771","0.681","0.0008130287"
"2011-02-05 16:30:00+00:00","0.772","0.606","0.02575005"
"2011-02-05 17:00:00+00:00","0.756","0.394","0.03369585"
"2011-02-05 17:30:00+00:00","0.779","0.369","0.0561249"
"2011-02-05 18:00:00+00:00","0.833","0.144","0.074169"
"2011-02-05 18:30:00+00:00","0.958","0.019","0.07546665"
"2011-02-05 19:00:00+00:00","0.781","0.006","0.08418735"
"2011-02-05 19:30:00+00:00","0.783","0.006","0.1657548"
"2011-02-05 20:00:00+00:00","0.985","0.0","0.11367045"
"2011-02-05 20:30:00+00:00","1.3","0.0","0.08876295"
"2011-02-05 21:00:00+00:00","1.228","0.0","0.06481485"
"2011-02-05 21:30:00+00:00","1.266","0.0","0.1037259"
"2011-02-05 22:00:00+00:00","1.26","0.0","0.05471655"
"2011-02-05 22:30:00+00:00","0.765","0.0","0.0503808"
"2011-02-05 23:00:00+00:00","0.17","0.0","0.0514386"
"2011-02-05 23:30:00+00:00","0.261","0.0","0.05050995"
"2011-02-06 00:00:00+00:00","0.647","0.0","0.04599585"
"2011-02-06 00:30:00+00:00","0.877","0.0","0.03499965"
"2011-02-06 01:00:00+00:00","0.952","0.0","0.02560245"
"2011-02-06 01:30:00+00:00","0.148","0.0","0.0203319"
"2011-02-06 02:00:00+00:00","0.138","0.0","0.018327"
"2011-02-06 02:30:00+00:00","0.202","0.0","0.01582395"
"2011-02-06 03:00:00+00:00","0.191","0.0","0.0156333"
"2011-02-06 03:30:00+00:00","0.193","0.0","0.0141942"
"2011-02-06 04:00:00+00:00","0.138","0.0","0.01552875"
"2011-02-06 04:30:00+00:00","0.147","0.0","0.015867"
"2011-02-06 05:00:00+00:00","0.2","0.0","0.01533195"
"2011-02-06 05:30:00+00:00","0.19","0.0","0.0156087"
"2011-02-06 06:00:00+00:00","0.184","0.0","0.0155595"
"2011-02-06 06:30:00+00:00","0.143","0.0","0.015621"
"2011-02-06 07:00:00+00:00","0.718","0.006","0.0165066"
"2011-02-06 07:30:00+00:00","0.259","0.044","0.01739835"
"2011-02-06 08:00:00+00:00","0.205","0.056","0.01768125"
"2011-02-06 08:30:00+00:00","0.16","0.113","0.01731225"
"2011-02-06 09:00:00+00:00","0.278","0.256","0.0259407"
"2011-02-06 09:30:00+00:00","0.243","0.606","0.0381915"
"2011-02-06 10:00:00+00:00","0.247","0.7","0.048585"
"2011-02-06 10:30:00+00:00","0.26","0.363","0.03743505"
"2011-02-06 11:00:00+00:00","0.212","0.475","0.0302949"
"2011-02-06 11:30:00+00:00","0.282","0.65","0.03497505"
"2011-02-06 12:00:00+00:00","0.273","0.838","0.03600825"
"2011-02-06 12:30:00+00:00","0.276","0.831","0.0419061"
"2011-02-06 13:00:00+00:00","0.276","0.419","0.0401964"
"2011-02-06 13:30:00+00:00","0.258","0.394","0.0446367"
"2011-02-06 14:00:00+00:00","0.356","0.094","0.0331362"
"2011-02-06 14:30:00+00:00","0.29","0.013","0.02630355"
"2011-02-06 15:00:00+00:00","0.298","0.044","0.0250182"
"2011-02-06 15:30:00+00:00","0.357","0.031","0.02103915"
"2011-02-06 16:00:00+00:00","0.286","0.025","0.0216849"
"2011-02-06 16:30:00+00:00","0.256","0.031","0.01988295"
"2011-02-06 17:00:00+00:00","0.322","0.013","0.01875135"
"2011-02-06 17:30:00+00:00","0.382","0.006","0.01988295"
"2011-02-06 18:00:00+00:00","0.243","0.019","0.01957545"
"2011-02-06 18:30:00+00:00","0.265","0.013","0.01978455"
"2011-02-06 19:00:00+00:00","0.267","0.0","0.020049"
"2011-02-06 19:30:00+00:00","0.225","0.006","0.01930485"
"2011-02-06 20:00:00+00:00","0.372","0.0","0.01964925"
"2011-02-06 20:30:00+00:00","0.277","0.0","0.01881285"
"2011-02-06 21:00:00+00:00","0.307","0.0","0.01854225"
"2011-02-06 21:30:00+00:00","0.306","0.0","0.01823475"
"2011-02-06 22:00:00+00:00","0.117","0.0","0.0140343"
"2011-02-06 22:30:00+00:00","0.134","0.0","0.023124"
"2011-02-06 23:00:00+00:00","0.109","0.0","0.0218694"
"2011-02-06 23:30:00+00:00","0.077","0.0","0.01846845"
"2011-02-07 00:00:00+00:00","0.125","0.0","0.01699245"
"2011-02-07 00:30:00+00:00","0.82","0.0","0.0158793"
"2011-02-07 01:00:00+00:00","0.56","0.0","0.0161868"
"2011-02-07 01:30:00+00:00","0.325","0.0","0.01551645"
"2011-02-07 02:00:00+00:00","0.171","0.0","0.0155226"
"2011-02-07 02:30:00+00:00","0.132","0.0","0.0155841"
"2011-02-07 03:00:00+00:00","0.167","0.0","0.0155595"
"2011-02-07 03:30:00+00:00","0.125","0.0","0.0155472"
"2011-02-07 04:00:00+00:00","0.084","0.0","0.0155595"
"2011-02-07 04:30:00+00:00","0.168","0.0","0.01541805"
"2011-02-07 05:00:00+00:00","0.156","0.0","0.0160392"
"2011-02-07 05:30:00+00:00","0.151","0.0","0.0195693"
"2011-02-07 06:00:00+00:00","0.248","0.0","0.02310555"
"2011-02-07 06:30:00+00:00","0.377","0.0","0.02770575"
"2011-02-07 07:00:00+00:00","0.132","0.0","0.03346215"
"2011-02-07 07:30:00+00:00","0.235","0.0","0.02128515"
"2011-02-07 08:00:00+00:00","0.246","0.013","0.0213528"
"2011-02-07 08:30:00+00:00","0.079","0.063","0.0246"
"2011-02-07 09:00:00+00:00","0.187","0.075","0.024477"
"2011-02-07 09:30:00+00:00","0.101","0.106","0.02208465"
"2011-02-07 10:00:00+00:00","0.171","0.231","0.0211314"
"2011-02-07 10:30:00+00:00","0.241","0.244","0.0229518"
"2011-02-07 11:00:00+00:00","0.141","0.219","0.0228042"
"2011-02-07 11:30:00+00:00","0.065","0.263","0.0200736"
"2011-02-07 12:00:00+00:00","0.187","0.406","0.01966155"
"2011-02-07 12:30:00+00:00","0.121","0.413","0.02015355"
"2011-02-07 13:00:00+00:00","0.078","0.4","0.0207501"
"2011-02-07 13:30:00+00:00","0.189","0.294","0.0209715"
"2011-02-07 14:00:00+00:00","0.324","0.4","0.02160495"
"2011-02-07 14:30:00+00:00","0.171","0.413","0.0214143"
"2011-02-07 15:00:00+00:00","0.288","0.413","0.0210084"
"2011-02-07 15:30:00+00:00","0.219","0.369","0.02051025"
"2011-02-07 16:00:00+00:00","0.244","0.313","0.02043645"
"2011-02-07 16:30:00+00:00","0.291","0.225","0.02004285"
"2011-02-07 17:00:00+00:00","0.341","0.181","0.01936635"
"2011-02-07 17:30:00+00:00","0.224","0.163","0.01857915"
"2011-02-07 18:00:00+00:00","0.281","0.038","0.01786575"
"2011-02-07 18:30:00+00:00","0.227","0.044","0.0161499"
"2011-02-07 19:00:00+00:00","0.251","0.038","0.01670955"
"2011-02-07 19:30:00+00:00","0.21","0.006","0.0186591"
"2011-02-07 20:00:00+00:00","0.276","0.0","0.0187575"
"2011-02-07 20:30:00+00:00","0.211","0.0","0.01738605"
"2011-02-07 21:00:00+00:00","0.273","0.0","0.0156825"
"2011-02-07 21:30:00+00:00","0.151","0.0","0.01575015"
"2011-02-07 22:00:00+00:00","0.1","0.0","0.01525815"
"2011-02-07 22:30:00+00:00","0.149","0.0","0.0167895"
"2011-02-07 23:00:00+00:00","0.168","0.0","0.01637745"
"2011-02-07 23:30:00+00:00","0.115","0.0","0.01568865"
"2011-02-08 00:00:00+00:00","0.093","0.0","0.0155349"
"2011-02-08 00:30:00+00:00","0.164","0.0","0.0154365"
"2011-02-08 01:00:00+00:00","0.134","0.0","0.01452015"
"2011-02-08 01:30:00+00:00","0.081","0.0","0.0135054"
"2011-02-08 02:00:00+00:00","0.138","0.0","0.0135546"
"2011-02-08 02:30:00+00:00","0.153","0.0","0.01267515"
"2011-02-08 03:00:00+00:00","0.092","0.0","0.012423"
"2011-02-08 03:30:00+00:00","0.11","0.0","0.0135792"
"2011-02-08 04:00:00+00:00","0.356","0.0","0.0123"
"2011-02-08 04:30:00+00:00","0.245","0.0","0.0125952"
"2011-02-08 05:00:00+00:00","0.16","0.0","0.0152643"
"2011-02-08 05:30:00+00:00","0.21","0.0","0.01562715"
"2011-02-08 06:00:00+00:00","0.093","0.0","0.01755825"
"2011-02-08 06:30:00+00:00","0.169","0.0","0.02185095"
"2011-02-08 07:00:00+00:00","0.221","0.0","0.02626665"
"2011-02-08 07:30:00+00:00","0.294","0.019","0.01975995"
"2011-02-08 08:00:00+00:00","0.231","0.044","0.020172"
"2011-02-08 08:30:00+00:00","0.286","0.094","0.02167875"
"2011-02-08 09:00:00+00:00","0.71","0.181","0.0247353"
"2011-02-08 09:30:00+00:00","0.077","0.369","0.0218202"
"2011-02-08 10:00:00+00:00","0.233","0.45","0.02169105"
"2011-02-08 10:30:00+00:00","0.182","0.388","0.0224721"
"2011-02-08 11:00:00+00:00","0.399","0.325","0.02100225"
"2011-02-08 11:30:00+00:00","0.759","0.431","0.020295"
"2011-02-08 12:00:00+00:00","0.155","0.644","0.02060865"
"2011-02-08 12:30:00+00:00","0.21","0.925","0.02272425"
"2011-02-08 13:00:00+00:00","0.148","0.9","0.02091"
"2011-02-08 13:30:00+00:00","0.318","0.913","0.02084235"
"2011-02-08 14:00:00+00:00","0.179","0.919","0.0206271"
"2011-02-08 14:30:00+00:00","0.17","0.881","0.0204672"
"2011-02-08 15:00:00+00:00","0.189","0.65","0.01893585"
"2011-02-08 15:30:00+00:00","0.164","0.7","0.02007975"
"2011-02-08 16:00:00+00:00","0.15","0.463","0.02000595"
"2011-02-08 16:30:00+00:00","0.234","0.406","0.01947705"
"2011-02-08 17:00:00+00:00","0.238","0.3","0.01790265"
"2011-02-08 17:30:00+00:00","0.22","0.294","0.0168141"
"2011-02-08 18:00:00+00:00","0.168","0.231","0.016113"
"2011-02-08 18:30:00+00:00","0.294","0.038","0.01556565"
"2011-02-08 19:00:00+00:00","0.21","0.013","0.01556565"
"2011-02-08 19:30:00+00:00","0.185","0.006","0.01646355"
"2011-02-08 20:00:00+00:00","0.225","0.0","0.01640205"
"2011-02-08 20:30:00+00:00","0.239","0.0","0.0157071"
"2011-02-08 21:00:00+00:00","0.318","0.0","0.01546725"
"2011-02-08 21:30:00+00:00","0.274","0.0","0.01549185"
"2011-02-08 22:00:00+00:00","0.144","0.0","0.01503675"
"2011-02-08 22:30:00+00:00","0.137","0.0","0.01543035"
"2011-02-08 23:00:00+00:00","0.138","0.0","0.01540575"
"2011-02-08 23:30:00+00:00","0.098","0.0","0.01538115"
"2011-02-09 00:00:00+00:00","0.124","0.0","0.01449555"
"2011-02-09 00:30:00+00:00","0.158","0.0","0.0122385"
"2011-02-09 01:00:00+00:00","0.179","0.0","0.0120786"
"2011-02-09 01:30:00+00:00","0.074","0.0","0.0119556"
"2011-02-09 02:00:00+00:00","0.082","0.0","0.01084245"
"2011-02-09 02:30:00+00:00","0.192","0.0","0.00873915"
"2011-02-09 03:00:00+00:00","0.147","0.0","0.00872685"
"2011-02-09 03:30:00+00:00","0.073","0.0","0.00892365"
"2011-02-09 04:00:00+00:00","0.113","0.0","0.00985845"
"2011-02-09 04:30:00+00:00","0.168","0.0","0.0122508"
"2011-02-09 05:00:00+00:00","0.121","0.0","0.0123984"
"2011-02-09 05:30:00+00:00","0.092","0.0","0.01501215"
"2011-02-09 06:00:00+00:00","0.128","0.0","0.01581165"
"2011-02-09 06:30:00+00:00","0.142","0.0","0.0171954"
"2011-02-09 07:00:00+00:00","0.32","0.0","0.0218325"
"2011-02-09 07:30:00+00:00","0.135","0.019","0.0175767"
"2011-02-09 08:00:00+00:00","0.113","0.094","0.01861605"
"2011-02-09 08:30:00+00:00","0.275","0.225","0.02047335"
"2011-02-09 09:00:00+00:00","0.303","0.431","0.02132205"
"2011-02-09 09:30:00+00:00","0.151","0.588","0.021279"
"2011-02-09 10:00:00+00:00","0.109","0.606","0.02067015"
"2011-02-09 10:30:00+00:00","0.189","0.719","0.02036265"
"2011-02-09 11:00:00+00:00","0.258","0.763","0.019803"
"2011-02-09 11:30:00+00:00","0.336","0.831","0.02037495"
"2011-02-09 12:00:00+00:00","0.299","0.813","0.02182635"
"2011-02-09 12:30:00+00:00","0.373","0.931","0.022878"
"2011-02-09 13:00:00+00:00","0.269","0.775","0.02285955"
"2011-02-09 13:30:00+00:00","0.236","0.956","0.0244155"
"2011-02-09 14:00:00+00:00","0.15","0.906","0.02402805"
"2011-02-09 14:30:00+00:00","0.239","0.875","0.0238374"
"2011-02-09 15:00:00+00:00","0.251","0.775","0.02378205"
"2011-02-09 15:30:00+00:00","0.221","0.463","0.02369595"
"2011-02-09 16:00:00+00:00","0.23","0.606","0.0238497"
"2011-02-09 16:30:00+00:00","0.223","0.544","0.0224352"
"2011-02-09 17:00:00+00:00","0.224","0.325","0.0222138"
"2011-02-09 17:30:00+00:00","0.209","0.25","0.01861605"
"2011-02-09 18:00:00+00:00","0.143","0.15","0.01700475"
"2011-02-09 18:30:00+00:00","0.581","0.113","0.0159531"
"2011-02-09 19:00:00+00:00","0.417","0.05","0.017097"
"2011-02-09 19:30:00+00:00","0.379","0.013","0.01777965"
"2011-02-09 20:00:00+00:00","0.13","0.0","0.01742295"
"2011-02-09 20:30:00+00:00","0.113","0.0","0.0165189"
"2011-02-09 21:00:00+00:00","0.334","0.0","0.01567635"
"2011-02-09 21:30:00+00:00","0.218","0.0","0.01562715"
"2011-02-09 22:00:00+00:00","0.208","0.0","0.0142434"
"2011-02-09 22:30:00+00:00","0.191","0.0","0.0156702"
"2011-02-09 23:00:00+00:00","0.129","0.0","0.01568865"
"2011-02-09 23:30:00+00:00","0.155","0.0","0.0156825"
"2011-02-10 00:00:00+00:00","0.186","0.0","0.01504905"
"2011-02-10 00:30:00+00:00","0.914","0.0","0.0124353"
"2011-02-10 01:00:00+00:00","0.587","0.0","0.01224465"
"2011-02-10 01:30:00+00:00","0.226","0.0","0.0134193"
"2011-02-10 02:00:00+00:00","0.069","0.0","0.01225695"
"2011-02-10 02:30:00+00:00","0.095","0.0","0.01220775"
"2011-02-10 03:00:00+00:00","0.184","0.0","0.0122139"
"2011-02-10 03:30:00+00:00","0.124","0.0","0.01220775"
"2011-02-10 04:00:00+00:00","0.154","0.0","0.0122385"
"2011-02-10 04:30:00+00:00","0.18","0.0","0.01325325"
"2011-02-10 05:00:00+00:00","0.262","0.0","0.01303185"
"2011-02-10 05:30:00+00:00","0.155","0.0","0.01479075"
"2011-02-10 06:00:00+00:00","0.21","0.0","0.0161376"
"2011-02-10 06:30:00+00:00","0.126","0.0","0.01759515"
"2011-02-10 07:00:00+00:00","0.209","0.006","0.0219063"
"2011-02-10 07:30:00+00:00","0.246","0.05","0.01664805"
"2011-02-10 08:00:00+00:00","0.345","0.088","0.01857915"
"2011-02-10 08:30:00+00:00","0.267","0.1","0.0190158"
"2011-02-10 09:00:00+00:00","0.2","0.044","0.02036265"
"2011-02-10 09:30:00+00:00","0.209","0.494","0.0209223"
"2011-02-10 10:00:00+00:00","0.195","0.369","0.0208977"
"2011-02-10 10:30:00+00:00","0.159","0.456","0.02213385"
"2011-02-10 11:00:00+00:00","0.131","0.525","0.02223225"
"2011-02-10 11:30:00+00:00","0.128","0.869","0.0224475"
"2011-02-10 12:00:00+00:00","0.173","0.856","0.02181405"
"2011-02-10 12:30:00+00:00","0.56","0.881","0.02333925"
"2011-02-10 13:00:00+00:00","0.639","0.763","0.0246246"
"2011-02-10 13:30:00+00:00","0.594","0.575","0.02426175"
"2011-02-10 14:00:00+00:00","0.621","0.65","0.0239235"
"2011-02-10 14:30:00+00:00","0.638","0.844","0.02346225"
"2011-02-10 15:00:00+00:00","0.304","0.7","0.0239973"
"2011-02-10 15:30:00+00:00","0.176","0.669","0.02455695"
"2011-02-10 16:00:00+00:00","0.319","0.725","0.03060855"
"2011-02-10 16:30:00+00:00","0.411","0.638","0.0272814"
"2011-02-10 17:00:00+00:00","0.144","0.544","0.024846"
"2011-02-10 17:30:00+00:00","0.211","0.406","0.0219063"
"2011-02-10 18:00:00+00:00","0.244","0.144","0.0219678"
"2011-02-10 18:30:00+00:00","0.194","0.05","0.01857915"
"2011-02-10 19:00:00+00:00","0.192","0.025","0.0221646"
"2011-02-10 19:30:00+00:00","0.167","0.013","0.02391735"
"2011-02-10 20:00:00+00:00","0.293","0.0","0.0241203"
"2011-02-10 20:30:00+00:00","0.221","0.0","0.0198522"
"2011-02-10 21:00:00+00:00","0.238","0.0","0.0176136"
"2011-02-10 21:30:00+00:00","0.191","0.0","0.01696785"
"2011-02-10 22:00:00+00:00","0.18","0.0","0.0156825"
"2011-02-10 22:30:00+00:00","0.148","0.0","0.01870215"
"2011-02-10 23:00:00+00:00","0.094","0.0","0.01852995"
"2011-02-10 23:30:00+00:00","0.321","0.0","0.0190035"
"2011-02-11 00:00:00+00:00","0.881","0.0","0.016728"
"2011-02-11 00:30:00+00:00","0.14","0.006","0.01463085"
"2011-02-11 01:00:00+00:00","0.15","0.0","0.01479075"
"2011-02-11 01:30:00+00:00","0.189","0.0","0.01561485"
"2011-02-11 02:00:00+00:00","0.144","0.0","0.01507365"
"2011-02-11 02:30:00+00:00","0.121","0.0","0.0131733"
"2011-02-11 03:00:00+00:00","0.125","0.0","0.0134808"
"2011-02-11 03:30:00+00:00","0.135","0.0","0.0127674"
"2011-02-11 04:00:00+00:00","0.144","0.0","0.01230615"
"2011-02-11 04:30:00+00:00","0.189","0.0","0.01322865"
"2011-02-11 05:00:00+00:00","0.138","0.0","0.0134193"
"2011-02-11 05:30:00+00:00","0.074","0.0","0.01555335"
"2011-02-11 06:00:00+00:00","0.16","0.0","0.01551645"
"2011-02-11 06:30:00+00:00","0.36","0.0","0.0187083"
"2011-02-11 07:00:00+00:00","0.163","0.0","0.02233065"
"2011-02-11 07:30:00+00:00","0.16","0.013","0.01792725"
"2011-02-11 08:00:00+00:00","0.099","0.138","0.0214635"
"2011-02-11 08:30:00+00:00","0.292","0.269","0.021648"
"2011-02-11 09:00:00+00:00","0.259","0.375","0.0234315"
"2011-02-11 09:30:00+00:00","0.237","0.55","0.02347455"
"2011-02-11 10:00:00+00:00","0.184","0.594","0.02511045"
"2011-02-11 10:30:00+00:00","0.207","0.719","0.02550405"
"2011-02-11 11:00:00+00:00","0.181","0.781","0.02798865"
"2011-02-11 11:30:00+00:00","0.147","0.838","0.02806245"
"2011-02-11 12:00:00+00:00","0.187","0.856","0.02517195"
"2011-02-11 12:30:00+00:00","0.161","0.794","0.02455695"
"2011-02-11 13:00:00+00:00","0.124","0.556","0.02433555"
"2011-02-11 13:30:00+00:00","0.226","0.588","0.0237636"
"2011-02-11 14:00:00+00:00","0.187","0.625","0.02269965"
"2011-02-11 14:30:00+00:00","0.139","0.856","0.02325315"
"2011-02-11 15:00:00+00:00","0.123","0.806","0.02374515"
"2011-02-11 15:30:00+00:00","0.176","0.431","0.0255102"
"2011-02-11 16:00:00+00:00","0.145","0.313","0.0249198"
"2011-02-11 16:30:00+00:00","0.162","0.513","0.02277345"
"2011-02-11 17:00:00+00:00","0.131","0.463","0.01995675"
"2011-02-11 17:30:00+00:00","0.171","0.306","0.01817325"
"2011-02-11 18:00:00+00:00","0.186","0.15","0.0172077"
"2011-02-11 18:30:00+00:00","0.176","0.038","0.01577475"
"2011-02-11 19:00:00+00:00","0.448","0.069","0.01568865"
"2011-02-11 19:30:00+00:00","0.374","0.025","0.0157932"
"2011-02-11 20:00:00+00:00","0.532","0.0","0.01568865"
"2011-02-11 20:30:00+00:00","0.328","0.0","0.01563945"
"2011-02-11 21:00:00+00:00","0.287","0.0","0.0156087"
"2011-02-11 21:30:00+00:00","0.226","0.0","0.01637745"
"2011-02-11 22:00:00+00:00","0.21","0.0","0.0152766"
"2011-02-11 22:30:00+00:00","0.209","0.0","0.01789035"
"2011-02-11 23:00:00+00:00","0.146","0.006","0.0160638"
"2011-02-11 23:30:00+00:00","0.162","0.0","0.0161376"
"2011-02-12 00:00:00+00:00","0.143","0.0","0.0146001"
"2011-02-12 00:30:00+00:00","0.074","0.0","0.01385595"
"2011-02-12 01:00:00+00:00","0.135","0.0","0.01210935"
"2011-02-12 01:30:00+00:00","0.2","0.0","0.01284735"
"2011-02-12 02:00:00+00:00","0.15","0.0","0.0115128"
"2011-02-12 02:30:00+00:00","0.142","0.0","0.01154355"
"2011-02-12 03:00:00+00:00","0.201","0.0","0.01054725"
"2011-02-12 03:30:00+00:00","0.153","0.0","0.01032585"
"2011-02-12 04:00:00+00:00","0.135","0.0","0.0101106"
"2011-02-12 04:30:00+00:00","0.2","0.0","0.0110208"
"2011-02-12 05:00:00+00:00","0.164","0.0","0.01159275"
"2011-02-12 05:30:00+00:00","0.114","0.0","0.0121401"
"2011-02-12 06:00:00+00:00","0.23","0.0","0.01223235"
"2011-02-12 06:30:00+00:00","0.169","0.0","0.0131487"
"2011-02-12 07:00:00+00:00","0.159","0.0","0.01568865"
"2011-02-12 07:30:00+00:00","0.331","0.0","0.01599"
"2011-02-12 08:00:00+00:00","0.238","0.006","0.0158916"
"2011-02-12 08:30:00+00:00","0.131","0.031","0.01678335"
"2011-02-12 09:00:00+00:00","0.249","0.138","0.0159408"
"2011-02-12 09:30:00+00:00","0.876","0.094","0.0163221"
"2011-02-12 10:00:00+00:00","0.524","0.138","0.0161745"
"2011-02-12 10:30:00+00:00","0.692","0.069","0.0158547"
"2011-02-12 11:00:00+00:00","0.576","0.075","0.01568865"
"2011-02-12 11:30:00+00:00","0.134","0.075","0.01568865"
"2011-02-12 12:00:00+00:00","0.073","0.106","0.01568865"
"2011-02-12 12:30:00+00:00","0.331","0.094","0.01568865"
"2011-02-12 13:00:00+00:00","0.186","0.1","0.01568865"
"2011-02-12 13:30:00+00:00","0.226","0.069","0.01568865"
"2011-02-12 14:00:00+00:00","0.101","0.063","0.01568865"
"2011-02-12 14:30:00+00:00","0.282","0.088","0.01568865"
"2011-02-12 15:00:00+00:00","0.13","0.056","0.01568865"
"2011-02-12 15:30:00+00:00","0.116","0.038","0.0156948"
"2011-02-12 16:00:00+00:00","0.151","0.019","0.01568865"
"2011-02-12 16:30:00+00:00","0.297","0.025","0.01568865"
"2011-02-12 17:00:00+00:00","0.166","0.013","0.01568865"
"2011-02-12 17:30:00+00:00","0.189","0.006","0.0156087"
"2011-02-12 18:00:00+00:00","0.254","0.006","0.01563945"
"2011-02-12 18:30:00+00:00","0.215","0.006","0.0154734"
"2011-02-12 19:00:00+00:00","0.249","0.0","0.01566405"
"2011-02-12 19:30:00+00:00","0.202","0.013","0.01546725"
"2011-02-12 20:00:00+00:00","0.24","0.0","0.01563945"
"2011-02-12 20:30:00+00:00","0.338","0.0","0.0148338"
"2011-02-12 21:00:00+00:00","0.167","0.0","0.0134439"
"2011-02-12 21:30:00+00:00","0.148","0.0","0.0138867"
"2011-02-12 22:00:00+00:00","0.177","0.0","0.0122508"
"2011-02-12 22:30:00+00:00","0.198","0.0","0.0136899"
"2011-02-12 23:00:00+00:00","0.105","0.0","0.01258905"
"2011-02-12 23:30:00+00:00","0.592","0.0","0.0125214"
"2011-02-13 00:00:00+00:00","0.54","0.0","0.01201095"
"2011-02-13 00:30:00+00:00","0.151","0.0","0.01174035"
"2011-02-13 01:00:00+00:00","0.09","0.0","0.01097775"
"2011-02-13 01:30:00+00:00","0.123","0.0","0.0128166"
"2011-02-13 02:00:00+00:00","0.16","0.0","0.01181415"
"2011-02-13 02:30:00+00:00","0.13","0.0","0.0095694"
"2011-02-13 03:00:00+00:00","0.122","0.0","0.00969855"
"2011-02-13 03:30:00+00:00","0.127","0.0","0.0098769"
"2011-02-13 04:00:00+00:00","0.128","0.0","0.0091512"
"2011-02-13 04:30:00+00:00","0.149","0.0","0.01003065"
"2011-02-13 05:00:00+00:00","0.109","0.0","0.0103443"
"2011-02-13 05:30:00+00:00","0.111","0.0","0.0101844"
"2011-02-13 06:00:00+00:00","0.168","0.0","0.00969855"
"2011-02-13 06:30:00+00:00","0.254","0.0","0.01102695"
"2011-02-13 07:00:00+00:00","0.127","0.0","0.0113406"
"2011-02-13 07:30:00+00:00","0.187","0.006","0.0120663"
"2011-02-13 08:00:00+00:00","0.257","0.031","0.01222005"
"2011-02-13 08:30:00+00:00","0.097","0.15","0.0139728"
"2011-02-13 09:00:00+00:00","0.165","0.163","0.01527045"
"2011-02-13 09:30:00+00:00","0.195","0.244","0.0152643"
"2011-02-13 10:00:00+00:00","0.177","0.325","0.0151659"
"2011-02-13 10:30:00+00:00","0.204","0.4","0.0156702"
"2011-02-13 11:00:00+00:00","0.408","0.369","0.01568865"
"2011-02-13 11:30:00+00:00","0.133","0.306","0.0156825"
"2011-02-13 12:00:00+00:00","0.139","0.244","0.0156702"
"2011-02-13 12:30:00+00:00","0.338","0.263","0.0156825"
"2011-02-13 13:00:00+00:00","0.363","0.256","0.0156825"
"2011-02-13 13:30:00+00:00","0.333","0.244","0.015621"
"2011-02-13 14:00:00+00:00","0.148","0.238","0.01568865"
"2011-02-13 14:30:00+00:00","0.118","0.244","0.01568865"
"2011-02-13 15:00:00+00:00","0.128","0.113","0.01568865"
"2011-02-13 15:30:00+00:00","0.127","0.081","0.01568865"
"2011-02-13 16:00:00+00:00","0.273","0.081","0.01568865"
"2011-02-13 16:30:00+00:00","0.348","0.05","0.01568865"
"2011-02-13 17:00:00+00:00","0.144","0.031","0.0156948"
"2011-02-13 17:30:00+00:00","0.173","0.025","0.0157194"
"2011-02-13 18:00:00+00:00","0.154","0.025","0.01568865"
"2011-02-13 18:30:00+00:00","0.162","0.0","0.0156825"
"2011-02-13 19:00:00+00:00","0.35","0.0","0.01568865"
"2011-02-13 19:30:00+00:00","0.242","0.0","0.0156948"
"2011-02-13 20:00:00+00:00","0.261","0.0","0.0157194"
"2011-02-13 20:30:00+00:00","0.291","0.0","0.01555335"
"2011-02-13 21:00:00+00:00","0.159","0.0","0.0156702"
"2011-02-13 21:30:00+00:00","0.093","0.0","0.01554105"
"2011-02-13 22:00:00+00:00","0.162","0.0","0.01337625"
"2011-02-13 22:30:00+00:00","0.21","0.0","0.01199865"
"2011-02-13 23:00:00+00:00","0.906","0.0","0.0120171"
"2011-02-13 23:30:00+00:00","0.132","0.0","0.0133578"
"2011-02-14 00:00:00+00:00","0.094","0.0","0.0122877"
"2011-02-14 00:30:00+00:00","0.163","0.0","0.01089165"
"2011-02-14 01:00:00+00:00","0.119","0.006","0.0108732"
"2011-02-14 01:30:00+00:00","0.077","0.0","0.0121401"
"2011-02-14 02:00:00+00:00","0.184","0.0","0.011931"
"2011-02-14 02:30:00+00:00","0.1","0.0","0.010086"
"2011-02-14 03:00:00+00:00","0.093","0.0","0.00966165"
"2011-02-14 03:30:00+00:00","0.172","0.0","0.00947715"
"2011-02-14 04:00:00+00:00","0.086","0.0","0.01020285"
"2011-02-14 04:30:00+00:00","0.124","0.0","0.011562"
"2011-02-14 05:00:00+00:00","0.148","0.0","0.01229385"
"2011-02-14 05:30:00+00:00","0.075","0.0","0.01372065"
"2011-02-14 06:00:00+00:00","0.166","0.0","0.01533195"
"2011-02-14 06:30:00+00:00","0.135","0.0","0.0171954"
"2011-02-14 07:00:00+00:00","0.404","0.0","0.01750905"
"2011-02-14 07:30:00+00:00","0.196","0.0","0.01573785"
"2011-02-14 08:00:00+00:00","0.126","0.0","0.0157194"
"2011-02-14 08:30:00+00:00","0.116","0.006","0.0169002"
"2011-02-14 09:00:00+00:00","0.108","0.019","0.01754595"
"2011-02-14 09:30:00+00:00","0.119","0.019","0.017589"
"2011-02-14 10:00:00+00:00","0.117","0.069","0.01785345"
"2011-02-14 10:30:00+00:00","0.145","0.131","0.0181917"
"2011-02-14 11:00:00+00:00","0.167","0.369","0.01823475"
"2011-02-14 11:30:00+00:00","0.119","0.419","0.01812405"
"2011-02-14 12:00:00+00:00","0.397","0.563","0.01806255"
"2011-02-14 12:30:00+00:00","0.393","0.444","0.0202212"
"2011-02-14 13:00:00+00:00","0.297","0.475","0.0196923"
"2011-02-14 13:30:00+00:00","0.141","0.313","0.02021505"
"2011-02-14 14:00:00+00:00","0.185","0.431","0.01978455"
"2011-02-14 14:30:00+00:00","0.129","0.4","0.01848075"
"2011-02-14 15:00:00+00:00","0.153","0.356","0.01871445"
"2011-02-14 15:30:00+00:00","0.163","0.394","0.0188682"
"2011-02-14 16:00:00+00:00","0.145","0.3","0.0201843"
"2011-02-14 16:30:00+00:00","0.17","0.275","0.01841925"
"2011-02-14 17:00:00+00:00","0.149","0.281","0.01784115"
"2011-02-14 17:30:00+00:00","0.106","0.275","0.0161868"
"2011-02-14 18:00:00+00:00","0.246","0.219","0.0156702"
"2011-02-14 18:30:00+00:00","0.266","0.069","0.01568865"
"2011-02-14 19:00:00+00:00","0.174","0.019","0.01568865"
"2011-02-14 19:30:00+00:00","0.294","0.013","0.01570095"
"2011-02-14 20:00:00+00:00","0.195","0.0","0.01568865"
"2011-02-14 20:30:00+00:00","0.177","0.0","0.0156456"
"2011-02-14 21:00:00+00:00","0.221","0.0","0.01568865"
"2011-02-14 21:30:00+00:00","0.078","0.0","0.015744"
"2011-02-14 22:00:00+00:00","0.136","0.0","0.01491375"
"2011-02-14 22:30:00+00:00","0.178","0.0","0.0150183"
"2011-02-14 23:00:00+00:00","0.082","0.0","0.0147969"
"2011-02-14 23:30:00+00:00","0.106","0.0","0.0149937"
"2011-02-15 00:00:00+00:00","0.16","0.0","0.0139482"
"2011-02-15 00:30:00+00:00","0.102","0.0","0.01164195"
"2011-02-15 01:00:00+00:00","0.117","0.0","0.01214625"
"2011-02-15 01:30:00+00:00","0.137","0.0","0.0122754"
"2011-02-15 02:00:00+00:00","0.109","0.0","0.0120663"
"2011-02-15 02:30:00+00:00","0.119","0.0","0.0089298"
"2011-02-15 03:00:00+00:00","0.113","0.0","0.01005525"
"2011-02-15 03:30:00+00:00","0.131","0.0","0.0099015"
"2011-02-15 04:00:00+00:00","0.108","0.0","0.0111069"
"2011-02-15 04:30:00+00:00","0.104","0.0","0.0113406"
"2011-02-15 05:00:00+00:00","0.146","0.0","0.01272435"
"2011-02-15 05:30:00+00:00","0.088","0.0","0.0146001"
"2011-02-15 06:00:00+00:00","0.101","0.0","0.0155841"
"2011-02-15 06:30:00+00:00","0.179","0.0","0.01963695"
"2011-02-15 07:00:00+00:00","0.095","0.0","0.01776735"
"2011-02-15 07:30:00+00:00","0.125","0.0","0.01547955"
"2011-02-15 08:00:00+00:00","0.244","0.006","0.01675875"
"2011-02-15 08:30:00+00:00","0.172","0.025","0.0180687"
"2011-02-15 09:00:00+00:00","0.133","0.038","0.01920645"
"2011-02-15 09:30:00+00:00","0.203","0.063","0.01849305"
"2011-02-15 10:00:00+00:00","0.141","0.094","0.0201351"
"2011-02-15 10:30:00+00:00","0.164","0.075","0.0219801"
"2011-02-15 11:00:00+00:00","0.106","0.281","0.02277345"
"2011-02-15 11:30:00+00:00","0.161","0.606","0.02032575"
"2011-02-15 12:00:00+00:00","0.087","0.381","0.0208977"
"2011-02-15 12:30:00+00:00","0.351","0.531","0.0217218"
"2011-02-15 13:00:00+00:00","0.197","0.594","0.0222753"
"2011-02-15 13:30:00+00:00","0.111","0.431","0.02498745"
"2011-02-15 14:00:00+00:00","0.109","0.4","0.023616"
"2011-02-15 14:30:00+00:00","0.192","0.594","0.02212155"
"2011-02-15 15:00:00+00:00","0.119","0.663","0.02251515"
"2011-02-15 15:30:00+00:00","0.161","0.688","0.0230256"
"2011-02-15 16:00:00+00:00","0.243","0.619","0.02385585"
"2011-02-15 16:30:00+00:00","0.182","0.55","0.02137125"
"2011-02-15 17:00:00+00:00","0.168","0.463","0.02111295"
"2011-02-15 17:30:00+00:00","0.237","0.338","0.0169863"
"2011-02-15 18:00:00+00:00","0.239","0.125","0.01635285"
"2011-02-15 18:30:00+00:00","0.175","0.069","0.0155841"
"2011-02-15 19:00:00+00:00","0.195","0.063","0.01568865"
"2011-02-15 19:30:00+00:00","0.359","0.019","0.0156333"
"2011-02-15 20:00:00+00:00","0.182","0.0","0.01575015"
"2011-02-15 20:30:00+00:00","0.174","0.0","0.01562715"
"2011-02-15 21:00:00+00:00","0.225","0.0","0.01556565"
"2011-02-15 21:30:00+00:00","0.15","0.0","0.01568865"
"2011-02-15 22:00:00+00:00","0.168","0.0","0.01517205"
"2011-02-15 22:30:00+00:00","0.157","0.0","0.0153504"
"2011-02-15 23:00:00+00:00","0.5","0.0","0.01543035"
"2011-02-15 23:30:00+00:00","0.601","0.0","0.01514745"
"2011-02-16 00:00:00+00:00","0.116","0.0","0.0135423"
"2011-02-16 00:30:00+00:00","0.07","0.0","0.01215855"
"2011-02-16 01:00:00+00:00","0.186","0.0","0.0118695"
"2011-02-16 01:30:00+00:00","0.077","0.0","0.01240455"
"2011-02-16 02:00:00+00:00","0.116","0.0","0.01116225"
"2011-02-16 02:30:00+00:00","0.154","0.0","0.00977235"
"2011-02-16 03:00:00+00:00","0.083","0.0","0.0096309"
"2011-02-16 03:30:00+00:00","0.139","0.0","0.00962475"
"2011-02-16 04:00:00+00:00","0.117","0.0","0.0110454"
"2011-02-16 04:30:00+00:00","0.116","0.0","0.01220775"
"2011-02-16 05:00:00+00:00","0.102","0.0","0.0132594"
"2011-02-16 05:30:00+00:00","0.139","0.0","0.0149076"
"2011-02-16 06:00:00+00:00","0.097","0.0","0.0157194"
"2011-02-16 06:30:00+00:00","0.119","0.0","0.0183516"
"2011-02-16 07:00:00+00:00","0.183","0.0","0.01942785"
"2011-02-16 07:30:00+00:00","0.079","0.013","0.0164205"
"2011-02-16 08:00:00+00:00","0.164","0.05","0.01722615"
"2011-02-16 08:30:00+00:00","0.254","0.094","0.0190281"
"2011-02-16 09:00:00+00:00","0.089","0.181","0.01898505"
"2011-02-16 09:30:00+00:00","0.492","0.288","0.020664"
"2011-02-16 10:00:00+00:00","0.246","0.45","0.01983375"
"2011-02-16 10:30:00+00:00","0.283","0.494","0.01892355"
"2011-02-16 11:00:00+00:00","0.137","0.338","0.021402"
"2011-02-16 11:30:00+00:00","0.14","0.331","0.0236775"
"2011-02-16 12:00:00+00:00","0.279","0.519","0.02319165"
"2011-02-16 12:30:00+00:00","0.291","0.656","0.02322855"
"2011-02-16 13:00:00+00:00","0.163","0.588","0.02442165"
"2011-02-16 13:30:00+00:00","0.207","0.369","0.02520885"
"2011-02-16 14:00:00+00:00","0.269","0.394","0.02545485"
"2011-02-16 14:30:00+00:00","0.456","0.363","0.022632"
"2011-02-16 15:00:00+00:00","0.409","0.25","0.02395425"
"2011-02-16 15:30:00+00:00","0.211","0.444","0.02582385"
"2011-02-16 16:00:00+00:00","0.247","0.55","0.0258054"
"2011-02-16 16:30:00+00:00","0.149","0.488","0.02356065"
"2011-02-16 17:00:00+00:00","0.099","0.3","0.02094075"
"2011-02-16 17:30:00+00:00","0.24","0.175","0.0182163"
"2011-02-16 18:00:00+00:00","0.268","0.094","0.01765665"
"2011-02-16 18:30:00+00:00","0.156","0.044","0.01840695"
"2011-02-16 19:00:00+00:00","0.172","0.031","0.02224455"
"2011-02-16 19:30:00+00:00","0.356","0.0","0.0218325"
"2011-02-16 20:00:00+00:00","0.219","0.0","0.01939095"
"2011-02-16 20:30:00+00:00","0.157","0.0","0.01710315"
"2011-02-16 21:00:00+00:00","0.219","0.0","0.01566405"
"2011-02-16 21:30:00+00:00","0.166","0.0","0.01598385"
"2011-02-16 22:00:00+00:00","0.129","0.0","0.015498"
"2011-02-16 22:30:00+00:00","0.135","0.0","0.0159408"
"2011-02-16 23:00:00+00:00","0.186","0.0","0.01568865"
"2011-02-16 23:30:00+00:00","0.123","0.0","0.0167526"
"2011-02-17 00:00:00+00:00","0.096","0.006","0.0162852"
"2011-02-17 00:30:00+00:00","0.19","0.0","0.01592235"
"2011-02-17 01:00:00+00:00","0.103","0.0","0.01577475"
"2011-02-17 01:30:00+00:00","0.09","0.0","0.01545495"
"2011-02-17 02:00:00+00:00","0.191","0.0","0.01539345"
"2011-02-17 02:30:00+00:00","0.104","0.0","0.0147846"
"2011-02-17 03:00:00+00:00","0.094","0.0","0.01479075"
"2011-02-17 03:30:00+00:00","0.179","0.0","0.01543035"
"2011-02-17 04:00:00+00:00","0.105","0.0","0.01568865"
"2011-02-17 04:30:00+00:00","0.117","0.0","0.0156579"
"2011-02-17 05:00:00+00:00","0.141","0.0","0.0159777"
"2011-02-17 05:30:00+00:00","0.126","0.0","0.017343"
"2011-02-17 06:00:00+00:00","0.133","0.0","0.01796415"
"2011-02-17 06:30:00+00:00","0.127","0.0","0.0200859"
"2011-02-17 07:00:00+00:00","0.169","0.0","0.02479065"
"2011-02-17 07:30:00+00:00","0.314","0.038","0.0176874"
"2011-02-17 08:00:00+00:00","0.191","0.05","0.01866525"
"2011-02-17 08:30:00+00:00","0.26","0.081","0.0204918"
"2011-02-17 09:00:00+00:00","0.226","0.1","0.0227919"
"2011-02-17 09:30:00+00:00","0.065","0.169","0.0235668"
"2011-02-17 10:00:00+00:00","0.124","0.494","0.02460615"
"2011-02-17 10:30:00+00:00","0.186","0.531","0.02485215"
"2011-02-17 11:00:00+00:00","0.1","0.713","0.02743515"
"2011-02-17 11:30:00+00:00","0.101","0.588","0.0280563"
"2011-02-17 12:00:00+00:00","0.179","0.575","0.025953"
"2011-02-17 12:30:00+00:00","0.345","0.7","0.03085455"
"2011-02-17 13:00:00+00:00","0.249","0.931","0.03180165"
"2011-02-17 13:30:00+00:00","0.256","0.75","0.0397413"
"2011-02-17 14:00:00+00:00","0.264","0.194","0.0386097"
"2011-02-17 14:30:00+00:00","0.155","0.013","0.029151"
"2011-02-17 15:00:00+00:00","0.208","0.006","0.02710305"
"2011-02-17 15:30:00+00:00","0.238","0.156","0.0293847"
"2011-02-17 16:00:00+00:00","0.189","0.781","0.03412635"
"2011-02-17 16:30:00+00:00","0.246","0.531","0.0325089"
"2011-02-17 17:00:00+00:00","0.216","0.113","0.02707845"
"2011-02-17 17:30:00+00:00","0.224","0.063","0.0290034"
"2011-02-17 18:00:00+00:00","0.202","0.131","0.02876355"
"2011-02-17 18:30:00+00:00","0.198","0.056","0.02467995"
"2011-02-17 19:00:00+00:00","0.308","0.019","0.02383125"
"2011-02-17 19:30:00+00:00","0.223","0.006","0.02635275"
"2011-02-17 20:00:00+00:00","0.22","0.0","0.0260637"
"2011-02-17 20:30:00+00:00","0.209","0.0","0.02432325"
"2011-02-17 21:00:00+00:00","0.24","0.0","0.0203811"
"2011-02-17 21:30:00+00:00","0.301","0.0","0.01956315"
"2011-02-17 22:00:00+00:00","0.191","0.0","0.016359"
"2011-02-17 22:30:00+00:00","0.115","0.0","0.0160023"
"2011-02-17 23:00:00+00:00","0.158","0.0","0.01572555"
"2011-02-17 23:30:00+00:00","1.008","0.0","0.0155718"
"2011-02-18 00:00:00+00:00","0.086","0.0","0.0155841"
"2011-02-18 00:30:00+00:00","0.142","0.0","0.01566405"
"2011-02-18 01:00:00+00:00","0.159","0.0","0.0153873"
"2011-02-18 01:30:00+00:00","0.086","0.0","0.01568865"
"2011-02-18 02:00:00+00:00","0.14","0.0","0.01562715"
"2011-02-18 02:30:00+00:00","0.149","0.0","0.01541805"
"2011-02-18 03:00:00+00:00","0.085","0.0","0.0147969"
"2011-02-18 03:30:00+00:00","0.147","0.0","0.0152766"
"2011-02-18 04:00:00+00:00","0.132","0.0","0.01568865"
"2011-02-18 04:30:00+00:00","0.094","0.0","0.01568865"
"2011-02-18 05:00:00+00:00","0.149","0.0","0.0157932"
"2011-02-18 05:30:00+00:00","0.2","0.0","0.01748445"
"2011-02-18 06:00:00+00:00","0.175","0.0","0.018204"
"2011-02-18 06:30:00+00:00","0.16","0.0","0.02118675"
"2011-02-18 07:00:00+00:00","0.291","0.0","0.02604525"
"2011-02-18 07:30:00+00:00","0.166","0.019","0.0218079"
"2011-02-18 08:00:00+00:00","0.202","0.05","0.0242679"
"2011-02-18 08:30:00+00:00","0.131","0.138","0.0276996"
"2011-02-18 09:00:00+00:00","0.138","0.231","0.02945235"
"2011-02-18 09:30:00+00:00","0.175","0.456","0.02846835"
"2011-02-18 10:00:00+00:00","0.099","0.694","0.0276873"
"2011-02-18 10:30:00+00:00","0.113","0.738","0.0281424"
"2011-02-18 11:00:00+00:00","0.177","0.663","0.0279702"
"2011-02-18 11:30:00+00:00","0.113","0.656","0.0288189"
"2011-02-18 12:00:00+00:00","0.312","0.538","0.0299505"
"2011-02-18 12:30:00+00:00","0.331","0.781","0.02856675"
"2011-02-18 13:00:00+00:00","0.465","0.806","0.0268878"
"2011-02-18 13:30:00+00:00","0.284","0.913","0.0315249"
"2011-02-18 14:00:00+00:00","0.225","0.894","0.02966145"
"2011-02-18 14:30:00+00:00","0.256","0.825","0.02972295"
"2011-02-18 15:00:00+00:00","0.257","0.706","0.0308361"
"2011-02-18 15:30:00+00:00","0.234","0.694","0.0302211"
"2011-02-18 16:00:00+00:00","0.292","0.413","0.0304548"
"2011-02-18 16:30:00+00:00","0.269","0.325","0.0265557"
"2011-02-18 17:00:00+00:00","0.238","0.156","0.02594685"
"2011-02-18 17:30:00+00:00","0.704","0.1","0.02364675"
"2011-02-18 18:00:00+00:00","0.797","0.106","0.0225459"
"2011-02-18 18:30:00+00:00","1.035","0.038","0.02055945"
"2011-02-18 19:00:00+00:00","0.881","0.013","0.0231609"
"2011-02-18 19:30:00+00:00","0.455","0.0","0.0250551"
"2011-02-18 20:00:00+00:00","0.382","0.0","0.02476605"
"2011-02-18 20:30:00+00:00","0.214","0.0","0.02305635"
"2011-02-18 21:00:00+00:00","0.253","0.0","0.02139585"
"2011-02-18 21:30:00+00:00","0.245","0.0","0.02030115"
"2011-02-18 22:00:00+00:00","0.2","0.0","0.0180564"
"2011-02-18 22:30:00+00:00","0.137","0.0","0.02678325"
"2011-02-18 23:00:00+00:00","0.163","0.0","0.02192475"
"2011-02-18 23:30:00+00:00","0.15","0.006","0.02372055"
"2011-02-19 00:00:00+00:00","0.197","0.0","0.0235053"
"2011-02-19 00:30:00+00:00","0.151","0.0","0.01707855"
"2011-02-19 01:00:00+00:00","0.139","0.0","0.0147108"
"2011-02-19 01:30:00+00:00","0.179","0.0","0.0148338"
"2011-02-19 02:00:00+00:00","0.2","0.0","0.0151167"
"2011-02-19 02:30:00+00:00","0.128","0.0","0.01536885"
"2011-02-19 03:00:00+00:00","0.125","0.0","0.0155595"
"2011-02-19 03:30:00+00:00","0.218","0.0","0.01512285"
"2011-02-19 04:00:00+00:00","0.294","0.0","0.01522125"
"2011-02-19 04:30:00+00:00","0.158","0.0","0.01573785"
"2011-02-19 05:00:00+00:00","0.16","0.0","0.0157563"
"2011-02-19 05:30:00+00:00","0.195","0.0","0.01568865"
"2011-02-19 06:00:00+00:00","0.771","0.0","0.0152397"
"2011-02-19 06:30:00+00:00","0.369","0.0","0.01567635"
"2011-02-19 07:00:00+00:00","0.113","0.0","0.01864065"
"2011-02-19 07:30:00+00:00","0.171","0.019","0.01888665"
"2011-02-19 08:00:00+00:00","0.311","0.094","0.0221277"
"2011-02-19 08:30:00+00:00","0.255","0.138","0.0283269"
"2011-02-19 09:00:00+00:00","0.114","0.281","0.02955075"
"2011-02-19 09:30:00+00:00","0.178","0.425","0.02711535"
"2011-02-19 10:00:00+00:00","0.097","0.388","0.02556555"
"2011-02-19 10:30:00+00:00","0.087","0.756","0.0287205"
"2011-02-19 11:00:00+00:00","0.156","0.781","0.02821005"
"2011-02-19 11:30:00+00:00","0.136","0.831","0.02372055"
"2011-02-19 12:00:00+00:00","0.112","0.863","0.02326545"
"2011-02-19 12:30:00+00:00","0.12","0.856","0.02365905"
"2011-02-19 13:00:00+00:00","0.134","0.856","0.0323736"
"2011-02-19 13:30:00+00:00","0.12","0.819","0.0371214"
"2011-02-19 14:00:00+00:00","0.147","0.813","0.04588515"
"2011-02-19 14:30:00+00:00","0.154","0.825","0.0607866"
"2011-02-19 15:00:00+00:00","0.116","0.775","0.0502209"
"2011-02-19 15:30:00+00:00","0.077","0.494","0.0580068"
"2011-02-19 16:00:00+00:00","0.152","0.681","0.05969805"
"2011-02-19 16:30:00+00:00","0.187","0.631","0.0544521"
"2011-02-19 17:00:00+00:00","0.348","0.5","0.05381865"
"2011-02-19 17:30:00+00:00","0.252","0.344","0.05616795"
"2011-02-19 18:00:00+00:00","0.147","0.15","0.039483"
"2011-02-19 18:30:00+00:00","0.208","0.056","0.0315987"
"2011-02-19 19:00:00+00:00","0.256","0.031","0.0347475"
"2011-02-19 19:30:00+00:00","0.218","0.0","0.0468753"
"2011-02-19 20:00:00+00:00","0.227","0.0","0.0453624"
"2011-02-19 20:30:00+00:00","0.326","0.0","0.03497505"
"2011-02-19 21:00:00+00:00","0.174","0.0","0.0299013"
"2011-02-19 21:30:00+00:00","0.181","0.0","0.02881275"
"2011-02-19 22:00:00+00:00","0.175","0.0","0.0223122"
"2011-02-19 22:30:00+00:00","0.23","0.0","0.03054705"
"2011-02-19 23:00:00+00:00","0.152","0.0","0.02456925"
"2011-02-19 23:30:00+00:00","0.142","0.0","0.0269739"
"2011-02-20 00:00:00+00:00","0.152","0.0","0.02658645"
"2011-02-20 00:30:00+00:00","0.156","0.0","0.0246492"
"2011-02-20 01:00:00+00:00","0.19","0.0","0.01867755"
"2011-02-20 01:30:00+00:00","0.143","0.0","0.02086695"
"2011-02-20 02:00:00+00:00","0.067","0.0","0.01593465"
"2011-02-20 02:30:00+00:00","0.164","0.0","0.0150921"
"2011-02-20 03:00:00+00:00","0.194","0.0","0.0154734"
"2011-02-20 03:30:00+00:00","0.145","0.0","0.01620525"
"2011-02-20 04:00:00+00:00","0.101","0.0","0.01568865"
"2011-02-20 04:30:00+00:00","0.133","0.0","0.0154857"
"2011-02-20 05:00:00+00:00","0.15","0.0","0.0160761"
"2011-02-20 05:30:00+00:00","0.156","0.0","0.0171462"
"2011-02-20 06:00:00+00:00","0.16","0.0","0.01495065"
"2011-02-20 06:30:00+00:00","0.218","0.0","0.01602075"
"2011-02-20 07:00:00+00:00","0.158","0.0","0.0172692"
"2011-02-20 07:30:00+00:00","0.206","0.006","0.0173922"
"2011-02-20 08:00:00+00:00","0.189","0.025","0.01797645"
"2011-02-20 08:30:00+00:00","0.291","0.056","0.02546715"
"2011-02-20 09:00:00+00:00","0.229","0.081","0.02988285"
"2011-02-20 09:30:00+00:00","0.225","0.094","0.0428655"
"2011-02-20 10:00:00+00:00","0.332","0.419","0.0381669"
"2011-02-20 10:30:00+00:00","0.253","0.631","0.0305778"
"2011-02-20 11:00:00+00:00","0.205","0.369","0.03005505"
"2011-02-20 11:30:00+00:00","0.286","0.513","0.03261345"
"2011-02-20 12:00:00+00:00","0.352","0.6","0.0363342"
"2011-02-20 12:30:00+00:00","0.256","0.663","0.045387"
"2011-02-20 13:00:00+00:00","0.254","0.888","0.061254"
"2011-02-20 13:30:00+00:00","0.276","0.613","0.0651531"
"2011-02-20 14:00:00+00:00","0.34","0.563","0.06594645"
"2011-02-20 14:30:00+00:00","0.724","0.544","0.061746"
"2011-02-20 15:00:00+00:00","0.679","0.356","0.0644274"
"2011-02-20 15:30:00+00:00","0.691","0.319","0.06246555"
"2011-02-20 16:00:00+00:00","0.714","0.213","0.0626439"
"2011-02-20 16:30:00+00:00","0.971","0.269","0.0533943"
"2011-02-20 17:00:00+00:00","0.967","0.225","0.034809"
"2011-02-20 17:30:00+00:00","0.97","0.231","0.03103905"
"2011-02-20 18:00:00+00:00","1.101","0.125","0.0324474"
"2011-02-20 18:30:00+00:00","0.896","0.075","0.0301104"
"2011-02-20 19:00:00+00:00","0.906","0.031","0.04664775"
"2011-02-20 19:30:00+00:00","0.95","0.006","0.04923075"
"2011-02-20 20:00:00+00:00","0.821","0.0","0.0485235"
"2011-02-20 20:30:00+00:00","0.866","0.0","0.0288558"
"2011-02-20 21:00:00+00:00","0.956","0.0","0.0252642"
"2011-02-20 21:30:00+00:00","0.406","0.0","0.0252396"
"2011-02-20 22:00:00+00:00","0.14","0.0","0.02031345"
"2011-02-20 22:30:00+00:00","0.094","0.0","0.02039955"
"2011-02-20 23:00:00+00:00","0.64","0.0","0.0190035"
"2011-02-20 23:30:00+00:00","0.469","0.0","0.0161499"
"2011-02-21 00:00:00+00:00","0.123","0.0","0.01545495"
"2011-02-21 00:30:00+00:00","0.143","0.0","0.01528275"
"2011-02-21 01:00:00+00:00","0.122","0.0","0.01549185"
"2011-02-21 01:30:00+00:00","0.111","0.0","0.01621755"
"2011-02-21 02:00:00+00:00","0.178","0.0","0.0157071"
"2011-02-21 02:30:00+00:00","0.147","0.0","0.01549185"
"2011-02-21 03:00:00+00:00","0.069","0.0","0.0157686"
"2011-02-21 03:30:00+00:00","0.158","0.0","0.01562715"
"2011-02-21 04:00:00+00:00","0.184","0.0","0.0158178"
"2011-02-21 04:30:00+00:00","0.075","0.0","0.01509825"
"2011-02-21 05:00:00+00:00","0.116","0.0","0.01606995"
"2011-02-21 05:30:00+00:00","0.181","0.0","0.01776735"
"2011-02-21 06:00:00+00:00","0.108","0.0","0.01940325"
"2011-02-21 06:30:00+00:00","0.126","0.0","0.0225213"
"2011-02-21 07:00:00+00:00","0.292","0.0","0.02416335"
"2011-02-21 07:30:00+00:00","0.238","0.0","0.0210699"
"2011-02-21 08:00:00+00:00","0.197","0.0","0.0219186"
"2011-02-21 08:30:00+00:00","0.154","0.013","0.02455695"
"2011-02-21 09:00:00+00:00","0.118","0.006","0.02653725"
"2011-02-21 09:30:00+00:00","0.131","0.013","0.0273921"
"2011-02-21 10:00:00+00:00","0.097","0.063","0.026199"
"2011-02-21 10:30:00+00:00","0.176","0.044","0.0263466"
"2011-02-21 11:00:00+00:00","0.156","0.056","0.0263097"
"2011-02-21 11:30:00+00:00","0.119","0.081","0.02709075"
"2011-02-21 12:00:00+00:00","0.195","0.131","0.02621745"
"2011-02-21 12:30:00+00:00","0.257","0.238","0.0318324"
"2011-02-21 13:00:00+00:00","0.301","0.238","0.04230585"
"2011-02-21 13:30:00+00:00","0.338","0.244","0.03856665"
"2011-02-21 14:00:00+00:00","0.177","0.231","0.03878805"
"2011-02-21 14:30:00+00:00","0.101","0.175","0.04481505"
"2011-02-21 15:00:00+00:00","0.209","0.181","0.02694315"
"2011-02-21 15:30:00+00:00","0.292","0.256","0.0240342"
"2011-02-21 16:00:00+00:00","0.179","0.363","0.02240445"
"2011-02-21 16:30:00+00:00","0.133","0.106","0.020787"
"2011-02-21 17:00:00+00:00","0.3","0.044","0.02027655"
"2011-02-21 17:30:00+00:00","0.607","0.025","0.0203319"
"2011-02-21 18:00:00+00:00","0.176","0.006","0.01784115"
"2011-02-21 18:30:00+00:00","0.188","0.0","0.01718925"
"2011-02-21 19:00:00+00:00","0.205","0.0","0.01654965"
"2011-02-21 19:30:00+00:00","0.149","0.0","0.0167772"
"2011-02-21 20:00:00+00:00","0.14","0.0","0.0163467"
"2011-02-21 20:30:00+00:00","0.284","0.0","0.0157932"
"2011-02-21 21:00:00+00:00","0.115","0.0","0.0155964"
"2011-02-21 21:30:00+00:00","0.139","0.0","0.01575015"
"2011-02-21 22:00:00+00:00","0.185","0.0","0.0152028"
"2011-02-21 22:30:00+00:00","0.072","0.0","0.0154611"
"2011-02-21 23:00:00+00:00","0.111","0.0","0.01519665"
"2011-02-21 23:30:00+00:00","0.161","0.0","0.01550415"
"2011-02-22 00:00:00+00:00","0.057","0.0","0.01496295"
"2011-02-22 00:30:00+00:00","0.139","0.0","0.01336395"
"2011-02-22 01:00:00+00:00","0.125","0.0","0.0125214"
"2011-02-22 01:30:00+00:00","0.082","0.0","0.01240455"
"2011-02-22 02:00:00+00:00","0.133","0.0","0.01062105"
"2011-02-22 02:30:00+00:00","0.106","0.0","0.0100245"
"2011-02-22 03:00:00+00:00","0.111","0.0","0.00983385"
"2011-02-22 03:30:00+00:00","0.108","0.0","0.0106764"
"2011-02-22 04:00:00+00:00","0.126","0.0","0.0114636"
"2011-02-22 04:30:00+00:00","0.103","0.0","0.01356075"
"2011-02-22 05:00:00+00:00","0.097","0.0","0.01332705"
"2011-02-22 05:30:00+00:00","0.153","0.0","0.01509825"
"2011-02-22 06:00:00+00:00","0.067","0.0","0.0154242"
"2011-02-22 06:30:00+00:00","0.149","0.0","0.01711545"
"2011-02-22 07:00:00+00:00","0.274","0.0","0.01856685"
"2011-02-22 07:30:00+00:00","0.069","0.006","0.0163221"
"2011-02-22 08:00:00+00:00","0.289","0.025","0.01793955"
"2011-02-22 08:30:00+00:00","0.158","0.075","0.0192249"
"2011-02-22 09:00:00+00:00","0.139","0.175","0.01942785"
"2011-02-22 09:30:00+00:00","0.189","0.306","0.02021505"
"2011-02-22 10:00:00+00:00","0.081","0.519","0.02041185"
"2011-02-22 10:30:00+00:00","0.106","0.65","0.0195324"
"2011-02-22 11:00:00+00:00","0.164","0.575","0.01960005"
"2011-02-22 11:30:00+00:00","0.069","0.744","0.0187083"
"2011-02-22 12:00:00+00:00","0.148","0.9","0.01865295"
"2011-02-22 12:30:00+00:00","0.138","0.538","0.0189174"
"2011-02-22 13:00:00+00:00","0.235","0.613","0.01998135"
"2011-02-22 13:30:00+00:00","0.192","0.731","0.01950165"
"2011-02-22 14:00:00+00:00","0.22","0.556","0.0199875"
"2011-02-22 14:30:00+00:00","0.107","0.663","0.0189543"
"2011-02-22 15:00:00+00:00","0.21","0.563","0.0189051"
"2011-02-22 15:30:00+00:00","0.268","0.694","0.01827165"
"2011-02-22 16:00:00+00:00","0.176","0.338","0.0189297"
"2011-02-22 16:30:00+00:00","0.193","0.113","0.01861605"
"2011-02-22 17:00:00+00:00","0.173","0.081","0.0177489"
"2011-02-22 17:30:00+00:00","0.128","0.069","0.0159531"
"2011-02-22 18:00:00+00:00","0.228","0.056","0.01568865"
"2011-02-22 18:30:00+00:00","0.192","0.025","0.01568865"
"2011-02-22 19:00:00+00:00","0.142","0.0","0.0158178"
"2011-02-22 19:30:00+00:00","0.213","0.0","0.01605765"
"2011-02-22 20:00:00+00:00","0.321","0.0","0.015744"
"2011-02-22 20:30:00+00:00","0.179","0.0","0.01568865"
"2011-02-22 21:00:00+00:00","0.264","0.0","0.0156825"
"2011-02-22 21:30:00+00:00","0.111","0.0","0.01572555"
"2011-02-22 22:00:00+00:00","0.133","0.0","0.014391"
"2011-02-22 22:30:00+00:00","0.133","0.0","0.01472925"
"2011-02-22 23:00:00+00:00","0.115","0.0","0.01534425"
"2011-02-22 23:30:00+00:00","0.098","0.0","0.0147108"
"2011-02-23 00:00:00+00:00","0.119","0.0","0.01411425"
"2011-02-23 00:30:00+00:00","0.139","0.0","0.0130872"
"2011-02-23 01:00:00+00:00","0.055","0.0","0.01209705"
"2011-02-23 01:30:00+00:00","0.164","0.0","0.0134316"
"2011-02-23 02:00:00+00:00","0.091","0.0","0.0124968"
"2011-02-23 02:30:00+00:00","0.083","0.0","0.01053495"
"2011-02-23 03:00:00+00:00","0.165","0.0","0.0118818"
"2011-02-23 03:30:00+00:00","0.075","0.0","0.01196175"
"2011-02-23 04:00:00+00:00","0.124","0.0","0.01222005"
"2011-02-23 04:30:00+00:00","0.123","0.0","0.01240455"
"2011-02-23 05:00:00+00:00","0.102","0.0","0.014514"
"2011-02-23 05:30:00+00:00","0.1","0.0","0.014883"
"2011-02-23 06:00:00+00:00","0.144","0.0","0.0161376"
"2011-02-23 06:30:00+00:00","0.161","0.0","0.01754595"
"2011-02-23 07:00:00+00:00","0.284","0.0","0.01832085"
"2011-02-23 07:30:00+00:00","0.286","0.013","0.01568865"
"2011-02-23 08:00:00+00:00","0.087","0.038","0.0156948"
"2011-02-23 08:30:00+00:00","0.14","0.063","0.01593465"
"2011-02-23 09:00:00+00:00","0.141","0.106","0.0185361"
"2011-02-23 09:30:00+00:00","0.059","0.244","0.0187083"
"2011-02-23 10:00:00+00:00","0.144","0.131","0.0170601"
"2011-02-23 10:30:00+00:00","0.106","0.056","0.01892355"
"2011-02-23 11:00:00+00:00","0.092","0.025","0.0190896"
"2011-02-23 11:30:00+00:00","0.111","0.069","0.0203565"
"2011-02-23 12:00:00+00:00","0.107","0.638","0.0208116"
"2011-02-23 12:30:00+00:00","0.111","0.881","0.0191757"
"2011-02-23 13:00:00+00:00","0.107","0.938","0.01852995"
"2011-02-23 13:30:00+00:00","0.123","0.919","0.01882515"
"2011-02-23 14:00:00+00:00","0.087","0.731","0.018696"
"2011-02-23 14:30:00+00:00","0.11","0.581","0.01993215"
"2011-02-23 15:00:00+00:00","0.148","0.738","0.01841925"
"2011-02-23 15:30:00+00:00","0.076","0.788","0.01801335"
"2011-02-23 16:00:00+00:00","0.125","0.719","0.0181302"
"2011-02-23 16:30:00+00:00","0.148","0.625","0.0178719"
"2011-02-23 17:00:00+00:00","0.111","0.506","0.0176505"
"2011-02-23 17:30:00+00:00","0.239","0.4","0.01570095"
"2011-02-23 18:00:00+00:00","0.273","0.169","0.0156456"
"2011-02-23 18:30:00+00:00","0.163","0.019","0.01568865"
"2011-02-23 19:00:00+00:00","0.191","0.013","0.01568865"
"2011-02-23 19:30:00+00:00","0.387","0.0","0.0156825"
"2011-02-23 20:00:00+00:00","0.187","0.0","0.01568865"
"2011-02-23 20:30:00+00:00","0.123","0.0","0.01568865"
"2011-02-23 21:00:00+00:00","0.195","0.0","0.015621"
"2011-02-23 21:30:00+00:00","0.146","0.0","0.0156333"
"2011-02-23 22:00:00+00:00","0.088","0.0","0.0136899"
"2011-02-23 22:30:00+00:00","0.173","0.0","0.0151167"
"2011-02-23 23:00:00+00:00","0.167","0.0","0.01476615"
"2011-02-23 23:30:00+00:00","0.574","0.0","0.0150306"
"2011-02-24 00:00:00+00:00","0.518","0.0","0.01353615"
"2011-02-24 00:30:00+00:00","0.118","0.0","0.0124845"
"2011-02-24 01:00:00+00:00","0.091","0.0","0.01213395"
"2011-02-24 01:30:00+00:00","0.16","0.0","0.01267515"
"2011-02-24 02:00:00+00:00","0.088","0.0","0.0104673"
"2011-02-24 02:30:00+00:00","0.124","0.0","0.00984"
"2011-02-24 03:00:00+00:00","0.119","0.0","0.00984"
"2011-02-24 03:30:00+00:00","0.126","0.0","0.0124476"
"2011-02-24 04:00:00+00:00","0.08","0.0","0.012177"
"2011-02-24 04:30:00+00:00","0.15","0.0","0.0121278"
"2011-02-24 05:00:00+00:00","0.104","0.0","0.01443405"
"2011-02-24 05:30:00+00:00","0.087","0.0","0.01568865"
"2011-02-24 06:00:00+00:00","0.161","0.0","0.01567635"
"2011-02-24 06:30:00+00:00","0.073","0.0","0.0165189"
"2011-02-24 07:00:00+00:00","0.205","0.0","0.0177243"
"2011-02-24 07:30:00+00:00","0.215","0.006","0.01568865"
"2011-02-24 08:00:00+00:00","0.144","0.025","0.0156948"
"2011-02-24 08:30:00+00:00","0.167","0.156","0.0173184"
"2011-02-24 09:00:00+00:00","0.1","0.25","0.0183147"
"2011-02-24 09:30:00+00:00","0.095","0.606","0.01876365"
"2011-02-24 10:00:00+00:00","0.115","0.688","0.0200121"
"2011-02-24 10:30:00+00:00","0.138","0.763","0.01946475"
"2011-02-24 11:00:00+00:00","0.07","0.844","0.0220785"
"2011-02-24 11:30:00+00:00","0.16","0.625","0.02162955"
"2011-02-24 12:00:00+00:00","0.171","0.831","0.0216603"
"2011-02-24 12:30:00+00:00","0.107","0.913","0.02209695"
"2011-02-24 13:00:00+00:00","0.192","0.925","0.02240445"
"2011-02-24 13:30:00+00:00","0.22","0.925","0.02304405"
"2011-02-24 14:00:00+00:00","0.144","0.888","0.0224598"
"2011-02-24 14:30:00+00:00","0.2","0.869","0.02182635"
"2011-02-24 15:00:00+00:00","0.279","0.819","0.02237985"
"2011-02-24 15:30:00+00:00","0.273","0.769","0.0236529"
"2011-02-24 16:00:00+00:00","0.145","0.706","0.0247353"
"2011-02-24 16:30:00+00:00","0.28","0.619","0.0244647"
"2011-02-24 17:00:00+00:00","0.179","0.525","0.0241818"
"2011-02-24 17:30:00+00:00","0.132","0.406","0.0200859"
"2011-02-24 18:00:00+00:00","0.141","0.169","0.0190404"
"2011-02-24 18:30:00+00:00","0.365","0.019","0.0176628"
"2011-02-24 19:00:00+00:00","0.166","0.006","0.01797645"
"2011-02-24 19:30:00+00:00","0.12","0.0","0.01925565"
"2011-02-24 20:00:00+00:00","0.331","0.0","0.01709085"
"2011-02-24 20:30:00+00:00","0.172","0.0","0.01567635"
"2011-02-24 21:00:00+00:00","0.091","0.0","0.0156825"
"2011-02-24 21:30:00+00:00","0.186","0.0","0.01568865"
"2011-02-24 22:00:00+00:00","0.13","0.0","0.01450785"
"2011-02-24 22:30:00+00:00","0.092","0.0","0.01509825"
"2011-02-24 23:00:00+00:00","0.157","0.0","0.0152028"
"2011-02-24 23:30:00+00:00","0.096","0.0","0.01469235"
"2011-02-25 00:00:00+00:00","0.113","0.0","0.01418805"
"2011-02-25 00:30:00+00:00","0.113","0.0","0.01267515"
"2011-02-25 01:00:00+00:00","0.116","0.0","0.0113529"
"2011-02-25 01:30:00+00:00","0.1","0.0","0.0124353"
"2011-02-25 02:00:00+00:00","0.104","0.0","0.0108363"
"2011-02-25 02:30:00+00:00","0.153","0.0","0.0096309"
"2011-02-25 03:00:00+00:00","0.058","0.0","0.00978465"
"2011-02-25 03:30:00+00:00","0.152","0.0","0.0098523"
"2011-02-25 04:00:00+00:00","0.181","0.0","0.0112791"
"2011-02-25 04:30:00+00:00","0.1","0.0","0.01213395"
"2011-02-25 05:00:00+00:00","0.132","0.0","0.0128289"
"2011-02-25 05:30:00+00:00","0.193","0.0","0.01538115"
"2011-02-25 06:00:00+00:00","0.139","0.0","0.01555335"
"2011-02-25 06:30:00+00:00","0.118","0.0","0.01742295"
"2011-02-25 07:00:00+00:00","0.145","0.0","0.01893585"
"2011-02-25 07:30:00+00:00","0.096","0.019","0.01566405"
"2011-02-25 08:00:00+00:00","0.136","0.056","0.0165681"
"2011-02-25 08:30:00+00:00","0.312","0.181","0.01848075"
"2011-02-25 09:00:00+00:00","0.186","0.344","0.0200613"
"2011-02-25 09:30:00+00:00","0.198","0.431","0.02207235"
"2011-02-25 10:00:00+00:00","0.078","0.55","0.0217218"
"2011-02-25 10:30:00+00:00","0.096","0.588","0.0211929"
"2011-02-25 11:00:00+00:00","0.158","0.55","0.0209592"
"2011-02-25 11:30:00+00:00","0.065","0.4","0.02240445"
"2011-02-25 12:00:00+00:00","0.183","0.488","0.02042415"
"2011-02-25 12:30:00+00:00","0.242","0.75","0.02007975"
"2011-02-25 13:00:00+00:00","0.204","0.75","0.0203811"
"2011-02-25 13:30:00+00:00","0.204","0.363","0.02175255"
"2011-02-25 14:00:00+00:00","0.188","0.431","0.02282265"
"2011-02-25 14:30:00+00:00","0.186","0.531","0.0221892"
"2011-02-25 15:00:00+00:00","0.16","0.494","0.0234192"
"2011-02-25 15:30:00+00:00","0.165","0.4","0.0233823"
"2011-02-25 16:00:00+00:00","0.182","0.625","0.0226812"
"2011-02-25 16:30:00+00:00","0.169","0.525","0.0206025"
"2011-02-25 17:00:00+00:00","0.195","0.325","0.01952625"
"2011-02-25 17:30:00+00:00","0.52","0.238","0.01726305"
"2011-02-25 18:00:00+00:00","0.203","0.144","0.0162729"
"2011-02-25 18:30:00+00:00","0.28","0.069","0.01568865"
"2011-02-25 19:00:00+00:00","0.207","0.044","0.01575015"
"2011-02-25 19:30:00+00:00","0.183","0.006","0.01630365"
"2011-02-25 20:00:00+00:00","0.121","0.0","0.01588545"
"2011-02-25 20:30:00+00:00","0.328","0.0","0.01584855"
"2011-02-25 21:00:00+00:00","0.248","0.0","0.01568865"
"2011-02-25 21:30:00+00:00","0.236","0.0","0.0157809"
"2011-02-25 22:00:00+00:00","0.133","0.0","0.015621"
"2011-02-25 22:30:00+00:00","0.676","0.0","0.0159777"
"2011-02-25 23:00:00+00:00","0.428","0.0","0.01578705"
"2011-02-25 23:30:00+00:00","0.118","0.0","0.01641435"
"2011-02-26 00:00:00+00:00","0.107","0.0","0.01509825"
"2011-02-26 00:30:00+00:00","0.131","0.0","0.01459395"
"2011-02-26 01:00:00+00:00","0.123","0.0","0.01294575"
"2011-02-26 01:30:00+00:00","0.086","0.0","0.01317945"
"2011-02-26 02:00:00+00:00","0.148","0.0","0.0121647"
"2011-02-26 02:30:00+00:00","0.117","0.0","0.01095315"
"2011-02-26 03:00:00+00:00","0.077","0.0","0.0116727"
"2011-02-26 03:30:00+00:00","0.166","0.0","0.0117096"
"2011-02-26 04:00:00+00:00","0.091","0.0","0.0113037"
"2011-02-26 04:30:00+00:00","0.12","0.0","0.0114759"
"2011-02-26 05:00:00+00:00","0.188","0.0","0.0129396"
"2011-02-26 05:30:00+00:00","0.071","0.0","0.01237995"
"2011-02-26 06:00:00+00:00","0.108","0.0","0.01215855"
"2011-02-26 06:30:00+00:00","0.161","0.0","0.01379445"
"2011-02-26 07:00:00+00:00","0.073","0.0","0.01536885"
"2011-02-26 07:30:00+00:00","0.159","0.006","0.01560255"
"2011-02-26 08:00:00+00:00","0.136","0.031","0.0158055"
"2011-02-26 08:30:00+00:00","0.075","0.163","0.01809945"
"2011-02-26 09:00:00+00:00","0.251","0.325","0.01898505"
"2011-02-26 09:30:00+00:00","0.117","0.525","0.0192495"
"2011-02-26 10:00:00+00:00","0.342","0.631","0.01962465"
"2011-02-26 10:30:00+00:00","0.34","0.713","0.02016585"
"2011-02-26 11:00:00+00:00","0.407","0.775","0.02057175"
"2011-02-26 11:30:00+00:00","0.914","0.825","0.0208977"
"2011-02-26 12:00:00+00:00","0.671","0.85","0.02128515"
"2011-02-26 12:30:00+00:00","0.254","0.875","0.0233577"
"2011-02-26 13:00:00+00:00","0.409","0.888","0.0235053"
"2011-02-26 13:30:00+00:00","0.205","0.863","0.0239727"
"2011-02-26 14:00:00+00:00","0.175","0.844","0.025215"
"2011-02-26 14:30:00+00:00","0.108","0.825","0.02738595"
"2011-02-26 15:00:00+00:00","0.256","0.794","0.0293355"
"2011-02-26 15:30:00+00:00","0.224","0.744","0.02862825"
"2011-02-26 16:00:00+00:00","0.202","0.669","0.0264204"
"2011-02-26 16:30:00+00:00","0.071","0.594","0.0247845"
"2011-02-26 17:00:00+00:00","0.174","0.494","0.0244524"
"2011-02-26 17:30:00+00:00","0.174","0.363","0.02429865"
"2011-02-26 18:00:00+00:00","0.161","0.188","0.02242905"
"2011-02-26 18:30:00+00:00","0.185","0.031","0.0192864"
"2011-02-26 19:00:00+00:00","0.201","0.013","0.0181548"
"2011-02-26 19:30:00+00:00","0.165","0.0","0.018942"
"2011-02-26 20:00:00+00:00","0.276","0.0","0.01929255"
"2011-02-26 20:30:00+00:00","0.187","0.0","0.01859145"
"2011-02-26 21:00:00+00:00","0.18","0.0","0.0167526"
"2011-02-26 21:30:00+00:00","0.132","0.0","0.01572555"
"2011-02-26 22:00:00+00:00","0.159","0.0","0.015498"
"2011-02-26 22:30:00+00:00","0.195","0.0","0.01556565"
"2011-02-26 23:00:00+00:00","0.102","0.0","0.0157317"
"2011-02-26 23:30:00+00:00","0.115","0.0","0.01511055"
"2011-02-27 00:00:00+00:00","0.181","0.0","0.01504905"
"2011-02-27 00:30:00+00:00","0.078","0.0","0.0132225"
"2011-02-27 01:00:00+00:00","0.093","0.0","0.0120909"
"2011-02-27 01:30:00+00:00","0.182","0.0","0.0121893"
"2011-02-27 02:00:00+00:00","0.086","0.0","0.0121032"
"2011-02-27 02:30:00+00:00","0.088","0.0","0.01208475"
"2011-02-27 03:00:00+00:00","0.181","0.0","0.01206015"
"2011-02-27 03:30:00+00:00","0.085","0.0","0.01204785"
"2011-02-27 04:00:00+00:00","0.093","0.0","0.01158045"
"2011-02-27 04:30:00+00:00","0.176","0.0","0.01215855"
"2011-02-27 05:00:00+00:00","0.082","0.0","0.01214625"
"2011-02-27 05:30:00+00:00","0.105","0.0","0.0121893"
"2011-02-27 06:00:00+00:00","0.15","0.0","0.01213395"
"2011-02-27 06:30:00+00:00","0.079","0.0","0.0125583"
"2011-02-27 07:00:00+00:00","0.357","0.006","0.01337625"
"2011-02-27 07:30:00+00:00","0.154","0.019","0.0142926"
"2011-02-27 08:00:00+00:00","0.105","0.044","0.01556565"
"2011-02-27 08:30:00+00:00","0.124","0.131","0.01562715"
"2011-02-27 09:00:00+00:00","0.315","0.313","0.01560255"
"2011-02-27 09:30:00+00:00","0.149","0.244","0.015621"
"2011-02-27 10:00:00+00:00","0.149","0.25","0.0155841"
"2011-02-27 10:30:00+00:00","0.182","0.338","0.0157686"
"2011-02-27 11:00:00+00:00","0.132","0.2","0.01579935"
"2011-02-27 11:30:00+00:00","0.14","0.238","0.01624215"
"2011-02-27 12:00:00+00:00","0.143","0.375","0.01675875"
"2011-02-27 12:30:00+00:00","0.068","0.338","0.01646355"
"2011-02-27 13:00:00+00:00","0.193","0.356","0.0163344"
"2011-02-27 13:30:00+00:00","0.218","0.35","0.01674645"
"2011-02-27 14:00:00+00:00","0.459","0.438","0.0169617"
"2011-02-27 14:30:00+00:00","0.128","0.319","0.01694325"
"2011-02-27 15:00:00+00:00","0.233","0.513","0.0173922"
"2011-02-27 15:30:00+00:00","0.219","0.356","0.01780425"
"2011-02-27 16:00:00+00:00","0.278","0.125","0.0181794"
"2011-02-27 16:30:00+00:00","0.4","0.094","0.0181671"
"2011-02-27 17:00:00+00:00","0.269","0.056","0.01880055"
"2011-02-27 17:30:00+00:00","0.177","0.175","0.01937865"
"2011-02-27 18:00:00+00:00","0.179","0.063","0.01963695"
"2011-02-27 18:30:00+00:00","0.266","0.006","0.01989525"
"2011-02-27 19:00:00+00:00","0.437","0.013","0.0199506"
"2011-02-27 19:30:00+00:00","0.35","0.0","0.02020275"
"2011-02-27 20:00:00+00:00","0.264","0.0","0.0197292"
"2011-02-27 20:30:00+00:00","0.176","0.0","0.0184623"
"2011-02-27 21:00:00+00:00","0.155","0.0","0.01566405"
"2011-02-27 21:30:00+00:00","0.183","0.0","0.01557795"
"2011-02-27 22:00:00+00:00","0.154","0.0","0.01520895"
"2011-02-27 22:30:00+00:00","0.622","0.0","0.01572555"
"2011-02-27 23:00:00+00:00","0.445","0.0","0.01544265"
"2011-02-27 23:30:00+00:00","0.16","0.0","0.015498"
"2011-02-28 00:00:00+00:00","0.09","0.0","0.0151413"
"2011-02-28 00:30:00+00:00","0.123","0.0","0.0130257"
"2011-02-28 01:00:00+00:00","0.149","0.0","0.01196175"
"2011-02-28 01:30:00+00:00","0.112","0.006","0.01130985"
"2011-02-28 02:00:00+00:00","0.12","0.0","0.0120786"
"2011-02-28 02:30:00+00:00","0.129","0.0","0.01210935"
"2011-02-28 03:00:00+00:00","0.126","0.0","0.0120786"
"2011-02-28 03:30:00+00:00","0.144","0.0","0.01215855"
"2011-02-28 04:00:00+00:00","0.102","0.0","0.0123861"
"2011-02-28 04:30:00+00:00","0.13","0.0","0.01385595"
"2011-02-28 05:00:00+00:00","0.165","0.0","0.01477845"
"2011-02-28 05:30:00+00:00","0.089","0.0","0.01702935"
"2011-02-28 06:00:00+00:00","0.129","0.0","0.0186468"
"2011-02-28 06:30:00+00:00","0.166","0.0","0.021402"
"2011-02-28 07:00:00+00:00","0.195","0.0","0.0227796"
"2011-02-28 07:30:00+00:00","0.139","0.019","0.01974765"
"2011-02-28 08:00:00+00:00","0.194","0.056","0.0217464"
"2011-02-28 08:30:00+00:00","0.124","0.013","0.02233065"
"2011-02-28 09:00:00+00:00","0.129","0.131","0.02215845"
"2011-02-28 09:30:00+00:00","0.165","0.488","0.0222261"
"2011-02-28 10:00:00+00:00","0.09","0.569","0.02218305"
"2011-02-28 10:30:00+00:00","0.204","0.5","0.0226689"
"2011-02-28 11:00:00+00:00","0.292","0.319","0.02310555"
"2011-02-28 11:30:00+00:00","0.191","0.513","0.0242556"
"2011-02-28 12:00:00+00:00","0.38","0.763","0.02258895"
"2011-02-28 12:30:00+00:00","0.232","0.738","0.02467995"
"2011-02-28 13:00:00+00:00","0.212","0.913","0.0257562"
"2011-02-28 13:30:00+00:00","0.353","0.669","0.0231363"
"2011-02-28 14:00:00+00:00","0.244","0.694","0.02363445"
"2011-02-28 14:30:00+00:00","0.328","0.363","0.0237759"
"2011-02-28 15:00:00+00:00","0.451","0.613","0.0229026"
"2011-02-28 15:30:00+00:00","0.18","0.8","0.0234561"
"2011-02-28 16:00:00+00:00","0.212","0.269","0.0232962"
"2011-02-28 16:30:00+00:00","0.22","0.025","0.02455695"
"2011-02-28 17:00:00+00:00","0.172","0.0","0.02255205"
"2011-02-28 17:30:00+00:00","0.197","0.056","0.02183865"
"2011-02-28 18:00:00+00:00","0.54","0.106","0.0214389"
"2011-02-28 18:30:00+00:00","0.212","0.013","0.02206005"
"2011-02-28 19:00:00+00:00","0.181","0.0","0.02241675"
"2011-02-28 19:30:00+00:00","0.199","0.0","0.02214615"
"2011-02-28 20:00:00+00:00","0.28","0.0","0.0208362"
"2011-02-28 20:30:00+00:00","0.161","0.0","0.0206148"
"2011-02-28 21:00:00+00:00","0.246","0.0","0.01818555"
"2011-02-28 21:30:00+00:00","0.179","0.0","0.01694325"
"2011-02-28 22:00:00+00:00","0.166","0.0","0.01571325"
"2011-02-28 22:30:00+00:00","0.136","0.0","0.01758285"
"2011-02-28 23:00:00+00:00","0.122","0.0","0.01678335"
"2011-02-28 23:30:00+00:00","0.144","0.0","0.01573785"
"2011-03-01 00:00:00+00:00","0.117","0.0","0.0155841"
"2011-03-01 00:30:00+00:00","0.118","0.0","0.012423"
"2011-03-01 01:00:00+00:00","0.17","0.0","0.01198635"
"2011-03-01 01:30:00+00:00","0.122","0.0","0.0132348"
"2011-03-01 02:00:00+00:00","0.084","0.0","0.0114636"
"2011-03-01 02:30:00+00:00","0.171","0.0","0.0119802"
"2011-03-01 03:00:00+00:00","0.149","0.0","0.01212165"
"2011-03-01 03:30:00+00:00","0.065","0.0","0.0121401"
"2011-03-01 04:00:00+00:00","0.159","0.0","0.012054"
"2011-03-01 04:30:00+00:00","0.172","0.0","0.0126813"
"2011-03-01 05:00:00+00:00","0.065","0.0","0.0133332"
"2011-03-01 05:30:00+00:00","0.129","0.0","0.01551645"
"2011-03-01 06:00:00+00:00","0.184","0.0","0.0161868"
"2011-03-01 06:30:00+00:00","0.102","0.0","0.01924335"
"2011-03-01 07:00:00+00:00","0.134","0.006","0.0193233"
"2011-03-01 07:30:00+00:00","0.253","0.013","0.01790265"
"2011-03-01 08:00:00+00:00","0.139","0.031","0.01905885"
"2011-03-01 08:30:00+00:00","0.179","0.1","0.0194709"
"2011-03-01 09:00:00+00:00","0.155","0.3","0.02091"
"2011-03-01 09:30:00+00:00","0.185","0.419","0.02046105"
"2011-03-01 10:00:00+00:00","0.207","0.563","0.02135895"
"2011-03-01 10:30:00+00:00","0.187","0.65","0.0204057"
"2011-03-01 11:00:00+00:00","0.326","0.425","0.0194955"
"2011-03-01 11:30:00+00:00","0.224","0.663","0.0220539"
"2011-03-01 12:00:00+00:00","0.205","0.744","0.02269965"
"2011-03-01 12:30:00+00:00","0.174","0.769","0.0223983"
"2011-03-01 13:00:00+00:00","0.227","0.563","0.024969"
"2011-03-01 13:30:00+00:00","0.619","0.781","0.02576235"
"2011-03-01 14:00:00+00:00","1.134","0.6","0.0281178"
"2011-03-01 14:30:00+00:00","0.714","0.713","0.02964915"
"2011-03-01 15:00:00+00:00","0.686","0.8","0.02748435"
"2011-03-01 15:30:00+00:00","0.705","0.638","0.02078085"
"2011-03-01 16:00:00+00:00","0.64","0.494","0.0215619"
"2011-03-01 16:30:00+00:00","0.631","0.3","0.0191142"
"2011-03-01 17:00:00+00:00","0.892","0.294","0.0186591"
"2011-03-01 17:30:00+00:00","0.316","0.288","0.0180441"
"2011-03-01 18:00:00+00:00","0.307","0.094","0.0179457"
"2011-03-01 18:30:00+00:00","0.212","0.038","0.01720155"
"2011-03-01 19:00:00+00:00","0.169","0.006","0.01770585"
"2011-03-01 19:30:00+00:00","1.03","0.006","0.01791495"
"2011-03-01 20:00:00+00:00","0.993","0.0","0.01761975"
"2011-03-01 20:30:00+00:00","0.953","0.0","0.01742295"
"2011-03-01 21:00:00+00:00","0.463","0.0","0.0155595"
"2011-03-01 21:30:00+00:00","0.429","0.0","0.0153258"
"2011-03-01 22:00:00+00:00","0.131","0.0","0.0143787"
"2011-03-01 22:30:00+00:00","0.127","0.0","0.0160146"
"2011-03-01 23:00:00+00:00","0.175","0.0","0.01475385"
"2011-03-01 23:30:00+00:00","0.295","0.0","0.01469235"
"2011-03-02 00:00:00+00:00","0.845","0.0","0.0141819"
"2011-03-02 00:30:00+00:00","0.133","0.0","0.0122631"
"2011-03-02 01:00:00+00:00","0.149","0.0","0.0116235"
"2011-03-02 01:30:00+00:00","0.139","0.0","0.01196175"
"2011-03-02 02:00:00+00:00","0.134","0.0","0.01042425"
"2011-03-02 02:30:00+00:00","0.121","0.0","0.0113037"
"2011-03-02 03:00:00+00:00","0.146","0.0","0.01062105"
"2011-03-02 03:30:00+00:00","0.149","0.0","0.01193715"
"2011-03-02 04:00:00+00:00","0.087","0.0","0.01204785"
"2011-03-02 04:30:00+00:00","0.161","0.0","0.01204785"
"2011-03-02 05:00:00+00:00","0.16","0.0","0.0128535"
"2011-03-02 05:30:00+00:00","0.077","0.0","0.01504905"
"2011-03-02 06:00:00+00:00","0.154","0.0","0.015621"
"2011-03-02 06:30:00+00:00","0.17","0.0","0.01862835"
"2011-03-02 07:00:00+00:00","0.286","0.0","0.01753365"
"2011-03-02 07:30:00+00:00","0.249","0.0","0.01586085"
"2011-03-02 08:00:00+00:00","0.246","0.006","0.0156579"
"2011-03-02 08:30:00+00:00","0.138","0.025","0.01579935"
"2011-03-02 09:00:00+00:00","0.165","0.031","0.0160638"
"2011-03-02 09:30:00+00:00","0.156","0.081","0.0161622"
"2011-03-02 10:00:00+00:00","0.062","0.044","0.01616835"
"2011-03-02 10:30:00+00:00","0.154","0.119","0.01677105"
"2011-03-02 11:00:00+00:00","0.132","0.119","0.01647585"
"2011-03-02 11:30:00+00:00","0.068","0.131","0.01723845"
"2011-03-02 12:00:00+00:00","0.166","0.144","0.0175275"
"2011-03-02 12:30:00+00:00","0.139","0.15","0.0183024"
"2011-03-02 13:00:00+00:00","0.316","0.2","0.01924335"
"2011-03-02 13:30:00+00:00","0.153","0.225","0.0193971"
"2011-03-02 14:00:00+00:00","0.171","0.25","0.01887435"
"2011-03-02 14:30:00+00:00","0.223","0.119","0.01742295"
"2011-03-02 15:00:00+00:00","0.227","0.119","0.01814865"
"2011-03-02 15:30:00+00:00","0.265","0.175","0.01923105"
"2011-03-02 16:00:00+00:00","0.165","0.069","0.019188"
"2011-03-02 16:30:00+00:00","0.258","0.044","0.01875135"
"2011-03-02 17:00:00+00:00","0.153","0.056","0.01837005"
"2011-03-02 17:30:00+00:00","0.148","0.025","0.0162606"
"2011-03-02 18:00:00+00:00","0.51","0.025","0.015621"
"2011-03-02 18:30:00+00:00","0.259","0.006","0.0156456"
"2011-03-02 19:00:00+00:00","0.153","0.0","0.0158301"
"2011-03-02 19:30:00+00:00","0.218","0.0","0.01567635"
"2011-03-02 20:00:00+00:00","0.246","0.0","0.01566405"
"2011-03-02 20:30:00+00:00","0.357","0.0","0.01524585"
"2011-03-02 21:00:00+00:00","0.181","0.0","0.01485225"
"2011-03-02 21:30:00+00:00","0.156","0.0","0.0153012"
"2011-03-02 22:00:00+00:00","0.159","0.0","0.01390515"
"2011-03-02 22:30:00+00:00","0.125","0.0","0.01721385"
"2011-03-02 23:00:00+00:00","0.226","0.0","0.0153258"
"2011-03-02 23:30:00+00:00","0.884","0.0","0.01543035"
"2011-03-03 00:00:00+00:00","0.138","0.0","0.0143295"
"2011-03-03 00:30:00+00:00","0.162","0.0","0.0123"
"2011-03-03 01:00:00+00:00","0.075","0.0","0.0117711"
"2011-03-03 01:30:00+00:00","0.142","0.0","0.0114513"
"2011-03-03 02:00:00+00:00","0.166","0.0","0.00985845"
"2011-03-03 02:30:00+00:00","0.064","0.0","0.01155585"
"2011-03-03 03:00:00+00:00","0.156","0.0","0.011193"
"2011-03-03 03:30:00+00:00","0.14","0.0","0.0124722"
"2011-03-03 04:00:00+00:00","0.082","0.0","0.01239225"
"2011-03-03 04:30:00+00:00","0.143","0.0","0.01279815"
"2011-03-03 05:00:00+00:00","0.123","0.0","0.01477845"
"2011-03-03 05:30:00+00:00","0.114","0.0","0.0162852"
"2011-03-03 06:00:00+00:00","0.112","0.0","0.01608225"
"2011-03-03 06:30:00+00:00","0.165","0.0","0.019188"
"2011-03-03 07:00:00+00:00","0.295","0.0","0.0170601"
"2011-03-03 07:30:00+00:00","0.113","0.025","0.0166173"
"2011-03-03 08:00:00+00:00","0.237","0.05","0.01650045"
"2011-03-03 08:30:00+00:00","0.139","0.113","0.0175275"
"2011-03-03 09:00:00+00:00","0.096","0.231","0.01738605"
"2011-03-03 09:30:00+00:00","0.181","0.388","0.0175275"
"2011-03-03 10:00:00+00:00","0.074","0.506","0.0159285"
"2011-03-03 10:30:00+00:00","0.103","0.638","0.016974"
"2011-03-03 11:00:00+00:00","0.178","0.631","0.0183147"
"2011-03-03 11:30:00+00:00","0.065","0.706","0.0184377"
"2011-03-03 12:00:00+00:00","0.112","0.819","0.01880055"
"2011-03-03 12:30:00+00:00","0.182","0.894","0.01849305"
"2011-03-03 13:00:00+00:00","0.07","0.9","0.0190281"
"2011-03-03 13:30:00+00:00","0.104","0.9","0.0199752"
"2011-03-03 14:00:00+00:00","0.183","0.8","0.0213774"
"2011-03-03 14:30:00+00:00","0.094","0.9","0.02063325"
"2011-03-03 15:00:00+00:00","0.078","0.831","0.02089155"
"2011-03-03 15:30:00+00:00","0.185","0.75","0.02261355"
"2011-03-03 16:00:00+00:00","0.145","0.638","0.0233946"
"2011-03-03 16:30:00+00:00","0.057","0.569","0.02337615"
"2011-03-03 17:00:00+00:00","0.145","0.463","0.0221154"
"2011-03-03 17:30:00+00:00","0.18","0.375","0.01948935"
"2011-03-03 18:00:00+00:00","0.266","0.194","0.0176382"
"2011-03-03 18:30:00+00:00","0.142","0.038","0.01782885"
"2011-03-03 19:00:00+00:00","0.234","0.025","0.0179457"
"2011-03-03 19:30:00+00:00","0.211","0.0","0.0204057"
"2011-03-03 20:00:00+00:00","0.239","0.0","0.0181056"
"2011-03-03 20:30:00+00:00","0.176","0.0","0.0168264"
"2011-03-03 21:00:00+00:00","0.215","0.0","0.0144033"
"2011-03-03 21:30:00+00:00","0.168","0.0","0.0151413"
"2011-03-03 22:00:00+00:00","0.098","0.0","0.01376985"
"2011-03-03 22:30:00+00:00","0.175","0.0","0.0155472"
"2011-03-03 23:00:00+00:00","0.164","0.0","0.0154611"
"2011-03-03 23:30:00+00:00","0.082","0.0","0.01511055"
"2011-03-04 00:00:00+00:00","0.141","0.0","0.0130011"
"2011-03-04 00:30:00+00:00","0.186","0.0","0.012423"
"2011-03-04 01:00:00+00:00","0.069","0.0","0.0121401"
"2011-03-04 01:30:00+00:00","0.129","0.0","0.01089165"
"2011-03-04 02:00:00+00:00","0.179","0.0","0.0099138"
"2011-03-04 02:30:00+00:00","0.076","0.0","0.0111684"
"2011-03-04 03:00:00+00:00","0.128","0.0","0.0101352"
"2011-03-04 03:30:00+00:00","0.168","0.0","0.0114882"
"2011-03-04 04:00:00+00:00","0.081","0.0","0.0102828"
"2011-03-04 04:30:00+00:00","0.124","0.0","0.01272435"
"2011-03-04 05:00:00+00:00","0.169","0.0","0.0145878"
"2011-03-04 05:30:00+00:00","0.256","0.0","0.01603305"
"2011-03-04 06:00:00+00:00","0.183","0.0","0.01903425"
"2011-03-04 06:30:00+00:00","0.189","0.0","0.02103915"
"2011-03-04 07:00:00+00:00","0.126","0.0","0.02392965"
"2011-03-04 07:30:00+00:00","0.135","0.0","0.01994445"
"2011-03-04 08:00:00+00:00","0.291","0.006","0.0203319"
"2011-03-04 08:30:00+00:00","0.184","0.025","0.0213405"
"2011-03-04 09:00:00+00:00","0.139","0.15","0.02214"
"2011-03-04 09:30:00+00:00","0.155","0.219","0.0212667"
"2011-03-04 10:00:00+00:00","0.103","0.369","0.0208116"
"2011-03-04 10:30:00+00:00","0.118","0.475","0.02094075"
"2011-03-04 11:00:00+00:00","0.147","0.331","0.02246595"
"2011-03-04 11:30:00+00:00","0.111","0.469","0.020295"
"2011-03-04 12:00:00+00:00","0.124","0.744","0.02137125"
"2011-03-04 12:30:00+00:00","0.148","0.794","0.0233208"
"2011-03-04 13:00:00+00:00","0.122","0.831","0.0238374"
"2011-03-04 13:30:00+00:00","0.113","0.838","0.0252642"
"2011-03-04 14:00:00+00:00","0.15","0.888","0.0261129"
"2011-03-04 14:30:00+00:00","0.132","0.863","0.03170325"
"2011-03-04 15:00:00+00:00","0.117","0.8","0.0219801"
"2011-03-04 15:30:00+00:00","0.307","0.725","0.028167"
"2011-03-04 16:00:00+00:00","0.691","0.625","0.02785335"
"2011-03-04 16:30:00+00:00","0.596","0.588","0.0245754"
"2011-03-04 17:00:00+00:00","0.525","0.494","0.02165415"
"2011-03-04 17:30:00+00:00","0.629","0.369","0.0195693"
"2011-03-04 18:00:00+00:00","0.668","0.188","0.01744755"
"2011-03-04 18:30:00+00:00","0.467","0.038","0.01608225"
"2011-03-04 19:00:00+00:00","0.182","0.013","0.0168141"
"2011-03-04 19:30:00+00:00","0.535","0.0","0.01642665"
"2011-03-04 20:00:00+00:00","0.647","0.0","0.0155718"
"2011-03-04 20:30:00+00:00","0.365","0.0","0.0150552"
"2011-03-04 21:00:00+00:00","0.205","0.0","0.01482765"
"2011-03-04 21:30:00+00:00","0.174","0.0","0.0155103"
"2011-03-04 22:00:00+00:00","0.105","0.0","0.01524585"
"2011-03-04 22:30:00+00:00","0.178","0.0","0.0179949"
"2011-03-04 23:00:00+00:00","0.162","0.0","0.01499985"
"2011-03-04 23:30:00+00:00","0.121","0.0","0.0155595"
"2011-03-05 00:00:00+00:00","0.156","0.0","0.0146985"
"2011-03-05 00:30:00+00:00","0.133","0.0","0.014391"
"2011-03-05 01:00:00+00:00","0.128","0.0","0.01235535"
"2011-03-05 01:30:00+00:00","0.133","0.0","0.0123369"
"2011-03-05 02:00:00+00:00","0.13","0.0","0.0096678"
"2011-03-05 02:30:00+00:00","0.14","0.0","0.00978465"
"2011-03-05 03:00:00+00:00","0.105","0.0","0.0100368"
"2011-03-05 03:30:00+00:00","0.143","0.0","0.0119679"
"2011-03-05 04:00:00+00:00","0.152","0.0","0.0127182"
"2011-03-05 04:30:00+00:00","0.079","0.0","0.01299495"
"2011-03-05 05:00:00+00:00","0.165","0.0","0.01322865"
"2011-03-05 05:30:00+00:00","0.135","0.0","0.01472925"
"2011-03-05 06:00:00+00:00","0.07","0.0","0.0155226"
"2011-03-05 06:30:00+00:00","0.188","0.0","0.01556565"
"2011-03-05 07:00:00+00:00","0.26","0.0","0.01556565"
"2011-03-05 07:30:00+00:00","0.121","0.0","0.01561485"
"2011-03-05 08:00:00+00:00","0.209","0.0","0.0165558"
"2011-03-05 08:30:00+00:00","0.071","0.006","0.0176628"
"2011-03-05 09:00:00+00:00","0.21","0.025","0.0174537"
"2011-03-05 09:30:00+00:00","0.189","0.044","0.01742295"
"2011-03-05 10:00:00+00:00","0.064","0.056","0.0166173"
"2011-03-05 10:30:00+00:00","0.125","0.081","0.0166542"
"2011-03-05 11:00:00+00:00","0.156","0.206","0.0160269"
"2011-03-05 11:30:00+00:00","0.061","0.238","0.015744"
"2011-03-05 12:00:00+00:00","0.152","0.163","0.0156456"
"2011-03-05 12:30:00+00:00","0.135","0.3","0.0156825"
"2011-03-05 13:00:00+00:00","0.095","0.225","0.0157932"
"2011-03-05 13:30:00+00:00","0.167","0.513","0.01556565"
"2011-03-05 14:00:00+00:00","0.221","0.306","0.01508595"
"2011-03-05 14:30:00+00:00","0.248","0.25","0.0155718"
"2011-03-05 15:00:00+00:00","0.18","0.238","0.01556565"
"2011-03-05 15:30:00+00:00","0.304","0.231","0.01556565"
"2011-03-05 16:00:00+00:00","0.195","0.156","0.01556565"
"2011-03-05 16:30:00+00:00","0.151","0.113","0.01556565"
"2011-03-05 17:00:00+00:00","0.191","0.075","0.0157809"
"2011-03-05 17:30:00+00:00","0.16","0.038","0.01566405"
"2011-03-05 18:00:00+00:00","0.144","0.038","0.0155841"
"2011-03-05 18:30:00+00:00","0.208","0.025","0.01556565"
"2011-03-05 19:00:00+00:00","0.169","0.006","0.01556565"
"2011-03-05 19:30:00+00:00","0.288","0.0","0.0155718"
"2011-03-05 20:00:00+00:00","0.177","0.0","0.01556565"
"2011-03-05 20:30:00+00:00","0.23","0.0","0.01547955"
"2011-03-05 21:00:00+00:00","0.183","0.0","0.01535655"
"2011-03-05 21:30:00+00:00","0.122","0.0","0.01556565"
"2011-03-05 22:00:00+00:00","0.184","0.0","0.01556565"
"2011-03-05 22:30:00+00:00","0.876","0.0","0.01722615"
"2011-03-05 23:00:00+00:00","0.247","0.0","0.01522125"
"2011-03-05 23:30:00+00:00","0.13","0.0","0.0155226"
"2011-03-06 00:00:00+00:00","0.136","0.0","0.01508595"
"2011-03-06 00:30:00+00:00","0.111","0.0","0.01176495"
"2011-03-06 01:00:00+00:00","0.122","0.0","0.0106026"
"2011-03-06 01:30:00+00:00","0.133","0.0","0.01009215"
"2011-03-06 02:00:00+00:00","0.061","0.0","0.0108732"
"2011-03-06 02:30:00+00:00","0.172","0.0","0.011931"
"2011-03-06 03:00:00+00:00","0.071","0.0","0.00983385"
"2011-03-06 03:30:00+00:00","0.119","0.0","0.0090528"
"2011-03-06 04:00:00+00:00","0.131","0.0","0.00957555"
"2011-03-06 04:30:00+00:00","0.066","0.0","0.01101465"
"2011-03-06 05:00:00+00:00","0.161","0.0","0.0092865"
"2011-03-06 05:30:00+00:00","0.088","0.0","0.01053495"
"2011-03-06 06:00:00+00:00","0.107","0.0","0.0111315"
"2011-03-06 06:30:00+00:00","0.13","0.0","0.011685"
"2011-03-06 07:00:00+00:00","0.239","0.0","0.01226925"
"2011-03-06 07:30:00+00:00","0.133","0.006","0.0135915"
"2011-03-06 08:00:00+00:00","0.142","0.038","0.015129"
"2011-03-06 08:30:00+00:00","0.124","0.156","0.01556565"
"2011-03-06 09:00:00+00:00","0.182","0.238","0.01561485"
"2011-03-06 09:30:00+00:00","0.206","0.319","0.01604535"
"2011-03-06 10:00:00+00:00","0.424","0.325","0.01556565"
"2011-03-06 10:30:00+00:00","0.231","0.463","0.01556565"
"2011-03-06 11:00:00+00:00","0.229","0.638","0.01555335"
"2011-03-06 11:30:00+00:00","0.161","0.681","0.01556565"
"2011-03-06 12:00:00+00:00","0.221","0.569","0.01556565"
"2011-03-06 12:30:00+00:00","0.107","0.7","0.01556565"
"2011-03-06 13:00:00+00:00","0.157","0.631","0.0154488"
"2011-03-06 13:30:00+00:00","0.166","0.7","0.0155718"
"2011-03-06 14:00:00+00:00","0.253","0.581","0.01556565"
"2011-03-06 14:30:00+00:00","0.108","0.431","0.0155718"
"2011-03-06 15:00:00+00:00","0.162","0.469","0.01556565"
"2011-03-06 15:30:00+00:00","0.213","0.356","0.01556565"
"2011-03-06 16:00:00+00:00","0.138","0.625","0.01556565"
"2011-03-06 16:30:00+00:00","0.166","0.363","0.0155718"
"2011-03-06 17:00:00+00:00","0.203","0.225","0.01556565"
"2011-03-06 17:30:00+00:00","0.129","0.081","0.0155595"
"2011-03-06 18:00:00+00:00","0.243","0.1","0.01556565"
"2011-03-06 18:30:00+00:00","0.239","0.044","0.01556565"
"2011-03-06 19:00:00+00:00","0.213","0.013","0.01556565"
"2011-03-06 19:30:00+00:00","0.29","0.0","0.01555335"
"2011-03-06 20:00:00+00:00","0.182","0.0","0.01554105"
"2011-03-06 20:30:00+00:00","0.227","0.0","0.0155718"
"2011-03-06 21:00:00+00:00","0.164","0.0","0.01517205"
"2011-03-06 21:30:00+00:00","0.17","0.0","0.0153873"
"2011-03-06 22:00:00+00:00","0.177","0.0","0.0128166"
"2011-03-06 22:30:00+00:00","0.092","0.0","0.01274895"
"2011-03-06 23:00:00+00:00","0.148","0.0","0.01348695"
"2011-03-06 23:30:00+00:00","0.102","0.0","0.01226925"
"2011-03-07 00:00:00+00:00","0.104","0.0","0.0120417"
"2011-03-07 00:30:00+00:00","0.14","0.0","0.0096186"
"2011-03-07 01:00:00+00:00","0.082","0.0","0.01153125"
"2011-03-07 01:30:00+00:00","0.144","0.0","0.0096432"
"2011-03-07 02:00:00+00:00","0.103","0.0","0.00995685"
"2011-03-07 02:30:00+00:00","0.103","0.0","0.00886215"
"2011-03-07 03:00:00+00:00","0.155","0.0","0.00839475"
"2011-03-07 03:30:00+00:00","0.059","0.0","0.00919425"
"2011-03-07 04:00:00+00:00","0.169","0.0","0.0090897"
"2011-03-07 04:30:00+00:00","0.078","0.0","0.01137135"
"2011-03-07 05:00:00+00:00","0.121","0.0","0.0119064"
"2011-03-07 05:30:00+00:00","0.13","0.0","0.0153504"
"2011-03-07 06:00:00+00:00","0.062","0.0","0.01556565"
"2011-03-07 06:30:00+00:00","0.199","0.0","0.01704165"
"2011-03-07 07:00:00+00:00","0.252","0.0","0.01775505"
"2011-03-07 07:30:00+00:00","0.531","0.0","0.0159777"
"2011-03-07 08:00:00+00:00","0.212","0.013","0.01683255"
"2011-03-07 08:30:00+00:00","0.126","0.025","0.0182901"
"2011-03-07 09:00:00+00:00","0.182","0.063","0.0185976"
"2011-03-07 09:30:00+00:00","0.065","0.081","0.0182778"
"2011-03-07 10:00:00+00:00","0.19","0.056","0.0178227"
"2011-03-07 10:30:00+00:00","0.18","0.269","0.01892355"
"2011-03-07 11:00:00+00:00","0.235","0.488","0.01813635"
"2011-03-07 11:30:00+00:00","0.209","0.638","0.0178596"
"2011-03-07 12:00:00+00:00","0.084","0.613","0.0184377"
"2011-03-07 12:30:00+00:00","0.12","0.744","0.0187452"
"2011-03-07 13:00:00+00:00","0.164","0.869","0.0186591"
"2011-03-07 13:30:00+00:00","0.061","0.931","0.0187575"
"2011-03-07 14:00:00+00:00","0.161","0.888","0.0186468"
"2011-03-07 14:30:00+00:00","0.132","0.863","0.01857915"
"2011-03-07 15:00:00+00:00","0.072","0.844","0.01848075"
"2011-03-07 15:30:00+00:00","0.191","0.775","0.01883745"
"2011-03-07 16:00:00+00:00","0.141","0.694","0.0193479"
"2011-03-07 16:30:00+00:00","0.125","0.6","0.0186222"
"2011-03-07 17:00:00+00:00","0.225","0.494","0.0181671"
"2011-03-07 17:30:00+00:00","0.138","0.369","0.017835"
"2011-03-07 18:00:00+00:00","0.152","0.169","0.01818555"
"2011-03-07 18:30:00+00:00","0.22","0.038","0.01620525"
"2011-03-07 19:00:00+00:00","0.161","0.006","0.01747215"
"2011-03-07 19:30:00+00:00","0.151","0.0","0.01849305"
"2011-03-07 20:00:00+00:00","0.352","0.0","0.0167772"
"2011-03-07 20:30:00+00:00","0.228","0.0","0.01577475"
"2011-03-07 21:00:00+00:00","0.191","0.0","0.0155472"
"2011-03-07 21:30:00+00:00","0.145","0.0","0.0155841"
"2011-03-07 22:00:00+00:00","0.203","0.0","0.0153135"
"2011-03-07 22:30:00+00:00","0.128","0.0","0.01602075"
"2011-03-07 23:00:00+00:00","0.076","0.0","0.0160269"
"2011-03-07 23:30:00+00:00","0.179","0.0","0.01634055"
"2011-03-08 00:00:00+00:00","0.099","0.0","0.01560255"
"2011-03-08 00:30:00+00:00","0.099","0.0","0.01536885"
"2011-03-08 01:00:00+00:00","0.18","0.0","0.01512285"
"2011-03-08 01:30:00+00:00","0.063","0.0","0.0138744"
"2011-03-08 02:00:00+00:00","0.143","0.0","0.01297035"
"2011-03-08 02:30:00+00:00","0.116","0.0","0.0120417"
"2011-03-08 03:00:00+00:00","0.078","0.0","0.01186335"
"2011-03-08 03:30:00+00:00","0.169","0.0","0.0113775"
"2011-03-08 04:00:00+00:00","0.074","0.0","0.0115251"
"2011-03-08 04:30:00+00:00","0.127","0.0","0.01234305"
"2011-03-08 05:00:00+00:00","0.129","0.0","0.0125952"
"2011-03-08 05:30:00+00:00","0.074","0.0","0.0165066"
"2011-03-08 06:00:00+00:00","0.151","0.0","0.01643895"
"2011-03-08 06:30:00+00:00","0.097","0.0","0.01892355"
"2011-03-08 07:00:00+00:00","0.294","0.0","0.01934175"
"2011-03-08 07:30:00+00:00","0.125","0.0","0.01657425"
"2011-03-08 08:00:00+00:00","0.12","0.013","0.0185115"
"2011-03-08 08:30:00+00:00","0.135","0.031","0.01951395"
"2011-03-08 09:00:00+00:00","0.07","0.35","0.01972305"
"2011-03-08 09:30:00+00:00","0.135","0.55","0.01966155"
"2011-03-08 10:00:00+00:00","0.103","0.644","0.01923105"
"2011-03-08 10:30:00+00:00","0.085","0.744","0.0186591"
"2011-03-08 11:00:00+00:00","0.151","0.806","0.0193233"
"2011-03-08 11:30:00+00:00","0.072","0.875","0.01861605"
"2011-03-08 12:00:00+00:00","0.125","0.906","0.0187575"
"2011-03-08 12:30:00+00:00","0.157","0.919","0.01983375"
"2011-03-08 13:00:00+00:00","0.211","0.919","0.0192495"
"2011-03-08 13:30:00+00:00","0.177","0.925","0.0202704"
"2011-03-08 14:00:00+00:00","0.246","0.913","0.02026425"
"2011-03-08 14:30:00+00:00","0.179","0.881","0.019557"
"2011-03-08 15:00:00+00:00","0.172","0.856","0.0192249"
"2011-03-08 15:30:00+00:00","0.19","0.781","0.0194709"
"2011-03-08 16:00:00+00:00","0.173","0.731","0.01909575"
"2011-03-08 16:30:00+00:00","0.284","0.6","0.01961235"
"2011-03-08 17:00:00+00:00","0.158","0.456","0.0195324"
"2011-03-08 17:30:00+00:00","0.147","0.344","0.01829625"
"2011-03-08 18:00:00+00:00","0.249","0.175","0.0178719"
"2011-03-08 18:30:00+00:00","0.176","0.031","0.0176136"
"2011-03-08 19:00:00+00:00","0.191","0.006","0.01940325"
"2011-03-08 19:30:00+00:00","0.342","0.0","0.0192987"
"2011-03-08 20:00:00+00:00","0.208","0.0","0.0172446"
"2011-03-08 20:30:00+00:00","0.198","0.0","0.0164328"
"2011-03-08 21:00:00+00:00","0.174","0.0","0.0155472"
"2011-03-08 21:30:00+00:00","0.175","0.0","0.0155841"
"2011-03-08 22:00:00+00:00","0.241","0.0","0.01546725"
"2011-03-08 22:30:00+00:00","0.106","0.0","0.0172077"
"2011-03-08 23:00:00+00:00","0.152","0.0","0.01609455"
"2011-03-08 23:30:00+00:00","1.002","0.0","0.0157932"
"2011-03-09 00:00:00+00:00","0.074","0.0","0.0154365"
"2011-03-09 00:30:00+00:00","0.121","0.0","0.0143664"
"2011-03-09 01:00:00+00:00","0.154","0.0","0.0123246"
"2011-03-09 01:30:00+00:00","0.062","0.0","0.0127182"
"2011-03-09 02:00:00+00:00","0.153","0.0","0.0119187"
"2011-03-09 02:30:00+00:00","0.127","0.0","0.0115743"
"2011-03-09 03:00:00+00:00","0.076","0.0","0.0121155"
"2011-03-09 03:30:00+00:00","0.167","0.0","0.0120909"
"2011-03-09 04:00:00+00:00","0.096","0.0","0.01212165"
"2011-03-09 04:30:00+00:00","0.095","0.0","0.0122508"
"2011-03-09 05:00:00+00:00","0.173","0.0","0.01271205"
"2011-03-09 05:30:00+00:00","0.066","0.0","0.01560255"
"2011-03-09 06:00:00+00:00","0.124","0.0","0.0186099"
"2011-03-09 06:30:00+00:00","0.163","0.0","0.02051025"
"2011-03-09 07:00:00+00:00","0.228","0.0","0.02101455"
"2011-03-09 07:30:00+00:00","0.179","0.013","0.01884975"
"2011-03-09 08:00:00+00:00","0.11","0.031","0.018819"
"2011-03-09 08:30:00+00:00","0.153","0.069","0.01948935"
"2011-03-09 09:00:00+00:00","0.169","0.144","0.0195816"
"2011-03-09 09:30:00+00:00","0.106","0.381","0.0206394"
"2011-03-09 10:00:00+00:00","0.215","0.35","0.0177858"
"2011-03-09 10:30:00+00:00","0.201","0.275","0.0172815"
"2011-03-09 11:00:00+00:00","0.071","0.4","0.01962465"
"2011-03-09 11:30:00+00:00","0.108","0.3","0.019803"
"2011-03-09 12:00:00+00:00","0.171","0.244","0.0201228"
"2011-03-09 12:30:00+00:00","0.054","0.369","0.019188"
"2011-03-09 13:00:00+00:00","0.135","0.269","0.01825935"
"2011-03-09 13:30:00+00:00","0.302","0.494","0.0192003"
"2011-03-09 14:00:00+00:00","0.198","0.288","0.0191757"
"2011-03-09 14:30:00+00:00","0.191","0.338","0.0182163"
"2011-03-09 15:00:00+00:00","0.223","0.463","0.0178719"
"2011-03-09 15:30:00+00:00","0.25","0.344","0.01898505"
"2011-03-09 16:00:00+00:00","0.224","0.375","0.01888665"
"2011-03-09 16:30:00+00:00","0.331","0.294","0.01793955"
"2011-03-09 17:00:00+00:00","0.187","0.356","0.0176382"
"2011-03-09 17:30:00+00:00","0.272","0.219","0.0178473"
"2011-03-09 18:00:00+00:00","0.232","0.125","0.01666035"
"2011-03-09 18:30:00+00:00","0.176","0.038","0.0163221"
"2011-03-09 19:00:00+00:00","0.17","0.006","0.01678335"
"2011-03-09 19:30:00+00:00","0.223","0.0","0.01657425"
"2011-03-09 20:00:00+00:00","0.278","0.0","0.01619295"
"2011-03-09 20:30:00+00:00","0.146","0.0","0.0157932"
"2011-03-09 21:00:00+00:00","0.227","0.0","0.0155472"
"2011-03-09 21:30:00+00:00","0.178","0.0","0.01554105"
"2011-03-09 22:00:00+00:00","0.133","0.0","0.015252"
"2011-03-09 22:30:00+00:00","0.237","0.0","0.0159777"
"2011-03-09 23:00:00+00:00","0.175","0.0","0.01563945"
"2011-03-09 23:30:00+00:00","0.074","0.0","0.0156702"
"2011-03-10 00:00:00+00:00","0.188","0.0","0.01536885"
"2011-03-10 00:30:00+00:00","0.117","0.0","0.01353615"
"2011-03-10 01:00:00+00:00","0.076","0.0","0.01219545"
"2011-03-10 01:30:00+00:00","0.186","0.0","0.01212165"
"2011-03-10 02:00:00+00:00","0.102","0.0","0.0120663"
"2011-03-10 02:30:00+00:00","0.088","0.0","0.0113652"
"2011-03-10 03:00:00+00:00","0.182","0.0","0.0114636"
"2011-03-10 03:30:00+00:00","0.098","0.0","0.01204785"
"2011-03-10 04:00:00+00:00","0.103","0.0","0.01212165"
"2011-03-10 04:30:00+00:00","0.163","0.0","0.0124107"
"2011-03-10 05:00:00+00:00","0.1","0.0","0.012915"
"2011-03-10 05:30:00+00:00","0.113","0.0","0.0174906"
"2011-03-10 06:00:00+00:00","0.144","0.0","0.0186099"
"2011-03-10 06:30:00+00:00","0.106","0.0","0.0196431"
"2011-03-10 07:00:00+00:00","0.141","0.0","0.02074395"
"2011-03-10 07:30:00+00:00","0.249","0.006","0.0184623"
"2011-03-10 08:00:00+00:00","0.155","0.013","0.01797645"
"2011-03-10 08:30:00+00:00","0.18","0.019","0.01967385"
"2011-03-10 09:00:00+00:00","0.149","0.038","0.0201474"
"2011-03-10 09:30:00+00:00","0.108","0.056","0.01983375"
"2011-03-10 10:00:00+00:00","0.132","0.156","0.0196185"
"2011-03-10 10:30:00+00:00","0.121","0.144","0.0199506"
"2011-03-10 11:00:00+00:00","0.093","0.225","0.02032575"
"2011-03-10 11:30:00+00:00","0.145","0.206","0.0203196"
"2011-03-10 12:00:00+00:00","0.152","0.156","0.02031345"
"2011-03-10 12:30:00+00:00","0.214","0.25","0.02042415"
"2011-03-10 13:00:00+00:00","0.24","0.294","0.0205902"
"2011-03-10 13:30:00+00:00","0.196","0.225","0.02054715"
"2011-03-10 14:00:00+00:00","0.314","0.113","0.01985835"
"2011-03-10 14:30:00+00:00","0.228","0.188","0.01955085"
"2011-03-10 15:00:00+00:00","0.199","0.138","0.01934175"
"2011-03-10 15:30:00+00:00","0.171","0.225","0.0198399"
"2011-03-10 16:00:00+00:00","0.287","0.294","0.02019045"
"2011-03-10 16:30:00+00:00","0.224","0.113","0.01741065"
"2011-03-10 17:00:00+00:00","0.197","0.063","0.01802565"
"2011-03-10 17:30:00+00:00","0.158","0.05","0.01698015"
"2011-03-10 18:00:00+00:00","0.398","0.031","0.0166788"
"2011-03-10 18:30:00+00:00","0.304","0.013","0.0165804"
"2011-03-10 19:00:00+00:00","0.217","0.0","0.0176136"
"2011-03-10 19:30:00+00:00","0.222","0.0","0.0182532"
"2011-03-10 20:00:00+00:00","0.154","0.0","0.0168756"
"2011-03-10 20:30:00+00:00","0.327","0.0","0.0166296"
"2011-03-10 21:00:00+00:00","0.185","0.0","0.01533195"
"2011-03-10 21:30:00+00:00","0.116","0.0","0.01551645"
"2011-03-10 22:00:00+00:00","0.143","0.0","0.01545495"
"2011-03-10 22:30:00+00:00","0.153","0.0","0.01753365"
"2011-03-10 23:00:00+00:00","0.118","0.0","0.01582395"
"2011-03-10 23:30:00+00:00","0.624","0.0","0.0156579"
"2011-03-11 00:00:00+00:00","0.497","0.0","0.0155595"
"2011-03-11 00:30:00+00:00","0.118","0.0","0.01495065"
"2011-03-11 01:00:00+00:00","0.118","0.0","0.0125952"
"2011-03-11 01:30:00+00:00","0.126","0.0","0.0125337"
"2011-03-11 02:00:00+00:00","0.122","0.0","0.011931"
"2011-03-11 02:30:00+00:00","0.115","0.0","0.0120786"
"2011-03-11 03:00:00+00:00","0.124","0.0","0.0120048"
"2011-03-11 03:30:00+00:00","0.138","0.0","0.0121155"
"2011-03-11 04:00:00+00:00","0.091","0.0","0.0122139"
"2011-03-11 04:30:00+00:00","0.123","0.0","0.0122385"
"2011-03-11 05:00:00+00:00","0.141","0.0","0.0147969"
"2011-03-11 05:30:00+00:00","0.089","0.0","0.016851"
"2011-03-11 06:00:00+00:00","0.138","0.0","0.01846845"
"2011-03-11 06:30:00+00:00","0.189","0.0","0.0198891"
"2011-03-11 07:00:00+00:00","0.311","0.0","0.0210453"
"2011-03-11 07:30:00+00:00","0.14","0.006","0.01936635"
"2011-03-11 08:00:00+00:00","0.111","0.031","0.01946475"
"2011-03-11 08:30:00+00:00","0.091","0.056","0.0206886"
"2011-03-11 09:00:00+00:00","0.13","0.106","0.02097765"
"2011-03-11 09:30:00+00:00","0.095","0.144","0.02197395"
"2011-03-11 10:00:00+00:00","0.104","0.394","0.02331465"
"2011-03-11 10:30:00+00:00","0.144","0.556","0.0218079"
"2011-03-11 11:00:00+00:00","0.088","0.75","0.0221523"
"2011-03-11 11:30:00+00:00","0.116","0.775","0.0220785"
"2011-03-11 12:00:00+00:00","0.162","0.888","0.0217341"
"2011-03-11 12:30:00+00:00","0.092","0.688","0.0215865"
"2011-03-11 13:00:00+00:00","0.108","0.394","0.01982145"
"2011-03-11 13:30:00+00:00","0.411","0.144","0.021279"
"2011-03-11 14:00:00+00:00","0.288","0.119","0.0202704"
"2011-03-11 14:30:00+00:00","0.286","0.188","0.02097765"
"2011-03-11 15:00:00+00:00","0.219","0.25","0.02091"
"2011-03-11 15:30:00+00:00","0.257","0.544","0.02219535"
"2011-03-11 16:00:00+00:00","0.332","0.563","0.02150655"
"2011-03-11 16:30:00+00:00","0.222","0.481","0.01929255"
"2011-03-11 17:00:00+00:00","0.206","0.538","0.01887435"
"2011-03-11 17:30:00+00:00","0.176","0.213","0.01785345"
"2011-03-11 18:00:00+00:00","0.217","0.088","0.01599615"
"2011-03-11 18:30:00+00:00","0.211","0.05","0.01562715"
"2011-03-11 19:00:00+00:00","0.263","0.0","0.0159162"
"2011-03-11 19:30:00+00:00","0.288","0.0","0.0167772"
"2011-03-11 20:00:00+00:00","0.32","0.0","0.0158301"
"2011-03-11 20:30:00+00:00","0.207","0.0","0.015621"
"2011-03-11 21:00:00+00:00","0.204","0.0","0.0155718"
"2011-03-11 21:30:00+00:00","0.153","0.0","0.0155718"
"2011-03-11 22:00:00+00:00","0.128","0.0","0.01550415"
"2011-03-11 22:30:00+00:00","0.156","0.0","0.0156702"
"2011-03-11 23:00:00+00:00","0.191","0.0","0.01567635"
"2011-03-11 23:30:00+00:00","0.1","0.0","0.0158301"
"2011-03-12 00:00:00+00:00","0.128","0.0","0.0154119"
"2011-03-12 00:30:00+00:00","0.176","0.0","0.01508595"
"2011-03-12 01:00:00+00:00","0.11","0.0","0.0139605"
"2011-03-12 01:30:00+00:00","0.101","0.0","0.0126567"
"2011-03-12 02:00:00+00:00","0.155","0.0","0.01186335"
"2011-03-12 02:30:00+00:00","0.119","0.0","0.0111561"
"2011-03-12 03:00:00+00:00","0.108","0.0","0.01150665"
"2011-03-12 03:30:00+00:00","0.129","0.0","0.0088929"
"2011-03-12 04:00:00+00:00","0.12","0.0","0.00845625"
"2011-03-12 04:30:00+00:00","0.134","0.0","0.0123"
"2011-03-12 05:00:00+00:00","0.098","0.0","0.0124476"
"2011-03-12 05:30:00+00:00","0.143","0.0","0.0129027"
"2011-03-12 06:00:00+00:00","0.145","0.0","0.01408965"
"2011-03-12 06:30:00+00:00","0.068","0.0","0.0153135"
"2011-03-12 07:00:00+00:00","0.377","0.0","0.01535655"
"2011-03-12 07:30:00+00:00","0.182","0.006","0.01556565"
"2011-03-12 08:00:00+00:00","0.079","0.038","0.0155349"
"2011-03-12 08:30:00+00:00","0.409","0.081","0.01598385"
"2011-03-12 09:00:00+00:00","0.2","0.194","0.01734915"
"2011-03-12 09:30:00+00:00","0.156","0.469","0.0187575"
"2011-03-12 10:00:00+00:00","0.097","0.556","0.01856685"
"2011-03-12 10:30:00+00:00","0.178","0.706","0.0188805"
"2011-03-12 11:00:00+00:00","0.132","0.763","0.01887435"
"2011-03-12 11:30:00+00:00","0.43","0.819","0.01852995"
"2011-03-12 12:00:00+00:00","0.648","0.844","0.01872675"
"2011-03-12 12:30:00+00:00","0.648","0.863","0.01894815"
"2011-03-12 13:00:00+00:00","0.65","0.85","0.0185607"
"2011-03-12 13:30:00+00:00","0.678","0.831","0.0193479"
"2011-03-12 14:00:00+00:00","0.691","0.813","0.01932945"
"2011-03-12 14:30:00+00:00","0.352","0.781","0.0195078"
"2011-03-12 15:00:00+00:00","0.392","0.744","0.0192741"
"2011-03-12 15:30:00+00:00","0.468","0.694","0.01964925"
"2011-03-12 16:00:00+00:00","0.438","0.619","0.01980915"
"2011-03-12 16:30:00+00:00","0.321","0.531","0.01950165"
"2011-03-12 17:00:00+00:00","0.369","0.413","0.0188682"
"2011-03-12 17:30:00+00:00","0.254","0.3","0.0190527"
"2011-03-12 18:00:00+00:00","0.159","0.15","0.01882515"
"2011-03-12 18:30:00+00:00","0.879","0.025","0.01877595"
"2011-03-12 19:00:00+00:00","0.649","0.0","0.01951395"
"2011-03-12 19:30:00+00:00","0.975","0.0","0.0190527"
"2011-03-12 20:00:00+00:00","0.508","0.0","0.01833315"
"2011-03-12 20:30:00+00:00","0.258","0.0","0.01777965"
"2011-03-12 21:00:00+00:00","0.392","0.0","0.0171216"
"2011-03-12 21:30:00+00:00","0.198","0.0","0.01733685"
"2011-03-12 22:00:00+00:00","0.211","0.0","0.0160761"
"2011-03-12 22:30:00+00:00","0.385","0.0","0.01722"
"2011-03-12 23:00:00+00:00","0.841","0.0","0.01741065"
"2011-03-12 23:30:00+00:00","0.179","0.0","0.0166296"
"2011-03-13 00:00:00+00:00","0.138","0.0","0.01608225"
"2011-03-13 00:30:00+00:00","0.095","0.0","0.0154242"
"2011-03-13 01:00:00+00:00","0.162","0.0","0.0138621"
"2011-03-13 01:30:00+00:00","0.138","0.0","0.0134808"
"2011-03-13 02:00:00+00:00","0.081","0.0","0.0121278"
"2011-03-13 02:30:00+00:00","0.162","0.0","0.0116358"
"2011-03-13 03:00:00+00:00","0.135","0.0","0.01210935"
"2011-03-13 03:30:00+00:00","0.082","0.0","0.0120048"
"2011-03-13 04:00:00+00:00","0.167","0.0","0.01208475"
"2011-03-13 04:30:00+00:00","0.12","0.0","0.01208475"
"2011-03-13 05:00:00+00:00","0.088","0.0","0.0120294"
"2011-03-13 05:30:00+00:00","0.18","0.0","0.0130872"
"2011-03-13 06:00:00+00:00","0.094","0.0","0.0134931"
"2011-03-13 06:30:00+00:00","0.122","0.0","0.0151044"
"2011-03-13 07:00:00+00:00","0.315","0.0","0.0151782"
"2011-03-13 07:30:00+00:00","0.12","0.0","0.01555335"
"2011-03-13 08:00:00+00:00","0.087","0.013","0.01556565"
"2011-03-13 08:30:00+00:00","0.233","0.044","0.01556565"
"2011-03-13 09:00:00+00:00","0.193","0.288","0.0171831"
"2011-03-13 09:30:00+00:00","0.367","0.513","0.01896045"
"2011-03-13 10:00:00+00:00","0.342","0.594","0.01787805"
"2011-03-13 10:30:00+00:00","0.172","0.688","0.01792725"
"2011-03-13 11:00:00+00:00","0.16","0.738","0.01899735"
"2011-03-13 11:30:00+00:00","0.102","0.788","0.0190527"
"2011-03-13 12:00:00+00:00","0.117","0.813","0.01972305"
"2011-03-13 12:30:00+00:00","0.158","0.831","0.0201966"
"2011-03-13 13:00:00+00:00","0.117","0.831","0.02012895"
"2011-03-13 13:30:00+00:00","0.072","0.831","0.0208116"
"2011-03-13 14:00:00+00:00","0.172","0.838","0.020418"
"2011-03-13 14:30:00+00:00","0.148","0.825","0.0201105"
"2011-03-13 15:00:00+00:00","0.059","0.788","0.0199752"
"2011-03-13 15:30:00+00:00","0.148","0.725","0.0197415"
"2011-03-13 16:00:00+00:00","0.144","0.656","0.0198768"
"2011-03-13 16:30:00+00:00","0.121","0.55","0.0190896"
"2011-03-13 17:00:00+00:00","0.122","0.45","0.01963695"
"2011-03-13 17:30:00+00:00","0.112","0.319","0.01955085"
"2011-03-13 18:00:00+00:00","0.123","0.163","0.0196554"
"2011-03-13 18:30:00+00:00","0.159","0.025","0.01980915"
"2011-03-13 19:00:00+00:00","0.182","0.0","0.02023965"
"2011-03-13 19:30:00+00:00","0.492","0.0","0.0200736"
"2011-03-13 20:00:00+00:00","0.25","0.0","0.01871445"
"2011-03-13 20:30:00+00:00","0.224","0.0","0.01701705"
"2011-03-13 21:00:00+00:00","0.156","0.0","0.0155718"
"2011-03-13 21:30:00+00:00","0.137","0.0","0.0155595"
"2011-03-13 22:00:00+00:00","0.188","0.0","0.01536885"
"2011-03-13 22:30:00+00:00","0.135","0.0","0.01577475"
"2011-03-13 23:00:00+00:00","0.105","0.0","0.0155718"
"2011-03-13 23:30:00+00:00","0.149","0.0","0.0152766"
"2011-03-14 00:00:00+00:00","0.134","0.0","0.01490145"
"2011-03-14 00:30:00+00:00","0.141","0.0","0.01255215"
"2011-03-14 01:00:00+00:00","0.125","0.0","0.01101465"
"2011-03-14 01:30:00+00:00","0.116","0.0","0.0120294"
"2011-03-14 02:00:00+00:00","0.14","0.0","0.0116235"
"2011-03-14 02:30:00+00:00","0.138","0.0","0.0119679"
"2011-03-14 03:00:00+00:00","0.099","0.0","0.01159275"
"2011-03-14 03:30:00+00:00","0.134","0.0","0.01156815"
"2011-03-14 04:00:00+00:00","0.152","0.0","0.0122016"
"2011-03-14 04:30:00+00:00","0.098","0.0","0.0122262"
"2011-03-14 05:00:00+00:00","0.129","0.0","0.0126321"
"2011-03-14 05:30:00+00:00","0.143","0.0","0.01559025"
"2011-03-14 06:00:00+00:00","0.109","0.0","0.01560255"
"2011-03-14 06:30:00+00:00","0.147","0.0","0.0171216"
"2011-03-14 07:00:00+00:00","0.23","0.0","0.0167895"
"2011-03-14 07:30:00+00:00","0.324","0.006","0.0160269"
"2011-03-14 08:00:00+00:00","0.236","0.013","0.017712"
"2011-03-14 08:30:00+00:00","0.228","0.044","0.01950165"
"2011-03-14 09:00:00+00:00","0.101","0.288","0.0202335"
"2011-03-14 09:30:00+00:00","0.094","0.494","0.02033805"
"2011-03-14 10:00:00+00:00","0.168","0.55","0.02019045"
"2011-03-14 10:30:00+00:00","0.229","0.588","0.02032575"
"2011-03-14 11:00:00+00:00","0.097","0.744","0.0199752"
"2011-03-14 11:30:00+00:00","0.42","0.788","0.0190527"
"2011-03-14 12:00:00+00:00","0.814","0.844","0.01837005"
"2011-03-14 12:30:00+00:00","0.773","0.856","0.01800105"
"2011-03-14 13:00:00+00:00","0.776","0.625","0.01774275"
"2011-03-14 13:30:00+00:00","0.794","0.725","0.01807485"
"2011-03-14 14:00:00+00:00","0.269","0.644","0.01666035"
"2011-03-14 14:30:00+00:00","0.12","0.319","0.01718925"
"2011-03-14 15:00:00+00:00","0.138","0.169","0.0172323"
"2011-03-14 15:30:00+00:00","0.109","0.025","0.01685715"
"2011-03-14 16:00:00+00:00","0.124","0.019","0.01679565"
"2011-03-14 16:30:00+00:00","0.293","0.019","0.0168756"
"2011-03-14 17:00:00+00:00","0.211","0.019","0.01675875"
"2011-03-14 17:30:00+00:00","0.178","0.006","0.0160638"
"2011-03-14 18:00:00+00:00","0.242","0.0","0.01578705"
"2011-03-14 18:30:00+00:00","0.216","0.0","0.01556565"
"2011-03-14 19:00:00+00:00","0.313","0.0","0.01556565"
"2011-03-14 19:30:00+00:00","0.166","0.0","0.01555335"
"2011-03-14 20:00:00+00:00","0.153","0.0","0.01555335"
"2011-03-14 20:30:00+00:00","0.217","0.0","0.01551645"
"2011-03-14 21:00:00+00:00","0.249","0.0","0.0155226"
"2011-03-14 21:30:00+00:00","0.14","0.0","0.01547955"
"2011-03-14 22:00:00+00:00","0.133","0.0","0.01383135"
"2011-03-14 22:30:00+00:00","0.188","0.0","0.0151659"
"2011-03-14 23:00:00+00:00","0.088","0.0","0.0140097"
"2011-03-14 23:30:00+00:00","0.098","0.0","0.01262595"
"2011-03-15 00:00:00+00:00","0.923","0.0","0.0128412"
"2011-03-15 00:30:00+00:00","0.205","0.0","0.01209705"
"2011-03-15 01:00:00+00:00","0.109","0.0","0.01105155"
"2011-03-15 01:30:00+00:00","0.173","0.0","0.0125952"
"2011-03-15 02:00:00+00:00","0.069","0.0","0.0117711"
"2011-03-15 02:30:00+00:00","0.127","0.0","0.01100235"
"2011-03-15 03:00:00+00:00","0.15","0.0","0.0116112"
"2011-03-15 03:30:00+00:00","0.059","0.0","0.01198635"
"2011-03-15 04:00:00+00:00","0.158","0.0","0.01212165"
"2011-03-15 04:30:00+00:00","0.118","0.0","0.0128535"
"2011-03-15 05:00:00+00:00","0.069","0.0","0.01353"
"2011-03-15 05:30:00+00:00","0.181","0.0","0.0155349"
"2011-03-15 06:00:00+00:00","0.085","0.0","0.0176013"
"2011-03-15 06:30:00+00:00","0.12","0.0","0.01936635"
"2011-03-15 07:00:00+00:00","0.308","0.0","0.01941555"
"2011-03-15 07:30:00+00:00","0.082","0.013","0.01731225"
"2011-03-15 08:00:00+00:00","0.253","0.044","0.0177735"
"2011-03-15 08:30:00+00:00","0.249","0.069","0.0181179"
"2011-03-15 09:00:00+00:00","0.318","0.331","0.0185484"
"2011-03-15 09:30:00+00:00","0.173","0.475","0.01835775"
"2011-03-15 10:00:00+00:00","0.176","0.469","0.0184131"
"2011-03-15 10:30:00+00:00","0.125","0.563","0.0182778"
"2011-03-15 11:00:00+00:00","0.149","0.406","0.01834545"
"2011-03-15 11:30:00+00:00","0.178","0.688","0.0184131"
"2011-03-15 12:00:00+00:00","0.165","0.875","0.0183639"
"2011-03-15 12:30:00+00:00","0.116","0.856","0.01843155"
"2011-03-15 13:00:00+00:00","0.157","0.888","0.0186222"
"2011-03-15 13:30:00+00:00","0.232","0.731","0.0195816"
"2011-03-15 14:00:00+00:00","0.415","0.575","0.01972305"
"2011-03-15 14:30:00+00:00","0.299","0.413","0.0186837"
"2011-03-15 15:00:00+00:00","0.171","0.325","0.01878825"
"2011-03-15 15:30:00+00:00","0.163","0.469","0.0187452"
"2011-03-15 16:00:00+00:00","0.333","0.381","0.0188682"
"2011-03-15 16:30:00+00:00","0.27","0.438","0.01844385"
"2011-03-15 17:00:00+00:00","0.273","0.388","0.0185976"
"2011-03-15 17:30:00+00:00","0.247","0.119","0.01801335"
"2011-03-15 18:00:00+00:00","0.178","0.063","0.0180195"
"2011-03-15 18:30:00+00:00","0.282","0.019","0.0179088"
"2011-03-15 19:00:00+00:00","0.238","0.0","0.01834545"
"2011-03-15 19:30:00+00:00","0.318","0.0","0.01685715"
"2011-03-15 20:00:00+00:00","0.501","0.0","0.0165189"
"2011-03-15 20:30:00+00:00","0.324","0.0","0.01554105"
"2011-03-15 21:00:00+00:00","0.202","0.0","0.01555335"
"2011-03-15 21:30:00+00:00","0.234","0.0","0.0155841"
"2011-03-15 22:00:00+00:00","0.172","0.0","0.01551645"
"2011-03-15 22:30:00+00:00","0.139","0.0","0.0155964"
"2011-03-15 23:00:00+00:00","0.092","0.0","0.0156087"
"2011-03-15 23:30:00+00:00","0.126","0.0","0.0154119"
"2011-03-16 00:00:00+00:00","0.184","0.0","0.01487685"
"2011-03-16 00:30:00+00:00","0.098","0.0","0.0134316"
"2011-03-16 01:00:00+00:00","0.062","0.0","0.0120294"
"2011-03-16 01:30:00+00:00","0.194","0.0","0.0120048"
"2011-03-16 02:00:00+00:00","0.148","0.0","0.0118941"
"2011-03-16 02:30:00+00:00","0.062","0.0","0.0107502"
"2011-03-16 03:00:00+00:00","0.129","0.0","0.01197405"
"2011-03-16 03:30:00+00:00","0.15","0.0","0.01210935"
"2011-03-16 04:00:00+00:00","0.114","0.0","0.0120909"
"2011-03-16 04:30:00+00:00","0.124","0.0","0.0122508"
"2011-03-16 05:00:00+00:00","0.091","0.0","0.01373295"
"2011-03-16 05:30:00+00:00","0.132","0.0","0.01635285"
"2011-03-16 06:00:00+00:00","0.153","0.0","0.01749675"
"2011-03-16 06:30:00+00:00","0.08","0.0","0.01905885"
"2011-03-16 07:00:00+00:00","0.267","0.0","0.01907115"
"2011-03-16 07:30:00+00:00","0.181","0.006","0.0176505"
"2011-03-16 08:00:00+00:00","0.124","0.025","0.0174168"
"2011-03-16 08:30:00+00:00","0.258","0.05","0.016359"
"2011-03-16 09:00:00+00:00","0.208","0.288","0.018204"
"2011-03-16 09:30:00+00:00","0.113","0.494","0.01857915"
"2011-03-16 10:00:00+00:00","0.158","0.606","0.0180933"
"2011-03-16 10:30:00+00:00","0.3","0.688","0.0186837"
"2011-03-16 11:00:00+00:00","0.189","0.731","0.0187575"
"2011-03-16 11:30:00+00:00","0.205","0.775","0.01914495"
"2011-03-16 12:00:00+00:00","0.196","0.825","0.0190896"
"2011-03-16 12:30:00+00:00","0.167","0.838","0.0189666"
"2011-03-16 13:00:00+00:00","0.243","0.831","0.0192864"
"2011-03-16 13:30:00+00:00","0.431","0.844","0.01977225"
"2011-03-16 14:00:00+00:00","0.902","0.825","0.02062095"
"2011-03-16 14:30:00+00:00","0.173","0.794","0.01980915"
"2011-03-16 15:00:00+00:00","0.179","0.75","0.01960005"
"2011-03-16 15:30:00+00:00","0.27","0.7","0.02016585"
"2011-03-16 16:00:00+00:00","0.816","0.631","0.01988295"
"2011-03-16 16:30:00+00:00","1.12","0.538","0.01902195"
"2011-03-16 17:00:00+00:00","0.863","0.431","0.0183393"
"2011-03-16 17:30:00+00:00","0.861","0.206","0.0180441"
"2011-03-16 18:00:00+00:00","1.309","0.044","0.0185361"
"2011-03-16 18:30:00+00:00","0.42","0.025","0.0184623"
"2011-03-16 19:00:00+00:00","0.256","0.0","0.01857915"
"2011-03-16 19:30:00+00:00","0.223","0.0","0.01828395"
"2011-03-16 20:00:00+00:00","0.332","0.0","0.01683255"
"2011-03-16 20:30:00+00:00","0.375","0.0","0.0172077"
"2011-03-16 21:00:00+00:00","0.195","0.0","0.0155595"
"2011-03-16 21:30:00+00:00","0.15","0.0","0.0155718"
"2011-03-16 22:00:00+00:00","0.201","0.0","0.0155349"
"2011-03-16 22:30:00+00:00","0.181","0.0","0.01718925"
"2011-03-16 23:00:00+00:00","0.092","0.0","0.01608225"
"2011-03-16 23:30:00+00:00","0.119","0.0","0.01556565"
"2011-03-17 00:00:00+00:00","0.411","0.0","0.01551645"
"2011-03-17 00:30:00+00:00","0.744","0.0","0.01495065"
"2011-03-17 01:00:00+00:00","0.167","0.0","0.01356075"
"2011-03-17 01:30:00+00:00","0.169","0.0","0.01266285"
"2011-03-17 02:00:00+00:00","0.097","0.0","0.0115128"
"2011-03-17 02:30:00+00:00","0.104","0.0","0.01209705"
"2011-03-17 03:00:00+00:00","0.177","0.0","0.01215855"
"2011-03-17 03:30:00+00:00","0.123","0.0","0.0121647"
"2011-03-17 04:00:00+00:00","0.143","0.0","0.01236765"
"2011-03-17 04:30:00+00:00","0.109","0.0","0.01463085"
"2011-03-17 05:00:00+00:00","0.117","0.0","0.0155226"
"2011-03-17 05:30:00+00:00","0.156","0.0","0.0169248"
"2011-03-17 06:00:00+00:00","0.127","0.0","0.01830855"
"2011-03-17 06:30:00+00:00","0.104","0.0","0.02006745"
"2011-03-17 07:00:00+00:00","0.173","0.0","0.0203811"
"2011-03-17 07:30:00+00:00","0.258","0.006","0.01666035"
"2011-03-17 08:00:00+00:00","0.119","0.038","0.0162606"
"2011-03-17 08:30:00+00:00","0.161","0.075","0.0173307"
"2011-03-17 09:00:00+00:00","0.45","0.2","0.01817325"
"2011-03-17 09:30:00+00:00","0.066","0.2","0.01811175"
"2011-03-17 10:00:00+00:00","0.13","0.313","0.0181179"
"2011-03-17 10:30:00+00:00","0.157","0.213","0.01813635"
"2011-03-17 11:00:00+00:00","0.08","0.313","0.0181425"
"2011-03-17 11:30:00+00:00","0.122","0.306","0.01818555"
"2011-03-17 12:00:00+00:00","0.379","0.319","0.0182409"
"2011-03-17 12:30:00+00:00","0.386","0.319","0.0186468"
"2011-03-17 13:00:00+00:00","0.38","0.344","0.01916955"
"2011-03-17 13:30:00+00:00","0.221","0.344","0.019557"
"2011-03-17 14:00:00+00:00","0.142","0.294","0.01926795"
"2011-03-17 14:30:00+00:00","0.165","0.4","0.01878825"
"2011-03-17 15:00:00+00:00","0.267","0.425","0.01861605"
"2011-03-17 15:30:00+00:00","0.285","0.294","0.01828395"
"2011-03-17 16:00:00+00:00","0.311","0.275","0.01828395"
"2011-03-17 16:30:00+00:00","0.451","0.1","0.0181425"
"2011-03-17 17:00:00+00:00","0.325","0.063","0.0175521"
"2011-03-17 17:30:00+00:00","0.123","0.069","0.01598385"
"2011-03-17 18:00:00+00:00","0.211","0.019","0.0173061"
"2011-03-17 18:30:00+00:00","0.352","0.013","0.0176997"
"2011-03-17 19:00:00+00:00","0.306","0.0","0.01887435"
"2011-03-17 19:30:00+00:00","0.363","0.0","0.0187944"
"2011-03-17 20:00:00+00:00","0.366","0.0","0.01659885"
"2011-03-17 20:30:00+00:00","0.13","0.0","0.01577475"
"2011-03-17 21:00:00+00:00","0.296","0.0","0.0155595"
"2011-03-17 21:30:00+00:00","0.431","0.0","0.01555335"
"2011-03-17 22:00:00+00:00","0.134","0.0","0.0151782"
"2011-03-17 22:30:00+00:00","0.11","0.0","0.01520895"
"2011-03-17 23:00:00+00:00","0.145","0.0","0.01501215"
"2011-03-17 23:30:00+00:00","0.117","0.0","0.01527045"
"2011-03-18 00:00:00+00:00","0.113","0.0","0.01495065"
"2011-03-18 00:30:00+00:00","0.111","0.0","0.0153135"
"2011-03-18 01:00:00+00:00","0.112","0.0","0.0152397"
"2011-03-18 01:30:00+00:00","0.116","0.0","0.0142434"
"2011-03-18 02:00:00+00:00","0.109","0.0","0.0108978"
"2011-03-18 02:30:00+00:00","0.113","0.0","0.0113037"
"2011-03-18 03:00:00+00:00","0.113","0.0","0.01182645"
"2011-03-18 03:30:00+00:00","0.109","0.0","0.01154355"
"2011-03-18 04:00:00+00:00","0.268","0.0","0.0119925"
"2011-03-18 04:30:00+00:00","0.173","0.0","0.01287195"
"2011-03-18 05:00:00+00:00","0.087","0.0","0.0155226"
"2011-03-18 05:30:00+00:00","0.097","0.0","0.01570095"
"2011-03-18 06:00:00+00:00","0.117","0.0","0.016359"
"2011-03-18 06:30:00+00:00","0.093","0.0","0.0187206"
"2011-03-18 07:00:00+00:00","0.108","0.0","0.0192003"
"2011-03-18 07:30:00+00:00","0.102","0.0","0.01760745"
"2011-03-18 08:00:00+00:00","0.099","0.006","0.01572555"
"2011-03-18 08:30:00+00:00","0.106","0.025","0.0178104"
"2011-03-18 09:00:00+00:00","0.098","0.088","0.0176751"
"2011-03-18 09:30:00+00:00","0.103","0.194","0.01700475"
"2011-03-18 10:00:00+00:00","0.096","0.3","0.0164451"
"2011-03-18 10:30:00+00:00","0.105","0.538","0.0158547"
"2011-03-18 11:00:00+00:00","0.108","0.525","0.0162237"
"2011-03-18 11:30:00+00:00","0.102","0.538","0.01556565"
"2011-03-18 12:00:00+00:00","0.102","0.638","0.01561485"
"2011-03-18 12:30:00+00:00","0.11","0.581","0.01556565"
"2011-03-18 13:00:00+00:00","0.115","0.369","0.01560255"
"2011-03-18 13:30:00+00:00","0.095","0.388","0.0156825"
"2011-03-18 14:00:00+00:00","0.104","0.331","0.01563945"
"2011-03-18 14:30:00+00:00","0.128","0.381","0.01556565"
"2011-03-18 15:00:00+00:00","0.087","0.3","0.01556565"
"2011-03-18 15:30:00+00:00","0.097","0.213","0.0156825"
"2011-03-18 16:00:00+00:00","0.15","0.275","0.0157194"
"2011-03-18 16:30:00+00:00","0.082","0.256","0.01556565"
"2011-03-18 17:00:00+00:00","0.086","0.169","0.0155595"
"2011-03-18 17:30:00+00:00","0.159","0.138","0.01556565"
"2011-03-18 18:00:00+00:00","0.081","0.113","0.01556565"
"2011-03-18 18:30:00+00:00","0.077","0.031","0.0155718"
"2011-03-18 19:00:00+00:00","0.163","0.0","0.01556565"
"2011-03-18 19:30:00+00:00","0.072","0.0","0.01555335"
"2011-03-18 20:00:00+00:00","0.071","0.0","0.01556565"
"2011-03-18 20:30:00+00:00","0.171","0.0","0.01555335"
"2011-03-18 21:00:00+00:00","0.07","0.0","0.0155718"
"2011-03-18 21:30:00+00:00","0.078","0.0","0.01578705"
"2011-03-18 22:00:00+00:00","0.17","0.0","0.0154365"
"2011-03-18 22:30:00+00:00","0.056","0.006","0.01555335"
"2011-03-18 23:00:00+00:00","0.096","0.0","0.0154119"
"2011-03-18 23:30:00+00:00","0.164","0.0","0.0155349"
"2011-03-19 00:00:00+00:00","0.045","0.0","0.0153873"
"2011-03-19 00:30:00+00:00","0.099","0.0","0.0138744"
"2011-03-19 01:00:00+00:00","0.149","0.0","0.01165425"
"2011-03-19 01:30:00+00:00","0.044","0.0","0.0132594"
"2011-03-19 02:00:00+00:00","0.12","0.0","0.0126321"
"2011-03-19 02:30:00+00:00","0.131","0.0","0.0118572"
"2011-03-19 03:00:00+00:00","0.045","0.0","0.0116973"
"2011-03-19 03:30:00+00:00","0.14","0.0","0.0112545"
"2011-03-19 04:00:00+00:00","0.109","0.0","0.0122016"
"2011-03-19 04:30:00+00:00","0.047","0.0","0.01282275"
"2011-03-19 05:00:00+00:00","0.161","0.0","0.0127305"
"2011-03-19 05:30:00+00:00","0.09","0.0","0.0124599"
"2011-03-19 06:00:00+00:00","0.048","0.0","0.01522125"
"2011-03-19 06:30:00+00:00","0.168","0.0","0.01554105"
"2011-03-19 07:00:00+00:00","0.064","0.0","0.01556565"
"2011-03-19 07:30:00+00:00","0.084","0.0","0.01556565"
"2011-03-19 08:00:00+00:00","0.161","0.013","0.0156702"
"2011-03-19 08:30:00+00:00","0.045","0.075","0.0160515"
"2011-03-19 09:00:00+00:00","0.104","0.275","0.0168264"
"2011-03-19 09:30:00+00:00","0.138","0.319","0.01584855"
"2011-03-19 10:00:00+00:00","0.042","0.369","0.0159408"
"2011-03-19 10:30:00+00:00","0.124","0.381","0.01556565"
"2011-03-19 11:00:00+00:00","0.131","0.569","0.01556565"
"2011-03-19 11:30:00+00:00","0.044","0.25","0.01554105"
"2011-03-19 12:00:00+00:00","0.136","0.256","0.01556565"
"2011-03-19 12:30:00+00:00","0.126","0.619","0.01556565"
"2011-03-19 13:00:00+00:00","0.045","0.413","0.01556565"
"2011-03-19 13:30:00+00:00","0.145","0.494","0.01556565"
"2011-03-19 14:00:00+00:00","0.124","0.4","0.01556565"
"2011-03-19 14:30:00+00:00","0.043","0.288","0.01543035"
"2011-03-19 15:00:00+00:00","0.143","0.319","0.01555335"
"2011-03-19 15:30:00+00:00","0.128","0.413","0.01556565"
"2011-03-19 16:00:00+00:00","0.045","0.369","0.0156456"
"2011-03-19 16:30:00+00:00","0.146","0.531","0.01556565"
"2011-03-19 17:00:00+00:00","0.139","0.344","0.0155472"
"2011-03-19 17:30:00+00:00","0.045","0.238","0.01556565"
"2011-03-19 18:00:00+00:00","0.127","0.106","0.01556565"
"2011-03-19 18:30:00+00:00","0.148","0.006","0.01556565"
"2011-03-19 19:00:00+00:00","0.051","0.0","0.01556565"
"2011-03-19 19:30:00+00:00","0.126","0.0","0.01551645"
"2011-03-19 20:00:00+00:00","0.143","0.0","0.0156825"
"2011-03-19 20:30:00+00:00","0.044","0.0","0.01554105"
"2011-03-19 21:00:00+00:00","0.127","0.0","0.0154734"
"2011-03-19 21:30:00+00:00","0.143","0.0","0.01556565"
"2011-03-19 22:00:00+00:00","0.043","0.0","0.0153135"
"2011-03-19 22:30:00+00:00","0.121","0.0","0.0154734"
"2011-03-19 23:00:00+00:00","0.148","0.0","0.015252"
"2011-03-19 23:30:00+00:00","0.044","0.0","0.0151905"
"2011-03-20 00:00:00+00:00","0.109","0.0","0.0144402"
"2011-03-20 00:30:00+00:00","0.151","0.0","0.01395435"
"2011-03-20 01:00:00+00:00","0.044","0.0","0.012054"
"2011-03-20 01:30:00+00:00","0.112","0.0","0.0135054"
"2011-03-20 02:00:00+00:00","0.149","0.0","0.01160505"
"2011-03-20 02:30:00+00:00","0.044","0.0","0.01032585"
"2011-03-20 03:00:00+00:00","0.113","0.0","0.0074538"
"2011-03-20 03:30:00+00:00","0.141","0.0","0.00940335"
"2011-03-20 04:00:00+00:00","0.043","0.0","0.0084624"
"2011-03-20 04:30:00+00:00","0.122","0.0","0.00920655"
"2011-03-20 05:00:00+00:00","0.129","0.0","0.01065795"
"2011-03-20 05:30:00+00:00","0.045","0.0","0.0102336"
"2011-03-20 06:00:00+00:00","0.148","0.0","0.01154355"
"2011-03-20 06:30:00+00:00","0.106","0.0","0.01213395"
"2011-03-20 07:00:00+00:00","0.044","0.0","0.0123369"
"2011-03-20 07:30:00+00:00","0.157","0.0","0.01479075"
"2011-03-20 08:00:00+00:00","0.081","0.0","0.01554105"
"2011-03-20 08:30:00+00:00","0.06","0.0","0.01556565"
"2011-03-20 09:00:00+00:00","0.172","0.0","0.01556565"
"2011-03-20 09:30:00+00:00","0.053","0.0","0.01556565"
"2011-03-20 10:00:00+00:00","0.093","0.006","0.01556565"
"2011-03-20 10:30:00+00:00","0.144","0.006","0.01556565"
"2011-03-20 11:00:00+00:00","0.041","0.069","0.01556565"
"2011-03-20 11:30:00+00:00","0.131","0.119","0.01556565"
"2011-03-20 12:00:00+00:00","0.098","0.225","0.01556565"
"2011-03-20 12:30:00+00:00","0.061","0.344","0.01556565"
"2011-03-20 13:00:00+00:00","0.158","0.388","0.01559025"
"2011-03-20 13:30:00+00:00","0.068","0.631","0.01556565"
"2011-03-20 14:00:00+00:00","0.077","0.888","0.01556565"
"2011-03-20 14:30:00+00:00","0.167","0.656","0.0152397"
"2011-03-20 15:00:00+00:00","0.056","0.45","0.0155226"
"2011-03-20 15:30:00+00:00","0.087","0.306","0.01552875"
"2011-03-20 16:00:00+00:00","0.165","0.206","0.0155103"
"2011-03-20 16:30:00+00:00","0.052","0.125","0.01554105"
"2011-03-20 17:00:00+00:00","0.1","0.1","0.01554105"
"2011-03-20 17:30:00+00:00","0.158","0.163","0.0166419"
"2011-03-20 18:00:00+00:00","0.045","0.038","0.0164451"
"2011-03-20 18:30:00+00:00","0.109","0.013","0.01689405"
"2011-03-20 19:00:00+00:00","0.143","0.0","0.01832085"
"2011-03-20 19:30:00+00:00","0.041","0.0","0.0172446"
"2011-03-20 20:00:00+00:00","0.129","0.0","0.0155472"
"2011-03-20 20:30:00+00:00","0.13","0.0","0.0155472"
"2011-03-20 21:00:00+00:00","0.043","0.0","0.01551645"
"2011-03-20 21:30:00+00:00","0.138","0.0","0.01550415"
"2011-03-20 22:00:00+00:00","0.113","0.0","0.0152397"
"2011-03-20 22:30:00+00:00","0.048","0.0","0.0151413"
"2011-03-20 23:00:00+00:00","0.145","0.0","0.0144525"
"2011-03-20 23:30:00+00:00","0.091","0.0","0.01463085"
"2011-03-21 00:00:00+00:00","0.07","0.0","0.01321635"
"2011-03-21 00:30:00+00:00","0.143","0.0","0.01231845"
"2011-03-21 01:00:00+00:00","0.082","0.0","0.0119556"
"2011-03-21 01:30:00+00:00","0.085","0.0","0.01198635"
"2011-03-21 02:00:00+00:00","0.128","0.0","0.0119556"
"2011-03-21 02:30:00+00:00","0.076","0.0","0.0114021"
"2011-03-21 03:00:00+00:00","0.099","0.0","0.0108732"
"2011-03-21 03:30:00+00:00","0.121","0.0","0.01087935"
"2011-03-21 04:00:00+00:00","0.076","0.0","0.0128535"
"2011-03-21 04:30:00+00:00","0.11","0.0","0.01155585"
"2011-03-21 05:00:00+00:00","0.111","0.0","0.0137268"
"2011-03-21 05:30:00+00:00","0.096","0.0","0.01559025"
"2011-03-21 06:00:00+00:00","0.101","0.0","0.01610685"
"2011-03-21 06:30:00+00:00","0.095","0.0","0.01769355"
"2011-03-21 07:00:00+00:00","0.106","0.0","0.0188313"
"2011-03-21 07:30:00+00:00","0.085","0.0","0.018204"
"2011-03-21 08:00:00+00:00","0.099","0.013","0.01795185"
"2011-03-21 08:30:00+00:00","0.123","0.094","0.0188313"
"2011-03-21 09:00:00+00:00","0.073","0.225","0.01887435"
"2011-03-21 09:30:00+00:00","0.094","0.394","0.0192864"
"2011-03-21 10:00:00+00:00","0.14","0.294","0.0192249"
"2011-03-21 10:30:00+00:00","0.061","0.35","0.0194832"
"2011-03-21 11:00:00+00:00","0.111","0.619","0.0194586"
"2011-03-21 11:30:00+00:00","0.144","0.831","0.01966155"
"2011-03-21 12:00:00+00:00","0.057","0.794","0.0195693"
"2011-03-21 12:30:00+00:00","0.115","0.506","0.01940325"
"2011-03-21 13:00:00+00:00","0.15","0.413","0.01941555"
"2011-03-21 13:30:00+00:00","0.068","0.456","0.01912035"
"2011-03-21 14:00:00+00:00","0.089","0.481","0.01934175"
"2011-03-21 14:30:00+00:00","0.16","0.469","0.01942785"
"2011-03-21 15:00:00+00:00","0.097","0.544","0.01957545"
"2011-03-21 15:30:00+00:00","0.077","0.725","0.019926"
"2011-03-21 16:00:00+00:00","0.147","0.35","0.01995675"
"2011-03-21 16:30:00+00:00","0.112","0.113","0.0201966"
"2011-03-21 17:00:00+00:00","0.074","0.031","0.0200121"
"2011-03-21 17:30:00+00:00","0.13","0.063","0.01968"
"2011-03-21 18:00:00+00:00","0.204","0.038","0.01821015"
"2011-03-21 18:30:00+00:00","0.226","0.0","0.0172446"
"2011-03-21 19:00:00+00:00","0.243","0.0","0.01684485"
"2011-03-21 19:30:00+00:00","0.346","0.0","0.0162975"
"2011-03-21 20:00:00+00:00","0.156","0.0","0.01581165"
"2011-03-21 20:30:00+00:00","0.181","0.0","0.01646355"
"2011-03-21 21:00:00+00:00","0.196","0.0","0.01556565"
"2011-03-21 21:30:00+00:00","0.143","0.0","0.01559025"
"2011-03-21 22:00:00+00:00","0.149","0.0","0.0155226"
"2011-03-21 22:30:00+00:00","0.117","0.0","0.01556565"
"2011-03-21 23:00:00+00:00","0.129","0.0","0.0155841"
"2011-03-21 23:30:00+00:00","0.153","0.0","0.0158178"
"2011-03-22 00:00:00+00:00","0.115","0.0","0.01502445"
"2011-03-22 00:30:00+00:00","0.12","0.0","0.0149199"
"2011-03-22 01:00:00+00:00","0.142","0.0","0.0147969"
"2011-03-22 01:30:00+00:00","0.121","0.0","0.01429875"
"2011-03-22 02:00:00+00:00","0.119","0.0","0.0145017"
"2011-03-22 02:30:00+00:00","0.125","0.0","0.0128412"
"2011-03-22 03:00:00+00:00","0.122","0.0","0.01242915"
"2011-03-22 03:30:00+00:00","0.133","0.0","0.01196175"
"2011-03-22 04:00:00+00:00","0.103","0.0","0.01271205"
"2011-03-22 04:30:00+00:00","0.124","0.0","0.01485225"
"2011-03-22 05:00:00+00:00","0.151","0.0","0.01554105"
"2011-03-22 05:30:00+00:00","0.092","0.0","0.0160392"
"2011-03-22 06:00:00+00:00","0.13","0.0","0.0189051"
"2011-03-22 06:30:00+00:00","0.162","0.0","0.0185238"
"2011-03-22 07:00:00+00:00","0.095","0.0","0.01925565"
"2011-03-22 07:30:00+00:00","0.158","0.0","0.0182655"
"2011-03-22 08:00:00+00:00","0.177","0.013","0.0195939"
"2011-03-22 08:30:00+00:00","0.122","0.038","0.02052255"
"2011-03-22 09:00:00+00:00","0.363","0.325","0.02106375"
"2011-03-22 09:30:00+00:00","0.123","0.494","0.0202581"
"2011-03-22 10:00:00+00:00","0.232","0.613","0.020664"
"2011-03-22 10:30:00+00:00","0.247","0.644","0.02138355"
"2011-03-22 11:00:00+00:00","0.3","0.725","0.0228657"
"2011-03-22 11:30:00+00:00","0.191","0.75","0.02304405"
"2011-03-22 12:00:00+00:00","0.188","0.694","0.02167875"
"2011-03-22 12:30:00+00:00","0.236","0.844","0.0229026"
"2011-03-22 13:00:00+00:00","0.289","0.725","0.02133435"
"2011-03-22 13:30:00+00:00","0.2","0.85","0.0230502"
"2011-03-22 14:00:00+00:00","0.264","0.819","0.02235525"
"2011-03-22 14:30:00+00:00","0.196","0.788","0.0215496"
"2011-03-22 15:00:00+00:00","0.158","0.744","0.0235914"
"2011-03-22 15:30:00+00:00","0.284","0.625","0.02465535"
"2011-03-22 16:00:00+00:00","0.319","0.444","0.02383125"
"2011-03-22 16:30:00+00:00","0.245","0.513","0.0255471"
"2011-03-22 17:00:00+00:00","0.214","0.406","0.02204775"
"2011-03-22 17:30:00+00:00","0.245","0.288","0.02129745"
"2011-03-22 18:00:00+00:00","0.467","0.138","0.02006745"
"2011-03-22 18:30:00+00:00","0.341","0.019","0.01956315"
"2011-03-22 19:00:00+00:00","0.265","0.006","0.0213774"
"2011-03-22 19:30:00+00:00","0.134","0.0","0.021156"
"2011-03-22 20:00:00+00:00","0.275","0.0","0.01882515"
"2011-03-22 20:30:00+00:00","0.233","0.0","0.0161991"
"2011-03-22 21:00:00+00:00","0.153","0.0","0.01554105"
"2011-03-22 21:30:00+00:00","0.104","0.0","0.01556565"
"2011-03-22 22:00:00+00:00","0.203","0.0","0.0155595"
"2011-03-22 22:30:00+00:00","0.137","0.0","0.01695555"
"2011-03-22 23:00:00+00:00","0.095","0.0","0.01582395"
"2011-03-22 23:30:00+00:00","0.147","0.0","0.01556565"
"2011-03-23 00:00:00+00:00","0.14","0.0","0.0154857"
"2011-03-23 00:30:00+00:00","0.094","0.0","0.0155103"
"2011-03-23 01:00:00+00:00","0.15","0.0","0.0155595"
"2011-03-23 01:30:00+00:00","0.135","0.0","0.01534425"
"2011-03-23 02:00:00+00:00","0.093","0.0","0.01528275"
"2011-03-23 02:30:00+00:00","0.123","0.0","0.0131364"
"2011-03-23 03:00:00+00:00","0.135","0.0","0.0129027"
"2011-03-23 03:30:00+00:00","0.1","0.0","0.01274895"
"2011-03-23 04:00:00+00:00","0.142","0.0","0.01251525"
"2011-03-23 04:30:00+00:00","0.128","0.0","0.01336395"
"2011-03-23 05:00:00+00:00","0.091","0.0","0.01544265"
"2011-03-23 05:30:00+00:00","0.143","0.0","0.01547955"
"2011-03-23 06:00:00+00:00","0.21","0.0","0.01747215"
"2011-03-23 06:30:00+00:00","0.124","0.0","0.018327"
"2011-03-23 07:00:00+00:00","0.126","0.0","0.01900965"
"2011-03-23 07:30:00+00:00","0.131","0.0","0.0168387"
"2011-03-23 08:00:00+00:00","0.198","0.006","0.01821015"
"2011-03-23 08:30:00+00:00","0.12","0.038","0.0190158"
"2011-03-23 09:00:00+00:00","0.291","0.338","0.01995675"
"2011-03-23 09:30:00+00:00","0.181","0.513","0.0203319"
"2011-03-23 10:00:00+00:00","0.17","0.619","0.0203811"
"2011-03-23 10:30:00+00:00","0.183","0.694","0.0198891"
"2011-03-23 11:00:00+00:00","0.173","0.763","0.019926"
"2011-03-23 11:30:00+00:00","0.077","0.806","0.0199998"
"2011-03-23 12:00:00+00:00","0.09","0.844","0.02064555"
"2011-03-23 12:30:00+00:00","0.179","0.869","0.02129745"
"2011-03-23 13:00:00+00:00","0.119","0.856","0.0208731"
"2011-03-23 13:30:00+00:00","0.296","0.869","0.02083005"
"2011-03-23 14:00:00+00:00","0.234","0.806","0.0207378"
"2011-03-23 14:30:00+00:00","0.224","0.756","0.02043645"
"2011-03-23 15:00:00+00:00","0.234","0.738","0.02070705"
"2011-03-23 15:30:00+00:00","0.252","0.725","0.0209346"
"2011-03-23 16:00:00+00:00","0.226","0.644","0.0212298"
"2011-03-23 16:30:00+00:00","0.246","0.231","0.02118675"
"2011-03-23 17:00:00+00:00","0.234","0.225","0.0208239"
"2011-03-23 17:30:00+00:00","0.262","0.163","0.01786575"
"2011-03-23 18:00:00+00:00","0.196","0.1","0.01609455"
"2011-03-23 18:30:00+00:00","0.226","0.031","0.0160269"
"2011-03-23 19:00:00+00:00","0.244","0.0","0.01807485"
"2011-03-23 19:30:00+00:00","0.349","0.0","0.0176751"
"2011-03-23 20:00:00+00:00","0.319","0.0","0.01635285"
"2011-03-23 20:30:00+00:00","0.375","0.0","0.01592235"
"2011-03-23 21:00:00+00:00","0.221","0.0","0.01556565"
"2011-03-23 21:30:00+00:00","0.248","0.0","0.01570095"
"2011-03-23 22:00:00+00:00","0.206","0.0","0.01552875"
"2011-03-23 22:30:00+00:00","0.16","0.0","0.0159777"
"2011-03-23 23:00:00+00:00","0.865","0.0","0.01555335"
"2011-03-23 23:30:00+00:00","0.216","0.0","0.01556565"
"2011-03-24 00:00:00+00:00","0.194","0.0","0.01549185"
"2011-03-24 00:30:00+00:00","0.133","0.0","0.0159162"
"2011-03-24 01:00:00+00:00","0.141","0.0","0.0154242"
"2011-03-24 01:30:00+00:00","0.157","0.0","0.01531965"
"2011-03-24 02:00:00+00:00","0.098","0.0","0.01514745"
"2011-03-24 02:30:00+00:00","0.136","0.0","0.0134316"
"2011-03-24 03:00:00+00:00","0.183","0.0","0.0118326"
"2011-03-24 03:30:00+00:00","0.115","0.0","0.0122139"
"2011-03-24 04:00:00+00:00","0.104","0.0","0.0121401"
"2011-03-24 04:30:00+00:00","0.163","0.0","0.01493835"
"2011-03-24 05:00:00+00:00","0.133","0.0","0.0154488"
"2011-03-24 05:30:00+00:00","0.085","0.0","0.01615605"
"2011-03-24 06:00:00+00:00","0.147","0.0","0.0156825"
"2011-03-24 06:30:00+00:00","0.143","0.0","0.01728765"
"2011-03-24 07:00:00+00:00","0.224","0.0","0.0183516"
"2011-03-24 07:30:00+00:00","0.159","0.006","0.01556565"
"2011-03-24 08:00:00+00:00","0.121","0.006","0.01556565"
"2011-03-24 08:30:00+00:00","0.151","0.044","0.01571325"
"2011-03-24 09:00:00+00:00","0.194","0.313","0.01700475"
"2011-03-24 09:30:00+00:00","0.134","0.525","0.0163221"
"2011-03-24 10:00:00+00:00","0.139","0.638","0.01622985"
"2011-03-24 10:30:00+00:00","0.144","0.725","0.01597155"
"2011-03-24 11:00:00+00:00","0.072","0.794","0.01704165"
"2011-03-24 11:30:00+00:00","0.146","0.85","0.01556565"
"2011-03-24 12:00:00+00:00","0.143","0.888","0.01562715"
"2011-03-24 12:30:00+00:00","0.084","0.906","0.01610685"
"2011-03-24 13:00:00+00:00","0.33","0.919","0.015867"
"2011-03-24 13:30:00+00:00","0.233","0.85","0.015867"
"2011-03-24 14:00:00+00:00","0.188","0.869","0.0160515"
"2011-03-24 14:30:00+00:00","0.309","0.575","0.01555335"
"2011-03-24 15:00:00+00:00","0.299","0.663","0.01556565"
"2011-03-24 15:30:00+00:00","0.264","0.7","0.01556565"
"2011-03-24 16:00:00+00:00","0.269","0.669","0.01563945"
"2011-03-24 16:30:00+00:00","0.32","0.563","0.01587315"
"2011-03-24 17:00:00+00:00","0.306","0.438","0.0160638"
"2011-03-24 17:30:00+00:00","0.158","0.306","0.01555335"
"2011-03-24 18:00:00+00:00","0.217","0.144","0.01556565"
"2011-03-24 18:30:00+00:00","0.295","0.013","0.01556565"
"2011-03-24 19:00:00+00:00","0.316","0.0","0.01556565"
"2011-03-24 19:30:00+00:00","0.403","0.0","0.01556565"
"2011-03-24 20:00:00+00:00","0.37","0.0","0.01556565"
"2011-03-24 20:30:00+00:00","0.182","0.0","0.0155349"
"2011-03-24 21:00:00+00:00","0.226","0.0","0.0154488"
"2011-03-24 21:30:00+00:00","0.186","0.0","0.01555335"
"2011-03-24 22:00:00+00:00","0.085","0.0","0.0148953"
"2011-03-24 22:30:00+00:00","0.182","0.0","0.01536885"
"2011-03-24 23:00:00+00:00","0.112","0.0","0.01524585"
"2011-03-24 23:30:00+00:00","0.077","0.0","0.01544265"
"2011-03-25 00:00:00+00:00","0.18","0.0","0.0147108"
"2011-03-25 00:30:00+00:00","0.087","0.0","0.0143295"
"2011-03-25 01:00:00+00:00","0.096","0.0","0.0142803"
"2011-03-25 01:30:00+00:00","0.174","0.0","0.01295805"
"2011-03-25 02:00:00+00:00","0.065","0.0","0.0114267"
"2011-03-25 02:30:00+00:00","0.132","0.006","0.01105155"
"2011-03-25 03:00:00+00:00","0.136","0.0","0.0116604"
"2011-03-25 03:30:00+00:00","0.063","0.0","0.01153125"
"2011-03-25 04:00:00+00:00","0.168","0.0","0.0119556"
"2011-03-25 04:30:00+00:00","0.094","0.0","0.0142188"
"2011-03-25 05:00:00+00:00","0.089","0.0","0.01483995"
"2011-03-25 05:30:00+00:00","0.166","0.0","0.01782885"
"2011-03-25 06:00:00+00:00","0.075","0.0","0.017097"
"2011-03-25 06:30:00+00:00","0.142","0.0","0.01798875"
"2011-03-25 07:00:00+00:00","0.272","0.0","0.01871445"
"2011-03-25 07:30:00+00:00","0.094","0.0","0.01672185"
"2011-03-25 08:00:00+00:00","0.174","0.0","0.0168387"
"2011-03-25 08:30:00+00:00","0.123","0.038","0.0175029"
"2011-03-25 09:00:00+00:00","0.124","0.35","0.0175275"
"2011-03-25 09:30:00+00:00","0.15","0.525","0.01757055"
"2011-03-25 10:00:00+00:00","0.073","0.631","0.017343"
"2011-03-25 10:30:00+00:00","0.326","0.719","0.016359"
"2011-03-25 11:00:00+00:00","0.154","0.788","0.0166788"
"2011-03-25 11:30:00+00:00","0.117","0.831","0.01668495"
"2011-03-25 12:00:00+00:00","0.192","0.863","0.01653735"
"2011-03-25 12:30:00+00:00","0.246","0.881","0.01646355"
"2011-03-25 13:00:00+00:00","0.323","0.888","0.01588545"
"2011-03-25 13:30:00+00:00","0.219","0.894","0.0163467"
"2011-03-25 14:00:00+00:00","0.218","0.819","0.01611915"
"2011-03-25 14:30:00+00:00","0.135","0.313","0.0155718"
"2011-03-25 15:00:00+00:00","0.184","0.406","0.01588545"
"2011-03-25 15:30:00+00:00","0.333","0.438","0.0164451"
"2011-03-25 16:00:00+00:00","0.11","0.138","0.016851"
"2011-03-25 16:30:00+00:00","0.133","0.206","0.01694325"
"2011-03-25 17:00:00+00:00","0.172","0.394","0.0163467"
"2011-03-25 17:30:00+00:00","0.126","0.206","0.01556565"
"2011-03-25 18:00:00+00:00","0.198","0.081","0.01556565"
"2011-03-25 18:30:00+00:00","0.215","0.019","0.01556565"
"2011-03-25 19:00:00+00:00","0.192","0.006","0.01572555"
"2011-03-25 19:30:00+00:00","0.405","0.0","0.01556565"
"2011-03-25 20:00:00+00:00","0.426","0.0","0.0155595"
"2011-03-25 20:30:00+00:00","0.323","0.0","0.01556565"
"2011-03-25 21:00:00+00:00","0.205","0.0","0.01555335"
"2011-03-25 21:30:00+00:00","0.079","0.0","0.01591005"
"2011-03-25 22:00:00+00:00","0.168","0.0","0.0155103"
"2011-03-25 22:30:00+00:00","0.184","0.0","0.01686945"
"2011-03-25 23:00:00+00:00","0.095","0.0","0.0160638"
"2011-03-25 23:30:00+00:00","0.989","0.0","0.01570095"
"2011-03-26 00:00:00+00:00","0.144","0.0","0.0155349"
"2011-03-26 00:30:00+00:00","0.064","0.0","0.0144156"
"2011-03-26 01:00:00+00:00","0.175","0.0","0.01324095"
"2011-03-26 01:30:00+00:00","0.115","0.0","0.01287195"
"2011-03-26 02:00:00+00:00","0.078","0.0","0.0105411"
"2011-03-26 02:30:00+00:00","0.18","0.0","0.01071945"
"2011-03-26 03:00:00+00:00","0.085","0.0","0.0125214"
"2011-03-26 03:30:00+00:00","0.105","0.0","0.01187565"
"2011-03-26 04:00:00+00:00","0.168","0.0","0.01159275"
"2011-03-26 04:30:00+00:00","0.081","0.0","0.0122139"
"2011-03-26 05:00:00+00:00","0.136","0.0","0.01218315"
"2011-03-26 05:30:00+00:00","0.141","0.0","0.0124107"
"2011-03-26 06:00:00+00:00","0.072","0.0","0.01533195"
"2011-03-26 06:30:00+00:00","0.16","0.0","0.0155103"
"2011-03-26 07:00:00+00:00","0.258","0.0","0.0155595"
"2011-03-26 07:30:00+00:00","0.263","0.0","0.0154488"
"2011-03-26 08:00:00+00:00","0.213","0.0","0.01565175"
"2011-03-26 08:30:00+00:00","0.08","0.006","0.0157317"
"2011-03-26 09:00:00+00:00","0.135","0.056","0.01561485"
"2011-03-26 09:30:00+00:00","0.327","0.169","0.01556565"
"2011-03-26 10:00:00+00:00","0.079","0.1","0.01554105"
"2011-03-26 10:30:00+00:00","0.124","0.506","0.01556565"
"2011-03-26 11:00:00+00:00","0.137","0.544","0.01556565"
"2011-03-26 11:30:00+00:00","0.058","0.663","0.01556565"
"2011-03-26 12:00:00+00:00","0.281","0.325","0.01556565"
"2011-03-26 12:30:00+00:00","0.189","0.294","0.01556565"
"2011-03-26 13:00:00+00:00","0.114","0.469","0.01554105"
"2011-03-26 13:30:00+00:00","0.22","0.55","0.01546725"
"2011-03-26 14:00:00+00:00","0.222","0.344","0.01552875"
"2011-03-26 14:30:00+00:00","0.188","0.106","0.015498"
"2011-03-26 15:00:00+00:00","0.329","0.269","0.01541805"
"2011-03-26 15:30:00+00:00","0.15","0.413","0.0155103"
"2011-03-26 16:00:00+00:00","0.203","0.7","0.0154488"
"2011-03-26 16:30:00+00:00","0.269","0.506","0.01543035"
"2011-03-26 17:00:00+00:00","0.392","0.263","0.0155595"
"2011-03-26 17:30:00+00:00","0.428","0.094","0.01556565"
"2011-03-26 18:00:00+00:00","0.381","0.038","0.01556565"
"2011-03-26 18:30:00+00:00","0.179","0.013","0.01556565"
"2011-03-26 19:00:00+00:00","0.171","0.0","0.01556565"
"2011-03-26 19:30:00+00:00","0.225","0.0","0.01556565"
"2011-03-26 20:00:00+00:00","0.283","0.0","0.01554105"
"2011-03-26 20:30:00+00:00","0.434","0.0","0.0155103"
"2011-03-26 21:00:00+00:00","0.183","0.0","0.01547955"
"2011-03-26 21:30:00+00:00","0.143","0.0","0.0154857"
"2011-03-26 22:00:00+00:00","0.191","0.0","0.0146247"
"2011-03-26 22:30:00+00:00","0.184","0.0","0.0157317"
"2011-03-26 23:00:00+00:00","0.129","0.0","0.0152397"
"2011-03-26 23:30:00+00:00","0.146","0.0","0.01498755"
"2011-03-27 00:00:00+00:00","0.098","0.0","0.015252"
"2011-03-27 00:30:00+00:00","0.102","0.0","0.01453245"
"2011-03-27 01:00:00+00:00","0.142","0.0","0.0141942"
"2011-03-27 01:30:00+00:00","0.062","0.0","0.0135792"
"2011-03-27 02:00:00+00:00","0.147","0.0","0.01178955"
"2011-03-27 02:30:00+00:00","0.098","0.0","0.0120909"
"2011-03-27 03:00:00+00:00","0.092","0.0","0.01203555"
"2011-03-27 03:30:00+00:00","0.159","0.0","0.011316"
"2011-03-27 04:00:00+00:00","0.057","0.0","0.01178955"
"2011-03-27 04:30:00+00:00","0.147","0.0","0.01201095"
"2011-03-27 05:00:00+00:00","0.091","0.0","0.01208475"
"2011-03-27 05:30:00+00:00","0.086","0.0","0.0122262"
"2011-03-27 06:00:00+00:00","0.146","0.0","0.01209705"
"2011-03-27 06:30:00+00:00","0.062","0.0","0.01212165"
"2011-03-27 07:00:00+00:00","0.163","0.0","0.01217085"
"2011-03-27 07:30:00+00:00","0.099","0.0","0.013284"
"2011-03-27 08:00:00+00:00","0.243","0.019","0.0155103"
"2011-03-27 08:30:00+00:00","0.147","0.05","0.01555335"
"2011-03-27 09:00:00+00:00","0.07","0.131","0.01555335"
"2011-03-27 09:30:00+00:00","0.298","0.263","0.0155595"
"2011-03-27 10:00:00+00:00","0.177","0.219","0.01551645"
"2011-03-27 10:30:00+00:00","0.059","0.15","0.0155595"
"2011-03-27 11:00:00+00:00","0.113","0.244","0.0155349"
"2011-03-27 11:30:00+00:00","0.161","0.725","0.0155595"
"2011-03-27 12:00:00+00:00","0.229","0.513","0.0155595"
"2011-03-27 12:30:00+00:00","0.949","0.213","0.01554105"
"2011-03-27 13:00:00+00:00","1.037","0.25","0.01555335"
"2011-03-27 13:30:00+00:00","1.146","0.769","0.0154857"
"2011-03-27 14:00:00+00:00","0.561","0.806","0.01552875"
"2011-03-27 14:30:00+00:00","0.259","0.819","0.0155103"
"2011-03-27 15:00:00+00:00","0.183","0.794","0.01555335"
"2011-03-27 15:30:00+00:00","0.18","0.719","0.01554105"
"2011-03-27 16:00:00+00:00","0.246","0.638","0.0155595"
"2011-03-27 16:30:00+00:00","0.46","0.488","0.0155595"
"2011-03-27 17:00:00+00:00","0.5","0.419","0.01556565"
"2011-03-27 17:30:00+00:00","0.154","0.163","0.0155841"
"2011-03-27 18:00:00+00:00","0.241","0.031","0.01556565"
"2011-03-27 18:30:00+00:00","0.227","0.019","0.0174414"
"2011-03-27 19:00:00+00:00","0.217","0.006","0.0176505"
"2011-03-27 19:30:00+00:00","0.166","0.0","0.01613145"
"2011-03-27 20:00:00+00:00","0.328","0.0","0.01555335"
"2011-03-27 20:30:00+00:00","0.202","0.0","0.01549185"
"2011-03-27 21:00:00+00:00","0.191","0.0","0.01546725"
"2011-03-27 21:30:00+00:00","0.215","0.0","0.0153135"
"2011-03-27 22:00:00+00:00","0.171","0.0","0.0147846"
"2011-03-27 22:30:00+00:00","0.192","0.0","0.01517205"
"2011-03-27 23:00:00+00:00","0.143","0.0","0.0140589"
"2011-03-27 23:30:00+00:00","0.15","0.0","0.0151905"
"2011-03-28 00:00:00+00:00","0.136","0.0","0.0152889"
"2011-03-28 00:30:00+00:00","0.058","0.0","0.01513515"
"2011-03-28 01:00:00+00:00","0.135","0.0","0.01369605"
"2011-03-28 01:30:00+00:00","0.139","0.0","0.0138375"
"2011-03-28 02:00:00+00:00","0.123","0.0","0.0117219"
"2011-03-28 02:30:00+00:00","0.106","0.0","0.01210935"
"2011-03-28 03:00:00+00:00","0.092","0.0","0.0122016"
"2011-03-28 03:30:00+00:00","0.167","0.0","0.0120909"
"2011-03-28 04:00:00+00:00","0.104","0.0","0.0112053"
"2011-03-28 04:30:00+00:00","0.066","0.0","0.0132594"
"2011-03-28 05:00:00+00:00","0.171","0.0","0.015498"
"2011-03-28 05:30:00+00:00","0.112","0.0","0.01570095"
"2011-03-28 06:00:00+00:00","0.099","0.0","0.0178473"
"2011-03-28 06:30:00+00:00","0.303","0.0","0.0177735"
"2011-03-28 07:00:00+00:00","0.16","0.0","0.0195693"
"2011-03-28 07:30:00+00:00","0.157","0.0","0.01604535"
"2011-03-28 08:00:00+00:00","0.12","0.0","0.01576245"
"2011-03-28 08:30:00+00:00","0.183","0.038","0.0158793"
"2011-03-28 09:00:00+00:00","0.082","0.181","0.0175644"
"2011-03-28 09:30:00+00:00","0.066","0.438","0.01833315"
"2011-03-28 10:00:00+00:00","0.173","0.25","0.0182409"
"2011-03-28 10:30:00+00:00","0.173","0.313","0.0187083"
"2011-03-28 11:00:00+00:00","0.152","0.488","0.0194217"
"2011-03-28 11:30:00+00:00","0.116","0.613","0.0192987"
"2011-03-28 12:00:00+00:00","0.135","0.544","0.0196062"
"2011-03-28 12:30:00+00:00","0.481","0.631","0.0180441"
"2011-03-28 13:00:00+00:00","0.268","0.306","0.01829625"
"2011-03-28 13:30:00+00:00","1.056","0.694","0.0189543"
"2011-03-28 14:00:00+00:00","0.23","0.913","0.018573"
"2011-03-28 14:30:00+00:00","0.175","0.6","0.0180318"
"2011-03-28 15:00:00+00:00","0.163","0.725","0.01696785"
"2011-03-28 15:30:00+00:00","0.205","0.444","0.01647585"
"2011-03-28 16:00:00+00:00","0.333","0.35","0.0163221"
"2011-03-28 16:30:00+00:00","0.147","0.456","0.01618065"
"2011-03-28 17:00:00+00:00","0.198","0.5","0.01661115"
"2011-03-28 17:30:00+00:00","0.224","0.269","0.0155841"
"2011-03-28 18:00:00+00:00","0.168","0.081","0.01556565"
"2011-03-28 18:30:00+00:00","0.253","0.025","0.0165927"
"2011-03-28 19:00:00+00:00","0.187","0.0","0.0168633"
"2011-03-28 19:30:00+00:00","0.136","0.0","0.01555335"
"2011-03-28 20:00:00+00:00","0.331","0.0","0.01546725"
"2011-03-28 20:30:00+00:00","0.227","0.0","0.0155472"
"2011-03-28 21:00:00+00:00","0.163","0.0","0.0155472"
"2011-03-28 21:30:00+00:00","0.105","0.0","0.01555335"
"2011-03-28 22:00:00+00:00","0.207","0.0","0.01471695"
"2011-03-28 22:30:00+00:00","0.094","0.0","0.0162237"
"2011-03-28 23:00:00+00:00","0.08","0.0","0.01541805"
"2011-03-28 23:30:00+00:00","0.183","0.0","0.0156825"
"2011-03-29 00:00:00+00:00","0.078","0.0","0.01543035"
"2011-03-29 00:30:00+00:00","0.1","0.0","0.01522125"
"2011-03-29 01:00:00+00:00","0.159","0.0","0.0152397"
"2011-03-29 01:30:00+00:00","0.055","0.0","0.0144402"
"2011-03-29 02:00:00+00:00","0.137","0.0","0.01333935"
"2011-03-29 02:30:00+00:00","0.126","0.0","0.01196175"
"2011-03-29 03:00:00+00:00","0.066","0.0","0.0125583"
"2011-03-29 03:30:00+00:00","0.163","0.0","0.0122139"
"2011-03-29 04:00:00+00:00","0.083","0.0","0.0125829"
"2011-03-29 04:30:00+00:00","0.096","0.0","0.0154611"
"2011-03-29 05:00:00+00:00","0.151","0.0","0.01567635"
"2011-03-29 05:30:00+00:00","0.066","0.0","0.0187206"
"2011-03-29 06:00:00+00:00","0.137","0.0","0.01851765"
"2011-03-29 06:30:00+00:00","0.135","0.0","0.01802565"
"2011-03-29 07:00:00+00:00","0.209","0.0","0.0191634"
"2011-03-29 07:30:00+00:00","0.152","0.0","0.01670955"
"2011-03-29 08:00:00+00:00","0.14","0.019","0.01637745"
"2011-03-29 08:30:00+00:00","0.182","0.088","0.0161007"
"2011-03-29 09:00:00+00:00","0.122","0.156","0.01706625"
"2011-03-29 09:30:00+00:00","0.1","0.238","0.01731225"
"2011-03-29 10:00:00+00:00","0.108","0.344","0.0174783"
"2011-03-29 10:30:00+00:00","0.103","0.394","0.01662345"
"2011-03-29 11:00:00+00:00","0.125","0.644","0.01555335"
"2011-03-29 11:30:00+00:00","0.107","0.831","0.01556565"
"2011-03-29 12:00:00+00:00","0.112","0.888","0.01599615"
"2011-03-29 12:30:00+00:00","0.111","0.719","0.01556565"
"2011-03-29 13:00:00+00:00","0.12","0.488","0.01556565"
"2011-03-29 13:30:00+00:00","0.12","0.875","0.01556565"
"2011-03-29 14:00:00+00:00","0.113","0.738","0.01556565"
"2011-03-29 14:30:00+00:00","0.116","0.7","0.01556565"
"2011-03-29 15:00:00+00:00","0.125","0.638","0.0161991"
"2011-03-29 15:30:00+00:00","0.119","0.7","0.01658655"
"2011-03-29 16:00:00+00:00","0.105","0.625","0.01556565"
"2011-03-29 16:30:00+00:00","0.124","0.513","0.01556565"
"2011-03-29 17:00:00+00:00","0.132","0.4","0.01556565"
"2011-03-29 17:30:00+00:00","0.096","0.269","0.01591005"
"2011-03-29 18:00:00+00:00","0.128","0.119","0.01555335"
"2011-03-29 18:30:00+00:00","0.137","0.013","0.0156579"
"2011-03-29 19:00:00+00:00","0.132","0.0","0.01566405"
"2011-03-29 19:30:00+00:00","0.179","0.0","0.0155472"
"2011-03-29 20:00:00+00:00","0.394","0.0","0.01551645"
"2011-03-29 20:30:00+00:00","0.162","0.0","0.01552875"
"2011-03-29 21:00:00+00:00","0.112","0.0","0.01550415"
"2011-03-29 21:30:00+00:00","0.201","0.0","0.0155595"
"2011-03-29 22:00:00+00:00","0.095","0.0","0.0150429"
"2011-03-29 22:30:00+00:00","0.122","0.0","0.01597155"
"2011-03-29 23:00:00+00:00","0.162","0.0","0.01541805"
"2011-03-29 23:30:00+00:00","0.059","0.0","0.0155472"
"2011-03-30 00:00:00+00:00","0.146","0.0","0.01529505"
"2011-03-30 00:30:00+00:00","0.125","0.0","0.01534425"
"2011-03-30 01:00:00+00:00","0.06","0.0","0.0152889"
"2011-03-30 01:30:00+00:00","0.181","0.0","0.01541805"
"2011-03-30 02:00:00+00:00","0.09","0.0","0.01512285"
"2011-03-30 02:30:00+00:00","0.095","0.0","0.01320405"
"2011-03-30 03:00:00+00:00","0.172","0.0","0.0144279"
"2011-03-30 03:30:00+00:00","0.064","0.0","0.015252"
"2011-03-30 04:00:00+00:00","0.139","0.0","0.015252"
"2011-03-30 04:30:00+00:00","0.124","0.0","0.01529505"
"2011-03-30 05:00:00+00:00","0.067","0.0","0.01554105"
"2011-03-30 05:30:00+00:00","0.178","0.0","0.01656195"
"2011-03-30 06:00:00+00:00","0.084","0.0","0.01849305"
"2011-03-30 06:30:00+00:00","0.114","0.0","0.01790265"
"2011-03-30 07:00:00+00:00","0.334","0.0","0.01832085"
"2011-03-30 07:30:00+00:00","0.092","0.0","0.01554105"
"2011-03-30 08:00:00+00:00","0.229","0.006","0.01581165"
"2011-03-30 08:30:00+00:00","0.213","0.05","0.01570095"
"2011-03-30 09:00:00+00:00","0.214","0.338","0.01556565"
"2011-03-30 09:30:00+00:00","0.223","0.494","0.01556565"
"2011-03-30 10:00:00+00:00","0.379","0.588","0.01556565"
"2011-03-30 10:30:00+00:00","0.125","0.675","0.01556565"
"2011-03-30 11:00:00+00:00","0.2","0.731","0.01556565"
"2011-03-30 11:30:00+00:00","0.244","0.775","0.0155964"
"2011-03-30 12:00:00+00:00","0.178","0.794","0.0169002"
"2011-03-30 12:30:00+00:00","0.289","0.819","0.0176136"
"2011-03-30 13:00:00+00:00","0.252","0.825","0.01801335"
"2011-03-30 13:30:00+00:00","0.285","0.813","0.0182409"
"2011-03-30 14:00:00+00:00","0.219","0.813","0.01763205"
"2011-03-30 14:30:00+00:00","0.288","0.769","0.0173307"
"2011-03-30 15:00:00+00:00","0.228","0.725","0.01589775"
"2011-03-30 15:30:00+00:00","0.246","0.35","0.0163344"
"2011-03-30 16:00:00+00:00","0.229","0.244","0.01606995"
"2011-03-30 16:30:00+00:00","0.193","0.113","0.01753365"
"2011-03-30 17:00:00+00:00","0.225","0.15","0.0164574"
"2011-03-30 17:30:00+00:00","0.49","0.081","0.01556565"
"2011-03-30 18:00:00+00:00","0.324","0.05","0.01556565"
"2011-03-30 18:30:00+00:00","0.27","0.019","0.0168018"
"2011-03-30 19:00:00+00:00","0.167","0.0","0.01583625"
"2011-03-30 19:30:00+00:00","0.156","0.0","0.0154242"
"2011-03-30 20:00:00+00:00","0.34","0.0","0.01555335"
"2011-03-30 20:30:00+00:00","0.166","0.0","0.01551645"
"2011-03-30 21:00:00+00:00","0.192","0.0","0.01550415"
"2011-03-30 21:30:00+00:00","0.122","0.0","0.01556565"
"2011-03-30 22:00:00+00:00","0.172","0.0","0.0147969"
"2011-03-30 22:30:00+00:00","0.136","0.0","0.01581165"
"2011-03-30 23:00:00+00:00","0.093","0.0","0.01481535"
"2011-03-30 23:30:00+00:00","0.176","0.0","0.0153996"
"2011-03-31 00:00:00+00:00","0.942","0.0","0.01407735"
"2011-03-31 00:30:00+00:00","0.105","0.0","0.01411425"
"2011-03-31 01:00:00+00:00","0.152","0.0","0.0141819"
"2011-03-31 01:30:00+00:00","0.058","0.0","0.01411425"
"2011-03-31 02:00:00+00:00","0.162","0.0","0.01199865"
"2011-03-31 02:30:00+00:00","0.099","0.0","0.01183875"
"2011-03-31 03:00:00+00:00","0.084","0.0","0.01046115"
"2011-03-31 03:30:00+00:00","0.176","0.0","0.01160505"
"2011-03-31 04:00:00+00:00","0.072","0.0","0.0114267"
"2011-03-31 04:30:00+00:00","0.131","0.0","0.01262595"
"2011-03-31 05:00:00+00:00","0.137","0.0","0.01479075"
"2011-03-31 05:30:00+00:00","0.14","0.0","0.0165681"
"2011-03-31 06:00:00+00:00","0.187","0.0","0.01606995"
"2011-03-31 06:30:00+00:00","0.101","0.0","0.01667265"
"2011-03-31 07:00:00+00:00","0.151","0.0","0.0174783"
"2011-03-31 07:30:00+00:00","0.362","0.0","0.01549185"
"2011-03-31 08:00:00+00:00","0.119","0.013","0.01555335"
"2011-03-31 08:30:00+00:00","0.239","0.019","0.01559025"
"2011-03-31 09:00:00+00:00","0.091","0.006","0.01556565"
"2011-03-31 09:30:00+00:00","0.077","0.006","0.0156087"
"2011-03-31 10:00:00+00:00","0.157","0.044","0.01556565"
"2011-03-31 10:30:00+00:00","0.061","0.038","0.01556565"
"2011-03-31 11:00:00+00:00","0.134","0.069","0.01556565"
"2011-03-31 11:30:00+00:00","0.113","0.075","0.0155595"
"2011-03-31 12:00:00+00:00","0.077","0.063","0.015744"
"2011-03-31 12:30:00+00:00","0.136","0.094","0.01556565"
"2011-03-31 13:00:00+00:00","0.083","0.338","0.01556565"
"2011-03-31 13:30:00+00:00","0.116","0.113","0.01555335"
"2011-03-31 14:00:00+00:00","0.122","0.125","0.01556565"
"2011-03-31 14:30:00+00:00","0.086","0.169","0.01556565"
"2011-03-31 15:00:00+00:00","0.116","0.113","0.01556565"
"2011-03-31 15:30:00+00:00","0.113","0.263","0.01577475"
"2011-03-31 16:00:00+00:00","0.103","0.238","0.0152889"
"2011-03-31 16:30:00+00:00","0.243","0.069","0.01556565"
"2011-03-31 17:00:00+00:00","0.177","0.075","0.01556565"
"2011-03-31 17:30:00+00:00","0.121","0.038","0.01555335"
"2011-03-31 18:00:00+00:00","0.146","0.0","0.01556565"
"2011-03-31 18:30:00+00:00","0.208","0.0","0.01556565"
"2011-03-31 19:00:00+00:00","0.204","0.0","0.01555335"
"2011-03-31 19:30:00+00:00","0.247","0.006","0.0155349"
"2011-03-31 20:00:00+00:00","0.422","0.0","0.01554105"
"2011-03-31 20:30:00+00:00","0.234","0.0","0.01549185"
"2011-03-31 21:00:00+00:00","0.2","0.0","0.01550415"
"2011-03-31 21:30:00+00:00","0.107","0.0","0.0155472"
"2011-03-31 22:00:00+00:00","0.191","0.0","0.01511055"
"2011-03-31 22:30:00+00:00","0.102","0.0","0.01536885"
"2011-03-31 23:00:00+00:00","0.107","0.0","0.01392975"
"2011-03-31 23:30:00+00:00","0.161","0.0","0.01550415"
"2011-04-01 00:00:00+00:00","0.062","0.0","0.01524585"
"2011-04-01 00:30:00+00:00","0.177","0.0","0.0152397"
"2011-04-01 01:00:00+00:00","0.077","0.0","0.01408965"
"2011-04-01 01:30:00+00:00","0.115","0.0","0.0132102"
"2011-04-01 02:00:00+00:00","0.137","0.0","0.01123605"
"2011-04-01 02:30:00+00:00","0.062","0.0","0.0118941"
"2011-04-01 03:00:00+00:00","0.184","0.0","0.0117465"
"2011-04-01 03:30:00+00:00","0.06","0.0","0.01158045"
"2011-04-01 04:00:00+00:00","0.134","0.0","0.0118818"
"2011-04-01 04:30:00+00:00","0.119","0.0","0.01343775"
"2011-04-01 05:00:00+00:00","0.067","0.0","0.015006"
"2011-04-01 05:30:00+00:00","0.169","0.0","0.0152889"
"2011-04-01 06:00:00+00:00","0.064","0.0","0.01556565"
"2011-04-01 06:30:00+00:00","0.141","0.0","0.0162729"
"2011-04-01 07:00:00+00:00","0.114","0.0","0.01610685"
"2011-04-01 07:30:00+00:00","0.273","0.0","0.0154611"
"2011-04-01 08:00:00+00:00","0.169","0.013","0.0162483"
"2011-04-01 08:30:00+00:00","0.08","0.056","0.0166911"
"2011-04-01 09:00:00+00:00","0.152","0.294","0.01618065"
"2011-04-01 09:30:00+00:00","0.222","0.413","0.0156333"
"2011-04-01 10:00:00+00:00","0.076","0.425","0.01556565"
"2011-04-01 10:30:00+00:00","0.644","0.638","0.01555335"
"2011-04-01 11:00:00+00:00","0.359","0.763","0.01556565"
"2011-04-01 11:30:00+00:00","0.203","0.538","0.01659885"
"2011-04-01 12:00:00+00:00","0.287","0.3","0.0155595"
"2011-04-01 12:30:00+00:00","0.165","0.35","0.01651275"
"2011-04-01 13:00:00+00:00","0.268","0.456","0.0160146"
"2011-04-01 13:30:00+00:00","0.187","0.313","0.01577475"
"2011-04-01 14:00:00+00:00","0.115","0.275","0.0162114"
"2011-04-01 14:30:00+00:00","0.196","0.519","0.01556565"
"2011-04-01 15:00:00+00:00","0.17","0.581","0.01556565"
"2011-04-01 15:30:00+00:00","0.132","0.438","0.0156579"
"2011-04-01 16:00:00+00:00","0.208","0.55","0.01608225"
"2011-04-01 16:30:00+00:00","0.163","0.444","0.0158547"
"2011-04-01 17:00:00+00:00","0.137","0.188","0.0157809"
"2011-04-01 17:30:00+00:00","0.191","0.169","0.01556565"
"2011-04-01 18:00:00+00:00","0.379","0.106","0.01556565"
"2011-04-01 18:30:00+00:00","0.212","0.006","0.0166542"
"2011-04-01 19:00:00+00:00","0.202","0.0","0.01619295"
"2011-04-01 19:30:00+00:00","0.344","0.0","0.01587315"
"2011-04-01 20:00:00+00:00","0.352","0.0","0.01620525"
"2011-04-01 20:30:00+00:00","0.245","0.0","0.0155472"
"2011-04-01 21:00:00+00:00","0.184","0.0","0.01557795"
"2011-04-01 21:30:00+00:00","0.177","0.0","0.01557795"
"2011-04-01 22:00:00+00:00","0.136","0.0","0.0155226"
"2011-04-01 22:30:00+00:00","0.117","0.0","0.018204"
"2011-04-01 23:00:00+00:00","0.863","0.0","0.01683255"
"2011-04-01 23:30:00+00:00","0.279","0.0","0.0182286"
"2011-04-02 00:00:00+00:00","0.082","0.006","0.018327"
"2011-04-02 00:30:00+00:00","0.154","0.0","0.0160638"
"2011-04-02 01:00:00+00:00","0.088","0.0","0.01551645"
"2011-04-02 01:30:00+00:00","0.091","0.0","0.01539345"
"2011-04-02 02:00:00+00:00","0.175","0.0","0.01479075"
"2011-04-02 02:30:00+00:00","0.056","0.0","0.01427415"
"2011-04-02 03:00:00+00:00","0.135","0.0","0.014883"
"2011-04-02 03:30:00+00:00","0.127","0.0","0.01448325"
"2011-04-02 04:00:00+00:00","0.072","0.0","0.0146985"
"2011-04-02 04:30:00+00:00","0.15","0.0","0.0153381"
"2011-04-02 05:00:00+00:00","0.075","0.0","0.01552875"
"2011-04-02 05:30:00+00:00","0.128","0.0","0.01543035"
"2011-04-02 06:00:00+00:00","0.106","0.0","0.01556565"
"2011-04-02 06:30:00+00:00","0.096","0.0","0.01555335"
"2011-04-02 07:00:00+00:00","0.235","0.0","0.016974"
"2011-04-02 07:30:00+00:00","0.132","0.0","0.01599615"
"2011-04-02 08:00:00+00:00","0.135","0.019","0.0164082"
"2011-04-02 08:30:00+00:00","0.138","0.069","0.02015355"
"2011-04-02 09:00:00+00:00","0.089","0.319","0.0197046"
"2011-04-02 09:30:00+00:00","0.113","0.481","0.0168141"
"2011-04-02 10:00:00+00:00","0.094","0.5","0.01616835"
"2011-04-02 10:30:00+00:00","0.104","0.688","0.01556565"
"2011-04-02 11:00:00+00:00","0.114","0.556","0.01556565"
"2011-04-02 11:30:00+00:00","0.203","0.675","0.01750905"
"2011-04-02 12:00:00+00:00","0.152","0.7","0.01738605"
"2011-04-02 12:30:00+00:00","0.084","0.719","0.0169002"
"2011-04-02 13:00:00+00:00","0.227","0.481","0.01556565"
"2011-04-02 13:30:00+00:00","0.301","0.4","0.01555335"
"2011-04-02 14:00:00+00:00","1.161","0.225","0.01556565"
"2011-04-02 14:30:00+00:00","0.924","0.206","0.01556565"
"2011-04-02 15:00:00+00:00","0.353","0.138","0.01555335"
"2011-04-02 15:30:00+00:00","0.177","0.163","0.01556565"
"2011-04-02 16:00:00+00:00","0.126","0.181","0.01556565"
"2011-04-02 16:30:00+00:00","0.23","0.319","0.01556565"
"2011-04-02 17:00:00+00:00","0.243","0.119","0.01556565"
"2011-04-02 17:30:00+00:00","0.191","0.025","0.01568865"
"2011-04-02 18:00:00+00:00","0.193","0.013","0.01736145"
"2011-04-02 18:30:00+00:00","0.233","0.0","0.019188"
"2011-04-02 19:00:00+00:00","0.219","0.0","0.0185853"
"2011-04-02 19:30:00+00:00","0.44","0.0","0.0160392"
"2011-04-02 20:00:00+00:00","0.176","0.0","0.01555335"
"2011-04-02 20:30:00+00:00","0.187","0.0","0.0155964"
"2011-04-02 21:00:00+00:00","0.177","0.0","0.01563945"
"2011-04-02 21:30:00+00:00","0.166","0.0","0.01556565"
"2011-04-02 22:00:00+00:00","0.12","0.0","0.0155595"
"2011-04-02 22:30:00+00:00","0.137","0.0","0.0155964"
"2011-04-02 23:00:00+00:00","0.092","0.0","0.0152889"
"2011-04-02 23:30:00+00:00","0.114","0.0","0.01556565"
"2011-04-03 00:00:00+00:00","0.142","0.0","0.01497525"
"2011-04-03 00:30:00+00:00","0.066","0.0","0.0152028"
"2011-04-03 01:00:00+00:00","0.155","0.0","0.0152889"
"2011-04-03 01:30:00+00:00","0.114","0.0","0.0153873"
"2011-04-03 02:00:00+00:00","0.062","0.0","0.0138867"
"2011-04-03 02:30:00+00:00","0.276","0.0","0.01265055"
"2011-04-03 03:00:00+00:00","0.228","0.0","0.01218315"
"2011-04-03 03:30:00+00:00","0.059","0.0","0.01217085"
"2011-04-03 04:00:00+00:00","0.148","0.0","0.011931"
"2011-04-03 04:30:00+00:00","0.098","0.0","0.0120171"
"2011-04-03 05:00:00+00:00","0.098","0.0","0.01284735"
"2011-04-03 05:30:00+00:00","0.124","0.0","0.01097775"
"2011-04-03 06:00:00+00:00","0.092","0.0","0.0121401"
"2011-04-03 06:30:00+00:00","0.26","0.0","0.01247835"
"2011-04-03 07:00:00+00:00","0.116","0.025","0.0124353"
"2011-04-03 07:30:00+00:00","0.13","0.075","0.01432335"
"2011-04-03 08:00:00+00:00","0.121","0.163","0.01543035"
"2011-04-03 08:30:00+00:00","0.212","0.431","0.01555335"
"2011-04-03 09:00:00+00:00","0.088","0.538","0.0155472"
"2011-04-03 09:30:00+00:00","0.145","0.675","0.01555335"
"2011-04-03 10:00:00+00:00","0.141","0.738","0.01557795"
"2011-04-03 10:30:00+00:00","0.053","0.8","0.01556565"
"2011-04-03 11:00:00+00:00","0.146","0.838","0.01556565"
"2011-04-03 11:30:00+00:00","0.1","0.763","0.01556565"
"2011-04-03 12:00:00+00:00","0.072","0.825","0.01555335"
"2011-04-03 12:30:00+00:00","0.163","0.85","0.01556565"
"2011-04-03 13:00:00+00:00","0.253","0.825","0.0155472"
"2011-04-03 13:30:00+00:00","0.094","0.788","0.01556565"
"2011-04-03 14:00:00+00:00","0.196","0.738","0.01556565"
"2011-04-03 14:30:00+00:00","0.143","0.669","0.01556565"
"2011-04-03 15:00:00+00:00","0.137","0.581","0.0155595"
"2011-04-03 15:30:00+00:00","0.225","0.481","0.01556565"
"2011-04-03 16:00:00+00:00","0.144","0.369","0.01556565"
"2011-04-03 16:30:00+00:00","0.183","0.244","0.01556565"
"2011-04-03 17:00:00+00:00","0.235","0.1","0.0156579"
"2011-04-03 17:30:00+00:00","0.127","0.006","0.01600845"
"2011-04-03 18:00:00+00:00","0.413","0.0","0.0178842"
"2011-04-03 18:30:00+00:00","0.208","0.0","0.0195816"
"2011-04-03 19:00:00+00:00","0.12","0.0","0.0191142"
"2011-04-03 19:30:00+00:00","0.213","0.0","0.01723845"
"2011-04-03 20:00:00+00:00","0.295","0.0","0.01560255"
"2011-04-03 20:30:00+00:00","0.121","0.0","0.01554105"
"2011-04-03 21:00:00+00:00","0.169","0.0","0.0155472"
"2011-04-03 21:30:00+00:00","0.16","0.0","0.01554105"
"2011-04-03 22:00:00+00:00","0.081","0.0","0.0151905"
"2011-04-03 22:30:00+00:00","0.152","0.0","0.0148338"
"2011-04-03 23:00:00+00:00","0.098","0.0","0.01543035"
"2011-04-03 23:30:00+00:00","0.894","0.0","0.015375"
"2011-04-04 00:00:00+00:00","0.187","0.0","0.0154488"
"2011-04-04 00:30:00+00:00","0.07","0.0","0.01509825"
"2011-04-04 01:00:00+00:00","0.125","0.0","0.0153873"
"2011-04-04 01:30:00+00:00","0.125","0.0","0.0154365"
"2011-04-04 02:00:00+00:00","0.056","0.0","0.0149445"
"2011-04-04 02:30:00+00:00","0.175","0.0","0.015252"
"2011-04-04 03:00:00+00:00","0.073","0.0","0.012423"
"2011-04-04 03:30:00+00:00","0.11","0.0","0.0117465"
"2011-04-04 04:00:00+00:00","0.132","0.0","0.01225695"
"2011-04-04 04:30:00+00:00","0.065","0.0","0.0142434"
"2011-04-04 05:00:00+00:00","0.161","0.0","0.01508595"
"2011-04-04 05:30:00+00:00","0.084","0.0","0.01544265"
"2011-04-04 06:00:00+00:00","0.5","0.0","0.01535655"
"2011-04-04 06:30:00+00:00","0.184","0.0","0.01744755"
"2011-04-04 07:00:00+00:00","0.062","0.006","0.0156087"
"2011-04-04 07:30:00+00:00","0.172","0.0","0.01577475"
"2011-04-04 08:00:00+00:00","0.125","0.013","0.0159408"
"2011-04-04 08:30:00+00:00","0.093","0.05","0.01800105"
"2011-04-04 09:00:00+00:00","0.16","0.275","0.0184254"
"2011-04-04 09:30:00+00:00","0.066","0.569","0.0184254"
"2011-04-04 10:00:00+00:00","0.133","0.619","0.0175644"
"2011-04-04 10:30:00+00:00","0.21","0.563","0.01817325"
"2011-04-04 11:00:00+00:00","0.056","0.319","0.0179211"
"2011-04-04 11:30:00+00:00","0.143","0.275","0.01651275"
"2011-04-04 12:00:00+00:00","0.105","0.544","0.0179088"
"2011-04-04 12:30:00+00:00","0.06","0.725","0.01791495"
"2011-04-04 13:00:00+00:00","0.182","0.738","0.0177366"
"2011-04-04 13:30:00+00:00","0.065","0.794","0.0176259"
"2011-04-04 14:00:00+00:00","0.105","0.769","0.01812405"
"2011-04-04 14:30:00+00:00","0.178","0.7","0.0174537"
"2011-04-04 15:00:00+00:00","0.117","0.619","0.01739835"
"2011-04-04 15:30:00+00:00","0.221","0.506","0.0161253"
"2011-04-04 16:00:00+00:00","0.264","0.381","0.0160392"
"2011-04-04 16:30:00+00:00","0.147","0.194","0.0170355"
"2011-04-04 17:00:00+00:00","0.123","0.05","0.01723845"
"2011-04-04 17:30:00+00:00","0.161","0.025","0.0174537"
"2011-04-04 18:00:00+00:00","0.136","0.0","0.01932945"
"2011-04-04 18:30:00+00:00","0.236","0.0","0.0212421"
"2011-04-04 19:00:00+00:00","0.205","0.0","0.02007975"
"2011-04-04 19:30:00+00:00","0.307","0.0","0.0178227"
"2011-04-04 20:00:00+00:00","0.227","0.0","0.0162114"
"2011-04-04 20:30:00+00:00","0.105","0.0","0.015867"
"2011-04-04 21:00:00+00:00","0.167","0.0","0.0155964"
"2011-04-04 21:30:00+00:00","0.172","0.0","0.0157194"
"2011-04-04 22:00:00+00:00","0.081","0.0","0.01547955"
"2011-04-04 22:30:00+00:00","0.16","0.0","0.01618065"
"2011-04-04 23:00:00+00:00","0.118","0.0","0.01535655"
"2011-04-04 23:30:00+00:00","0.075","0.0","0.01592235"
"2011-04-05 00:00:00+00:00","0.171","0.0","0.01581165"
"2011-04-05 00:30:00+00:00","0.073","0.0","0.01552875"
"2011-04-05 01:00:00+00:00","0.112","0.0","0.01599615"
"2011-04-05 01:30:00+00:00","0.151","0.0","0.01693095"
"2011-04-05 02:00:00+00:00","0.07","0.0","0.01554105"
"2011-04-05 02:30:00+00:00","0.141","0.0","0.01412655"
"2011-04-05 03:00:00+00:00","0.089","0.0","0.014883"
"2011-04-05 03:30:00+00:00","0.12","0.0","0.0149199"
"2011-04-05 04:00:00+00:00","0.113","0.0","0.01452015"
"2011-04-05 04:30:00+00:00","0.113","0.0","0.01513515"
"2011-04-05 05:00:00+00:00","0.086","0.0","0.0146985"
"2011-04-05 05:30:00+00:00","0.139","0.0","0.0153873"
"2011-04-05 06:00:00+00:00","0.089","0.0","0.0155964"
"2011-04-05 06:30:00+00:00","0.128","0.0","0.01742295"
"2011-04-05 07:00:00+00:00","0.298","0.006","0.0165927"
"2011-04-05 07:30:00+00:00","0.133","0.044","0.01668495"
"2011-04-05 08:00:00+00:00","0.151","0.106","0.01837005"
"2011-04-05 08:30:00+00:00","0.049","0.506","0.0182163"
"2011-04-05 09:00:00+00:00","0.149","0.4","0.0180441"
"2011-04-05 09:30:00+00:00","0.075","0.4","0.01824705"
"2011-04-05 10:00:00+00:00","0.102","0.413","0.018573"
"2011-04-05 10:30:00+00:00","0.129","0.538","0.0182655"
"2011-04-05 11:00:00+00:00","0.08","0.456","0.01840695"
"2011-04-05 11:30:00+00:00","0.114","0.5","0.0173307"
"2011-04-05 12:00:00+00:00","0.098","0.425","0.01818555"
"2011-04-05 12:30:00+00:00","0.116","0.769","0.01811175"
"2011-04-05 13:00:00+00:00","0.102","0.769","0.0179826"
"2011-04-05 13:30:00+00:00","0.111","0.625","0.01814865"
"2011-04-05 14:00:00+00:00","0.228","0.681","0.01841925"
"2011-04-05 14:30:00+00:00","0.156","0.419","0.01824705"
"2011-04-05 15:00:00+00:00","0.169","0.206","0.01802565"
"2011-04-05 15:30:00+00:00","0.139","0.206","0.01805025"
"2011-04-05 16:00:00+00:00","0.19","0.244","0.01816095"
"2011-04-05 16:30:00+00:00","0.201","0.169","0.0181056"
"2011-04-05 17:00:00+00:00","0.21","0.038","0.0182655"
"2011-04-05 17:30:00+00:00","0.192","0.006","0.01781655"
"2011-04-05 18:00:00+00:00","0.343","0.0","0.0184869"
"2011-04-05 18:30:00+00:00","0.21","0.0","0.0191511"
"2011-04-05 19:00:00+00:00","0.28","0.0","0.01838235"
"2011-04-05 19:30:00+00:00","0.147","0.0","0.0174291"
"2011-04-05 20:00:00+00:00","0.295","0.0","0.01637745"
"2011-04-05 20:30:00+00:00","0.141","0.0","0.01640205"
"2011-04-05 21:00:00+00:00","0.141","0.0","0.01589775"
"2011-04-05 21:30:00+00:00","0.17","0.0","0.01557795"
"2011-04-05 22:00:00+00:00","0.122","0.0","0.01534425"
"2011-04-05 22:30:00+00:00","0.138","0.0","0.0158301"
"2011-04-05 23:00:00+00:00","0.113","0.0","0.0154488"
"2011-04-05 23:30:00+00:00","0.113","0.0","0.0165804"
"2011-04-06 00:00:00+00:00","0.103","0.0","0.0156456"
"2011-04-06 00:30:00+00:00","0.117","0.0","0.01667265"
"2011-04-06 01:00:00+00:00","0.114","0.0","0.01675875"
"2011-04-06 01:30:00+00:00","0.115","0.0","0.0162729"
"2011-04-06 02:00:00+00:00","0.099","0.0","0.0154857"
"2011-04-06 02:30:00+00:00","0.122","0.0","0.0152643"
"2011-04-06 03:00:00+00:00","0.103","0.0","0.0150429"
"2011-04-06 03:30:00+00:00","0.104","0.0","0.01485225"
"2011-04-06 04:00:00+00:00","0.136","0.0","0.0151536"
"2011-04-06 04:30:00+00:00","0.067","0.0","0.0153873"
"2011-04-06 05:00:00+00:00","0.158","0.0","0.0155472"
"2011-04-06 05:30:00+00:00","0.07","0.0","0.01543035"
"2011-04-06 06:00:00+00:00","0.141","0.0","0.0156702"
"2011-04-06 06:30:00+00:00","0.138","0.0","0.0165558"
"2011-04-06 07:00:00+00:00","0.145","0.013","0.01738605"
"2011-04-06 07:30:00+00:00","0.238","0.05","0.01696785"
"2011-04-06 08:00:00+00:00","0.095","0.106","0.01849305"
"2011-04-06 08:30:00+00:00","0.252","0.05","0.0176997"
"2011-04-06 09:00:00+00:00","0.182","0.1","0.01737375"
"2011-04-06 09:30:00+00:00","0.169","0.225","0.01782885"
"2011-04-06 10:00:00+00:00","0.175","0.531","0.017835"
"2011-04-06 10:30:00+00:00","0.167","0.369","0.017589"
"2011-04-06 11:00:00+00:00","0.142","0.344","0.0169125"
"2011-04-06 11:30:00+00:00","0.174","0.863","0.01675875"
"2011-04-06 12:00:00+00:00","0.103","0.863","0.017343"
"2011-04-06 12:30:00+00:00","0.094","0.731","0.01768125"
"2011-04-06 13:00:00+00:00","0.138","0.781","0.0177981"
"2011-04-06 13:30:00+00:00","0.07","0.656","0.01771815"
"2011-04-06 14:00:00+00:00","0.146","0.519","0.01737375"
"2011-04-06 14:30:00+00:00","0.107","0.313","0.0174537"
"2011-04-06 15:00:00+00:00","0.14","0.388","0.01805025"
"2011-04-06 15:30:00+00:00","0.202","0.381","0.01729995"
"2011-04-06 16:00:00+00:00","0.168","0.275","0.017712"
"2011-04-06 16:30:00+00:00","0.213","0.194","0.01741065"
"2011-04-06 17:00:00+00:00","0.125","0.044","0.01758285"
"2011-04-06 17:30:00+00:00","0.155","0.013","0.01684485"
"2011-04-06 18:00:00+00:00","0.274","0.0","0.0180072"
"2011-04-06 18:30:00+00:00","0.234","0.0","0.01893585"
"2011-04-06 19:00:00+00:00","0.348","0.0","0.01824705"
"2011-04-06 19:30:00+00:00","0.376","0.0","0.01631595"
"2011-04-06 20:00:00+00:00","0.514","0.0","0.01573785"
"2011-04-06 20:30:00+00:00","0.229","0.0","0.01556565"
"2011-04-06 21:00:00+00:00","0.21","0.0","0.0155226"
"2011-04-06 21:30:00+00:00","0.091","0.0","0.0156087"
"2011-04-06 22:00:00+00:00","0.191","0.0","0.01554105"
"2011-04-06 22:30:00+00:00","0.099","0.0","0.016974"
"2011-04-06 23:00:00+00:00","0.709","0.0","0.0159531"
"2011-04-06 23:30:00+00:00","0.431","0.0","0.0164205"
"2011-04-07 00:00:00+00:00","0.058","0.0","0.01621755"
"2011-04-07 00:30:00+00:00","0.127","0.0","0.01641435"
"2011-04-07 01:00:00+00:00","0.123","0.0","0.01555335"
"2011-04-07 01:30:00+00:00","0.073","0.0","0.0161499"
"2011-04-07 02:00:00+00:00","0.162","0.0","0.01544265"
"2011-04-07 02:30:00+00:00","0.071","0.0","0.01471695"
"2011-04-07 03:00:00+00:00","0.13","0.0","0.0127674"
"2011-04-07 03:30:00+00:00","0.111","0.0","0.01237995"
"2011-04-07 04:00:00+00:00","0.09","0.0","0.01250295"
"2011-04-07 04:30:00+00:00","0.143","0.0","0.01277355"
"2011-04-07 05:00:00+00:00","0.072","0.0","0.0150675"
"2011-04-07 05:30:00+00:00","0.136","0.0","0.01524585"
"2011-04-07 06:00:00+00:00","0.125","0.0","0.01518435"
"2011-04-07 06:30:00+00:00","0.302","0.006","0.01577475"
"2011-04-07 07:00:00+00:00","0.169","0.006","0.01556565"
"2011-04-07 07:30:00+00:00","0.137","0.075","0.01636515"
"2011-04-07 08:00:00+00:00","0.122","0.169","0.0168264"
"2011-04-07 08:30:00+00:00","0.102","0.163","0.0176013"
"2011-04-07 09:00:00+00:00","0.168","0.531","0.0173676"
"2011-04-07 09:30:00+00:00","0.109","0.238","0.01680795"
"2011-04-07 10:00:00+00:00","0.09","0.244","0.0171216"
"2011-04-07 10:30:00+00:00","0.116","0.144","0.0182901"
"2011-04-07 11:00:00+00:00","0.078","0.056","0.0176013"
"2011-04-07 11:30:00+00:00","0.118","0.106","0.01845615"
"2011-04-07 12:00:00+00:00","0.098","0.056","0.01857915"
"2011-04-07 12:30:00+00:00","0.094","0.106","0.01803795"
"2011-04-07 13:00:00+00:00","0.125","0.056","0.0181425"
"2011-04-07 13:30:00+00:00","0.072","0.088","0.0182778"
"2011-04-07 14:00:00+00:00","0.127","0.2","0.0179088"
"2011-04-07 14:30:00+00:00","0.098","0.231","0.01806255"
"2011-04-07 15:00:00+00:00","0.101","0.394","0.0176382"
"2011-04-07 15:30:00+00:00","0.113","0.2","0.01764435"
"2011-04-07 16:00:00+00:00","0.1","0.15","0.01824705"
"2011-04-07 16:30:00+00:00","0.168","0.088","0.01824705"
"2011-04-07 17:00:00+00:00","0.413","0.069","0.01818555"
"2011-04-07 17:30:00+00:00","0.132","0.013","0.01786575"
"2011-04-07 18:00:00+00:00","0.217","0.0","0.0188313"
"2011-04-07 18:30:00+00:00","0.347","0.0","0.01953855"
"2011-04-07 19:00:00+00:00","0.176","0.0","0.0191265"
"2011-04-07 19:30:00+00:00","0.189","0.0","0.01839465"
"2011-04-07 20:00:00+00:00","0.146","0.0","0.017589"
"2011-04-07 20:30:00+00:00","0.066","0.0","0.0165066"
"2011-04-07 21:00:00+00:00","0.184","0.0","0.015744"
"2011-04-07 21:30:00+00:00","0.082","0.0","0.0155349"
"2011-04-07 22:00:00+00:00","0.115","0.0","0.01555335"
"2011-04-07 22:30:00+00:00","0.138","0.0","0.01610685"
"2011-04-07 23:00:00+00:00","0.085","0.0","0.01561485"
"2011-04-07 23:30:00+00:00","0.164","0.0","0.01686945"
"2011-04-08 00:00:00+00:00","0.119","0.0","0.017097"
"2011-04-08 00:30:00+00:00","0.118","0.0","0.01556565"
"2011-04-08 01:00:00+00:00","0.116","0.0","0.01579935"
"2011-04-08 01:30:00+00:00","0.125","0.0","0.01598385"
"2011-04-08 02:00:00+00:00","0.087","0.0","0.01512285"
"2011-04-08 02:30:00+00:00","0.141","0.0","0.01454475"
"2011-04-08 03:00:00+00:00","0.083","0.0","0.0145878"
"2011-04-08 03:30:00+00:00","0.134","0.0","0.01139595"
"2011-04-08 04:00:00+00:00","0.11","0.0","0.01138365"
"2011-04-08 04:30:00+00:00","0.083","0.006","0.0125091"
"2011-04-08 05:00:00+00:00","0.152","0.0","0.01327785"
"2011-04-08 05:30:00+00:00","0.064","0.0","0.01534425"
"2011-04-08 06:00:00+00:00","0.165","0.0","0.01512285"
"2011-04-08 06:30:00+00:00","0.083","0.0","0.0156456"
"2011-04-08 07:00:00+00:00","0.358","0.0","0.01556565"
"2011-04-08 07:30:00+00:00","0.125","0.056","0.0159039"
"2011-04-08 08:00:00+00:00","0.109","0.106","0.01763205"
"2011-04-08 08:30:00+00:00","0.204","0.131","0.01809945"
"2011-04-08 09:00:00+00:00","0.068","0.125","0.0176628"
"2011-04-08 09:30:00+00:00","0.198","0.213","0.0180441"
"2011-04-08 10:00:00+00:00","0.174","0.138","0.01809945"
"2011-04-08 10:30:00+00:00","0.113","0.15","0.018696"
"2011-04-08 11:00:00+00:00","0.115","0.338","0.0180933"
"2011-04-08 11:30:00+00:00","0.112","0.625","0.0181548"
"2011-04-08 12:00:00+00:00","0.089","0.175","0.018081"
"2011-04-08 12:30:00+00:00","0.123","0.175","0.01797645"
"2011-04-08 13:00:00+00:00","0.437","0.263","0.01795185"
"2011-04-08 13:30:00+00:00","0.168","0.338","0.0181425"
"2011-04-08 14:00:00+00:00","0.179","0.288","0.01827165"
"2011-04-08 14:30:00+00:00","0.144","0.275","0.01835775"
"2011-04-08 15:00:00+00:00","0.171","0.25","0.01821015"
"2011-04-08 15:30:00+00:00","0.161","0.269","0.0181425"
"2011-04-08 16:00:00+00:00","0.191","0.288","0.0180933"
"2011-04-08 16:30:00+00:00","0.18","0.269","0.01813635"
"2011-04-08 17:00:00+00:00","0.199","0.044","0.018204"
"2011-04-08 17:30:00+00:00","0.215","0.006","0.0178719"
"2011-04-08 18:00:00+00:00","0.132","0.0","0.01811175"
"2011-04-08 18:30:00+00:00","0.219","0.0","0.01822245"
"2011-04-08 19:00:00+00:00","0.299","0.0","0.0176505"
"2011-04-08 19:30:00+00:00","0.393","0.0","0.016113"
"2011-04-08 20:00:00+00:00","0.263","0.0","0.01556565"
"2011-04-08 20:30:00+00:00","0.194","0.0","0.0161253"
"2011-04-08 21:00:00+00:00","0.216","0.0","0.0155964"
"2011-04-08 21:30:00+00:00","0.133","0.0","0.01555335"
"2011-04-08 22:00:00+00:00","0.14","0.0","0.0155595"
"2011-04-08 22:30:00+00:00","0.161","0.0","0.01608225"
"2011-04-08 23:00:00+00:00","0.079","0.0","0.01566405"
"2011-04-08 23:30:00+00:00","0.387","0.0","0.0179211"
"2011-04-09 00:00:00+00:00","0.699","0.0","0.0180441"
"2011-04-09 00:30:00+00:00","0.111","0.0","0.01800105"
"2011-04-09 01:00:00+00:00","0.132","0.0","0.01645125"
"2011-04-09 01:30:00+00:00","0.086","0.0","0.01704165"
"2011-04-09 02:00:00+00:00","0.129","0.0","0.01561485"
"2011-04-09 02:30:00+00:00","0.091","0.0","0.01543035"
"2011-04-09 03:00:00+00:00","0.125","0.0","0.01517205"
"2011-04-09 03:30:00+00:00","0.114","0.0","0.0151905"
"2011-04-09 04:00:00+00:00","0.11","0.0","0.01491375"
"2011-04-09 04:30:00+00:00","0.099","0.0","0.01523355"
"2011-04-09 05:00:00+00:00","0.128","0.0","0.0153381"
"2011-04-09 05:30:00+00:00","0.091","0.0","0.0151782"
"2011-04-09 06:00:00+00:00","0.121","0.0","0.01501215"
"2011-04-09 06:30:00+00:00","0.109","0.0","0.01528275"
"2011-04-09 07:00:00+00:00","0.211","0.0","0.01547955"
"2011-04-09 07:30:00+00:00","0.164","0.05","0.01556565"
"2011-04-09 08:00:00+00:00","0.076","0.35","0.0156948"
"2011-04-09 08:30:00+00:00","0.168","0.506","0.01718925"
"2011-04-09 09:00:00+00:00","0.179","0.606","0.01912035"
"2011-04-09 09:30:00+00:00","0.231","0.688","0.0189666"
"2011-04-09 10:00:00+00:00","0.233","0.75","0.0192864"
"2011-04-09 10:30:00+00:00","0.2","0.794","0.019803"
"2011-04-09 11:00:00+00:00","0.498","0.844","0.01980915"
"2011-04-09 11:30:00+00:00","0.28","0.856","0.0190773"
"2011-04-09 12:00:00+00:00","0.106","0.863","0.01846845"
"2011-04-09 12:30:00+00:00","0.112","0.844","0.01822245"
"2011-04-09 13:00:00+00:00","0.124","0.831","0.01817325"
"2011-04-09 13:30:00+00:00","0.117","0.794","0.01795185"
"2011-04-09 14:00:00+00:00","0.127","0.738","0.01770585"
"2011-04-09 14:30:00+00:00","0.545","0.669","0.01599"
"2011-04-09 15:00:00+00:00","0.468","0.569","0.01780425"
"2011-04-09 15:30:00+00:00","0.308","0.481","0.01840695"
"2011-04-09 16:00:00+00:00","0.301","0.363","0.01886205"
"2011-04-09 16:30:00+00:00","0.189","0.231","0.0181302"
"2011-04-09 17:00:00+00:00","0.259","0.088","0.01821015"
"2011-04-09 17:30:00+00:00","0.185","0.006","0.0178473"
"2011-04-09 18:00:00+00:00","0.352","0.0","0.01878825"
"2011-04-09 18:30:00+00:00","0.314","0.0","0.0209592"
"2011-04-09 19:00:00+00:00","0.188","0.0","0.01931715"
"2011-04-09 19:30:00+00:00","0.194","0.0","0.01854225"
"2011-04-09 20:00:00+00:00","0.169","0.0","0.0170724"
"2011-04-09 20:30:00+00:00","0.196","0.0","0.01698015"
"2011-04-09 21:00:00+00:00","0.317","0.0","0.01779195"
"2011-04-09 21:30:00+00:00","0.159","0.0","0.01643895"
"2011-04-09 22:00:00+00:00","0.295","0.0","0.01595925"
"2011-04-09 22:30:00+00:00","0.161","0.0","0.0165558"
"2011-04-09 23:00:00+00:00","0.263","0.0","0.0183885"
"2011-04-09 23:30:00+00:00","0.157","0.0","0.01961235"
"2011-04-10 00:00:00+00:00","0.09","0.0","0.01787805"
"2011-04-10 00:30:00+00:00","0.149","0.0","0.01654965"
"2011-04-10 01:00:00+00:00","0.093","0.0","0.01579935"
"2011-04-10 01:30:00+00:00","0.116","0.0","0.01560255"
"2011-04-10 02:00:00+00:00","0.146","0.0","0.01562715"
"2011-04-10 02:30:00+00:00","0.082","0.0","0.01524585"
"2011-04-10 03:00:00+00:00","0.144","0.0","0.01493835"
"2011-04-10 03:30:00+00:00","0.098","0.0","0.01337625"
"2011-04-10 04:00:00+00:00","0.12","0.0","0.01192485"
"2011-04-10 04:30:00+00:00","0.135","0.0","0.01363455"
"2011-04-10 05:00:00+00:00","0.089","0.0","0.01364685"
"2011-04-10 05:30:00+00:00","0.136","0.0","0.01183875"
"2011-04-10 06:00:00+00:00","0.094","0.0","0.01133445"
"2011-04-10 06:30:00+00:00","0.258","0.0","0.0121524"
"2011-04-10 07:00:00+00:00","0.184","0.0","0.00951405"
"2011-04-10 07:30:00+00:00","0.116","0.044","0.0123246"
"2011-04-10 08:00:00+00:00","0.274","0.338","0.0146862"
"2011-04-10 08:30:00+00:00","0.438","0.5","0.0155226"
"2011-04-10 09:00:00+00:00","0.127","0.6","0.0155349"
"2011-04-10 09:30:00+00:00","0.169","0.688","0.0155595"
"2011-04-10 10:00:00+00:00","0.263","0.569","0.0155595"
"2011-04-10 10:30:00+00:00","0.179","0.706","0.01555335"
"2011-04-10 11:00:00+00:00","0.199","0.856","0.01555335"
"2011-04-10 11:30:00+00:00","0.209","0.863","0.0155595"
"2011-04-10 12:00:00+00:00","0.2","0.869","0.01540575"
"2011-04-10 12:30:00+00:00","0.202","0.881","0.01552875"
"2011-04-10 13:00:00+00:00","0.281","0.806","0.0155595"
"2011-04-10 13:30:00+00:00","0.329","0.788","0.01528275"
"2011-04-10 14:00:00+00:00","0.109","0.656","0.0154119"
"2011-04-10 14:30:00+00:00","0.186","0.206","0.01531965"
"2011-04-10 15:00:00+00:00","0.242","0.113","0.01511055"
"2011-04-10 15:30:00+00:00","0.117","0.025","0.015375"
"2011-04-10 16:00:00+00:00","0.209","0.0","0.01551645"
"2011-04-10 16:30:00+00:00","0.347","0.0","0.01554105"
"2011-04-10 17:00:00+00:00","0.473","0.0","0.01556565"
"2011-04-10 17:30:00+00:00","0.173","0.0","0.0156702"
"2011-04-10 18:00:00+00:00","0.23","0.0","0.0187083"
"2011-04-10 18:30:00+00:00","0.194","0.0","0.02068245"
"2011-04-10 19:00:00+00:00","0.166","0.0","0.01866525"
"2011-04-10 19:30:00+00:00","0.212","0.0","0.0185238"
"2011-04-10 20:00:00+00:00","0.278","0.0","0.0180318"
"2011-04-10 20:30:00+00:00","0.225","0.0","0.0171831"
"2011-04-10 21:00:00+00:00","0.263","0.0","0.01581165"
"2011-04-10 21:30:00+00:00","0.137","0.0","0.01566405"
"2011-04-10 22:00:00+00:00","0.185","0.0","0.015498"
"2011-04-10 22:30:00+00:00","0.147","0.0","0.01556565"
"2011-04-10 23:00:00+00:00","0.059","0.0","0.01536885"
"2011-04-10 23:30:00+00:00","0.892","0.0","0.0160146"
"2011-04-11 00:00:00+00:00","0.241","0.0","0.01517205"
"2011-04-11 00:30:00+00:00","0.075","0.0","0.0155349"
"2011-04-11 01:00:00+00:00","0.177","0.0","0.0153504"
"2011-04-11 01:30:00+00:00","0.062","0.0","0.0156087"
"2011-04-11 02:00:00+00:00","0.114","0.0","0.01508595"
"2011-04-11 02:30:00+00:00","0.141","0.0","0.015252"
"2011-04-11 03:00:00+00:00","0.071","0.0","0.0150552"
"2011-04-11 03:30:00+00:00","0.137","0.0","0.01528275"
"2011-04-11 04:00:00+00:00","0.101","0.0","0.015375"
"2011-04-11 04:30:00+00:00","0.108","0.0","0.015252"
"2011-04-11 05:00:00+00:00","0.118","0.0","0.0155472"
"2011-04-11 05:30:00+00:00","0.098","0.0","0.01546725"
"2011-04-11 06:00:00+00:00","0.108","0.0","0.0155349"
"2011-04-11 06:30:00+00:00","0.13","0.0","0.01556565"
"2011-04-11 07:00:00+00:00","0.143","0.006","0.0156702"
"2011-04-11 07:30:00+00:00","0.234","0.031","0.015621"
"2011-04-11 08:00:00+00:00","0.187","0.325","0.0170232"
"2011-04-11 08:30:00+00:00","0.095","0.244","0.0184623"
"2011-04-11 09:00:00+00:00","0.11","0.363","0.0181548"
"2011-04-11 09:30:00+00:00","0.128","0.338","0.0196677"
"2011-04-11 10:00:00+00:00","0.084","0.619","0.01937865"
"2011-04-11 10:30:00+00:00","0.122","0.831","0.0192372"
"2011-04-11 11:00:00+00:00","0.089","0.856","0.01968615"
"2011-04-11 11:30:00+00:00","0.19","0.863","0.0183147"
"2011-04-11 12:00:00+00:00","0.189","0.888","0.01851765"
"2011-04-11 12:30:00+00:00","0.307","0.863","0.0181671"
"2011-04-11 13:00:00+00:00","0.245","0.388","0.01823475"
"2011-04-11 13:30:00+00:00","0.327","0.513","0.01837005"
"2011-04-11 14:00:00+00:00","0.191","0.8","0.0183147"
"2011-04-11 14:30:00+00:00","0.257","0.713","0.01814865"
"2011-04-11 15:00:00+00:00","0.397","0.631","0.0180441"
"2011-04-11 15:30:00+00:00","0.219","0.313","0.01808715"
"2011-04-11 16:00:00+00:00","0.099","0.113","0.0176505"
"2011-04-11 16:30:00+00:00","0.165","0.1","0.0181548"
"2011-04-11 17:00:00+00:00","0.236","0.031","0.01818555"
"2011-04-11 17:30:00+00:00","0.187","0.0","0.019311"
"2011-04-11 18:00:00+00:00","0.248","0.0","0.02213385"
"2011-04-11 18:30:00+00:00","0.173","0.0","0.0229887"
"2011-04-11 19:00:00+00:00","0.287","0.0","0.0204918"
"2011-04-11 19:30:00+00:00","0.349","0.0","0.0176997"
"2011-04-11 20:00:00+00:00","0.246","0.0","0.0168264"
"2011-04-11 20:30:00+00:00","0.25","0.0","0.0161745"
"2011-04-11 21:00:00+00:00","0.127","0.0","0.01568865"
"2011-04-11 21:30:00+00:00","0.148","0.0","0.0159162"
"2011-04-11 22:00:00+00:00","0.143","0.0","0.01556565"
"2011-04-11 22:30:00+00:00","0.102","0.0","0.01695555"
"2011-04-11 23:00:00+00:00","0.135","0.0","0.01696785"
"2011-04-11 23:30:00+00:00","0.094","0.0","0.0180933"
"2011-04-12 00:00:00+00:00","0.119","0.0","0.01832085"
"2011-04-12 00:30:00+00:00","0.131","0.0","0.01816095"
"2011-04-12 01:00:00+00:00","0.103","0.006","0.0180318"
"2011-04-12 01:30:00+00:00","0.111","0.0","0.01773045"
"2011-04-12 02:00:00+00:00","0.122","0.0","0.01664805"
"2011-04-12 02:30:00+00:00","0.094","0.0","0.0155226"
"2011-04-12 03:00:00+00:00","0.125","0.0","0.0154365"
"2011-04-12 03:30:00+00:00","0.11","0.0","0.01539345"
"2011-04-12 04:00:00+00:00","0.091","0.0","0.0153381"
"2011-04-12 04:30:00+00:00","0.14","0.0","0.0154119"
"2011-04-12 05:00:00+00:00","0.063","0.0","0.0155226"
"2011-04-12 05:30:00+00:00","0.156","0.0","0.015498"
"2011-04-12 06:00:00+00:00","0.067","0.0","0.01549185"
"2011-04-12 06:30:00+00:00","0.132","0.0","0.01581165"
"2011-04-12 07:00:00+00:00","0.259","0.0","0.01555335"
"2011-04-12 07:30:00+00:00","0.106","0.05","0.015621"
"2011-04-12 08:00:00+00:00","0.233","0.344","0.01579935"
"2011-04-12 08:30:00+00:00","0.15","0.5","0.01587315"
"2011-04-12 09:00:00+00:00","0.12","0.606","0.0161991"
"2011-04-12 09:30:00+00:00","0.087","0.7","0.0166542"
"2011-04-12 10:00:00+00:00","0.111","0.769","0.01648815"
"2011-04-12 10:30:00+00:00","0.237","0.831","0.0165681"
"2011-04-12 11:00:00+00:00","0.206","0.875","0.01630365"
"2011-04-12 11:30:00+00:00","0.2","0.869","0.01556565"
"2011-04-12 12:00:00+00:00","0.17","0.813","0.01573785"
"2011-04-12 12:30:00+00:00","0.496","0.913","0.01556565"
"2011-04-12 13:00:00+00:00","0.27","0.875","0.0160146"
"2011-04-12 13:30:00+00:00","0.147","0.869","0.0164943"
"2011-04-12 14:00:00+00:00","0.145","0.475","0.0165189"
"2011-04-12 14:30:00+00:00","0.185","0.638","0.01657425"
"2011-04-12 15:00:00+00:00","0.156","0.481","0.0164451"
"2011-04-12 15:30:00+00:00","0.131","0.444","0.01658655"
"2011-04-12 16:00:00+00:00","0.198","0.175","0.01602075"
"2011-04-12 16:30:00+00:00","0.185","0.1","0.0165804"
"2011-04-12 17:00:00+00:00","0.195","0.044","0.0166296"
"2011-04-12 17:30:00+00:00","0.209","0.0","0.01742295"
"2011-04-12 18:00:00+00:00","0.196","0.0","0.0187698"
"2011-04-12 18:30:00+00:00","0.264","0.0","0.01921875"
"2011-04-12 19:00:00+00:00","0.23","0.0","0.01862835"
"2011-04-12 19:30:00+00:00","0.331","0.0","0.01663575"
"2011-04-12 20:00:00+00:00","0.244","0.0","0.0158547"
"2011-04-12 20:30:00+00:00","0.15","0.0","0.01554105"
"2011-04-12 21:00:00+00:00","0.17","0.0","0.0155595"
"2011-04-12 21:30:00+00:00","0.162","0.0","0.0155472"
"2011-04-12 22:00:00+00:00","0.079","0.0","0.0155349"
"2011-04-12 22:30:00+00:00","0.318","0.0","0.0160884"
"2011-04-12 23:00:00+00:00","0.791","0.0","0.01557795"
"2011-04-12 23:30:00+00:00","0.119","0.0","0.016113"
"2011-04-13 00:00:00+00:00","0.111","0.0","0.01604535"
"2011-04-13 00:30:00+00:00","0.08","0.0","0.01563945"
"2011-04-13 01:00:00+00:00","0.141","0.0","0.0155595"
"2011-04-13 01:30:00+00:00","0.082","0.0","0.01556565"
"2011-04-13 02:00:00+00:00","0.107","0.0","0.01554105"
"2011-04-13 02:30:00+00:00","0.106","0.0","0.0148092"
"2011-04-13 03:00:00+00:00","0.098","0.0","0.01504905"
"2011-04-13 03:30:00+00:00","0.103","0.0","0.01523355"
"2011-04-13 04:00:00+00:00","0.119","0.0","0.0152274"
"2011-04-13 04:30:00+00:00","0.076","0.0","0.015252"
"2011-04-13 05:00:00+00:00","0.146","0.0","0.01539345"
"2011-04-13 05:30:00+00:00","0.061","0.0","0.0152028"
"2011-04-13 06:00:00+00:00","0.258","0.0","0.01540575"
"2011-04-13 06:30:00+00:00","0.137","0.0","0.0160023"
"2011-04-13 07:00:00+00:00","0.108","0.0","0.01556565"
"2011-04-13 07:30:00+00:00","0.14","0.063","0.01561485"
"2011-04-13 08:00:00+00:00","0.089","0.331","0.0155964"
"2011-04-13 08:30:00+00:00","0.244","0.5","0.01556565"
"2011-04-13 09:00:00+00:00","0.12","0.606","0.01583625"
"2011-04-13 09:30:00+00:00","0.098","0.694","0.0157932"
"2011-04-13 10:00:00+00:00","0.556","0.775","0.01570095"
"2011-04-13 10:30:00+00:00","0.149","0.825","0.0157317"
"2011-04-13 11:00:00+00:00","0.188","0.856","0.0155841"
"2011-04-13 11:30:00+00:00","0.19","0.875","0.01556565"
"2011-04-13 12:00:00+00:00","0.103","0.881","0.0156579"
"2011-04-13 12:30:00+00:00","0.103","0.863","0.019434"
"2011-04-13 13:00:00+00:00","0.114","0.825","0.0173676"
"2011-04-13 13:30:00+00:00","0.088","0.794","0.01630365"
"2011-04-13 14:00:00+00:00","0.122","0.706","0.0164451"
"2011-04-13 14:30:00+00:00","0.114","0.569","0.01594695"
"2011-04-13 15:00:00+00:00","0.088","0.219","0.01546725"
"2011-04-13 15:30:00+00:00","0.123","0.406","0.01598385"
"2011-04-13 16:00:00+00:00","0.1","0.35","0.0157809"
"2011-04-13 16:30:00+00:00","0.148","0.219","0.01645125"
"2011-04-13 17:00:00+00:00","0.265","0.031","0.0178104"
"2011-04-13 17:30:00+00:00","0.4","0.0","0.0190527"
"2011-04-13 18:00:00+00:00","0.276","0.0","0.02352375"
"2011-04-13 18:30:00+00:00","0.301","0.0","0.0299013"
"2011-04-13 19:00:00+00:00","0.734","0.0","0.0218571"
"2011-04-13 19:30:00+00:00","0.485","0.0","0.0194463"
"2011-04-13 20:00:00+00:00","0.414","0.0","0.01693095"
"2011-04-13 20:30:00+00:00","0.32","0.0","0.0161253"
"2011-04-13 21:00:00+00:00","0.274","0.0","0.0155841"
"2011-04-13 21:30:00+00:00","0.218","0.0","0.01556565"
"2011-04-13 22:00:00+00:00","0.173","0.0","0.01556565"
"2011-04-13 22:30:00+00:00","0.231","0.0","0.01642665"
"2011-04-13 23:00:00+00:00","0.151","0.0","0.0156456"
"2011-04-13 23:30:00+00:00","0.171","0.0","0.01684485"
"2011-04-14 00:00:00+00:00","0.124","0.0","0.0164943"
"2011-04-14 00:30:00+00:00","0.124","0.0","0.0181917"
"2011-04-14 01:00:00+00:00","0.217","0.0","0.0173307"
"2011-04-14 01:30:00+00:00","0.119","0.0","0.0180195"
"2011-04-14 02:00:00+00:00","0.15","0.0","0.01631595"
"2011-04-14 02:30:00+00:00","0.142","0.0","0.01551645"
"2011-04-14 03:00:00+00:00","0.173","0.0","0.01524585"
"2011-04-14 03:30:00+00:00","0.15","0.0","0.0153381"
"2011-04-14 04:00:00+00:00","0.095","0.0","0.01460625"
"2011-04-14 04:30:00+00:00","0.22","0.0","0.01547955"
"2011-04-14 05:00:00+00:00","0.094","0.0","0.01550415"
"2011-04-14 05:30:00+00:00","0.147","0.0","0.01556565"
"2011-04-14 06:00:00+00:00","0.159","0.0","0.0157071"
"2011-04-14 06:30:00+00:00","0.157","0.0","0.0178965"
"2011-04-14 07:00:00+00:00","0.292","0.0","0.0171585"
"2011-04-14 07:30:00+00:00","0.117","0.0","0.0155595"
"2011-04-14 08:00:00+00:00","0.246","0.0","0.01581165"
"2011-04-14 08:30:00+00:00","0.156","0.0","0.0162852"
"2011-04-14 09:00:00+00:00","0.2","0.0","0.01683255"
"2011-04-14 09:30:00+00:00","0.294","0.0","0.0171339"
"2011-04-14 10:00:00+00:00","0.128","0.0","0.01695555"
"2011-04-14 10:30:00+00:00","0.162","0.0","0.016851"
"2011-04-14 11:00:00+00:00","0.297","0.0","0.016728"
"2011-04-14 11:30:00+00:00","0.824","0.0","0.0170355"
"2011-04-14 12:00:00+00:00","0.524","0.0","0.01721385"
"2011-04-14 12:30:00+00:00","0.207","0.0","0.01727535"
"2011-04-14 13:00:00+00:00","0.284","0.0","0.0171462"
"2011-04-14 13:30:00+00:00","0.276","0.0","0.017589"
"2011-04-14 14:00:00+00:00","0.318","0.0","0.01798875"
"2011-04-14 14:30:00+00:00","0.264","0.0","0.0178965"
"2011-04-14 15:00:00+00:00","0.229","0.0","0.01737375"
"2011-04-14 15:30:00+00:00","0.236","0.0","0.01739835"
"2011-04-14 16:00:00+00:00","0.264","0.0","0.0173676"
"2011-04-14 16:30:00+00:00","0.213","0.0","0.0169371"
"2011-04-14 17:00:00+00:00","0.185","0.0","0.0172077"
"2011-04-14 17:30:00+00:00","0.291","0.0","0.0171462"
"2011-04-14 18:00:00+00:00","0.147","0.0","0.02000595"
"2011-04-14 18:30:00+00:00","0.326","0.0","0.0229149"
"2011-04-14 19:00:00+00:00","0.266","0.0","0.0203565"
"2011-04-14 19:30:00+00:00","0.274","0.0","0.0190158"
"2011-04-14 20:00:00+00:00","0.379","0.0","0.0170109"
"2011-04-14 20:30:00+00:00","0.214","0.006","0.01603305"
"2011-04-14 21:00:00+00:00","0.267","0.0","0.01561485"
"2011-04-14 21:30:00+00:00","0.19","0.0","0.0155349"
"2011-04-14 22:00:00+00:00","0.217","0.0","0.01555335"
"2011-04-14 22:30:00+00:00","0.114","0.0","0.01764435"
"2011-04-14 23:00:00+00:00","0.171","0.0","0.01667265"
"2011-04-14 23:30:00+00:00","0.163","0.0","0.019311"
"2011-04-15 00:00:00+00:00","0.087","0.0","0.01967385"
"2011-04-15 00:30:00+00:00","0.207","0.0","0.0200244"
"2011-04-15 01:00:00+00:00","0.106","0.0","0.0190527"
"2011-04-15 01:30:00+00:00","0.144","0.0","0.0192249"
"2011-04-15 02:00:00+00:00","0.148","0.0","0.01837005"
"2011-04-15 02:30:00+00:00","0.134","0.0","0.01698015"
"2011-04-15 03:00:00+00:00","0.129","0.0","0.0160392"
"2011-04-15 03:30:00+00:00","0.169","0.0","0.01561485"
"2011-04-15 04:00:00+00:00","0.123","0.0","0.01556565"
"2011-04-15 04:30:00+00:00","0.126","0.0","0.0155595"
"2011-04-15 05:00:00+00:00","0.157","0.0","0.0156456"
"2011-04-15 05:30:00+00:00","0.141","0.0","0.0162606"
"2011-04-15 06:00:00+00:00","0.115","0.0","0.0177612"
"2011-04-15 06:30:00+00:00","0.4","0.0","0.01841925"
"2011-04-15 07:00:00+00:00","0.151","0.019","0.01845"
"2011-04-15 07:30:00+00:00","0.115","0.113","0.01589775"
"2011-04-15 08:00:00+00:00","0.27","0.363","0.01658655"
"2011-04-15 08:30:00+00:00","0.097","0.288","0.01759515"
"2011-04-15 09:00:00+00:00","0.471","0.55","0.0181179"
"2011-04-15 09:30:00+00:00","0.098","0.281","0.01929255"
"2011-04-15 10:00:00+00:00","0.179","0.319","0.01989525"
"2011-04-15 10:30:00+00:00","0.181","0.425","0.0205287"
"2011-04-15 11:00:00+00:00","0.128","0.744","0.0198891"
"2011-04-15 11:30:00+00:00","0.158","0.875","0.0191757"
"2011-04-15 12:00:00+00:00","0.123","0.856","0.0191388"
"2011-04-15 12:30:00+00:00","0.168","0.763","0.018696"
"2011-04-15 13:00:00+00:00","0.111","0.819","0.01846845"
"2011-04-15 13:30:00+00:00","0.164","0.738","0.01782885"
"2011-04-15 14:00:00+00:00","0.14","0.706","0.0177612"
"2011-04-15 14:30:00+00:00","0.144","0.644","0.0176136"
"2011-04-15 15:00:00+00:00","0.144","0.413","0.01739835"
"2011-04-15 15:30:00+00:00","0.176","0.288","0.01753365"
"2011-04-15 16:00:00+00:00","0.103","0.188","0.01759515"
"2011-04-15 16:30:00+00:00","0.17","0.088","0.01770585"
"2011-04-15 17:00:00+00:00","0.145","0.006","0.01782885"
"2011-04-15 17:30:00+00:00","0.113","0.0","0.0188805"
"2011-04-15 18:00:00+00:00","0.196","0.0","0.0203073"
"2011-04-15 18:30:00+00:00","0.082","0.0","0.0201966"
"2011-04-15 19:00:00+00:00","0.729","0.0","0.0189912"
"2011-04-15 19:30:00+00:00","0.307","0.0","0.0179088"
"2011-04-15 20:00:00+00:00","0.292","0.0","0.01664805"
"2011-04-15 20:30:00+00:00","0.304","0.0","0.0159408"
"2011-04-15 21:00:00+00:00","0.227","0.0","0.01587315"
"2011-04-15 21:30:00+00:00","0.16","0.0","0.01606995"
"2011-04-15 22:00:00+00:00","0.466","0.0","0.01613145"
"2011-04-15 22:30:00+00:00","0.217","0.0","0.020172"
"2011-04-15 23:00:00+00:00","0.166","0.0","0.02054715"
"2011-04-15 23:30:00+00:00","0.146","0.0","0.0256332"
"2011-04-16 00:00:00+00:00","0.125","0.0","0.0222753"
"2011-04-16 00:30:00+00:00","0.182","0.0","0.02091"
"2011-04-16 01:00:00+00:00","0.108","0.0","0.02021505"
"2011-04-16 01:30:00+00:00","0.164","0.0","0.02118675"
"2011-04-16 02:00:00+00:00","0.14","0.0","0.0202335"
"2011-04-16 02:30:00+00:00","0.139","0.0","0.018573"
"2011-04-16 03:00:00+00:00","0.158","0.0","0.01759515"
"2011-04-16 03:30:00+00:00","0.114","0.0","0.0179088"
"2011-04-16 04:00:00+00:00","0.172","0.0","0.01827165"
"2011-04-16 04:30:00+00:00","0.115","0.0","0.016728"
"2011-04-16 05:00:00+00:00","0.172","0.0","0.01556565"
"2011-04-16 05:30:00+00:00","0.111","0.0","0.0159408"
"2011-04-16 06:00:00+00:00","0.158","0.0","0.01556565"
"2011-04-16 06:30:00+00:00","0.576","0.0","0.01556565"
"2011-04-16 07:00:00+00:00","0.505","0.0","0.01556565"
"2011-04-16 07:30:00+00:00","0.275","0.0","0.01556565"
"2011-04-16 08:00:00+00:00","0.259","0.006","0.0170478"
"2011-04-16 08:30:00+00:00","0.29","0.013","0.02004285"
"2011-04-16 09:00:00+00:00","0.142","0.019","0.02206005"
"2011-04-16 09:30:00+00:00","0.49","0.006","0.0250674"
"2011-04-16 10:00:00+00:00","0.766","0.019","0.02333925"
"2011-04-16 10:30:00+00:00","0.163","0.056","0.020541"
"2011-04-16 11:00:00+00:00","0.16","0.081","0.01978455"
"2011-04-16 11:30:00+00:00","0.122","0.088","0.0191511"
"2011-04-16 12:00:00+00:00","0.171","0.019","0.0187698"
"2011-04-16 12:30:00+00:00","0.127","0.006","0.0191265"
"2011-04-16 13:00:00+00:00","0.15","0.006","0.01898505"
"2011-04-16 13:30:00+00:00","0.155","0.025","0.0176628"
"2011-04-16 14:00:00+00:00","0.133","0.019","0.0182163"
"2011-04-16 14:30:00+00:00","0.156","0.019","0.01731225"
"2011-04-16 15:00:00+00:00","0.131","0.031","0.01595925"
"2011-04-16 15:30:00+00:00","0.146","0.056","0.0159162"
"2011-04-16 16:00:00+00:00","0.166","0.044","0.01678335"
"2011-04-16 16:30:00+00:00","0.096","0.019","0.01814865"
"2011-04-16 17:00:00+00:00","0.203","0.0","0.0200244"
"2011-04-16 17:30:00+00:00","0.088","0.0","0.0198768"
"2011-04-16 18:00:00+00:00","0.234","0.0","0.0249936"
"2011-04-16 18:30:00+00:00","0.257","0.0","0.02491365"
"2011-04-16 19:00:00+00:00","0.229","0.0","0.02119905"
"2011-04-16 19:30:00+00:00","0.312","0.0","0.01947705"
"2011-04-16 20:00:00+00:00","0.308","0.0","0.0186591"
"2011-04-16 20:30:00+00:00","0.218","0.0","0.018942"
"2011-04-16 21:00:00+00:00","0.226","0.0","0.01787805"
"2011-04-16 21:30:00+00:00","0.1","0.0","0.0180318"
"2011-04-16 22:00:00+00:00","0.2","0.0","0.0191511"
"2011-04-16 22:30:00+00:00","0.141","0.0","0.0203811"
"2011-04-16 23:00:00+00:00","0.114","0.0","0.0195201"
"2011-04-16 23:30:00+00:00","0.173","0.0","0.0213405"
"2011-04-17 00:00:00+00:00","0.14","0.0","0.0195324"
"2011-04-17 00:30:00+00:00","0.096","0.0","0.01896045"
"2011-04-17 01:00:00+00:00","0.178","0.0","0.01782885"
"2011-04-17 01:30:00+00:00","0.111","0.0","0.01860375"
"2011-04-17 02:00:00+00:00","0.126","0.0","0.0178965"
"2011-04-17 02:30:00+00:00","0.19","0.0","0.0169125"
"2011-04-17 03:00:00+00:00","0.061","0.0","0.01586085"
"2011-04-17 03:30:00+00:00","0.2","0.0","0.01555335"
"2011-04-17 04:00:00+00:00","0.118","0.0","0.0155595"
"2011-04-17 04:30:00+00:00","0.109","0.0","0.0155964"
"2011-04-17 05:00:00+00:00","0.173","0.0","0.01555335"
"2011-04-17 05:30:00+00:00","0.093","0.0","0.01555335"
"2011-04-17 06:00:00+00:00","0.166","0.0","0.01550415"
"2011-04-17 06:30:00+00:00","0.127","0.0","0.0155103"
"2011-04-17 07:00:00+00:00","0.345","0.006","0.01530735"
"2011-04-17 07:30:00+00:00","0.137","0.069","0.01442175"
"2011-04-17 08:00:00+00:00","0.139","0.306","0.0155595"
"2011-04-17 08:30:00+00:00","0.178","0.231","0.0157071"
"2011-04-17 09:00:00+00:00","0.142","0.188","0.01556565"
"2011-04-17 09:30:00+00:00","0.176","0.106","0.01598385"
"2011-04-17 10:00:00+00:00","0.076","0.288","0.01716465"
"2011-04-17 10:30:00+00:00","0.158","0.719","0.01854225"
"2011-04-17 11:00:00+00:00","0.132","0.756","0.01817325"
"2011-04-17 11:30:00+00:00","0.094","0.844","0.01602075"
"2011-04-17 12:00:00+00:00","0.201","0.844","0.01613145"
"2011-04-17 12:30:00+00:00","0.058","0.831","0.0155595"
"2011-04-17 13:00:00+00:00","0.182","0.769","0.01556565"
"2011-04-17 13:30:00+00:00","0.127","0.756","0.01556565"
"2011-04-17 14:00:00+00:00","0.101","0.556","0.01556565"
"2011-04-17 14:30:00+00:00","0.183","0.394","0.01554105"
"2011-04-17 15:00:00+00:00","0.124","0.356","0.0155226"
"2011-04-17 15:30:00+00:00","0.158","0.15","0.0155595"
"2011-04-17 16:00:00+00:00","0.287","0.238","0.01551645"
"2011-04-17 16:30:00+00:00","0.409","0.113","0.01556565"
"2011-04-17 17:00:00+00:00","0.251","0.081","0.0155718"
"2011-04-17 17:30:00+00:00","0.261","0.006","0.01714005"
"2011-04-17 18:00:00+00:00","0.357","0.0","0.02052255"
"2011-04-17 18:30:00+00:00","0.308","0.0","0.0284007"
"2011-04-17 19:00:00+00:00","0.318","0.0","0.02432325"
"2011-04-17 19:30:00+00:00","0.284","0.0","0.0188313"
"2011-04-17 20:00:00+00:00","0.347","0.0","0.0163836"
"2011-04-17 20:30:00+00:00","0.231","0.0","0.01597155"
"2011-04-17 21:00:00+00:00","0.229","0.0","0.01682025"
"2011-04-17 21:30:00+00:00","0.234","0.0","0.01563945"
"2011-04-17 22:00:00+00:00","0.181","0.0","0.01600845"
"2011-04-17 22:30:00+00:00","0.157","0.0","0.018081"
"2011-04-17 23:00:00+00:00","0.203","0.0","0.0178596"
"2011-04-17 23:30:00+00:00","0.808","0.0","0.0189666"
"2011-04-18 00:00:00+00:00","0.397","0.0","0.0183024"
"2011-04-18 00:30:00+00:00","0.139","0.0","0.0173184"
"2011-04-18 01:00:00+00:00","0.177","0.0","0.0165681"
"2011-04-18 01:30:00+00:00","0.119","0.0","0.0173676"
"2011-04-18 02:00:00+00:00","0.153","0.0","0.01683255"
"2011-04-18 02:30:00+00:00","0.195","0.0","0.0156333"
"2011-04-18 03:00:00+00:00","0.087","0.0","0.01551645"
"2011-04-18 03:30:00+00:00","0.195","0.0","0.0154734"
"2011-04-18 04:00:00+00:00","0.121","0.0","0.01518435"
"2011-04-18 04:30:00+00:00","0.164","0.0","0.01536885"
"2011-04-18 05:00:00+00:00","0.129","0.0","0.0153873"
"2011-04-18 05:30:00+00:00","0.158","0.0","0.01555335"
"2011-04-18 06:00:00+00:00","0.127","0.0","0.01550415"
"2011-04-18 06:30:00+00:00","0.147","0.0","0.0158178"
"2011-04-18 07:00:00+00:00","0.423","0.006","0.0158916"
"2011-04-18 07:30:00+00:00","0.224","0.081","0.0155349"
"2011-04-18 08:00:00+00:00","0.287","0.344","0.01570095"
"2011-04-18 08:30:00+00:00","0.08","0.475","0.0162114"
"2011-04-18 09:00:00+00:00","0.193","0.581","0.0166173"
"2011-04-18 09:30:00+00:00","0.136","0.663","0.01689405"
"2011-04-18 10:00:00+00:00","0.13","0.725","0.0169617"
"2011-04-18 10:30:00+00:00","0.381","0.731","0.01693095"
"2011-04-18 11:00:00+00:00","0.31","0.844","0.01593465"
"2011-04-18 11:30:00+00:00","0.203","0.775","0.01579935"
"2011-04-18 12:00:00+00:00","0.156","0.544","0.0159039"
"2011-04-18 12:30:00+00:00","0.263","0.319","0.0157809"
"2011-04-18 13:00:00+00:00","0.305","0.569","0.01559025"
"2011-04-18 13:30:00+00:00","0.224","0.731","0.0159654"
"2011-04-18 14:00:00+00:00","0.161","0.663","0.0161868"
"2011-04-18 14:30:00+00:00","0.23","0.45","0.0162606"
"2011-04-18 15:00:00+00:00","0.248","0.35","0.01591005"
"2011-04-18 15:30:00+00:00","0.265","0.294","0.01632825"
"2011-04-18 16:00:00+00:00","0.15","0.169","0.0162237"
"2011-04-18 16:30:00+00:00","0.327","0.144","0.0158301"
"2011-04-18 17:00:00+00:00","0.181","0.038","0.0168018"
"2011-04-18 17:30:00+00:00","0.289","0.0","0.01696785"
"2011-04-18 18:00:00+00:00","0.189","0.0","0.0197046"
"2011-04-18 18:30:00+00:00","0.505","0.0","0.0198645"
"2011-04-18 19:00:00+00:00","0.353","0.0","0.01827165"
"2011-04-18 19:30:00+00:00","0.311","0.0","0.01641435"
"2011-04-18 20:00:00+00:00","0.372","0.0","0.01571325"
"2011-04-18 20:30:00+00:00","0.26","0.0","0.01545495"
"2011-04-18 21:00:00+00:00","0.211","0.0","0.01561485"
"2011-04-18 21:30:00+00:00","0.199","0.0","0.0155472"
"2011-04-18 22:00:00+00:00","0.285","0.0","0.0155595"
"2011-04-18 22:30:00+00:00","0.126","0.0","0.01809945"
"2011-04-18 23:00:00+00:00","0.14","0.0","0.01674645"
"2011-04-18 23:30:00+00:00","0.181","0.0","0.01884975"
"2011-04-19 00:00:00+00:00","0.116","0.0","0.0186714"
"2011-04-19 00:30:00+00:00","0.136","0.0","0.01802565"
"2011-04-19 01:00:00+00:00","0.19","0.0","0.01717695"
"2011-04-19 01:30:00+00:00","0.09","0.0","0.01786575"
"2011-04-19 02:00:00+00:00","0.178","0.0","0.01694325"
"2011-04-19 02:30:00+00:00","0.117","0.0","0.0161868"
"2011-04-19 03:00:00+00:00","0.147","0.0","0.01554105"
"2011-04-19 03:30:00+00:00","0.145","0.0","0.01551645"
"2011-04-19 04:00:00+00:00","0.134","0.0","0.0154365"
"2011-04-19 04:30:00+00:00","0.116","0.0","0.015498"
"2011-04-19 05:00:00+00:00","0.186","0.0","0.01571325"
"2011-04-19 05:30:00+00:00","0.09","0.006","0.0162483"
"2011-04-19 06:00:00+00:00","0.197","0.0","0.0165435"
"2011-04-19 06:30:00+00:00","0.132","0.0","0.0183516"
"2011-04-19 07:00:00+00:00","0.274","0.0","0.0166173"
"2011-04-19 07:30:00+00:00","0.171","0.075","0.01610685"
"2011-04-19 08:00:00+00:00","0.129","0.344","0.0166173"
"2011-04-19 08:30:00+00:00","0.171","0.463","0.01599615"
"2011-04-19 09:00:00+00:00","0.238","0.581","0.0166911"
"2011-04-19 09:30:00+00:00","0.155","0.669","0.0170355"
"2011-04-19 10:00:00+00:00","0.257","0.713","0.01747215"
"2011-04-19 10:30:00+00:00","0.175","0.65","0.01779195"
"2011-04-19 11:00:00+00:00","0.15","0.6","0.01761975"
"2011-04-19 11:30:00+00:00","0.245","0.569","0.01768125"
"2011-04-19 12:00:00+00:00","0.191","0.569","0.01915725"
"2011-04-19 12:30:00+00:00","0.291","0.419","0.0182409"
"2011-04-19 13:00:00+00:00","0.141","0.594","0.01802565"
"2011-04-19 13:30:00+00:00","0.327","0.513","0.01854225"
"2011-04-19 14:00:00+00:00","0.275","0.588","0.01814865"
"2011-04-19 14:30:00+00:00","0.169","0.363","0.01770585"
"2011-04-19 15:00:00+00:00","0.193","0.325","0.0173799"
"2011-04-19 15:30:00+00:00","0.267","0.394","0.01739835"
"2011-04-19 16:00:00+00:00","0.147","0.3","0.0167034"
"2011-04-19 16:30:00+00:00","0.18","0.188","0.01673415"
"2011-04-19 17:00:00+00:00","0.215","0.038","0.0172446"
"2011-04-19 17:30:00+00:00","0.173","0.0","0.0176997"
"2011-04-19 18:00:00+00:00","0.232","0.0","0.0274044"
"2011-04-19 18:30:00+00:00","0.259","0.0","0.0316479"
"2011-04-19 19:00:00+00:00","0.309","0.0","0.0181302"
"2011-04-19 19:30:00+00:00","0.332","0.0","0.01678335"
"2011-04-19 20:00:00+00:00","0.261","0.0","0.015621"
"2011-04-19 20:30:00+00:00","0.233","0.0","0.0163344"
"2011-04-19 21:00:00+00:00","0.223","0.0","0.01615605"
"2011-04-19 21:30:00+00:00","0.184","0.0","0.01581165"
"2011-04-19 22:00:00+00:00","0.163","0.0","0.01552875"
"2011-04-19 22:30:00+00:00","0.542","0.0","0.01824705"
"2011-04-19 23:00:00+00:00","0.613","0.0","0.01715235"
"2011-04-19 23:30:00+00:00","0.103","0.0","0.01952625"
"2011-04-20 00:00:00+00:00","0.177","0.0","0.0201966"
"2011-04-20 00:30:00+00:00","0.099","0.0","0.01856685"
"2011-04-20 01:00:00+00:00","0.147","0.0","0.01811175"
"2011-04-20 01:30:00+00:00","0.168","0.0","0.01813635"
"2011-04-20 02:00:00+00:00","0.08","0.0","0.01817325"
"2011-04-20 02:30:00+00:00","0.206","0.0","0.0160515"
"2011-04-20 03:00:00+00:00","0.081","0.0","0.0156456"
"2011-04-20 03:30:00+00:00","0.159","0.0","0.0154734"
"2011-04-20 04:00:00+00:00","0.142","0.0","0.0155103"
"2011-04-20 04:30:00+00:00","0.095","0.0","0.0154857"
"2011-04-20 05:00:00+00:00","0.179","0.006","0.015498"
"2011-04-20 05:30:00+00:00","0.116","0.0","0.01583625"
"2011-04-20 06:00:00+00:00","0.116","0.0","0.0157932"
"2011-04-20 06:30:00+00:00","0.2","0.0","0.01620525"
"2011-04-20 07:00:00+00:00","0.091","0.013","0.0163344"
"2011-04-20 07:30:00+00:00","0.349","0.038","0.01552875"
"2011-04-20 08:00:00+00:00","0.126","0.244","0.0159654"
"2011-04-20 08:30:00+00:00","0.226","0.313","0.0157317"
"2011-04-20 09:00:00+00:00","0.208","0.188","0.0158916"
"2011-04-20 09:30:00+00:00","0.108","0.369","0.01672185"
"2011-04-20 10:00:00+00:00","0.267","0.256","0.01594695"
"2011-04-20 10:30:00+00:00","0.217","0.238","0.01561485"
"2011-04-20 11:00:00+00:00","0.17","0.238","0.01618065"
"2011-04-20 11:30:00+00:00","0.132","0.125","0.01591005"
"2011-04-20 12:00:00+00:00","0.199","0.156","0.01562715"
"2011-04-20 12:30:00+00:00","0.189","0.069","0.0155103"
"2011-04-20 13:00:00+00:00","0.502","0.113","0.0155595"
"2011-04-20 13:30:00+00:00","0.233","0.294","0.0159039"
"2011-04-20 14:00:00+00:00","0.137","0.263","0.0155718"
"2011-04-20 14:30:00+00:00","0.191","0.144","0.0163467"
"2011-04-20 15:00:00+00:00","0.136","0.088","0.015621"
"2011-04-20 15:30:00+00:00","0.127","0.044","0.0155595"
"2011-04-20 16:00:00+00:00","0.195","0.038","0.0156087"
"2011-04-20 16:30:00+00:00","0.096","0.006","0.01556565"
"2011-04-20 17:00:00+00:00","0.392","0.0","0.01563945"
"2011-04-20 17:30:00+00:00","0.237","0.0","0.0156579"
"2011-04-20 18:00:00+00:00","0.252","0.0","0.0170847"
"2011-04-20 18:30:00+00:00","0.556","0.0","0.01712775"
"2011-04-20 19:00:00+00:00","0.437","0.0","0.0161622"
"2011-04-20 19:30:00+00:00","0.356","0.0","0.0158424"
"2011-04-20 20:00:00+00:00","0.394","0.0","0.0155595"
"2011-04-20 20:30:00+00:00","0.164","0.0","0.0155595"
"2011-04-20 21:00:00+00:00","0.211","0.0","0.01554105"
"2011-04-20 21:30:00+00:00","0.141","0.0","0.0153996"
"2011-04-20 22:00:00+00:00","0.171","0.0","0.0155595"
"2011-04-20 22:30:00+00:00","0.121","0.0","0.01636515"
"2011-04-20 23:00:00+00:00","0.146","0.0","0.01584855"
"2011-04-20 23:30:00+00:00","0.119","0.0","0.01646355"
"2011-04-21 00:00:00+00:00","0.159","0.0","0.0158547"
"2011-04-21 00:30:00+00:00","0.116","0.0","0.01556565"
"2011-04-21 01:00:00+00:00","0.169","0.0","0.0162729"
"2011-04-21 01:30:00+00:00","0.106","0.0","0.01824705"
"2011-04-21 02:00:00+00:00","0.142","0.0","0.01734915"
"2011-04-21 02:30:00+00:00","0.146","0.0","0.0155964"
"2011-04-21 03:00:00+00:00","0.117","0.0","0.0155103"
"2011-04-21 03:30:00+00:00","0.173","0.0","0.01550415"
"2011-04-21 04:00:00+00:00","0.101","0.0","0.0153873"
"2011-04-21 04:30:00+00:00","0.155","0.0","0.01535655"
"2011-04-21 05:00:00+00:00","0.135","0.0","0.01552875"
"2011-04-21 05:30:00+00:00","0.12","0.0","0.0155595"
"2011-04-21 06:00:00+00:00","0.16","0.0","0.01562715"
"2011-04-21 06:30:00+00:00","0.266","0.0","0.01594695"
"2011-04-21 07:00:00+00:00","0.163","0.0","0.0159531"
"2011-04-21 07:30:00+00:00","0.16","0.081","0.01550415"
"2011-04-21 08:00:00+00:00","0.119","0.338","0.0156825"
"2011-04-21 08:30:00+00:00","0.331","0.456","0.0160515"
"2011-04-21 09:00:00+00:00","0.069","0.563","0.01578705"
"2011-04-21 09:30:00+00:00","0.22","0.644","0.01547955"
"2011-04-21 10:00:00+00:00","0.086","0.7","0.0155841"
"2011-04-21 10:30:00+00:00","0.177","0.75","0.01556565"
"2011-04-21 11:00:00+00:00","0.231","0.775","0.01556565"
"2011-04-21 11:30:00+00:00","0.182","0.794","0.0155595"
"2011-04-21 12:00:00+00:00","0.22","0.8","0.0159285"
"2011-04-21 12:30:00+00:00","0.213","0.781","0.01544265"
"2011-04-21 13:00:00+00:00","0.196","0.756","0.0156579"
"2011-04-21 13:30:00+00:00","0.368","0.613","0.01575015"
"2011-04-21 14:00:00+00:00","0.226","0.663","0.01556565"
"2011-04-21 14:30:00+00:00","0.166","0.444","0.0157317"
"2011-04-21 15:00:00+00:00","0.251","0.131","0.01546725"
"2011-04-21 15:30:00+00:00","0.155","0.281","0.01551645"
"2011-04-21 16:00:00+00:00","0.269","0.3","0.01551645"
"2011-04-21 16:30:00+00:00","0.25","0.05","0.01557795"
"2011-04-21 17:00:00+00:00","0.284","0.019","0.0155595"
"2011-04-21 17:30:00+00:00","0.473","0.0","0.01544265"
"2011-04-21 18:00:00+00:00","0.487","0.0","0.0160269"
"2011-04-21 18:30:00+00:00","0.296","0.0","0.0165927"
"2011-04-21 19:00:00+00:00","0.23","0.0","0.0157317"
"2011-04-21 19:30:00+00:00","0.35","0.0","0.01552875"
"2011-04-21 20:00:00+00:00","0.229","0.0","0.0157194"
"2011-04-21 20:30:00+00:00","0.232","0.0","0.01556565"
"2011-04-21 21:00:00+00:00","0.206","0.0","0.0155226"
"2011-04-21 21:30:00+00:00","0.208","0.0","0.01517205"
"2011-04-21 22:00:00+00:00","0.219","0.0","0.0154488"
"2011-04-21 22:30:00+00:00","0.208","0.0","0.01640205"
"2011-04-21 23:00:00+00:00","0.207","0.0","0.0155226"
"2011-04-21 23:30:00+00:00","0.134","0.0","0.0157932"
"2011-04-22 00:00:00+00:00","0.834","0.0","0.0156825"
"2011-04-22 00:30:00+00:00","0.326","0.0","0.01560255"
"2011-04-22 01:00:00+00:00","0.121","0.0","0.01568865"
"2011-04-22 01:30:00+00:00","0.172","0.0","0.0156456"
"2011-04-22 02:00:00+00:00","0.079","0.0","0.0154857"
"2011-04-22 02:30:00+00:00","0.193","0.0","0.01495065"
"2011-04-22 03:00:00+00:00","0.092","0.0","0.0132963"
"2011-04-22 03:30:00+00:00","0.147","0.0","0.0119556"
"2011-04-22 04:00:00+00:00","0.144","0.0","0.01314255"
"2011-04-22 04:30:00+00:00","0.098","0.0","0.01277355"
"2011-04-22 05:00:00+00:00","0.187","0.0","0.0126198"
"2011-04-22 05:30:00+00:00","0.082","0.0","0.0133086"
"2011-04-22 06:00:00+00:00","0.17","0.0","0.01257675"
"2011-04-22 06:30:00+00:00","0.139","0.0","0.01292115"
"2011-04-22 07:00:00+00:00","0.296","0.006","0.0125337"
"2011-04-22 07:30:00+00:00","0.159","0.063","0.01338855"
"2011-04-22 08:00:00+00:00","0.132","0.275","0.0138006"
"2011-04-22 08:30:00+00:00","0.2","0.45","0.0155226"
"2011-04-22 09:00:00+00:00","0.255","0.513","0.01550415"
"2011-04-22 09:30:00+00:00","0.152","0.519","0.0155226"
"2011-04-22 10:00:00+00:00","0.155","0.631","0.0149937"
"2011-04-22 10:30:00+00:00","0.126","0.681","0.01525815"
"2011-04-22 11:00:00+00:00","0.38","0.788","0.0148092"
"2011-04-22 11:30:00+00:00","1.08","0.813","0.01481535"
"2011-04-22 12:00:00+00:00","0.826","0.813","0.0145755"
"2011-04-22 12:30:00+00:00","0.638","0.781","0.01472925"
"2011-04-22 13:00:00+00:00","0.229","0.694","0.0146001"
"2011-04-22 13:30:00+00:00","0.223","0.756","0.0147723"
"2011-04-22 14:00:00+00:00","0.218","0.675","0.01436025"
"2011-04-22 14:30:00+00:00","0.275","0.594","0.0143418"
"2011-04-22 15:00:00+00:00","0.308","0.531","0.01405275"
"2011-04-22 15:30:00+00:00","0.21","0.438","0.0128781"
"2011-04-22 16:00:00+00:00","0.427","0.344","0.0139359"
"2011-04-22 16:30:00+00:00","0.225","0.169","0.0145017"
"2011-04-22 17:00:00+00:00","0.226","0.031","0.01541805"
"2011-04-22 17:30:00+00:00","0.172","0.0","0.0155595"
"2011-04-22 18:00:00+00:00","0.281","0.0","0.01592235"
"2011-04-22 18:30:00+00:00","0.269","0.0","0.0157686"
"2011-04-22 19:00:00+00:00","0.431","0.0","0.01552875"
"2011-04-22 19:30:00+00:00","0.195","0.0","0.01552875"
"2011-04-22 20:00:00+00:00","0.239","0.0","0.0153381"
"2011-04-22 20:30:00+00:00","0.224","0.0","0.01552875"
"2011-04-22 21:00:00+00:00","0.191","0.0","0.01554105"
"2011-04-22 21:30:00+00:00","0.174","0.0","0.0156702"
"2011-04-22 22:00:00+00:00","0.168","0.006","0.015498"
"2011-04-22 22:30:00+00:00","0.124","0.0","0.01567635"
"2011-04-22 23:00:00+00:00","0.183","0.0","0.0155226"
"2011-04-22 23:30:00+00:00","0.111","0.0","0.01597155"
"2011-04-23 00:00:00+00:00","1.041","0.0","0.0155595"
"2011-04-23 00:30:00+00:00","0.135","0.0","0.0155595"
"2011-04-23 01:00:00+00:00","0.129","0.0","0.01562715"
"2011-04-23 01:30:00+00:00","0.137","0.0","0.01584855"
"2011-04-23 02:00:00+00:00","0.157","0.0","0.0154857"
"2011-04-23 02:30:00+00:00","0.101","0.0","0.0153504"
"2011-04-23 03:00:00+00:00","0.179","0.0","0.01527045"
"2011-04-23 03:30:00+00:00","0.089","0.0","0.0151044"
"2011-04-23 04:00:00+00:00","0.157","0.0","0.013161"
"2011-04-23 04:30:00+00:00","0.134","0.0","0.0124968"
"2011-04-23 05:00:00+00:00","0.107","0.0","0.01255215"
"2011-04-23 05:30:00+00:00","0.174","0.0","0.012915"
"2011-04-23 06:00:00+00:00","0.085","0.0","0.01222005"
"2011-04-23 06:30:00+00:00","0.172","0.0","0.0134439"
"2011-04-23 07:00:00+00:00","0.288","0.0","0.0130257"
"2011-04-23 07:30:00+00:00","0.147","0.05","0.0152766"
"2011-04-23 08:00:00+00:00","0.158","0.044","0.0153996"
"2011-04-23 08:30:00+00:00","0.098","0.063","0.0155595"
"2011-04-23 09:00:00+00:00","0.268","0.075","0.01555335"
"2011-04-23 09:30:00+00:00","0.184","0.225","0.0155595"
"2011-04-23 10:00:00+00:00","0.207","0.263","0.0154365"
"2011-04-23 10:30:00+00:00","0.226","0.288","0.0154611"
"2011-04-23 11:00:00+00:00","0.299","0.325","0.01546725"
"2011-04-23 11:30:00+00:00","0.203","0.338","0.01544265"
"2011-04-23 12:00:00+00:00","0.149","0.663","0.01492605"
"2011-04-23 12:30:00+00:00","0.227","0.269","0.0149445"
"2011-04-23 13:00:00+00:00","0.263","0.4","0.01514745"
"2011-04-23 13:30:00+00:00","0.172","0.444","0.0145878"
"2011-04-23 14:00:00+00:00","0.255","0.425","0.01429875"
"2011-04-23 14:30:00+00:00","0.201","0.463","0.0140343"
"2011-04-23 15:00:00+00:00","0.233","0.15","0.01282275"
"2011-04-23 15:30:00+00:00","0.451","0.106","0.01401585"
"2011-04-23 16:00:00+00:00","0.273","0.138","0.0149814"
"2011-04-23 16:30:00+00:00","0.246","0.069","0.0150675"
"2011-04-23 17:00:00+00:00","0.234","0.013","0.01531965"
"2011-04-23 17:30:00+00:00","0.272","0.0","0.0156087"
"2011-04-23 18:00:00+00:00","0.517","0.0","0.0158793"
"2011-04-23 18:30:00+00:00","0.233","0.0","0.01570095"
"2011-04-23 19:00:00+00:00","0.236","0.0","0.0155226"
"2011-04-23 19:30:00+00:00","0.206","0.0","0.01554105"
"2011-04-23 20:00:00+00:00","0.278","0.0","0.0155349"
"2011-04-23 20:30:00+00:00","0.22","0.0","0.01546725"
"2011-04-23 21:00:00+00:00","0.166","0.0","0.0152889"
"2011-04-23 21:30:00+00:00","0.152","0.0","0.0154119"
"2011-04-23 22:00:00+00:00","0.15","0.0","0.0155841"
"2011-04-23 22:30:00+00:00","0.139","0.0","0.0156333"
"2011-04-23 23:00:00+00:00","0.12","0.0","0.01551645"
"2011-04-23 23:30:00+00:00","0.153","0.0","0.0159777"
"2011-04-24 00:00:00+00:00","0.119","0.0","0.0157563"
"2011-04-24 00:30:00+00:00","0.14","0.0","0.0155349"
"2011-04-24 01:00:00+00:00","0.134","0.0","0.01551645"
"2011-04-24 01:30:00+00:00","0.121","0.0","0.01549185"
"2011-04-24 02:00:00+00:00","0.15","0.0","0.01539345"
"2011-04-24 02:30:00+00:00","0.111","0.0","0.0139236"
"2011-04-24 03:00:00+00:00","0.16","0.0","0.01154355"
"2011-04-24 03:30:00+00:00","0.121","0.0","0.01138365"
"2011-04-24 04:00:00+00:00","0.127","0.0","0.0117711"
"2011-04-24 04:30:00+00:00","0.154","0.0","0.0118572"
"2011-04-24 05:00:00+00:00","0.103","0.0","0.01192485"
"2011-04-24 05:30:00+00:00","0.173","0.0","0.01219545"
"2011-04-24 06:00:00+00:00","0.08","0.0","0.01214625"
"2011-04-24 06:30:00+00:00","0.171","0.0","0.01271205"
"2011-04-24 07:00:00+00:00","0.307","0.006","0.01236765"
"2011-04-24 07:30:00+00:00","0.136","0.069","0.01326555"
"2011-04-24 08:00:00+00:00","0.182","0.325","0.01464315"
"2011-04-24 08:30:00+00:00","0.166","0.444","0.0155841"
"2011-04-24 09:00:00+00:00","0.181","0.456","0.01555335"
"2011-04-24 09:30:00+00:00","0.088","0.306","0.0155595"
"2011-04-24 10:00:00+00:00","0.145","0.181","0.01555335"
"2011-04-24 10:30:00+00:00","0.13","0.481","0.0155595"
"2011-04-24 11:00:00+00:00","0.105","0.788","0.0155595"
"2011-04-24 11:30:00+00:00","0.176","0.775","0.0155472"
"2011-04-24 12:00:00+00:00","0.1","0.675","0.0155472"
"2011-04-24 12:30:00+00:00","0.248","0.8","0.01555335"
"2011-04-24 13:00:00+00:00","0.178","0.763","0.01555335"
"2011-04-24 13:30:00+00:00","0.285","0.7","0.0154734"
"2011-04-24 14:00:00+00:00","0.205","0.656","0.0155103"
"2011-04-24 14:30:00+00:00","0.171","0.569","0.01554105"
"2011-04-24 15:00:00+00:00","0.498","0.494","0.0155595"
"2011-04-24 15:30:00+00:00","0.496","0.381","0.0155595"
"2011-04-24 16:00:00+00:00","0.879","0.2","0.0155595"
"2011-04-24 16:30:00+00:00","0.771","0.106","0.01556565"
"2011-04-24 17:00:00+00:00","0.582","0.031","0.0155595"
"2011-04-24 17:30:00+00:00","0.634","0.0","0.01566405"
"2011-04-24 18:00:00+00:00","1.023","0.0","0.01635285"
"2011-04-24 18:30:00+00:00","0.241","0.0","0.01657425"
"2011-04-24 19:00:00+00:00","0.272","0.0","0.0157686"
"2011-04-24 19:30:00+00:00","0.289","0.0","0.0155841"
"2011-04-24 20:00:00+00:00","0.223","0.0","0.01554105"
"2011-04-24 20:30:00+00:00","0.349","0.0","0.0155595"
"2011-04-24 21:00:00+00:00","0.453","0.0","0.01554105"
"2011-04-24 21:30:00+00:00","0.363","0.0","0.0155595"
"2011-04-24 22:00:00+00:00","0.222","0.0","0.01552875"
"2011-04-24 22:30:00+00:00","0.133","0.0","0.0155472"
"2011-04-24 23:00:00+00:00","0.189","0.0","0.01554105"
"2011-04-24 23:30:00+00:00","0.172","0.0","0.01591005"
"2011-04-25 00:00:00+00:00","0.101","0.0","0.0158916"
"2011-04-25 00:30:00+00:00","0.725","0.0","0.0155595"
"2011-04-25 01:00:00+00:00","0.428","0.0","0.0155226"
"2011-04-25 01:30:00+00:00","0.163","0.0","0.0155349"
"2011-04-25 02:00:00+00:00","0.137","0.0","0.01535655"
"2011-04-25 02:30:00+00:00","0.118","0.0","0.0151413"
"2011-04-25 03:00:00+00:00","0.171","0.0","0.0134931"
"2011-04-25 03:30:00+00:00","0.122","0.0","0.01229385"
"2011-04-25 04:00:00+00:00","0.146","0.0","0.01182645"
"2011-04-25 04:30:00+00:00","0.151","0.0","0.01262595"
"2011-04-25 05:00:00+00:00","0.113","0.0","0.0128781"
"2011-04-25 05:30:00+00:00","0.158","0.0","0.01315485"
"2011-04-25 06:00:00+00:00","0.137","0.0","0.01359765"
"2011-04-25 06:30:00+00:00","0.15","0.0","0.01541805"
"2011-04-25 07:00:00+00:00","0.32","0.0","0.01530735"
"2011-04-25 07:30:00+00:00","0.119","0.013","0.0154857"
"2011-04-25 08:00:00+00:00","0.192","0.025","0.0155595"
"2011-04-25 08:30:00+00:00","0.166","0.094","0.01556565"
"2011-04-25 09:00:00+00:00","0.154","0.194","0.0155472"
"2011-04-25 09:30:00+00:00","0.14","0.344","0.0155595"
"2011-04-25 10:00:00+00:00","0.098","0.65","0.01582395"
"2011-04-25 10:30:00+00:00","0.181","0.313","0.0155718"
"2011-04-25 11:00:00+00:00","0.095","0.331","0.0156087"
"2011-04-25 11:30:00+00:00","0.171","0.275","0.0156087"
"2011-04-25 12:00:00+00:00","0.182","0.25","0.01573785"
"2011-04-25 12:30:00+00:00","0.316","0.069","0.01571325"
"2011-04-25 13:00:00+00:00","0.124","0.138","0.01556565"
"2011-04-25 13:30:00+00:00","0.332","0.044","0.01555335"
"2011-04-25 14:00:00+00:00","0.102","0.081","0.01555335"
"2011-04-25 14:30:00+00:00","0.249","0.081","0.0155841"
"2011-04-25 15:00:00+00:00","0.407","0.113","0.01555335"
"2011-04-25 15:30:00+00:00","0.42","0.163","0.01555335"
"2011-04-25 16:00:00+00:00","0.297","0.069","0.01603305"
"2011-04-25 16:30:00+00:00","0.142","0.013","0.01643895"
"2011-04-25 17:00:00+00:00","0.229","0.0","0.01666035"
"2011-04-25 17:30:00+00:00","0.17","0.0","0.01707855"
"2011-04-25 18:00:00+00:00","0.238","0.0","0.0193971"
"2011-04-25 18:30:00+00:00","0.217","0.0","0.0186345"
"2011-04-25 19:00:00+00:00","0.187","0.0","0.01807485"
"2011-04-25 19:30:00+00:00","0.206","0.0","0.01734915"
"2011-04-25 20:00:00+00:00","0.313","0.0","0.0160515"
"2011-04-25 20:30:00+00:00","0.181","0.0","0.0155718"
"2011-04-25 21:00:00+00:00","0.192","0.0","0.01554105"
"2011-04-25 21:30:00+00:00","0.103","0.0","0.0155472"
"2011-04-25 22:00:00+00:00","0.157","0.0","0.0155103"
"2011-04-25 22:30:00+00:00","0.132","0.0","0.0155472"
"2011-04-25 23:00:00+00:00","0.117","0.0","0.01552875"
"2011-04-25 23:30:00+00:00","0.157","0.0","0.01625445"
"2011-04-26 00:00:00+00:00","0.105","0.0","0.0156456"
"2011-04-26 00:30:00+00:00","0.15","0.0","0.015621"
"2011-04-26 01:00:00+00:00","0.121","0.0","0.01581165"
"2011-04-26 01:30:00+00:00","0.137","0.0","0.0159285"
"2011-04-26 02:00:00+00:00","0.125","0.0","0.015498"
"2011-04-26 02:30:00+00:00","0.145","0.0","0.01474155"
"2011-04-26 03:00:00+00:00","0.108","0.0","0.01292115"
"2011-04-26 03:30:00+00:00","0.16","0.0","0.0110208"
"2011-04-26 04:00:00+00:00","0.119","0.0","0.0117588"
"2011-04-26 04:30:00+00:00","0.143","0.0","0.0123"
"2011-04-26 05:00:00+00:00","0.148","0.0","0.01213395"
"2011-04-26 05:30:00+00:00","0.107","0.0","0.0126444"
"2011-04-26 06:00:00+00:00","0.355","0.0","0.0131241"
"2011-04-26 06:30:00+00:00","0.127","0.0","0.0128043"
"2011-04-26 07:00:00+00:00","0.171","0.0","0.01257675"
"2011-04-26 07:30:00+00:00","0.158","0.006","0.0130011"
"2011-04-26 08:00:00+00:00","0.109","0.038","0.0147354"
"2011-04-26 08:30:00+00:00","0.259","0.106","0.01556565"
"2011-04-26 09:00:00+00:00","0.06","0.156","0.0156333"
"2011-04-26 09:30:00+00:00","0.188","0.3","0.0156702"
"2011-04-26 10:00:00+00:00","0.155","0.494","0.0156087"
"2011-04-26 10:30:00+00:00","0.256","0.4","0.015744"
"2011-04-26 11:00:00+00:00","0.232","0.538","0.01563945"
"2011-04-26 11:30:00+00:00","0.096","0.494","0.0155841"
"2011-04-26 12:00:00+00:00","0.172","0.194","0.0155964"
"2011-04-26 12:30:00+00:00","0.164","0.469","0.0156333"
"2011-04-26 13:00:00+00:00","0.125","0.506","0.01559025"
"2011-04-26 13:30:00+00:00","0.12","0.394","0.01555335"
"2011-04-26 14:00:00+00:00","0.208","0.331","0.0155964"
"2011-04-26 14:30:00+00:00","0.377","0.15","0.01556565"
"2011-04-26 15:00:00+00:00","0.196","0.119","0.0155841"
"2011-04-26 15:30:00+00:00","0.159","0.125","0.01560255"
"2011-04-26 16:00:00+00:00","0.5","0.094","0.01567635"
"2011-04-26 16:30:00+00:00","0.371","0.038","0.01656195"
"2011-04-26 17:00:00+00:00","0.246","0.0","0.0178227"
"2011-04-26 17:30:00+00:00","0.231","0.0","0.0197661"
"2011-04-26 18:00:00+00:00","0.223","0.0","0.0215619"
"2011-04-26 18:30:00+00:00","0.279","0.0","0.0211068"
"2011-04-26 19:00:00+00:00","0.204","0.0","0.0182778"
"2011-04-26 19:30:00+00:00","0.214","0.0","0.0181671"
"2011-04-26 20:00:00+00:00","0.262","0.0","0.017097"
"2011-04-26 20:30:00+00:00","0.268","0.0","0.01658655"
"2011-04-26 21:00:00+00:00","0.197","0.0","0.01592235"
"2011-04-26 21:30:00+00:00","0.184","0.0","0.0159531"
"2011-04-26 22:00:00+00:00","0.089","0.0","0.01543035"
"2011-04-26 22:30:00+00:00","0.213","0.0","0.0157932"
"2011-04-26 23:00:00+00:00","0.112","0.0","0.01549185"
"2011-04-26 23:30:00+00:00","0.134","0.0","0.015744"
"2011-04-27 00:00:00+00:00","0.869","0.0","0.0157686"
"2011-04-27 00:30:00+00:00","0.242","0.006","0.0155595"
"2011-04-27 01:00:00+00:00","0.17","0.0","0.0155595"
"2011-04-27 01:30:00+00:00","0.125","0.0","0.01557795"
"2011-04-27 02:00:00+00:00","0.115","0.0","0.01545495"
"2011-04-27 02:30:00+00:00","0.159","0.0","0.0146862"
"2011-04-27 03:00:00+00:00","0.118","0.0","0.01297035"
"2011-04-27 03:30:00+00:00","0.136","0.0","0.0120171"
"2011-04-27 04:00:00+00:00","0.149","0.0","0.0117711"
"2011-04-27 04:30:00+00:00","0.12","0.0","0.01175265"
"2011-04-27 05:00:00+00:00","0.141","0.0","0.0122139"
"2011-04-27 05:30:00+00:00","0.145","0.0","0.0128043"
"2011-04-27 06:00:00+00:00","0.094","0.0","0.01417575"
"2011-04-27 06:30:00+00:00","0.176","0.0","0.01606995"
"2011-04-27 07:00:00+00:00","0.27","0.0","0.01559025"
"2011-04-27 07:30:00+00:00","0.143","0.019","0.01556565"
"2011-04-27 08:00:00+00:00","0.17","0.056","0.0155595"
"2011-04-27 08:30:00+00:00","0.104","0.069","0.0155349"
"2011-04-27 09:00:00+00:00","0.211","0.3","0.0155472"
"2011-04-27 09:30:00+00:00","0.379","0.431","0.0155595"
"2011-04-27 10:00:00+00:00","0.303","0.519","0.0155595"
"2011-04-27 10:30:00+00:00","0.363","0.281","0.0155718"
"2011-04-27 11:00:00+00:00","0.208","0.663","0.01559025"
"2011-04-27 11:30:00+00:00","0.165","0.544","0.01566405"
"2011-04-27 12:00:00+00:00","0.182","0.313","0.01570095"
"2011-04-27 12:30:00+00:00","0.178","0.45","0.01563945"
"2011-04-27 13:00:00+00:00","0.285","0.225","0.01556565"
"2011-04-27 13:30:00+00:00","0.167","0.4","0.0155718"
"2011-04-27 14:00:00+00:00","0.171","0.363","0.01556565"
"2011-04-27 14:30:00+00:00","0.222","0.175","0.0155841"
"2011-04-27 15:00:00+00:00","0.163","0.281","0.0155718"
"2011-04-27 15:30:00+00:00","0.186","0.05","0.01556565"
"2011-04-27 16:00:00+00:00","0.178","0.044","0.0155841"
"2011-04-27 16:30:00+00:00","0.626","0.006","0.01556565"
"2011-04-27 17:00:00+00:00","0.626","0.0","0.01578705"
"2011-04-27 17:30:00+00:00","0.963","0.0","0.01599615"
"2011-04-27 18:00:00+00:00","1.074","0.0","0.0174414"
"2011-04-27 18:30:00+00:00","0.939","0.0","0.01737375"
"2011-04-27 19:00:00+00:00","0.253","0.0","0.0161622"
"2011-04-27 19:30:00+00:00","0.276","0.0","0.0154365"
"2011-04-27 20:00:00+00:00","0.569","0.0","0.0155595"
"2011-04-27 20:30:00+00:00","0.158","0.0","0.0155472"
"2011-04-27 21:00:00+00:00","0.193","0.0","0.01541805"
"2011-04-27 21:30:00+00:00","0.154","0.0","0.0154242"
"2011-04-27 22:00:00+00:00","0.105","0.0","0.0153381"
"2011-04-27 22:30:00+00:00","0.195","0.0","0.01578705"
"2011-04-27 23:00:00+00:00","0.072","0.0","0.0155103"
"2011-04-27 23:30:00+00:00","1.019","0.0","0.015621"
"2011-04-28 00:00:00+00:00","0.141","0.0","0.0152766"
"2011-04-28 00:30:00+00:00","0.117","0.0","0.0154857"
"2011-04-28 01:00:00+00:00","0.164","0.0","0.0154365"
"2011-04-28 01:30:00+00:00","0.103","0.0","0.01547955"
"2011-04-28 02:00:00+00:00","0.16","0.0","0.0152766"
"2011-04-28 02:30:00+00:00","0.12","0.0","0.01356075"
"2011-04-28 03:00:00+00:00","0.127","0.0","0.0089175"
"2011-04-28 03:30:00+00:00","0.134","0.0","0.00875145"
"2011-04-28 04:00:00+00:00","0.137","0.0","0.01053495"
"2011-04-28 04:30:00+00:00","0.133","0.0","0.01201095"
"2011-04-28 05:00:00+00:00","0.136","0.0","0.01258905"
"2011-04-28 05:30:00+00:00","0.133","0.0","0.0143172"
"2011-04-28 06:00:00+00:00","0.098","0.0","0.01538115"
"2011-04-28 06:30:00+00:00","0.184","0.0","0.01573785"
"2011-04-28 07:00:00+00:00","0.116","0.0","0.0156579"
"2011-04-28 07:30:00+00:00","0.287","0.025","0.01556565"
"2011-04-28 08:00:00+00:00","0.213","0.106","0.01555335"
"2011-04-28 08:30:00+00:00","0.075","0.369","0.0155595"
"2011-04-28 09:00:00+00:00","0.194","0.406","0.0154611"
"2011-04-28 09:30:00+00:00","0.087","0.45","0.01556565"
"2011-04-28 10:00:00+00:00","0.136","0.363","0.0156579"
"2011-04-28 10:30:00+00:00","0.163","0.694","0.01556565"
"2011-04-28 11:00:00+00:00","0.061","0.569","0.01556565"
"2011-04-28 11:30:00+00:00","0.2","0.6","0.0159408"
"2011-04-28 12:00:00+00:00","0.229","0.519","0.0156825"
"2011-04-28 12:30:00+00:00","0.234","0.756","0.0154734"
"2011-04-28 13:00:00+00:00","0.39","0.256","0.0154857"
"2011-04-28 13:30:00+00:00","0.242","0.156","0.0155595"
"2011-04-28 14:00:00+00:00","0.462","0.094","0.01560255"
"2011-04-28 14:30:00+00:00","0.221","0.363","0.0156702"
"2011-04-28 15:00:00+00:00","0.242","0.356","0.01554105"
"2011-04-28 15:30:00+00:00","0.13","0.088","0.0155595"
"2011-04-28 16:00:00+00:00","0.274","0.1","0.0155595"
"2011-04-28 16:30:00+00:00","0.254","0.075","0.01555335"
"2011-04-28 17:00:00+00:00","0.187","0.013","0.01556565"
"2011-04-28 17:30:00+00:00","0.222","0.0","0.0155964"
"2011-04-28 18:00:00+00:00","0.391","0.0","0.0177366"
"2011-04-28 18:30:00+00:00","0.269","0.0","0.01695555"
"2011-04-28 19:00:00+00:00","0.247","0.0","0.0158547"
"2011-04-28 19:30:00+00:00","0.319","0.0","0.01554105"
"2011-04-28 20:00:00+00:00","0.252","0.0","0.0155595"
"2011-04-28 20:30:00+00:00","0.182","0.0","0.0155595"
"2011-04-28 21:00:00+00:00","0.226","0.0","0.01562715"
"2011-04-28 21:30:00+00:00","0.153","0.0","0.0154734"
"2011-04-28 22:00:00+00:00","0.149","0.0","0.01550415"
"2011-04-28 22:30:00+00:00","0.121","0.0","0.0158547"
"2011-04-28 23:00:00+00:00","0.131","0.0","0.0155226"
"2011-04-28 23:30:00+00:00","0.156","0.0","0.0157563"
"2011-04-29 00:00:00+00:00","0.093","0.0","0.01559025"
"2011-04-29 00:30:00+00:00","0.178","0.0","0.0155595"
"2011-04-29 01:00:00+00:00","0.098","0.0","0.0155595"
"2011-04-29 01:30:00+00:00","0.148","0.0","0.01586085"
"2011-04-29 02:00:00+00:00","0.164","0.0","0.0154242"
"2011-04-29 02:30:00+00:00","0.078","0.0","0.01448325"
"2011-04-29 03:00:00+00:00","0.187","0.0","0.0117711"
"2011-04-29 03:30:00+00:00","0.101","0.0","0.0111561"
"2011-04-29 04:00:00+00:00","0.136","0.0","0.0117219"
"2011-04-29 04:30:00+00:00","0.147","0.0","0.0117096"
"2011-04-29 05:00:00+00:00","0.099","0.0","0.0124107"
"2011-04-29 05:30:00+00:00","0.154","0.0","0.01301955"
"2011-04-29 06:00:00+00:00","0.135","0.0","0.01386825"
"2011-04-29 06:30:00+00:00","0.124","0.006","0.0156702"
"2011-04-29 07:00:00+00:00","0.183","0.0","0.0155595"
"2011-04-29 07:30:00+00:00","0.124","0.081","0.01570095"
"2011-04-29 08:00:00+00:00","0.132","0.238","0.0155349"
"2011-04-29 08:30:00+00:00","0.148","0.319","0.0155595"
"2011-04-29 09:00:00+00:00","0.252","0.238","0.0155595"
"2011-04-29 09:30:00+00:00","0.219","0.219","0.0155472"
"2011-04-29 10:00:00+00:00","0.131","0.381","0.0155472"
"2011-04-29 10:30:00+00:00","0.114","0.469","0.01556565"
"2011-04-29 11:00:00+00:00","0.16","0.519","0.0156579"
"2011-04-29 11:30:00+00:00","0.09","0.688","0.01566405"
"2011-04-29 12:00:00+00:00","0.148","0.681","0.01555335"
"2011-04-29 12:30:00+00:00","0.14","0.775","0.01557795"
"2011-04-29 13:00:00+00:00","0.114","0.725","0.0155718"
"2011-04-29 13:30:00+00:00","0.17","0.731","0.01556565"
"2011-04-29 14:00:00+00:00","0.375","0.619","0.01556565"
"2011-04-29 14:30:00+00:00","0.088","0.363","0.01556565"
"2011-04-29 15:00:00+00:00","0.24","0.406","0.01575015"
"2011-04-29 15:30:00+00:00","0.187","0.238","0.0156702"
"2011-04-29 16:00:00+00:00","0.181","0.275","0.0155595"
"2011-04-29 16:30:00+00:00","0.263","0.044","0.0155595"
"2011-04-29 17:00:00+00:00","0.294","0.006","0.01583625"
"2011-04-29 17:30:00+00:00","0.171","0.0","0.01610685"
"2011-04-29 18:00:00+00:00","0.352","0.0","0.0179826"
"2011-04-29 18:30:00+00:00","0.256","0.0","0.0176874"
"2011-04-29 19:00:00+00:00","0.299","0.0","0.01728765"
"2011-04-29 19:30:00+00:00","0.253","0.0","0.0162114"
"2011-04-29 20:00:00+00:00","0.189","0.0","0.01557795"
"2011-04-29 20:30:00+00:00","0.198","0.0","0.0155718"
"2011-04-29 21:00:00+00:00","0.339","0.0","0.01571325"
"2011-04-29 21:30:00+00:00","0.213","0.0","0.01554105"
"2011-04-29 22:00:00+00:00","0.176","0.0","0.01593465"
"2011-04-29 22:30:00+00:00","0.157","0.0","0.01806255"
"2011-04-29 23:00:00+00:00","0.144","0.0","0.0176382"
"2011-04-29 23:30:00+00:00","0.125","0.0","0.01877595"
"2011-04-30 00:00:00+00:00","0.179","0.0","0.01840695"
"2011-04-30 00:30:00+00:00","0.716","0.0","0.01789035"
"2011-04-30 01:00:00+00:00","0.428","0.0","0.0181548"
"2011-04-30 01:30:00+00:00","0.131","0.0","0.01733685"
"2011-04-30 02:00:00+00:00","0.12","0.0","0.01654965"
"2011-04-30 02:30:00+00:00","0.19","0.0","0.01555335"
"2011-04-30 03:00:00+00:00","0.1","0.0","0.0155226"
"2011-04-30 03:30:00+00:00","0.161","0.0","0.015498"
"2011-04-30 04:00:00+00:00","0.166","0.0","0.0154365"
"2011-04-30 04:30:00+00:00","0.11","0.0","0.01549185"
"2011-04-30 05:00:00+00:00","0.164","0.0","0.0153996"
"2011-04-30 05:30:00+00:00","0.142","0.0","0.0153504"
"2011-04-30 06:00:00+00:00","0.117","0.0","0.015498"
"2011-04-30 06:30:00+00:00","0.177","0.0","0.0155595"
"2011-04-30 07:00:00+00:00","0.128","0.0","0.016113"
"2011-04-30 07:30:00+00:00","0.278","0.038","0.0155595"
"2011-04-30 08:00:00+00:00","0.199","0.056","0.01599"
"2011-04-30 08:30:00+00:00","0.195","0.375","0.0168264"
"2011-04-30 09:00:00+00:00","0.186","0.144","0.0165927"
"2011-04-30 09:30:00+00:00","0.119","0.213","0.0170724"
"2011-04-30 10:00:00+00:00","0.108","0.375","0.0169125"
"2011-04-30 10:30:00+00:00","0.338","0.219","0.0176136"
"2011-04-30 11:00:00+00:00","0.093","0.256","0.01704165"
"2011-04-30 11:30:00+00:00","0.151","0.163","0.01661115"
"2011-04-30 12:00:00+00:00","0.272","0.275","0.0157932"
"2011-04-30 12:30:00+00:00","0.12","0.55","0.0156087"
"2011-04-30 13:00:00+00:00","0.573","0.738","0.0155964"
"2011-04-30 13:30:00+00:00","0.161","0.413","0.01556565"
"2011-04-30 14:00:00+00:00","0.144","0.45","0.01556565"
"2011-04-30 14:30:00+00:00","0.217","0.575","0.0155595"
"2011-04-30 15:00:00+00:00","0.24","0.513","0.01555335"
"2011-04-30 15:30:00+00:00","0.216","0.1","0.0155595"
"2011-04-30 16:00:00+00:00","0.266","0.156","0.0160392"
"2011-04-30 16:30:00+00:00","0.339","0.119","0.0160884"
"2011-04-30 17:00:00+00:00","0.235","0.019","0.01758285"
"2011-04-30 17:30:00+00:00","0.36","0.0","0.01705395"
"2011-04-30 18:00:00+00:00","0.315","0.0","0.02294565"
"2011-04-30 18:30:00+00:00","0.242","0.006","0.01958775"
"2011-04-30 19:00:00+00:00","0.255","0.0","0.01768125"
"2011-04-30 19:30:00+00:00","0.318","0.0","0.01731225"
"2011-04-30 20:00:00+00:00","0.351","0.0","0.0155964"
"2011-04-30 20:30:00+00:00","0.251","0.0","0.01560255"
"2011-04-30 21:00:00+00:00","0.184","0.0","0.01568865"
"2011-04-30 21:30:00+00:00","0.228","0.0","0.0163344"
"2011-04-30 22:00:00+00:00","0.159","0.0","0.01557795"
"2011-04-30 22:30:00+00:00","0.113","0.0","0.01675875"
"2011-04-30 23:00:00+00:00","0.195","0.0","0.0167526"
"2011-04-30 23:30:00+00:00","0.09","0.0","0.0182532"
"2011-05-01 00:00:00+00:00","0.166","0.0","0.0175644"
"2011-05-01 00:30:00+00:00","0.126","0.0","0.01636515"
"2011-05-01 01:00:00+00:00","0.136","0.0","0.01664805"
"2011-05-01 01:30:00+00:00","0.144","0.0","0.01616835"
"2011-05-01 02:00:00+00:00","0.148","0.0","0.01592235"
"2011-05-01 02:30:00+00:00","0.133","0.0","0.01550415"
"2011-05-01 03:00:00+00:00","0.129","0.0","0.0155103"
"2011-05-01 03:30:00+00:00","0.164","0.0","0.0154734"
"2011-05-01 04:00:00+00:00","0.086","0.0","0.015375"
"2011-05-01 04:30:00+00:00","0.193","0.0","0.0153996"
"2011-05-01 05:00:00+00:00","0.095","0.0","0.0153627"
"2011-05-01 05:30:00+00:00","0.147","0.0","0.0147846"
"2011-05-01 06:00:00+00:00","0.305","0.0","0.01490145"
"2011-05-01 06:30:00+00:00","0.094","0.0","0.0152643"
"2011-05-01 07:00:00+00:00","0.199","0.0","0.01551645"
"2011-05-01 07:30:00+00:00","0.137","0.056","0.01555335"
"2011-05-01 08:00:00+00:00","0.134","0.188","0.01555335"
"2011-05-01 08:30:00+00:00","0.263","0.413","0.0155595"
"2011-05-01 09:00:00+00:00","0.312","0.538","0.0155595"
"2011-05-01 09:30:00+00:00","0.43","0.619","0.0155595"
"2011-05-01 10:00:00+00:00","0.422","0.688","0.0155595"
"2011-05-01 10:30:00+00:00","0.484","0.744","0.01555335"
"2011-05-01 11:00:00+00:00","0.415","0.775","0.0155595"
"2011-05-01 11:30:00+00:00","0.249","0.788","0.0155472"
"2011-05-01 12:00:00+00:00","0.276","0.806","0.01555335"
"2011-05-01 12:30:00+00:00","0.219","0.794","0.01554105"
"2011-05-01 13:00:00+00:00","0.185","0.775","0.0155595"
"2011-05-01 13:30:00+00:00","0.492","0.731","0.01555335"
"2011-05-01 14:00:00+00:00","0.193","0.675","0.0155595"
"2011-05-01 14:30:00+00:00","0.241","0.531","0.0155595"
"2011-05-01 15:00:00+00:00","0.183","0.225","0.0155595"
"2011-05-01 15:30:00+00:00","0.479","0.175","0.0155595"
"2011-05-01 16:00:00+00:00","0.157","0.281","0.0155595"
"2011-05-01 16:30:00+00:00","0.185","0.081","0.01591005"
"2011-05-01 17:00:00+00:00","0.167","0.006","0.0158547"
"2011-05-01 17:30:00+00:00","0.216","0.0","0.0158793"
"2011-05-01 18:00:00+00:00","0.309","0.0","0.0171831"
"2011-05-01 18:30:00+00:00","0.302","0.0","0.01709085"
"2011-05-01 19:00:00+00:00","0.297","0.0","0.016236"
"2011-05-01 19:30:00+00:00","0.166","0.0","0.0155595"
"2011-05-01 20:00:00+00:00","0.26","0.0","0.0155595"
"2011-05-01 20:30:00+00:00","0.287","0.0","0.0156333"
"2011-05-01 21:00:00+00:00","0.131","0.0","0.0155595"
"2011-05-01 21:30:00+00:00","0.142","0.0","0.01555335"
"2011-05-01 22:00:00+00:00","0.1","0.0","0.01582395"
"2011-05-01 22:30:00+00:00","0.09","0.0","0.01642665"
"2011-05-01 23:00:00+00:00","0.131","0.0","0.0165066"
"2011-05-01 23:30:00+00:00","0.475","0.0","0.01855455"
"2011-05-02 00:00:00+00:00","0.582","0.0","0.0169125"
"2011-05-02 00:30:00+00:00","0.109","0.0","0.01645125"
"2011-05-02 01:00:00+00:00","0.057","0.0","0.01647585"
"2011-05-02 01:30:00+00:00","0.148","0.0","0.01636515"
"2011-05-02 02:00:00+00:00","0.058","0.0","0.01578705"
"2011-05-02 02:30:00+00:00","0.113","0.0","0.01551645"
"2011-05-02 03:00:00+00:00","0.124","0.0","0.0154857"
"2011-05-02 03:30:00+00:00","0.06","0.0","0.0155226"
"2011-05-02 04:00:00+00:00","0.127","0.0","0.0154611"
"2011-05-02 04:30:00+00:00","0.086","0.0","0.0154488"
"2011-05-02 05:00:00+00:00","0.083","0.0","0.0155103"
"2011-05-02 05:30:00+00:00","0.141","0.0","0.0155595"
"2011-05-02 06:00:00+00:00","0.276","0.0","0.0155226"
"2011-05-02 06:30:00+00:00","0.301","0.0","0.01715235"
"2011-05-02 07:00:00+00:00","0.274","0.013","0.01723845"
"2011-05-02 07:30:00+00:00","0.293","0.056","0.0169371"
"2011-05-02 08:00:00+00:00","0.21","0.063","0.01706625"
"2011-05-02 08:30:00+00:00","0.165","0.113","0.0175521"
"2011-05-02 09:00:00+00:00","0.153","0.156","0.01773045"
"2011-05-02 09:30:00+00:00","0.113","0.15","0.0179949"
"2011-05-02 10:00:00+00:00","0.157","0.175","0.0181179"
"2011-05-02 10:30:00+00:00","0.104","0.344","0.018081"
"2011-05-02 11:00:00+00:00","0.19","0.363","0.018327"
"2011-05-02 11:30:00+00:00","0.082","0.325","0.01712775"
"2011-05-02 12:00:00+00:00","0.218","0.4","0.0169248"
"2011-05-02 12:30:00+00:00","0.137","0.3","0.01685715"
"2011-05-02 13:00:00+00:00","0.109","0.456","0.01675875"
"2011-05-02 13:30:00+00:00","0.157","0.425","0.01680795"
"2011-05-02 14:00:00+00:00","0.143","0.106","0.01699245"
"2011-05-02 14:30:00+00:00","0.105","0.181","0.0167895"
"2011-05-02 15:00:00+00:00","0.387","0.131","0.01679565"
"2011-05-02 15:30:00+00:00","0.202","0.113","0.0166911"
"2011-05-02 16:00:00+00:00","0.25","0.088","0.01683255"
"2011-05-02 16:30:00+00:00","0.314","0.056","0.0168633"
"2011-05-02 17:00:00+00:00","0.551","0.013","0.01715235"
"2011-05-02 17:30:00+00:00","0.303","0.0","0.0186591"
"2011-05-02 18:00:00+00:00","0.177","0.0","0.03182625"
"2011-05-02 18:30:00+00:00","0.274","0.0","0.0198153"
"2011-05-02 19:00:00+00:00","0.295","0.0","0.01777965"
"2011-05-02 19:30:00+00:00","0.287","0.0","0.01673415"
"2011-05-02 20:00:00+00:00","0.223","0.0","0.01694325"
"2011-05-02 20:30:00+00:00","0.424","0.0","0.0167157"
"2011-05-02 21:00:00+00:00","0.372","0.0","0.01666035"
"2011-05-02 21:30:00+00:00","0.151","0.0","0.01645125"
"2011-05-02 22:00:00+00:00","0.126","0.0","0.01618065"
"2011-05-02 22:30:00+00:00","0.182","0.0","0.0168756"
"2011-05-02 23:00:00+00:00","0.131","0.0","0.0162975"
"2011-05-02 23:30:00+00:00","0.089","0.0","0.017097"
"2011-05-03 00:00:00+00:00","0.175","0.0","0.01680795"
"2011-05-03 00:30:00+00:00","0.151","0.0","0.0165189"
"2011-05-03 01:00:00+00:00","0.111","0.0","0.01662345"
"2011-05-03 01:30:00+00:00","0.111","0.0","0.0168141"
"2011-05-03 02:00:00+00:00","0.179","0.0","0.01591005"
"2011-05-03 02:30:00+00:00","0.121","0.0","0.0162729"
"2011-05-03 03:00:00+00:00","0.114","0.0","0.015498"
"2011-05-03 03:30:00+00:00","0.168","0.0","0.0154611"
"2011-05-03 04:00:00+00:00","0.105","0.0","0.01550415"
"2011-05-03 04:30:00+00:00","0.146","0.0","0.0155595"
"2011-05-03 05:00:00+00:00","0.18","0.0","0.01566405"
"2011-05-03 05:30:00+00:00","0.138","0.0","0.0155103"
"2011-05-03 06:00:00+00:00","0.129","0.0","0.0163836"
"2011-05-03 06:30:00+00:00","0.173","0.0","0.0184869"
"2011-05-03 07:00:00+00:00","0.14","0.0","0.01744755"
"2011-05-03 07:30:00+00:00","0.326","0.019","0.0169986"
"2011-05-03 08:00:00+00:00","0.18","0.05","0.01775505"
"2011-05-03 08:30:00+00:00","0.0","0.169","0.01773045"
"2011-05-03 09:00:00+00:00","0.2","0.394","0.01773045"
"2011-05-03 09:30:00+00:00","0.144","0.281","0.01860375"
"2011-05-03 10:00:00+00:00","0.126","0.45","0.01814865"
"2011-05-03 10:30:00+00:00","0.147","0.388","0.01862835"
"2011-05-03 11:00:00+00:00","0.183","0.263","0.01786575"
"2011-05-03 11:30:00+00:00","0.108","0.281","0.0183516"
"2011-05-03 12:00:00+00:00","0.14","0.213","0.01884975"
"2011-05-03 12:30:00+00:00","0.192","0.138","0.01880055"
"2011-05-03 13:00:00+00:00","0.1","0.119","0.01865295"
"2011-05-03 13:30:00+00:00","0.147","0.219","0.0204795"
"2011-05-03 14:00:00+00:00","0.335","0.256","0.0193356"
"2011-05-03 14:30:00+00:00","0.19","0.194","0.01844385"
"2011-05-03 15:00:00+00:00","0.23","0.125","0.0177981"
"2011-05-03 15:30:00+00:00","0.276","0.281","0.01725075"
"2011-05-03 16:00:00+00:00","0.275","0.075","0.0176874"
"2011-05-03 16:30:00+00:00","0.176","0.006","0.017466"
"2011-05-03 17:00:00+00:00","0.281","0.0","0.01900965"
"2011-05-03 17:30:00+00:00","0.293","0.0","0.0195939"
"2011-05-03 18:00:00+00:00","0.259","0.0","0.0277119"
"2011-05-03 18:30:00+00:00","0.25","0.0","0.0324966"
"2011-05-03 19:00:00+00:00","0.359","0.0","0.0203442"
"2011-05-03 19:30:00+00:00","0.168","0.0","0.01827165"
"2011-05-03 20:00:00+00:00","0.584","0.0","0.017097"
"2011-05-03 20:30:00+00:00","0.453","0.0","0.0168018"
"2011-05-03 21:00:00+00:00","0.196","0.0","0.0168141"
"2011-05-03 21:30:00+00:00","0.184","0.0","0.0162606"
"2011-05-03 22:00:00+00:00","0.147","0.0","0.01667265"
"2011-05-03 22:30:00+00:00","0.135","0.0","0.0190773"
"2011-05-03 23:00:00+00:00","0.142","0.0","0.01694325"
"2011-05-03 23:30:00+00:00","0.904","0.0","0.0174537"
"2011-05-04 00:00:00+00:00","0.196","0.0","0.01686945"
"2011-05-04 00:30:00+00:00","0.166","0.0","0.01725075"
"2011-05-04 01:00:00+00:00","0.112","0.0","0.0165066"
"2011-05-04 01:30:00+00:00","0.12","0.0","0.0172446"
"2011-05-04 02:00:00+00:00","0.15","0.0","0.016359"
"2011-05-04 02:30:00+00:00","0.086","0.0","0.0157686"
"2011-05-04 03:00:00+00:00","0.178","0.0","0.0154857"
"2011-05-04 03:30:00+00:00","0.109","0.0","0.01550415"
"2011-05-04 04:00:00+00:00","0.104","0.0","0.0155226"
"2011-05-04 04:30:00+00:00","0.179","0.0","0.01552875"
"2011-05-04 05:00:00+00:00","0.092","0.0","0.0155595"
"2011-05-04 05:30:00+00:00","0.128","0.0","0.0155595"
"2011-05-04 06:00:00+00:00","0.274","0.0","0.0163467"
"2011-05-04 06:30:00+00:00","0.177","0.006","0.0181179"
"2011-05-04 07:00:00+00:00","0.246","0.0","0.0184254"
"2011-05-04 07:30:00+00:00","0.171","0.063","0.01695555"
"2011-05-04 08:00:00+00:00","0.218","0.275","0.01828395"
"2011-05-04 08:30:00+00:00","0.197","0.338","0.01787805"
"2011-05-04 09:00:00+00:00","0.138","0.25","0.016851"
"2011-05-04 09:30:00+00:00","0.199","0.625","0.0167649"
"2011-05-04 10:00:00+00:00","0.496","0.419","0.01666035"
"2011-05-04 10:30:00+00:00","0.379","0.4","0.017097"
"2011-05-04 11:00:00+00:00","0.183","0.544","0.0169371"
"2011-05-04 11:30:00+00:00","0.097","0.4","0.01805025"
"2011-05-04 12:00:00+00:00","0.133","0.375","0.01828395"
"2011-05-04 12:30:00+00:00","0.152","0.081","0.01800105"
"2011-05-04 13:00:00+00:00","0.111","0.313","0.01679565"
"2011-05-04 13:30:00+00:00","0.121","0.788","0.01682025"
"2011-05-04 14:00:00+00:00","0.138","0.175","0.0169986"
"2011-05-04 14:30:00+00:00","0.114","0.25","0.01711545"
"2011-05-04 15:00:00+00:00","0.139","0.5","0.0168141"
"2011-05-04 15:30:00+00:00","0.118","0.394","0.01684485"
"2011-05-04 16:00:00+00:00","0.12","0.238","0.0168879"
"2011-05-04 16:30:00+00:00","0.148","0.088","0.01679565"
"2011-05-04 17:00:00+00:00","0.138","0.013","0.0169371"
"2011-05-04 17:30:00+00:00","0.083","0.0","0.01966155"
"2011-05-04 18:00:00+00:00","0.177","0.0","0.0357807"
"2011-05-04 18:30:00+00:00","0.961","0.0","0.02578695"
"2011-05-04 19:00:00+00:00","1.174","0.0","0.021402"
"2011-05-04 19:30:00+00:00","0.447","0.0","0.01928025"
"2011-05-04 20:00:00+00:00","0.195","0.0","0.01727535"
"2011-05-04 20:30:00+00:00","0.368","0.0","0.0170847"
"2011-05-04 21:00:00+00:00","0.374","0.0","0.0169863"
"2011-05-04 21:30:00+00:00","0.294","0.0","0.0168633"
"2011-05-04 22:00:00+00:00","0.268","0.0","0.01683255"
"2011-05-04 22:30:00+00:00","0.824","0.0","0.01936635"
"2011-05-04 23:00:00+00:00","0.391","0.0","0.01792725"
"2011-05-04 23:30:00+00:00","0.172","0.0","0.0182532"
"2011-05-05 00:00:00+00:00","0.109","0.0","0.0182778"
"2011-05-05 00:30:00+00:00","0.147","0.0","0.0183885"
"2011-05-05 01:00:00+00:00","0.127","0.0","0.01689405"
"2011-05-05 01:30:00+00:00","0.129","0.0","0.01913265"
"2011-05-05 02:00:00+00:00","0.148","0.0","0.0180933"
"2011-05-05 02:30:00+00:00","0.145","0.0","0.0162729"
"2011-05-05 03:00:00+00:00","0.126","0.0","0.0155103"
"2011-05-05 03:30:00+00:00","0.138","0.0","0.015498"
"2011-05-05 04:00:00+00:00","0.135","0.0","0.01549185"
"2011-05-05 04:30:00+00:00","0.134","0.0","0.01550415"
"2011-05-05 05:00:00+00:00","0.16","0.0","0.0155226"
"2011-05-05 05:30:00+00:00","0.103","0.0","0.01555335"
"2011-05-05 06:00:00+00:00","0.138","0.0","0.0159162"
"2011-05-05 06:30:00+00:00","0.153","0.0","0.0193602"
"2011-05-05 07:00:00+00:00","0.127","0.0","0.01798875"
"2011-05-05 07:30:00+00:00","0.183","0.088","0.01670955"
"2011-05-05 08:00:00+00:00","0.275","0.3","0.01741065"
"2011-05-05 08:30:00+00:00","0.225","0.431","0.0178842"
"2011-05-05 09:00:00+00:00","0.238","0.538","0.0173061"
"2011-05-05 09:30:00+00:00","0.112","0.625","0.01758285"
"2011-05-05 10:00:00+00:00","0.165","0.694","0.0170109"
"2011-05-05 10:30:00+00:00","0.153","0.713","0.01684485"
"2011-05-05 11:00:00+00:00","0.093","0.694","0.0168387"
"2011-05-05 11:30:00+00:00","0.171","0.856","0.01683255"
"2011-05-05 12:00:00+00:00","0.277","0.794","0.01683255"
"2011-05-05 12:30:00+00:00","0.276","0.669","0.0168633"
"2011-05-05 13:00:00+00:00","0.206","0.781","0.0168633"
"2011-05-05 13:30:00+00:00","0.262","0.7","0.01782885"
"2011-05-05 14:00:00+00:00","0.203","0.594","0.0181425"
"2011-05-05 14:30:00+00:00","0.236","0.569","0.0181425"
"2011-05-05 15:00:00+00:00","0.155","0.419","0.01759515"
"2011-05-05 15:30:00+00:00","0.211","0.25","0.01816095"
"2011-05-05 16:00:00+00:00","0.219","0.225","0.0183024"
"2011-05-05 16:30:00+00:00","0.322","0.031","0.01768125"
"2011-05-05 17:00:00+00:00","0.239","0.006","0.0185484"
"2011-05-05 17:30:00+00:00","0.302","0.0","0.02363445"
"2011-05-05 18:00:00+00:00","0.301","0.0","0.0498519"
"2011-05-05 18:30:00+00:00","0.286","0.0","0.0572811"
"2011-05-05 19:00:00+00:00","0.319","0.0","0.03169095"
"2011-05-05 19:30:00+00:00","0.228","0.0","0.02145735"
"2011-05-05 20:00:00+00:00","0.487","0.0","0.0197538"
"2011-05-05 20:30:00+00:00","0.201","0.0","0.01866525"
"2011-05-05 21:00:00+00:00","0.249","0.0","0.01753365"
"2011-05-05 21:30:00+00:00","0.267","0.0","0.01680795"
"2011-05-05 22:00:00+00:00","0.198","0.0","0.0168756"
"2011-05-05 22:30:00+00:00","0.191","0.0","0.02119905"
"2011-05-05 23:00:00+00:00","0.139","0.0","0.01937865"
"2011-05-05 23:30:00+00:00","0.114","0.0","0.01994445"
"2011-05-06 00:00:00+00:00","1.021","0.0","0.0188436"
"2011-05-06 00:30:00+00:00","0.111","0.0","0.01779195"
"2011-05-06 01:00:00+00:00","0.154","0.0","0.016728"
"2011-05-06 01:30:00+00:00","0.142","0.0","0.0170478"
"2011-05-06 02:00:00+00:00","0.095","0.0","0.0164328"
"2011-05-06 02:30:00+00:00","0.16","0.0","0.01547955"
"2011-05-06 03:00:00+00:00","0.135","0.0","0.01549185"
"2011-05-06 03:30:00+00:00","0.119","0.0","0.01541805"
"2011-05-06 04:00:00+00:00","0.138","0.0","0.0153258"
"2011-05-06 04:30:00+00:00","0.124","0.0","0.01534425"
"2011-05-06 05:00:00+00:00","0.251","0.0","0.0154734"
"2011-05-06 05:30:00+00:00","0.234","0.0","0.0155595"
"2011-05-06 06:00:00+00:00","0.117","0.0","0.01599"
"2011-05-06 06:30:00+00:00","0.14","0.0","0.01769355"
"2011-05-06 07:00:00+00:00","0.155","0.0","0.01845"
"2011-05-06 07:30:00+00:00","0.12","0.05","0.01748445"
"2011-05-06 08:00:00+00:00","0.148","0.288","0.02028885"
"2011-05-06 08:30:00+00:00","0.115","0.425","0.0182409"
"2011-05-06 09:00:00+00:00","0.392","0.55","0.01728765"
"2011-05-06 09:30:00+00:00","0.162","0.556","0.01798875"
"2011-05-06 10:00:00+00:00","0.236","0.706","0.0196431"
"2011-05-06 10:30:00+00:00","0.246","0.694","0.02119905"
"2011-05-06 11:00:00+00:00","0.265","0.781","0.0205779"
"2011-05-06 11:30:00+00:00","0.171","0.8","0.01887435"
"2011-05-06 12:00:00+00:00","0.492","0.788","0.0181794"
"2011-05-06 12:30:00+00:00","0.473","0.744","0.01766895"
"2011-05-06 13:00:00+00:00","0.351","0.675","0.01675875"
"2011-05-06 13:30:00+00:00","0.513","0.663","0.0177858"
"2011-05-06 14:00:00+00:00","0.828","0.544","0.01737375"
"2011-05-06 14:30:00+00:00","0.15","0.363","0.01691865"
"2011-05-06 15:00:00+00:00","0.184","0.356","0.0169863"
"2011-05-06 15:30:00+00:00","0.16","0.313","0.0167526"
"2011-05-06 16:00:00+00:00","0.143","0.188","0.0173553"
"2011-05-06 16:30:00+00:00","0.172","0.069","0.01725075"
"2011-05-06 17:00:00+00:00","0.147","0.006","0.0183393"
"2011-05-06 17:30:00+00:00","0.541","0.0","0.02192475"
"2011-05-06 18:00:00+00:00","0.827","0.0","0.0258054"
"2011-05-06 18:30:00+00:00","0.711","0.0","0.03124815"
"2011-05-06 19:00:00+00:00","0.37","0.0","0.0179088"
"2011-05-06 19:30:00+00:00","0.361","0.0","0.01984605"
"2011-05-06 20:00:00+00:00","0.3","0.0","0.02019045"
"2011-05-06 20:30:00+00:00","0.429","0.0","0.02119905"
"2011-05-06 21:00:00+00:00","0.359","0.0","0.0203934"
"2011-05-06 21:30:00+00:00","0.214","0.0","0.01958775"
"2011-05-06 22:00:00+00:00","0.253","0.0","0.01946475"
"2011-05-06 22:30:00+00:00","0.189","0.0","0.0227919"
"2011-05-06 23:00:00+00:00","0.16","0.0","0.0207501"
"2011-05-06 23:30:00+00:00","0.137","0.0","0.0215004"
"2011-05-07 00:00:00+00:00","0.125","0.0","0.02128515"
"2011-05-07 00:30:00+00:00","0.722","0.0","0.0200244"
"2011-05-07 01:00:00+00:00","0.451","0.0","0.01857915"
"2011-05-07 01:30:00+00:00","0.137","0.006","0.01958775"
"2011-05-07 02:00:00+00:00","0.247","0.0","0.01718925"
"2011-05-07 02:30:00+00:00","0.305","0.0","0.0161868"
"2011-05-07 03:00:00+00:00","0.19","0.0","0.01575015"
"2011-05-07 03:30:00+00:00","0.124","0.0","0.01554105"
"2011-05-07 04:00:00+00:00","0.128","0.0","0.0155226"
"2011-05-07 04:30:00+00:00","0.191","0.0","0.0155595"
"2011-05-07 05:00:00+00:00","0.104","0.0","0.01555335"
"2011-05-07 05:30:00+00:00","0.185","0.0","0.01552875"
"2011-05-07 06:00:00+00:00","0.109","0.0","0.0155595"
"2011-05-07 06:30:00+00:00","0.145","0.0","0.0157932"
"2011-05-07 07:00:00+00:00","0.178","0.0","0.0155841"
"2011-05-07 07:30:00+00:00","0.1","0.094","0.01609455"
"2011-05-07 08:00:00+00:00","0.18","0.294","0.0159531"
"2011-05-07 08:30:00+00:00","0.408","0.425","0.01629135"
"2011-05-07 09:00:00+00:00","0.329","0.531","0.0177858"
"2011-05-07 09:30:00+00:00","0.392","0.625","0.0191388"
"2011-05-07 10:00:00+00:00","0.502","0.688","0.01808715"
"2011-05-07 10:30:00+00:00","0.343","0.731","0.016482"
"2011-05-07 11:00:00+00:00","0.185","0.769","0.01595925"
"2011-05-07 11:30:00+00:00","0.395","0.775","0.01566405"
"2011-05-07 12:00:00+00:00","0.203","0.781","0.0156579"
"2011-05-07 12:30:00+00:00","0.155","0.663","0.01556565"
"2011-05-07 13:00:00+00:00","0.636","0.744","0.0155718"
"2011-05-07 13:30:00+00:00","0.192","0.694","0.01555335"
"2011-05-07 14:00:00+00:00","0.305","0.625","0.01556565"
"2011-05-07 14:30:00+00:00","0.292","0.369","0.01556565"
"2011-05-07 15:00:00+00:00","0.226","0.469","0.01556565"
"2011-05-07 15:30:00+00:00","0.227","0.331","0.01556565"
"2011-05-07 16:00:00+00:00","0.277","0.263","0.0155841"
"2011-05-07 16:30:00+00:00","0.262","0.119","0.01586085"
"2011-05-07 17:00:00+00:00","0.254","0.0","0.0158178"
"2011-05-07 17:30:00+00:00","0.234","0.0","0.01798875"
"2011-05-07 18:00:00+00:00","0.222","0.0","0.0254733"
"2011-05-07 18:30:00+00:00","0.208","0.0","0.0208854"
"2011-05-07 19:00:00+00:00","0.316","0.0","0.0178227"
"2011-05-07 19:30:00+00:00","0.779","0.0","0.0173184"
"2011-05-07 20:00:00+00:00","0.368","0.0","0.0164943"
"2011-05-07 20:30:00+00:00","0.26","0.0","0.01622985"
"2011-05-07 21:00:00+00:00","0.284","0.0","0.01622985"
"2011-05-07 21:30:00+00:00","0.423","0.0","0.01749675"
"2011-05-07 22:00:00+00:00","0.437","0.0","0.01725075"
"2011-05-07 22:30:00+00:00","0.241","0.0","0.0185115"
"2011-05-07 23:00:00+00:00","0.606","0.0","0.01755825"
"2011-05-07 23:30:00+00:00","0.789","0.0","0.02026425"
"2011-05-08 00:00:00+00:00","0.723","0.0","0.0185361"
"2011-05-08 00:30:00+00:00","0.125","0.0","0.01785345"
"2011-05-08 01:00:00+00:00","0.19","0.006","0.01664805"
"2011-05-08 01:30:00+00:00","0.115","0.0","0.01594695"
"2011-05-08 02:00:00+00:00","0.175","0.0","0.0155103"
"2011-05-08 02:30:00+00:00","0.124","0.0","0.01555335"
"2011-05-08 03:00:00+00:00","0.122","0.0","0.0155595"
"2011-05-08 03:30:00+00:00","0.161","0.0","0.01550415"
"2011-05-08 04:00:00+00:00","0.158","0.0","0.015498"
"2011-05-08 04:30:00+00:00","0.134","0.0","0.01549185"
"2011-05-08 05:00:00+00:00","0.164","0.0","0.01547955"
"2011-05-08 05:30:00+00:00","0.086","0.0","0.0154488"
"2011-05-08 06:00:00+00:00","0.183","0.0","0.01554105"
"2011-05-08 06:30:00+00:00","0.131","0.0","0.01554105"
"2011-05-08 07:00:00+00:00","0.143","0.0","0.01556565"
"2011-05-08 07:30:00+00:00","0.292","0.1","0.0155841"
"2011-05-08 08:00:00+00:00","0.192","0.294","0.01565175"
"2011-05-08 08:30:00+00:00","0.172","0.438","0.0156456"
"2011-05-08 09:00:00+00:00","0.12","0.5","0.0156333"
"2011-05-08 09:30:00+00:00","0.534","0.594","0.01565175"
"2011-05-08 10:00:00+00:00","0.3","0.688","0.01563945"
"2011-05-08 10:30:00+00:00","0.178","0.681","0.01557795"
"2011-05-08 11:00:00+00:00","0.881","0.738","0.01556565"
"2011-05-08 11:30:00+00:00","1.103","0.781","0.01556565"
"2011-05-08 12:00:00+00:00","0.86","0.75","0.01556565"
"2011-05-08 12:30:00+00:00","0.851","0.763","0.01556565"
"2011-05-08 13:00:00+00:00","1.134","0.663","0.01555335"
"2011-05-08 13:30:00+00:00","0.24","0.613","0.01552875"
"2011-05-08 14:00:00+00:00","0.526","0.606","0.0154242"
"2011-05-08 14:30:00+00:00","0.135","0.456","0.0154857"
"2011-05-08 15:00:00+00:00","0.272","0.481","0.015498"
"2011-05-08 15:30:00+00:00","0.247","0.381","0.0155226"
"2011-05-08 16:00:00+00:00","0.41","0.181","0.0155349"
"2011-05-08 16:30:00+00:00","0.327","0.081","0.01556565"
"2011-05-08 17:00:00+00:00","0.279","0.013","0.0155718"
"2011-05-08 17:30:00+00:00","0.252","0.0","0.01594695"
"2011-05-08 18:00:00+00:00","0.246","0.0","0.01817325"
"2011-05-08 18:30:00+00:00","0.318","0.0","0.01818555"
"2011-05-08 19:00:00+00:00","0.382","0.0","0.01749675"
"2011-05-08 19:30:00+00:00","0.375","0.0","0.0164451"
"2011-05-08 20:00:00+00:00","0.281","0.0","0.015744"
"2011-05-08 20:30:00+00:00","0.294","0.0","0.0156702"
"2011-05-08 21:00:00+00:00","0.228","0.0","0.0155226"
"2011-05-08 21:30:00+00:00","0.255","0.0","0.0155964"
"2011-05-08 22:00:00+00:00","0.259","0.0","0.0155718"
"2011-05-08 22:30:00+00:00","0.177","0.0","0.01556565"
"2011-05-08 23:00:00+00:00","0.213","0.0","0.01544265"
"2011-05-08 23:30:00+00:00","0.186","0.0","0.01625445"
"2011-05-09 00:00:00+00:00","0.718","0.0","0.0157563"
"2011-05-09 00:30:00+00:00","0.439","0.0","0.01556565"
"2011-05-09 01:00:00+00:00","0.098","0.0","0.0155103"
"2011-05-09 01:30:00+00:00","0.171","0.0","0.0155595"
"2011-05-09 02:00:00+00:00","0.159","0.0","0.01555335"
"2011-05-09 02:30:00+00:00","0.135","0.0","0.01550415"
"2011-05-09 03:00:00+00:00","0.175","0.0","0.01333935"
"2011-05-09 03:30:00+00:00","0.124","0.0","0.01231845"
"2011-05-09 04:00:00+00:00","0.159","0.0","0.01206015"
"2011-05-09 04:30:00+00:00","0.155","0.0","0.012546"
"2011-05-09 05:00:00+00:00","0.135","0.0","0.0138867"
"2011-05-09 05:30:00+00:00","0.154","0.0","0.01554105"
"2011-05-09 06:00:00+00:00","0.144","0.0","0.0155841"
"2011-05-09 06:30:00+00:00","0.139","0.0","0.01849305"
"2011-05-09 07:00:00+00:00","0.187","0.0","0.01974765"
"2011-05-09 07:30:00+00:00","0.161","0.081","0.0169002"
"2011-05-09 08:00:00+00:00","0.254","0.269","0.01920645"
"2011-05-09 08:30:00+00:00","0.332","0.406","0.01859145"
"2011-05-09 09:00:00+00:00","0.241","0.519","0.01752135"
"2011-05-09 09:30:00+00:00","0.347","0.463","0.01803795"
"2011-05-09 10:00:00+00:00","0.271","0.444","0.0184746"
"2011-05-09 10:30:00+00:00","0.158","0.244","0.01860375"
"2011-05-09 11:00:00+00:00","0.323","0.238","0.01732455"
"2011-05-09 11:30:00+00:00","0.139","0.269","0.01646355"
"2011-05-09 12:00:00+00:00","0.182","0.194","0.0165066"
"2011-05-09 12:30:00+00:00","0.139","0.138","0.01673415"
"2011-05-09 13:00:00+00:00","0.164","0.081","0.01643895"
"2011-05-09 13:30:00+00:00","0.164","0.075","0.01624215"
"2011-05-09 14:00:00+00:00","0.102","0.188","0.01588545"
"2011-05-09 14:30:00+00:00","0.197","0.163","0.01625445"
"2011-05-09 15:00:00+00:00","0.351","0.031","0.0163836"
"2011-05-09 15:30:00+00:00","0.176","0.094","0.01609455"
"2011-05-09 16:00:00+00:00","0.176","0.269","0.01637745"
"2011-05-09 16:30:00+00:00","0.127","0.088","0.0183885"
"2011-05-09 17:00:00+00:00","0.283","0.006","0.01969845"
"2011-05-09 17:30:00+00:00","0.279","0.0","0.0278964"
"2011-05-09 18:00:00+00:00","0.286","0.0","0.0527916"
"2011-05-09 18:30:00+00:00","0.266","0.0","0.0487326"
"2011-05-09 19:00:00+00:00","0.6","0.0","0.03426165"
"2011-05-09 19:30:00+00:00","1.17","0.0","0.02012895"
"2011-05-09 20:00:00+00:00","1.381","0.0","0.02114985"
"2011-05-09 20:30:00+00:00","1.204","0.0","0.0196923"
"2011-05-09 21:00:00+00:00","0.951","0.0","0.01844385"
"2011-05-09 21:30:00+00:00","0.268","0.0","0.0174168"
"2011-05-09 22:00:00+00:00","0.313","0.0","0.01663575"
"2011-05-09 22:30:00+00:00","0.334","0.0","0.02009205"
"2011-05-09 23:00:00+00:00","0.745","0.0","0.0172815"
"2011-05-09 23:30:00+00:00","0.545","0.0","0.0184869"
"2011-05-10 00:00:00+00:00","0.095","0.0","0.01814865"
"2011-05-10 00:30:00+00:00","0.151","0.0","0.0169617"
"2011-05-10 01:00:00+00:00","0.146","0.0","0.01563945"
"2011-05-10 01:30:00+00:00","0.117","0.0","0.0170601"
"2011-05-10 02:00:00+00:00","0.192","0.0","0.01556565"
"2011-05-10 02:30:00+00:00","0.089","0.0","0.01556565"
"2011-05-10 03:00:00+00:00","0.153","0.0","0.01551645"
"2011-05-10 03:30:00+00:00","0.171","0.0","0.0152151"
"2011-05-10 04:00:00+00:00","0.286","0.0","0.01481535"
"2011-05-10 04:30:00+00:00","0.153","0.0","0.0150183"
"2011-05-10 05:00:00+00:00","0.118","0.0","0.0155103"
"2011-05-10 05:30:00+00:00","0.158","0.0","0.0155595"
"2011-05-10 06:00:00+00:00","0.151","0.0","0.01586085"
"2011-05-10 06:30:00+00:00","0.182","0.0","0.0184008"
"2011-05-10 07:00:00+00:00","0.418","0.006","0.0163344"
"2011-05-10 07:30:00+00:00","0.261","0.0","0.01599615"
"2011-05-10 08:00:00+00:00","0.129","0.013","0.0158301"
"2011-05-10 08:30:00+00:00","0.127","0.138","0.015621"
"2011-05-10 09:00:00+00:00","0.118","0.544","0.01557795"
"2011-05-10 09:30:00+00:00","0.143","0.513","0.0151782"
"2011-05-10 10:00:00+00:00","0.132","0.675","0.01557795"
"2011-05-10 10:30:00+00:00","0.09","0.744","0.0155595"
"2011-05-10 11:00:00+00:00","0.174","0.769","0.01555335"
"2011-05-10 11:30:00+00:00","0.109","0.806","0.01560255"
"2011-05-10 12:00:00+00:00","0.14","0.813","0.0155595"
"2011-05-10 12:30:00+00:00","0.135","0.788","0.0155595"
"2011-05-10 13:00:00+00:00","0.11","0.769","0.01540575"
"2011-05-10 13:30:00+00:00","0.183","0.738","0.01554105"
"2011-05-10 14:00:00+00:00","0.066","0.575","0.0165312"
"2011-05-10 14:30:00+00:00","0.162","0.569","0.01563945"
"2011-05-10 15:00:00+00:00","0.143","0.288","0.0156456"
"2011-05-10 15:30:00+00:00","0.103","0.231","0.01561485"
"2011-05-10 16:00:00+00:00","0.169","0.219","0.0156456"
"2011-05-10 16:30:00+00:00","0.111","0.094","0.0158055"
"2011-05-10 17:00:00+00:00","0.155","0.006","0.0162237"
"2011-05-10 17:30:00+00:00","0.571","0.0","0.01837005"
"2011-05-10 18:00:00+00:00","1.61","0.0","0.0234807"
"2011-05-10 18:30:00+00:00","2.036","0.0","0.0202458"
"2011-05-10 19:00:00+00:00","1.203","0.0","0.01926795"
"2011-05-10 19:30:00+00:00","1.099","0.0","0.01706625"
"2011-05-10 20:00:00+00:00","1.013","0.0","0.0190281"
"2011-05-10 20:30:00+00:00","0.988","0.0","0.0168879"
"2011-05-10 21:00:00+00:00","0.84","0.0","0.01651275"
"2011-05-10 21:30:00+00:00","0.327","0.0","0.01576245"
"2011-05-10 22:00:00+00:00","0.241","0.0","0.0155595"
"2011-05-10 22:30:00+00:00","1.111","0.0","0.01807485"
"2011-05-10 23:00:00+00:00","0.652","0.0","0.0155595"
"2011-05-10 23:30:00+00:00","0.365","0.0","0.01650045"
"2011-05-11 00:00:00+00:00","0.143","0.0","0.01568865"
"2011-05-11 00:30:00+00:00","0.132","0.0","0.0156333"
"2011-05-11 01:00:00+00:00","0.326","0.0","0.0155841"
"2011-05-11 01:30:00+00:00","0.109","0.0","0.01659885"
"2011-05-11 02:00:00+00:00","0.13","0.0","0.0155226"
"2011-05-11 02:30:00+00:00","0.129","0.0","0.01513515"
"2011-05-11 03:00:00+00:00","0.104","0.0","0.01354845"
"2011-05-11 03:30:00+00:00","0.337","0.0","0.0121155"
"2011-05-11 04:00:00+00:00","0.223","0.0","0.0119064"
"2011-05-11 04:30:00+00:00","0.195","0.0","0.0114267"
"2011-05-11 05:00:00+00:00","0.137","0.0","0.01240455"
"2011-05-11 05:30:00+00:00","0.074","0.0","0.01497525"
"2011-05-11 06:00:00+00:00","0.141","0.0","0.01567635"
"2011-05-11 06:30:00+00:00","0.103","0.0","0.020541"
"2011-05-11 07:00:00+00:00","0.102","0.006","0.0200121"
"2011-05-11 07:30:00+00:00","0.123","0.081","0.0163836"
"2011-05-11 08:00:00+00:00","0.088","0.269","0.0181917"
"2011-05-11 08:30:00+00:00","0.137","0.463","0.01819785"
"2011-05-11 09:00:00+00:00","0.097","0.275","0.01576245"
"2011-05-11 09:30:00+00:00","0.113","0.181","0.01636515"
"2011-05-11 10:00:00+00:00","0.117","0.325","0.01625445"
"2011-05-11 10:30:00+00:00","0.096","0.456","0.0162606"
"2011-05-11 11:00:00+00:00","0.131","0.281","0.0159654"
"2011-05-11 11:30:00+00:00","0.086","0.163","0.0156702"
"2011-05-11 12:00:00+00:00","0.132","0.181","0.01599"
"2011-05-11 12:30:00+00:00","0.113","0.238","0.01567635"
"2011-05-11 13:00:00+00:00","0.102","0.319","0.01565175"
"2011-05-11 13:30:00+00:00","0.134","0.369","0.0159285"
"2011-05-11 14:00:00+00:00","0.078","0.225","0.01625445"
"2011-05-11 14:30:00+00:00","0.136","0.169","0.0165435"
"2011-05-11 15:00:00+00:00","0.094","0.175","0.0162729"
"2011-05-11 15:30:00+00:00","0.121","0.1","0.0162483"
"2011-05-11 16:00:00+00:00","0.122","0.031","0.0165435"
"2011-05-11 16:30:00+00:00","0.089","0.038","0.0165435"
"2011-05-11 17:00:00+00:00","0.131","0.0","0.0168756"
"2011-05-11 17:30:00+00:00","0.096","0.0","0.02231835"
"2011-05-11 18:00:00+00:00","0.109","0.0","0.03907095"
"2011-05-11 18:30:00+00:00","0.098","0.0","0.02614365"
"2011-05-11 19:00:00+00:00","0.109","0.0","0.02167875"
"2011-05-11 19:30:00+00:00","0.096","0.0","0.02030115"
"2011-05-11 20:00:00+00:00","0.118","0.0","0.01951395"
"2011-05-11 20:30:00+00:00","0.099","0.006","0.0195078"
"2011-05-11 21:00:00+00:00","0.108","0.0","0.0178104"
"2011-05-11 21:30:00+00:00","0.109","0.0","0.0167649"
"2011-05-11 22:00:00+00:00","0.077","0.0","0.01625445"
"2011-05-11 22:30:00+00:00","0.142","0.0","0.02105145"
"2011-05-11 23:00:00+00:00","0.057","0.0","0.0173553"
"2011-05-11 23:30:00+00:00","0.154","0.0","0.01929255"
"2011-05-12 00:00:00+00:00","0.088","0.0","0.0186345"
"2011-05-12 00:30:00+00:00","0.092","0.0","0.018327"
"2011-05-12 01:00:00+00:00","0.13","0.0","0.01606995"
"2011-05-12 01:30:00+00:00","0.063","0.0","0.0197415"
"2011-05-12 02:00:00+00:00","0.154","0.0","0.0165066"
"2011-05-12 02:30:00+00:00","0.075","0.0","0.0151413"
"2011-05-12 03:00:00+00:00","0.111","0.0","0.015498"
"2011-05-12 03:30:00+00:00","0.108","0.0","0.0142557"
"2011-05-12 04:00:00+00:00","0.083","0.0","0.0121032"
"2011-05-12 04:30:00+00:00","0.13","0.0","0.01224465"
"2011-05-12 05:00:00+00:00","0.101","0.0","0.01504905"
"2011-05-12 05:30:00+00:00","0.091","0.0","0.01555335"
"2011-05-12 06:00:00+00:00","0.126","0.0","0.015621"
"2011-05-12 06:30:00+00:00","0.071","0.0","0.0165189"
"2011-05-12 07:00:00+00:00","0.141","0.0","0.01725075"
"2011-05-12 07:30:00+00:00","0.092","0.113","0.0180687"
"2011-05-12 08:00:00+00:00","0.085","0.3","0.0177243"
"2011-05-12 08:30:00+00:00","0.138","0.444","0.0177981"
"2011-05-12 09:00:00+00:00","0.042","0.544","0.01738605"
"2011-05-12 09:30:00+00:00","0.17","0.644","0.01610685"
"2011-05-12 10:00:00+00:00","0.069","0.706","0.01651275"
"2011-05-12 10:30:00+00:00","0.118","0.769","0.0158424"
"2011-05-12 11:00:00+00:00","0.133","0.794","0.01563945"
"2011-05-12 11:30:00+00:00","0.058","0.819","0.01566405"
"2011-05-12 12:00:00+00:00","0.168","0.819","0.01561485"
"2011-05-12 12:30:00+00:00","0.079","0.8","0.0156579"
"2011-05-12 13:00:00+00:00","0.117","0.769","0.01557795"
"2011-05-12 13:30:00+00:00","0.116","0.725","0.01556565"
"2011-05-12 14:00:00+00:00","0.088","0.663","0.0156087"
"2011-05-12 14:30:00+00:00","0.127","0.588","0.0155841"
"2011-05-12 15:00:00+00:00","0.124","0.481","0.015621"
"2011-05-12 15:30:00+00:00","0.081","0.263","0.0156333"
"2011-05-12 16:00:00+00:00","0.151","0.269","0.0158055"
"2011-05-12 16:30:00+00:00","0.093","0.113","0.0156333"
"2011-05-12 17:00:00+00:00","0.115","0.0","0.0159285"
"2011-05-12 17:30:00+00:00","0.119","0.0","0.0167649"
"2011-05-12 18:00:00+00:00","0.089","0.0","0.0195939"
"2011-05-12 18:30:00+00:00","0.136","0.0","0.0213405"
"2011-05-12 19:00:00+00:00","0.076","0.0","0.0196677"
"2011-05-12 19:30:00+00:00","0.126","0.0","0.01920645"
"2011-05-12 20:00:00+00:00","0.085","0.006","0.0185607"
"2011-05-12 20:30:00+00:00","0.118","0.0","0.02001825"
"2011-05-12 21:00:00+00:00","0.098","0.0","0.01881285"
"2011-05-12 21:30:00+00:00","0.105","0.0","0.0176382"
"2011-05-12 22:00:00+00:00","0.111","0.0","0.0163959"
"2011-05-12 22:30:00+00:00","0.099","0.0","0.02068245"
"2011-05-12 23:00:00+00:00","0.105","0.0","0.01873905"
"2011-05-12 23:30:00+00:00","0.123","0.0","0.01931715"
"2011-05-13 00:00:00+00:00","0.089","0.0","0.0184131"
"2011-05-13 00:30:00+00:00","0.109","0.0","0.0185115"
"2011-05-13 01:00:00+00:00","0.102","0.0","0.0156333"
"2011-05-13 01:30:00+00:00","0.08","0.0","0.01840695"
"2011-05-13 02:00:00+00:00","0.146","0.0","0.0166665"
"2011-05-13 02:30:00+00:00","0.068","0.0","0.01530735"
"2011-05-13 03:00:00+00:00","0.126","0.0","0.01520895"
"2011-05-13 03:30:00+00:00","0.105","0.0","0.0152397"
"2011-05-13 04:00:00+00:00","0.079","0.0","0.0147354"
"2011-05-13 04:30:00+00:00","0.157","0.0","0.0148338"
"2011-05-13 05:00:00+00:00","0.05","0.0","0.015375"
"2011-05-13 05:30:00+00:00","0.132","0.0","0.01554105"
"2011-05-13 06:00:00+00:00","0.101","0.0","0.01566405"
"2011-05-13 06:30:00+00:00","0.077","0.0","0.01819785"
"2011-05-13 07:00:00+00:00","0.158","0.006","0.02009205"
"2011-05-13 07:30:00+00:00","0.051","0.031","0.01801335"
"2011-05-13 08:00:00+00:00","0.133","0.294","0.0192864"
"2011-05-13 08:30:00+00:00","0.098","0.263","0.01839465"
"2011-05-13 09:00:00+00:00","0.081","0.531","0.01669725"
"2011-05-13 09:30:00+00:00","0.139","0.613","0.0166542"
"2011-05-13 10:00:00+00:00","0.088","0.675","0.0167157"
"2011-05-13 10:30:00+00:00","0.114","0.731","0.01593465"
"2011-05-13 11:00:00+00:00","0.133","0.769","0.01600845"
"2011-05-13 11:30:00+00:00","0.078","0.794","0.0162852"
"2011-05-13 12:00:00+00:00","0.134","0.781","0.0156702"
"2011-05-13 12:30:00+00:00","0.123","0.488","0.01578705"
"2011-05-13 13:00:00+00:00","0.068","0.413","0.01567635"
"2011-05-13 13:30:00+00:00","0.157","0.294","0.01566405"
"2011-05-13 14:00:00+00:00","0.097","0.269","0.01567635"
"2011-05-13 14:30:00+00:00","0.115","0.55","0.01565175"
"2011-05-13 15:00:00+00:00","0.135","0.488","0.01555335"
"2011-05-13 15:30:00+00:00","0.089","0.4","0.01559025"
"2011-05-13 16:00:00+00:00","0.148","0.05","0.0159408"
"2011-05-13 16:30:00+00:00","0.084","0.025","0.01567635"
"2011-05-13 17:00:00+00:00","0.135","0.006","0.01625445"
"2011-05-13 17:30:00+00:00","0.115","0.0","0.0165804"
"2011-05-13 18:00:00+00:00","0.091","0.0","0.02087925"
"2011-05-13 18:30:00+00:00","0.144","0.0","0.01961235"
"2011-05-13 19:00:00+00:00","0.082","0.0","0.01850535"
"2011-05-13 19:30:00+00:00","0.136","0.0","0.0165927"
"2011-05-13 20:00:00+00:00","0.094","0.0","0.0161868"
"2011-05-13 20:30:00+00:00","0.102","0.0","0.01777965"
"2011-05-13 21:00:00+00:00","0.149","0.0","0.01695555"
"2011-05-13 21:30:00+00:00","0.074","0.0","0.016113"
"2011-05-13 22:00:00+00:00","0.125","0.0","0.01654965"
"2011-05-13 22:30:00+00:00","0.13","0.0","0.020787"
"2011-05-13 23:00:00+00:00","0.074","0.0","0.0192249"
"2011-05-13 23:30:00+00:00","0.117","0.0","0.02021505"
"2011-05-14 00:00:00+00:00","0.126","0.0","0.01932945"
"2011-05-14 00:30:00+00:00","0.074","0.0","0.0189789"
"2011-05-14 01:00:00+00:00","0.15","0.0","0.01603305"
"2011-05-14 01:30:00+00:00","0.095","0.0","0.02022735"
"2011-05-14 02:00:00+00:00","0.095","0.0","0.01784115"
"2011-05-14 02:30:00+00:00","0.137","0.0","0.0155718"
"2011-05-14 03:00:00+00:00","0.067","0.0","0.0155472"
"2011-05-14 03:30:00+00:00","0.145","0.0","0.01552875"
"2011-05-14 04:00:00+00:00","0.102","0.0","0.0155226"
"2011-05-14 04:30:00+00:00","0.104","0.0","0.01546725"
"2011-05-14 05:00:00+00:00","0.126","0.0","0.01551645"
"2011-05-14 05:30:00+00:00","0.076","0.0","0.0155472"
"2011-05-14 06:00:00+00:00","0.141","0.0","0.01555335"
"2011-05-14 06:30:00+00:00","0.079","0.0","0.01670955"
"2011-05-14 07:00:00+00:00","0.125","0.0","0.01561485"
"2011-05-14 07:30:00+00:00","0.111","0.106","0.0155964"
"2011-05-14 08:00:00+00:00","0.073","0.288","0.01715235"
"2011-05-14 08:30:00+00:00","0.16","0.425","0.0166542"
"2011-05-14 09:00:00+00:00","0.046","0.531","0.01598385"
"2011-05-14 09:30:00+00:00","0.139","0.625","0.0165312"
"2011-05-14 10:00:00+00:00","0.123","0.694","0.015867"
"2011-05-14 10:30:00+00:00","0.067","0.75","0.01594695"
"2011-05-14 11:00:00+00:00","0.167","0.775","0.0156579"
"2011-05-14 11:30:00+00:00","0.075","0.8","0.0156702"
"2011-05-14 12:00:00+00:00","0.112","0.8","0.0157809"
"2011-05-14 12:30:00+00:00","0.124","0.788","0.01566405"
"2011-05-14 13:00:00+00:00","0.092","0.706","0.0156456"
"2011-05-14 13:30:00+00:00","0.142","0.65","0.01563945"
"2011-05-14 14:00:00+00:00","0.103","0.619","0.0156579"
"2011-05-14 14:30:00+00:00","0.113","0.594","0.0154734"
"2011-05-14 15:00:00+00:00","0.117","0.481","0.01557795"
"2011-05-14 15:30:00+00:00","0.109","0.369","0.01566405"
"2011-05-14 16:00:00+00:00","0.119","0.244","0.01570095"
"2011-05-14 16:30:00+00:00","0.106","0.063","0.0158055"
"2011-05-14 17:00:00+00:00","0.129","0.0","0.0158055"
"2011-05-14 17:30:00+00:00","0.111","0.0","0.01868985"
"2011-05-14 18:00:00+00:00","0.099","0.0","0.0375642"
"2011-05-14 18:30:00+00:00","0.115","0.0","0.0253872"
"2011-05-14 19:00:00+00:00","0.11","0.0","0.02108835"
"2011-05-14 19:30:00+00:00","0.095","0.0","0.01950165"
"2011-05-14 20:00:00+00:00","0.15","0.0","0.016359"
"2011-05-14 20:30:00+00:00","0.08","0.0","0.0195939"
"2011-05-14 21:00:00+00:00","0.104","0.0","0.01980915"
"2011-05-14 21:30:00+00:00","0.139","0.0","0.01948935"
"2011-05-14 22:00:00+00:00","0.055","0.0","0.02021505"
"2011-05-14 22:30:00+00:00","0.157","0.0","0.02060865"
"2011-05-14 23:00:00+00:00","0.105","0.0","0.02016585"
"2011-05-14 23:30:00+00:00","0.082","0.0","0.0221769"
"2011-05-15 00:00:00+00:00","0.134","0.0","0.0206148"
"2011-05-15 00:30:00+00:00","0.075","0.0","0.0197661"
"2011-05-15 01:00:00+00:00","0.134","0.0","0.0187083"
"2011-05-15 01:30:00+00:00","0.089","0.0","0.01816095"
"2011-05-15 02:00:00+00:00","0.118","0.0","0.0168141"
"2011-05-15 02:30:00+00:00","0.119","0.0","0.01557795"
"2011-05-15 03:00:00+00:00","0.066","0.0","0.01556565"
"2011-05-15 03:30:00+00:00","0.157","0.0","0.01555335"
"2011-05-15 04:00:00+00:00","0.064","0.0","0.0155595"
"2011-05-15 04:30:00+00:00","0.12","0.0","0.01556565"
"2011-05-15 05:00:00+00:00","0.137","0.0","0.0155472"
"2011-05-15 05:30:00+00:00","0.055","0.0","0.01556565"
"2011-05-15 06:00:00+00:00","0.157","0.0","0.01555335"
"2011-05-15 06:30:00+00:00","0.068","0.0","0.0155841"
"2011-05-15 07:00:00+00:00","0.109","0.006","0.0156579"
"2011-05-15 07:30:00+00:00","0.124","0.088","0.01556565"
"2011-05-15 08:00:00+00:00","0.059","0.275","0.0157317"
"2011-05-15 08:30:00+00:00","0.151","0.413","0.0165312"
"2011-05-15 09:00:00+00:00","0.082","0.519","0.01706625"
"2011-05-15 09:30:00+00:00","0.1","0.606","0.01798875"
"2011-05-15 10:00:00+00:00","0.118","0.675","0.01811175"
"2011-05-15 10:30:00+00:00","0.086","0.725","0.0177612"
"2011-05-15 11:00:00+00:00","0.114","0.744","0.01675875"
"2011-05-15 11:30:00+00:00","0.119","0.756","0.0156456"
"2011-05-15 12:00:00+00:00","0.098","0.763","0.0156702"
"2011-05-15 12:30:00+00:00","0.12","0.75","0.0157194"
"2011-05-15 13:00:00+00:00","0.106","0.719","0.01557795"
"2011-05-15 13:30:00+00:00","0.12","0.681","0.0155964"
"2011-05-15 14:00:00+00:00","0.107","0.625","0.01557795"
"2011-05-15 14:30:00+00:00","0.099","0.55","0.01556565"
"2011-05-15 15:00:00+00:00","0.139","0.463","0.01556565"
"2011-05-15 15:30:00+00:00","0.084","0.356","0.01560255"
"2011-05-15 16:00:00+00:00","0.132","0.231","0.0156825"
"2011-05-15 16:30:00+00:00","0.118","0.1","0.015744"
"2011-05-15 17:00:00+00:00","0.079","0.0","0.016113"
"2011-05-15 17:30:00+00:00","0.166","0.0","0.0195816"
"2011-05-15 18:00:00+00:00","0.064","0.0","0.04017795"
"2011-05-15 18:30:00+00:00","0.125","0.0","0.03438465"
"2011-05-15 19:00:00+00:00","0.123","0.0","0.0271461"
"2011-05-15 19:30:00+00:00","0.077","0.0","0.0207378"
"2011-05-15 20:00:00+00:00","0.151","0.0","0.0197907"
"2011-05-15 20:30:00+00:00","0.079","0.0","0.0198768"
"2011-05-15 21:00:00+00:00","0.128","0.0","0.02038725"
"2011-05-15 21:30:00+00:00","0.089","0.0","0.0187329"
"2011-05-15 22:00:00+00:00","0.105","0.0","0.0183147"
"2011-05-15 22:30:00+00:00","0.132","0.0","0.0191511"
"2011-05-15 23:00:00+00:00","0.082","0.0","0.01722"
"2011-05-15 23:30:00+00:00","0.127","0.0","0.01925565"
"2011-05-16 00:00:00+00:00","0.088","0.0","0.0176136"
"2011-05-16 00:30:00+00:00","0.095","0.0","0.01775505"
"2011-05-16 01:00:00+00:00","0.128","0.0","0.01626675"
"2011-05-16 01:30:00+00:00","0.082","0.0","0.01667265"
"2011-05-16 02:00:00+00:00","0.107","0.0","0.0156333"
"2011-05-16 02:30:00+00:00","0.131","0.0","0.01556565"
"2011-05-16 03:00:00+00:00","0.071","0.0","0.0155472"
"2011-05-16 03:30:00+00:00","0.133","0.0","0.0155595"
"2011-05-16 04:00:00+00:00","0.1","0.0","0.01556565"
"2011-05-16 04:30:00+00:00","0.077","0.0","0.0155595"
"2011-05-16 05:00:00+00:00","0.138","0.0","0.0155595"
"2011-05-16 05:30:00+00:00","0.06","0.0","0.01557795"
"2011-05-16 06:00:00+00:00","0.142","0.0","0.01648815"
"2011-05-16 06:30:00+00:00","0.106","0.0","0.02103915"
"2011-05-16 07:00:00+00:00","0.065","0.0","0.02488905"
"2011-05-16 07:30:00+00:00","0.143","0.106","0.0221031"
"2011-05-16 08:00:00+00:00","0.054","0.294","0.02896035"
"2011-05-16 08:30:00+00:00","0.142","0.419","0.0288804"
"2011-05-16 09:00:00+00:00","0.077","0.525","0.0238374"
"2011-05-16 09:30:00+00:00","0.1","0.613","0.0227919"
"2011-05-16 10:00:00+00:00","0.126","0.681","0.02167875"
"2011-05-16 10:30:00+00:00","0.088","0.719","0.02183865"
"2011-05-16 11:00:00+00:00","0.127","0.75","0.0212544"
"2011-05-16 11:30:00+00:00","0.088","0.763","0.01866525"
"2011-05-16 12:00:00+00:00","0.129","0.769","0.0205533"
"2011-05-16 12:30:00+00:00","0.088","0.744","0.018327"
"2011-05-16 13:00:00+00:00","0.108","0.725","0.0178596"
"2011-05-16 13:30:00+00:00","0.137","0.681","0.01808715"
"2011-05-16 14:00:00+00:00","0.081","0.619","0.01813635"
"2011-05-16 14:30:00+00:00","0.13","0.556","0.01811175"
"2011-05-16 15:00:00+00:00","0.122","0.463","0.0178473"
"2011-05-16 15:30:00+00:00","0.081","0.356","0.0181056"
"2011-05-16 16:00:00+00:00","0.126","0.231","0.01737375"
"2011-05-16 16:30:00+00:00","0.119","0.094","0.01822245"
"2011-05-16 17:00:00+00:00","0.081","0.0","0.0196062"
"2011-05-16 17:30:00+00:00","0.157","0.0","0.0223368"
"2011-05-16 18:00:00+00:00","0.081","0.0","0.0466293"
"2011-05-16 18:30:00+00:00","0.11","0.0","0.02722605"
"2011-05-16 19:00:00+00:00","0.124","0.0","0.02474145"
"2011-05-16 19:30:00+00:00","0.075","0.0","0.02283495"
"2011-05-16 20:00:00+00:00","0.142","0.0","0.0230625"
"2011-05-16 20:30:00+00:00","0.074","0.006","0.02075625"
"2011-05-16 21:00:00+00:00","0.134","0.0","0.01832085"
"2011-05-16 21:30:00+00:00","0.083","0.0","0.01707855"
"2011-05-16 22:00:00+00:00","0.107","0.0","0.01698015"
"2011-05-16 22:30:00+00:00","0.137","0.0","0.02090385"
"2011-05-16 23:00:00+00:00","0.074","0.0","0.0194094"
"2011-05-16 23:30:00+00:00","0.138","0.0","0.0193971"
"2011-05-17 00:00:00+00:00","0.094","0.0","0.01892355"
"2011-05-17 00:30:00+00:00","0.087","0.0","0.0179826"
"2011-05-17 01:00:00+00:00","0.137","0.0","0.01640205"
"2011-05-17 01:30:00+00:00","0.083","0.0","0.02009205"
"2011-05-17 02:00:00+00:00","0.097","0.0","0.017712"
"2011-05-17 02:30:00+00:00","0.137","0.0","0.01563945"
"2011-05-17 03:00:00+00:00","0.056","0.0","0.0155595"
"2011-05-17 03:30:00+00:00","0.152","0.0","0.01554105"
"2011-05-17 04:00:00+00:00","0.097","0.0","0.01549185"
"2011-05-17 04:30:00+00:00","0.084","0.0","0.0155595"
"2011-05-17 05:00:00+00:00","0.139","0.0","0.0155595"
"2011-05-17 05:30:00+00:00","0.065","0.0","0.0156579"
"2011-05-17 06:00:00+00:00","0.138","0.0","0.0168141"
"2011-05-17 06:30:00+00:00","0.068","0.0","0.0200367"
"2011-05-17 07:00:00+00:00","0.13","0.0","0.0212052"
"2011-05-17 07:30:00+00:00","0.084","0.075","0.02208465"
"2011-05-17 08:00:00+00:00","0.1","0.256","0.02632815"
"2011-05-17 08:30:00+00:00","0.123","0.388","0.02383125"
"2011-05-17 09:00:00+00:00","0.086","0.5","0.02130975"
"2011-05-17 09:30:00+00:00","0.128","0.588","0.0215004"
"2011-05-17 10:00:00+00:00","0.085","0.656","0.02070705"
"2011-05-17 10:30:00+00:00","0.098","0.694","0.01984605"
"2011-05-17 11:00:00+00:00","0.14","0.713","0.0190896"
"2011-05-17 11:30:00+00:00","0.083","0.769","0.01771815"
"2011-05-17 12:00:00+00:00","0.112","0.75","0.01807485"
"2011-05-17 12:30:00+00:00","0.134","0.738","0.018327"
"2011-05-17 13:00:00+00:00","0.077","0.706","0.0178965"
"2011-05-17 13:30:00+00:00","0.141","0.663","0.01808715"
"2011-05-17 14:00:00+00:00","0.111","0.606","0.0177981"
"2011-05-17 14:30:00+00:00","0.086","0.531","0.0177858"
"2011-05-17 15:00:00+00:00","0.156","0.469","0.0173184"
"2011-05-17 15:30:00+00:00","0.066","0.338","0.016974"
"2011-05-17 16:00:00+00:00","0.138","0.206","0.01750905"
"2011-05-17 16:30:00+00:00","0.113","0.031","0.01742295"
"2011-05-17 17:00:00+00:00","0.1","0.0","0.01718925"
"2011-05-17 17:30:00+00:00","0.146","0.0","0.0216849"
"2011-05-17 18:00:00+00:00","0.077","0.0","0.0399873"
"2011-05-17 18:30:00+00:00","0.143","0.0","0.0241941"
"2011-05-17 19:00:00+00:00","0.083","0.0","0.024723"
"2011-05-17 19:30:00+00:00","0.12","0.0","0.02369595"
"2011-05-17 20:00:00+00:00","0.128","0.0","0.0222753"
"2011-05-17 20:30:00+00:00","0.085","0.0","0.0200121"
"2011-05-17 21:00:00+00:00","0.136","0.0","0.01915725"
"2011-05-17 21:30:00+00:00","0.107","0.0","0.01777965"
"2011-05-17 22:00:00+00:00","0.094","0.0","0.0176628"
"2011-05-17 22:30:00+00:00","0.135","0.0","0.02095305"
"2011-05-17 23:00:00+00:00","0.101","0.0","0.01825935"
"2011-05-17 23:30:00+00:00","0.087","0.0","0.0181179"
"2011-05-18 00:00:00+00:00","0.146","0.0","0.0177981"
"2011-05-18 00:30:00+00:00","0.074","0.0","0.0175644"
"2011-05-18 01:00:00+00:00","0.128","0.0","0.01597155"
"2011-05-18 01:30:00+00:00","0.114","0.0","0.01699245"
"2011-05-18 02:00:00+00:00","0.093","0.0","0.01559025"
"2011-05-18 02:30:00+00:00","0.133","0.0","0.0155595"
"2011-05-18 03:00:00+00:00","0.082","0.0","0.0155103"
"2011-05-18 03:30:00+00:00","0.145","0.0","0.0152889"
"2011-05-18 04:00:00+00:00","0.077","0.0","0.01509825"
"2011-05-18 04:30:00+00:00","0.118","0.0","0.0155226"
"2011-05-18 05:00:00+00:00","0.134","0.0","0.0155595"
"2011-05-18 05:30:00+00:00","0.062","0.0","0.01561485"
"2011-05-18 06:00:00+00:00","0.153","0.0","0.0161745"
"2011-05-18 06:30:00+00:00","0.068","0.0","0.0208362"
"2011-05-18 07:00:00+00:00","0.111","0.0","0.02032575"
"2011-05-18 07:30:00+00:00","0.12","0.088","0.01616835"
"2011-05-18 08:00:00+00:00","0.071","0.269","0.0173799"
"2011-05-18 08:30:00+00:00","0.137","0.394","0.01604535"
"2011-05-18 09:00:00+00:00","0.104","0.5","0.01566405"
"2011-05-18 09:30:00+00:00","0.092","0.581","0.0156825"
"2011-05-18 10:00:00+00:00","0.12","0.644","0.0156702"
"2011-05-18 10:30:00+00:00","0.105","0.694","0.0156333"
"2011-05-18 11:00:00+00:00","0.101","0.719","0.01560255"
"2011-05-18 11:30:00+00:00","0.127","0.738","0.01562715"
"2011-05-18 12:00:00+00:00","0.113","0.744","0.01562715"
"2011-05-18 12:30:00+00:00","0.109","0.725","0.0155841"
"2011-05-18 13:00:00+00:00","0.108","0.7","0.01556565"
"2011-05-18 13:30:00+00:00","0.131","0.663","0.01565175"
"2011-05-18 14:00:00+00:00","0.103","0.606","0.01609455"
"2011-05-18 14:30:00+00:00","0.105","0.525","0.0156333"
"2011-05-18 15:00:00+00:00","0.162","0.431","0.01563945"
"2011-05-18 15:30:00+00:00","0.077","0.331","0.01610685"
"2011-05-18 16:00:00+00:00","0.129","0.213","0.0161376"
"2011-05-18 16:30:00+00:00","0.14","0.069","0.0164328"
"2011-05-18 17:00:00+00:00","0.072","0.0","0.01766895"
"2011-05-18 17:30:00+00:00","0.17","0.0","0.02067015"
"2011-05-18 18:00:00+00:00","0.092","0.0","0.0257439"
"2011-05-18 18:30:00+00:00","0.103","0.0","0.02165415"
"2011-05-18 19:00:00+00:00","0.149","0.0","0.0194586"
"2011-05-18 19:30:00+00:00","0.071","0.0","0.0179457"
"2011-05-18 20:00:00+00:00","0.147","0.0","0.0183885"
"2011-05-18 20:30:00+00:00","0.094","0.0","0.0174783"
"2011-05-18 21:00:00+00:00","0.123","0.0","0.0166788"
"2011-05-18 21:30:00+00:00","0.124","0.0","0.01664805"
"2011-05-18 22:00:00+00:00","0.085","0.0","0.01642665"
"2011-05-18 22:30:00+00:00","0.149","0.0","0.0202581"
"2011-05-18 23:00:00+00:00","0.073","0.0","0.0173799"
"2011-05-18 23:30:00+00:00","0.126","0.0","0.0187083"
"2011-05-19 00:00:00+00:00","0.138","0.0","0.01761975"
"2011-05-19 00:30:00+00:00","0.066","0.0","0.01745985"
"2011-05-19 01:00:00+00:00","0.153","0.0","0.0161376"
"2011-05-19 01:30:00+00:00","0.098","0.0","0.0185976"
"2011-05-19 02:00:00+00:00","0.092","0.0","0.01575015"
"2011-05-19 02:30:00+00:00","0.15","0.0","0.0155472"
"2011-05-19 03:00:00+00:00","0.098","0.0","0.0155472"
"2011-05-19 03:30:00+00:00","0.114","0.0","0.015498"
"2011-05-19 04:00:00+00:00","0.116","0.0","0.0154857"
"2011-05-19 04:30:00+00:00","0.103","0.0","0.0155349"
"2011-05-19 05:00:00+00:00","0.109","0.0","0.0155595"
"2011-05-19 05:30:00+00:00","0.109","0.0","0.01556565"
"2011-05-19 06:00:00+00:00","0.128","0.0","0.0160515"
"2011-05-19 06:30:00+00:00","0.093","0.006","0.02007975"
"2011-05-19 07:00:00+00:00","0.105","0.0","0.0231486"
"2011-05-19 07:30:00+00:00","0.134","0.063","0.01761975"
"2011-05-19 08:00:00+00:00","0.085","0.163","0.02031345"
"2011-05-19 08:30:00+00:00","0.108","0.3","0.0199137"
"2011-05-19 09:00:00+00:00","0.138","0.294","0.0179334"
"2011-05-19 09:30:00+00:00","0.075","0.431","0.0174414"
"2011-05-19 10:00:00+00:00","0.135","0.363","0.01725075"
"2011-05-19 10:30:00+00:00","0.123","0.281","0.01669725"
"2011-05-19 11:00:00+00:00","0.074","0.456","0.01643895"
"2011-05-19 11:30:00+00:00","0.156","0.581","0.0167895"
"2011-05-19 12:00:00+00:00","0.095","0.75","0.01614375"
"2011-05-19 12:30:00+00:00","0.112","0.613","0.01579935"
"2011-05-19 13:00:00+00:00","0.13","0.625","0.01579935"
"2011-05-19 13:30:00+00:00","0.101","0.631","0.01608225"
"2011-05-19 14:00:00+00:00","0.135","0.538","0.01621755"
"2011-05-19 14:30:00+00:00","0.093","0.538","0.0161745"
"2011-05-19 15:00:00+00:00","0.146","0.35","0.0161991"
"2011-05-19 15:30:00+00:00","0.109","0.288","0.0164451"
"2011-05-19 16:00:00+00:00","0.09","0.231","0.01621755"
"2011-05-19 16:30:00+00:00","0.171","0.075","0.01340085"
"2011-05-19 17:00:00+00:00","0.074","0.0","0.0158547"
"2011-05-19 17:30:00+00:00","0.133","0.0","0.02622975"
"2011-05-19 18:00:00+00:00","0.208","0.0","0.0373428"
"2011-05-19 18:30:00+00:00","0.253","0.0","0.0340956"
"2011-05-19 19:00:00+00:00","0.385","0.0","0.024231"
"2011-05-19 19:30:00+00:00","0.271","0.0","0.02122365"
"2011-05-19 20:00:00+00:00","0.356","0.0","0.0209346"
"2011-05-19 20:30:00+00:00","0.194","0.0","0.01849305"
"2011-05-19 21:00:00+00:00","0.118","0.0","0.01823475"
"2011-05-19 21:30:00+00:00","0.146","0.0","0.016728"
"2011-05-19 22:00:00+00:00","0.154","0.0","0.016605"
"2011-05-19 22:30:00+00:00","0.104","0.0","0.02015355"
"2011-05-19 23:00:00+00:00","0.13","0.0","0.01795185"
"2011-05-19 23:30:00+00:00","0.132","0.0","0.0197784"
"2011-05-20 00:00:00+00:00","0.113","0.0","0.0195201"
"2011-05-20 00:30:00+00:00","0.132","0.0","0.0200367"
"2011-05-20 01:00:00+00:00","0.092","0.0","0.0186468"
"2011-05-20 01:30:00+00:00","0.161","0.0","0.01958775"
"2011-05-20 02:00:00+00:00","0.106","0.0","0.01702935"
"2011-05-20 02:30:00+00:00","0.101","0.0","0.0160884"
"2011-05-20 03:00:00+00:00","0.167","0.0","0.0156087"
"2011-05-20 03:30:00+00:00","0.071","0.0","0.01557795"
"2011-05-20 04:00:00+00:00","0.142","0.0","0.0155595"
"2011-05-20 04:30:00+00:00","0.118","0.0","0.0155964"
"2011-05-20 05:00:00+00:00","0.104","0.0","0.0156825"
"2011-05-20 05:30:00+00:00","0.145","0.0","0.0163713"
"2011-05-20 06:00:00+00:00","0.079","0.0","0.01771815"
"2011-05-20 06:30:00+00:00","0.168","0.0","0.02073165"
"2011-05-20 07:00:00+00:00","0.107","0.0","0.025953"
"2011-05-20 07:30:00+00:00","0.313","0.081","0.0162237"
"2011-05-20 08:00:00+00:00","0.238","0.25","0.02488905"
"2011-05-20 08:30:00+00:00","0.059","0.388","0.02577465"
"2011-05-20 09:00:00+00:00","0.287","0.494","0.0171216"
"2011-05-20 09:30:00+00:00","0.136","0.569","0.01801335"
"2011-05-20 10:00:00+00:00","0.153","0.631","0.01672185"
"2011-05-20 10:30:00+00:00","0.276","0.675","0.017097"
"2011-05-20 11:00:00+00:00","0.15","0.706","0.01614375"
"2011-05-20 11:30:00+00:00","0.212","0.725","0.0160884"
"2011-05-20 12:00:00+00:00","0.164","0.731","0.01599"
"2011-05-20 12:30:00+00:00","0.1","0.713","0.0163836"
"2011-05-20 13:00:00+00:00","0.166","0.688","0.01621755"
"2011-05-20 13:30:00+00:00","0.144","0.644","0.01707855"
"2011-05-20 14:00:00+00:00","0.112","0.594","0.01647585"
"2011-05-20 14:30:00+00:00","0.155","0.525","0.01680795"
"2011-05-20 15:00:00+00:00","0.137","0.381","0.01597155"
"2011-05-20 15:30:00+00:00","0.12","0.344","0.0165681"
"2011-05-20 16:00:00+00:00","0.16","0.156","0.01779195"
"2011-05-20 16:30:00+00:00","0.122","0.019","0.0166419"
"2011-05-20 17:00:00+00:00","0.17","0.0","0.01631595"
"2011-05-20 17:30:00+00:00","0.252","0.0","0.02729985"
"2011-05-20 18:00:00+00:00","0.198","0.006","0.0362727"
"2011-05-20 18:30:00+00:00","0.301","0.0","0.0169371"
"2011-05-20 19:00:00+00:00","0.399","0.0","0.01714005"
"2011-05-20 19:30:00+00:00","0.22","0.0","0.0164697"
"2011-05-20 20:00:00+00:00","0.195","0.0","0.0166419"
"2011-05-20 20:30:00+00:00","0.179","0.0","0.01695555"
"2011-05-20 21:00:00+00:00","0.145","0.0","0.0174906"
"2011-05-20 21:30:00+00:00","0.181","0.0","0.01683255"
"2011-05-20 22:00:00+00:00","0.152","0.0","0.0171093"
"2011-05-20 22:30:00+00:00","0.117","0.0","0.0267156"
"2011-05-20 23:00:00+00:00","0.176","0.0","0.02074395"
"2011-05-20 23:30:00+00:00","0.101","0.0","0.02272425"
"2011-05-21 00:00:00+00:00","0.166","0.0","0.0207255"
"2011-05-21 00:30:00+00:00","0.128","0.0","0.0203196"
"2011-05-21 01:00:00+00:00","0.092","0.0","0.02010435"
"2011-05-21 01:30:00+00:00","0.172","0.0","0.0218694"
"2011-05-21 02:00:00+00:00","0.089","0.0","0.01862835"
"2011-05-21 02:30:00+00:00","0.147","0.0","0.0158055"
"2011-05-21 03:00:00+00:00","0.1","0.0","0.01556565"
"2011-05-21 03:30:00+00:00","0.112","0.0","0.0154611"
"2011-05-21 04:00:00+00:00","0.156","0.0","0.015375"
"2011-05-21 04:30:00+00:00","0.118","0.0","0.01563945"
"2011-05-21 05:00:00+00:00","0.11","0.0","0.0156702"
"2011-05-21 05:30:00+00:00","0.134","0.0","0.0156579"
"2011-05-21 06:00:00+00:00","0.113","0.0","0.0156825"
"2011-05-21 06:30:00+00:00","0.117","0.0","0.0161622"
"2011-05-21 07:00:00+00:00","0.217","0.0","0.01568865"
"2011-05-21 07:30:00+00:00","0.121","0.019","0.01568865"
"2011-05-21 08:00:00+00:00","0.175","0.056","0.0158547"
"2011-05-21 08:30:00+00:00","0.098","0.119","0.0167526"
"2011-05-21 09:00:00+00:00","0.292","0.319","0.01750905"
"2011-05-21 09:30:00+00:00","0.161","0.588","0.01797645"
"2011-05-21 10:00:00+00:00","0.146","0.613","0.0173922"
"2011-05-21 10:30:00+00:00","0.244","0.681","0.01791495"
"2011-05-21 11:00:00+00:00","0.209","0.706","0.0176628"
"2011-05-21 11:30:00+00:00","0.122","0.725","0.01637745"
"2011-05-21 12:00:00+00:00","0.157","0.719","0.01568865"
"2011-05-21 12:30:00+00:00","0.094","0.7","0.01568865"
"2011-05-21 13:00:00+00:00","0.123","0.675","0.01568865"
"2011-05-21 13:30:00+00:00","0.142","0.638","0.01568865"
"2011-05-21 14:00:00+00:00","0.096","0.588","0.01568865"
"2011-05-21 14:30:00+00:00","0.156","0.506","0.01568865"
"2011-05-21 15:00:00+00:00","0.083","0.425","0.01568865"
"2011-05-21 15:30:00+00:00","0.14","0.325","0.01568865"
"2011-05-21 16:00:00+00:00","0.156","0.2","0.01571325"
"2011-05-21 16:30:00+00:00","0.065","0.069","0.01568865"
"2011-05-21 17:00:00+00:00","0.17","0.0","0.01675875"
"2011-05-21 17:30:00+00:00","0.113","0.0","0.01904655"
"2011-05-21 18:00:00+00:00","0.096","0.0","0.02212155"
"2011-05-21 18:30:00+00:00","0.161","0.0","0.01897275"
"2011-05-21 19:00:00+00:00","0.176","0.0","0.0171093"
"2011-05-21 19:30:00+00:00","0.35","0.0","0.01600845"
"2011-05-21 20:00:00+00:00","0.253","0.0","0.0156825"
"2011-05-21 20:30:00+00:00","0.165","0.0","0.0158424"
"2011-05-21 21:00:00+00:00","0.199","0.0","0.01568865"
"2011-05-21 21:30:00+00:00","0.194","0.0","0.0156825"
"2011-05-21 22:00:00+00:00","0.095","0.0","0.01568865"
"2011-05-21 22:30:00+00:00","0.174","0.0","0.01568865"
"2011-05-21 23:00:00+00:00","0.157","0.0","0.015867"
"2011-05-21 23:30:00+00:00","0.08","0.0","0.0170355"
"2011-05-22 00:00:00+00:00","0.163","0.0","0.01550415"
"2011-05-22 00:30:00+00:00","0.107","0.0","0.0155964"
"2011-05-22 01:00:00+00:00","0.118","0.0","0.01568865"
"2011-05-22 01:30:00+00:00","0.142","0.0","0.016113"
"2011-05-22 02:00:00+00:00","0.087","0.0","0.0155349"
"2011-05-22 02:30:00+00:00","0.155","0.0","0.01539345"
"2011-05-22 03:00:00+00:00","0.106","0.0","0.01530735"
"2011-05-22 03:30:00+00:00","0.111","0.0","0.015252"
"2011-05-22 04:00:00+00:00","0.167","0.0","0.0149814"
"2011-05-22 04:30:00+00:00","0.064","0.0","0.01450785"
"2011-05-22 05:00:00+00:00","0.15","0.0","0.0140712"
"2011-05-22 05:30:00+00:00","0.128","0.0","0.0135915"
"2011-05-22 06:00:00+00:00","0.079","0.0","0.01411425"
"2011-05-22 06:30:00+00:00","0.173","0.0","0.0138498"
"2011-05-22 07:00:00+00:00","0.204","0.006","0.01559025"
"2011-05-22 07:30:00+00:00","0.19","0.044","0.01562715"
"2011-05-22 08:00:00+00:00","0.145","0.094","0.0156579"
"2011-05-22 08:30:00+00:00","0.108","0.163","0.01568865"
"2011-05-22 09:00:00+00:00","0.191","0.25","0.01591005"
"2011-05-22 09:30:00+00:00","0.334","0.263","0.01567635"
"2011-05-22 10:00:00+00:00","0.265","0.5","0.0156825"
"2011-05-22 10:30:00+00:00","0.124","0.681","0.01568865"
"2011-05-22 11:00:00+00:00","0.149","0.706","0.01568865"
"2011-05-22 11:30:00+00:00","0.605","0.594","0.01568865"
"2011-05-22 12:00:00+00:00","0.217","0.431","0.01568865"
"2011-05-22 12:30:00+00:00","0.159","0.575","0.01568865"
"2011-05-22 13:00:00+00:00","0.189","0.525","0.01568865"
"2011-05-22 13:30:00+00:00","0.207","0.663","0.01568865"
"2011-05-22 14:00:00+00:00","0.108","0.363","0.01568865"
"2011-05-22 14:30:00+00:00","0.158","0.513","0.01568865"
"2011-05-22 15:00:00+00:00","0.1","0.206","0.01568865"
"2011-05-22 15:30:00+00:00","0.353","0.056","0.01568865"
"2011-05-22 16:00:00+00:00","0.192","0.144","0.01568865"
"2011-05-22 16:30:00+00:00","0.136","0.113","0.0159777"
"2011-05-22 17:00:00+00:00","0.211","0.0","0.01619295"
"2011-05-22 17:30:00+00:00","0.184","0.0","0.0171462"
"2011-05-22 18:00:00+00:00","0.153","0.0","0.01975995"
"2011-05-22 18:30:00+00:00","0.318","0.0","0.01822245"
"2011-05-22 19:00:00+00:00","0.252","0.0","0.01645125"
"2011-05-22 19:30:00+00:00","0.236","0.0","0.015867"
"2011-05-22 20:00:00+00:00","0.215","0.0","0.01568865"
"2011-05-22 20:30:00+00:00","0.217","0.0","0.01572555"
"2011-05-22 21:00:00+00:00","0.147","0.0","0.0156825"
"2011-05-22 21:30:00+00:00","0.172","0.0","0.01568865"
"2011-05-22 22:00:00+00:00","0.092","0.0","0.01567635"
"2011-05-22 22:30:00+00:00","0.318","0.0","0.01568865"
"2011-05-22 23:00:00+00:00","0.864","0.0","0.01568865"
"2011-05-22 23:30:00+00:00","0.082","0.0","0.0159777"
"2011-05-23 00:00:00+00:00","0.175","0.0","0.0156825"
"2011-05-23 00:30:00+00:00","0.104","0.0","0.0156333"
"2011-05-23 01:00:00+00:00","0.113","0.0","0.0155226"
"2011-05-23 01:30:00+00:00","0.134","0.0","0.01566405"
"2011-05-23 02:00:00+00:00","0.119","0.0","0.0154734"
"2011-05-23 02:30:00+00:00","0.11","0.0","0.0152274"
"2011-05-23 03:00:00+00:00","0.145","0.0","0.015006"
"2011-05-23 03:30:00+00:00","0.11","0.0","0.01523355"
"2011-05-23 04:00:00+00:00","0.143","0.0","0.0148338"
"2011-05-23 04:30:00+00:00","0.12","0.0","0.0148461"
"2011-05-23 05:00:00+00:00","0.104","0.0","0.01538115"
"2011-05-23 05:30:00+00:00","0.174","0.0","0.01547955"
"2011-05-23 06:00:00+00:00","0.066","0.0","0.0157686"
"2011-05-23 06:30:00+00:00","0.158","0.0","0.0168141"
"2011-05-23 07:00:00+00:00","0.359","0.0","0.016113"
"2011-05-23 07:30:00+00:00","0.264","0.0","0.01487685"
"2011-05-23 08:00:00+00:00","0.289","0.0","0.0157194"
"2011-05-23 08:30:00+00:00","0.116","0.044","0.01589775"
"2011-05-23 09:00:00+00:00","0.136","0.044","0.01571325"
"2011-05-23 09:30:00+00:00","0.149","0.088","0.01568865"
"2011-05-23 10:00:00+00:00","0.118","0.144","0.015744"
"2011-05-23 10:30:00+00:00","0.186","0.663","0.0157194"
"2011-05-23 11:00:00+00:00","0.291","0.725","0.01593465"
"2011-05-23 11:30:00+00:00","0.117","0.756","0.0159039"
"2011-05-23 12:00:00+00:00","0.154","0.656","0.01568865"
"2011-05-23 12:30:00+00:00","0.219","0.713","0.0156948"
"2011-05-23 13:00:00+00:00","0.232","0.719","0.01568865"
"2011-05-23 13:30:00+00:00","0.371","0.45","0.0159408"
"2011-05-23 14:00:00+00:00","0.172","0.456","0.01599615"
"2011-05-23 14:30:00+00:00","0.238","0.544","0.0158055"
"2011-05-23 15:00:00+00:00","0.212","0.45","0.01568865"
"2011-05-23 15:30:00+00:00","0.243","0.313","0.01568865"
"2011-05-23 16:00:00+00:00","0.231","0.206","0.01595925"
"2011-05-23 16:30:00+00:00","0.158","0.063","0.01593465"
"2011-05-23 17:00:00+00:00","0.361","0.0","0.01659885"
"2011-05-23 17:30:00+00:00","0.27","0.0","0.0208854"
"2011-05-23 18:00:00+00:00","0.289","0.0","0.0231363"
"2011-05-23 18:30:00+00:00","0.33","0.0","0.020664"
"2011-05-23 19:00:00+00:00","0.325","0.0","0.01744755"
"2011-05-23 19:30:00+00:00","0.214","0.0","0.01626675"
"2011-05-23 20:00:00+00:00","0.257","0.0","0.0161499"
"2011-05-23 20:30:00+00:00","0.232","0.0","0.0163467"
"2011-05-23 21:00:00+00:00","0.186","0.0","0.0160023"
"2011-05-23 21:30:00+00:00","0.189","0.0","0.01572555"
"2011-05-23 22:00:00+00:00","0.159","0.0","0.01555335"
"2011-05-23 22:30:00+00:00","0.094","0.0","0.0177489"
"2011-05-23 23:00:00+00:00","0.155","0.0","0.0162729"
"2011-05-23 23:30:00+00:00","0.11","0.0","0.0162483"
"2011-05-24 00:00:00+00:00","0.147","0.0","0.01591005"
"2011-05-24 00:30:00+00:00","0.129","0.0","0.0158424"
"2011-05-24 01:00:00+00:00","0.105","0.0","0.01568865"
"2011-05-24 01:30:00+00:00","0.15","0.0","0.01701705"
"2011-05-24 02:00:00+00:00","0.135","0.0","0.0156825"
"2011-05-24 02:30:00+00:00","0.091","0.0","0.01560255"
"2011-05-24 03:00:00+00:00","0.148","0.0","0.0153873"
"2011-05-24 03:30:00+00:00","0.14","0.0","0.01538115"
"2011-05-24 04:00:00+00:00","0.087","0.0","0.01540575"
"2011-05-24 04:30:00+00:00","0.163","0.0","0.01563945"
"2011-05-24 05:00:00+00:00","0.111","0.0","0.01545495"
"2011-05-24 05:30:00+00:00","0.123","0.0","0.0156579"
"2011-05-24 06:00:00+00:00","0.139","0.0","0.0157194"
"2011-05-24 06:30:00+00:00","0.125","0.0","0.0158916"
"2011-05-24 07:00:00+00:00","0.192","0.0","0.01648815"
"2011-05-24 07:30:00+00:00","0.103","0.006","0.0154242"
"2011-05-24 08:00:00+00:00","0.209","0.038","0.0157317"
"2011-05-24 08:30:00+00:00","0.359","0.138","0.0156825"
"2011-05-24 09:00:00+00:00","0.103","0.413","0.01568865"
"2011-05-24 09:30:00+00:00","0.141","0.581","0.01568865"
"2011-05-24 10:00:00+00:00","0.12","0.644","0.0158178"
"2011-05-24 10:30:00+00:00","0.105","0.694","0.01568865"
"2011-05-24 11:00:00+00:00","0.147","0.725","0.01568865"
"2011-05-24 11:30:00+00:00","0.311","0.738","0.01568865"
"2011-05-24 12:00:00+00:00","0.226","0.738","0.01568865"
"2011-05-24 12:30:00+00:00","0.385","0.681","0.01568865"
"2011-05-24 13:00:00+00:00","0.174","0.738","0.01568865"
"2011-05-24 13:30:00+00:00","0.184","0.294","0.01568865"
"2011-05-24 14:00:00+00:00","0.19","0.144","0.01568865"
"2011-05-24 14:30:00+00:00","0.145","0.094","0.01568865"
"2011-05-24 15:00:00+00:00","0.204","0.088","0.01568865"
"2011-05-24 15:30:00+00:00","0.382","0.075","0.0156825"
"2011-05-24 16:00:00+00:00","0.238","0.056","0.01631595"
"2011-05-24 16:30:00+00:00","0.29","0.025","0.0157563"
"2011-05-24 17:00:00+00:00","0.283","0.006","0.01621755"
"2011-05-24 17:30:00+00:00","0.469","0.0","0.0207993"
"2011-05-24 18:00:00+00:00","0.446","0.0","0.0370476"
"2011-05-24 18:30:00+00:00","0.294","0.0","0.02476605"
"2011-05-24 19:00:00+00:00","0.423","0.0","0.01929255"
"2011-05-24 19:30:00+00:00","0.242","0.0","0.01627905"
"2011-05-24 20:00:00+00:00","0.159","0.0","0.01631595"
"2011-05-24 20:30:00+00:00","0.258","0.0","0.0166542"
"2011-05-24 21:00:00+00:00","0.258","0.0","0.01663575"
"2011-05-24 21:30:00+00:00","0.109","0.0","0.0166173"
"2011-05-24 22:00:00+00:00","0.178","0.0","0.01599615"
"2011-05-24 22:30:00+00:00","0.148","0.0","0.01859145"
"2011-05-24 23:00:00+00:00","0.902","0.0","0.016974"
"2011-05-24 23:30:00+00:00","0.207","0.0","0.01685715"
"2011-05-25 00:00:00+00:00","0.119","0.0","0.01691865"
"2011-05-25 00:30:00+00:00","0.12","0.0","0.01584855"
"2011-05-25 01:00:00+00:00","0.137","0.0","0.01568865"
"2011-05-25 01:30:00+00:00","0.106","0.0","0.016728"
"2011-05-25 02:00:00+00:00","0.154","0.0","0.01568865"
"2011-05-25 02:30:00+00:00","0.098","0.0","0.01559025"
"2011-05-25 03:00:00+00:00","0.124","0.0","0.0154242"
"2011-05-25 03:30:00+00:00","0.144","0.0","0.01459395"
"2011-05-25 04:00:00+00:00","0.106","0.0","0.01492605"
"2011-05-25 04:30:00+00:00","0.108","0.0","0.0149814"
"2011-05-25 05:00:00+00:00","0.168","0.0","0.0153258"
"2011-05-25 05:30:00+00:00","0.057","0.0","0.01556565"
"2011-05-25 06:00:00+00:00","0.172","0.0","0.01573785"
"2011-05-25 06:30:00+00:00","0.158","0.0","0.01763205"
"2011-05-25 07:00:00+00:00","0.084","0.0","0.01790265"
"2011-05-25 07:30:00+00:00","0.189","0.0","0.01733685"
"2011-05-25 08:00:00+00:00","0.103","0.0","0.019557"
"2011-05-25 08:30:00+00:00","0.215","0.0","0.01971075"
"2011-05-25 09:00:00+00:00","0.281","0.013","0.01912035"
"2011-05-25 09:30:00+00:00","0.137","0.044","0.02091"
"2011-05-25 10:00:00+00:00","0.161","0.069","0.0212052"
"2011-05-25 10:30:00+00:00","0.25","0.169","0.02138355"
"2011-05-25 11:00:00+00:00","0.167","0.356","0.01964925"
"2011-05-25 11:30:00+00:00","0.258","0.219","0.0202827"
"2011-05-25 12:00:00+00:00","0.19","0.363","0.02051025"
"2011-05-25 12:30:00+00:00","0.346","0.2","0.0173553"
"2011-05-25 13:00:00+00:00","0.454","0.113","0.01864065"
"2011-05-25 13:30:00+00:00","0.132","0.175","0.0179703"
"2011-05-25 14:00:00+00:00","0.167","0.131","0.0186468"
"2011-05-25 14:30:00+00:00","0.154","0.2","0.01813635"
"2011-05-25 15:00:00+00:00","0.287","0.113","0.0178596"
"2011-05-25 15:30:00+00:00","0.196","0.075","0.0178965"
"2011-05-25 16:00:00+00:00","0.197","0.063","0.0181425"
"2011-05-25 16:30:00+00:00","0.13","0.006","0.01777965"
"2011-05-25 17:00:00+00:00","0.528","0.0","0.0182163"
"2011-05-25 17:30:00+00:00","1.117","0.0","0.0219801"
"2011-05-25 18:00:00+00:00","1.311","0.0","0.04348665"
"2011-05-25 18:30:00+00:00","0.883","0.0","0.03611895"
"2011-05-25 19:00:00+00:00","1.167","0.0","0.0228288"
"2011-05-25 19:30:00+00:00","1.002","0.0","0.01972305"
"2011-05-25 20:00:00+00:00","1.11","0.0","0.0229149"
"2011-05-25 20:30:00+00:00","0.416","0.0","0.0242556"
"2011-05-25 21:00:00+00:00","0.176","0.0","0.0232347"
"2011-05-25 21:30:00+00:00","0.127","0.0","0.0218325"
"2011-05-25 22:00:00+00:00","0.165","0.0","0.01955085"
"2011-05-25 22:30:00+00:00","0.129","0.0","0.02327775"
"2011-05-25 23:00:00+00:00","0.088","0.0","0.0208608"
"2011-05-25 23:30:00+00:00","0.977","0.0","0.0212667"
"2011-05-26 00:00:00+00:00","0.146","0.0","0.02063325"
"2011-05-26 00:30:00+00:00","0.14","0.0","0.02017815"
"2011-05-26 01:00:00+00:00","0.113","0.0","0.01914495"
"2011-05-26 01:30:00+00:00","0.073","0.0","0.020172"
"2011-05-26 02:00:00+00:00","0.155","0.0","0.0184869"
"2011-05-26 02:30:00+00:00","0.084","0.0","0.01792725"
"2011-05-26 03:00:00+00:00","0.124","0.0","0.0160515"
"2011-05-26 03:30:00+00:00","0.105","0.0","0.01568865"
"2011-05-26 04:00:00+00:00","0.098","0.0","0.01568865"
"2011-05-26 04:30:00+00:00","0.145","0.0","0.01568865"
"2011-05-26 05:00:00+00:00","0.101","0.0","0.01568865"
"2011-05-26 05:30:00+00:00","0.079","0.0","0.01700475"
"2011-05-26 06:00:00+00:00","0.136","0.0","0.01743525"
"2011-05-26 06:30:00+00:00","0.172","0.0","0.0214389"
"2011-05-26 07:00:00+00:00","0.213","0.0","0.0249444"
"2011-05-26 07:30:00+00:00","0.303","0.0","0.02145735"
"2011-05-26 08:00:00+00:00","0.288","0.006","0.0269247"
"2011-05-26 08:30:00+00:00","0.417","0.031","0.02535645"
"2011-05-26 09:00:00+00:00","0.17","0.044","0.0211314"
"2011-05-26 09:30:00+00:00","0.083","0.1","0.0211191"
"2011-05-26 10:00:00+00:00","0.16","0.113","0.019434"
"2011-05-26 10:30:00+00:00","0.089","0.125","0.01752135"
"2011-05-26 11:00:00+00:00","0.096","0.225","0.0163836"
"2011-05-26 11:30:00+00:00","0.139","0.119","0.01629135"
"2011-05-26 12:00:00+00:00","0.763","0.106","0.0158793"
"2011-05-26 12:30:00+00:00","0.257","0.075","0.01592235"
"2011-05-26 13:00:00+00:00","0.558","0.063","0.01652505"
"2011-05-26 13:30:00+00:00","0.5","0.113","0.0159162"
"2011-05-26 14:00:00+00:00","0.226","0.163","0.0159162"
"2011-05-26 14:30:00+00:00","0.183","0.381","0.0159162"
"2011-05-26 15:00:00+00:00","0.306","0.35","0.0159285"
"2011-05-26 15:30:00+00:00","0.193","0.331","0.01592235"
"2011-05-26 16:00:00+00:00","0.198","0.206","0.01602075"
"2011-05-26 16:30:00+00:00","0.219","0.069","0.01599615"
"2011-05-26 17:00:00+00:00","1.155","0.0","0.01669725"
"2011-05-26 17:30:00+00:00","1.103","0.0","0.02000595"
"2011-05-26 18:00:00+00:00","1.343","0.0","0.02250285"
"2011-05-26 18:30:00+00:00","1.097","0.0","0.02110065"
"2011-05-26 19:00:00+00:00","0.876","0.0","0.0185484"
"2011-05-26 19:30:00+00:00","1.006","0.0","0.0210207"
"2011-05-26 20:00:00+00:00","0.789","0.0","0.0273552"
"2011-05-26 20:30:00+00:00","0.873","0.0","0.02641425"
"2011-05-26 21:00:00+00:00","0.138","0.0","0.02348685"
"2011-05-26 21:30:00+00:00","0.129","0.0","0.0210699"
"2011-05-26 22:00:00+00:00","0.134","0.0","0.01924335"
"2011-05-26 22:30:00+00:00","0.099","0.0","0.02549175"
"2011-05-26 23:00:00+00:00","0.158","0.0","0.0234438"
"2011-05-26 23:30:00+00:00","0.091","0.0","0.02453235"
"2011-05-27 00:00:00+00:00","0.11","0.0","0.0238989"
"2011-05-27 00:30:00+00:00","0.131","0.0","0.0211683"
"2011-05-27 01:00:00+00:00","0.112","0.0","0.0202335"
"2011-05-27 01:30:00+00:00","0.1","0.0","0.0209346"
"2011-05-27 02:00:00+00:00","0.133","0.0","0.0191511"
"2011-05-27 02:30:00+00:00","0.106","0.0","0.01733685"
"2011-05-27 03:00:00+00:00","0.123","0.0","0.01630365"
"2011-05-27 03:30:00+00:00","0.122","0.0","0.01578705"
"2011-05-27 04:00:00+00:00","0.103","0.0","0.01568865"
"2011-05-27 04:30:00+00:00","0.133","0.0","0.01568865"
"2011-05-27 05:00:00+00:00","0.083","0.0","0.01586085"
"2011-05-27 05:30:00+00:00","0.148","0.0","0.0172692"
"2011-05-27 06:00:00+00:00","0.08","0.0","0.0183639"
"2011-05-27 06:30:00+00:00","0.164","0.0","0.02277345"
"2011-05-27 07:00:00+00:00","0.293","0.0","0.0291141"
"2011-05-27 07:30:00+00:00","0.072","0.069","0.02384355"
"2011-05-27 08:00:00+00:00","0.25","0.25","0.0323121"
"2011-05-27 08:30:00+00:00","0.305","0.381","0.027798"
"2011-05-27 09:00:00+00:00","0.188","0.494","0.02244135"
"2011-05-27 09:30:00+00:00","0.173","0.575","0.02290875"
"2011-05-27 10:00:00+00:00","0.123","0.644","0.01963695"
"2011-05-27 10:30:00+00:00","0.065","0.694","0.01893585"
"2011-05-27 11:00:00+00:00","0.158","0.725","0.01936635"
"2011-05-27 11:30:00+00:00","0.093","0.75","0.01903425"
"2011-05-27 12:00:00+00:00","0.11","0.75","0.0175152"
"2011-05-27 12:30:00+00:00","0.13","0.725","0.01866525"
"2011-05-27 13:00:00+00:00","0.095","0.631","0.01939095"
"2011-05-27 13:30:00+00:00","0.158","0.656","0.01787805"
"2011-05-27 14:00:00+00:00","0.449","0.556","0.0181425"
"2011-05-27 14:30:00+00:00","0.182","0.344","0.01763205"
"2011-05-27 15:00:00+00:00","0.185","0.444","0.0173922"
"2011-05-27 15:30:00+00:00","0.226","0.331","0.01706625"
"2011-05-27 16:00:00+00:00","0.262","0.119","0.01766895"
"2011-05-27 16:30:00+00:00","0.28","0.006","0.01744755"
"2011-05-27 17:00:00+00:00","0.32","0.0","0.0192987"
"2011-05-27 17:30:00+00:00","0.585","0.0","0.0361743"
"2011-05-27 18:00:00+00:00","0.717","0.0","0.03679545"
"2011-05-27 18:30:00+00:00","1.006","0.0","0.0271707"
"2011-05-27 19:00:00+00:00","0.865","0.0","0.0243171"
"2011-05-27 19:30:00+00:00","0.857","0.0","0.02124825"
"2011-05-27 20:00:00+00:00","0.974","0.0","0.0239112"
"2011-05-27 20:30:00+00:00","0.79","0.0","0.0213528"
"2011-05-27 21:00:00+00:00","0.225","0.0","0.02108835"
"2011-05-27 21:30:00+00:00","0.177","0.0","0.0205533"
"2011-05-27 22:00:00+00:00","0.128","0.0","0.01940325"
"2011-05-27 22:30:00+00:00","0.121","0.0","0.02704155"
"2011-05-27 23:00:00+00:00","0.145","0.0","0.0278595"
"2011-05-27 23:30:00+00:00","0.114","0.0","0.03252735"
"2011-05-28 00:00:00+00:00","0.96","0.0","0.02729985"
"2011-05-28 00:30:00+00:00","0.096","0.0","0.02304405"
"2011-05-28 01:00:00+00:00","0.12","0.0","0.0211437"
"2011-05-28 01:30:00+00:00","0.14","0.0","0.022263"
"2011-05-28 02:00:00+00:00","0.067","0.0","0.0210699"
"2011-05-28 02:30:00+00:00","0.152","0.0","0.01968"
"2011-05-28 03:00:00+00:00","0.097","0.0","0.01686945"
"2011-05-28 03:30:00+00:00","0.094","0.0","0.0158793"
"2011-05-28 04:00:00+00:00","0.139","0.0","0.01570095"
"2011-05-28 04:30:00+00:00","0.1","0.0","0.01568865"
"2011-05-28 05:00:00+00:00","0.116","0.0","0.01568865"
"2011-05-28 05:30:00+00:00","0.109","0.0","0.01568865"
"2011-05-28 06:00:00+00:00","0.106","0.0","0.0159531"
"2011-05-28 06:30:00+00:00","0.125","0.0","0.01779195"
"2011-05-28 07:00:00+00:00","0.255","0.0","0.01846845"
"2011-05-28 07:30:00+00:00","0.134","0.0","0.01929255"
"2011-05-28 08:00:00+00:00","0.171","0.031","0.0226689"
"2011-05-28 08:30:00+00:00","0.118","0.156","0.02405265"
"2011-05-28 09:00:00+00:00","0.194","0.213","0.02642655"
"2011-05-28 09:30:00+00:00","0.162","0.281","0.03198"
"2011-05-28 10:00:00+00:00","0.412","0.213","0.0259899"
"2011-05-28 10:30:00+00:00","0.551","0.175","0.0256701"
"2011-05-28 11:00:00+00:00","0.229","0.181","0.02117445"
"2011-05-28 11:30:00+00:00","0.144","0.3","0.0211929"
"2011-05-28 12:00:00+00:00","0.112","0.213","0.0205779"
"2011-05-28 12:30:00+00:00","0.111","0.206","0.01947705"
"2011-05-28 13:00:00+00:00","0.154","0.175","0.0181794"
"2011-05-28 13:30:00+00:00","0.129","0.125","0.0181425"
"2011-05-28 14:00:00+00:00","0.099","0.1","0.01837005"
"2011-05-28 14:30:00+00:00","0.149","0.038","0.01805025"
"2011-05-28 15:00:00+00:00","0.121","0.025","0.0178719"
"2011-05-28 15:30:00+00:00","0.088","0.019","0.0183762"
"2011-05-28 16:00:00+00:00","0.507","0.0","0.01873905"
"2011-05-28 16:30:00+00:00","0.931","0.0","0.0182532"
"2011-05-28 17:00:00+00:00","0.873","0.0","0.0218448"
"2011-05-28 17:30:00+00:00","1.091","0.0","0.03231825"
"2011-05-28 18:00:00+00:00","0.81","0.0","0.0369984"
"2011-05-28 18:30:00+00:00","0.912","0.0","0.024846"
"2011-05-28 19:00:00+00:00","0.842","0.0","0.0219678"
"2011-05-28 19:30:00+00:00","0.898","0.0","0.02362215"
"2011-05-28 20:00:00+00:00","0.602","0.0","0.0238866"
"2011-05-28 20:30:00+00:00","0.16","0.0","0.0219678"
"2011-05-28 21:00:00+00:00","0.185","0.0","0.02091615"
"2011-05-28 21:30:00+00:00","0.153","0.0","0.0204549"
"2011-05-28 22:00:00+00:00","0.097","0.0","0.02095305"
"2011-05-28 22:30:00+00:00","0.17","0.0","0.02354835"
"2011-05-28 23:00:00+00:00","0.105","0.0","0.02281035"
"2011-05-28 23:30:00+00:00","0.099","0.0","0.02568855"
"2011-05-29 00:00:00+00:00","0.12","0.0","0.0226935"
"2011-05-29 00:30:00+00:00","0.072","0.0","0.0192864"
"2011-05-29 01:00:00+00:00","0.151","0.0","0.0177489"
"2011-05-29 01:30:00+00:00","0.077","0.0","0.0205533"
"2011-05-29 02:00:00+00:00","0.104","0.0","0.01714005"
"2011-05-29 02:30:00+00:00","0.144","0.0","0.01597155"
"2011-05-29 03:00:00+00:00","0.083","0.0","0.01568865"
"2011-05-29 03:30:00+00:00","0.118","0.0","0.01568865"
"2011-05-29 04:00:00+00:00","0.123","0.0","0.0156702"
"2011-05-29 04:30:00+00:00","0.092","0.0","0.01568865"
"2011-05-29 05:00:00+00:00","0.108","0.006","0.0156579"
"2011-05-29 05:30:00+00:00","0.134","0.0","0.0156579"
"2011-05-29 06:00:00+00:00","0.078","0.0","0.01568865"
"2011-05-29 06:30:00+00:00","0.183","0.0","0.01568865"
"2011-05-29 07:00:00+00:00","0.264","0.0","0.01568865"
"2011-05-29 07:30:00+00:00","0.138","0.019","0.01568865"
"2011-05-29 08:00:00+00:00","0.148","0.056","0.0166173"
"2011-05-29 08:30:00+00:00","0.184","0.075","0.01791495"
"2011-05-29 09:00:00+00:00","0.437","0.125","0.02010435"
"2011-05-29 09:30:00+00:00","0.18","0.094","0.02128515"
"2011-05-29 10:00:00+00:00","0.125","0.194","0.0203688"
"2011-05-29 10:30:00+00:00","0.169","0.669","0.02085465"
"2011-05-29 11:00:00+00:00","0.217","0.25","0.01899735"
"2011-05-29 11:30:00+00:00","0.315","0.181","0.01916955"
"2011-05-29 12:00:00+00:00","0.205","0.2","0.01916955"
"2011-05-29 12:30:00+00:00","1.068","0.356","0.0191019"
"2011-05-29 13:00:00+00:00","0.935","0.406","0.01849305"
"2011-05-29 13:30:00+00:00","0.299","0.4","0.0182532"
"2011-05-29 14:00:00+00:00","0.24","0.25","0.0179826"
"2011-05-29 14:30:00+00:00","0.25","0.15","0.01793955"
"2011-05-29 15:00:00+00:00","0.267","0.088","0.0171216"
"2011-05-29 15:30:00+00:00","0.259","0.013","0.01736145"
"2011-05-29 16:00:00+00:00","0.226","0.0","0.0170232"
"2011-05-29 16:30:00+00:00","0.258","0.006","0.0182409"
"2011-05-29 17:00:00+00:00","0.324","0.0","0.0174537"
"2011-05-29 17:30:00+00:00","1.246","0.0","0.0237021"
"2011-05-29 18:00:00+00:00","1.123","0.0","0.02492595"
"2011-05-29 18:30:00+00:00","1.338","0.0","0.0266049"
"2011-05-29 19:00:00+00:00","1.171","0.0","0.02385585"
"2011-05-29 19:30:00+00:00","1.335","0.0","0.0213159"
"2011-05-29 20:00:00+00:00","1.165","0.0","0.02207235"
"2011-05-29 20:30:00+00:00","1.162","0.0","0.02237985"
"2011-05-29 21:00:00+00:00","0.195","0.0","0.02073165"
"2011-05-29 21:30:00+00:00","0.177","0.0","0.0201228"
"2011-05-29 22:00:00+00:00","0.098","0.0","0.019065"
"2011-05-29 22:30:00+00:00","0.182","0.0","0.0200736"
"2011-05-29 23:00:00+00:00","0.446","0.0","0.0185238"
"2011-05-29 23:30:00+00:00","0.631","0.0","0.02171565"
"2011-05-30 00:00:00+00:00","0.144","0.0","0.0192618"
"2011-05-30 00:30:00+00:00","0.11","0.0","0.01690635"
"2011-05-30 01:00:00+00:00","0.089","0.0","0.0157317"
"2011-05-30 01:30:00+00:00","0.161","0.0","0.0161253"
"2011-05-30 02:00:00+00:00","0.079","0.0","0.01589775"
"2011-05-30 02:30:00+00:00","0.154","0.0","0.0156948"
"2011-05-30 03:00:00+00:00","0.088","0.0","0.01568865"
"2011-05-30 03:30:00+00:00","0.126","0.0","0.01547955"
"2011-05-30 04:00:00+00:00","0.141","0.0","0.01568865"
"2011-05-30 04:30:00+00:00","0.098","0.0","0.01568865"
"2011-05-30 05:00:00+00:00","0.109","0.006","0.01568865"
"2011-05-30 05:30:00+00:00","0.165","0.0","0.01584855"
"2011-05-30 06:00:00+00:00","0.207","0.0","0.01646355"
"2011-05-30 06:30:00+00:00","0.224","0.0","0.023493"
"2011-05-30 07:00:00+00:00","0.124","0.0","0.0225213"
"2011-05-30 07:30:00+00:00","0.139","0.0","0.0178965"
"2011-05-30 08:00:00+00:00","0.321","0.0","0.02110065"
"2011-05-30 08:30:00+00:00","0.134","0.069","0.02098995"
"2011-05-30 09:00:00+00:00","0.108","0.15","0.0183147"
"2011-05-30 09:30:00+00:00","0.149","0.194","0.01834545"
"2011-05-30 10:00:00+00:00","0.066","0.425","0.01839465"
"2011-05-30 10:30:00+00:00","0.15","0.344","0.01837005"
"2011-05-30 11:00:00+00:00","0.123","0.3","0.01823475"
"2011-05-30 11:30:00+00:00","0.08","0.269","0.01787805"
"2011-05-30 12:00:00+00:00","0.213","0.3","0.01757055"
"2011-05-30 12:30:00+00:00","0.542","0.288","0.0185853"
"2011-05-30 13:00:00+00:00","0.432","0.094","0.01837005"
"2011-05-30 13:30:00+00:00","0.274","0.081","-0.09042345"
"2011-05-30 14:00:00+00:00","0.287","0.0","0.0166542"
"2011-05-30 14:30:00+00:00","0.362","0.0","0.0159162"
"2011-05-30 15:00:00+00:00","0.69","0.0","0.0163344"
"2011-05-30 15:30:00+00:00","0.78","0.006","0.0181794"
"2011-05-30 16:00:00+00:00","1.06","0.0","0.0225705"
"2011-05-30 16:30:00+00:00","1.117","0.0","0.0213774"
"2011-05-30 17:00:00+00:00","0.966","0.0","0.02447085"
"2011-05-30 17:30:00+00:00","0.798","0.0","0.0271584"
"2011-05-30 18:00:00+00:00","0.996","0.0","0.060516"
"2011-05-30 18:30:00+00:00","1.176","0.0","0.02716455"
"2011-05-30 19:00:00+00:00","0.935","0.0","0.02103915"
"2011-05-30 19:30:00+00:00","0.967","0.0","0.0191634"
"2011-05-30 20:00:00+00:00","0.949","0.0","0.0212298"
"2011-05-30 20:30:00+00:00","0.81","0.0","0.02140815"
"2011-05-30 21:00:00+00:00","0.35","0.0","0.020172"
"2011-05-30 21:30:00+00:00","0.156","0.0","0.0196308"
"2011-05-30 22:00:00+00:00","0.124","0.0","0.01755825"
"2011-05-30 22:30:00+00:00","0.103","0.0","0.02493825"
"2011-05-30 23:00:00+00:00","0.138","0.0","0.0209715"
"2011-05-30 23:30:00+00:00","0.091","0.0","0.0215373"
"2011-05-31 00:00:00+00:00","0.138","0.0","0.02098995"
"2011-05-31 00:30:00+00:00","0.114","0.0","0.01859145"
"2011-05-31 01:00:00+00:00","0.084","0.0","0.01796415"
"2011-05-31 01:30:00+00:00","0.161","0.0","0.0196308"
"2011-05-31 02:00:00+00:00","0.094","0.0","0.01787805"
"2011-05-31 02:30:00+00:00","0.103","0.0","0.01568865"
"2011-05-31 03:00:00+00:00","0.14","0.0","0.01568865"
"2011-05-31 03:30:00+00:00","0.115","0.0","0.01568865"
"2011-05-31 04:00:00+00:00","0.087","0.0","0.01556565"
"2011-05-31 04:30:00+00:00","0.151","0.0","0.01568865"
"2011-05-31 05:00:00+00:00","0.085","0.0","0.01568865"
"2011-05-31 05:30:00+00:00","0.146","0.0","0.01568865"
"2011-05-31 06:00:00+00:00","0.09","0.0","0.0164082"
"2011-05-31 06:30:00+00:00","0.389","0.0","0.0200613"
"2011-05-31 07:00:00+00:00","0.143","0.0","0.021156"
"2011-05-31 07:30:00+00:00","0.124","0.0","0.01600845"
"2011-05-31 08:00:00+00:00","0.196","0.013","0.0149076"
"2011-05-31 08:30:00+00:00","0.336","0.031","0.0154365"
"2011-05-31 09:00:00+00:00","0.159","0.038","0.01568865"
"2011-05-31 09:30:00+00:00","0.157","0.025","0.0106641"
"2011-05-31 10:00:00+00:00","0.121","0.113","0.01587315"
"2011-05-31 10:30:00+00:00","0.076","0.081","0.01572555"
"2011-05-31 11:00:00+00:00","0.333","0.013","-0.09041115"
"2011-05-31 11:30:00+00:00","0.14","0.05","0.0189174"
"2011-05-31 12:00:00+00:00","0.228","0.094","0.0173061"
"2011-05-31 12:30:00+00:00","0.179","0.088","0.0166788"
"2011-05-31 13:00:00+00:00","0.254","0.0","0.01698015"
"2011-05-31 13:30:00+00:00","0.17","0.019","0.01717695"
"2011-05-31 14:00:00+00:00","0.177","0.063","0.01774275"
"2011-05-31 14:30:00+00:00","0.16","0.063","0.0183024"
"2011-05-31 15:00:00+00:00","0.286","0.063","0.0180318"
"2011-05-31 15:30:00+00:00","0.27","0.069","0.01768125"
"2011-05-31 16:00:00+00:00","0.258","0.0","0.018204"
"2011-05-31 16:30:00+00:00","0.238","0.0","0.0181917"
"2011-05-31 17:00:00+00:00","0.078","0.0","0.01857915"
"2011-05-31 17:30:00+00:00","0.145","0.0","0.02022735"
"2011-05-31 18:00:00+00:00","0.155","0.0","0.0255348"
"2011-05-31 18:30:00+00:00","0.07","0.0","0.02563935"
"2011-05-31 19:00:00+00:00","0.161","0.0","0.024354"
"2011-05-31 19:30:00+00:00","0.132","0.0","0.019434"
"2011-05-31 20:00:00+00:00","0.563","0.0","0.0180441"
"2011-05-31 20:30:00+00:00","1.24","0.0","0.0177489"
"2011-05-31 21:00:00+00:00","1.133","0.0","0.01798875"
"2011-05-31 21:30:00+00:00","0.209","0.0","0.01674645"
"2011-05-31 22:00:00+00:00","0.136","0.0","0.01674645"
"2011-05-31 22:30:00+00:00","0.078","0.0","0.0224598"
"2011-05-31 23:00:00+00:00","0.166","0.0","0.0198768"
"2011-05-31 23:30:00+00:00","0.15","0.0","0.019803"
"2011-06-01 00:00:00+00:00","0.891","0.0","0.0186714"
"2011-06-01 00:30:00+00:00","0.171","0.0","0.0175275"
"2011-06-01 01:00:00+00:00","0.075","0.0","0.01616835"
"2011-06-01 01:30:00+00:00","0.118","0.0","0.0173553"
"2011-06-01 02:00:00+00:00","0.13","0.0","0.01634055"
"2011-06-01 02:30:00+00:00","0.098","0.0","0.0156087"
"2011-06-01 03:00:00+00:00","0.141","0.0","0.0155349"
"2011-06-01 03:30:00+00:00","0.094","0.0","0.0154734"
"2011-06-01 04:00:00+00:00","0.328","0.0","0.01468005"
"2011-06-01 04:30:00+00:00","0.15","0.0","0.01515975"
"2011-06-01 05:00:00+00:00","0.155","0.0","0.01538115"
"2011-06-01 05:30:00+00:00","0.183","0.0","0.0153504"
"2011-06-01 06:00:00+00:00","0.172","0.0","0.01572555"
"2011-06-01 06:30:00+00:00","0.146","0.0","0.0198891"
"2011-06-01 07:00:00+00:00","0.362","0.0","0.0193233"
"2011-06-01 07:30:00+00:00","0.2","0.006","0.0168756"
"2011-06-01 08:00:00+00:00","0.128","0.013","0.0185484"
"2011-06-01 08:30:00+00:00","0.136","0.05","0.0181794"
"2011-06-01 09:00:00+00:00","0.165","0.125","0.01642665"
"2011-06-01 09:30:00+00:00","0.134","0.125","0.0165927"
"2011-06-01 10:00:00+00:00","0.196","0.063","0.01657425"
"2011-06-01 10:30:00+00:00","0.1","0.119","0.01816095"
"2011-06-01 11:00:00+00:00","0.103","0.238","0.0180564"
"2011-06-01 11:30:00+00:00","0.139","0.375","0.01739835"
"2011-06-01 12:00:00+00:00","0.093","0.2","0.0163713"
"2011-06-01 12:30:00+00:00","0.144","0.063","0.0160515"
"2011-06-01 13:00:00+00:00","0.202","0.25","0.01595925"
"2011-06-01 13:30:00+00:00","0.272","0.381","0.0161007"
"2011-06-01 14:00:00+00:00","0.221","0.356","0.01592235"
"2011-06-01 14:30:00+00:00","0.174","0.163","0.01595925"
"2011-06-01 15:00:00+00:00","0.21","0.069","0.0159285"
"2011-06-01 15:30:00+00:00","0.213","0.069","0.01595925"
"2011-06-01 16:00:00+00:00","0.324","0.063","0.01595925"
"2011-06-01 16:30:00+00:00","1.185","0.006","0.01592235"
"2011-06-01 17:00:00+00:00","2.56","0.0","0.01588545"
"2011-06-01 17:30:00+00:00","2.321","0.0","0.017466"
"2011-06-01 18:00:00+00:00","1.745","0.006","0.0168387"
"2011-06-01 18:30:00+00:00","0.572","0.0","0.0159285"
"2011-06-01 19:00:00+00:00","0.306","0.0","0.01592235"
"2011-06-01 19:30:00+00:00","0.765","0.0","0.01588545"
"2011-06-01 20:00:00+00:00","0.973","0.0","0.0159162"
"2011-06-01 20:30:00+00:00","0.974","0.0","0.01732455"
"2011-06-01 21:00:00+00:00","0.527","0.0","0.016236"
"2011-06-01 21:30:00+00:00","0.26","0.0","0.01599"
"2011-06-01 22:00:00+00:00","0.163","0.0","0.01604535"
"2011-06-01 22:30:00+00:00","0.171","0.0","0.01722"
"2011-06-01 23:00:00+00:00","0.147","0.0","0.01616835"
"2011-06-01 23:30:00+00:00","0.177","0.0","0.01621755"
"2011-06-02 00:00:00+00:00","0.119","0.0","0.0159162"
"2011-06-02 00:30:00+00:00","0.81","0.0","0.0157932"
"2011-06-02 01:00:00+00:00","0.224","0.0","0.01544265"
"2011-06-02 01:30:00+00:00","0.136","0.0","0.0155349"
"2011-06-02 02:00:00+00:00","0.178","0.0","0.01538115"
"2011-06-02 02:30:00+00:00","0.094","0.0","0.01520895"
"2011-06-02 03:00:00+00:00","0.09","0.0","0.0149199"
"2011-06-02 03:30:00+00:00","0.118","0.0","0.01423725"
"2011-06-02 04:00:00+00:00","0.136","0.0","0.01449555"
"2011-06-02 04:30:00+00:00","0.159","0.0","0.01520895"
"2011-06-02 05:00:00+00:00","0.1","0.0","0.01522125"
"2011-06-02 05:30:00+00:00","0.124","0.0","0.01522125"
"2011-06-02 06:00:00+00:00","0.101","0.0","0.0155103"
"2011-06-02 06:30:00+00:00","0.13","0.0","0.0175029"
"2011-06-02 07:00:00+00:00","0.275","0.0","0.0180072"
"2011-06-02 07:30:00+00:00","0.315","0.025","0.0161745"
"2011-06-02 08:00:00+00:00","0.213","0.163","0.0165558"
"2011-06-02 08:30:00+00:00","0.155","0.213","0.01656195"
"2011-06-02 09:00:00+00:00","0.157","0.325","0.01584855"
"2011-06-02 09:30:00+00:00","0.14","0.294","0.0158424"
"2011-06-02 10:00:00+00:00","0.165","0.475","0.01592235"
"2011-06-02 10:30:00+00:00","0.129","0.613","0.01595925"
"2011-06-02 11:00:00+00:00","0.06","0.656","0.01595925"
"2011-06-02 11:30:00+00:00","0.12","0.388","0.01595925"
"2011-06-02 12:00:00+00:00","0.151","0.5","0.0159531"
"2011-06-02 12:30:00+00:00","0.153","0.488","0.0157194"
"2011-06-02 13:00:00+00:00","0.129","0.4","0.0157317"
"2011-06-02 13:30:00+00:00","0.117","0.669","0.01578705"
"2011-06-02 14:00:00+00:00","0.088","0.556","0.0157317"
"2011-06-02 14:30:00+00:00","0.227","0.444","0.0156825"
"2011-06-02 15:00:00+00:00","0.343","0.406","0.01551645"
"2011-06-02 15:30:00+00:00","0.192","0.225","0.0157686"
"2011-06-02 16:00:00+00:00","0.24","0.206","0.0158055"
"2011-06-02 16:30:00+00:00","0.134","0.125","0.01562715"
"2011-06-02 17:00:00+00:00","0.242","0.006","0.01606995"
"2011-06-02 17:30:00+00:00","0.341","0.0","0.01624215"
"2011-06-02 18:00:00+00:00","0.465","0.0","0.0166788"
"2011-06-02 18:30:00+00:00","1.094","0.0","0.0165189"
"2011-06-02 19:00:00+00:00","1.067","0.0","0.0165066"
"2011-06-02 19:30:00+00:00","1.326","0.0","0.0162852"
"2011-06-02 20:00:00+00:00","1.271","0.0","0.01595925"
"2011-06-02 20:30:00+00:00","0.99","0.0","0.01599"
"2011-06-02 21:00:00+00:00","0.291","0.0","0.01598385"
"2011-06-02 21:30:00+00:00","0.19","0.0","0.01565175"
"2011-06-02 22:00:00+00:00","0.099","0.0","0.0155103"
"2011-06-02 22:30:00+00:00","0.103","0.0","0.0164574"
"2011-06-02 23:00:00+00:00","0.076","0.0","0.0158055"
"2011-06-02 23:30:00+00:00","0.17","0.0","0.01582395"
"2011-06-03 00:00:00+00:00","0.121","0.0","0.01578705"
"2011-06-03 00:30:00+00:00","0.163","0.006","0.01556565"
"2011-06-03 01:00:00+00:00","0.087","0.0","0.01538115"
"2011-06-03 01:30:00+00:00","0.113","0.0","0.0157071"
"2011-06-03 02:00:00+00:00","0.062","0.0","0.0153627"
"2011-06-03 02:30:00+00:00","0.185","0.0","0.0149445"
"2011-06-03 03:00:00+00:00","0.132","0.0","0.0149937"
"2011-06-03 03:30:00+00:00","0.131","0.0","0.01400355"
"2011-06-03 04:00:00+00:00","0.083","0.0","0.0145017"
"2011-06-03 04:30:00+00:00","0.12","0.0","0.0140958"
"2011-06-03 05:00:00+00:00","0.073","0.0","0.0149937"
"2011-06-03 05:30:00+00:00","0.946","0.0","0.0151536"
"2011-06-03 06:00:00+00:00","0.455","0.0","0.01545495"
"2011-06-03 06:30:00+00:00","0.13","0.0","0.0174414"
"2011-06-03 07:00:00+00:00","0.248","0.0","0.01712775"
"2011-06-03 07:30:00+00:00","0.244","0.038","0.016113"
"2011-06-03 08:00:00+00:00","0.292","0.2","0.0171462"
"2011-06-03 08:30:00+00:00","0.199","0.35","0.01745985"
"2011-06-03 09:00:00+00:00","0.162","0.475","0.01588545"
"2011-06-03 09:30:00+00:00","0.128","0.544","0.0164697"
"2011-06-03 10:00:00+00:00","0.068","0.613","0.01723845"
"2011-06-03 10:30:00+00:00","0.118","0.663","0.0163467"
"2011-06-03 11:00:00+00:00","0.145","0.7","0.01726305"
"2011-06-03 11:30:00+00:00","0.176","0.713","0.0166173"
"2011-06-03 12:00:00+00:00","0.095","0.725","0.0161253"
"2011-06-03 12:30:00+00:00","0.125","0.713","0.0158916"
"2011-06-03 13:00:00+00:00","0.08","0.688","0.0157809"
"2011-06-03 13:30:00+00:00","0.127","0.644","0.0158424"
"2011-06-03 14:00:00+00:00","0.147","0.6","0.0157317"
"2011-06-03 14:30:00+00:00","0.17","0.513","0.01584855"
"2011-06-03 15:00:00+00:00","0.097","0.294","0.0158301"
"2011-06-03 15:30:00+00:00","0.128","0.244","0.0157563"
"2011-06-03 16:00:00+00:00","0.07","0.163","0.01575015"
"2011-06-03 16:30:00+00:00","0.137","0.069","0.0157071"
"2011-06-03 17:00:00+00:00","0.152","0.0","0.0158916"
"2011-06-03 17:30:00+00:00","0.147","0.0","0.01588545"
"2011-06-03 18:00:00+00:00","0.11","0.0","0.01695555"
"2011-06-03 18:30:00+00:00","0.116","0.0","0.01599"
"2011-06-03 19:00:00+00:00","0.061","0.0","0.01570095"
"2011-06-03 19:30:00+00:00","0.138","0.0","0.015621"
"2011-06-03 20:00:00+00:00","0.157","0.006","0.0156456"
"2011-06-03 20:30:00+00:00","0.122","0.0","0.01570095"
"2011-06-03 21:00:00+00:00","0.119","0.0","0.0157071"
"2011-06-03 21:30:00+00:00","0.095","0.0","0.0155841"
"2011-06-03 22:00:00+00:00","0.08","0.0","0.01539345"
"2011-06-03 22:30:00+00:00","0.132","0.0","0.0164574"
"2011-06-03 23:00:00+00:00","0.168","0.0","0.0156702"
"2011-06-03 23:30:00+00:00","0.102","0.0","0.0159162"
"2011-06-04 00:00:00+00:00","0.112","0.0","0.0157194"
"2011-06-04 00:30:00+00:00","0.073","0.0","0.0155472"
"2011-06-04 01:00:00+00:00","0.098","0.0","0.01538115"
"2011-06-04 01:30:00+00:00","0.144","0.0","0.0162237"
"2011-06-04 02:00:00+00:00","0.151","0.0","0.0154119"
"2011-06-04 02:30:00+00:00","0.101","0.0","0.01503675"
"2011-06-04 03:00:00+00:00","0.09","0.0","0.0143418"
"2011-06-04 03:30:00+00:00","0.095","0.0","0.01315485"
"2011-06-04 04:00:00+00:00","0.104","0.0","0.01210935"
"2011-06-04 04:30:00+00:00","0.169","0.0","0.01210935"
"2011-06-04 05:00:00+00:00","0.113","0.0","0.01231845"
"2011-06-04 05:30:00+00:00","0.096","0.0","0.0124476"
"2011-06-04 06:00:00+00:00","0.077","0.0","0.01210935"
"2011-06-04 06:30:00+00:00","0.082","0.0","0.0129765"
"2011-06-04 07:00:00+00:00","0.162","0.0","0.01540575"
"2011-06-04 07:30:00+00:00","0.146","0.044","0.0154242"
"2011-06-04 08:00:00+00:00","0.101","0.219","0.0154857"
"2011-06-04 08:30:00+00:00","0.077","0.338","0.0162114"
"2011-06-04 09:00:00+00:00","0.098","0.463","0.0158178"
"2011-06-04 09:30:00+00:00","0.098","0.55","0.0156948"
"2011-06-04 10:00:00+00:00","0.167","0.363","0.01559025"
"2011-06-04 10:30:00+00:00","0.114","0.406","0.01559025"
"2011-06-04 11:00:00+00:00","0.098","0.713","0.0155103"
"2011-06-04 11:30:00+00:00","0.091","0.644","0.0154857"
"2011-06-04 12:00:00+00:00","0.084","0.131","0.01550415"
"2011-06-04 12:30:00+00:00","0.162","0.063","0.0154734"
"2011-06-04 13:00:00+00:00","0.145","0.2","0.01549185"
"2011-06-04 13:30:00+00:00","0.118","0.219","0.01550415"
"2011-06-04 14:00:00+00:00","0.081","0.175","0.0154857"
"2011-06-04 14:30:00+00:00","0.102","0.119","0.0154857"
"2011-06-04 15:00:00+00:00","0.086","0.075","0.0153996"
"2011-06-04 15:30:00+00:00","0.173","0.069","0.0156087"
"2011-06-04 16:00:00+00:00","0.123","0.163","0.0155964"
"2011-06-04 16:30:00+00:00","0.123","0.013","0.0156333"
"2011-06-04 17:00:00+00:00","0.098","0.0","0.01604535"
"2011-06-04 17:30:00+00:00","0.06","0.0","0.0162852"
"2011-06-04 18:00:00+00:00","0.15","0.0","0.01711545"
"2011-06-04 18:30:00+00:00","0.14","0.0","0.0165681"
"2011-06-04 19:00:00+00:00","0.139","0.0","0.01609455"
"2011-06-04 19:30:00+00:00","0.088","0.0","0.0157686"
"2011-06-04 20:00:00+00:00","0.098","0.0","0.0154857"
"2011-06-04 20:30:00+00:00","0.059","0.0","0.01571325"
"2011-06-04 21:00:00+00:00","0.168","0.0","0.01557795"
"2011-06-04 21:30:00+00:00","0.122","0.0","0.0156825"
"2011-06-04 22:00:00+00:00","0.136","0.0","0.0156948"
"2011-06-04 22:30:00+00:00","0.094","0.0","0.01570095"
"2011-06-04 23:00:00+00:00","0.071","0.0","0.0156948"
"2011-06-04 23:30:00+00:00","0.112","0.0","0.01638975"
"2011-06-05 00:00:00+00:00","0.14","0.0","0.01597155"
"2011-06-05 00:30:00+00:00","0.139","0.0","0.015867"
"2011-06-05 01:00:00+00:00","0.096","0.0","0.0156087"
"2011-06-05 01:30:00+00:00","0.108","0.0","0.01570095"
"2011-06-05 02:00:00+00:00","0.046","0.006","0.01539345"
"2011-06-05 02:30:00+00:00","0.152","0.0","0.01540575"
"2011-06-05 03:00:00+00:00","0.148","0.0","0.01554105"
"2011-06-05 03:30:00+00:00","0.122","0.0","0.01483995"
"2011-06-05 04:00:00+00:00","0.106","0.0","0.0143664"
"2011-06-05 04:30:00+00:00","0.068","0.0","0.0136776"
"2011-06-05 05:00:00+00:00","0.105","0.0","0.0132963"
"2011-06-05 05:30:00+00:00","0.135","0.0","0.01207245"
"2011-06-05 06:00:00+00:00","0.142","0.0","0.0119925"
"2011-06-05 06:30:00+00:00","0.086","0.0","0.0120909"
"2011-06-05 07:00:00+00:00","0.106","0.0","0.0121401"
"2011-06-05 07:30:00+00:00","0.057","0.038","0.0131487"
"2011-06-05 08:00:00+00:00","0.142","0.219","0.01538115"
"2011-06-05 08:30:00+00:00","0.154","0.35","0.01538115"
"2011-06-05 09:00:00+00:00","0.096","0.469","0.01550415"
"2011-06-05 09:30:00+00:00","0.109","0.563","0.0158178"
"2011-06-05 10:00:00+00:00","0.048","0.625","0.0155964"
"2011-06-05 10:30:00+00:00","0.128","0.688","0.01556565"
"2011-06-05 11:00:00+00:00","0.14","0.719","0.01544265"
"2011-06-05 11:30:00+00:00","0.137","0.713","0.01538115"
"2011-06-05 12:00:00+00:00","0.111","0.725","0.01538115"
"2011-06-05 12:30:00+00:00","0.093","0.719","0.01538115"
"2011-06-05 13:00:00+00:00","0.082","0.681","0.01538115"
"2011-06-05 13:30:00+00:00","0.144","0.644","0.01529505"
"2011-06-05 14:00:00+00:00","0.158","0.563","0.01528275"
"2011-06-05 14:30:00+00:00","0.12","0.488","0.01535655"
"2011-06-05 15:00:00+00:00","0.115","0.288","0.01538115"
"2011-06-05 15:30:00+00:00","0.056","0.144","0.01538115"
"2011-06-05 16:00:00+00:00","0.111","0.119","0.01538115"
"2011-06-05 16:30:00+00:00","0.154","0.05","0.01538115"
"2011-06-05 17:00:00+00:00","0.129","0.0","0.0164943"
"2011-06-05 17:30:00+00:00","0.144","0.0","0.0171093"
"2011-06-05 18:00:00+00:00","0.082","0.0","0.0170232"
"2011-06-05 18:30:00+00:00","0.08","0.0","0.0176628"
"2011-06-05 19:00:00+00:00","0.1","0.0","0.01647585"
"2011-06-05 19:30:00+00:00","0.165","0.0","0.0161991"
"2011-06-05 20:00:00+00:00","0.113","0.0","0.01602075"
"2011-06-05 20:30:00+00:00","0.131","0.0","0.01650045"
"2011-06-05 21:00:00+00:00","0.063","0.0","0.0161499"
"2011-06-05 21:30:00+00:00","0.09","0.0","0.0157317"
"2011-06-05 22:00:00+00:00","0.141","0.0","0.0155226"
"2011-06-05 22:30:00+00:00","0.125","0.0","0.0154119"
"2011-06-05 23:00:00+00:00","0.142","0.0","0.01547955"
"2011-06-05 23:30:00+00:00","0.076","0.0","0.01598385"
"2011-06-06 00:00:00+00:00","0.083","0.0","0.0158178"
"2011-06-06 00:30:00+00:00","0.092","0.0","0.01538115"
"2011-06-06 01:00:00+00:00","0.156","0.0","0.01538115"
"2011-06-06 01:30:00+00:00","0.13","0.0","0.0155841"
"2011-06-06 02:00:00+00:00","0.088","0.0","0.0153504"
"2011-06-06 02:30:00+00:00","0.104","0.0","0.01522125"
"2011-06-06 03:00:00+00:00","0.048","0.0","0.0153012"
"2011-06-06 03:30:00+00:00","0.159","0.0","0.01490145"
"2011-06-06 04:00:00+00:00","0.145","0.0","0.01405275"
"2011-06-06 04:30:00+00:00","0.096","0.0","0.01490145"
"2011-06-06 05:00:00+00:00","0.104","0.0","0.01531965"
"2011-06-06 05:30:00+00:00","0.064","0.0","0.01538115"
"2011-06-06 06:00:00+00:00","0.116","0.0","0.01557795"
"2011-06-06 06:30:00+00:00","0.138","0.0","0.0184992"
"2011-06-06 07:00:00+00:00","0.118","0.0","0.01766895"
"2011-06-06 07:30:00+00:00","0.086","0.038","0.01624215"
"2011-06-06 08:00:00+00:00","0.082","0.219","0.0169371"
"2011-06-06 08:30:00+00:00","0.095","0.35","0.01648815"
"2011-06-06 09:00:00+00:00","0.134","0.469","0.01618065"
"2011-06-06 09:30:00+00:00","0.142","0.55","0.0162606"
"2011-06-06 10:00:00+00:00","0.072","0.625","0.0159531"
"2011-06-06 10:30:00+00:00","0.109","0.669","0.01595925"
"2011-06-06 11:00:00+00:00","0.062","0.706","0.01595925"
"2011-06-06 11:30:00+00:00","0.154","0.725","0.01595925"
"2011-06-06 12:00:00+00:00","0.151","0.731","0.01595925"
"2011-06-06 12:30:00+00:00","0.096","0.725","0.01595925"
"2011-06-06 13:00:00+00:00","0.111","0.656","0.01595925"
"2011-06-06 13:30:00+00:00","0.061","0.731","0.01592235"
"2011-06-06 14:00:00+00:00","0.128","0.569","0.01595925"
"2011-06-06 14:30:00+00:00","0.167","0.456","0.01582395"
"2011-06-06 15:00:00+00:00","0.112","0.125","0.01595925"
"2011-06-06 15:30:00+00:00","0.126","0.044","0.01605765"
"2011-06-06 16:00:00+00:00","0.077","0.013","0.01653735"
"2011-06-06 16:30:00+00:00","0.079","0.0","0.0166911"
"2011-06-06 17:00:00+00:00","0.146","0.0","0.01769355"
"2011-06-06 17:30:00+00:00","0.173","0.0","0.02311785"
"2011-06-06 18:00:00+00:00","0.227","0.0","0.0217956"
"2011-06-06 18:30:00+00:00","0.173","0.0","0.0194463"
"2011-06-06 19:00:00+00:00","0.169","0.0","0.0175521"
"2011-06-06 19:30:00+00:00","0.221","0.0","0.01682025"
"2011-06-06 20:00:00+00:00","0.471","0.0","0.01814865"
"2011-06-06 20:30:00+00:00","0.266","0.0","0.01675875"
"2011-06-06 21:00:00+00:00","0.158","0.0","0.01625445"
"2011-06-06 21:30:00+00:00","0.12","0.0","0.01602075"
"2011-06-06 22:00:00+00:00","0.119","0.0","0.0157932"
"2011-06-06 22:30:00+00:00","0.147","0.0","0.01950165"
"2011-06-06 23:00:00+00:00","0.129","0.0","0.0165558"
"2011-06-06 23:30:00+00:00","0.178","0.0","0.0169125"
"2011-06-07 00:00:00+00:00","0.089","0.0","0.0164328"
"2011-06-07 00:30:00+00:00","0.089","0.0","0.0164943"
"2011-06-07 01:00:00+00:00","0.068","0.0","0.01646355"
"2011-06-07 01:30:00+00:00","0.168","0.0","0.01686945"
"2011-06-07 02:00:00+00:00","0.132","0.006","0.01630365"
"2011-06-07 02:30:00+00:00","0.106","0.0","0.0155595"
"2011-06-07 03:00:00+00:00","0.107","0.0","0.01538115"
"2011-06-07 03:30:00+00:00","0.062","0.0","0.0154611"
"2011-06-07 04:00:00+00:00","0.139","0.0","0.01535655"
"2011-06-07 04:30:00+00:00","0.137","0.0","0.01538115"
"2011-06-07 05:00:00+00:00","0.124","0.0","0.01538115"
"2011-06-07 05:30:00+00:00","0.082","0.0","0.0154488"
"2011-06-07 06:00:00+00:00","0.088","0.0","0.01598385"
"2011-06-07 06:30:00+00:00","0.1","0.0","0.01771815"
"2011-06-07 07:00:00+00:00","0.149","0.0","0.0184746"
"2011-06-07 07:30:00+00:00","0.308","0.063","0.01659885"
"2011-06-07 08:00:00+00:00","0.058","0.225","0.0181179"
"2011-06-07 08:30:00+00:00","0.289","0.206","0.01825935"
"2011-06-07 09:00:00+00:00","0.155","0.2","0.01659885"
"2011-06-07 09:30:00+00:00","0.127","0.556","0.0183024"
"2011-06-07 10:00:00+00:00","0.167","0.544","0.01744755"
"2011-06-07 10:30:00+00:00","0.074","0.594","0.01784115"
"2011-06-07 11:00:00+00:00","0.214","0.463","0.0165927"
"2011-06-07 11:30:00+00:00","0.12","0.6","0.01651275"
"2011-06-07 12:00:00+00:00","0.674","0.744","0.01645125"
"2011-06-07 12:30:00+00:00","0.373","0.763","0.0164205"
"2011-06-07 13:00:00+00:00","0.186","0.7","0.01598385"
"2011-06-07 13:30:00+00:00","0.068","0.663","0.0161376"
"2011-06-07 14:00:00+00:00","0.109","0.619","0.0166296"
"2011-06-07 14:30:00+00:00","0.154","0.469","0.0167772"
"2011-06-07 15:00:00+00:00","0.145","0.238","0.0160638"
"2011-06-07 15:30:00+00:00","0.154","0.325","0.01595925"
"2011-06-07 16:00:00+00:00","0.099","0.213","0.01584855"
"2011-06-07 16:30:00+00:00","0.101","0.063","0.0161622"
"2011-06-07 17:00:00+00:00","0.089","0.0","0.01744755"
"2011-06-07 17:30:00+00:00","1.424","0.0","0.02348685"
"2011-06-07 18:00:00+00:00","1.129","0.0","0.02479065"
"2011-06-07 18:30:00+00:00","0.96","0.0","0.02422485"
"2011-06-07 19:00:00+00:00","0.877","0.0","0.02212155"
"2011-06-07 19:30:00+00:00","0.846","0.0","0.02000595"
"2011-06-07 20:00:00+00:00","0.866","0.0","0.01995675"
"2011-06-07 20:30:00+00:00","0.675","0.0","0.01935405"
"2011-06-07 21:00:00+00:00","0.137","0.0","0.01779195"
"2011-06-07 21:30:00+00:00","0.13","0.0","0.01659885"
"2011-06-07 22:00:00+00:00","0.072","0.0","0.01613145"
"2011-06-07 22:30:00+00:00","0.117","0.0","0.01973535"
"2011-06-07 23:00:00+00:00","0.151","0.0","0.0168387"
"2011-06-07 23:30:00+00:00","0.115","0.0","0.016974"
"2011-06-08 00:00:00+00:00","0.091","0.0","0.0161991"
"2011-06-08 00:30:00+00:00","0.08","0.0","0.016359"
"2011-06-08 01:00:00+00:00","0.092","0.0","0.01606995"
"2011-06-08 01:30:00+00:00","0.133","0.0","0.0186099"
"2011-06-08 02:00:00+00:00","0.161","0.0","0.0162852"
"2011-06-08 02:30:00+00:00","0.045","0.0","0.01544265"
"2011-06-08 03:00:00+00:00","0.107","0.0","0.01534425"
"2011-06-08 03:30:00+00:00","0.07","0.0","0.0152766"
"2011-06-08 04:00:00+00:00","0.152","0.0","0.0146247"
"2011-06-08 04:30:00+00:00","0.155","0.0","0.01283505"
"2011-06-08 05:00:00+00:00","0.065","0.0","0.01432335"
"2011-06-08 05:30:00+00:00","0.104","0.0","0.01523355"
"2011-06-08 06:00:00+00:00","0.22","0.0","0.01557795"
"2011-06-08 06:30:00+00:00","0.168","0.0","0.01777965"
"2011-06-08 07:00:00+00:00","0.153","0.0","0.02091"
"2011-06-08 07:30:00+00:00","0.124","0.044","0.01720155"
"2011-06-08 08:00:00+00:00","0.122","0.225","0.0220539"
"2011-06-08 08:30:00+00:00","0.14","0.363","0.022632"
"2011-06-08 09:00:00+00:00","0.252","0.488","0.0180318"
"2011-06-08 09:30:00+00:00","0.559","0.581","0.017589"
"2011-06-08 10:00:00+00:00","0.151","0.656","0.01683255"
"2011-06-08 10:30:00+00:00","0.165","0.719","0.01657425"
"2011-06-08 11:00:00+00:00","0.238","0.756","0.01631595"
"2011-06-08 11:30:00+00:00","0.187","0.775","0.0163959"
"2011-06-08 12:00:00+00:00","0.208","0.781","0.0158793"
"2011-06-08 12:30:00+00:00","0.192","0.775","0.01595925"
"2011-06-08 13:00:00+00:00","0.109","0.738","0.015867"
"2011-06-08 13:30:00+00:00","0.114","0.688","0.01595925"
"2011-06-08 14:00:00+00:00","0.271","0.631","0.0160515"
"2011-06-08 14:30:00+00:00","0.399","0.55","0.0160146"
"2011-06-08 15:00:00+00:00","0.193","0.456","0.01595925"
"2011-06-08 15:30:00+00:00","0.145","0.344","0.0160515"
"2011-06-08 16:00:00+00:00","0.124","0.213","0.01594695"
"2011-06-08 16:30:00+00:00","0.131","0.063","0.01773045"
"2011-06-08 17:00:00+00:00","0.233","0.0","0.0230625"
"2011-06-08 17:30:00+00:00","0.963","0.0","0.04807455"
"2011-06-08 18:00:00+00:00","0.99","0.0","0.0736893"
"2011-06-08 18:30:00+00:00","0.838","0.0","0.0610941"
"2011-06-08 19:00:00+00:00","0.811","0.0","0.04435995"
"2011-06-08 19:30:00+00:00","1.166","0.0","0.03187545"
"2011-06-08 20:00:00+00:00","1.087","0.0","0.02536875"
"2011-06-08 20:30:00+00:00","0.844","0.0","0.02257665"
"2011-06-08 21:00:00+00:00","0.149","0.0","0.02015355"
"2011-06-08 21:30:00+00:00","0.105","0.0","0.01650045"
"2011-06-08 22:00:00+00:00","0.074","0.0","0.01598385"
"2011-06-08 22:30:00+00:00","0.153","0.0","0.0190404"
"2011-06-08 23:00:00+00:00","0.152","0.0","0.01672185"
"2011-06-08 23:30:00+00:00","0.923","0.0","0.0164697"
"2011-06-09 00:00:00+00:00","0.101","0.0","0.0161253"
"2011-06-09 00:30:00+00:00","0.064","0.0","0.01620525"
"2011-06-09 01:00:00+00:00","0.145","0.0","0.01584855"
"2011-06-09 01:30:00+00:00","0.114","0.0","0.0166419"
"2011-06-09 02:00:00+00:00","0.12","0.0","0.0161868"
"2011-06-09 02:30:00+00:00","0.052","0.0","0.015498"
"2011-06-09 03:00:00+00:00","0.093","0.0","0.01538115"
"2011-06-09 03:30:00+00:00","0.13","0.0","0.01534425"
"2011-06-09 04:00:00+00:00","0.137","0.0","0.0152766"
"2011-06-09 04:30:00+00:00","0.112","0.0","0.0153504"
"2011-06-09 05:00:00+00:00","0.072","0.0","0.01538115"
"2011-06-09 05:30:00+00:00","0.08","0.0","0.01538115"
"2011-06-09 06:00:00+00:00","0.099","0.0","0.0156333"
"2011-06-09 06:30:00+00:00","0.191","0.0","0.0192495"
"2011-06-09 07:00:00+00:00","0.143","0.0","0.02262585"
"2011-06-09 07:30:00+00:00","0.355","0.038","0.0174414"
"2011-06-09 08:00:00+00:00","0.288","0.225","0.0231978"
"2011-06-09 08:30:00+00:00","0.198","0.356","0.01859145"
"2011-06-09 09:00:00+00:00","0.188","0.469","0.0169863"
"2011-06-09 09:30:00+00:00","0.1","0.569","0.0178104"
"2011-06-09 10:00:00+00:00","0.083","0.644","0.0178596"
"2011-06-09 10:30:00+00:00","0.076","0.694","0.01722"
"2011-06-09 11:00:00+00:00","0.106","0.731","0.0163959"
"2011-06-09 11:30:00+00:00","0.139","0.756","0.0162606"
"2011-06-09 12:00:00+00:00","0.151","0.75","0.01618065"
"2011-06-09 12:30:00+00:00","0.078","0.738","0.01588545"
"2011-06-09 13:00:00+00:00","0.077","0.713","0.01595925"
"2011-06-09 13:30:00+00:00","0.121","0.663","0.0161007"
"2011-06-09 14:00:00+00:00","0.109","0.606","0.0165312"
"2011-06-09 14:30:00+00:00","0.168","0.525","0.01626675"
"2011-06-09 15:00:00+00:00","0.106","0.469","0.01595925"
"2011-06-09 15:30:00+00:00","0.072","0.319","0.01606995"
"2011-06-09 16:00:00+00:00","0.542","0.063","0.01618065"
"2011-06-09 16:30:00+00:00","0.187","0.0","0.0162483"
"2011-06-09 17:00:00+00:00","0.232","0.0","0.0167526"
"2011-06-09 17:30:00+00:00","0.684","0.0","0.02559015"
"2011-06-09 18:00:00+00:00","1.223","0.0","0.03806235"
"2011-06-09 18:30:00+00:00","1.079","0.0","0.03440925"
"2011-06-09 19:00:00+00:00","0.977","0.0","0.03239205"
"2011-06-09 19:30:00+00:00","0.968","0.0","0.0247107"
"2011-06-09 20:00:00+00:00","1.512","0.0","0.0248337"
"2011-06-09 20:30:00+00:00","1.538","0.006","0.02786565"
"2011-06-09 21:00:00+00:00","0.673","0.0","0.0250674"
"2011-06-09 21:30:00+00:00","0.248","0.0","0.0191142"
"2011-06-09 22:00:00+00:00","0.188","0.0","0.0179826"
"2011-06-09 22:30:00+00:00","0.176","0.0","0.0250182"
"2011-06-09 23:00:00+00:00","0.166","0.0","0.01931715"
"2011-06-09 23:30:00+00:00","0.119","0.0","0.02014125"
"2011-06-10 00:00:00+00:00","0.125","0.0","0.01785345"
"2011-06-10 00:30:00+00:00","0.147","0.0","0.01827165"
"2011-06-10 01:00:00+00:00","0.371","0.0","0.0161868"
"2011-06-10 01:30:00+00:00","0.893","0.0","0.0165189"
"2011-06-10 02:00:00+00:00","0.14","0.0","0.0156579"
"2011-06-10 02:30:00+00:00","0.11","0.0","0.0156087"
"2011-06-10 03:00:00+00:00","0.144","0.0","0.0154365"
"2011-06-10 03:30:00+00:00","0.162","0.0","0.0153504"
"2011-06-10 04:00:00+00:00","0.158","0.0","0.01535655"
"2011-06-10 04:30:00+00:00","0.121","0.0","0.015375"
"2011-06-10 05:00:00+00:00","0.366","0.0","0.01538115"
"2011-06-10 05:30:00+00:00","0.202","0.0","0.0156087"
"2011-06-10 06:00:00+00:00","0.141","0.0","0.0161499"
"2011-06-10 06:30:00+00:00","0.154","0.0","0.0186468"
"2011-06-10 07:00:00+00:00","0.079","0.0","0.02096535"
"2011-06-10 07:30:00+00:00","0.093","0.031","0.01755825"
"2011-06-10 08:00:00+00:00","0.107","0.206","0.02618055"
"2011-06-10 08:30:00+00:00","0.141","0.344","0.0263466"
"2011-06-10 09:00:00+00:00","0.321","0.45","0.02161725"
"2011-06-10 09:30:00+00:00","0.11","0.544","0.0206025"
"2011-06-10 10:00:00+00:00","0.182","0.606","0.01792725"
"2011-06-10 10:30:00+00:00","0.077","0.663","0.0167895"
"2011-06-10 11:00:00+00:00","0.189","0.706","0.01663575"
"2011-06-10 11:30:00+00:00","0.16","0.719","0.01643895"
"2011-06-10 12:00:00+00:00","0.175","0.719","0.01620525"
"2011-06-10 12:30:00+00:00","0.301","0.538","0.01594695"
"2011-06-10 13:00:00+00:00","0.211","0.506","0.01595925"
"2011-06-10 13:30:00+00:00","0.162","0.2","0.01595925"
"2011-06-10 14:00:00+00:00","0.078","0.188","0.01595925"
"2011-06-10 14:30:00+00:00","0.103","0.131","0.0159285"
"2011-06-10 15:00:00+00:00","0.091","0.075","0.01592235"
"2011-06-10 15:30:00+00:00","0.179","0.044","0.0160515"
"2011-06-10 16:00:00+00:00","0.127","0.025","0.01600845"
"2011-06-10 16:30:00+00:00","0.251","0.006","0.01643895"
"2011-06-10 17:00:00+00:00","0.173","0.0","0.01667265"
"2011-06-10 17:30:00+00:00","0.683","0.0","0.0228903"
"2011-06-10 18:00:00+00:00","1.609","0.0","0.02704155"
"2011-06-10 18:30:00+00:00","1.172","0.0","0.02496285"
"2011-06-10 19:00:00+00:00","1.167","0.0","0.0236898"
"2011-06-10 19:30:00+00:00","1.397","0.0","0.019557"
"2011-06-10 20:00:00+00:00","1.317","0.0","0.019311"
"2011-06-10 20:30:00+00:00","1.17","0.0","0.0173307"
"2011-06-10 21:00:00+00:00","0.643","0.0","0.01742295"
"2011-06-10 21:30:00+00:00","0.213","0.0","0.01711545"
"2011-06-10 22:00:00+00:00","0.167","0.0","0.01690635"
"2011-06-10 22:30:00+00:00","0.193","0.0","0.02176485"
"2011-06-10 23:00:00+00:00","0.942","0.0","0.01877595"
"2011-06-10 23:30:00+00:00","0.336","0.0","0.0195816"
"2011-06-11 00:00:00+00:00","0.171","0.0","0.0178596"
"2011-06-11 00:30:00+00:00","0.124","0.0","0.0175152"
"2011-06-11 01:00:00+00:00","0.159","0.0","0.01622985"
"2011-06-11 01:30:00+00:00","0.204","0.0","0.0183147"
"2011-06-11 02:00:00+00:00","0.174","0.0","0.01657425"
"2011-06-11 02:30:00+00:00","0.201","0.0","0.01557795"
"2011-06-11 03:00:00+00:00","0.191","0.0","0.01538115"
"2011-06-11 03:30:00+00:00","0.139","0.0","0.01524585"
"2011-06-11 04:00:00+00:00","0.124","0.0","0.0151782"
"2011-06-11 04:30:00+00:00","0.186","0.0","0.01507365"
"2011-06-11 05:00:00+00:00","0.22","0.0","0.01508595"
"2011-06-11 05:30:00+00:00","0.184","0.0","0.01493835"
"2011-06-11 06:00:00+00:00","0.166","0.0","0.0147477"
"2011-06-11 06:30:00+00:00","0.263","0.0","0.0155349"
"2011-06-11 07:00:00+00:00","0.157","0.0","0.01554105"
"2011-06-11 07:30:00+00:00","0.201","0.0","0.01579935"
"2011-06-11 08:00:00+00:00","0.216","0.025","0.016851"
"2011-06-11 08:30:00+00:00","0.19","0.163","0.0175398"
"2011-06-11 09:00:00+00:00","0.182","0.138","0.0182163"
"2011-06-11 09:30:00+00:00","0.396","0.075","0.019065"
"2011-06-11 10:00:00+00:00","0.153","0.125","0.01931715"
"2011-06-11 10:30:00+00:00","0.202","0.088","0.0188805"
"2011-06-11 11:00:00+00:00","0.214","0.15","0.01806255"
"2011-06-11 11:30:00+00:00","0.156","0.106","0.0177489"
"2011-06-11 12:00:00+00:00","0.096","0.169","0.01668495"
"2011-06-11 12:30:00+00:00","0.107","0.356","0.0164082"
"2011-06-11 13:00:00+00:00","0.081","0.263","0.0161868"
"2011-06-11 13:30:00+00:00","0.171","0.419","0.0158793"
"2011-06-11 14:00:00+00:00","0.171","0.331","0.0157563"
"2011-06-11 14:30:00+00:00","0.224","0.331","0.0157194"
"2011-06-11 15:00:00+00:00","0.218","0.156","0.0158424"
"2011-06-11 15:30:00+00:00","0.14","0.106","0.0159039"
"2011-06-11 16:00:00+00:00","0.156","0.044","0.0162852"
"2011-06-11 16:30:00+00:00","0.406","0.006","0.01722"
"2011-06-11 17:00:00+00:00","1.313","0.0","0.01803795"
"2011-06-11 17:30:00+00:00","1.096","0.0","0.023985"
"2011-06-11 18:00:00+00:00","1.152","0.0","0.02715225"
"2011-06-11 18:30:00+00:00","1.185","0.0","0.0273552"
"2011-06-11 19:00:00+00:00","0.463","0.0","0.02300715"
"2011-06-11 19:30:00+00:00","1.069","0.0","0.0182655"
"2011-06-11 20:00:00+00:00","1.217","0.0","0.01670955"
"2011-06-11 20:30:00+00:00","1.078","0.0","0.01652505"
"2011-06-11 21:00:00+00:00","0.477","0.0","0.0162237"
"2011-06-11 21:30:00+00:00","0.172","0.0","0.0161745"
"2011-06-11 22:00:00+00:00","0.146","0.0","0.0158793"
"2011-06-11 22:30:00+00:00","0.14","0.0","0.01610685"
"2011-06-11 23:00:00+00:00","0.09","0.0","0.0160146"
"2011-06-11 23:30:00+00:00","0.115","0.0","0.01709085"
"2011-06-12 00:00:00+00:00","0.07","0.0","0.01627905"
"2011-06-12 00:30:00+00:00","0.16","0.0","0.0155103"
"2011-06-12 01:00:00+00:00","0.132","0.0","0.0155349"
"2011-06-12 01:30:00+00:00","0.145","0.0","0.0156087"
"2011-06-12 02:00:00+00:00","0.093","0.0","0.0153258"
"2011-06-12 02:30:00+00:00","0.09","0.0","0.0149937"
"2011-06-12 03:00:00+00:00","0.098","0.0","0.0146985"
"2011-06-12 03:30:00+00:00","0.095","0.0","0.012423"
"2011-06-12 04:00:00+00:00","0.16","0.0","0.0118941"
"2011-06-12 04:30:00+00:00","0.133","0.0","0.01176495"
"2011-06-12 05:00:00+00:00","0.116","0.0","0.0116481"
"2011-06-12 05:30:00+00:00","0.059","0.0","0.01250295"
"2011-06-12 06:00:00+00:00","0.105","0.0","0.0121401"
"2011-06-12 06:30:00+00:00","0.107","0.0","0.01214625"
"2011-06-12 07:00:00+00:00","0.126","0.0","0.013038"
"2011-06-12 07:30:00+00:00","0.171","0.0","0.01411425"
"2011-06-12 08:00:00+00:00","0.119","0.0","0.01523355"
"2011-06-12 08:30:00+00:00","0.119","0.0","0.01554105"
"2011-06-12 09:00:00+00:00","0.189","0.0","0.0159039"
"2011-06-12 09:30:00+00:00","0.394","0.0","0.016359"
"2011-06-12 10:00:00+00:00","0.142","0.0","0.01622985"
"2011-06-12 10:30:00+00:00","0.282","0.019","0.01611915"
"2011-06-12 11:00:00+00:00","0.13","0.056","0.0158055"
"2011-06-12 11:30:00+00:00","0.361","0.113","0.01562715"
"2011-06-12 12:00:00+00:00","0.132","0.056","0.0156087"
"2011-06-12 12:30:00+00:00","0.778","0.013","0.01562715"
"2011-06-12 13:00:00+00:00","0.951","0.063","0.0156456"
"2011-06-12 13:30:00+00:00","0.171","0.106","0.0153996"
"2011-06-12 14:00:00+00:00","0.097","0.056","0.01544265"
"2011-06-12 14:30:00+00:00","0.141","0.081","0.0154611"
"2011-06-12 15:00:00+00:00","0.417","0.0","0.0154242"
"2011-06-12 15:30:00+00:00","0.332","0.019","0.01555335"
"2011-06-12 16:00:00+00:00","0.171","0.0","0.01573785"
"2011-06-12 16:30:00+00:00","0.301","0.006","0.0158424"
"2011-06-12 17:00:00+00:00","0.383","0.0","0.01742295"
"2011-06-12 17:30:00+00:00","1.201","0.0","0.0195693"
"2011-06-12 18:00:00+00:00","1.08","0.0","0.02207235"
"2011-06-12 18:30:00+00:00","1.317","0.0","0.02197395"
"2011-06-12 19:00:00+00:00","1.096","0.0","0.01904655"
"2011-06-12 19:30:00+00:00","0.847","0.0","0.01684485"
"2011-06-12 20:00:00+00:00","0.893","0.0","0.01664805"
"2011-06-12 20:30:00+00:00","0.337","0.0","0.01677105"
"2011-06-12 21:00:00+00:00","0.147","0.0","0.01620525"
"2011-06-12 21:30:00+00:00","0.169","0.0","0.01603305"
"2011-06-12 22:00:00+00:00","0.154","0.0","0.0159777"
"2011-06-12 22:30:00+00:00","0.461","0.0","0.016359"
"2011-06-12 23:00:00+00:00","0.599","0.0","0.01597155"
"2011-06-12 23:30:00+00:00","0.091","0.0","0.0162729"
"2011-06-13 00:00:00+00:00","0.138","0.0","0.0154611"
"2011-06-13 00:30:00+00:00","0.147","0.0","0.01508595"
"2011-06-13 01:00:00+00:00","0.141","0.0","0.0151167"
"2011-06-13 01:30:00+00:00","0.084","0.0","0.01552875"
"2011-06-13 02:00:00+00:00","0.106","0.0","0.0155226"
"2011-06-13 02:30:00+00:00","0.057","0.0","0.01495065"
"2011-06-13 03:00:00+00:00","0.132","0.0","0.0149076"
"2011-06-13 03:30:00+00:00","0.151","0.0","0.0143049"
"2011-06-13 04:00:00+00:00","0.138","0.0","0.0143418"
"2011-06-13 04:30:00+00:00","0.094","0.0","0.01452015"
"2011-06-13 05:00:00+00:00","0.088","0.0","0.0119679"
"2011-06-13 05:30:00+00:00","0.096","0.0","0.01210935"
"2011-06-13 06:00:00+00:00","0.097","0.0","0.0120786"
"2011-06-13 06:30:00+00:00","0.172","0.0","0.0142557"
"2011-06-13 07:00:00+00:00","0.304","0.0","0.0144156"
"2011-06-13 07:30:00+00:00","0.096","0.0","0.01482765"
"2011-06-13 08:00:00+00:00","0.094","0.013","0.0156087"
"2011-06-13 08:30:00+00:00","0.225","0.038","0.0165804"
"2011-06-13 09:00:00+00:00","0.639","0.081","0.01666035"
"2011-06-13 09:30:00+00:00","0.428","0.338","0.0170355"
"2011-06-13 10:00:00+00:00","0.276","0.356","0.0168387"
"2011-06-13 10:30:00+00:00","0.334","0.6","0.01732455"
"2011-06-13 11:00:00+00:00","0.216","0.513","0.01632825"
"2011-06-13 11:30:00+00:00","0.171","0.506","0.01682025"
"2011-06-13 12:00:00+00:00","1.066","0.156","0.01652505"
"2011-06-13 12:30:00+00:00","0.924","0.375","0.01636515"
"2011-06-13 13:00:00+00:00","0.299","0.431","0.0161622"
"2011-06-13 13:30:00+00:00","0.195","0.319","0.01572555"
"2011-06-13 14:00:00+00:00","0.279","0.181","0.01581165"
"2011-06-13 14:30:00+00:00","0.1","0.1","0.0157686"
"2011-06-13 15:00:00+00:00","0.128","0.075","0.01587315"
"2011-06-13 15:30:00+00:00","0.146","0.025","0.0166788"
"2011-06-13 16:00:00+00:00","0.18","0.025","0.01587315"
"2011-06-13 16:30:00+00:00","0.165","0.0","0.0164082"
"2011-06-13 17:00:00+00:00","0.563","0.0","0.01707855"
"2011-06-13 17:30:00+00:00","0.899","0.0","0.0218694"
"2011-06-13 18:00:00+00:00","0.823","0.0","0.02704155"
"2011-06-13 18:30:00+00:00","1.022","0.0","0.0249075"
"2011-06-13 19:00:00+00:00","0.814","0.0","0.0198645"
"2011-06-13 19:30:00+00:00","0.862","0.0","0.01691865"
"2011-06-13 20:00:00+00:00","0.845","0.0","0.01743525"
"2011-06-13 20:30:00+00:00","0.79","0.0","0.0169494"
"2011-06-13 21:00:00+00:00","0.456","0.0","0.01600845"
"2011-06-13 21:30:00+00:00","0.121","0.0","0.0157932"
"2011-06-13 22:00:00+00:00","0.107","0.0","0.01531965"
"2011-06-13 22:30:00+00:00","0.826","0.0","0.01568865"
"2011-06-13 23:00:00+00:00","0.298","0.0","0.01567635"
"2011-06-13 23:30:00+00:00","0.101","0.0","0.01723845"
"2011-06-14 00:00:00+00:00","0.134","0.0","0.0160884"
"2011-06-14 00:30:00+00:00","0.129","0.0","0.0155964"
"2011-06-14 01:00:00+00:00","0.079","0.0","0.01555335"
"2011-06-14 01:30:00+00:00","0.163","0.0","0.01566405"
"2011-06-14 02:00:00+00:00","0.067","0.0","0.0153504"
"2011-06-14 02:30:00+00:00","0.122","0.0","0.01518435"
"2011-06-14 03:00:00+00:00","0.15","0.0","0.0148461"
"2011-06-14 03:30:00+00:00","0.09","0.0","0.0149076"
"2011-06-14 04:00:00+00:00","0.103","0.0","0.01452015"
"2011-06-14 04:30:00+00:00","0.148","0.0","0.01482765"
"2011-06-14 05:00:00+00:00","0.113","0.0","0.0155103"
"2011-06-14 05:30:00+00:00","0.077","0.0","0.01547955"
"2011-06-14 06:00:00+00:00","0.189","0.0","0.01543035"
"2011-06-14 06:30:00+00:00","0.163","0.0","0.01905885"
"2011-06-14 07:00:00+00:00","0.607","0.0","0.0216849"
"2011-06-14 07:30:00+00:00","0.221","0.006","0.0180195"
"2011-06-14 08:00:00+00:00","0.159","0.006","0.0252273"
"2011-06-14 08:30:00+00:00","0.211","0.038","0.02472915"
"2011-06-14 09:00:00+00:00","0.254","0.044","0.0221646"
"2011-06-14 09:30:00+00:00","0.152","0.113","0.02316705"
"2011-06-14 10:00:00+00:00","0.2","0.231","0.02062095"
"2011-06-14 10:30:00+00:00","0.241","0.075","0.01819785"
"2011-06-14 11:00:00+00:00","0.179","0.138","0.01800105"
"2011-06-14 11:30:00+00:00","0.162","0.256","0.01643895"
"2011-06-14 12:00:00+00:00","0.152","0.294","0.0163344"
"2011-06-14 12:30:00+00:00","0.076","0.513","0.0166419"
"2011-06-14 13:00:00+00:00","0.136","0.469","0.01669725"
"2011-06-14 13:30:00+00:00","0.143","0.319","0.0165435"
"2011-06-14 14:00:00+00:00","0.062","0.275","0.01659885"
"2011-06-14 14:30:00+00:00","0.149","0.094","0.0165558"
"2011-06-14 15:00:00+00:00","0.151","0.106","0.0165804"
"2011-06-14 15:30:00+00:00","0.105","0.063","0.0165312"
"2011-06-14 16:00:00+00:00","0.218","0.019","0.01629135"
"2011-06-14 16:30:00+00:00","0.184","0.0","0.0159162"
"2011-06-14 17:00:00+00:00","0.759","0.0","0.01787805"
"2011-06-14 17:30:00+00:00","0.806","0.0","0.02301945"
"2011-06-14 18:00:00+00:00","0.825","0.0","0.039729"
"2011-06-14 18:30:00+00:00","0.999","0.0","0.0344031"
"2011-06-14 19:00:00+00:00","1.132","0.0","0.0321891"
"2011-06-14 19:30:00+00:00","1.199","0.0","0.0233331"
"2011-06-14 20:00:00+00:00","1.166","0.0","0.0199998"
"2011-06-14 20:30:00+00:00","1.146","0.0","0.01865295"
"2011-06-14 21:00:00+00:00","0.249","0.0","0.01801335"
"2011-06-14 21:30:00+00:00","0.148","0.0","0.01685715"
"2011-06-14 22:00:00+00:00","0.151","0.0","0.01631595"
"2011-06-14 22:30:00+00:00","0.093","0.0","0.02060865"
"2011-06-14 23:00:00+00:00","0.116","0.0","0.0167157"
"2011-06-14 23:30:00+00:00","0.145","0.0","0.01675875"
"2011-06-15 00:00:00+00:00","0.098","0.0","0.01587315"
"2011-06-15 00:30:00+00:00","0.078","0.0","0.01599"
"2011-06-15 01:00:00+00:00","0.174","0.0","0.01547955"
"2011-06-15 01:30:00+00:00","0.07","0.0","0.0155226"
"2011-06-15 02:00:00+00:00","0.101","0.0","0.0167157"
"2011-06-15 02:30:00+00:00","0.156","0.0","0.01479075"
"2011-06-15 03:00:00+00:00","0.083","0.0","0.0141327"
"2011-06-15 03:30:00+00:00","0.11","0.0","0.01396665"
"2011-06-15 04:00:00+00:00","0.131","0.0","0.01295805"
"2011-06-15 04:30:00+00:00","0.1","0.0","0.0129888"
"2011-06-15 05:00:00+00:00","0.252","0.0","0.01488915"
"2011-06-15 05:30:00+00:00","0.221","0.0","0.01534425"
"2011-06-15 06:00:00+00:00","0.159","0.0","0.01570095"
"2011-06-15 06:30:00+00:00","0.169","0.0","0.01776735"
"2011-06-15 07:00:00+00:00","0.21","0.0","0.01963695"
"2011-06-15 07:30:00+00:00","0.109","0.0","0.01658655"
"2011-06-15 08:00:00+00:00","0.15","0.0","0.01790265"
"2011-06-15 08:30:00+00:00","0.156","0.013","0.01694325"
"2011-06-15 09:00:00+00:00","0.101","0.013","0.01689405"
"2011-06-15 09:30:00+00:00","0.345","0.038","0.0174291"
"2011-06-15 10:00:00+00:00","0.176","0.088","0.0178965"
"2011-06-15 10:30:00+00:00","0.476","0.1","0.01635285"
"2011-06-15 11:00:00+00:00","0.468","0.106","0.01632825"
"2011-06-15 11:30:00+00:00","0.243","0.113","0.01588545"
"2011-06-15 12:00:00+00:00","0.324","0.063","0.0160515"
"2011-06-15 12:30:00+00:00","0.196","0.019","0.01599"
"2011-06-15 13:00:00+00:00","0.166","0.031","0.01593465"
"2011-06-15 13:30:00+00:00","0.204","0.075","0.01598385"
"2011-06-15 14:00:00+00:00","0.169","0.194","0.01593465"
"2011-06-15 14:30:00+00:00","0.243","0.106","0.0160884"
"2011-06-15 15:00:00+00:00","0.42","0.069","0.01583625"
"2011-06-15 15:30:00+00:00","0.239","0.044","0.01646355"
"2011-06-15 16:00:00+00:00","0.175","0.0","0.01662345"
"2011-06-15 16:30:00+00:00","0.345","0.0","0.0171831"
"2011-06-15 17:00:00+00:00","0.709","0.0","0.0179703"
"2011-06-15 17:30:00+00:00","0.877","0.0","0.03151875"
"2011-06-15 18:00:00+00:00","1.028","0.0","0.05145705"
"2011-06-15 18:30:00+00:00","0.969","0.0","0.03126045"
"2011-06-15 19:00:00+00:00","0.831","0.0","0.0253011"
"2011-06-15 19:30:00+00:00","0.954","0.0","0.0211683"
"2011-06-15 20:00:00+00:00","0.874","0.0","0.01913265"
"2011-06-15 20:30:00+00:00","0.727","0.0","0.01791495"
"2011-06-15 21:00:00+00:00","0.171","0.0","0.0172569"
"2011-06-15 21:30:00+00:00","0.145","0.0","0.0167649"
"2011-06-15 22:00:00+00:00","0.104","0.0","0.0165558"
"2011-06-15 22:30:00+00:00","0.108","0.0","0.02060865"
"2011-06-15 23:00:00+00:00","0.13","0.0","0.01775505"
"2011-06-15 23:30:00+00:00","0.971","0.0","0.01737375"
"2011-06-16 00:00:00+00:00","0.103","0.0","0.0163836"
"2011-06-16 00:30:00+00:00","0.139","0.0","0.01640205"
"2011-06-16 01:00:00+00:00","0.064","0.0","0.015744"
"2011-06-16 01:30:00+00:00","0.142","0.0","0.015621"
"2011-06-16 02:00:00+00:00","0.134","0.0","0.01544265"
"2011-06-16 02:30:00+00:00","0.072","0.0","0.015129"
"2011-06-16 03:00:00+00:00","0.144","0.0","0.014883"
"2011-06-16 03:30:00+00:00","0.124","0.0","0.01175265"
"2011-06-16 04:00:00+00:00","0.087","0.0","0.011562"
"2011-06-16 04:30:00+00:00","0.11","0.006","0.01170345"
"2011-06-16 05:00:00+00:00","0.146","0.0","0.0123861"
"2011-06-16 05:30:00+00:00","0.077","0.0","0.01508595"
"2011-06-16 06:00:00+00:00","0.122","0.0","0.01539345"
"2011-06-16 06:30:00+00:00","0.21","0.0","0.01993215"
"2011-06-16 07:00:00+00:00","0.263","0.0","0.0191634"
"2011-06-16 07:30:00+00:00","0.186","0.006","0.0178473"
"2011-06-16 08:00:00+00:00","0.171","0.013","0.0207378"
"2011-06-16 08:30:00+00:00","0.301","0.194","0.02028885"
"2011-06-16 09:00:00+00:00","0.127","0.225","0.01731225"
"2011-06-16 09:30:00+00:00","0.148","0.15","0.01929255"
"2011-06-16 10:00:00+00:00","0.094","0.544","0.01942785"
"2011-06-16 10:30:00+00:00","0.13","0.194","0.0183393"
"2011-06-16 11:00:00+00:00","0.124","0.338","0.01696785"
"2011-06-16 11:30:00+00:00","0.079","0.569","0.01754595"
"2011-06-16 12:00:00+00:00","0.157","0.281","0.01780425"
"2011-06-16 12:30:00+00:00","0.087","0.769","0.0181794"
"2011-06-16 13:00:00+00:00","0.12","0.631","0.01835775"
"2011-06-16 13:30:00+00:00","0.808","0.563","0.0188682"
"2011-06-16 14:00:00+00:00","0.341","0.569","0.0184377"
"2011-06-16 14:30:00+00:00","0.177","0.569","0.01818555"
"2011-06-16 15:00:00+00:00","0.238","0.356","0.0177489"
"2011-06-16 15:30:00+00:00","0.224","0.213","0.0182286"
"2011-06-16 16:00:00+00:00","0.188","0.019","0.01840695"
"2011-06-16 16:30:00+00:00","0.177","0.013","0.0184623"
"2011-06-16 17:00:00+00:00","0.383","0.0","0.019188"
"2011-06-16 17:30:00+00:00","0.173","0.0","0.0229149"
"2011-06-16 18:00:00+00:00","0.863","0.0","0.0461742"
"2011-06-16 18:30:00+00:00","0.794","0.0","0.0298644"
"2011-06-16 19:00:00+00:00","0.802","0.0","0.02722605"
"2011-06-16 19:30:00+00:00","0.88","0.0","0.0217341"
"2011-06-16 20:00:00+00:00","1.218","0.0","0.0211806"
"2011-06-16 20:30:00+00:00","1.154","0.0","0.0230994"
"2011-06-16 21:00:00+00:00","0.264","0.0","0.01907115"
"2011-06-16 21:30:00+00:00","0.179","0.0","0.01631595"
"2011-06-16 22:00:00+00:00","0.159","0.0","0.0157317"
"2011-06-16 22:30:00+00:00","0.142","0.0","0.01948935"
"2011-06-16 23:00:00+00:00","0.107","0.0","0.01706625"
"2011-06-16 23:30:00+00:00","0.122","0.0","0.01670955"
"2011-06-17 00:00:00+00:00","0.14","0.0","0.01626675"
"2011-06-17 00:30:00+00:00","0.094","0.0","0.01575015"
"2011-06-17 01:00:00+00:00","0.106","0.0","0.0157317"
"2011-06-17 01:30:00+00:00","0.153","0.0","0.0156579"
"2011-06-17 02:00:00+00:00","0.107","0.0","0.01515975"
"2011-06-17 02:30:00+00:00","0.106","0.0","0.01476"
"2011-06-17 03:00:00+00:00","0.115","0.0","0.0125214"
"2011-06-17 03:30:00+00:00","0.147","0.0","0.01114995"
"2011-06-17 04:00:00+00:00","0.082","0.0","0.01161735"
"2011-06-17 04:30:00+00:00","0.119","0.0","0.01150665"
"2011-06-17 05:00:00+00:00","0.147","0.0","0.01304415"
"2011-06-17 05:30:00+00:00","0.073","0.0","0.0149691"
"2011-06-17 06:00:00+00:00","0.118","0.0","0.0153996"
"2011-06-17 06:30:00+00:00","0.138","0.0","0.01795185"
"2011-06-17 07:00:00+00:00","0.289","0.0","0.01834545"
"2011-06-17 07:30:00+00:00","0.425","0.025","0.0174906"
"2011-06-17 08:00:00+00:00","0.396","0.188","0.01984605"
"2011-06-17 08:30:00+00:00","0.262","0.319","0.01978455"
"2011-06-17 09:00:00+00:00","0.11","0.444","0.018081"
"2011-06-17 09:30:00+00:00","0.163","0.531","0.01870215"
"2011-06-17 10:00:00+00:00","0.097","0.606","0.01834545"
"2011-06-17 10:30:00+00:00","0.091","0.663","0.01662345"
"2011-06-17 11:00:00+00:00","0.162","0.706","0.01675875"
"2011-06-17 11:30:00+00:00","0.099","0.719","0.01604535"
"2011-06-17 12:00:00+00:00","0.106","0.738","0.01621755"
"2011-06-17 12:30:00+00:00","0.133","0.725","0.0160146"
"2011-06-17 13:00:00+00:00","0.132","0.7","0.01572555"
"2011-06-17 13:30:00+00:00","0.112","0.656","0.01568865"
"2011-06-17 14:00:00+00:00","0.104","0.581","0.0157932"
"2011-06-17 14:30:00+00:00","0.157","0.525","0.0156456"
"2011-06-17 15:00:00+00:00","0.08","0.431","0.01577475"
"2011-06-17 15:30:00+00:00","0.118","0.319","0.01555335"
"2011-06-17 16:00:00+00:00","0.159","0.188","0.01614375"
"2011-06-17 16:30:00+00:00","0.095","0.063","0.01586085"
"2011-06-17 17:00:00+00:00","0.115","0.0","0.01638975"
"2011-06-17 17:30:00+00:00","0.142","0.0","0.02095305"
"2011-06-17 18:00:00+00:00","0.104","0.0","0.0269739"
"2011-06-17 18:30:00+00:00","0.072","0.0","0.0230871"
"2011-06-17 19:00:00+00:00","0.509","0.0","0.02337"
"2011-06-17 19:30:00+00:00","1.199","0.0","0.01902195"
"2011-06-17 20:00:00+00:00","1.243","0.0","0.02064555"
"2011-06-17 20:30:00+00:00","1.189","0.0","0.0176874"
"2011-06-17 21:00:00+00:00","0.527","0.0","0.01673415"
"2011-06-17 21:30:00+00:00","0.137","0.0","0.016359"
"2011-06-17 22:00:00+00:00","0.165","0.0","0.0162975"
"2011-06-17 22:30:00+00:00","0.131","0.0","0.01921875"
"2011-06-17 23:00:00+00:00","0.092","0.0","0.01728765"
"2011-06-17 23:30:00+00:00","0.157","0.0","0.01813635"
"2011-06-18 00:00:00+00:00","0.102","0.0","0.01749675"
"2011-06-18 00:30:00+00:00","0.079","0.0","0.0168879"
"2011-06-18 01:00:00+00:00","0.168","0.0","0.01599"
"2011-06-18 01:30:00+00:00","0.072","0.0","0.0161253"
"2011-06-18 02:00:00+00:00","0.1","0.0","0.01523355"
"2011-06-18 02:30:00+00:00","0.137","0.0","0.0150675"
"2011-06-18 03:00:00+00:00","0.1","0.0","0.01471695"
"2011-06-18 03:30:00+00:00","0.096","0.0","0.01169115"
"2011-06-18 04:00:00+00:00","0.153","0.0","0.01201095"
"2011-06-18 04:30:00+00:00","0.084","0.0","0.01213395"
"2011-06-18 05:00:00+00:00","0.085","0.0","0.0109839"
"2011-06-18 05:30:00+00:00","0.167","0.0","0.01213395"
"2011-06-18 06:00:00+00:00","0.053","0.0","0.0124353"
"2011-06-18 06:30:00+00:00","0.121","0.0","0.0141696"
"2011-06-18 07:00:00+00:00","0.377","0.0","0.0154365"
"2011-06-18 07:30:00+00:00","0.146","0.019","0.0154611"
"2011-06-18 08:00:00+00:00","0.133","0.181","0.01597155"
"2011-06-18 08:30:00+00:00","0.131","0.319","0.01668495"
"2011-06-18 09:00:00+00:00","0.151","0.425","0.0165804"
"2011-06-18 09:30:00+00:00","0.13","0.525","0.01709085"
"2011-06-18 10:00:00+00:00","0.377","0.6","0.01717695"
"2011-06-18 10:30:00+00:00","0.268","0.669","0.01694325"
"2011-06-18 11:00:00+00:00","0.171","0.706","0.01645125"
"2011-06-18 11:30:00+00:00","0.183","0.731","0.01602075"
"2011-06-18 12:00:00+00:00","0.084","0.725","0.01570095"
"2011-06-18 12:30:00+00:00","0.103","0.706","0.01555335"
"2011-06-18 13:00:00+00:00","0.145","0.688","0.0156456"
"2011-06-18 13:30:00+00:00","0.114","0.644","0.0155103"
"2011-06-18 14:00:00+00:00","0.074","0.588","0.01563945"
"2011-06-18 14:30:00+00:00","0.171","0.513","0.0152028"
"2011-06-18 15:00:00+00:00","0.112","0.419","0.0154242"
"2011-06-18 15:30:00+00:00","0.079","0.313","0.01595925"
"2011-06-18 16:00:00+00:00","0.171","0.2","0.0158793"
"2011-06-18 16:30:00+00:00","0.096","0.056","0.01602075"
"2011-06-18 17:00:00+00:00","0.172","0.0","0.0167034"
"2011-06-18 17:30:00+00:00","0.229","0.0","0.0217095"
"2011-06-18 18:00:00+00:00","0.292","0.0","0.04106355"
"2011-06-18 18:30:00+00:00","0.957","0.0","0.0307008"
"2011-06-18 19:00:00+00:00","0.988","0.0","0.02463075"
"2011-06-18 19:30:00+00:00","0.972","0.0","0.01979685"
"2011-06-18 20:00:00+00:00","0.995","0.0","0.01969845"
"2011-06-18 20:30:00+00:00","0.825","0.0","0.0192987"
"2011-06-18 21:00:00+00:00","0.843","0.0","0.0179211"
"2011-06-18 21:30:00+00:00","0.487","0.0","0.0180441"
"2011-06-18 22:00:00+00:00","0.202","0.0","0.0168387"
"2011-06-18 22:30:00+00:00","0.301","0.0","0.0196923"
"2011-06-18 23:00:00+00:00","0.843","0.0","0.01752135"
"2011-06-18 23:30:00+00:00","0.116","0.0","0.01987065"
"2011-06-19 00:00:00+00:00","0.111","0.0","0.01795185"
"2011-06-19 00:30:00+00:00","0.168","0.0","0.0164082"
"2011-06-19 01:00:00+00:00","0.071","0.0","0.0155718"
"2011-06-19 01:30:00+00:00","0.121","0.0","0.01525815"
"2011-06-19 02:00:00+00:00","0.148","0.0","0.01490145"
"2011-06-19 02:30:00+00:00","0.085","0.0","0.01455705"
"2011-06-19 03:00:00+00:00","0.14","0.0","0.0138006"
"2011-06-19 03:30:00+00:00","0.118","0.0","0.0127059"
"2011-06-19 04:00:00+00:00","0.113","0.0","0.01210935"
"2011-06-19 04:30:00+00:00","0.105","0.0","0.0120171"
"2011-06-19 05:00:00+00:00","0.111","0.0","0.01212165"
"2011-06-19 05:30:00+00:00","0.155","0.0","0.0121032"
"2011-06-19 06:00:00+00:00","0.079","0.0","0.0124353"
"2011-06-19 06:30:00+00:00","0.136","0.0","0.0125706"
"2011-06-19 07:00:00+00:00","0.403","0.0","0.01306875"
"2011-06-19 07:30:00+00:00","0.115","0.025","0.0140466"
"2011-06-19 08:00:00+00:00","0.158","0.188","0.0154242"
"2011-06-19 08:30:00+00:00","0.182","0.325","0.0154857"
"2011-06-19 09:00:00+00:00","0.138","0.444","0.01573785"
"2011-06-19 09:30:00+00:00","0.147","0.544","0.01581165"
"2011-06-19 10:00:00+00:00","0.245","0.613","0.0156333"
"2011-06-19 10:30:00+00:00","0.251","0.663","0.0158547"
"2011-06-19 11:00:00+00:00","0.151","0.7","0.01551645"
"2011-06-19 11:30:00+00:00","0.108","0.719","0.0154242"
"2011-06-19 12:00:00+00:00","0.116","0.725","0.0153996"
"2011-06-19 12:30:00+00:00","0.128","0.706","0.01538115"
"2011-06-19 13:00:00+00:00","0.108","0.681","0.01538115"
"2011-06-19 13:30:00+00:00","0.147","0.644","0.01538115"
"2011-06-19 14:00:00+00:00","0.249","0.588","0.01538115"
"2011-06-19 14:30:00+00:00","0.148","0.513","0.01538115"
"2011-06-19 15:00:00+00:00","0.227","0.431","0.01530735"
"2011-06-19 15:30:00+00:00","0.09","0.319","0.01538115"
"2011-06-19 16:00:00+00:00","0.173","0.206","0.0157809"
"2011-06-19 16:30:00+00:00","0.14","0.056","0.01561485"
"2011-06-19 17:00:00+00:00","0.131","0.0","0.0169371"
"2011-06-19 17:30:00+00:00","0.127","0.0","0.0187821"
"2011-06-19 18:00:00+00:00","0.619","0.0","0.02335155"
"2011-06-19 18:30:00+00:00","0.862","0.0","0.02294565"
"2011-06-19 19:00:00+00:00","1.044","0.0","0.0212913"
"2011-06-19 19:30:00+00:00","0.89","0.0","0.017835"
"2011-06-19 20:00:00+00:00","0.854","0.0","0.0178104"
"2011-06-19 20:30:00+00:00","0.666","0.0","0.0176874"
"2011-06-19 21:00:00+00:00","0.255","0.0","0.0171216"
"2011-06-19 21:30:00+00:00","0.136","0.0","0.01622985"
"2011-06-19 22:00:00+00:00","0.089","0.0","0.0155472"
"2011-06-19 22:30:00+00:00","0.162","0.0","0.01606995"
"2011-06-19 23:00:00+00:00","0.116","0.0","0.015498"
"2011-06-19 23:30:00+00:00","0.095","0.0","0.0161745"
"2011-06-20 00:00:00+00:00","0.134","0.0","0.0158055"
"2011-06-20 00:30:00+00:00","0.105","0.0","0.01503675"
"2011-06-20 01:00:00+00:00","0.11","0.0","0.0150798"
"2011-06-20 01:30:00+00:00","0.111","0.0","0.0152028"
"2011-06-20 02:00:00+00:00","0.11","0.0","0.0142926"
"2011-06-20 02:30:00+00:00","0.114","0.0","0.01348695"
"2011-06-20 03:00:00+00:00","0.102","0.0","0.0109101"
"2011-06-20 03:30:00+00:00","0.127","0.0","0.00908355"
"2011-06-20 04:00:00+00:00","0.102","0.0","0.00940335"
"2011-06-20 04:30:00+00:00","0.096","0.0","0.0109347"
"2011-06-20 05:00:00+00:00","0.145","0.0","0.01204785"
"2011-06-20 05:30:00+00:00","0.079","0.0","0.01434795"
"2011-06-20 06:00:00+00:00","0.097","0.0","0.0152889"
"2011-06-20 06:30:00+00:00","0.202","0.006","0.016728"
"2011-06-20 07:00:00+00:00","0.072","0.0","0.01742295"
"2011-06-20 07:30:00+00:00","0.317","0.019","0.0169371"
"2011-06-20 08:00:00+00:00","0.195","0.175","0.01817325"
"2011-06-20 08:30:00+00:00","0.077","0.313","0.01753365"
"2011-06-20 09:00:00+00:00","0.108","0.431","0.0169494"
"2011-06-20 09:30:00+00:00","0.155","0.525","0.01675875"
"2011-06-20 10:00:00+00:00","0.266","0.594","0.0168141"
"2011-06-20 10:30:00+00:00","0.167","0.65","0.0162975"
"2011-06-20 11:00:00+00:00","0.275","0.688","0.01661115"
"2011-06-20 11:30:00+00:00","0.122","0.713","0.0158055"
"2011-06-20 12:00:00+00:00","0.195","0.719","0.01566405"
"2011-06-20 12:30:00+00:00","0.259","0.706","0.01618065"
"2011-06-20 13:00:00+00:00","0.308","0.688","0.01600845"
"2011-06-20 13:30:00+00:00","0.248","0.638","0.0157932"
"2011-06-20 14:00:00+00:00","0.265","0.488","0.01606995"
"2011-06-20 14:30:00+00:00","0.111","0.394","0.0161499"
"2011-06-20 15:00:00+00:00","0.184","0.256","0.01595925"
"2011-06-20 15:30:00+00:00","0.258","0.263","0.01595925"
"2011-06-20 16:00:00+00:00","0.094","0.194","0.01621755"
"2011-06-20 16:30:00+00:00","0.16","0.056","0.0156948"
"2011-06-20 17:00:00+00:00","0.302","0.0","0.0165558"
"2011-06-20 17:30:00+00:00","0.129","0.0","0.0210576"
"2011-06-20 18:00:00+00:00","0.609","0.0","0.0269985"
"2011-06-20 18:30:00+00:00","0.894","0.0","0.02556555"
"2011-06-20 19:00:00+00:00","0.798","0.0","0.02297025"
"2011-06-20 19:30:00+00:00","0.962","0.0","0.0189666"
"2011-06-20 20:00:00+00:00","0.705","0.0","0.0182163"
"2011-06-20 20:30:00+00:00","0.188","0.0","0.0170601"
"2011-06-20 21:00:00+00:00","0.145","0.0","0.0170355"
"2011-06-20 21:30:00+00:00","0.189","0.0","0.0163467"
"2011-06-20 22:00:00+00:00","0.097","0.0","0.01568865"
"2011-06-20 22:30:00+00:00","0.133","0.0","0.01643895"
"2011-06-20 23:00:00+00:00","0.955","0.0","0.01572555"
"2011-06-20 23:30:00+00:00","0.112","0.0","0.01640205"
"2011-06-21 00:00:00+00:00","0.056","0.0","0.0158178"
"2011-06-21 00:30:00+00:00","0.157","0.0","0.0154365"
"2011-06-21 01:00:00+00:00","0.115","0.0","0.01555335"
"2011-06-21 01:30:00+00:00","0.076","0.0","0.01534425"
"2011-06-21 02:00:00+00:00","0.128","0.0","0.01531965"
"2011-06-21 02:30:00+00:00","0.119","0.0","0.01357305"
"2011-06-21 03:00:00+00:00","0.093","0.0","0.0090159"
"2011-06-21 03:30:00+00:00","0.113","0.0","0.00932955"
"2011-06-21 04:00:00+00:00","0.117","0.0","0.01025205"
"2011-06-21 04:30:00+00:00","0.117","0.0","0.0113898"
"2011-06-21 05:00:00+00:00","0.091","0.0","0.01250295"
"2011-06-21 05:30:00+00:00","0.116","0.0","0.0139851"
"2011-06-21 06:00:00+00:00","0.279","0.0","0.0151905"
"2011-06-21 06:30:00+00:00","0.093","0.0","0.01592235"
"2011-06-21 07:00:00+00:00","0.148","0.0","0.01663575"
"2011-06-21 07:30:00+00:00","0.177","0.019","0.01616835"
"2011-06-21 08:00:00+00:00","0.264","0.15","0.0169494"
"2011-06-21 08:30:00+00:00","0.219","0.294","0.0168633"
"2011-06-21 09:00:00+00:00","0.162","0.431","0.01632825"
"2011-06-21 09:30:00+00:00","0.084","0.525","0.0162237"
"2011-06-21 10:00:00+00:00","0.161","0.569","0.01594695"
"2011-06-21 10:30:00+00:00","0.097","0.581","0.0157686"
"2011-06-21 11:00:00+00:00","0.075","0.675","0.01586085"
"2011-06-21 11:30:00+00:00","0.362","0.713","0.01625445"
"2011-06-21 12:00:00+00:00","0.095","0.719","0.01595925"
"2011-06-21 12:30:00+00:00","0.099","0.719","0.01595925"
"2011-06-21 13:00:00+00:00","0.213","0.675","0.01595925"
"2011-06-21 13:30:00+00:00","0.129","0.65","0.01595925"
"2011-06-21 14:00:00+00:00","0.105","0.581","0.0160638"
"2011-06-21 14:30:00+00:00","0.156","0.494","0.0160515"
"2011-06-21 15:00:00+00:00","0.14","0.394","0.01588545"
"2011-06-21 15:30:00+00:00","0.128","0.275","0.01658655"
"2011-06-21 16:00:00+00:00","0.121","0.106","0.01711545"
"2011-06-21 16:30:00+00:00","0.139","0.0","0.0169371"
"2011-06-21 17:00:00+00:00","0.252","0.0","0.01776735"
"2011-06-21 17:30:00+00:00","1.423","0.0","0.02130975"
"2011-06-21 18:00:00+00:00","1.817","0.0","0.03036255"
"2011-06-21 18:30:00+00:00","1.967","0.0","0.0233208"
"2011-06-21 19:00:00+00:00","1.66","0.0","0.0222999"
"2011-06-21 19:30:00+00:00","1.893","0.0","0.02051025"
"2011-06-21 20:00:00+00:00","1.817","0.0","0.02044875"
"2011-06-21 20:30:00+00:00","0.714","0.0","0.01978455"
"2011-06-21 21:00:00+00:00","0.234","0.0","0.0190281"
"2011-06-21 21:30:00+00:00","0.253","0.0","0.017712"
"2011-06-21 22:00:00+00:00","0.161","0.0","0.01666035"
"2011-06-21 22:30:00+00:00","0.163","0.0","0.01964925"
"2011-06-21 23:00:00+00:00","0.175","0.0","0.01693095"
"2011-06-21 23:30:00+00:00","0.071","0.006","0.0173799"
"2011-06-22 00:00:00+00:00","0.138","0.0","0.01658655"
"2011-06-22 00:30:00+00:00","0.157","0.0","0.0161991"
"2011-06-22 01:00:00+00:00","0.087","0.0","0.015498"
"2011-06-22 01:30:00+00:00","0.123","0.0","0.0157071"
"2011-06-22 02:00:00+00:00","0.141","0.0","0.01541805"
"2011-06-22 02:30:00+00:00","0.109","0.0","0.01514745"
"2011-06-22 03:00:00+00:00","0.116","0.0","0.0145017"
"2011-06-22 03:30:00+00:00","0.124","0.0","0.01020285"
"2011-06-22 04:00:00+00:00","0.139","0.0","0.01192485"
"2011-06-22 04:30:00+00:00","0.479","0.0","0.01210935"
"2011-06-22 05:00:00+00:00","0.172","0.0","0.01431105"
"2011-06-22 05:30:00+00:00","0.177","0.0","0.014022"
"2011-06-22 06:00:00+00:00","0.099","0.0","0.0154242"
"2011-06-22 06:30:00+00:00","0.19","0.0","0.0169371"
"2011-06-22 07:00:00+00:00","0.103","0.0","0.02021505"
"2011-06-22 07:30:00+00:00","0.112","0.006","0.0178473"
"2011-06-22 08:00:00+00:00","0.198","0.119","0.0237636"
"2011-06-22 08:30:00+00:00","0.887","0.269","0.0229149"
"2011-06-22 09:00:00+00:00","0.15","0.406","0.01971075"
"2011-06-22 09:30:00+00:00","0.835","0.519","0.0189543"
"2011-06-22 10:00:00+00:00","0.323","0.606","0.01846845"
"2011-06-22 10:30:00+00:00","0.134","0.656","0.0169863"
"2011-06-22 11:00:00+00:00","0.305","0.713","0.0165558"
"2011-06-22 11:30:00+00:00","0.146","0.738","0.0164451"
"2011-06-22 12:00:00+00:00","0.182","0.756","0.0165435"
"2011-06-22 12:30:00+00:00","0.614","0.738","0.0161376"
"2011-06-22 13:00:00+00:00","0.282","0.719","0.01597155"
"2011-06-22 13:30:00+00:00","0.203","0.669","0.01625445"
"2011-06-22 14:00:00+00:00","0.289","0.606","0.01597155"
"2011-06-22 14:30:00+00:00","0.227","0.538","0.01591005"
"2011-06-22 15:00:00+00:00","0.141","0.438","0.01592235"
"2011-06-22 15:30:00+00:00","0.19","0.325","0.01595925"
"2011-06-22 16:00:00+00:00","0.217","0.2","0.01632825"
"2011-06-22 16:30:00+00:00","0.107","0.069","0.01632825"
"2011-06-22 17:00:00+00:00","0.396","0.0","0.01731225"
"2011-06-22 17:30:00+00:00","0.647","0.0","0.02217075"
"2011-06-22 18:00:00+00:00","0.803","0.0","0.0419184"
"2011-06-22 18:30:00+00:00","0.967","0.0","0.0341448"
"2011-06-22 19:00:00+00:00","0.935","0.0","0.0256947"
"2011-06-22 19:30:00+00:00","1.018","0.0","0.02177715"
"2011-06-22 20:00:00+00:00","0.781","0.0","0.02242905"
"2011-06-22 20:30:00+00:00","0.473","0.0","0.0205164"
"2011-06-22 21:00:00+00:00","0.267","0.0","0.0181056"
"2011-06-22 21:30:00+00:00","0.095","0.0","0.01689405"
"2011-06-22 22:00:00+00:00","0.172","0.0","0.016482"
"2011-06-22 22:30:00+00:00","0.105","0.0","0.0178473"
"2011-06-22 23:00:00+00:00","0.077","0.0","0.0168633"
"2011-06-22 23:30:00+00:00","0.177","0.0","0.0173184"
"2011-06-23 00:00:00+00:00","0.089","0.0","0.0161745"
"2011-06-23 00:30:00+00:00","0.042","0.0","0.0157317"
"2011-06-23 01:00:00+00:00","0.186","0.0","0.01538115"
"2011-06-23 01:30:00+00:00","0.075","0.0","0.01582395"
"2011-06-23 02:00:00+00:00","0.078","0.0","0.01538115"
"2011-06-23 02:30:00+00:00","0.162","0.0","0.01536885"
"2011-06-23 03:00:00+00:00","0.084","0.0","0.0146616"
"2011-06-23 03:30:00+00:00","0.105","0.0","0.0122754"
"2011-06-23 04:00:00+00:00","0.135","0.0","0.0114021"
"2011-06-23 04:30:00+00:00","0.09","0.0","0.0119925"
"2011-06-23 05:00:00+00:00","0.09","0.0","0.01342545"
"2011-06-23 05:30:00+00:00","0.132","0.0","0.01434795"
"2011-06-23 06:00:00+00:00","0.107","0.0","0.015498"
"2011-06-23 06:30:00+00:00","0.083","0.0","0.0170355"
"2011-06-23 07:00:00+00:00","0.138","0.0","0.0194217"
"2011-06-23 07:30:00+00:00","0.198","0.019","0.0182286"
"2011-06-23 08:00:00+00:00","0.505","0.175","0.02356065"
"2011-06-23 08:30:00+00:00","0.238","0.319","0.02048565"
"2011-06-23 09:00:00+00:00","0.345","0.431","0.0179949"
"2011-06-23 09:30:00+00:00","0.056","0.525","0.0185607"
"2011-06-23 10:00:00+00:00","0.181","0.606","0.0164943"
"2011-06-23 10:30:00+00:00","0.08","0.656","0.0161622"
"2011-06-23 11:00:00+00:00","0.085","0.694","0.0160884"
"2011-06-23 11:30:00+00:00","0.161","0.706","0.0159531"
"2011-06-23 12:00:00+00:00","0.079","0.713","0.01595925"
"2011-06-23 12:30:00+00:00","0.117","0.706","0.01602075"
"2011-06-23 13:00:00+00:00","0.148","0.675","0.0160515"
"2011-06-23 13:30:00+00:00","0.365","0.644","0.01595925"
"2011-06-23 14:00:00+00:00","0.315","0.581","0.0159777"
"2011-06-23 14:30:00+00:00","0.187","0.506","0.01599615"
"2011-06-23 15:00:00+00:00","0.189","0.413","0.01603305"
"2011-06-23 15:30:00+00:00","0.156","0.313","0.01579935"
"2011-06-23 16:00:00+00:00","0.198","0.2","0.0160515"
"2011-06-23 16:30:00+00:00","0.215","0.056","0.01581165"
"2011-06-23 17:00:00+00:00","0.327","0.0","0.0163221"
"2011-06-23 17:30:00+00:00","0.189","0.0","0.0190773"
"2011-06-23 18:00:00+00:00","0.825","0.0","0.0247845"
"2011-06-23 18:30:00+00:00","0.87","0.0","0.02881275"
"2011-06-23 19:00:00+00:00","1.25","0.0","0.0248337"
"2011-06-23 19:30:00+00:00","1.243","0.0","0.0237882"
"2011-06-23 20:00:00+00:00","0.95","0.0","0.02266275"
"2011-06-23 20:30:00+00:00","0.146","0.0","0.02210925"
"2011-06-23 21:00:00+00:00","0.161","0.0","0.0175152"
"2011-06-23 21:30:00+00:00","0.153","0.0","0.01627905"
"2011-06-23 22:00:00+00:00","0.075","0.0","0.01595925"
"2011-06-23 22:30:00+00:00","0.132","0.0","0.01806255"
"2011-06-23 23:00:00+00:00","0.28","0.0","0.0166911"
"2011-06-23 23:30:00+00:00","0.776","0.0","0.0172446"
"2011-06-24 00:00:00+00:00","0.148","0.0","0.016728"
"2011-06-24 00:30:00+00:00","0.091","0.0","0.0172077"
"2011-06-24 01:00:00+00:00","0.085","0.0","0.0160269"
"2011-06-24 01:30:00+00:00","0.154","0.0","0.01642665"
"2011-06-24 02:00:00+00:00","0.084","0.0","0.0158178"
"2011-06-24 02:30:00+00:00","0.13","0.0","0.01536885"
"2011-06-24 03:00:00+00:00","0.129","0.0","0.01536885"
"2011-06-24 03:30:00+00:00","0.109","0.0","0.01511055"
"2011-06-24 04:00:00+00:00","0.115","0.0","0.0122139"
"2011-06-24 04:30:00+00:00","0.117","0.0","0.012669"
"2011-06-24 05:00:00+00:00","0.111","0.0","0.01385595"
"2011-06-24 05:30:00+00:00","0.09","0.0","0.01509825"
"2011-06-24 06:00:00+00:00","0.121","0.0","0.0154242"
"2011-06-24 06:30:00+00:00","0.142","0.0","0.0170109"
"2011-06-24 07:00:00+00:00","0.084","0.0","0.01686945"
"2011-06-24 07:30:00+00:00","0.337","0.019","0.01638975"
"2011-06-24 08:00:00+00:00","0.153","0.181","0.0197292"
"2011-06-24 08:30:00+00:00","0.237","0.325","0.02058405"
"2011-06-24 09:00:00+00:00","0.323","0.438","0.0181302"
"2011-06-24 09:30:00+00:00","0.154","0.538","0.01848075"
"2011-06-24 10:00:00+00:00","0.148","0.606","0.01714005"
"2011-06-24 10:30:00+00:00","0.301","0.65","0.01672185"
"2011-06-24 11:00:00+00:00","0.103","0.694","0.0162606"
"2011-06-24 11:30:00+00:00","0.111","0.713","0.0160269"
"2011-06-24 12:00:00+00:00","0.122","0.713","0.01592235"
"2011-06-24 12:30:00+00:00","0.123","0.7","0.0161868"
"2011-06-24 13:00:00+00:00","0.108","0.675","0.01592235"
"2011-06-24 13:30:00+00:00","0.107","0.625","0.01595925"
"2011-06-24 14:00:00+00:00","0.169","0.581","0.01595925"
"2011-06-24 14:30:00+00:00","0.073","0.506","0.01595925"
"2011-06-24 15:00:00+00:00","0.32","0.425","0.01595925"
"2011-06-24 15:30:00+00:00","0.227","0.313","0.0157194"
"2011-06-24 16:00:00+00:00","0.185","0.2","0.01571325"
"2011-06-24 16:30:00+00:00","0.203","0.05","0.0158424"
"2011-06-24 17:00:00+00:00","0.149","0.0","0.0161745"
"2011-06-24 17:30:00+00:00","0.594","0.0","0.01686945"
"2011-06-24 18:00:00+00:00","1.136","0.0","0.019803"
"2011-06-24 18:30:00+00:00","1.308","0.0","0.01966155"
"2011-06-24 19:00:00+00:00","0.878","0.0","0.0183639"
"2011-06-24 19:30:00+00:00","0.912","0.0","0.01674645"
"2011-06-24 20:00:00+00:00","0.851","0.0","0.01663575"
"2011-06-24 20:30:00+00:00","0.867","0.0","0.016482"
"2011-06-24 21:00:00+00:00","0.55","0.0","0.01587315"
"2011-06-24 21:30:00+00:00","0.185","0.0","0.0158055"
"2011-06-24 22:00:00+00:00","0.094","0.0","0.01595925"
"2011-06-24 22:30:00+00:00","0.157","0.0","0.01618065"
"2011-06-24 23:00:00+00:00","0.14","0.0","0.0160269"
"2011-06-24 23:30:00+00:00","0.113","0.0","0.01763205"
"2011-06-25 00:00:00+00:00","0.139","0.0","0.0166665"
"2011-06-25 00:30:00+00:00","0.103","0.0","0.01593465"
"2011-06-25 01:00:00+00:00","0.16","0.0","0.01547955"
"2011-06-25 01:30:00+00:00","0.077","0.0","0.01549185"
"2011-06-25 02:00:00+00:00","0.115","0.006","0.01538115"
"2011-06-25 02:30:00+00:00","0.151","0.0","0.015252"
"2011-06-25 03:00:00+00:00","0.093","0.0","0.0128658"
"2011-06-25 03:30:00+00:00","0.114","0.0","0.0099507"
"2011-06-25 04:00:00+00:00","0.121","0.0","0.011808"
"2011-06-25 04:30:00+00:00","0.142","0.0","0.0115743"
"2011-06-25 05:00:00+00:00","0.088","0.0","0.01213395"
"2011-06-25 05:30:00+00:00","0.132","0.0","0.0120048"
"2011-06-25 06:00:00+00:00","0.166","0.0","0.0126075"
"2011-06-25 06:30:00+00:00","0.108","0.0","0.0147108"
"2011-06-25 07:00:00+00:00","0.283","0.0","0.01476"
"2011-06-25 07:30:00+00:00","0.168","0.013","0.0151905"
"2011-06-25 08:00:00+00:00","0.084","0.169","0.0156825"
"2011-06-25 08:30:00+00:00","0.406","0.306","0.01568865"
"2011-06-25 09:00:00+00:00","0.361","0.419","0.01600845"
"2011-06-25 09:30:00+00:00","0.151","0.519","0.0162483"
"2011-06-25 10:00:00+00:00","0.198","0.581","0.0155841"
"2011-06-25 10:30:00+00:00","0.141","0.631","0.01562715"
"2011-06-25 11:00:00+00:00","0.094","0.669","0.0155841"
"2011-06-25 11:30:00+00:00","0.093","0.688","0.0150552"
"2011-06-25 12:00:00+00:00","0.155","0.694","0.01492605"
"2011-06-25 12:30:00+00:00","0.087","0.694","0.01476"
"2011-06-25 13:00:00+00:00","0.249","0.644","0.01476"
"2011-06-25 13:30:00+00:00","0.186","0.581","0.01476"
"2011-06-25 14:00:00+00:00","0.149","0.406","0.0147477"
"2011-06-25 14:30:00+00:00","0.181","0.406","0.01476"
"2011-06-25 15:00:00+00:00","0.271","0.419","0.01476"
"2011-06-25 15:30:00+00:00","0.24","0.319","0.01476"
"2011-06-25 16:00:00+00:00","0.237","0.175","0.01476"
"2011-06-25 16:30:00+00:00","0.153","0.031","0.01476"
"2011-06-25 17:00:00+00:00","0.251","0.0","0.01604535"
"2011-06-25 17:30:00+00:00","0.188","0.0","0.0167526"
"2011-06-25 18:00:00+00:00","1.076","0.0","0.0170478"
"2011-06-25 18:30:00+00:00","1.325","0.0","0.0168264"
"2011-06-25 19:00:00+00:00","0.831","0.0","0.01597155"
"2011-06-25 19:30:00+00:00","0.825","0.0","0.0158055"
"2011-06-25 20:00:00+00:00","0.922","0.0","0.01568865"
"2011-06-25 20:30:00+00:00","0.831","0.0","0.0156333"
"2011-06-25 21:00:00+00:00","0.471","0.0","0.01566405"
"2011-06-25 21:30:00+00:00","0.164","0.0","0.01549185"
"2011-06-25 22:00:00+00:00","0.125","0.0","0.0151167"
"2011-06-25 22:30:00+00:00","0.073","0.0","0.01557795"
"2011-06-25 23:00:00+00:00","0.157","0.0","0.0150675"
"2011-06-25 23:30:00+00:00","0.165","0.0","0.0168387"
"2011-06-26 00:00:00+00:00","0.865","0.0","0.0157686"
"2011-06-26 00:30:00+00:00","0.124","0.0","0.0149076"
"2011-06-26 01:00:00+00:00","0.099","0.0","0.014883"
"2011-06-26 01:30:00+00:00","0.095","0.0","0.01491375"
"2011-06-26 02:00:00+00:00","0.11","0.0","0.0147231"
"2011-06-26 02:30:00+00:00","0.144","0.0","0.01365915"
"2011-06-26 03:00:00+00:00","0.056","0.0","0.010209"
"2011-06-26 03:30:00+00:00","0.309","0.0","0.01149435"
"2011-06-26 04:00:00+00:00","0.113","0.0","0.01177725"
"2011-06-26 04:30:00+00:00","0.073","0.0","0.01242915"
"2011-06-26 05:00:00+00:00","0.12","0.0","0.01208475"
"2011-06-26 05:30:00+00:00","0.127","0.0","0.01118685"
"2011-06-26 06:00:00+00:00","0.084","0.0","0.01202325"
"2011-06-26 06:30:00+00:00","0.09","0.0","0.0116112"
"2011-06-26 07:00:00+00:00","0.18","0.0","0.011685"
"2011-06-26 07:30:00+00:00","0.086","0.013","0.01223235"
"2011-06-26 08:00:00+00:00","0.108","0.194","0.01476"
"2011-06-26 08:30:00+00:00","0.304","0.331","0.0147723"
"2011-06-26 09:00:00+00:00","0.264","0.45","0.01482765"
"2011-06-26 09:30:00+00:00","0.146","0.531","0.01552875"
"2011-06-26 10:00:00+00:00","0.118","0.594","0.01544265"
"2011-06-26 10:30:00+00:00","0.192","0.656","0.01531965"
"2011-06-26 11:00:00+00:00","0.149","0.688","0.014883"
"2011-06-26 11:30:00+00:00","0.218","0.706","0.01476"
"2011-06-26 12:00:00+00:00","0.418","0.731","0.01461855"
"2011-06-26 12:30:00+00:00","0.189","0.719","0.01476"
"2011-06-26 13:00:00+00:00","0.198","0.694","0.01476"
"2011-06-26 13:30:00+00:00","0.119","0.656","0.01476"
"2011-06-26 14:00:00+00:00","0.071","0.594","0.0147354"
"2011-06-26 14:30:00+00:00","0.178","0.519","0.01293345"
"2011-06-26 15:00:00+00:00","0.117","0.438","0.01217085"
"2011-06-26 15:30:00+00:00","0.102","0.331","0.0146493"
"2011-06-26 16:00:00+00:00","0.125","0.206","0.01476615"
"2011-06-26 16:30:00+00:00","0.148","0.069","0.0147846"
"2011-06-26 17:00:00+00:00","0.096","0.0","0.01586085"
"2011-06-26 17:30:00+00:00","0.093","0.0","0.01668495"
"2011-06-26 18:00:00+00:00","0.19","0.0","0.01923105"
"2011-06-26 18:30:00+00:00","0.285","0.0","0.02007975"
"2011-06-26 19:00:00+00:00","0.831","0.0","0.01903425"
"2011-06-26 19:30:00+00:00","0.901","0.0","0.01659885"
"2011-06-26 20:00:00+00:00","0.934","0.0","0.0159285"
"2011-06-26 20:30:00+00:00","0.718","0.0","0.016236"
"2011-06-26 21:00:00+00:00","0.187","0.0","0.0156948"
"2011-06-26 21:30:00+00:00","0.168","0.0","0.0155718"
"2011-06-26 22:00:00+00:00","0.076","0.006","0.0153873"
"2011-06-26 22:30:00+00:00","0.111","0.0","0.01536885"
"2011-06-26 23:00:00+00:00","0.138","0.0","0.0153258"
"2011-06-26 23:30:00+00:00","0.075","0.0","0.01619295"
"2011-06-27 00:00:00+00:00","0.13","0.0","0.01559025"
"2011-06-27 00:30:00+00:00","0.122","0.0","0.0150183"
"2011-06-27 01:00:00+00:00","0.124","0.0","0.0148092"
"2011-06-27 01:30:00+00:00","0.095","0.0","0.01514745"
"2011-06-27 02:00:00+00:00","0.125","0.0","0.01479075"
"2011-06-27 02:30:00+00:00","0.093","0.0","0.0146616"
"2011-06-27 03:00:00+00:00","0.094","0.0","0.01470465"
"2011-06-27 03:30:00+00:00","0.172","0.0","0.01429875"
"2011-06-27 04:00:00+00:00","0.086","0.0","0.01378215"
"2011-06-27 04:30:00+00:00","0.121","0.0","0.0136653"
"2011-06-27 05:00:00+00:00","0.123","0.0","0.01476"
"2011-06-27 05:30:00+00:00","0.092","0.0","0.01476"
"2011-06-27 06:00:00+00:00","0.099","0.0","0.01480305"
"2011-06-27 06:30:00+00:00","0.12","0.0","0.01718925"
"2011-06-27 07:00:00+00:00","0.135","0.0","0.01850535"
"2011-06-27 07:30:00+00:00","0.081","0.013","0.0166665"
"2011-06-27 08:00:00+00:00","0.205","0.194","0.0208239"
"2011-06-27 08:30:00+00:00","0.227","0.325","0.0213159"
"2011-06-27 09:00:00+00:00","0.28","0.438","0.0204795"
"2011-06-27 09:30:00+00:00","0.168","0.531","0.0203319"
"2011-06-27 10:00:00+00:00","0.173","0.606","0.0183516"
"2011-06-27 10:30:00+00:00","0.231","0.656","0.0168018"
"2011-06-27 11:00:00+00:00","0.253","0.681","0.0164328"
"2011-06-27 11:30:00+00:00","0.356","0.706","0.01622985"
"2011-06-27 12:00:00+00:00","0.377","0.7","0.0159162"
"2011-06-27 12:30:00+00:00","0.286","0.694","0.01611915"
"2011-06-27 13:00:00+00:00","0.349","0.581","0.0157317"
"2011-06-27 13:30:00+00:00","0.181","0.569","0.01603305"
"2011-06-27 14:00:00+00:00","0.205","0.488","0.0160515"
"2011-06-27 14:30:00+00:00","0.191","0.363","0.0157071"
"2011-06-27 15:00:00+00:00","0.136","0.4","0.01565175"
"2011-06-27 15:30:00+00:00","0.174","0.225","0.01568865"
"2011-06-27 16:00:00+00:00","0.202","0.188","0.01570095"
"2011-06-27 16:30:00+00:00","0.159","0.063","0.0157071"
"2011-06-27 17:00:00+00:00","0.21","0.0","0.0164082"
"2011-06-27 17:30:00+00:00","0.244","0.0","0.01873905"
"2011-06-27 18:00:00+00:00","0.236","0.0","0.02502435"
"2011-06-27 18:30:00+00:00","0.831","0.0","0.0237021"
"2011-06-27 19:00:00+00:00","0.854","0.0","0.02139585"
"2011-06-27 19:30:00+00:00","0.575","0.0","0.01996905"
"2011-06-27 20:00:00+00:00","0.288","0.0","0.01731225"
"2011-06-27 20:30:00+00:00","0.203","0.0","0.0167157"
"2011-06-27 21:00:00+00:00","0.246","0.0","0.0165189"
"2011-06-27 21:30:00+00:00","0.132","0.0","0.0160884"
"2011-06-27 22:00:00+00:00","0.09","0.0","0.0156087"
"2011-06-27 22:30:00+00:00","0.763","0.0","0.0157317"
"2011-06-27 23:00:00+00:00","0.364","0.0","0.01578705"
"2011-06-27 23:30:00+00:00","0.072","0.0","0.0165681"
"2011-06-28 00:00:00+00:00","0.162","0.0","0.0159531"
"2011-06-28 00:30:00+00:00","0.094","0.0","0.0157071"
"2011-06-28 01:00:00+00:00","0.114","0.0","0.0156456"
"2011-06-28 01:30:00+00:00","0.119","0.0","0.0159531"
"2011-06-28 02:00:00+00:00","0.11","0.0","0.01557795"
"2011-06-28 02:30:00+00:00","0.104","0.0","0.01481535"
"2011-06-28 03:00:00+00:00","0.117","0.0","0.0147477"
"2011-06-28 03:30:00+00:00","0.145","0.0","0.0147477"
"2011-06-28 04:00:00+00:00","0.063","0.0","0.0147354"
"2011-06-28 04:30:00+00:00","0.143","0.0","0.01476"
"2011-06-28 05:00:00+00:00","0.138","0.0","0.01472925"
"2011-06-28 05:30:00+00:00","0.062","0.0","0.01476"
"2011-06-28 06:00:00+00:00","0.13","0.0","0.01503675"
"2011-06-28 06:30:00+00:00","0.15","0.0","0.0168879"
"2011-06-28 07:00:00+00:00","0.109","0.0","0.0192741"
"2011-06-28 07:30:00+00:00","0.104","0.0","0.0163836"
"2011-06-28 08:00:00+00:00","0.329","0.119","0.01796415"
"2011-06-28 08:30:00+00:00","0.178","0.288","0.01739835"
"2011-06-28 09:00:00+00:00","0.082","0.406","0.0179334"
"2011-06-28 09:30:00+00:00","0.169","0.513","0.01821015"
"2011-06-28 10:00:00+00:00","0.095","0.456","0.01711545"
"2011-06-28 10:30:00+00:00","0.091","0.25","0.01763205"
"2011-06-28 11:00:00+00:00","0.142","0.181","0.0167403"
"2011-06-28 11:30:00+00:00","0.221","0.469","0.0163344"
"2011-06-28 12:00:00+00:00","0.071","0.375","0.01608225"
"2011-06-28 12:30:00+00:00","0.462","0.319","0.01608225"
"2011-06-28 13:00:00+00:00","0.364","0.163","0.01668495"
"2011-06-28 13:30:00+00:00","0.124","0.1","0.01653735"
"2011-06-28 14:00:00+00:00","0.184","0.031","0.0165189"
"2011-06-28 14:30:00+00:00","0.123","0.038","0.01625445"
"2011-06-28 15:00:00+00:00","0.1","0.031","0.01610685"
"2011-06-28 15:30:00+00:00","0.128","0.031","0.01604535"
"2011-06-28 16:00:00+00:00","0.331","0.0","0.0161868"
"2011-06-28 16:30:00+00:00","0.877","0.0","0.0160146"
"2011-06-28 17:00:00+00:00","1.589","0.0","0.0167034"
"2011-06-28 17:30:00+00:00","1.872","0.0","0.0222138"
"2011-06-28 18:00:00+00:00","1.526","0.0","0.0375396"
"2011-06-28 18:30:00+00:00","0.816","0.0","0.02543025"
"2011-06-28 19:00:00+00:00","1.475","0.0","0.0217833"
"2011-06-28 19:30:00+00:00","2.015","0.0","0.0214389"
"2011-06-28 20:00:00+00:00","1.916","0.0","0.01828395"
"2011-06-28 20:30:00+00:00","1.834","0.0","0.0167895"
"2011-06-28 21:00:00+00:00","1.793","0.0","0.01626675"
"2011-06-28 21:30:00+00:00","1.288","0.0","0.01609455"
"2011-06-28 22:00:00+00:00","0.217","0.0","0.01588545"
"2011-06-28 22:30:00+00:00","0.108","0.0","0.01739835"
"2011-06-28 23:00:00+00:00","0.179","0.0","0.0161991"
"2011-06-28 23:30:00+00:00","0.17","0.0","0.01604535"
"2011-06-29 00:00:00+00:00","0.114","0.0","0.01614375"
"2011-06-29 00:30:00+00:00","0.157","0.0","0.01578705"
"2011-06-29 01:00:00+00:00","0.151","0.0","0.015498"
"2011-06-29 01:30:00+00:00","0.155","0.0","0.01554105"
"2011-06-29 02:00:00+00:00","0.101","0.0","0.01524585"
"2011-06-29 02:30:00+00:00","0.184","0.0","0.0145263"
"2011-06-29 03:00:00+00:00","0.172","0.0","0.0138252"
"2011-06-29 03:30:00+00:00","0.086","0.0","0.011931"
"2011-06-29 04:00:00+00:00","0.321","0.0","0.01174035"
"2011-06-29 04:30:00+00:00","0.183","0.0","0.01206015"
"2011-06-29 05:00:00+00:00","0.155","0.0","0.01217085"
"2011-06-29 05:30:00+00:00","0.094","0.0","0.0124107"
"2011-06-29 06:00:00+00:00","0.157","0.0","0.01304415"
"2011-06-29 06:30:00+00:00","0.157","0.0","0.0154488"
"2011-06-29 07:00:00+00:00","0.13","0.0","0.0159408"
"2011-06-29 07:30:00+00:00","0.314","0.006","0.0157809"
"2011-06-29 08:00:00+00:00","1.103","0.044","0.0170478"
"2011-06-29 08:30:00+00:00","0.823","0.031","0.0163221"
"2011-06-29 09:00:00+00:00","1.173","0.075","0.01602075"
"2011-06-29 09:30:00+00:00","0.883","0.094","0.01695555"
"2011-06-29 10:00:00+00:00","1.236","0.525","0.016359"
"2011-06-29 10:30:00+00:00","0.395","0.2","0.0164082"
"2011-06-29 11:00:00+00:00","0.274","0.25","0.0161745"
"2011-06-29 11:30:00+00:00","0.139","0.613","0.0160269"
"2011-06-29 12:00:00+00:00","0.076","0.444","0.0158055"
"2011-06-29 12:30:00+00:00","0.18","0.444","0.0161499"
"2011-06-29 13:00:00+00:00","0.377","0.438","0.0155841"
"2011-06-29 13:30:00+00:00","0.245","0.319","0.0162975"
"2011-06-29 14:00:00+00:00","0.181","0.25","0.01578705"
"2011-06-29 14:30:00+00:00","0.641","0.113","0.0157686"
"2011-06-29 15:00:00+00:00","1.081","0.119","0.0158055"
"2011-06-29 15:30:00+00:00","1.027","0.063","0.01583625"
"2011-06-29 16:00:00+00:00","0.567","0.025","0.0159408"
"2011-06-29 16:30:00+00:00","1.1","0.006","0.01648815"
"2011-06-29 17:00:00+00:00","1.314","0.0","0.016728"
"2011-06-29 17:30:00+00:00","1.016","0.0","0.02186325"
"2011-06-29 18:00:00+00:00","0.894","0.0","0.02337"
"2011-06-29 18:30:00+00:00","1.274","0.0","0.0224598"
"2011-06-29 19:00:00+00:00","0.824","0.0","0.0196062"
"2011-06-29 19:30:00+00:00","0.461","0.0","0.01920645"
"2011-06-29 20:00:00+00:00","0.486","0.0","0.0171093"
"2011-06-29 20:30:00+00:00","0.864","0.0","0.016605"
"2011-06-29 21:00:00+00:00","0.845","0.0","0.01636515"
"2011-06-29 21:30:00+00:00","0.233","0.0","0.01568865"
"2011-06-29 22:00:00+00:00","0.137","0.0","0.0156825"
"2011-06-29 22:30:00+00:00","0.159","0.0","0.0167895"
"2011-06-29 23:00:00+00:00","0.11","0.0","0.01599"
"2011-06-29 23:30:00+00:00","0.074","0.0","0.0167895"
"2011-06-30 00:00:00+00:00","0.182","0.0","0.01586085"
"2011-06-30 00:30:00+00:00","0.102","0.0","0.0156333"
"2011-06-30 01:00:00+00:00","0.079","0.0","0.0152397"
"2011-06-30 01:30:00+00:00","0.134","0.0","0.01536885"
"2011-06-30 02:00:00+00:00","0.108","0.0","0.0148461"
"2011-06-30 02:30:00+00:00","0.113","0.0","0.0147231"
"2011-06-30 03:00:00+00:00","0.098","0.0","0.01244145"
"2011-06-30 03:30:00+00:00","0.156","0.0","0.01047345"
"2011-06-30 04:00:00+00:00","0.073","0.0","0.0115128"
"2011-06-30 04:30:00+00:00","0.127","0.0","0.01142055"
"2011-06-30 05:00:00+00:00","0.412","0.0","0.01215855"
"2011-06-30 05:30:00+00:00","0.765","0.0","0.0122139"
"2011-06-30 06:00:00+00:00","0.965","0.0","0.0125829"
"2011-06-30 06:30:00+00:00","0.709","0.0","0.0152766"
"2011-06-30 07:00:00+00:00","0.19","0.0","0.01605765"
"2011-06-30 07:30:00+00:00","0.399","0.0","0.0157686"
"2011-06-30 08:00:00+00:00","0.37","0.006","0.01640205"
"2011-06-30 08:30:00+00:00","0.147","0.044","0.01600845"
"2011-06-30 09:00:00+00:00","0.123","0.069","0.0157563"
"2011-06-30 09:30:00+00:00","0.184","0.131","0.0158178"
"2011-06-30 10:00:00+00:00","0.095","0.25","0.0157194"
"2011-06-30 10:30:00+00:00","0.114","0.419","0.015744"
"2011-06-30 11:00:00+00:00","0.152","0.238","0.01593465"
"2011-06-30 11:30:00+00:00","0.153","0.206","0.01561485"
"2011-06-30 12:00:00+00:00","0.085","0.206","0.0156825"
"2011-06-30 12:30:00+00:00","0.15","0.206","0.01567635"
"2011-06-30 13:00:00+00:00","0.403","0.488","0.0156825"
"2011-06-30 13:30:00+00:00","0.123","0.263","0.0156825"
"2011-06-30 14:00:00+00:00","0.169","0.15","0.0156825"
"2011-06-30 14:30:00+00:00","0.129","0.406","0.01566405"
"2011-06-30 15:00:00+00:00","0.144","0.188","0.01555335"
"2011-06-30 15:30:00+00:00","0.252","0.119","0.01563945"
"2011-06-30 16:00:00+00:00","0.198","0.044","0.0156825"
"2011-06-30 16:30:00+00:00","0.363","0.006","0.01592235"
"2011-06-30 17:00:00+00:00","0.76","0.0","0.0165066"
"2011-06-30 17:30:00+00:00","1.197","0.0","0.0190158"
"2011-06-30 18:00:00+00:00","1.172","0.0","0.02178945"
"2011-06-30 18:30:00+00:00","0.868","0.0","0.0214512"
"2011-06-30 19:00:00+00:00","0.874","0.0","0.01898505"
"2011-06-30 19:30:00+00:00","0.961","0.0","0.0174291"
"2011-06-30 20:00:00+00:00","0.83","0.0","0.0162483"
"2011-06-30 20:30:00+00:00","0.836","0.0","0.01608225"
"2011-06-30 21:00:00+00:00","0.333","0.0","0.0160392"
"2011-06-30 21:30:00+00:00","0.088","0.0","0.0153996"
"2011-06-30 22:00:00+00:00","0.148","0.0","0.0155595"
"2011-06-30 22:30:00+00:00","0.139","0.0","0.0157071"
"2011-06-30 23:00:00+00:00","0.061","0.0","0.016113"
"2011-06-30 23:30:00+00:00","0.133","0.0","0.0189912"
"2011-07-01 00:00:00+00:00","0.492","0.0","0.01650045"
"2011-07-01 00:30:00+00:00","0.58","0.0","0.01541805"
"2011-07-01 01:00:00+00:00","0.083","0.0","0.0148707"
"2011-07-01 01:30:00+00:00","0.156","0.0","0.01525815"
"2011-07-01 02:00:00+00:00","0.097","0.0","0.01504905"
"2011-07-01 02:30:00+00:00","0.058","0.0","0.01436025"
"2011-07-01 03:00:00+00:00","0.179","0.0","0.01160505"
"2011-07-01 03:30:00+00:00","0.095","0.0","0.01236765"
"2011-07-01 04:00:00+00:00","0.097","0.0","0.0109962"
"2011-07-01 04:30:00+00:00","0.12","0.0","0.01058415"
"2011-07-01 05:00:00+00:00","0.132","0.0","0.01180185"
"2011-07-01 05:30:00+00:00","0.071","0.0","0.01262595"
"2011-07-01 06:00:00+00:00","0.215","0.0","0.01300725"
"2011-07-01 06:30:00+00:00","0.183","0.0","0.01549185"
"2011-07-01 07:00:00+00:00","0.073","0.0","0.016359"
"2011-07-01 07:30:00+00:00","0.15","0.0","0.0159039"
"2011-07-01 08:00:00+00:00","0.19","0.013","0.01632825"
"2011-07-01 08:30:00+00:00","0.273","0.019","0.01667265"
"2011-07-01 09:00:00+00:00","0.348","0.044","0.01636515"
"2011-07-01 09:30:00+00:00","0.212","0.413","0.0173553"
"2011-07-01 10:00:00+00:00","0.148","0.213","0.01647585"
"2011-07-01 10:30:00+00:00","0.103","0.494","0.0159777"
"2011-07-01 11:00:00+00:00","0.204","0.431","0.0159039"
"2011-07-01 11:30:00+00:00","0.114","0.325","0.01598385"
"2011-07-01 12:00:00+00:00","0.066","0.25","0.015867"
"2011-07-01 12:30:00+00:00","0.156","0.275","0.0158301"
"2011-07-01 13:00:00+00:00","0.113","0.163","0.015744"
"2011-07-01 13:30:00+00:00","0.116","0.106","0.01570095"
"2011-07-01 14:00:00+00:00","0.098","0.056","0.01577475"
"2011-07-01 14:30:00+00:00","0.135","0.138","0.01567635"
"2011-07-01 15:00:00+00:00","0.424","0.081","0.0156825"
"2011-07-01 15:30:00+00:00","0.819","0.044","0.0156825"
"2011-07-01 16:00:00+00:00","0.909","0.025","0.01568865"
"2011-07-01 16:30:00+00:00","0.155","0.006","0.01603305"
"2011-07-01 17:00:00+00:00","0.806","0.0","0.01632825"
"2011-07-01 17:30:00+00:00","0.906","0.0","0.0176013"
"2011-07-01 18:00:00+00:00","0.963","0.0","0.0226689"
"2011-07-01 18:30:00+00:00","0.965","0.0","0.0209715"
"2011-07-01 19:00:00+00:00","0.849","0.0","0.0174291"
"2011-07-01 19:30:00+00:00","1.148","0.0","0.0161745"
"2011-07-01 20:00:00+00:00","1.103","0.0","0.0158916"
"2011-07-01 20:30:00+00:00","1.063","0.0","0.01578705"
"2011-07-01 21:00:00+00:00","0.284","0.0","0.0156333"
"2011-07-01 21:30:00+00:00","0.167","0.0","0.01550415"
"2011-07-01 22:00:00+00:00","0.185","0.0","0.01538115"
"2011-07-01 22:30:00+00:00","0.147","0.0","0.01568865"
"2011-07-01 23:00:00+00:00","0.093","0.0","0.0154611"
"2011-07-01 23:30:00+00:00","0.127","0.0","0.01598385"
"2011-07-02 00:00:00+00:00","0.113","0.0","0.015621"
"2011-07-02 00:30:00+00:00","0.134","0.0","0.0156702"
"2011-07-02 01:00:00+00:00","0.163","0.0","0.0156702"
"2011-07-02 01:30:00+00:00","0.097","0.0","0.01528275"
"2011-07-02 02:00:00+00:00","0.108","0.0","0.0152766"
"2011-07-02 02:30:00+00:00","0.123","0.0","0.01474155"
"2011-07-02 03:00:00+00:00","0.151","0.0","0.01383135"
"2011-07-02 03:30:00+00:00","0.141","0.0","0.0109593"
"2011-07-02 04:00:00+00:00","0.081","0.0","0.0129273"
"2011-07-02 04:30:00+00:00","0.134","0.0","0.0108486"
"2011-07-02 05:00:00+00:00","0.115","0.0","0.01210935"
"2011-07-02 05:30:00+00:00","0.161","0.0","0.01209705"
"2011-07-02 06:00:00+00:00","0.105","0.0","0.01210935"
"2011-07-02 06:30:00+00:00","0.059","0.0","0.01335165"
"2011-07-02 07:00:00+00:00","0.193","0.0","0.0120909"
"2011-07-02 07:30:00+00:00","0.141","0.006","0.01354845"
"2011-07-02 08:00:00+00:00","0.102","0.163","0.0147846"
"2011-07-02 08:30:00+00:00","0.111","0.3","0.0153135"
"2011-07-02 09:00:00+00:00","0.123","0.431","0.01573785"
"2011-07-02 09:30:00+00:00","0.16","0.525","0.0156456"
"2011-07-02 10:00:00+00:00","0.259","0.594","0.015498"
"2011-07-02 10:30:00+00:00","0.264","0.663","0.0152397"
"2011-07-02 11:00:00+00:00","0.155","0.688","0.0154242"
"2011-07-02 11:30:00+00:00","0.227","0.719","0.01518435"
"2011-07-02 12:00:00+00:00","0.186","0.719","0.01496295"
"2011-07-02 12:30:00+00:00","0.222","0.713","0.0147969"
"2011-07-02 13:00:00+00:00","0.381","0.688","0.0147108"
"2011-07-02 13:30:00+00:00","0.215","0.644","0.01476615"
"2011-07-02 14:00:00+00:00","0.245","0.588","0.01476615"
"2011-07-02 14:30:00+00:00","0.177","0.494","0.01476615"
"2011-07-02 15:00:00+00:00","0.198","0.438","0.01476615"
"2011-07-02 15:30:00+00:00","0.195","0.375","0.01476615"
"2011-07-02 16:00:00+00:00","0.117","0.256","0.01460625"
"2011-07-02 16:30:00+00:00","0.266","0.113","0.01476615"
"2011-07-02 17:00:00+00:00","0.187","0.0","0.01524585"
"2011-07-02 17:30:00+00:00","0.808","0.0","0.0161622"
"2011-07-02 18:00:00+00:00","0.913","0.0","0.0171339"
"2011-07-02 18:30:00+00:00","0.997","0.0","0.0159654"
"2011-07-02 19:00:00+00:00","1.72","0.0","0.01567635"
"2011-07-02 19:30:00+00:00","0.908","0.0","0.0155841"
"2011-07-02 20:00:00+00:00","1.049","0.0","0.0156702"
"2011-07-02 20:30:00+00:00","1.042","0.0","0.01563945"
"2011-07-02 21:00:00+00:00","0.823","0.0","0.015621"
"2011-07-02 21:30:00+00:00","0.881","0.0","0.01557795"
"2011-07-02 22:00:00+00:00","0.629","0.0","0.0154365"
"2011-07-02 22:30:00+00:00","0.241","0.0","0.0156825"
"2011-07-02 23:00:00+00:00","0.133","0.0","0.0156702"
"2011-07-02 23:30:00+00:00","0.772","0.0","0.0161007"
"2011-07-03 00:00:00+00:00","0.391","0.0","0.01577475"
"2011-07-03 00:30:00+00:00","0.103","0.0","0.01540575"
"2011-07-03 01:00:00+00:00","0.112","0.0","0.0149691"
"2011-07-03 01:30:00+00:00","0.128","0.0","0.0151413"
"2011-07-03 02:00:00+00:00","0.165","0.0","0.01423725"
"2011-07-03 02:30:00+00:00","0.071","0.0","0.0115251"
"2011-07-03 03:00:00+00:00","0.115","0.006","0.00914505"
"2011-07-03 03:30:00+00:00","0.182","0.0","0.0087453"
"2011-07-03 04:00:00+00:00","0.073","0.0","0.00859155"
"2011-07-03 04:30:00+00:00","0.116","0.0","0.0110823"
"2011-07-03 05:00:00+00:00","0.147","0.0","0.00856695"
"2011-07-03 05:30:00+00:00","0.133","0.0","0.0110823"
"2011-07-03 06:00:00+00:00","0.125","0.0","0.0109224"
"2011-07-03 06:30:00+00:00","0.242","0.0","0.0121278"
"2011-07-03 07:00:00+00:00","0.171","0.0","0.01083015"
"2011-07-03 07:30:00+00:00","0.104","0.013","0.0125337"
"2011-07-03 08:00:00+00:00","0.164","0.181","0.01300725"
"2011-07-03 08:30:00+00:00","0.246","0.319","0.0146616"
"2011-07-03 09:00:00+00:00","0.602","0.438","0.0147846"
"2011-07-03 09:30:00+00:00","0.109","0.531","0.01476615"
"2011-07-03 10:00:00+00:00","0.154","0.5","0.01482765"
"2011-07-03 10:30:00+00:00","0.151","0.488","0.01455705"
"2011-07-03 11:00:00+00:00","0.082","0.388","0.01476615"
"2011-07-03 11:30:00+00:00","0.185","0.463","0.01476615"
"2011-07-03 12:00:00+00:00","0.141","0.356","0.01476615"
"2011-07-03 12:30:00+00:00","0.112","0.619","0.0146862"
"2011-07-03 13:00:00+00:00","0.142","0.663","0.01474155"
"2011-07-03 13:30:00+00:00","0.199","0.656","0.01455705"
"2011-07-03 14:00:00+00:00","0.341","0.594","0.01427415"
"2011-07-03 14:30:00+00:00","0.136","0.531","0.014514"
"2011-07-03 15:00:00+00:00","0.189","0.438","0.01395435"
"2011-07-03 15:30:00+00:00","0.215","0.338","0.0141573"
"2011-07-03 16:00:00+00:00","0.2","0.106","0.0143295"
"2011-07-03 16:30:00+00:00","0.267","0.069","0.01412655"
"2011-07-03 17:00:00+00:00","0.264","0.0","0.0151167"
"2011-07-03 17:30:00+00:00","0.343","0.0","0.01609455"
"2011-07-03 18:00:00+00:00","0.369","0.0","0.01629135"
"2011-07-03 18:30:00+00:00","0.192","0.0","0.01608225"
"2011-07-03 19:00:00+00:00","0.166","0.0","0.01573785"
"2011-07-03 19:30:00+00:00","0.351","0.0","0.01567635"
"2011-07-03 20:00:00+00:00","0.609","0.0","0.0157563"
"2011-07-03 20:30:00+00:00","0.859","0.0","0.0157071"
"2011-07-03 21:00:00+00:00","0.156","0.0","0.0155841"
"2011-07-03 21:30:00+00:00","0.141","0.0","0.01529505"
"2011-07-03 22:00:00+00:00","0.163","0.0","0.01476615"
"2011-07-03 22:30:00+00:00","0.092","0.0","0.0152151"
"2011-07-03 23:00:00+00:00","0.118","0.0","0.01486455"
"2011-07-03 23:30:00+00:00","0.164","0.0","0.01486455"
"2011-07-04 00:00:00+00:00","0.069","0.0","0.0144156"
"2011-07-04 00:30:00+00:00","0.119","0.0","0.0133455"
"2011-07-04 01:00:00+00:00","0.146","0.0","0.01155585"
"2011-07-04 01:30:00+00:00","0.081","0.0","0.01343775"
"2011-07-04 02:00:00+00:00","0.11","0.0","0.0110085"
"2011-07-04 02:30:00+00:00","0.121","0.0","0.0114021"
"2011-07-04 03:00:00+00:00","0.108","0.0","0.00514755"
"2011-07-04 03:30:00+00:00","0.128","0.0","0.00809955"
"2011-07-04 04:00:00+00:00","0.085","0.0","0.00876375"
"2011-07-04 04:30:00+00:00","0.145","0.0","0.01220775"
"2011-07-04 05:00:00+00:00","0.111","0.0","0.0115866"
"2011-07-04 05:30:00+00:00","0.065","0.0","0.01240455"
"2011-07-04 06:00:00+00:00","0.169","0.0","0.0126444"
"2011-07-04 06:30:00+00:00","0.138","0.0","0.0147846"
"2011-07-04 07:00:00+00:00","0.217","0.0","0.01492605"
"2011-07-04 07:30:00+00:00","0.257","0.019","0.01497525"
"2011-07-04 08:00:00+00:00","0.182","0.175","0.01531965"
"2011-07-04 08:30:00+00:00","0.102","0.256","0.01563945"
"2011-07-04 09:00:00+00:00","0.119","0.356","0.0159531"
"2011-07-04 09:30:00+00:00","0.133","0.313","0.01591005"
"2011-07-04 10:00:00+00:00","0.134","0.544","0.01583625"
"2011-07-04 10:30:00+00:00","0.158","0.594","0.01560255"
"2011-07-04 11:00:00+00:00","0.266","0.681","0.01562715"
"2011-07-04 11:30:00+00:00","0.187","0.706","0.01562715"
"2011-07-04 12:00:00+00:00","0.106","0.713","0.01562715"
"2011-07-04 12:30:00+00:00","0.218","0.706","0.0156825"
"2011-07-04 13:00:00+00:00","0.184","0.688","0.0156333"
"2011-07-04 13:30:00+00:00","0.148","0.65","0.01561485"
"2011-07-04 14:00:00+00:00","0.188","0.556","0.0154734"
"2011-07-04 14:30:00+00:00","0.185","0.106","0.01550415"
"2011-07-04 15:00:00+00:00","0.338","0.25","0.01545495"
"2011-07-04 15:30:00+00:00","0.167","0.325","0.01552875"
"2011-07-04 16:00:00+00:00","0.151","0.188","0.01551645"
"2011-07-04 16:30:00+00:00","0.243","0.069","0.0156825"
"2011-07-04 17:00:00+00:00","0.343","0.0","0.01583625"
"2011-07-04 17:30:00+00:00","0.139","0.0","0.01736145"
"2011-07-04 18:00:00+00:00","0.409","0.0","0.0205533"
"2011-07-04 18:30:00+00:00","0.996","0.0","0.01640205"
"2011-07-04 19:00:00+00:00","0.914","0.0","0.01613145"
"2011-07-04 19:30:00+00:00","0.836","0.0","0.01581165"
"2011-07-04 20:00:00+00:00","1.039","0.0","0.01586085"
"2011-07-04 20:30:00+00:00","0.877","0.0","0.0158793"
"2011-07-04 21:00:00+00:00","0.183","0.0","0.01572555"
"2011-07-04 21:30:00+00:00","0.15","0.006","0.0155718"
"2011-07-04 22:00:00+00:00","0.125","0.0","0.0150675"
"2011-07-04 22:30:00+00:00","0.165","0.0","0.0156825"
"2011-07-04 23:00:00+00:00","0.102","0.0","0.01550415"
"2011-07-04 23:30:00+00:00","0.641","0.0","0.01559025"
"2011-07-05 00:00:00+00:00","0.498","0.0","0.0156087"
"2011-07-05 00:30:00+00:00","0.102","0.0","0.0153627"
"2011-07-05 01:00:00+00:00","0.103","0.0","0.0155595"
"2011-07-05 01:30:00+00:00","0.128","0.0","0.0153135"
"2011-07-05 02:00:00+00:00","0.132","0.0","0.01534425"
"2011-07-05 02:30:00+00:00","0.135","0.0","0.0147477"
"2011-07-05 03:00:00+00:00","0.076","0.0","0.0125214"
"2011-07-05 03:30:00+00:00","0.154","0.0","0.0106026"
"2011-07-05 04:00:00+00:00","0.13","0.0","0.01108845"
"2011-07-05 04:30:00+00:00","0.069","0.0","0.01022745"
"2011-07-05 05:00:00+00:00","0.161","0.0","0.0122016"
"2011-07-05 05:30:00+00:00","0.125","0.0","0.012546"
"2011-07-05 06:00:00+00:00","0.091","0.0","0.0147846"
"2011-07-05 06:30:00+00:00","0.121","0.0","0.015375"
"2011-07-05 07:00:00+00:00","0.158","0.0","0.0160392"
"2011-07-05 07:30:00+00:00","0.147","0.013","0.01554105"
"2011-07-05 08:00:00+00:00","0.312","0.188","0.01635285"
"2011-07-05 08:30:00+00:00","0.17","0.319","0.01610685"
"2011-07-05 09:00:00+00:00","0.13","0.444","0.0161745"
"2011-07-05 09:30:00+00:00","0.05","0.538","0.01841925"
"2011-07-05 10:00:00+00:00","0.143","0.625","0.0164574"
"2011-07-05 10:30:00+00:00","0.133","0.681","0.01604535"
"2011-07-05 11:00:00+00:00","0.308","0.731","0.01599"
"2011-07-05 11:30:00+00:00","0.196","0.769","0.01614375"
"2011-07-05 12:00:00+00:00","0.149","0.763","0.01693095"
"2011-07-05 12:30:00+00:00","0.122","0.763","0.0177735"
"2011-07-05 13:00:00+00:00","0.085","0.681","0.0161622"
"2011-07-05 13:30:00+00:00","0.148","0.688","0.01648815"
"2011-07-05 14:00:00+00:00","0.144","0.619","0.0162483"
"2011-07-05 14:30:00+00:00","0.075","0.55","0.0162729"
"2011-07-05 15:00:00+00:00","0.142","0.456","0.0159531"
"2011-07-05 15:30:00+00:00","0.132","0.35","0.01600845"
"2011-07-05 16:00:00+00:00","0.101","0.225","0.01626675"
"2011-07-05 16:30:00+00:00","0.139","0.081","0.01630365"
"2011-07-05 17:00:00+00:00","0.569","0.0","0.01625445"
"2011-07-05 17:30:00+00:00","1.762","0.0","0.03155565"
"2011-07-05 18:00:00+00:00","1.792","0.0","0.0411558"
"2011-07-05 18:30:00+00:00","1.509","0.0","0.0268755"
"2011-07-05 19:00:00+00:00","0.947","0.0","0.02479065"
"2011-07-05 19:30:00+00:00","0.9","0.0","0.0232593"
"2011-07-05 20:00:00+00:00","0.979","0.0","0.0239604"
"2011-07-05 20:30:00+00:00","0.848","0.0","0.0207255"
"2011-07-05 21:00:00+00:00","0.256","0.0","0.0172815"
"2011-07-05 21:30:00+00:00","0.259","0.0","0.016851"
"2011-07-05 22:00:00+00:00","0.145","0.0","0.01652505"
"2011-07-05 22:30:00+00:00","0.089","0.0","0.0183639"
"2011-07-05 23:00:00+00:00","0.182","0.0","0.01603305"
"2011-07-05 23:30:00+00:00","0.117","0.0","0.01613145"
"2011-07-06 00:00:00+00:00","0.108","0.0","0.0162237"
"2011-07-06 00:30:00+00:00","0.107","0.0","0.01582395"
"2011-07-06 01:00:00+00:00","0.133","0.0","0.0156087"
"2011-07-06 01:30:00+00:00","0.124","0.0","0.0154242"
"2011-07-06 02:00:00+00:00","0.071","0.0","0.01498755"
"2011-07-06 02:30:00+00:00","0.15","0.0","0.0147846"
"2011-07-06 03:00:00+00:00","0.133","0.0","0.01474155"
"2011-07-06 03:30:00+00:00","0.053","0.0","0.01213395"
"2011-07-06 04:00:00+00:00","0.142","0.0","0.01208475"
"2011-07-06 04:30:00+00:00","0.136","0.0","0.01237995"
"2011-07-06 05:00:00+00:00","0.103","0.0","0.01208475"
"2011-07-06 05:30:00+00:00","0.073","0.0","0.0130011"
"2011-07-06 06:00:00+00:00","0.146","0.0","0.01476615"
"2011-07-06 06:30:00+00:00","0.179","0.0","0.0151044"
"2011-07-06 07:00:00+00:00","0.069","0.0","0.01670955"
"2011-07-06 07:30:00+00:00","0.177","0.013","0.0158793"
"2011-07-06 08:00:00+00:00","0.343","0.156","0.017958"
"2011-07-06 08:30:00+00:00","0.095","0.225","0.01787805"
"2011-07-06 09:00:00+00:00","0.116","0.319","0.01631595"
"2011-07-06 09:30:00+00:00","0.238","0.538","0.01679565"
"2011-07-06 10:00:00+00:00","0.148","0.613","0.01769355"
"2011-07-06 10:30:00+00:00","0.258","0.681","0.01690635"
"2011-07-06 11:00:00+00:00","0.326","0.725","0.01608225"
"2011-07-06 11:30:00+00:00","0.145","0.75","0.01589775"
"2011-07-06 12:00:00+00:00","0.094","0.75","0.01563945"
"2011-07-06 12:30:00+00:00","0.198","0.694","0.0157071"
"2011-07-06 13:00:00+00:00","0.248","0.688","0.0158178"
"2011-07-06 13:30:00+00:00","0.399","0.663","0.01603305"
"2011-07-06 14:00:00+00:00","0.152","0.638","0.01619295"
"2011-07-06 14:30:00+00:00","0.214","0.544","0.0160269"
"2011-07-06 15:00:00+00:00","0.249","0.388","0.01599"
"2011-07-06 15:30:00+00:00","0.167","0.288","0.0160146"
"2011-07-06 16:00:00+00:00","0.25","0.219","0.01608225"
"2011-07-06 16:30:00+00:00","0.515","0.05","0.0162852"
"2011-07-06 17:00:00+00:00","0.338","0.0","0.01715235"
"2011-07-06 17:30:00+00:00","0.22","0.0","0.02477835"
"2011-07-06 18:00:00+00:00","0.387","0.0","0.0263958"
"2011-07-06 18:30:00+00:00","1.392","0.0","0.02408955"
"2011-07-06 19:00:00+00:00","1.263","0.0","0.0235791"
"2011-07-06 19:30:00+00:00","1.3","0.0","0.0204303"
"2011-07-06 20:00:00+00:00","1.199","0.0","0.0193725"
"2011-07-06 20:30:00+00:00","1.053","0.0","0.0192003"
"2011-07-06 21:00:00+00:00","0.211","0.0","0.01641435"
"2011-07-06 21:30:00+00:00","0.1","0.0","0.01581165"
"2011-07-06 22:00:00+00:00","0.215","0.0","0.01573785"
"2011-07-06 22:30:00+00:00","0.911","0.0","0.01996905"
"2011-07-06 23:00:00+00:00","0.215","0.0","0.0174414"
"2011-07-06 23:30:00+00:00","0.123","0.0","0.0162606"
"2011-07-07 00:00:00+00:00","0.074","0.0","0.01613145"
"2011-07-07 00:30:00+00:00","0.135","0.0","0.0159285"
"2011-07-07 01:00:00+00:00","0.125","0.0","0.0158055"
"2011-07-07 01:30:00+00:00","0.165","0.0","0.016482"
"2011-07-07 02:00:00+00:00","0.068","0.0","0.0154242"
"2011-07-07 02:30:00+00:00","0.091","0.0","0.01549185"
"2011-07-07 03:00:00+00:00","0.157","0.0","0.01476"
"2011-07-07 03:30:00+00:00","0.125","0.0","0.01293345"
"2011-07-07 04:00:00+00:00","0.116","0.0","0.0120663"
"2011-07-07 04:30:00+00:00","0.073","0.0","0.01212165"
"2011-07-07 05:00:00+00:00","0.152","0.0","0.0125583"
"2011-07-07 05:30:00+00:00","0.125","0.0","0.0143664"
"2011-07-07 06:00:00+00:00","0.113","0.0","0.0144771"
"2011-07-07 06:30:00+00:00","0.085","0.0","0.01670955"
"2011-07-07 07:00:00+00:00","0.129","0.0","0.0163344"
"2011-07-07 07:30:00+00:00","0.185","0.019","0.016359"
"2011-07-07 08:00:00+00:00","0.127","0.181","0.01828395"
"2011-07-07 08:30:00+00:00","0.351","0.319","0.02016585"
"2011-07-07 09:00:00+00:00","0.133","0.444","0.01956315"
"2011-07-07 09:30:00+00:00","0.144","0.544","0.0203442"
"2011-07-07 10:00:00+00:00","0.201","0.619","0.0198891"
"2011-07-07 10:30:00+00:00","0.195","0.669","0.0176136"
"2011-07-07 11:00:00+00:00","0.202","0.713","0.0167157"
"2011-07-07 11:30:00+00:00","0.135","0.706","0.01680795"
"2011-07-07 12:00:00+00:00","0.213","0.769","0.01620525"
"2011-07-07 12:30:00+00:00","0.196","0.713","0.0160269"
"2011-07-07 13:00:00+00:00","0.329","0.681","0.0159531"
"2011-07-07 13:30:00+00:00","0.209","0.675","0.0159531"
"2011-07-07 14:00:00+00:00","0.165","0.569","0.0160761"
"2011-07-07 14:30:00+00:00","0.187","0.344","0.0160761"
"2011-07-07 15:00:00+00:00","0.205","0.325","0.01588545"
"2011-07-07 15:30:00+00:00","0.424","0.325","0.01599"
"2011-07-07 16:00:00+00:00","0.305","0.231","0.01583625"
"2011-07-07 16:30:00+00:00","0.422","0.088","0.01615605"
"2011-07-07 17:00:00+00:00","0.471","0.0","0.01577475"
"2011-07-07 17:30:00+00:00","0.163","0.0","0.0181917"
"2011-07-07 18:00:00+00:00","0.711","0.0","0.02392965"
"2011-07-07 18:30:00+00:00","0.666","0.0","0.02824695"
"2011-07-07 19:00:00+00:00","0.844","0.0","0.02479065"
"2011-07-07 19:30:00+00:00","0.945","0.0","0.02048565"
"2011-07-07 20:00:00+00:00","0.816","0.0","0.0201228"
"2011-07-07 20:30:00+00:00","0.794","0.0","0.01987065"
"2011-07-07 21:00:00+00:00","0.24","0.0","0.01925565"
"2011-07-07 21:30:00+00:00","0.188","0.0","0.0182532"
"2011-07-07 22:00:00+00:00","0.071","0.0","0.0161991"
"2011-07-07 22:30:00+00:00","0.119","0.0","0.0234192"
"2011-07-07 23:00:00+00:00","0.147","0.0","0.01769355"
"2011-07-07 23:30:00+00:00","0.098","0.0","0.0176013"
"2011-07-08 00:00:00+00:00","0.09","0.0","0.01605765"
"2011-07-08 00:30:00+00:00","0.113","0.0","0.01608225"
"2011-07-08 01:00:00+00:00","0.157","0.0","0.01586085"
"2011-07-08 01:30:00+00:00","0.056","0.0","0.01622985"
"2011-07-08 02:00:00+00:00","0.115","0.0","0.01549185"
"2011-07-08 02:30:00+00:00","0.143","0.0","0.0156087"
"2011-07-08 03:00:00+00:00","0.082","0.0","0.0148707"
"2011-07-08 03:30:00+00:00","0.1","0.0","0.01477845"
"2011-07-08 04:00:00+00:00","0.121","0.0","0.01476615"
"2011-07-08 04:30:00+00:00","0.135","0.0","0.01399125"
"2011-07-08 05:00:00+00:00","0.066","0.0","0.01480305"
"2011-07-08 05:30:00+00:00","0.122","0.0","0.01524585"
"2011-07-08 06:00:00+00:00","0.117","0.0","0.01530735"
"2011-07-08 06:30:00+00:00","0.1","0.0","0.01664805"
"2011-07-08 07:00:00+00:00","0.409","0.0","0.01739835"
"2011-07-08 07:30:00+00:00","0.314","0.019","0.0167649"
"2011-07-08 08:00:00+00:00","0.137","0.188","0.02940315"
"2011-07-08 08:30:00+00:00","0.068","0.338","0.028044"
"2011-07-08 09:00:00+00:00","0.136","0.456","0.02830845"
"2011-07-08 09:30:00+00:00","0.112","0.556","0.02389275"
"2011-07-08 10:00:00+00:00","0.09","0.638","0.02406495"
"2011-07-08 10:30:00+00:00","0.118","0.694","0.02317935"
"2011-07-08 11:00:00+00:00","0.109","0.731","0.0195324"
"2011-07-08 11:30:00+00:00","0.143","0.75","0.01801335"
"2011-07-08 12:00:00+00:00","0.158","0.769","0.01868985"
"2011-07-08 12:30:00+00:00","0.302","0.763","0.0174906"
"2011-07-08 13:00:00+00:00","0.334","0.731","0.0167157"
"2011-07-08 13:30:00+00:00","0.229","0.7","0.01640205"
"2011-07-08 14:00:00+00:00","0.217","0.631","0.01588545"
"2011-07-08 14:30:00+00:00","0.131","0.563","0.0161007"
"2011-07-08 15:00:00+00:00","0.274","0.475","0.01592235"
"2011-07-08 15:30:00+00:00","0.259","0.363","0.01636515"
"2011-07-08 16:00:00+00:00","0.246","0.238","0.0161253"
"2011-07-08 16:30:00+00:00","0.275","0.1","0.01632825"
"2011-07-08 17:00:00+00:00","0.112","0.0","0.0165189"
"2011-07-08 17:30:00+00:00","0.25","0.0","0.02210925"
"2011-07-08 18:00:00+00:00","0.882","0.0","0.02663565"
"2011-07-08 18:30:00+00:00","0.983","0.0","0.02249055"
"2011-07-08 19:00:00+00:00","0.83","0.0","0.0252642"
"2011-07-08 19:30:00+00:00","0.802","0.0","0.0200736"
"2011-07-08 20:00:00+00:00","0.948","0.0","0.020172"
"2011-07-08 20:30:00+00:00","0.809","0.0","0.0197046"
"2011-07-08 21:00:00+00:00","0.672","0.0","0.0175767"
"2011-07-08 21:30:00+00:00","0.163","0.0","0.01968615"
"2011-07-08 22:00:00+00:00","0.14","0.0","0.01919415"
"2011-07-08 22:30:00+00:00","0.145","0.0","0.0241572"
"2011-07-08 23:00:00+00:00","0.11","0.0","0.02017815"
"2011-07-08 23:30:00+00:00","0.711","0.0","0.02054715"
"2011-07-09 00:00:00+00:00","0.359","0.0","0.0195816"
"2011-07-09 00:30:00+00:00","0.133","0.0","0.01855455"
"2011-07-09 01:00:00+00:00","0.133","0.0","0.0164697"
"2011-07-09 01:30:00+00:00","0.073","0.0","0.01875135"
"2011-07-09 02:00:00+00:00","0.137","0.0","0.01611915"
"2011-07-09 02:30:00+00:00","0.132","0.0","0.0155841"
"2011-07-09 03:00:00+00:00","0.105","0.0","0.01499985"
"2011-07-09 03:30:00+00:00","0.075","0.0","0.0148215"
"2011-07-09 04:00:00+00:00","0.14","0.0","0.01453245"
"2011-07-09 04:30:00+00:00","0.146","0.0","0.01443405"
"2011-07-09 05:00:00+00:00","0.07","0.0","0.01404045"
"2011-07-09 05:30:00+00:00","0.122","0.0","0.0129396"
"2011-07-09 06:00:00+00:00","0.149","0.0","0.01476615"
"2011-07-09 06:30:00+00:00","0.071","0.0","0.0148953"
"2011-07-09 07:00:00+00:00","0.308","0.0","0.01503675"
"2011-07-09 07:30:00+00:00","0.164","0.019","0.01581165"
"2011-07-09 08:00:00+00:00","0.341","0.2","0.0163098"
"2011-07-09 08:30:00+00:00","0.344","0.338","0.01750905"
"2011-07-09 09:00:00+00:00","0.26","0.463","0.0193602"
"2011-07-09 09:30:00+00:00","0.203","0.563","0.02123595"
"2011-07-09 10:00:00+00:00","0.111","0.638","0.0199137"
"2011-07-09 10:30:00+00:00","0.161","0.7","0.019311"
"2011-07-09 11:00:00+00:00","0.144","0.731","0.01715235"
"2011-07-09 11:30:00+00:00","0.135","0.75","0.01614375"
"2011-07-09 12:00:00+00:00","0.065","0.763","0.01583625"
"2011-07-09 12:30:00+00:00","0.14","0.75","0.0157932"
"2011-07-09 13:00:00+00:00","0.144","0.738","0.01561485"
"2011-07-09 13:30:00+00:00","0.044","0.688","0.015744"
"2011-07-09 14:00:00+00:00","0.145","0.631","0.01571325"
"2011-07-09 14:30:00+00:00","0.137","0.55","0.0157563"
"2011-07-09 15:00:00+00:00","0.134","0.469","0.015744"
"2011-07-09 15:30:00+00:00","0.092","0.356","0.0158301"
"2011-07-09 16:00:00+00:00","0.23","0.238","0.01572555"
"2011-07-09 16:30:00+00:00","0.193","0.1","0.01606995"
"2011-07-09 17:00:00+00:00","0.137","0.0","0.0168633"
"2011-07-09 17:30:00+00:00","0.178","0.0","0.0266295"
"2011-07-09 18:00:00+00:00","1.062","0.0","0.03491355"
"2011-07-09 18:30:00+00:00","0.893","0.0","0.04023945"
"2011-07-09 19:00:00+00:00","0.926","0.0","0.03095295"
"2011-07-09 19:30:00+00:00","0.79","0.0","0.023616"
"2011-07-09 20:00:00+00:00","0.338","0.0","0.02493825"
"2011-07-09 20:30:00+00:00","0.095","0.0","0.0225582"
"2011-07-09 21:00:00+00:00","0.131","0.0","0.02101455"
"2011-07-09 21:30:00+00:00","0.153","0.0","0.01919415"
"2011-07-09 22:00:00+00:00","0.096","0.0","0.017097"
"2011-07-09 22:30:00+00:00","0.123","0.0","0.0213774"
"2011-07-09 23:00:00+00:00","0.114","0.0","0.0215742"
"2011-07-09 23:30:00+00:00","0.164","0.0","0.0226689"
"2011-07-10 00:00:00+00:00","0.063","0.0","0.02134665"
"2011-07-10 00:30:00+00:00","0.077","0.0","0.0171216"
"2011-07-10 01:00:00+00:00","0.161","0.0","0.01622985"
"2011-07-10 01:30:00+00:00","0.071","0.0","0.01643895"
"2011-07-10 02:00:00+00:00","0.113","0.0","0.01555335"
"2011-07-10 02:30:00+00:00","0.102","0.0","0.0150921"
"2011-07-10 03:00:00+00:00","0.115","0.0","0.01480305"
"2011-07-10 03:30:00+00:00","0.09","0.0","0.01476"
"2011-07-10 04:00:00+00:00","0.087","0.0","0.01424955"
"2011-07-10 04:30:00+00:00","0.144","0.0","0.01438485"
"2011-07-10 05:00:00+00:00","0.083","0.0","0.01455705"
"2011-07-10 05:30:00+00:00","0.1","0.0","0.0123738"
"2011-07-10 06:00:00+00:00","0.223","0.0","0.01220775"
"2011-07-10 06:30:00+00:00","0.117","0.0","0.0136161"
"2011-07-10 07:00:00+00:00","0.104","0.0","0.01458165"
"2011-07-10 07:30:00+00:00","0.085","0.025","0.0146493"
"2011-07-10 08:00:00+00:00","0.185","0.194","0.0153135"
"2011-07-10 08:30:00+00:00","0.218","0.344","0.01577475"
"2011-07-10 09:00:00+00:00","0.217","0.463","0.01599615"
"2011-07-10 09:30:00+00:00","0.397","0.569","0.016236"
"2011-07-10 10:00:00+00:00","0.106","0.638","0.01603305"
"2011-07-10 10:30:00+00:00","0.1","0.7","0.0162114"
"2011-07-10 11:00:00+00:00","0.125","0.744","0.01592235"
"2011-07-10 11:30:00+00:00","0.112","0.775","0.01591005"
"2011-07-10 12:00:00+00:00","0.173","0.781","0.01568865"
"2011-07-10 12:30:00+00:00","0.336","0.775","0.0157071"
"2011-07-10 13:00:00+00:00","0.309","0.75","0.01568865"
"2011-07-10 13:30:00+00:00","0.109","0.706","0.015744"
"2011-07-10 14:00:00+00:00","0.281","0.65","0.01570095"
"2011-07-10 14:30:00+00:00","0.522","0.563","0.015744"
"2011-07-10 15:00:00+00:00","0.26","0.475","0.01568865"
"2011-07-10 15:30:00+00:00","0.264","0.363","0.01568865"
"2011-07-10 16:00:00+00:00","0.155","0.238","0.015867"
"2011-07-10 16:30:00+00:00","0.125","0.1","0.01626675"
"2011-07-10 17:00:00+00:00","0.217","0.0","0.0170601"
"2011-07-10 17:30:00+00:00","0.691","0.0","0.02110065"
"2011-07-10 18:00:00+00:00","0.903","0.0","0.0351903"
"2011-07-10 18:30:00+00:00","0.959","0.0","0.04712745"
"2011-07-10 19:00:00+00:00","0.805","0.0","0.0498027"
"2011-07-10 19:30:00+00:00","0.924","0.0","0.03279795"
"2011-07-10 20:00:00+00:00","0.79","0.0","0.0316233"
"2011-07-10 20:30:00+00:00","0.826","0.0","0.03155565"
"2011-07-10 21:00:00+00:00","0.812","0.0","0.02557785"
"2011-07-10 21:30:00+00:00","0.648","0.0","0.0203196"
"2011-07-10 22:00:00+00:00","0.185","0.0","0.017712"
"2011-07-10 22:30:00+00:00","0.142","0.0","0.01838235"
"2011-07-10 23:00:00+00:00","0.086","0.0","0.01867755"
"2011-07-10 23:30:00+00:00","0.127","0.0","0.01873905"
"2011-07-11 00:00:00+00:00","0.152","0.0","0.01816095"
"2011-07-11 00:30:00+00:00","0.133","0.0","0.0160638"
"2011-07-11 01:00:00+00:00","0.885","0.0","0.01582395"
"2011-07-11 01:30:00+00:00","0.112","0.0","0.0160146"
"2011-07-11 02:00:00+00:00","0.126","0.0","0.0157686"
"2011-07-11 02:30:00+00:00","0.081","0.006","0.01508595"
"2011-07-11 03:00:00+00:00","0.084","0.0","0.0148461"
"2011-07-11 03:30:00+00:00","0.178","0.0","0.0147969"
"2011-07-11 04:00:00+00:00","0.067","0.0","0.01476615"
"2011-07-11 04:30:00+00:00","0.062","0.0","0.01476615"
"2011-07-11 05:00:00+00:00","0.161","0.0","0.015006"
"2011-07-11 05:30:00+00:00","0.102","0.0","0.0154488"
"2011-07-11 06:00:00+00:00","0.087","0.0","0.01560255"
"2011-07-11 06:30:00+00:00","0.126","0.0","0.0163344"
"2011-07-11 07:00:00+00:00","0.353","0.0","0.01685715"
"2011-07-11 07:30:00+00:00","0.305","0.013","0.0168387"
"2011-07-11 08:00:00+00:00","0.112","0.188","0.02654955"
"2011-07-11 08:30:00+00:00","0.17","0.325","0.03928005"
"2011-07-11 09:00:00+00:00","0.104","0.45","0.04653705"
"2011-07-11 09:30:00+00:00","0.071","0.55","0.0549318"
"2011-07-11 10:00:00+00:00","0.145","0.631","0.02324085"
"2011-07-11 10:30:00+00:00","0.119","0.688","0.0238005"
"2011-07-11 11:00:00+00:00","0.096","0.731","0.02341305"
"2011-07-11 11:30:00+00:00","0.088","0.75","0.0212052"
"2011-07-11 12:00:00+00:00","0.153","0.763","0.0207501"
"2011-07-11 12:30:00+00:00","0.418","0.75","0.02035035"
"2011-07-11 13:00:00+00:00","0.118","0.725","0.0206025"
"2011-07-11 13:30:00+00:00","0.157","0.681","0.0202212"
"2011-07-11 14:00:00+00:00","0.307","0.625","0.01910805"
"2011-07-11 14:30:00+00:00","0.7","0.544","0.016359"
"2011-07-11 15:00:00+00:00","0.132","0.463","0.0163713"
"2011-07-11 15:30:00+00:00","0.146","0.35","0.01622985"
"2011-07-11 16:00:00+00:00","0.254","0.231","0.0161253"
"2011-07-11 16:30:00+00:00","0.256","0.094","0.0166665"
"2011-07-11 17:00:00+00:00","0.41","0.006","0.02064555"
"2011-07-11 17:30:00+00:00","1.027","0.0","0.03472905"
"2011-07-11 18:00:00+00:00","1.416","0.0","0.06273"
"2011-07-11 18:30:00+00:00","1.035","0.0","0.03472905"
"2011-07-11 19:00:00+00:00","0.844","0.0","0.0311682"
"2011-07-11 19:30:00+00:00","0.927","0.0","0.02635275"
"2011-07-11 20:00:00+00:00","0.851","0.0","0.0303441"
"2011-07-11 20:30:00+00:00","0.783","0.0","0.0300243"
"2011-07-11 21:00:00+00:00","0.374","0.0","0.0236652"
"2011-07-11 21:30:00+00:00","0.183","0.0","0.0204918"
"2011-07-11 22:00:00+00:00","0.125","0.0","0.01867755"
"2011-07-11 22:30:00+00:00","0.073","0.0","0.02848065"
"2011-07-11 23:00:00+00:00","0.141","0.0","0.02479065"
"2011-07-11 23:30:00+00:00","0.115","0.0","0.02411415"
"2011-07-12 00:00:00+00:00","0.079","0.0","0.02360985"
"2011-07-12 00:30:00+00:00","0.1","0.0","0.0204057"
"2011-07-12 01:00:00+00:00","0.12","0.0","0.0186837"
"2011-07-12 01:30:00+00:00","0.108","0.0","0.0191265"
"2011-07-12 02:00:00+00:00","0.082","0.0","0.0165066"
"2011-07-12 02:30:00+00:00","0.094","0.0","0.01609455"
"2011-07-12 03:00:00+00:00","0.163","0.0","0.0157563"
"2011-07-12 03:30:00+00:00","0.054","0.0","0.01571325"
"2011-07-12 04:00:00+00:00","0.084","0.0","0.0155841"
"2011-07-12 04:30:00+00:00","0.158","0.0","0.01477845"
"2011-07-12 05:00:00+00:00","0.064","0.0","0.0151167"
"2011-07-12 05:30:00+00:00","0.117","0.0","0.01570095"
"2011-07-12 06:00:00+00:00","0.1","0.0","0.015867"
"2011-07-12 06:30:00+00:00","0.141","0.0","0.02102685"
"2011-07-12 07:00:00+00:00","0.131","0.0","0.02839455"
"2011-07-12 07:30:00+00:00","0.089","0.025","0.0257808"
"2011-07-12 08:00:00+00:00","0.142","0.188","0.03250275"
"2011-07-12 08:30:00+00:00","0.309","0.338","0.0301719"
"2011-07-12 09:00:00+00:00","0.273","0.444","0.03039945"
"2011-07-12 09:30:00+00:00","0.194","0.55","0.02805015"
"2011-07-12 10:00:00+00:00","0.12","0.625","0.0253626"
"2011-07-12 10:30:00+00:00","0.122","0.681","0.02321625"
"2011-07-12 11:00:00+00:00","0.166","0.725","0.02284725"
"2011-07-12 11:30:00+00:00","0.154","0.75","0.02281035"
"2011-07-12 12:00:00+00:00","0.121","0.756","0.02058405"
"2011-07-12 12:30:00+00:00","0.064","0.738","0.02009205"
"2011-07-12 13:00:00+00:00","0.356","0.719","0.01789035"
"2011-07-12 13:30:00+00:00","0.173","0.681","0.017466"
"2011-07-12 14:00:00+00:00","0.058","0.625","0.0169494"
"2011-07-12 14:30:00+00:00","0.247","0.55","0.016851"
"2011-07-12 15:00:00+00:00","0.253","0.469","0.0165435"
"2011-07-12 15:30:00+00:00","0.183","0.356","0.01643895"
"2011-07-12 16:00:00+00:00","0.135","0.231","0.01672185"
"2011-07-12 16:30:00+00:00","0.292","0.106","0.0162852"
"2011-07-12 17:00:00+00:00","0.184","0.0","0.01907115"
"2011-07-12 17:30:00+00:00","0.804","0.0","0.0297291"
"2011-07-12 18:00:00+00:00","1.187","0.0","0.03501195"
"2011-07-12 18:30:00+00:00","0.832","0.0","0.03460605"
"2011-07-12 19:00:00+00:00","0.873","0.0","0.03229365"
"2011-07-12 19:30:00+00:00","1.043","0.0","0.02918175"
"2011-07-12 20:00:00+00:00","0.879","0.0","0.0266295"
"2011-07-12 20:30:00+00:00","0.271","0.0","0.02867745"
"2011-07-12 21:00:00+00:00","0.193","0.0","0.0231609"
"2011-07-12 21:30:00+00:00","0.159","0.0","0.02278575"
"2011-07-12 22:00:00+00:00","0.144","0.0","0.01771815"
"2011-07-12 22:30:00+00:00","0.351","0.0","0.0315618"
"2011-07-12 23:00:00+00:00","0.744","0.0","0.02337"
"2011-07-12 23:30:00+00:00","0.145","0.0","0.01961235"
"2011-07-13 00:00:00+00:00","0.083","0.0","0.01733685"
"2011-07-13 00:30:00+00:00","0.112","0.0","0.01689405"
"2011-07-13 01:00:00+00:00","0.168","0.0","0.0165435"
"2011-07-13 01:30:00+00:00","0.07","0.0","0.0174045"
"2011-07-13 02:00:00+00:00","0.115","0.0","0.01634055"
"2011-07-13 02:30:00+00:00","0.161","0.0","0.0158793"
"2011-07-13 03:00:00+00:00","0.072","0.0","0.01573785"
"2011-07-13 03:30:00+00:00","0.116","0.0","0.0155349"
"2011-07-13 04:00:00+00:00","0.381","0.0","0.015006"
"2011-07-13 04:30:00+00:00","0.158","0.0","0.0150183"
"2011-07-13 05:00:00+00:00","0.153","0.0","0.01481535"
"2011-07-13 05:30:00+00:00","0.185","0.0","0.0156333"
"2011-07-13 06:00:00+00:00","0.167","0.0","0.01554105"
"2011-07-13 06:30:00+00:00","0.052","0.0","0.0178842"
"2011-07-13 07:00:00+00:00","0.116","0.0","0.0225828"
"2011-07-13 07:30:00+00:00","0.741","0.0","0.01891125"
"2011-07-13 08:00:00+00:00","0.351","0.019","0.0326196"
"2011-07-13 08:30:00+00:00","0.099","0.075","0.03213375"
"2011-07-13 09:00:00+00:00","0.258","0.094","0.0271461"
"2011-07-13 09:30:00+00:00","0.66","0.125","0.02882505"
"2011-07-13 10:00:00+00:00","0.381","0.156","0.0244278"
"2011-07-13 10:30:00+00:00","0.206","0.138","0.0277611"
"2011-07-13 11:00:00+00:00","0.184","0.125","0.02467995"
"2011-07-13 11:30:00+00:00","0.17","0.131","0.0214512"
"2011-07-13 12:00:00+00:00","0.172","0.131","0.02097765"
"2011-07-13 12:30:00+00:00","0.23","0.075","0.02096535"
"2011-07-13 13:00:00+00:00","0.146","0.106","0.02105145"
"2011-07-13 13:30:00+00:00","0.157","0.119","0.02085465"
"2011-07-13 14:00:00+00:00","0.807","0.069","0.02236755"
"2011-07-13 14:30:00+00:00","0.78","0.075","0.02026425"
"2011-07-13 15:00:00+00:00","0.779","0.056","0.02039955"
"2011-07-13 15:30:00+00:00","0.842","0.063","0.02083005"
"2011-07-13 16:00:00+00:00","0.809","0.038","0.0221769"
"2011-07-13 16:30:00+00:00","1.011","0.013","0.02514735"
"2011-07-13 17:00:00+00:00","0.802","0.0","0.02801325"
"2011-07-13 17:30:00+00:00","0.732","0.0","0.0343908"
"2011-07-13 18:00:00+00:00","0.21","0.0","0.0594828"
"2011-07-13 18:30:00+00:00","0.119","0.0","0.03314235"
"2011-07-13 19:00:00+00:00","0.221","0.0","0.0298398"
"2011-07-13 19:30:00+00:00","0.153","0.0","0.02573775"
"2011-07-13 20:00:00+00:00","0.805","0.0","0.02405265"
"2011-07-13 20:30:00+00:00","0.779","0.0","0.03486435"
"2011-07-13 21:00:00+00:00","0.156","0.0","0.022878"
"2011-07-13 21:30:00+00:00","0.11","0.0","0.0208977"
"2011-07-13 22:00:00+00:00","0.074","0.0","0.0184254"
"2011-07-13 22:30:00+00:00","0.144","0.0","0.03268725"
"2011-07-13 23:00:00+00:00","0.092","0.0","0.02292105"
"2011-07-13 23:30:00+00:00","0.061","0.0","0.02089155"
"2011-07-14 00:00:00+00:00","0.158","0.0","0.01832085"
"2011-07-14 00:30:00+00:00","0.093","0.0","0.01829625"
"2011-07-14 01:00:00+00:00","0.053","0.0","0.0173184"
"2011-07-14 01:30:00+00:00","0.158","0.0","0.0200613"
"2011-07-14 02:00:00+00:00","0.089","0.0","0.0173061"
"2011-07-14 02:30:00+00:00","0.069","0.0","0.01599615"
"2011-07-14 03:00:00+00:00","0.14","0.0","0.0157563"
"2011-07-14 03:30:00+00:00","0.098","0.0","0.0157194"
"2011-07-14 04:00:00+00:00","0.096","0.0","0.015744"
"2011-07-14 04:30:00+00:00","0.094","0.0","0.0156087"
"2011-07-14 05:00:00+00:00","0.104","0.0","0.0157071"
"2011-07-14 05:30:00+00:00","0.121","0.0","0.01593465"
"2011-07-14 06:00:00+00:00","0.215","0.0","0.01625445"
"2011-07-14 06:30:00+00:00","0.153","0.0","0.01956315"
"2011-07-14 07:00:00+00:00","0.138","0.0","0.02434785"
"2011-07-14 07:30:00+00:00","0.09","0.006","0.02374515"
"2011-07-14 08:00:00+00:00","0.282","0.175","0.03074385"
"2011-07-14 08:30:00+00:00","0.504","0.331","0.0309099"
"2011-07-14 09:00:00+00:00","0.176","0.45","0.0278841"
"2011-07-14 09:30:00+00:00","0.208","0.55","0.02635275"
"2011-07-14 10:00:00+00:00","0.141","0.606","0.0228288"
"2011-07-14 10:30:00+00:00","0.184","0.688","0.02228145"
"2011-07-14 11:00:00+00:00","0.207","0.725","0.0222876"
"2011-07-14 11:30:00+00:00","0.116","0.744","0.02123595"
"2011-07-14 12:00:00+00:00","0.085","0.75","0.0206886"
"2011-07-14 12:30:00+00:00","0.122","0.744","0.0200736"
"2011-07-14 13:00:00+00:00","0.117","0.694","0.0189543"
"2011-07-14 13:30:00+00:00","0.123","0.463","0.0197661"
"2011-07-14 14:00:00+00:00","0.086","0.481","0.0200736"
"2011-07-14 14:30:00+00:00","0.118","0.344","0.01974765"
"2011-07-14 15:00:00+00:00","0.136","0.444","0.0178104"
"2011-07-14 15:30:00+00:00","0.079","0.369","0.01835775"
"2011-07-14 16:00:00+00:00","0.123","0.238","0.01962465"
"2011-07-14 16:30:00+00:00","0.13","0.106","0.0197169"
"2011-07-14 17:00:00+00:00","0.161","0.006","0.01868985"
"2011-07-14 17:30:00+00:00","0.348","0.0","0.0283884"
"2011-07-14 18:00:00+00:00","0.422","0.0","0.07037445"
"2011-07-14 18:30:00+00:00","0.899","0.0","0.0760632"
"2011-07-14 19:00:00+00:00","0.735","0.0","0.0715245"
"2011-07-14 19:30:00+00:00","0.932","0.0","0.03723825"
"2011-07-14 20:00:00+00:00","0.821","0.0","0.0267894"
"2011-07-14 20:30:00+00:00","0.773","0.0","0.0278964"
"2011-07-14 21:00:00+00:00","0.527","0.0","0.02859135"
"2011-07-14 21:30:00+00:00","0.147","0.0","0.02456925"
"2011-07-14 22:00:00+00:00","0.144","0.0","0.0200367"
"2011-07-14 22:30:00+00:00","0.056","0.0","0.03091605"
"2011-07-14 23:00:00+00:00","0.283","0.0","0.02281035"
"2011-07-14 23:30:00+00:00","0.821","0.0","0.0206271"
"2011-07-15 00:00:00+00:00","0.089","0.0","0.0185484"
"2011-07-15 00:30:00+00:00","0.098","0.0","0.01861605"
"2011-07-15 01:00:00+00:00","0.135","0.0","0.01764435"
"2011-07-15 01:30:00+00:00","0.105","0.0","0.0176628"
"2011-07-15 02:00:00+00:00","0.066","0.0","0.01643895"
"2011-07-15 02:30:00+00:00","0.159","0.0","0.01582395"
"2011-07-15 03:00:00+00:00","0.094","0.0","0.0151413"
"2011-07-15 03:30:00+00:00","0.09","0.0","0.01481535"
"2011-07-15 04:00:00+00:00","0.112","0.0","0.01476615"
"2011-07-15 04:30:00+00:00","0.127","0.0","0.0147477"
"2011-07-15 05:00:00+00:00","0.264","0.0","0.0147477"
"2011-07-15 05:30:00+00:00","0.15","0.0","0.0148707"
"2011-07-15 06:00:00+00:00","0.173","0.0","0.01512285"
"2011-07-15 06:30:00+00:00","0.098","0.0","0.01626675"
"2011-07-15 07:00:00+00:00","0.251","0.0","0.0163713"
"2011-07-15 07:30:00+00:00","0.538","0.006","0.0170355"
"2011-07-15 08:00:00+00:00","0.215","0.006","0.02317935"
"2011-07-15 08:30:00+00:00","0.082","0.05","0.026322"
"2011-07-15 09:00:00+00:00","0.142","0.094","0.02694315"
"2011-07-15 09:30:00+00:00","0.101","0.125","0.03000585"
"2011-07-15 10:00:00+00:00","0.075","0.113","0.02781645"
"2011-07-15 10:30:00+00:00","0.119","0.231","0.0276996"
"2011-07-15 11:00:00+00:00","0.123","0.331","0.02577465"
"2011-07-15 11:30:00+00:00","0.072","0.388","0.0238251"
"2011-07-15 12:00:00+00:00","0.166","0.175","0.0194709"
"2011-07-15 12:30:00+00:00","0.716","0.181","0.02215845"
"2011-07-15 13:00:00+00:00","0.954","0.069","0.02246595"
"2011-07-15 13:30:00+00:00","0.752","0.138","0.02138355"
"2011-07-15 14:00:00+00:00","0.829","0.119","0.02087925"
"2011-07-15 14:30:00+00:00","0.783","0.1","0.0210699"
"2011-07-15 15:00:00+00:00","0.762","0.044","0.0188067"
"2011-07-15 15:30:00+00:00","1.588","0.156","0.0206271"
"2011-07-15 16:00:00+00:00","1.66","0.063","0.02153115"
"2011-07-15 16:30:00+00:00","2.19","0.025","0.0249321"
"2011-07-15 17:00:00+00:00","2.559","0.0","0.02520885"
"2011-07-15 17:30:00+00:00","2.668","0.0","0.03630345"
"2011-07-15 18:00:00+00:00","2.883","0.0","0.06934125"
"2011-07-15 18:30:00+00:00","2.092","0.0","0.06183825"
"2011-07-15 19:00:00+00:00","2.058","0.0","0.03295785"
"2011-07-15 19:30:00+00:00","1.753","0.0","0.0244647"
"2011-07-15 20:00:00+00:00","1.724","0.0","0.02320395"
"2011-07-15 20:30:00+00:00","2.17","0.0","0.02710305"
"2011-07-15 21:00:00+00:00","2.126","0.0","0.02235525"
"2011-07-15 21:30:00+00:00","2.311","0.0","0.01833315"
"2011-07-15 22:00:00+00:00","0.884","0.0","0.0163221"
"2011-07-15 22:30:00+00:00","0.76","0.0","0.0217956"
"2011-07-15 23:00:00+00:00","0.061","0.0","0.02169105"
"2011-07-15 23:30:00+00:00","0.187","0.0","0.0222876"
"2011-07-16 00:00:00+00:00","0.098","0.0","0.02036265"
"2011-07-16 00:30:00+00:00","0.093","0.0","0.01790265"
"2011-07-16 01:00:00+00:00","0.133","0.0","0.0167403"
"2011-07-16 01:30:00+00:00","0.11","0.0","0.0169248"
"2011-07-16 02:00:00+00:00","0.123","0.0","0.01610685"
"2011-07-16 02:30:00+00:00","0.087","0.0","0.01579935"
"2011-07-16 03:00:00+00:00","0.141","0.0","0.0151782"
"2011-07-16 03:30:00+00:00","0.109","0.0","0.01479075"
"2011-07-16 04:00:00+00:00","0.064","0.0","0.0147477"
"2011-07-16 04:30:00+00:00","0.172","0.0","0.01394205"
"2011-07-16 05:00:00+00:00","0.097","0.0","0.0126567"
"2011-07-16 05:30:00+00:00","0.073","0.0","0.01416345"
"2011-07-16 06:00:00+00:00","0.147","0.0","0.01476615"
"2011-07-16 06:30:00+00:00","0.229","0.0","0.0151167"
"2011-07-16 07:00:00+00:00","0.229","0.0","0.01490145"
"2011-07-16 07:30:00+00:00","0.138","0.0","0.01496295"
"2011-07-16 08:00:00+00:00","0.194","0.05","0.0160515"
"2011-07-16 08:30:00+00:00","0.262","0.156","0.01750905"
"2011-07-16 09:00:00+00:00","0.196","0.163","0.02349915"
"2011-07-16 09:30:00+00:00","0.571","0.206","0.02731215"
"2011-07-16 10:00:00+00:00","0.146","0.194","0.0262605"
"2011-07-16 10:30:00+00:00","0.151","0.294","0.0282039"
"2011-07-16 11:00:00+00:00","0.429","0.406","0.02705385"
"2011-07-16 11:30:00+00:00","0.205","0.488","0.02464305"
"2011-07-16 12:00:00+00:00","0.264","0.356","0.02075625"
"2011-07-16 12:30:00+00:00","0.257","0.244","0.019188"
"2011-07-16 13:00:00+00:00","0.311","0.319","0.01698015"
"2011-07-16 13:30:00+00:00","0.165","0.375","0.01615605"
"2011-07-16 14:00:00+00:00","0.178","0.363","0.0157563"
"2011-07-16 14:30:00+00:00","0.163","0.281","0.01578705"
"2011-07-16 15:00:00+00:00","0.149","0.1","0.015744"
"2011-07-16 15:30:00+00:00","0.311","0.05","0.01586085"
"2011-07-16 16:00:00+00:00","0.675","0.013","0.01664805"
"2011-07-16 16:30:00+00:00","1.084","0.0","0.01669725"
"2011-07-16 17:00:00+00:00","1.066","0.0","0.0165681"
"2011-07-16 17:30:00+00:00","1.32","0.0","0.0208485"
"2011-07-16 18:00:00+00:00","1.227","0.0","0.03122355"
"2011-07-16 18:30:00+00:00","1.061","0.0","0.02764425"
"2011-07-16 19:00:00+00:00","1.184","0.0","0.0211191"
"2011-07-16 19:30:00+00:00","0.977","0.0","0.01691865"
"2011-07-16 20:00:00+00:00","0.847","0.0","0.01654965"
"2011-07-16 20:30:00+00:00","0.786","0.0","0.01627905"
"2011-07-16 21:00:00+00:00","0.34","0.0","0.0160146"
"2011-07-16 21:30:00+00:00","0.119","0.0","0.015867"
"2011-07-16 22:00:00+00:00","0.1","0.0","0.01616835"
"2011-07-16 22:30:00+00:00","0.13","0.0","0.01851765"
"2011-07-16 23:00:00+00:00","0.159","0.0","0.0192987"
"2011-07-16 23:30:00+00:00","0.074","0.0","0.02003055"
"2011-07-17 00:00:00+00:00","0.163","0.0","0.019311"
"2011-07-17 00:30:00+00:00","0.119","0.0","0.0163959"
"2011-07-17 01:00:00+00:00","0.062","0.0","0.01557795"
"2011-07-17 01:30:00+00:00","0.144","0.0","0.0155103"
"2011-07-17 02:00:00+00:00","0.105","0.0","0.01503675"
"2011-07-17 02:30:00+00:00","0.114","0.0","0.01465545"
"2011-07-17 03:00:00+00:00","0.072","0.0","0.01262595"
"2011-07-17 03:30:00+00:00","0.138","0.0","0.01070715"
"2011-07-17 04:00:00+00:00","0.118","0.0","0.01070715"
"2011-07-17 04:30:00+00:00","0.068","0.0","0.0129027"
"2011-07-17 05:00:00+00:00","0.155","0.0","0.0110577"
"2011-07-17 05:30:00+00:00","0.106","0.0","0.0117711"
"2011-07-17 06:00:00+00:00","0.071","0.0","0.0119433"
"2011-07-17 06:30:00+00:00","0.135","0.0","0.0120909"
"2011-07-17 07:00:00+00:00","0.256","0.0","0.0120663"
"2011-07-17 07:30:00+00:00","0.15","0.0","0.01292115"
"2011-07-17 08:00:00+00:00","0.119","0.019","0.01476615"
"2011-07-17 08:30:00+00:00","0.126","0.038","0.01501215"
"2011-07-17 09:00:00+00:00","0.333","0.081","0.015498"
"2011-07-17 09:30:00+00:00","0.377","0.131","0.015744"
"2011-07-17 10:00:00+00:00","0.217","0.169","0.01575015"
"2011-07-17 10:30:00+00:00","0.218","0.144","0.01587315"
"2011-07-17 11:00:00+00:00","0.174","0.306","0.0157686"
"2011-07-17 11:30:00+00:00","0.249","0.256","0.0158301"
"2011-07-17 12:00:00+00:00","0.205","0.363","0.0159654"
"2011-07-17 12:30:00+00:00","0.187","0.363","0.0158301"
"2011-07-17 13:00:00+00:00","0.072","0.375","0.015744"
"2011-07-17 13:30:00+00:00","0.215","0.375","0.0156333"
"2011-07-17 14:00:00+00:00","0.227","0.4","0.01568865"
"2011-07-17 14:30:00+00:00","0.195","0.194","0.01557795"
"2011-07-17 15:00:00+00:00","0.218","0.069","0.015744"
"2011-07-17 15:30:00+00:00","0.324","0.038","0.0158301"
"2011-07-17 16:00:00+00:00","0.863","0.038","0.01604535"
"2011-07-17 16:30:00+00:00","1.216","0.081","0.0162852"
"2011-07-17 17:00:00+00:00","1.426","0.0","0.0162606"
"2011-07-17 17:30:00+00:00","1.168","0.0","0.0187698"
"2011-07-17 18:00:00+00:00","1.333","0.0","0.02566395"
"2011-07-17 18:30:00+00:00","0.832","0.0","0.0296184"
"2011-07-17 19:00:00+00:00","0.764","0.0","0.02561475"
"2011-07-17 19:30:00+00:00","0.903","0.0","0.02106375"
"2011-07-17 20:00:00+00:00","0.882","0.0","0.02225685"
"2011-07-17 20:30:00+00:00","0.219","0.0","0.01771815"
"2011-07-17 21:00:00+00:00","0.158","0.0","0.01575015"
"2011-07-17 21:30:00+00:00","0.139","0.0","0.0157317"
"2011-07-17 22:00:00+00:00","0.135","0.0","0.0155841"
"2011-07-17 22:30:00+00:00","0.61","0.006","0.0161868"
"2011-07-17 23:00:00+00:00","0.479","0.0","0.0157071"
"2011-07-17 23:30:00+00:00","0.141","0.0","0.01597155"
"2011-07-18 00:00:00+00:00","0.094","0.0","0.01562715"
"2011-07-18 00:30:00+00:00","0.076","0.0","0.01538115"
"2011-07-18 01:00:00+00:00","0.184","0.0","0.0149199"
"2011-07-18 01:30:00+00:00","0.075","0.0","0.0148953"
"2011-07-18 02:00:00+00:00","0.09","0.0","0.01436025"
"2011-07-18 02:30:00+00:00","0.145","0.0","0.01142055"
"2011-07-18 03:00:00+00:00","0.1","0.0","0.00792735"
"2011-07-18 03:30:00+00:00","0.107","0.0","0.01223235"
"2011-07-18 04:00:00+00:00","0.1","0.0","0.01023975"
"2011-07-18 04:30:00+00:00","0.13","0.0","0.0115497"
"2011-07-18 05:00:00+00:00","0.098","0.0","0.0121524"
"2011-07-18 05:30:00+00:00","0.075","0.0","0.01432335"
"2011-07-18 06:00:00+00:00","0.167","0.0","0.01483995"
"2011-07-18 06:30:00+00:00","0.079","0.0","0.01549185"
"2011-07-18 07:00:00+00:00","0.105","0.0","0.01619295"
"2011-07-18 07:30:00+00:00","0.148","0.025","0.01634055"
"2011-07-18 08:00:00+00:00","0.218","0.194","0.01679565"
"2011-07-18 08:30:00+00:00","0.295","0.325","0.01881285"
"2011-07-18 09:00:00+00:00","0.411","0.475","0.0181671"
"2011-07-18 09:30:00+00:00","0.184","0.481","0.01941555"
"2011-07-18 10:00:00+00:00","0.223","0.619","0.0180441"
"2011-07-18 10:30:00+00:00","0.425","0.669","0.0180195"
"2011-07-18 11:00:00+00:00","0.376","0.719","0.01839465"
"2011-07-18 11:30:00+00:00","0.104","0.738","0.01748445"
"2011-07-18 12:00:00+00:00","0.125","0.744","0.01656195"
"2011-07-18 12:30:00+00:00","0.142","0.731","0.0162852"
"2011-07-18 13:00:00+00:00","0.131","0.713","0.01610685"
"2011-07-18 13:30:00+00:00","0.226","0.681","0.01599615"
"2011-07-18 14:00:00+00:00","0.179","0.406","0.01597155"
"2011-07-18 14:30:00+00:00","0.224","0.444","0.0159408"
"2011-07-18 15:00:00+00:00","0.175","0.325","0.01595925"
"2011-07-18 15:30:00+00:00","0.148","0.369","0.0159777"
"2011-07-18 16:00:00+00:00","0.211","0.219","0.0160146"
"2011-07-18 16:30:00+00:00","0.223","0.113","0.01604535"
"2011-07-18 17:00:00+00:00","0.273","0.0","0.01645125"
"2011-07-18 17:30:00+00:00","0.332","0.0","0.01825935"
"2011-07-18 18:00:00+00:00","1.255","0.0","0.0268755"
"2011-07-18 18:30:00+00:00","0.927","0.0","0.0282285"
"2011-07-18 19:00:00+00:00","0.765","0.0","0.02402805"
"2011-07-18 19:30:00+00:00","0.825","0.0","0.01802565"
"2011-07-18 20:00:00+00:00","1.113","0.0","0.01855455"
"2011-07-18 20:30:00+00:00","0.653","0.0","0.0183639"
"2011-07-18 21:00:00+00:00","0.148","0.0","0.0163221"
"2011-07-18 21:30:00+00:00","0.206","0.0","0.0160515"
"2011-07-18 22:00:00+00:00","0.14","0.0","0.0156825"
"2011-07-18 22:30:00+00:00","0.083","0.0","0.0166296"
"2011-07-18 23:00:00+00:00","0.141","0.0","0.01594695"
"2011-07-18 23:30:00+00:00","0.125","0.0","0.01669725"
"2011-07-19 00:00:00+00:00","0.114","0.0","0.0167526"
"2011-07-19 00:30:00+00:00","0.073","0.0","0.01616835"
"2011-07-19 01:00:00+00:00","0.142","0.0","0.01591005"
"2011-07-19 01:30:00+00:00","0.12","0.0","0.016236"
"2011-07-19 02:00:00+00:00","0.086","0.0","0.0158055"
"2011-07-19 02:30:00+00:00","0.117","0.0","0.0155841"
"2011-07-19 03:00:00+00:00","0.144","0.0","0.01490145"
"2011-07-19 03:30:00+00:00","0.07","0.0","0.01485225"
"2011-07-19 04:00:00+00:00","0.119","0.0","0.01488915"
"2011-07-19 04:30:00+00:00","0.14","0.0","0.01485225"
"2011-07-19 05:00:00+00:00","0.085","0.0","0.01492605"
"2011-07-19 05:30:00+00:00","0.101","0.0","0.01544265"
"2011-07-19 06:00:00+00:00","0.101","0.006","0.01559025"
"2011-07-19 06:30:00+00:00","0.22","0.0","0.0191757"
"2011-07-19 07:00:00+00:00","0.064","0.0","0.01801335"
"2011-07-19 07:30:00+00:00","0.145","0.025","0.0199383"
"2011-07-19 08:00:00+00:00","0.244","0.2","0.0309468"
"2011-07-19 08:30:00+00:00","0.284","0.338","0.02646345"
"2011-07-19 09:00:00+00:00","0.138","0.456","0.02162955"
"2011-07-19 09:30:00+00:00","0.243","0.563","0.0233823"
"2011-07-19 10:00:00+00:00","0.073","0.656","0.0218817"
"2011-07-19 10:30:00+00:00","0.114","0.688","0.02021505"
"2011-07-19 11:00:00+00:00","0.106","0.725","0.0200367"
"2011-07-19 11:30:00+00:00","0.407","0.75","0.0168633"
"2011-07-19 12:00:00+00:00","0.834","0.756","0.01737375"
"2011-07-19 12:30:00+00:00","0.237","0.756","0.01682025"
"2011-07-19 13:00:00+00:00","0.341","0.731","0.0165435"
"2011-07-19 13:30:00+00:00","0.163","0.694","0.0160884"
"2011-07-19 14:00:00+00:00","0.227","0.631","0.01615605"
"2011-07-19 14:30:00+00:00","0.187","0.581","0.017097"
"2011-07-19 15:00:00+00:00","0.179","0.244","0.0165435"
"2011-07-19 15:30:00+00:00","0.133","0.088","0.01765665"
"2011-07-19 16:00:00+00:00","0.205","0.038","0.01893585"
"2011-07-19 16:30:00+00:00","0.483","0.0","0.01862835"
"2011-07-19 17:00:00+00:00","0.461","0.0","0.01995675"
"2011-07-19 17:30:00+00:00","0.902","0.006","0.0260637"
"2011-07-19 18:00:00+00:00","0.95","0.0","0.04588515"
"2011-07-19 18:30:00+00:00","0.948","0.0","0.05455665"
"2011-07-19 19:00:00+00:00","1.087","0.0","0.04005495"
"2011-07-19 19:30:00+00:00","1.092","0.0","0.0217341"
"2011-07-19 20:00:00+00:00","0.722","0.0","0.0214881"
"2011-07-19 20:30:00+00:00","0.147","0.0","0.02165415"
"2011-07-19 21:00:00+00:00","0.093","0.0","0.0186099"
"2011-07-19 21:30:00+00:00","0.213","0.0","0.01741065"
"2011-07-19 22:00:00+00:00","0.09","0.0","0.0166173"
"2011-07-19 22:30:00+00:00","0.114","0.0","0.0201843"
"2011-07-19 23:00:00+00:00","0.117","0.0","0.01641435"
"2011-07-19 23:30:00+00:00","0.127","0.0","0.0159654"
"2011-07-20 00:00:00+00:00","0.106","0.0","0.0168264"
"2011-07-20 00:30:00+00:00","0.078","0.0","0.01646355"
"2011-07-20 01:00:00+00:00","0.14","0.0","0.016113"
"2011-07-20 01:30:00+00:00","0.114","0.0","0.0161622"
"2011-07-20 02:00:00+00:00","0.067","0.0","0.01576245"
"2011-07-20 02:30:00+00:00","0.152","0.0","0.0153627"
"2011-07-20 03:00:00+00:00","0.119","0.0","0.01485225"
"2011-07-20 03:30:00+00:00","0.068","0.0","0.01472925"
"2011-07-20 04:00:00+00:00","0.127","0.0","0.01392975"
"2011-07-20 04:30:00+00:00","0.109","0.0","0.0120171"
"2011-07-20 05:00:00+00:00","0.141","0.0","0.0124845"
"2011-07-20 05:30:00+00:00","0.177","0.0","0.01492605"
"2011-07-20 06:00:00+00:00","0.247","0.0","0.01514745"
"2011-07-20 06:30:00+00:00","0.211","0.0","0.0183024"
"2011-07-20 07:00:00+00:00","0.177","0.0","0.01930485"
"2011-07-20 07:30:00+00:00","0.183","0.0","0.0174906"
"2011-07-20 08:00:00+00:00","0.226","0.0","0.0210207"
"2011-07-20 08:30:00+00:00","0.123","0.019","0.0213774"
"2011-07-20 09:00:00+00:00","0.337","0.0","0.0201105"
"2011-07-20 09:30:00+00:00","0.28","0.0","0.0197538"
"2011-07-20 10:00:00+00:00","0.209","0.0","0.01651275"
"2011-07-20 10:30:00+00:00","0.074","0.006","0.0163713"
"2011-07-20 11:00:00+00:00","0.114","0.013","0.0164451"
"2011-07-20 11:30:00+00:00","0.254","0.156","0.0160269"
"2011-07-20 12:00:00+00:00","0.282","0.194","0.01604535"
"2011-07-20 12:30:00+00:00","0.154","0.494","0.01616835"
"2011-07-20 13:00:00+00:00","0.395","0.319","0.0159777"
"2011-07-20 13:30:00+00:00","0.287","0.294","0.0159777"
"2011-07-20 14:00:00+00:00","0.202","0.363","0.0159654"
"2011-07-20 14:30:00+00:00","1.322","0.356","0.01613145"
"2011-07-20 15:00:00+00:00","1.593","0.1","0.01593465"
"2011-07-20 15:30:00+00:00","0.742","0.038","0.0159162"
"2011-07-20 16:00:00+00:00","0.436","0.031","0.01605765"
"2011-07-20 16:30:00+00:00","0.899","0.0","0.0163098"
"2011-07-20 17:00:00+00:00","1.405","0.0","0.0173553"
"2011-07-20 17:30:00+00:00","1.347","0.0","0.0222876"
"2011-07-20 18:00:00+00:00","0.384","0.0","0.04204755"
"2011-07-20 18:30:00+00:00","0.251","0.0","0.0615615"
"2011-07-20 19:00:00+00:00","0.09","0.0","0.03116205"
"2011-07-20 19:30:00+00:00","1.547","0.0","0.0226935"
"2011-07-20 20:00:00+00:00","0.828","0.0","0.02392965"
"2011-07-20 20:30:00+00:00","0.241","0.0","0.0211437"
"2011-07-20 21:00:00+00:00","0.128","0.0","0.01960005"
"2011-07-20 21:30:00+00:00","0.118","0.0","0.01634055"
"2011-07-20 22:00:00+00:00","0.171","0.0","0.01636515"
"2011-07-20 22:30:00+00:00","0.062","0.0","0.02231835"
"2011-07-20 23:00:00+00:00","0.706","0.0","0.019434"
"2011-07-20 23:30:00+00:00","0.421","0.0","0.01764435"
"2011-07-21 00:00:00+00:00","0.097","0.0","0.0160638"
"2011-07-21 00:30:00+00:00","0.099","0.0","0.01613145"
"2011-07-21 01:00:00+00:00","0.101","0.0","0.01594695"
"2011-07-21 01:30:00+00:00","0.163","0.006","0.0160638"
"2011-07-21 02:00:00+00:00","0.051","0.0","0.01576245"
"2011-07-21 02:30:00+00:00","0.149","0.0","0.0154242"
"2011-07-21 03:00:00+00:00","0.124","0.0","0.01413885"
"2011-07-21 03:30:00+00:00","0.087","0.0","0.01470465"
"2011-07-21 04:00:00+00:00","0.101","0.0","0.0143541"
"2011-07-21 04:30:00+00:00","0.125","0.0","0.01464315"
"2011-07-21 05:00:00+00:00","0.206","0.0","0.01358535"
"2011-07-21 05:30:00+00:00","0.097","0.0","0.01481535"
"2011-07-21 06:00:00+00:00","0.26","0.0","0.0142803"
"2011-07-21 06:30:00+00:00","0.259","0.0","0.0161991"
"2011-07-21 07:00:00+00:00","0.154","0.0","0.01851765"
"2011-07-21 07:30:00+00:00","0.232","0.0","0.01620525"
"2011-07-21 08:00:00+00:00","0.494","0.019","0.01865295"
"2011-07-21 08:30:00+00:00","0.393","0.013","0.0185976"
"2011-07-21 09:00:00+00:00","0.138","0.006","0.0167772"
"2011-07-21 09:30:00+00:00","0.136","0.031","0.01797645"
"2011-07-21 10:00:00+00:00","0.127","0.044","0.0168879"
"2011-07-21 10:30:00+00:00","0.08","0.044","0.01743525"
"2011-07-21 11:00:00+00:00","0.116","0.038","0.01695555"
"2011-07-21 11:30:00+00:00","0.335","0.106","0.01618065"
"2011-07-21 12:00:00+00:00","0.211","0.069","0.01605765"
"2011-07-21 12:30:00+00:00","1.115","0.081","0.0160023"
"2011-07-21 13:00:00+00:00","0.858","0.113","0.01606995"
"2011-07-21 13:30:00+00:00","0.877","0.019","0.01614375"
"2011-07-21 14:00:00+00:00","0.746","0.013","0.01759515"
"2011-07-21 14:30:00+00:00","0.824","0.0","0.01688175"
"2011-07-21 15:00:00+00:00","0.937","0.0","0.0162114"
"2011-07-21 15:30:00+00:00","1.765","0.0","0.01605765"
"2011-07-21 16:00:00+00:00","2.078","0.0","0.02084235"
"2011-07-21 16:30:00+00:00","2.158","0.0","0.0185115"
"2011-07-21 17:00:00+00:00","2.07","0.0","0.01872675"
"2011-07-21 17:30:00+00:00","2.392","0.0","0.02111295"
"2011-07-21 18:00:00+00:00","2.187","0.0","0.02977215"
"2011-07-21 18:30:00+00:00","1.695","0.0","0.03081765"
"2011-07-21 19:00:00+00:00","0.881","0.0","0.0476748"
"2011-07-21 19:30:00+00:00","0.963","0.0","0.02764425"
"2011-07-21 20:00:00+00:00","0.564","0.0","0.02370825"
"2011-07-21 20:30:00+00:00","0.125","0.0","0.02288415"
"2011-07-21 21:00:00+00:00","0.102","0.0","0.0221154"
"2011-07-21 21:30:00+00:00","0.138","0.0","0.017589"
"2011-07-21 22:00:00+00:00","0.118","0.0","0.0161868"
"2011-07-21 22:30:00+00:00","0.076","0.0","0.02101455"
"2011-07-21 23:00:00+00:00","0.115","0.0","0.01759515"
"2011-07-21 23:30:00+00:00","0.12","0.0","0.01796415"
"2011-07-22 00:00:00+00:00","0.114","0.0","0.01646355"
"2011-07-22 00:30:00+00:00","0.064","0.0","0.01669725"
"2011-07-22 01:00:00+00:00","0.14","0.0","0.0160638"
"2011-07-22 01:30:00+00:00","0.127","0.0","0.0172692"
"2011-07-22 02:00:00+00:00","0.059","0.0","0.0158301"
"2011-07-22 02:30:00+00:00","0.147","0.0","0.01559025"
"2011-07-22 03:00:00+00:00","0.112","0.0","0.0145263"
"2011-07-22 03:30:00+00:00","0.084","0.0","0.01454475"
"2011-07-22 04:00:00+00:00","0.099","0.0","0.01391745"
"2011-07-22 04:30:00+00:00","0.131","0.0","0.01348695"
"2011-07-22 05:00:00+00:00","0.118","0.0","0.01295805"
"2011-07-22 05:30:00+00:00","0.072","0.0","0.01450785"
"2011-07-22 06:00:00+00:00","0.239","0.0","0.01529505"
"2011-07-22 06:30:00+00:00","0.248","0.0","0.0175767"
"2011-07-22 07:00:00+00:00","0.113","0.0","0.01841925"
"2011-07-22 07:30:00+00:00","0.3","0.006","0.0165066"
"2011-07-22 08:00:00+00:00","0.397","0.006","0.0203565"
"2011-07-22 08:30:00+00:00","0.156","0.044","0.0190404"
"2011-07-22 09:00:00+00:00","0.066","0.069","0.0181425"
"2011-07-22 09:30:00+00:00","0.147","0.088","0.01968615"
"2011-07-22 10:00:00+00:00","0.112","0.194","0.01907115"
"2011-07-22 10:30:00+00:00","0.09","0.119","0.0170478"
"2011-07-22 11:00:00+00:00","0.101","0.175","0.01712775"
"2011-07-22 11:30:00+00:00","0.158","0.05","0.01648815"
"2011-07-22 12:00:00+00:00","0.461","0.044","0.016728"
"2011-07-22 12:30:00+00:00","1.339","0.063","0.018204"
"2011-07-22 13:00:00+00:00","1.741","0.038","0.0172692"
"2011-07-22 13:30:00+00:00","1.645","0.025","0.01693095"
"2011-07-22 14:00:00+00:00","0.838","0.038","0.0167403"
"2011-07-22 14:30:00+00:00","0.954","0.025","0.0167157"
"2011-07-22 15:00:00+00:00","0.138","0.013","0.01672185"
"2011-07-22 15:30:00+00:00","0.152","0.006","0.0166542"
"2011-07-22 16:00:00+00:00","0.111","0.0","0.0167034"
"2011-07-22 16:30:00+00:00","0.95","0.0","0.01674645"
"2011-07-22 17:00:00+00:00","1.022","0.0","0.0172692"
"2011-07-22 17:30:00+00:00","2.43","0.0","0.0179949"
"2011-07-22 18:00:00+00:00","2.105","0.0","0.02369595"
"2011-07-22 18:30:00+00:00","1.962","0.0","0.02325315"
"2011-07-22 19:00:00+00:00","1.175","0.0","0.02360985"
"2011-07-22 19:30:00+00:00","1.288","0.0","0.02000595"
"2011-07-22 20:00:00+00:00","1.307","0.0","0.02416335"
"2011-07-22 20:30:00+00:00","0.718","0.0","0.01909575"
"2011-07-22 21:00:00+00:00","0.406","0.0","0.0181302"
"2011-07-22 21:30:00+00:00","0.139","0.0","0.01629135"
"2011-07-22 22:00:00+00:00","0.125","0.0","0.0159531"
"2011-07-22 22:30:00+00:00","0.103","0.0","0.0204795"
"2011-07-22 23:00:00+00:00","0.286","0.0","0.01928025"
"2011-07-22 23:30:00+00:00","0.829","0.0","0.0193848"
"2011-07-23 00:00:00+00:00","0.08","0.0","0.01866525"
"2011-07-23 00:30:00+00:00","0.091","0.0","0.01714005"
"2011-07-23 01:00:00+00:00","0.166","0.0","0.0160146"
"2011-07-23 01:30:00+00:00","0.038","0.0","0.01626675"
"2011-07-23 02:00:00+00:00","0.143","0.0","0.0161007"
"2011-07-23 02:30:00+00:00","0.103","0.0","0.0157194"
"2011-07-23 03:00:00+00:00","0.109","0.0","0.01522125"
"2011-07-23 03:30:00+00:00","0.077","0.0","0.01482765"
"2011-07-23 04:00:00+00:00","0.13","0.006","0.0144771"
"2011-07-23 04:30:00+00:00","0.139","0.0","0.0143049"
"2011-07-23 05:00:00+00:00","0.076","0.0","0.01324095"
"2011-07-23 05:30:00+00:00","0.089","0.0","0.0139974"
"2011-07-23 06:00:00+00:00","0.343","0.0","0.01426185"
"2011-07-23 06:30:00+00:00","0.101","0.0","0.01438485"
"2011-07-23 07:00:00+00:00","0.16","0.0","0.01476"
"2011-07-23 07:30:00+00:00","0.182","0.0","0.0151782"
"2011-07-23 08:00:00+00:00","0.148","0.075","0.01577475"
"2011-07-23 08:30:00+00:00","0.156","0.088","0.0173184"
"2011-07-23 09:00:00+00:00","0.408","0.263","0.0170601"
"2011-07-23 09:30:00+00:00","0.163","0.238","0.01968"
"2011-07-23 10:00:00+00:00","0.116","0.531","0.01982145"
"2011-07-23 10:30:00+00:00","0.136","0.531","0.0195939"
"2011-07-23 11:00:00+00:00","0.104","0.313","0.0176136"
"2011-07-23 11:30:00+00:00","0.102","0.369","0.01680795"
"2011-07-23 12:00:00+00:00","0.1","0.588","0.01599"
"2011-07-23 12:30:00+00:00","0.114","0.431","0.0156579"
"2011-07-23 13:00:00+00:00","0.118","0.388","0.01530735"
"2011-07-23 13:30:00+00:00","0.327","0.419","0.01597155"
"2011-07-23 14:00:00+00:00","0.141","0.15","0.01627905"
"2011-07-23 14:30:00+00:00","0.164","0.138","0.0158178"
"2011-07-23 15:00:00+00:00","0.152","0.438","0.01581165"
"2011-07-23 15:30:00+00:00","0.207","0.269","0.016113"
"2011-07-23 16:00:00+00:00","0.24","0.238","0.0166296"
"2011-07-23 16:30:00+00:00","0.14","0.075","0.01624215"
"2011-07-23 17:00:00+00:00","0.204","0.006","0.016728"
"2011-07-23 17:30:00+00:00","0.545","0.0","0.01900965"
"2011-07-23 18:00:00+00:00","0.904","0.0","0.02877585"
"2011-07-23 18:30:00+00:00","1.344","0.0","0.035301"
"2011-07-23 19:00:00+00:00","1.18","0.0","0.0358668"
"2011-07-23 19:30:00+00:00","1.37","0.0","0.02572545"
"2011-07-23 20:00:00+00:00","1.237","0.0","0.0426072"
"2011-07-23 20:30:00+00:00","1.003","0.0","0.0269862"
"2011-07-23 21:00:00+00:00","0.338","0.0","0.0252888"
"2011-07-23 21:30:00+00:00","0.114","0.0","0.023616"
"2011-07-23 22:00:00+00:00","0.107","0.0","0.020418"
"2011-07-23 22:30:00+00:00","0.189","0.0","0.0187944"
"2011-07-23 23:00:00+00:00","0.071","0.0","0.01768125"
"2011-07-23 23:30:00+00:00","0.137","0.0","0.01958775"
"2011-07-24 00:00:00+00:00","0.114","0.0","0.01850535"
"2011-07-24 00:30:00+00:00","0.093","0.0","0.01621755"
"2011-07-24 01:00:00+00:00","0.112","0.0","0.01559025"
"2011-07-24 01:30:00+00:00","0.118","0.0","0.0155595"
"2011-07-24 02:00:00+00:00","0.086","0.0","0.01527045"
"2011-07-24 02:30:00+00:00","0.124","0.0","0.01427415"
"2011-07-24 03:00:00+00:00","0.083","0.0","0.01229385"
"2011-07-24 03:30:00+00:00","0.129","0.0","0.0102828"
"2011-07-24 04:00:00+00:00","0.094","0.0","0.01169115"
"2011-07-24 04:30:00+00:00","0.108","0.0","0.01097775"
"2011-07-24 05:00:00+00:00","0.099","0.0","0.01197405"
"2011-07-24 05:30:00+00:00","0.106","0.0","0.01230615"
"2011-07-24 06:00:00+00:00","0.119","0.0","0.0121155"
"2011-07-24 06:30:00+00:00","0.204","0.0","0.01250295"
"2011-07-24 07:00:00+00:00","0.258","0.0","0.012054"
"2011-07-24 07:30:00+00:00","0.167","0.031","0.01333935"
"2011-07-24 08:00:00+00:00","0.166","0.206","0.0155226"
"2011-07-24 08:30:00+00:00","0.381","0.381","0.0159285"
"2011-07-24 09:00:00+00:00","0.238","0.494","0.01626675"
"2011-07-24 09:30:00+00:00","0.2","0.569","0.01627905"
"2011-07-24 10:00:00+00:00","0.165","0.619","0.0178473"
"2011-07-24 10:30:00+00:00","0.086","0.663","0.01650045"
"2011-07-24 11:00:00+00:00","0.102","0.663","0.01688175"
"2011-07-24 11:30:00+00:00","0.132","0.719","0.01645125"
"2011-07-24 12:00:00+00:00","0.063","0.55","0.01578705"
"2011-07-24 12:30:00+00:00","0.15","0.519","0.0159531"
"2011-07-24 13:00:00+00:00","0.098","0.469","0.01586085"
"2011-07-24 13:30:00+00:00","0.086","0.469","0.01566405"
"2011-07-24 14:00:00+00:00","0.329","0.419","0.0157317"
"2011-07-24 14:30:00+00:00","0.084","0.275","0.0156948"
"2011-07-24 15:00:00+00:00","0.12","0.181","0.01597155"
"2011-07-24 15:30:00+00:00","0.22","0.2","0.0160023"
"2011-07-24 16:00:00+00:00","0.183","0.063","0.0174783"
"2011-07-24 16:30:00+00:00","0.736","0.006","0.0166542"
"2011-07-24 17:00:00+00:00","1.189","0.0","0.01811175"
"2011-07-24 17:30:00+00:00","1.325","0.0","0.02658645"
"2011-07-24 18:00:00+00:00","1.319","0.0","0.04094055"
"2011-07-24 18:30:00+00:00","0.584","0.0","0.04877565"
"2011-07-24 19:00:00+00:00","0.803","0.0","0.0391509"
"2011-07-24 19:30:00+00:00","1.382","0.006","0.038376"
"2011-07-24 20:00:00+00:00","1.177","0.0","0.02951385"
"2011-07-24 20:30:00+00:00","0.257","0.0","0.0254118"
"2011-07-24 21:00:00+00:00","0.142","0.0","0.02599605"
"2011-07-24 21:30:00+00:00","0.087","0.0","0.02116215"
"2011-07-24 22:00:00+00:00","0.138","0.0","0.01777965"
"2011-07-24 22:30:00+00:00","0.097","0.0","0.0197415"
"2011-07-24 23:00:00+00:00","0.117","0.0","0.01764435"
"2011-07-24 23:30:00+00:00","0.96","0.0","0.01962465"
"2011-07-25 00:00:00+00:00","0.104","0.0","0.01935405"
"2011-07-25 00:30:00+00:00","0.131","0.0","0.01613145"
"2011-07-25 01:00:00+00:00","0.061","0.0","0.0160146"
"2011-07-25 01:30:00+00:00","0.139","0.0","0.01589775"
"2011-07-25 02:00:00+00:00","0.103","0.0","0.01579935"
"2011-07-25 02:30:00+00:00","0.123","0.0","0.01539345"
"2011-07-25 03:00:00+00:00","0.14","0.0","0.01499985"
"2011-07-25 03:30:00+00:00","0.101","0.0","0.01464315"
"2011-07-25 04:00:00+00:00","0.077","0.0","0.01444635"
"2011-07-25 04:30:00+00:00","0.161","0.0","0.014514"
"2011-07-25 05:00:00+00:00","0.049","0.0","0.01443405"
"2011-07-25 05:30:00+00:00","0.142","0.0","0.01517205"
"2011-07-25 06:00:00+00:00","0.097","0.0","0.01543035"
"2011-07-25 06:30:00+00:00","0.084","0.0","0.0176628"
"2011-07-25 07:00:00+00:00","0.256","0.0","0.01987065"
"2011-07-25 07:30:00+00:00","0.3","0.0","0.0179211"
"2011-07-25 08:00:00+00:00","0.124","0.013","0.0219678"
"2011-07-25 08:30:00+00:00","0.145","0.05","0.0212544"
"2011-07-25 09:00:00+00:00","0.089","0.169","0.0206394"
"2011-07-25 09:30:00+00:00","0.112","0.444","0.02107605"
"2011-07-25 10:00:00+00:00","0.141","0.644","0.01919415"
"2011-07-25 10:30:00+00:00","0.283","0.494","0.01809945"
"2011-07-25 11:00:00+00:00","0.215","0.55","0.0171462"
"2011-07-25 11:30:00+00:00","0.21","0.588","0.016482"
"2011-07-25 12:00:00+00:00","0.204","0.769","0.0160146"
"2011-07-25 12:30:00+00:00","0.255","0.7","0.01602075"
"2011-07-25 13:00:00+00:00","0.409","0.694","0.0160146"
"2011-07-25 13:30:00+00:00","0.59","0.669","0.0160146"
"2011-07-25 14:00:00+00:00","0.466","0.625","0.01604535"
"2011-07-25 14:30:00+00:00","0.239","0.438","0.01599615"
"2011-07-25 15:00:00+00:00","0.272","0.413","0.0159531"
"2011-07-25 15:30:00+00:00","0.515","0.3","0.01600845"
"2011-07-25 16:00:00+00:00","0.309","0.05","0.0160023"
"2011-07-25 16:30:00+00:00","0.099","0.063","0.0160269"
"2011-07-25 17:00:00+00:00","0.275","0.006","0.0164328"
"2011-07-25 17:30:00+00:00","0.252","0.0","0.0183516"
"2011-07-25 18:00:00+00:00","1.29","0.0","0.0239358"
"2011-07-25 18:30:00+00:00","2.14","0.0","0.02502435"
"2011-07-25 19:00:00+00:00","1.767","0.0","0.02241675"
"2011-07-25 19:30:00+00:00","1.056","0.0","0.0196554"
"2011-07-25 20:00:00+00:00","0.855","0.0","0.0201966"
"2011-07-25 20:30:00+00:00","1.006","0.0","0.02001825"
"2011-07-25 21:00:00+00:00","1.019","0.0","0.02025195"
"2011-07-25 21:30:00+00:00","0.866","0.0","0.0185976"
"2011-07-25 22:00:00+00:00","0.855","0.0","0.0162237"
"2011-07-25 22:30:00+00:00","0.817","0.0","0.0206025"
"2011-07-25 23:00:00+00:00","0.743","0.0","0.01789035"
"2011-07-25 23:30:00+00:00","0.882","0.0","0.0168879"
"2011-07-26 00:00:00+00:00","0.114","0.0","0.0166296"
"2011-07-26 00:30:00+00:00","0.102","0.0","0.0161376"
"2011-07-26 01:00:00+00:00","0.137","0.0","0.015867"
"2011-07-26 01:30:00+00:00","0.082","0.0","0.01634055"
"2011-07-26 02:00:00+00:00","0.125","0.0","0.0157563"
"2011-07-26 02:30:00+00:00","0.111","0.0","0.015867"
"2011-07-26 03:00:00+00:00","0.086","0.0","0.01503675"
"2011-07-26 03:30:00+00:00","0.153","0.0","0.01482765"
"2011-07-26 04:00:00+00:00","0.08","0.0","0.0147354"
"2011-07-26 04:30:00+00:00","0.129","0.0","0.01475385"
"2011-07-26 05:00:00+00:00","0.114","0.0","0.01400355"
"2011-07-26 05:30:00+00:00","0.084","0.0","0.01511055"
"2011-07-26 06:00:00+00:00","0.135","0.0","0.015129"
"2011-07-26 06:30:00+00:00","0.111","0.0","0.0172323"
"2011-07-26 07:00:00+00:00","0.105","0.0","0.022878"
"2011-07-26 07:30:00+00:00","0.634","0.044","0.02171565"
"2011-07-26 08:00:00+00:00","0.247","0.213","0.029889"
"2011-07-26 08:30:00+00:00","0.335","0.35","0.0221277"
"2011-07-26 09:00:00+00:00","0.119","0.469","0.01973535"
"2011-07-26 09:30:00+00:00","0.142","0.563","0.01968"
"2011-07-26 10:00:00+00:00","0.095","0.644","0.018696"
"2011-07-26 10:30:00+00:00","0.15","0.706","0.01932945"
"2011-07-26 11:00:00+00:00","0.068","0.738","0.0187944"
"2011-07-26 11:30:00+00:00","0.196","0.775","0.01832085"
"2011-07-26 12:00:00+00:00","0.43","0.65","0.01726305"
"2011-07-26 12:30:00+00:00","0.228","0.75","0.01945245"
"2011-07-26 13:00:00+00:00","0.228","0.713","0.0228288"
"2011-07-26 13:30:00+00:00","0.104","0.481","0.02103915"
"2011-07-26 14:00:00+00:00","0.219","0.269","0.0180072"
"2011-07-26 14:30:00+00:00","0.239","0.094","0.01646355"
"2011-07-26 15:00:00+00:00","0.185","0.038","0.01673415"
"2011-07-26 15:30:00+00:00","0.374","0.044","0.0162606"
"2011-07-26 16:00:00+00:00","0.093","0.019","0.01862835"
"2011-07-26 16:30:00+00:00","0.176","0.006","0.0183147"
"2011-07-26 17:00:00+00:00","1.285","0.006","0.01904655"
"2011-07-26 17:30:00+00:00","1.201","0.0","0.0199752"
"2011-07-26 18:00:00+00:00","1.311","0.0","0.0345015"
"2011-07-26 18:30:00+00:00","1.28","0.0","0.04543005"
"2011-07-26 19:00:00+00:00","1.24","0.0","0.0409959"
"2011-07-26 19:30:00+00:00","1.261","0.0","0.02544255"
"2011-07-26 20:00:00+00:00","1.36","0.0","0.02555325"
"2011-07-26 20:30:00+00:00","1.207","0.0","0.0250182"
"2011-07-26 21:00:00+00:00","1.25","0.0","0.02741055"
"2011-07-26 21:30:00+00:00","1.265","0.0","0.03691845"
"2011-07-26 22:00:00+00:00","1.025","0.0","0.0227427"
"2011-07-26 22:30:00+00:00","0.155","0.0","0.02918175"
"2011-07-26 23:00:00+00:00","0.134","0.0","0.0224967"
"2011-07-26 23:30:00+00:00","0.117","0.0","0.0203688"
"2011-07-27 00:00:00+00:00","0.867","0.0","0.0200121"
"2011-07-27 00:30:00+00:00","0.226","0.0","0.0189543"
"2011-07-27 01:00:00+00:00","0.137","0.0","0.01614375"
"2011-07-27 01:30:00+00:00","0.123","0.0","0.01781655"
"2011-07-27 02:00:00+00:00","0.087","0.0","0.0161868"
"2011-07-27 02:30:00+00:00","0.16","0.0","0.01587315"
"2011-07-27 03:00:00+00:00","0.078","0.0","0.0153135"
"2011-07-27 03:30:00+00:00","0.107","0.0","0.015006"
"2011-07-27 04:00:00+00:00","0.124","0.0","0.01493835"
"2011-07-27 04:30:00+00:00","0.075","0.0","0.0149691"
"2011-07-27 05:00:00+00:00","0.147","0.0","0.0148953"
"2011-07-27 05:30:00+00:00","0.087","0.0","0.0154119"
"2011-07-27 06:00:00+00:00","0.101","0.0","0.015744"
"2011-07-27 06:30:00+00:00","0.129","0.0","0.0198768"
"2011-07-27 07:00:00+00:00","0.098","0.0","0.0324597"
"2011-07-27 07:30:00+00:00","0.119","0.006","0.0229518"
"2011-07-27 08:00:00+00:00","0.129","0.038","0.0307623"
"2011-07-27 08:30:00+00:00","0.372","0.325","0.02348685"
"2011-07-27 09:00:00+00:00","0.227","0.125","0.0202827"
"2011-07-27 09:30:00+00:00","0.413","0.094","0.02080545"
"2011-07-27 10:00:00+00:00","0.078","0.038","0.01998135"
"2011-07-27 10:30:00+00:00","0.144","0.025","0.02080545"
"2011-07-27 11:00:00+00:00","0.092","0.013","0.0211437"
"2011-07-27 11:30:00+00:00","0.872","0.15","0.01731225"
"2011-07-27 12:00:00+00:00","1.113","0.613","0.01646355"
"2011-07-27 12:30:00+00:00","0.751","0.419","0.0165927"
"2011-07-27 13:00:00+00:00","0.606","0.331","0.0160023"
"2011-07-27 13:30:00+00:00","0.67","0.075","0.01661115"
"2011-07-27 14:00:00+00:00","0.644","0.175","0.0182901"
"2011-07-27 14:30:00+00:00","0.63","0.069","0.01683255"
"2011-07-27 15:00:00+00:00","0.517","0.088","0.0160023"
"2011-07-27 15:30:00+00:00","0.601","0.119","0.0164082"
"2011-07-27 16:00:00+00:00","1.251","0.05","0.0195201"
"2011-07-27 16:30:00+00:00","1.094","0.013","0.0206886"
"2011-07-27 17:00:00+00:00","1.34","0.0","0.0200121"
"2011-07-27 17:30:00+00:00","1.198","0.0","0.02405265"
"2011-07-27 18:00:00+00:00","1.276","0.0","0.04823445"
"2011-07-27 18:30:00+00:00","1.29","0.0","0.0586341"
"2011-07-27 19:00:00+00:00","1.223","0.0","0.0581913"
"2011-07-27 19:30:00+00:00","1.46","0.0","0.03893565"
"2011-07-27 20:00:00+00:00","1.225","0.0","0.0263958"
"2011-07-27 20:30:00+00:00","0.737","0.0","0.02899725"
"2011-07-27 21:00:00+00:00","0.154","0.0","0.029151"
"2011-07-27 21:30:00+00:00","0.099","0.0","0.02148195"
"2011-07-27 22:00:00+00:00","0.119","0.0","0.020172"
"2011-07-27 22:30:00+00:00","0.131","0.0","0.0234561"
"2011-07-27 23:00:00+00:00","0.095","0.0","0.01983375"
"2011-07-27 23:30:00+00:00","0.526","0.0","0.0184992"
"2011-07-28 00:00:00+00:00","0.554","0.0","0.01791495"
"2011-07-28 00:30:00+00:00","0.085","0.0","0.0165312"
"2011-07-28 01:00:00+00:00","0.117","0.0","0.01638975"
"2011-07-28 01:30:00+00:00","0.112","0.0","0.0163959"
"2011-07-28 02:00:00+00:00","0.074","0.0","0.016359"
"2011-07-28 02:30:00+00:00","0.139","0.0","0.01588545"
"2011-07-28 03:00:00+00:00","0.094","0.0","0.0157686"
"2011-07-28 03:30:00+00:00","0.072","0.0","0.01565175"
"2011-07-28 04:00:00+00:00","0.161","0.0","0.0150429"
"2011-07-28 04:30:00+00:00","0.072","0.0","0.0150675"
"2011-07-28 05:00:00+00:00","0.19","0.0","0.01481535"
"2011-07-28 05:30:00+00:00","0.158","0.0","0.01571325"
"2011-07-28 06:00:00+00:00","0.326","0.0","0.01664805"
"2011-07-28 06:30:00+00:00","0.254","0.0","0.0220785"
"2011-07-28 07:00:00+00:00","0.152","0.0","0.029151"
"2011-07-28 07:30:00+00:00","0.228","0.038","0.02546715"
"2011-07-28 08:00:00+00:00","0.399","0.213","0.03103905"
"2011-07-28 08:30:00+00:00","0.371","0.356","0.02581155"
"2011-07-28 09:00:00+00:00","0.291","0.475","0.0211437"
"2011-07-28 09:30:00+00:00","0.094","0.569","0.02140815"
"2011-07-28 10:00:00+00:00","0.123","0.644","0.0207378"
"2011-07-28 10:30:00+00:00","0.127","0.7","0.0215004"
"2011-07-28 11:00:00+00:00","0.098","0.731","0.02132205"
"2011-07-28 11:30:00+00:00","0.134","0.756","0.0199383"
"2011-07-28 12:00:00+00:00","0.121","0.519","0.01969845"
"2011-07-28 12:30:00+00:00","0.128","0.425","0.01971075"
"2011-07-28 13:00:00+00:00","0.1","0.6","0.0197907"
"2011-07-28 13:30:00+00:00","0.153","0.7","0.0207009"
"2011-07-28 14:00:00+00:00","0.077","0.65","0.01905885"
"2011-07-28 14:30:00+00:00","0.155","0.544","0.0169002"
"2011-07-28 15:00:00+00:00","0.113","0.413","0.0181056"
"2011-07-28 15:30:00+00:00","0.118","0.394","0.01808715"
"2011-07-28 16:00:00+00:00","0.142","0.275","0.01928025"
"2011-07-28 16:30:00+00:00","0.117","0.138","0.0186468"
"2011-07-28 17:00:00+00:00","0.256","0.013","0.01789035"
"2011-07-28 17:30:00+00:00","0.208","0.0","0.02112525"
"2011-07-28 18:00:00+00:00","0.651","0.0","0.0293109"
"2011-07-28 18:30:00+00:00","1.31","0.0","0.034563"
"2011-07-28 19:00:00+00:00","1.218","0.0","0.03483975"
"2011-07-28 19:30:00+00:00","1.191","0.0","0.02908335"
"2011-07-28 20:00:00+00:00","1.433","0.0","0.0287697"
"2011-07-28 20:30:00+00:00","1.182","0.0","0.03436005"
"2011-07-28 21:00:00+00:00","0.463","0.0","0.0338004"
"2011-07-28 21:30:00+00:00","0.179","0.0","0.0243294"
"2011-07-28 22:00:00+00:00","0.098","0.0","0.0214266"
"2011-07-28 22:30:00+00:00","0.147","0.0","0.02817315"
"2011-07-28 23:00:00+00:00","0.109","0.0","0.02442165"
"2011-07-28 23:30:00+00:00","0.118","0.0","0.02384355"
"2011-07-29 00:00:00+00:00","0.107","0.0","0.01883745"
"2011-07-29 00:30:00+00:00","0.129","0.0","0.01704165"
"2011-07-29 01:00:00+00:00","0.125","0.0","0.01597155"
"2011-07-29 01:30:00+00:00","0.102","0.0","0.0169371"
"2011-07-29 02:00:00+00:00","0.134","0.0","0.01616835"
"2011-07-29 02:30:00+00:00","0.072","0.0","0.0158301"
"2011-07-29 03:00:00+00:00","0.151","0.0","0.01560255"
"2011-07-29 03:30:00+00:00","0.113","0.0","0.015744"
"2011-07-29 04:00:00+00:00","0.088","0.0","0.0155226"
"2011-07-29 04:30:00+00:00","0.156","0.0","0.01522125"
"2011-07-29 05:00:00+00:00","0.083","0.0","0.01518435"
"2011-07-29 05:30:00+00:00","0.117","0.0","0.0157317"
"2011-07-29 06:00:00+00:00","0.128","0.0","0.01620525"
"2011-07-29 06:30:00+00:00","0.133","0.0","0.0214881"
"2011-07-29 07:00:00+00:00","0.258","0.0","0.03014115"
"2011-07-29 07:30:00+00:00","0.165","0.05","0.0255348"
"2011-07-29 08:00:00+00:00","0.143","0.231","0.0356454"
"2011-07-29 08:30:00+00:00","0.485","0.369","0.0352149"
"2011-07-29 09:00:00+00:00","0.14","0.494","0.02658645"
"2011-07-29 09:30:00+00:00","0.527","0.581","0.02669715"
"2011-07-29 10:00:00+00:00","0.179","0.65","0.02404035"
"2011-07-29 10:30:00+00:00","0.157","0.713","0.0222876"
"2011-07-29 11:00:00+00:00","0.287","0.738","0.0204426"
"2011-07-29 11:30:00+00:00","0.266","0.769","0.02005515"
"2011-07-29 12:00:00+00:00","0.257","0.781","0.01898505"
"2011-07-29 12:30:00+00:00","0.257","0.763","0.018327"
"2011-07-29 13:00:00+00:00","0.172","0.738","0.0171093"
"2011-07-29 13:30:00+00:00","0.369","0.706","0.0164697"
"2011-07-29 14:00:00+00:00","0.242","0.65","0.0160023"
"2011-07-29 14:30:00+00:00","0.216","0.581","0.0160023"
"2011-07-29 15:00:00+00:00","0.262","0.5","0.01595925"
"2011-07-29 15:30:00+00:00","0.232","0.394","0.015867"
"2011-07-29 16:00:00+00:00","0.187","0.281","0.0160023"
"2011-07-29 16:30:00+00:00","0.222","0.15","0.0160023"
"2011-07-29 17:00:00+00:00","0.298","0.013","0.0163098"
"2011-07-29 17:30:00+00:00","0.275","0.0","0.01805025"
"2011-07-29 18:00:00+00:00","0.308","0.0","0.0305532"
"2011-07-29 18:30:00+00:00","0.217","0.0","0.03328995"
"2011-07-29 19:00:00+00:00","0.853","0.0","0.0313158"
"2011-07-29 19:30:00+00:00","1.068","0.0","0.024231"
"2011-07-29 20:00:00+00:00","0.825","0.0","0.0283884"
"2011-07-29 20:30:00+00:00","0.871","0.0","0.03025185"
"2011-07-29 21:00:00+00:00","0.657","0.0","0.0221646"
"2011-07-29 21:30:00+00:00","0.145","0.0","0.0190281"
"2011-07-29 22:00:00+00:00","0.162","0.0","0.0168018"
"2011-07-29 22:30:00+00:00","0.134","0.0","0.02091"
"2011-07-29 23:00:00+00:00","0.113","0.0","0.01963695"
"2011-07-29 23:30:00+00:00","0.586","0.0","0.01912035"
"2011-07-30 00:00:00+00:00","0.491","0.0","0.01812405"
"2011-07-30 00:30:00+00:00","0.109","0.0","0.01603305"
"2011-07-30 01:00:00+00:00","0.152","0.0","0.0157686"
"2011-07-30 01:30:00+00:00","0.043","0.0","0.0164943"
"2011-07-30 02:00:00+00:00","0.181","0.006","0.01611915"
"2011-07-30 02:30:00+00:00","0.064","0.0","0.01599"
"2011-07-30 03:00:00+00:00","0.1","0.0","0.01549185"
"2011-07-30 03:30:00+00:00","0.152","0.0","0.0149568"
"2011-07-30 04:00:00+00:00","0.042","0.0","0.0148461"
"2011-07-30 04:30:00+00:00","0.155","0.0","0.01472925"
"2011-07-30 05:00:00+00:00","0.086","0.0","0.0145386"
"2011-07-30 05:30:00+00:00","0.86","0.0","0.01509825"
"2011-07-30 06:00:00+00:00","1.366","0.0","0.01509825"
"2011-07-30 06:30:00+00:00","1.155","0.0","0.01515975"
"2011-07-30 07:00:00+00:00","0.942","0.0","0.01541805"
"2011-07-30 07:30:00+00:00","0.121","0.044","0.01572555"
"2011-07-30 08:00:00+00:00","0.215","0.238","0.01645125"
"2011-07-30 08:30:00+00:00","0.442","0.375","0.01773045"
"2011-07-30 09:00:00+00:00","0.271","0.494","0.0182409"
"2011-07-30 09:30:00+00:00","0.231","0.581","0.01994445"
"2011-07-30 10:00:00+00:00","0.184","0.65","0.01867755"
"2011-07-30 10:30:00+00:00","0.285","0.706","0.0182286"
"2011-07-30 11:00:00+00:00","0.111","0.738","0.01666035"
"2011-07-30 11:30:00+00:00","0.131","0.75","0.01658655"
"2011-07-30 12:00:00+00:00","0.121","0.756","0.0158301"
"2011-07-30 12:30:00+00:00","0.076","0.75","0.01568865"
"2011-07-30 13:00:00+00:00","0.167","0.725","0.0153996"
"2011-07-30 13:30:00+00:00","0.054","0.688","0.0153873"
"2011-07-30 14:00:00+00:00","0.139","0.631","0.0152028"
"2011-07-30 14:30:00+00:00","0.13","0.569","0.0152151"
"2011-07-30 15:00:00+00:00","0.069","0.5","0.01502445"
"2011-07-30 15:30:00+00:00","0.186","0.394","0.01552875"
"2011-07-30 16:00:00+00:00","0.06","0.269","0.01595925"
"2011-07-30 16:30:00+00:00","0.128","0.131","0.0162114"
"2011-07-30 17:00:00+00:00","0.301","0.006","0.01663575"
"2011-07-30 17:30:00+00:00","0.143","0.0","0.0176874"
"2011-07-30 18:00:00+00:00","0.2","0.0","0.0247845"
"2011-07-30 18:30:00+00:00","0.845","0.0","0.0256701"
"2011-07-30 19:00:00+00:00","0.96","0.0","0.0222138"
"2011-07-30 19:30:00+00:00","0.908","0.0","0.019557"
"2011-07-30 20:00:00+00:00","0.954","0.0","0.01967385"
"2011-07-30 20:30:00+00:00","0.838","0.0","0.01937865"
"2011-07-30 21:00:00+00:00","0.457","0.0","0.01722"
"2011-07-30 21:30:00+00:00","0.109","0.0","0.0161376"
"2011-07-30 22:00:00+00:00","0.128","0.0","0.0176013"
"2011-07-30 22:30:00+00:00","0.157","0.006","0.01963695"
"2011-07-30 23:00:00+00:00","0.095","0.0","0.02023965"
"2011-07-30 23:30:00+00:00","0.14","0.0","0.02030115"
"2011-07-31 00:00:00+00:00","0.115","0.0","0.0200244"
"2011-07-31 00:30:00+00:00","0.089","0.0","0.0178104"
"2011-07-31 01:00:00+00:00","0.124","0.0","0.0160146"
"2011-07-31 01:30:00+00:00","0.101","0.0","0.01650045"
"2011-07-31 02:00:00+00:00","0.094","0.0","0.0156087"
"2011-07-31 02:30:00+00:00","0.132","0.0","0.015498"
"2011-07-31 03:00:00+00:00","0.087","0.0","0.01486455"
"2011-07-31 03:30:00+00:00","0.101","0.0","0.01472925"
"2011-07-31 04:00:00+00:00","0.132","0.0","0.0147108"
"2011-07-31 04:30:00+00:00","0.07","0.0","0.01463085"
"2011-07-31 05:00:00+00:00","0.14","0.0","0.01444635"
"2011-07-31 05:30:00+00:00","0.101","0.0","0.0145878"
"2011-07-31 06:00:00+00:00","0.156","0.0","0.01434795"
"2011-07-31 06:30:00+00:00","0.286","0.0","0.01438485"
"2011-07-31 07:00:00+00:00","0.073","0.0","0.014391"
"2011-07-31 07:30:00+00:00","0.158","0.019","0.01465545"
"2011-07-31 08:00:00+00:00","0.132","0.219","0.01563945"
"2011-07-31 08:30:00+00:00","0.325","0.363","0.01867755"
"2011-07-31 09:00:00+00:00","0.296","0.481","0.01707855"
"2011-07-31 09:30:00+00:00","0.352","0.575","0.01770585"
"2011-07-31 10:00:00+00:00","0.63","0.594","0.0179334"
"2011-07-31 10:30:00+00:00","0.24","0.7","0.01811175"
"2011-07-31 11:00:00+00:00","0.183","0.744","0.017958"
"2011-07-31 11:30:00+00:00","0.242","0.738","0.0168879"
"2011-07-31 12:00:00+00:00","0.273","0.769","0.015867"
"2011-07-31 12:30:00+00:00","0.202","0.75","0.0160146"
"2011-07-31 13:00:00+00:00","0.481","0.713","0.01568865"
"2011-07-31 13:30:00+00:00","0.381","0.669","0.01550415"
"2011-07-31 14:00:00+00:00","0.118","0.631","0.01535655"
"2011-07-31 14:30:00+00:00","0.211","0.519","0.01507365"
"2011-07-31 15:00:00+00:00","0.23","0.481","0.015252"
"2011-07-31 15:30:00+00:00","0.236","0.388","0.0152028"
"2011-07-31 16:00:00+00:00","0.276","0.281","0.01568865"
"2011-07-31 16:30:00+00:00","0.208","0.131","0.0158301"
"2011-07-31 17:00:00+00:00","0.252","0.013","0.0164943"
"2011-07-31 17:30:00+00:00","0.317","0.0","0.0174783"
"2011-07-31 18:00:00+00:00","1.293","0.0","0.0204672"
"2011-07-31 18:30:00+00:00","1.195","0.0","0.02613135"
"2011-07-31 19:00:00+00:00","1.254","0.0","0.02340075"
"2011-07-31 19:30:00+00:00","1.395","0.0","0.0195939"
"2011-07-31 20:00:00+00:00","1.232","0.0","0.01919415"
"2011-07-31 20:30:00+00:00","1.295","0.0","0.0178965"
"2011-07-31 21:00:00+00:00","0.34","0.0","0.0162606"
"2011-07-31 21:30:00+00:00","0.127","0.0","0.0150798"
"2011-07-31 22:00:00+00:00","0.164","0.0","0.0152274"
"2011-07-31 22:30:00+00:00","0.063","0.0","0.0169002"
"2011-07-31 23:00:00+00:00","0.172","0.0","0.01597155"
"2011-07-31 23:30:00+00:00","0.079","0.0","0.0192003"
"2011-08-01 00:00:00+00:00","0.093","0.0","0.01620525"
"2011-08-01 00:30:00+00:00","0.15","0.0","0.01563945"
"2011-08-01 01:00:00+00:00","0.081","0.0","0.01571325"
"2011-08-01 01:30:00+00:00","0.121","0.0","0.0163098"
"2011-08-01 02:00:00+00:00","0.124","0.0","0.0155964"
"2011-08-01 02:30:00+00:00","0.069","0.0","0.01512285"
"2011-08-01 03:00:00+00:00","0.147","0.0","0.0148215"
"2011-08-01 03:30:00+00:00","0.109","0.0","0.0147969"
"2011-08-01 04:00:00+00:00","0.087","0.0","0.01480305"
"2011-08-01 04:30:00+00:00","0.177","0.0","0.0145386"
"2011-08-01 05:00:00+00:00","0.088","0.0","0.01466775"
"2011-08-01 05:30:00+00:00","0.232","0.0","0.01546725"
"2011-08-01 06:00:00+00:00","1.046","0.0","0.0158055"
"2011-08-01 06:30:00+00:00","0.139","0.0","0.01749675"
"2011-08-01 07:00:00+00:00","0.638","0.0","0.0221523"
"2011-08-01 07:30:00+00:00","0.349","0.044","0.02116215"
"2011-08-01 08:00:00+00:00","0.141","0.219","0.03198"
"2011-08-01 08:30:00+00:00","0.179","0.356","0.02619285"
"2011-08-01 09:00:00+00:00","0.19","0.494","0.0161376"
"2011-08-01 09:30:00+00:00","0.146","0.606","0.0188805"
"2011-08-01 10:00:00+00:00","0.281","0.425","0.01672185"
"2011-08-01 10:30:00+00:00","0.109","0.256","0.0167895"
"2011-08-01 11:00:00+00:00","0.25","0.588","0.01618065"
"2011-08-01 11:30:00+00:00","0.194","0.731","0.0159654"
"2011-08-01 12:00:00+00:00","0.125","0.731","0.0159654"
"2011-08-01 12:30:00+00:00","0.117","0.725","0.01593465"
"2011-08-01 13:00:00+00:00","0.133","0.7","0.01593465"
"2011-08-01 13:30:00+00:00","0.092","0.669","0.0159285"
"2011-08-01 14:00:00+00:00","0.153","0.619","0.0159654"
"2011-08-01 14:30:00+00:00","0.205","0.556","0.01599615"
"2011-08-01 15:00:00+00:00","0.243","0.425","0.01593465"
"2011-08-01 15:30:00+00:00","0.165","0.263","0.01591005"
"2011-08-01 16:00:00+00:00","0.772","0.25","0.0159654"
"2011-08-01 16:30:00+00:00","0.924","0.044","0.01599615"
"2011-08-01 17:00:00+00:00","1.084","0.025","0.015867"
"2011-08-01 17:30:00+00:00","0.535","0.0","0.0170478"
"2011-08-01 18:00:00+00:00","0.761","0.0","0.022509"
"2011-08-01 18:30:00+00:00","0.209","0.0","0.0240096"
"2011-08-01 19:00:00+00:00","0.205","0.0","0.0228657"
"2011-08-01 19:30:00+00:00","0.394","0.0","0.02042415"
"2011-08-01 20:00:00+00:00","0.27","0.0","0.02127285"
"2011-08-01 20:30:00+00:00","0.224","0.0","0.02005515"
"2011-08-01 21:00:00+00:00","0.154","0.0","0.01862835"
"2011-08-01 21:30:00+00:00","0.202","0.0","0.0160392"
"2011-08-01 22:00:00+00:00","0.128","0.0","0.01541805"
"2011-08-01 22:30:00+00:00","0.177","0.0","0.0180687"
"2011-08-01 23:00:00+00:00","0.119","0.0","0.01690635"
"2011-08-01 23:30:00+00:00","0.096","0.0","0.01745985"
"2011-08-02 00:00:00+00:00","0.533","0.0","0.01567635"
"2011-08-02 00:30:00+00:00","0.624","0.0","0.01566405"
"2011-08-02 01:00:00+00:00","0.074","0.0","0.0159039"
"2011-08-02 01:30:00+00:00","0.153","0.0","0.016482"
"2011-08-02 02:00:00+00:00","0.12","0.0","0.01572555"
"2011-08-02 02:30:00+00:00","0.105","0.0","0.0153381"
"2011-08-02 03:00:00+00:00","0.142","0.0","0.01458165"
"2011-08-02 03:30:00+00:00","0.118","0.0","0.01463085"
"2011-08-02 04:00:00+00:00","0.405","0.0","0.01443405"
"2011-08-02 04:30:00+00:00","0.108","0.0","0.01433565"
"2011-08-02 05:00:00+00:00","0.18","0.0","0.0144648"
"2011-08-02 05:30:00+00:00","0.074","0.0","0.0155349"
"2011-08-02 06:00:00+00:00","0.207","0.0","0.0151413"
"2011-08-02 06:30:00+00:00","0.218","0.0","0.0171585"
"2011-08-02 07:00:00+00:00","0.146","0.0","0.0192618"
"2011-08-02 07:30:00+00:00","0.235","0.05","0.01742295"
"2011-08-02 08:00:00+00:00","0.363","0.231","0.0199752"
"2011-08-02 08:30:00+00:00","0.256","0.375","0.0179826"
"2011-08-02 09:00:00+00:00","0.15","0.488","0.0161007"
"2011-08-02 09:30:00+00:00","0.115","0.575","0.0160023"
"2011-08-02 10:00:00+00:00","0.109","0.644","0.01579935"
"2011-08-02 10:30:00+00:00","0.144","0.7","0.01598385"
"2011-08-02 11:00:00+00:00","0.114","0.738","0.0159654"
"2011-08-02 11:30:00+00:00","0.113","0.756","0.0157071"
"2011-08-02 12:00:00+00:00","0.203","0.756","0.0158178"
"2011-08-02 12:30:00+00:00","0.31","0.75","0.0156825"
"2011-08-02 13:00:00+00:00","0.169","0.713","0.0157686"
"2011-08-02 13:30:00+00:00","0.185","0.675","0.01552875"
"2011-08-02 14:00:00+00:00","0.235","0.619","0.0156333"
"2011-08-02 14:30:00+00:00","0.657","0.563","0.0153627"
"2011-08-02 15:00:00+00:00","0.222","0.475","0.01529505"
"2011-08-02 15:30:00+00:00","0.257","0.381","0.0152397"
"2011-08-02 16:00:00+00:00","0.183","0.269","0.01570095"
"2011-08-02 16:30:00+00:00","0.207","0.156","0.0160023"
"2011-08-02 17:00:00+00:00","0.186","0.038","0.0160023"
"2011-08-02 17:30:00+00:00","0.257","0.0","0.016974"
"2011-08-02 18:00:00+00:00","0.422","0.0","0.02871435"
"2011-08-02 18:30:00+00:00","0.236","0.0","0.024969"
"2011-08-02 19:00:00+00:00","0.337","0.0","0.03603285"
"2011-08-02 19:30:00+00:00","0.296","0.0","0.0268386"
"2011-08-02 20:00:00+00:00","0.227","0.0","0.03260115"
"2011-08-02 20:30:00+00:00","0.193","0.0","0.01710315"
"2011-08-02 21:00:00+00:00","0.236","0.0","0.01597155"
"2011-08-02 21:30:00+00:00","0.157","0.0","0.01575015"
"2011-08-02 22:00:00+00:00","0.209","0.0","0.0156948"
"2011-08-02 22:30:00+00:00","0.152","0.0","0.0169371"
"2011-08-02 23:00:00+00:00","0.079","0.0","0.0164082"
"2011-08-02 23:30:00+00:00","0.237","0.0","0.01705395"
"2011-08-03 00:00:00+00:00","0.107","0.0","0.0159285"
"2011-08-03 00:30:00+00:00","0.118","0.0","0.01575015"
"2011-08-03 01:00:00+00:00","0.143","0.0","0.01576245"
"2011-08-03 01:30:00+00:00","0.081","0.0","0.0183516"
"2011-08-03 02:00:00+00:00","0.127","0.0","0.0154365"
"2011-08-03 02:30:00+00:00","0.128","0.0","0.0145017"
"2011-08-03 03:00:00+00:00","0.096","0.0","0.0140097"
"2011-08-03 03:30:00+00:00","0.13","0.0","0.01423725"
"2011-08-03 04:00:00+00:00","0.161","0.0","0.0141573"
"2011-08-03 04:30:00+00:00","0.228","0.0","0.01443405"
"2011-08-03 05:00:00+00:00","0.161","0.0","0.0145017"
"2011-08-03 05:30:00+00:00","0.1","0.0","0.01562715"
"2011-08-03 06:00:00+00:00","0.151","0.0","0.01599615"
"2011-08-03 06:30:00+00:00","0.159","0.0","0.01905885"
"2011-08-03 07:00:00+00:00","0.119","0.0","0.01958775"
"2011-08-03 07:30:00+00:00","0.406","0.05","0.01975995"
"2011-08-03 08:00:00+00:00","0.297","0.019","0.0223983"
"2011-08-03 08:30:00+00:00","0.372","0.013","0.02111295"
"2011-08-03 09:00:00+00:00","0.241","0.119","0.01990755"
"2011-08-03 09:30:00+00:00","0.18","0.138","0.01982145"
"2011-08-03 10:00:00+00:00","0.098","0.169","0.0172077"
"2011-08-03 10:30:00+00:00","0.212","0.138","0.0162237"
"2011-08-03 11:00:00+00:00","0.211","0.35","0.01691865"
"2011-08-03 11:30:00+00:00","0.234","0.131","0.0160023"
"2011-08-03 12:00:00+00:00","1.258","0.138","0.0160023"
"2011-08-03 12:30:00+00:00","1.369","0.2","0.01599615"
"2011-08-03 13:00:00+00:00","0.937","0.731","0.01583625"
"2011-08-03 13:30:00+00:00","0.247","0.681","0.01599615"
"2011-08-03 14:00:00+00:00","0.128","0.588","0.0159654"
"2011-08-03 14:30:00+00:00","0.189","0.55","0.0159777"
"2011-08-03 15:00:00+00:00","0.198","0.481","0.0159654"
"2011-08-03 15:30:00+00:00","0.235","0.381","0.0158547"
"2011-08-03 16:00:00+00:00","0.812","0.263","0.0159408"
"2011-08-03 16:30:00+00:00","0.863","0.138","0.0159408"
"2011-08-03 17:00:00+00:00","0.93","0.025","0.01599615"
"2011-08-03 17:30:00+00:00","0.93","0.0","0.01597155"
"2011-08-03 18:00:00+00:00","0.993","0.0","0.01942785"
"2011-08-03 18:30:00+00:00","1.42","0.0","0.0204057"
"2011-08-03 19:00:00+00:00","1.264","0.0","0.0192618"
"2011-08-03 19:30:00+00:00","0.912","0.0","0.01654965"
"2011-08-03 20:00:00+00:00","0.638","0.0","0.01609455"
"2011-08-03 20:30:00+00:00","0.357","0.0","0.01586085"
"2011-08-03 21:00:00+00:00","0.129","0.006","0.01584855"
"2011-08-03 21:30:00+00:00","0.241","0.0","0.01587315"
"2011-08-03 22:00:00+00:00","0.169","0.0","0.01538115"
"2011-08-03 22:30:00+00:00","0.108","0.0","0.0167157"
"2011-08-03 23:00:00+00:00","0.763","0.0","0.01620525"
"2011-08-03 23:30:00+00:00","0.359","0.0","0.0180195"
"2011-08-04 00:00:00+00:00","0.156","0.0","0.0163221"
"2011-08-04 00:30:00+00:00","0.142","0.0","0.01554105"
"2011-08-04 01:00:00+00:00","0.106","0.0","0.0157932"
"2011-08-04 01:30:00+00:00","0.136","0.0","0.0169371"
"2011-08-04 02:00:00+00:00","0.116","0.0","0.0149199"
"2011-08-04 02:30:00+00:00","0.112","0.0","0.01432335"
"2011-08-04 03:00:00+00:00","0.132","0.0","0.01303185"
"2011-08-04 03:30:00+00:00","0.139","0.0","0.0106887"
"2011-08-04 04:00:00+00:00","0.092","0.0","0.01201095"
"2011-08-04 04:30:00+00:00","0.161","0.0","0.01256445"
"2011-08-04 05:00:00+00:00","0.1","0.0","0.0128658"
"2011-08-04 05:30:00+00:00","0.1","0.0","0.01482765"
"2011-08-04 06:00:00+00:00","0.166","0.0","0.0154734"
"2011-08-04 06:30:00+00:00","0.091","0.0","0.01741065"
"2011-08-04 07:00:00+00:00","0.162","0.0","0.01935405"
"2011-08-04 07:30:00+00:00","0.338","0.044","0.01818555"
"2011-08-04 08:00:00+00:00","0.428","0.225","0.0216234"
"2011-08-04 08:30:00+00:00","0.224","0.363","0.02087925"
"2011-08-04 09:00:00+00:00","0.139","0.469","0.0187575"
"2011-08-04 09:30:00+00:00","0.151","0.563","0.019065"
"2011-08-04 10:00:00+00:00","0.191","0.625","0.0188559"
"2011-08-04 10:30:00+00:00","0.149","0.688","0.0187329"
"2011-08-04 11:00:00+00:00","0.121","0.713","0.0189051"
"2011-08-04 11:30:00+00:00","0.179","0.744","0.01643895"
"2011-08-04 12:00:00+00:00","0.233","0.738","0.01625445"
"2011-08-04 12:30:00+00:00","0.148","0.731","0.017097"
"2011-08-04 13:00:00+00:00","0.221","0.706","0.0163959"
"2011-08-04 13:30:00+00:00","0.063","0.669","0.0166173"
"2011-08-04 14:00:00+00:00","0.189","0.625","0.0162729"
"2011-08-04 14:30:00+00:00","0.117","0.556","0.01696785"
"2011-08-04 15:00:00+00:00","0.13","0.481","0.0160146"
"2011-08-04 15:30:00+00:00","0.246","0.388","0.01686945"
"2011-08-04 16:00:00+00:00","0.162","0.275","0.01638975"
"2011-08-04 16:30:00+00:00","0.17","0.15","0.0167403"
"2011-08-04 17:00:00+00:00","0.291","0.025","0.0165189"
"2011-08-04 17:30:00+00:00","0.357","0.0","0.0171216"
"2011-08-04 18:00:00+00:00","0.195","0.0","0.0268632"
"2011-08-04 18:30:00+00:00","0.288","0.0","0.0245016"
"2011-08-04 19:00:00+00:00","0.249","0.0","0.02161725"
"2011-08-04 19:30:00+00:00","0.548","0.0","0.0191757"
"2011-08-04 20:00:00+00:00","0.902","0.0","0.01873905"
"2011-08-04 20:30:00+00:00","0.187","0.0","0.01846845"
"2011-08-04 21:00:00+00:00","0.108","0.0","0.0164082"
"2011-08-04 21:30:00+00:00","0.203","0.0","0.015744"
"2011-08-04 22:00:00+00:00","0.107","0.0","0.0158055"
"2011-08-04 22:30:00+00:00","0.129","0.0","0.0167034"
"2011-08-04 23:00:00+00:00","0.156","0.0","0.0160023"
"2011-08-04 23:30:00+00:00","0.063","0.0","0.01685715"
"2011-08-05 00:00:00+00:00","0.147","0.0","0.0158301"
"2011-08-05 00:30:00+00:00","0.109","0.0","0.0157932"
"2011-08-05 01:00:00+00:00","0.117","0.0","0.0160023"
"2011-08-05 01:30:00+00:00","0.118","0.0","0.01626675"
"2011-08-05 02:00:00+00:00","0.12","0.0","0.01575015"
"2011-08-05 02:30:00+00:00","0.105","0.0","0.0145878"
"2011-08-05 03:00:00+00:00","0.098","0.0","0.0138867"
"2011-08-05 03:30:00+00:00","0.152","0.0","0.01198635"
"2011-08-05 04:00:00+00:00","0.065","0.0","0.01038735"
"2011-08-05 04:30:00+00:00","0.169","0.0","0.01210935"
"2011-08-05 05:00:00+00:00","0.084","0.0","0.01233075"
"2011-08-05 05:30:00+00:00","0.089","0.0","0.01492605"
"2011-08-05 06:00:00+00:00","0.183","0.0","0.01534425"
"2011-08-05 06:30:00+00:00","0.084","0.0","0.01932945"
"2011-08-05 07:00:00+00:00","0.409","0.0","0.02028885"
"2011-08-05 07:30:00+00:00","0.103","0.044","0.0201228"
"2011-08-05 08:00:00+00:00","0.296","0.231","0.02447085"
"2011-08-05 08:30:00+00:00","0.251","0.369","0.0226074"
"2011-08-05 09:00:00+00:00","0.178","0.481","0.01971075"
"2011-08-05 09:30:00+00:00","0.134","0.563","0.02207235"
"2011-08-05 10:00:00+00:00","0.112","0.65","0.0210699"
"2011-08-05 10:30:00+00:00","0.151","0.706","0.0204918"
"2011-08-05 11:00:00+00:00","0.17","0.744","0.0197661"
"2011-08-05 11:30:00+00:00","0.16","0.769","0.0183639"
"2011-08-05 12:00:00+00:00","0.121","0.769","0.01797645"
"2011-08-05 12:30:00+00:00","0.144","0.756","0.01785345"
"2011-08-05 13:00:00+00:00","0.593","0.719","0.01784115"
"2011-08-05 13:30:00+00:00","0.249","0.694","0.01809945"
"2011-08-05 14:00:00+00:00","0.284","0.644","0.018204"
"2011-08-05 14:30:00+00:00","0.23","0.588","0.01812405"
"2011-08-05 15:00:00+00:00","0.175","0.5","0.0181671"
"2011-08-05 15:30:00+00:00","0.422","0.4","0.01821015"
"2011-08-05 16:00:00+00:00","0.249","0.281","0.01870215"
"2011-08-05 16:30:00+00:00","0.364","0.15","0.01931715"
"2011-08-05 17:00:00+00:00","0.13","0.031","0.0196062"
"2011-08-05 17:30:00+00:00","0.281","0.0","0.0197538"
"2011-08-05 18:00:00+00:00","0.231","0.0","0.0220416"
"2011-08-05 18:30:00+00:00","0.189","0.0","0.0240465"
"2011-08-05 19:00:00+00:00","0.469","0.0","0.02081775"
"2011-08-05 19:30:00+00:00","0.886","0.0","0.0183024"
"2011-08-05 20:00:00+00:00","1.224","0.0","0.0183762"
"2011-08-05 20:30:00+00:00","1.008","0.0","0.0184992"
"2011-08-05 21:00:00+00:00","0.282","0.0","0.018327"
"2011-08-05 21:30:00+00:00","0.297","0.0","0.017958"
"2011-08-05 22:00:00+00:00","0.174","0.0","0.01678335"
"2011-08-05 22:30:00+00:00","0.152","0.0","0.02140815"
"2011-08-05 23:00:00+00:00","0.97","0.0","0.02010435"
"2011-08-05 23:30:00+00:00","0.151","0.0","0.0225582"
"2011-08-06 00:00:00+00:00","0.11","0.0","0.0199137"
"2011-08-06 00:30:00+00:00","0.134","0.0","0.0172446"
"2011-08-06 01:00:00+00:00","0.119","0.0","0.01640205"
"2011-08-06 01:30:00+00:00","0.117","0.0","0.01771815"
"2011-08-06 02:00:00+00:00","0.126","0.0","0.0165927"
"2011-08-06 02:30:00+00:00","0.137","0.0","0.01587315"
"2011-08-06 03:00:00+00:00","0.099","0.0","0.01552875"
"2011-08-06 03:30:00+00:00","0.132","0.0","0.01482765"
"2011-08-06 04:00:00+00:00","0.151","0.0","0.01472925"
"2011-08-06 04:30:00+00:00","0.069","0.0","0.01492605"
"2011-08-06 05:00:00+00:00","0.237","0.0","0.01482765"
"2011-08-06 05:30:00+00:00","0.371","0.0","0.01511055"
"2011-08-06 06:00:00+00:00","0.254","0.0","0.01555335"
"2011-08-06 06:30:00+00:00","0.14","0.0","0.0156825"
"2011-08-06 07:00:00+00:00","0.072","0.006","0.01595925"
"2011-08-06 07:30:00+00:00","0.158","0.038","0.01646355"
"2011-08-06 08:00:00+00:00","0.097","0.231","0.01861605"
"2011-08-06 08:30:00+00:00","0.087","0.369","0.0203196"
"2011-08-06 09:00:00+00:00","0.15","0.481","0.0208731"
"2011-08-06 09:30:00+00:00","0.103","0.569","0.0279456"
"2011-08-06 10:00:00+00:00","0.104","0.644","0.02274885"
"2011-08-06 10:30:00+00:00","0.158","0.7","0.02165415"
"2011-08-06 11:00:00+00:00","0.069","0.75","0.02023965"
"2011-08-06 11:30:00+00:00","0.162","0.769","0.01875135"
"2011-08-06 12:00:00+00:00","0.112","0.75","0.0180564"
"2011-08-06 12:30:00+00:00","0.125","0.55","0.01763205"
"2011-08-06 13:00:00+00:00","0.123","0.475","0.0179826"
"2011-08-06 13:30:00+00:00","0.125","0.525","0.017589"
"2011-08-06 14:00:00+00:00","0.112","0.644","0.0165681"
"2011-08-06 14:30:00+00:00","0.135","0.381","0.01653735"
"2011-08-06 15:00:00+00:00","0.146","0.2","0.016359"
"2011-08-06 15:30:00+00:00","0.09","0.131","0.01604535"
"2011-08-06 16:00:00+00:00","0.148","0.138","0.01664805"
"2011-08-06 16:30:00+00:00","0.136","0.169","0.0164082"
"2011-08-06 17:00:00+00:00","0.091","0.031","0.0164328"
"2011-08-06 17:30:00+00:00","0.179","0.0","0.01599615"
"2011-08-06 18:00:00+00:00","0.106","0.0","0.0187206"
"2011-08-06 18:30:00+00:00","0.093","0.0","0.0192495"
"2011-08-06 19:00:00+00:00","0.185","0.0","0.0182286"
"2011-08-06 19:30:00+00:00","0.072","0.0","0.01610685"
"2011-08-06 20:00:00+00:00","0.146","0.0","0.0172938"
"2011-08-06 20:30:00+00:00","0.136","0.0","0.01672185"
"2011-08-06 21:00:00+00:00","0.088","0.0","0.0163221"
"2011-08-06 21:30:00+00:00","0.141","0.0","0.0161622"
"2011-08-06 22:00:00+00:00","0.134","0.0","0.0165927"
"2011-08-06 22:30:00+00:00","0.085","0.0","0.0198276"
"2011-08-06 23:00:00+00:00","0.154","0.0","0.0200982"
"2011-08-06 23:30:00+00:00","0.085","0.006","0.02177715"
"2011-08-07 00:00:00+00:00","0.144","0.0","0.01946475"
"2011-08-07 00:30:00+00:00","0.099","0.0","0.01769355"
"2011-08-07 01:00:00+00:00","0.142","0.0","0.0166542"
"2011-08-07 01:30:00+00:00","0.075","0.0","0.01729995"
"2011-08-07 02:00:00+00:00","0.152","0.0","0.0157932"
"2011-08-07 02:30:00+00:00","0.118","0.0","0.01523355"
"2011-08-07 03:00:00+00:00","0.107","0.0","0.0148338"
"2011-08-07 03:30:00+00:00","0.128","0.0","0.0145632"
"2011-08-07 04:00:00+00:00","0.12","0.0","0.0143172"
"2011-08-07 04:30:00+00:00","0.078","0.0","0.01415115"
"2011-08-07 05:00:00+00:00","0.187","0.0","0.0140589"
"2011-08-07 05:30:00+00:00","0.059","0.0","0.0139113"
"2011-08-07 06:00:00+00:00","0.136","0.0","0.01442175"
"2011-08-07 06:30:00+00:00","0.135","0.0","0.01443405"
"2011-08-07 07:00:00+00:00","0.071","0.0","0.0147354"
"2011-08-07 07:30:00+00:00","0.168","0.0","0.0150798"
"2011-08-07 08:00:00+00:00","0.105","0.0","0.0158178"
"2011-08-07 08:30:00+00:00","0.087","0.0","0.01593465"
"2011-08-07 09:00:00+00:00","0.168","0.0","0.01647585"
"2011-08-07 09:30:00+00:00","0.083","0.056","0.0169125"
"2011-08-07 10:00:00+00:00","0.121","0.219","0.018204"
"2011-08-07 10:30:00+00:00","0.136","0.2","0.0185115"
"2011-08-07 11:00:00+00:00","0.066","0.256","0.0170601"
"2011-08-07 11:30:00+00:00","0.152","0.363","0.0162729"
"2011-08-07 12:00:00+00:00","0.107","0.213","0.01641435"
"2011-08-07 12:30:00+00:00","0.123","0.25","0.01638975"
"2011-08-07 13:00:00+00:00","0.11","0.525","0.01669725"
"2011-08-07 13:30:00+00:00","0.133","0.65","0.0162114"
"2011-08-07 14:00:00+00:00","0.096","0.513","0.0160392"
"2011-08-07 14:30:00+00:00","0.143","0.563","0.01593465"
"2011-08-07 15:00:00+00:00","0.118","0.431","0.0162975"
"2011-08-07 15:30:00+00:00","0.104","0.281","0.01648815"
"2011-08-07 16:00:00+00:00","0.117","0.013","0.0170847"
"2011-08-07 16:30:00+00:00","0.287","0.075","0.016728"
"2011-08-07 17:00:00+00:00","0.176","0.0","0.01643895"
"2011-08-07 17:30:00+00:00","0.233","0.0","0.01711545"
"2011-08-07 18:00:00+00:00","0.466","0.0","0.02311785"
"2011-08-07 18:30:00+00:00","0.324","0.0","0.02252745"
"2011-08-07 19:00:00+00:00","0.977","0.0","0.0224844"
"2011-08-07 19:30:00+00:00","0.937","0.0","0.01919415"
"2011-08-07 20:00:00+00:00","0.851","0.0","0.01940325"
"2011-08-07 20:30:00+00:00","0.25","0.0","0.01875135"
"2011-08-07 21:00:00+00:00","0.13","0.0","0.0177612"
"2011-08-07 21:30:00+00:00","0.158","0.0","0.01758285"
"2011-08-07 22:00:00+00:00","0.06","0.0","0.0160392"
"2011-08-07 22:30:00+00:00","0.16","0.0","0.02084235"
"2011-08-07 23:00:00+00:00","0.105","0.0","0.0187329"
"2011-08-07 23:30:00+00:00","0.088","0.0","0.02129745"
"2011-08-08 00:00:00+00:00","0.176","0.0","0.0192987"
"2011-08-08 00:30:00+00:00","0.063","0.0","0.01734915"
"2011-08-08 01:00:00+00:00","0.109","0.0","0.016236"
"2011-08-08 01:30:00+00:00","0.141","0.0","0.01611915"
"2011-08-08 02:00:00+00:00","0.085","0.0","0.0154857"
"2011-08-08 02:30:00+00:00","0.121","0.0","0.0149076"
"2011-08-08 03:00:00+00:00","0.129","0.0","0.01469235"
"2011-08-08 03:30:00+00:00","0.066","0.0","0.013407"
"2011-08-08 04:00:00+00:00","0.163","0.0","0.01415115"
"2011-08-08 04:30:00+00:00","0.087","0.0","0.01443405"
"2011-08-08 05:00:00+00:00","0.106","0.0","0.01436025"
"2011-08-08 05:30:00+00:00","0.149","0.0","0.0154734"
"2011-08-08 06:00:00+00:00","0.074","0.0","0.0161499"
"2011-08-08 06:30:00+00:00","0.144","0.0","0.01878825"
"2011-08-08 07:00:00+00:00","0.249","0.0","0.0192126"
"2011-08-08 07:30:00+00:00","0.154","0.044","0.01795185"
"2011-08-08 08:00:00+00:00","0.299","0.256","0.0214143"
"2011-08-08 08:30:00+00:00","0.372","0.394","0.0218571"
"2011-08-08 09:00:00+00:00","0.206","0.513","0.0204549"
"2011-08-08 09:30:00+00:00","0.422","0.613","0.0204918"
"2011-08-08 10:00:00+00:00","0.168","0.681","0.02025195"
"2011-08-08 10:30:00+00:00","0.112","0.738","0.01995675"
"2011-08-08 11:00:00+00:00","0.217","0.781","0.01984605"
"2011-08-08 11:30:00+00:00","0.106","0.8","0.0201843"
"2011-08-08 12:00:00+00:00","0.08","0.831","0.02048565"
"2011-08-08 12:30:00+00:00","0.247","0.731","0.02007975"
"2011-08-08 13:00:00+00:00","0.255","0.644","0.01947705"
"2011-08-08 13:30:00+00:00","0.195","0.525","0.01902195"
"2011-08-08 14:00:00+00:00","0.192","0.575","0.01977225"
"2011-08-08 14:30:00+00:00","0.148","0.388","0.01948935"
"2011-08-08 15:00:00+00:00","0.179","0.313","0.01937865"
"2011-08-08 15:30:00+00:00","0.301","0.281","0.01861605"
"2011-08-08 16:00:00+00:00","0.108","0.325","0.0188682"
"2011-08-08 16:30:00+00:00","0.161","0.025","0.0186099"
"2011-08-08 17:00:00+00:00","0.34","0.025","0.0183762"
"2011-08-08 17:30:00+00:00","0.126","0.0","0.02048565"
"2011-08-08 18:00:00+00:00","0.961","0.0","0.02450775"
"2011-08-08 18:30:00+00:00","1.348","0.0","0.02482755"
"2011-08-08 19:00:00+00:00","1.231","0.0","0.02672175"
"2011-08-08 19:30:00+00:00","1.428","0.0","0.0227796"
"2011-08-08 20:00:00+00:00","1.245","0.0","0.02528265"
"2011-08-08 20:30:00+00:00","0.838","0.0","0.02651265"
"2011-08-08 21:00:00+00:00","0.181","0.0","0.0246246"
"2011-08-08 21:30:00+00:00","0.106","0.0","0.02091"
"2011-08-08 22:00:00+00:00","0.121","0.0","0.01989525"
"2011-08-08 22:30:00+00:00","0.694","0.0","0.02309325"
"2011-08-08 23:00:00+00:00","0.41","0.0","0.0200859"
"2011-08-08 23:30:00+00:00","0.132","0.0","0.02046105"
"2011-08-09 00:00:00+00:00","0.125","0.0","0.0204057"
"2011-08-09 00:30:00+00:00","0.085","0.0","0.0199875"
"2011-08-09 01:00:00+00:00","0.132","0.0","0.01790265"
"2011-08-09 01:30:00+00:00","0.087","0.0","0.02054715"
"2011-08-09 02:00:00+00:00","0.114","0.0","0.0174537"
"2011-08-09 02:30:00+00:00","0.107","0.0","0.01674645"
"2011-08-09 03:00:00+00:00","0.131","0.0","0.01598385"
"2011-08-09 03:30:00+00:00","0.073","0.0","0.0157686"
"2011-08-09 04:00:00+00:00","0.149","0.0","0.0157932"
"2011-08-09 04:30:00+00:00","0.101","0.0","0.01622985"
"2011-08-09 05:00:00+00:00","0.067","0.006","0.0164697"
"2011-08-09 05:30:00+00:00","0.307","0.0","0.01806255"
"2011-08-09 06:00:00+00:00","0.114","0.0","0.0198645"
"2011-08-09 06:30:00+00:00","0.21","0.0","0.0221031"
"2011-08-09 07:00:00+00:00","0.102","0.0","0.0273429"
"2011-08-09 07:30:00+00:00","0.112","0.0","0.02559015"
"2011-08-09 08:00:00+00:00","0.263","0.056","0.02667255"
"2011-08-09 08:30:00+00:00","0.447","0.363","0.0271215"
"2011-08-09 09:00:00+00:00","0.395","0.194","0.0262482"
"2011-08-09 09:30:00+00:00","0.163","0.6","0.02645115"
"2011-08-09 10:00:00+00:00","0.118","0.675","0.0263958"
"2011-08-09 10:30:00+00:00","0.085","0.613","0.02722605"
"2011-08-09 11:00:00+00:00","0.142","0.7","0.02634045"
"2011-08-09 11:30:00+00:00","0.092","0.613","0.02514735"
"2011-08-09 12:00:00+00:00","0.127","0.394","0.0227427"
"2011-08-09 12:30:00+00:00","0.161","0.869","0.0219555"
"2011-08-09 13:00:00+00:00","0.135","0.531","0.02175255"
"2011-08-09 13:30:00+00:00","0.078","0.288","0.0213774"
"2011-08-09 14:00:00+00:00","0.383","0.263","0.0208854"
"2011-08-09 14:30:00+00:00","0.083","0.438","0.0199752"
"2011-08-09 15:00:00+00:00","0.162","0.331","0.019434"
"2011-08-09 15:30:00+00:00","0.144","0.175","0.0190773"
"2011-08-09 16:00:00+00:00","0.182","0.213","0.0197046"
"2011-08-09 16:30:00+00:00","0.166","0.025","0.0194709"
"2011-08-09 17:00:00+00:00","0.204","0.006","0.01929255"
"2011-08-09 17:30:00+00:00","0.576","0.0","0.0225951"
"2011-08-09 18:00:00+00:00","1.216","0.0","0.0270477"
"2011-08-09 18:30:00+00:00","1.429","0.0","0.03155565"
"2011-08-09 19:00:00+00:00","1.248","0.0","0.0291756"
"2011-08-09 19:30:00+00:00","1.262","0.0","0.0238497"
"2011-08-09 20:00:00+00:00","1.344","0.0","0.0256086"
"2011-08-09 20:30:00+00:00","0.263","0.0","0.02436015"
"2011-08-09 21:00:00+00:00","0.113","0.0","0.023985"
"2011-08-09 21:30:00+00:00","0.149","0.0","0.02046105"
"2011-08-09 22:00:00+00:00","0.061","0.0","0.0185853"
"2011-08-09 22:30:00+00:00","0.154","0.0","0.02192475"
"2011-08-09 23:00:00+00:00","0.08","0.0","0.0195693"
"2011-08-09 23:30:00+00:00","0.131","0.0","0.0203319"
"2011-08-10 00:00:00+00:00","0.093","0.0","0.0208608"
"2011-08-10 00:30:00+00:00","0.127","0.0","0.01854225"
"2011-08-10 01:00:00+00:00","0.076","0.0","0.01850535"
"2011-08-10 01:30:00+00:00","0.121","0.0","0.0200121"
"2011-08-10 02:00:00+00:00","0.133","0.0","0.0168879"
"2011-08-10 02:30:00+00:00","0.056","0.0","0.01609455"
"2011-08-10 03:00:00+00:00","0.18","0.0","0.01504905"
"2011-08-10 03:30:00+00:00","0.055","0.0","0.0149814"
"2011-08-10 04:00:00+00:00","0.113","0.0","0.01486455"
"2011-08-10 04:30:00+00:00","0.134","0.0","0.0149322"
"2011-08-10 05:00:00+00:00","0.094","0.0","0.01483995"
"2011-08-10 05:30:00+00:00","0.111","0.0","0.01602075"
"2011-08-10 06:00:00+00:00","0.366","0.0","0.01648815"
"2011-08-10 06:30:00+00:00","1.24","0.0","0.0215373"
"2011-08-10 07:00:00+00:00","1.132","0.0","0.0200613"
"2011-08-10 07:30:00+00:00","0.124","0.044","0.0200736"
"2011-08-10 08:00:00+00:00","0.37","0.256","0.0264573"
"2011-08-10 08:30:00+00:00","0.38","0.406","0.0258792"
"2011-08-10 09:00:00+00:00","0.254","0.519","0.0204672"
"2011-08-10 09:30:00+00:00","0.211","0.625","0.0211437"
"2011-08-10 10:00:00+00:00","0.413","0.706","0.0235914"
"2011-08-10 10:30:00+00:00","0.263","0.756","0.0229026"
"2011-08-10 11:00:00+00:00","0.076","0.794","0.0233085"
"2011-08-10 11:30:00+00:00","0.21","0.813","0.02078085"
"2011-08-10 12:00:00+00:00","0.056","0.813","0.0204057"
"2011-08-10 12:30:00+00:00","0.16","0.8","0.02016585"
"2011-08-10 13:00:00+00:00","0.136","0.719","0.0203811"
"2011-08-10 13:30:00+00:00","0.272","0.694","0.0203196"
"2011-08-10 14:00:00+00:00","0.264","0.425","0.0204057"
"2011-08-10 14:30:00+00:00","0.254","0.406","0.02014125"
"2011-08-10 15:00:00+00:00","0.176","0.113","0.0200367"
"2011-08-10 15:30:00+00:00","0.156","0.188","0.0200982"
"2011-08-10 16:00:00+00:00","0.411","0.131","0.021033"
"2011-08-10 16:30:00+00:00","0.407","0.15","0.02094075"
"2011-08-10 17:00:00+00:00","0.379","0.031","0.02149425"
"2011-08-10 17:30:00+00:00","0.193","0.0","0.0234069"
"2011-08-10 18:00:00+00:00","0.562","0.0","0.0288312"
"2011-08-10 18:30:00+00:00","1.071","0.0","0.0305655"
"2011-08-10 19:00:00+00:00","0.728","0.0","0.0292986"
"2011-08-10 19:30:00+00:00","1.341","0.0","0.0233946"
"2011-08-10 20:00:00+00:00","1.342","0.0","0.0219924"
"2011-08-10 20:30:00+00:00","1.102","0.0","0.0232962"
"2011-08-10 21:00:00+00:00","0.229","0.0","0.0217341"
"2011-08-10 21:30:00+00:00","0.153","0.0","0.01929255"
"2011-08-10 22:00:00+00:00","0.149","0.0","0.0179826"
"2011-08-10 22:30:00+00:00","0.102","0.0","0.0215619"
"2011-08-10 23:00:00+00:00","0.277","0.0","0.01946475"
"2011-08-10 23:30:00+00:00","0.854","0.0","0.0202458"
"2011-08-11 00:00:00+00:00","0.074","0.0","0.0193356"
"2011-08-11 00:30:00+00:00","0.158","0.006","0.01720155"
"2011-08-11 01:00:00+00:00","0.064","0.0","0.0180072"
"2011-08-11 01:30:00+00:00","0.107","0.0","0.02003055"
"2011-08-11 02:00:00+00:00","0.148","0.0","0.0172077"
"2011-08-11 02:30:00+00:00","0.064","0.0","0.0159654"
"2011-08-11 03:00:00+00:00","0.145","0.0","0.01559025"
"2011-08-11 03:30:00+00:00","0.095","0.0","0.0156579"
"2011-08-11 04:00:00+00:00","0.086","0.0","0.0152766"
"2011-08-11 04:30:00+00:00","0.126","0.0","0.0154611"
"2011-08-11 05:00:00+00:00","0.098","0.0","0.01566405"
"2011-08-11 05:30:00+00:00","0.097","0.0","0.01647585"
"2011-08-11 06:00:00+00:00","0.13","0.0","0.016605"
"2011-08-11 06:30:00+00:00","0.256","0.0","0.0228657"
"2011-08-11 07:00:00+00:00","0.136","0.0","0.02359755"
"2011-08-11 07:30:00+00:00","0.149","0.031","0.0230748"
"2011-08-11 08:00:00+00:00","0.121","0.056","0.0304671"
"2011-08-11 08:30:00+00:00","0.214","0.125","0.02554095"
"2011-08-11 09:00:00+00:00","0.14","0.225","0.02278575"
"2011-08-11 09:30:00+00:00","0.152","0.388","0.02127285"
"2011-08-11 10:00:00+00:00","0.429","0.656","0.02053485"
"2011-08-11 10:30:00+00:00","0.348","0.606","0.0208977"
"2011-08-11 11:00:00+00:00","0.173","0.769","0.01995675"
"2011-08-11 11:30:00+00:00","0.211","0.65","0.0207378"
"2011-08-11 12:00:00+00:00","0.178","0.631","0.02026425"
"2011-08-11 12:30:00+00:00","0.075","0.669","0.0199383"
"2011-08-11 13:00:00+00:00","0.187","0.4","0.0189666"
"2011-08-11 13:30:00+00:00","0.067","0.594","0.01849305"
"2011-08-11 14:00:00+00:00","0.16","0.625","0.01812405"
"2011-08-11 14:30:00+00:00","0.365","0.406","0.0184869"
"2011-08-11 15:00:00+00:00","0.133","0.156","0.01743525"
"2011-08-11 15:30:00+00:00","0.156","0.069","0.01714005"
"2011-08-11 16:00:00+00:00","0.144","0.244","0.0187329"
"2011-08-11 16:30:00+00:00","0.107","0.213","0.01956315"
"2011-08-11 17:00:00+00:00","0.299","0.019","0.02060865"
"2011-08-11 17:30:00+00:00","0.256","0.0","0.0204795"
"2011-08-11 18:00:00+00:00","1.367","0.0","0.03300705"
"2011-08-11 18:30:00+00:00","1.303","0.0","0.0610941"
"2011-08-11 19:00:00+00:00","1.269","0.0","0.0602208"
"2011-08-11 19:30:00+00:00","1.243","0.0","0.03252735"
"2011-08-11 20:00:00+00:00","1.361","0.0","0.03474135"
"2011-08-11 20:30:00+00:00","0.751","0.0","0.04686915"
"2011-08-11 21:00:00+00:00","0.138","0.0","0.03198615"
"2011-08-11 21:30:00+00:00","0.166","0.0","0.02759505"
"2011-08-11 22:00:00+00:00","0.152","0.0","0.02083005"
"2011-08-11 22:30:00+00:00","0.065","0.0","0.0307623"
"2011-08-11 23:00:00+00:00","0.194","0.0","0.0262359"
"2011-08-11 23:30:00+00:00","0.068","0.0","0.028659"
"2011-08-12 00:00:00+00:00","0.107","0.0","0.02433555"
"2011-08-12 00:30:00+00:00","0.145","0.0","0.0200613"
"2011-08-12 01:00:00+00:00","0.064","0.0","0.01864065"
"2011-08-12 01:30:00+00:00","0.14","0.0","0.02094075"
"2011-08-12 02:00:00+00:00","0.108","0.0","0.01805025"
"2011-08-12 02:30:00+00:00","0.105","0.0","0.01718925"
"2011-08-12 03:00:00+00:00","0.094","0.0","0.01571325"
"2011-08-12 03:30:00+00:00","0.121","0.0","0.0156702"
"2011-08-12 04:00:00+00:00","0.101","0.0","0.01557795"
"2011-08-12 04:30:00+00:00","0.115","0.0","0.0158178"
"2011-08-12 05:00:00+00:00","0.146","0.0","0.01581165"
"2011-08-12 05:30:00+00:00","0.053","0.0","0.0166296"
"2011-08-12 06:00:00+00:00","0.152","0.0","0.01710315"
"2011-08-12 06:30:00+00:00","0.101","0.006","0.0197538"
"2011-08-12 07:00:00+00:00","0.261","0.0","0.0270969"
"2011-08-12 07:30:00+00:00","0.178","0.0","0.0266664"
"2011-08-12 08:00:00+00:00","0.122","0.019","0.03085455"
"2011-08-12 08:30:00+00:00","0.881","0.238","0.0316602"
"2011-08-12 09:00:00+00:00","1.495","0.25","0.0240588"
"2011-08-12 09:30:00+00:00","0.594","0.506","0.02322855"
"2011-08-12 10:00:00+00:00","0.162","0.425","0.02172795"
"2011-08-12 10:30:00+00:00","0.131","0.494","0.0216111"
"2011-08-12 11:00:00+00:00","0.264","0.569","0.02161725"
"2011-08-12 11:30:00+00:00","0.199","0.35","0.02059635"
"2011-08-12 12:00:00+00:00","0.19","0.475","0.02578695"
"2011-08-12 12:30:00+00:00","0.246","0.5","0.0202458"
"2011-08-12 13:00:00+00:00","0.397","0.344","0.02007975"
"2011-08-12 13:30:00+00:00","0.301","0.456","0.0203442"
"2011-08-12 14:00:00+00:00","0.166","0.563","0.02030115"
"2011-08-12 14:30:00+00:00","0.271","0.613","0.0196677"
"2011-08-12 15:00:00+00:00","0.221","0.525","0.017958"
"2011-08-12 15:30:00+00:00","0.159","0.256","0.01784115"
"2011-08-12 16:00:00+00:00","0.297","0.163","0.01817325"
"2011-08-12 16:30:00+00:00","0.153","0.069","0.01867755"
"2011-08-12 17:00:00+00:00","0.666","0.013","0.0191019"
"2011-08-12 17:30:00+00:00","1.002","0.0","0.0198522"
"2011-08-12 18:00:00+00:00","1.032","0.0","0.02942775"
"2011-08-12 18:30:00+00:00","1.176","0.0","0.0398028"
"2011-08-12 19:00:00+00:00","1.026","0.0","0.0345999"
"2011-08-12 19:30:00+00:00","0.879","0.0","0.02507355"
"2011-08-12 20:00:00+00:00","0.61","0.0","0.024969"
"2011-08-12 20:30:00+00:00","0.638","0.0","0.0246492"
"2011-08-12 21:00:00+00:00","0.185","0.0","0.0215373"
"2011-08-12 21:30:00+00:00","0.095","0.0","0.01889895"
"2011-08-12 22:00:00+00:00","0.18","0.0","0.01792725"
"2011-08-12 22:30:00+00:00","0.078","0.0","0.0258669"
"2011-08-12 23:00:00+00:00","0.157","0.0","0.02166645"
"2011-08-12 23:30:00+00:00","0.109","0.0","0.02219535"
"2011-08-13 00:00:00+00:00","0.899","0.0","0.0205902"
"2011-08-13 00:30:00+00:00","0.177","0.0","0.0200367"
"2011-08-13 01:00:00+00:00","0.06","0.0","0.0201228"
"2011-08-13 01:30:00+00:00","0.134","0.0","0.02067015"
"2011-08-13 02:00:00+00:00","0.123","0.0","0.01878825"
"2011-08-13 02:30:00+00:00","0.095","0.0","0.0164574"
"2011-08-13 03:00:00+00:00","0.123","0.0","0.01583625"
"2011-08-13 03:30:00+00:00","0.125","0.0","0.015375"
"2011-08-13 04:00:00+00:00","0.122","0.0","0.0153504"
"2011-08-13 04:30:00+00:00","0.08","0.0","0.0149814"
"2011-08-13 05:00:00+00:00","0.386","0.0","0.01488915"
"2011-08-13 05:30:00+00:00","0.077","0.0","0.01540575"
"2011-08-13 06:00:00+00:00","0.126","0.0","0.015252"
"2011-08-13 06:30:00+00:00","0.132","0.0","0.0159285"
"2011-08-13 07:00:00+00:00","0.266","0.0","0.0160269"
"2011-08-13 07:30:00+00:00","0.233","0.044","0.016236"
"2011-08-13 08:00:00+00:00","0.084","0.263","0.01808715"
"2011-08-13 08:30:00+00:00","0.218","0.406","0.0190527"
"2011-08-13 09:00:00+00:00","0.403","0.525","0.0204918"
"2011-08-13 09:30:00+00:00","0.342","0.619","0.02096535"
"2011-08-13 10:00:00+00:00","0.135","0.681","0.0200982"
"2011-08-13 10:30:00+00:00","0.206","0.731","0.01961235"
"2011-08-13 11:00:00+00:00","0.222","0.744","0.01834545"
"2011-08-13 11:30:00+00:00","0.08","0.544","0.0170847"
"2011-08-13 12:00:00+00:00","0.224","0.481","0.0172692"
"2011-08-13 12:30:00+00:00","0.14","0.325","0.0164697"
"2011-08-13 13:00:00+00:00","0.189","0.625","0.0167772"
"2011-08-13 13:30:00+00:00","0.188","0.269","0.0166419"
"2011-08-13 14:00:00+00:00","0.12","0.25","0.0164943"
"2011-08-13 14:30:00+00:00","0.227","0.181","0.01600845"
"2011-08-13 15:00:00+00:00","0.153","0.263","0.01605765"
"2011-08-13 15:30:00+00:00","0.106","0.125","0.01650045"
"2011-08-13 16:00:00+00:00","0.278","0.094","0.01611915"
"2011-08-13 16:30:00+00:00","0.228","0.15","0.01643895"
"2011-08-13 17:00:00+00:00","0.177","0.019","0.0174414"
"2011-08-13 17:30:00+00:00","1.434","0.0","0.01769355"
"2011-08-13 18:00:00+00:00","1.291","0.0","0.02175255"
"2011-08-13 18:30:00+00:00","1.293","0.0","0.0416724"
"2011-08-13 19:00:00+00:00","1.469","0.0","0.02527035"
"2011-08-13 19:30:00+00:00","1.266","0.0","0.02044875"
"2011-08-13 20:00:00+00:00","0.395","0.0","0.0189543"
"2011-08-13 20:30:00+00:00","0.171","0.0","0.0180564"
"2011-08-13 21:00:00+00:00","0.114","0.0","0.0169371"
"2011-08-13 21:30:00+00:00","0.122","0.0","0.016605"
"2011-08-13 22:00:00+00:00","0.17","0.0","0.01638975"
"2011-08-13 22:30:00+00:00","0.097","0.0","0.0200736"
"2011-08-13 23:00:00+00:00","0.178","0.0","0.0194217"
"2011-08-13 23:30:00+00:00","0.155","0.0","0.0200982"
"2011-08-14 00:00:00+00:00","0.084","0.0","0.018573"
"2011-08-14 00:30:00+00:00","0.135","0.0","0.0187206"
"2011-08-14 01:00:00+00:00","0.11","0.0","0.0172077"
"2011-08-14 01:30:00+00:00","0.121","0.0","0.0170847"
"2011-08-14 02:00:00+00:00","0.103","0.0","0.0159531"
"2011-08-14 02:30:00+00:00","0.123","0.0","0.01546725"
"2011-08-14 03:00:00+00:00","0.109","0.0","0.01533195"
"2011-08-14 03:30:00+00:00","0.104","0.0","0.0148092"
"2011-08-14 04:00:00+00:00","0.159","0.0","0.01459395"
"2011-08-14 04:30:00+00:00","0.057","0.0","0.0148953"
"2011-08-14 05:00:00+00:00","0.155","0.0","0.0139113"
"2011-08-14 05:30:00+00:00","0.109","0.0","0.01460625"
"2011-08-14 06:00:00+00:00","0.064","0.0","0.01472925"
"2011-08-14 06:30:00+00:00","0.183","0.0","0.01502445"
"2011-08-14 07:00:00+00:00","0.21","0.0","0.0153381"
"2011-08-14 07:30:00+00:00","0.124","0.006","0.0153627"
"2011-08-14 08:00:00+00:00","0.188","0.038","0.01603305"
"2011-08-14 08:30:00+00:00","0.076","0.069","0.01674645"
"2011-08-14 09:00:00+00:00","0.403","0.006","0.0165066"
"2011-08-14 09:30:00+00:00","1.416","0.025","0.01850535"
"2011-08-14 10:00:00+00:00","0.563","0.05","0.0179703"
"2011-08-14 10:30:00+00:00","0.184","0.075","0.0179211"
"2011-08-14 11:00:00+00:00","0.256","0.05","0.0166419"
"2011-08-14 11:30:00+00:00","0.133","0.119","0.0162237"
"2011-08-14 12:00:00+00:00","0.133","0.119","0.01626675"
"2011-08-14 12:30:00+00:00","0.108","0.038","0.01638975"
"2011-08-14 13:00:00+00:00","0.085","0.05","0.0159285"
"2011-08-14 13:30:00+00:00","0.145","0.075","0.01579935"
"2011-08-14 14:00:00+00:00","0.936","0.256","0.0156948"
"2011-08-14 14:30:00+00:00","1.405","0.181","0.01593465"
"2011-08-14 15:00:00+00:00","1.289","0.125","0.0159039"
"2011-08-14 15:30:00+00:00","1.168","0.05","0.01562715"
"2011-08-14 16:00:00+00:00","1.242","0.088","0.0160515"
"2011-08-14 16:30:00+00:00","1.322","0.063","0.016236"
"2011-08-14 17:00:00+00:00","1.329","0.031","0.01741065"
"2011-08-14 17:30:00+00:00","1.23","0.0","0.0169371"
"2011-08-14 18:00:00+00:00","1.382","0.0","0.02329005"
"2011-08-14 18:30:00+00:00","1.458","0.0","0.0364941"
"2011-08-14 19:00:00+00:00","1.388","0.0","0.0305901"
"2011-08-14 19:30:00+00:00","1.24","0.0","0.0234192"
"2011-08-14 20:00:00+00:00","0.308","0.0","0.0222384"
"2011-08-14 20:30:00+00:00","0.163","0.0","0.0212421"
"2011-08-14 21:00:00+00:00","0.143","0.006","0.02020275"
"2011-08-14 21:30:00+00:00","0.088","0.0","0.01670955"
"2011-08-14 22:00:00+00:00","0.135","0.0","0.0160023"
"2011-08-14 22:30:00+00:00","0.43","0.0","0.0182778"
"2011-08-14 23:00:00+00:00","0.598","0.0","0.01657425"
"2011-08-14 23:30:00+00:00","0.142","0.0","0.0182286"
"2011-08-15 00:00:00+00:00","0.087","0.0","0.0177366"
"2011-08-15 00:30:00+00:00","0.085","0.0","0.0159654"
"2011-08-15 01:00:00+00:00","0.153","0.0","0.0158178"
"2011-08-15 01:30:00+00:00","0.077","0.0","0.0160638"
"2011-08-15 02:00:00+00:00","0.119","0.0","0.01534425"
"2011-08-15 02:30:00+00:00","0.132","0.0","0.01487685"
"2011-08-15 03:00:00+00:00","0.048","0.0","0.0139113"
"2011-08-15 03:30:00+00:00","0.164","0.0","0.01412655"
"2011-08-15 04:00:00+00:00","0.077","0.0","0.01436025"
"2011-08-15 04:30:00+00:00","0.115","0.0","0.01443405"
"2011-08-15 05:00:00+00:00","0.122","0.0","0.01443405"
"2011-08-15 05:30:00+00:00","0.088","0.0","0.0153135"
"2011-08-15 06:00:00+00:00","0.116","0.0","0.01572555"
"2011-08-15 06:30:00+00:00","0.119","0.0","0.0194709"
"2011-08-15 07:00:00+00:00","0.145","0.0","0.0197169"
"2011-08-15 07:30:00+00:00","0.275","0.025","0.01957545"
"2011-08-15 08:00:00+00:00","0.383","0.156","0.0254487"
"2011-08-15 08:30:00+00:00","0.08","0.175","0.02289645"
"2011-08-15 09:00:00+00:00","0.094","0.275","0.0211068"
"2011-08-15 09:30:00+00:00","0.161","0.406","0.0216234"
"2011-08-15 10:00:00+00:00","0.053","0.469","0.0209715"
"2011-08-15 10:30:00+00:00","0.159","0.394","0.0198522"
"2011-08-15 11:00:00+00:00","0.154","0.475","0.02079315"
"2011-08-15 11:30:00+00:00","0.125","0.756","0.0196062"
"2011-08-15 12:00:00+00:00","0.146","0.838","0.0192741"
"2011-08-15 12:30:00+00:00","0.112","0.806","0.01896045"
"2011-08-15 13:00:00+00:00","0.241","0.844","0.01912035"
"2011-08-15 13:30:00+00:00","0.164","0.725","0.01993215"
"2011-08-15 14:00:00+00:00","0.085","0.55","0.02020275"
"2011-08-15 14:30:00+00:00","0.134","0.506","0.0202335"
"2011-08-15 15:00:00+00:00","0.141","0.538","0.020541"
"2011-08-15 15:30:00+00:00","0.103","0.306","0.02036265"
"2011-08-15 16:00:00+00:00","0.118","0.3","0.02069475"
"2011-08-15 16:30:00+00:00","0.127","0.194","0.02065785"
"2011-08-15 17:00:00+00:00","0.119","0.025","0.02166645"
"2011-08-15 17:30:00+00:00","1.056","0.0","0.0230871"
"2011-08-15 18:00:00+00:00","1.353","0.0","0.02985825"
"2011-08-15 18:30:00+00:00","1.262","0.0","0.03194925"
"2011-08-15 19:00:00+00:00","1.55","0.0","0.02555325"
"2011-08-15 19:30:00+00:00","1.448","0.0","0.0231855"
"2011-08-15 20:00:00+00:00","1.316","0.0","0.0243417"
"2011-08-15 20:30:00+00:00","0.55","0.0","0.02527035"
"2011-08-15 21:00:00+00:00","0.191","0.0","0.02320395"
"2011-08-15 21:30:00+00:00","0.114","0.0","0.0193233"
"2011-08-15 22:00:00+00:00","0.175","0.0","0.0179088"
"2011-08-15 22:30:00+00:00","0.088","0.0","0.0221769"
"2011-08-15 23:00:00+00:00","0.12","0.0","0.0196677"
"2011-08-15 23:30:00+00:00","0.131","0.0","0.020541"
"2011-08-16 00:00:00+00:00","0.1","0.0","0.0212421"
"2011-08-16 00:30:00+00:00","0.112","0.0","0.0200367"
"2011-08-16 01:00:00+00:00","0.107","0.0","0.0206763"
"2011-08-16 01:30:00+00:00","0.122","0.0","0.0210453"
"2011-08-16 02:00:00+00:00","0.076","0.0","0.0191142"
"2011-08-16 02:30:00+00:00","0.165","0.0","0.0166296"
"2011-08-16 03:00:00+00:00","0.072","0.0","0.01622985"
"2011-08-16 03:30:00+00:00","0.115","0.0","0.01575015"
"2011-08-16 04:00:00+00:00","0.145","0.0","0.0159285"
"2011-08-16 04:30:00+00:00","0.054","0.0","0.01611915"
"2011-08-16 05:00:00+00:00","0.206","0.0","0.01614375"
"2011-08-16 05:30:00+00:00","0.078","0.0","0.01760745"
"2011-08-16 06:00:00+00:00","0.268","0.0","0.0170355"
"2011-08-16 06:30:00+00:00","0.158","0.0","0.02249055"
"2011-08-16 07:00:00+00:00","0.11","0.006","0.02926785"
"2011-08-16 07:30:00+00:00","0.188","0.038","0.0250428"
"2011-08-16 08:00:00+00:00","0.46","0.194","0.02801325"
"2011-08-16 08:30:00+00:00","0.113","0.419","0.03176475"
"2011-08-16 09:00:00+00:00","0.203","0.513","0.02524575"
"2011-08-16 09:30:00+00:00","0.829","0.588","0.0255594"
"2011-08-16 10:00:00+00:00","0.432","0.619","0.0243171"
"2011-08-16 10:30:00+00:00","0.144","0.625","0.0222507"
"2011-08-16 11:00:00+00:00","0.23","0.6","0.0215742"
"2011-08-16 11:30:00+00:00","0.124","0.65","0.02071935"
"2011-08-16 12:00:00+00:00","0.209","0.806","0.0204303"
"2011-08-16 12:30:00+00:00","0.315","0.806","0.01979685"
"2011-08-16 13:00:00+00:00","0.229","0.769","0.01956315"
"2011-08-16 13:30:00+00:00","0.228","0.563","0.0193602"
"2011-08-16 14:00:00+00:00","0.197","0.631","0.01860375"
"2011-08-16 14:30:00+00:00","0.117","0.638","0.0181425"
"2011-08-16 15:00:00+00:00","0.384","0.425","0.01824705"
"2011-08-16 15:30:00+00:00","0.133","0.419","0.01824705"
"2011-08-16 16:00:00+00:00","0.15","0.319","0.0178719"
"2011-08-16 16:30:00+00:00","0.158","0.181","0.01701705"
"2011-08-16 17:00:00+00:00","0.155","0.038","0.0171093"
"2011-08-16 17:30:00+00:00","0.308","0.0","0.0178965"
"2011-08-16 18:00:00+00:00","0.232","0.0","0.02208465"
"2011-08-16 18:30:00+00:00","0.28","0.0","0.0243294"
"2011-08-16 19:00:00+00:00","0.29","0.0","0.02100225"
"2011-08-16 19:30:00+00:00","0.304","0.0","0.01934175"
"2011-08-16 20:00:00+00:00","0.181","0.0","0.0180195"
"2011-08-16 20:30:00+00:00","0.317","0.0","0.0191019"
"2011-08-16 21:00:00+00:00","0.186","0.0","0.0181056"
"2011-08-16 21:30:00+00:00","0.11","0.0","0.0163836"
"2011-08-16 22:00:00+00:00","0.124","0.0","0.01616835"
"2011-08-16 22:30:00+00:00","0.139","0.0","0.0192372"
"2011-08-16 23:00:00+00:00","0.127","0.0","0.0168756"
"2011-08-16 23:30:00+00:00","0.101","0.0","0.0186591"
"2011-08-17 00:00:00+00:00","0.15","0.0","0.0165189"
"2011-08-17 00:30:00+00:00","0.117","0.0","0.0160884"
"2011-08-17 01:00:00+00:00","0.096","0.0","0.0160146"
"2011-08-17 01:30:00+00:00","0.17","0.0","0.0164943"
"2011-08-17 02:00:00+00:00","0.081","0.0","0.01560255"
"2011-08-17 02:30:00+00:00","0.117","0.0","0.0146862"
"2011-08-17 03:00:00+00:00","0.147","0.0","0.0141819"
"2011-08-17 03:30:00+00:00","0.082","0.0","0.0143049"
"2011-08-17 04:00:00+00:00","0.117","0.0","0.01418805"
"2011-08-17 04:30:00+00:00","0.136","0.0","0.01356075"
"2011-08-17 05:00:00+00:00","0.066","0.0","0.0141081"
"2011-08-17 05:30:00+00:00","0.146","0.0","0.0147354"
"2011-08-17 06:00:00+00:00","0.11","0.0","0.01531965"
"2011-08-17 06:30:00+00:00","0.089","0.0","0.0182901"
"2011-08-17 07:00:00+00:00","0.154","0.006","0.01888665"
"2011-08-17 07:30:00+00:00","0.235","0.056","0.0195201"
"2011-08-17 08:00:00+00:00","0.205","0.106","0.0254733"
"2011-08-17 08:30:00+00:00","0.366","0.413","0.02531955"
"2011-08-17 09:00:00+00:00","0.51","0.313","0.02148195"
"2011-08-17 09:30:00+00:00","0.116","0.225","0.02156805"
"2011-08-17 10:00:00+00:00","0.308","0.231","0.02139585"
"2011-08-17 10:30:00+00:00","0.138","0.125","0.0216972"
"2011-08-17 11:00:00+00:00","0.085","0.156","0.02208465"
"2011-08-17 11:30:00+00:00","0.178","0.175","0.0203565"
"2011-08-17 12:00:00+00:00","0.078","0.219","0.02053485"
"2011-08-17 12:30:00+00:00","0.123","0.069","0.0222015"
"2011-08-17 13:00:00+00:00","1.023","0.113","0.02156805"
"2011-08-17 13:30:00+00:00","0.811","0.063","0.023616"
"2011-08-17 14:00:00+00:00","0.868","0.056","0.0229149"
"2011-08-17 14:30:00+00:00","0.873","0.081","0.0214266"
"2011-08-17 15:00:00+00:00","0.9","0.019","0.0206148"
"2011-08-17 15:30:00+00:00","0.908","0.013","0.02138355"
"2011-08-17 16:00:00+00:00","1.081","0.006","0.0217218"
"2011-08-17 16:30:00+00:00","1.287","0.0","0.02322855"
"2011-08-17 17:00:00+00:00","1.15","0.0","0.02277345"
"2011-08-17 17:30:00+00:00","1.268","0.0","0.0230871"
"2011-08-17 18:00:00+00:00","1.321","0.0","0.0239112"
"2011-08-17 18:30:00+00:00","1.331","0.0","0.02356065"
"2011-08-17 19:00:00+00:00","1.299","0.0","0.02331465"
"2011-08-17 19:30:00+00:00","1.463","0.0","0.02186325"
"2011-08-17 20:00:00+00:00","1.229","0.0","0.02132205"
"2011-08-17 20:30:00+00:00","1.031","0.0","0.02073165"
"2011-08-17 21:00:00+00:00","0.118","0.0","0.0190896"
"2011-08-17 21:30:00+00:00","0.149","0.0","0.01775505"
"2011-08-17 22:00:00+00:00","0.142","0.0","0.01643895"
"2011-08-17 22:30:00+00:00","0.478","0.0","0.0187575"
"2011-08-17 23:00:00+00:00","0.617","0.0","0.01613145"
"2011-08-17 23:30:00+00:00","0.128","0.0","0.02017815"
"2011-08-18 00:00:00+00:00","0.098","0.0","0.0189666"
"2011-08-18 00:30:00+00:00","0.11","0.0","0.0171216"
"2011-08-18 01:00:00+00:00","0.115","0.0","0.01657425"
"2011-08-18 01:30:00+00:00","0.108","0.0","0.0167526"
"2011-08-18 02:00:00+00:00","0.12","0.0","0.01587315"
"2011-08-18 02:30:00+00:00","0.116","0.0","0.0167895"
"2011-08-18 03:00:00+00:00","0.106","0.0","0.0156702"
"2011-08-18 03:30:00+00:00","0.09","0.0","0.01587315"
"2011-08-18 04:00:00+00:00","0.171","0.0","0.0153873"
"2011-08-18 04:30:00+00:00","0.045","0.0","0.01529505"
"2011-08-18 05:00:00+00:00","0.172","0.0","0.0160269"
"2011-08-18 05:30:00+00:00","0.085","0.0","0.01650045"
"2011-08-18 06:00:00+00:00","0.077","0.0","0.01672185"
"2011-08-18 06:30:00+00:00","0.341","0.0","0.02305635"
"2011-08-18 07:00:00+00:00","0.09","0.006","0.02523345"
"2011-08-18 07:30:00+00:00","0.21","0.063","0.0212175"
"2011-08-18 08:00:00+00:00","0.371","0.106","0.0248829"
"2011-08-18 08:30:00+00:00","0.237","0.075","0.02320395"
"2011-08-18 09:00:00+00:00","0.244","0.163","0.02215845"
"2011-08-18 09:30:00+00:00","0.204","0.25","0.021771"
"2011-08-18 10:00:00+00:00","0.144","0.331","0.021402"
"2011-08-18 10:30:00+00:00","0.202","0.35","0.0206148"
"2011-08-18 11:00:00+00:00","0.147","0.444","0.0205656"
"2011-08-18 11:30:00+00:00","0.19","0.463","0.0198399"
"2011-08-18 12:00:00+00:00","0.172","0.494","0.0194094"
"2011-08-18 12:30:00+00:00","0.204","0.519","0.02015355"
"2011-08-18 13:00:00+00:00","0.106","0.544","0.01944015"
"2011-08-18 13:30:00+00:00","0.144","0.544","0.01813635"
"2011-08-18 14:00:00+00:00","0.102","0.581","0.0167772"
"2011-08-18 14:30:00+00:00","0.107","0.619","0.01615605"
"2011-08-18 15:00:00+00:00","0.151","0.569","0.0163959"
"2011-08-18 15:30:00+00:00","0.075","0.45","0.01599615"
"2011-08-18 16:00:00+00:00","0.142","0.325","0.0166665"
"2011-08-18 16:30:00+00:00","0.182","0.188","0.0170478"
"2011-08-18 17:00:00+00:00","0.293","0.05","0.01841925"
"2011-08-18 17:30:00+00:00","0.223","0.0","0.0205287"
"2011-08-18 18:00:00+00:00","1.405","0.0","0.02568855"
"2011-08-18 18:30:00+00:00","1.222","0.0","0.0305163"
"2011-08-18 19:00:00+00:00","1.465","0.0","0.0282039"
"2011-08-18 19:30:00+00:00","1.329","0.0","0.0244278"
"2011-08-18 20:00:00+00:00","1.448","0.0","0.02130975"
"2011-08-18 20:30:00+00:00","0.282","0.0","0.02057175"
"2011-08-18 21:00:00+00:00","0.416","0.0","0.0207747"
"2011-08-18 21:30:00+00:00","0.31","0.0","0.0170601"
"2011-08-18 22:00:00+00:00","0.188","0.0","0.0161376"
"2011-08-18 22:30:00+00:00","0.154","0.0","0.01947705"
"2011-08-18 23:00:00+00:00","0.079","0.0","0.0177612"
"2011-08-18 23:30:00+00:00","0.961","0.0","0.0201105"
"2011-08-19 00:00:00+00:00","0.16","0.0","0.0198153"
"2011-08-19 00:30:00+00:00","0.086","0.0","0.01796415"
"2011-08-19 01:00:00+00:00","0.129","0.0","0.0169617"
"2011-08-19 01:30:00+00:00","0.12","0.0","0.0171831"
"2011-08-19 02:00:00+00:00","0.065","0.0","0.0160392"
"2011-08-19 02:30:00+00:00","0.18","0.0","0.01575015"
"2011-08-19 03:00:00+00:00","0.067","0.0","0.01493835"
"2011-08-19 03:30:00+00:00","0.117","0.0","0.0145386"
"2011-08-19 04:00:00+00:00","0.281","0.0","0.0144156"
"2011-08-19 04:30:00+00:00","0.517","0.0","0.0147723"
"2011-08-19 05:00:00+00:00","0.188","0.0","0.0152889"
"2011-08-19 05:30:00+00:00","0.065","0.0","0.0157686"
"2011-08-19 06:00:00+00:00","0.105","0.0","0.0162237"
"2011-08-19 06:30:00+00:00","0.129","0.0","0.01942785"
"2011-08-19 07:00:00+00:00","0.092","0.0","0.0216357"
"2011-08-19 07:30:00+00:00","0.11","0.044","0.0201351"
"2011-08-19 08:00:00+00:00","0.119","0.294","0.02766885"
"2011-08-19 08:30:00+00:00","0.084","0.219","0.0230502"
"2011-08-19 09:00:00+00:00","0.114","0.413","0.02064555"
"2011-08-19 09:30:00+00:00","0.111","0.2","0.0207747"
"2011-08-19 10:00:00+00:00","0.1","0.175","0.02048565"
"2011-08-19 10:30:00+00:00","0.115","0.15","0.0200244"
"2011-08-19 11:00:00+00:00","0.099","0.231","0.0197538"
"2011-08-19 11:30:00+00:00","0.097","0.163","0.01903425"
"2011-08-19 12:00:00+00:00","0.121","0.094","0.01856685"
"2011-08-19 12:30:00+00:00","0.122","0.181","0.01817325"
"2011-08-19 13:00:00+00:00","0.072","0.138","0.0183762"
"2011-08-19 13:30:00+00:00","0.148","0.175","0.018081"
"2011-08-19 14:00:00+00:00","0.075","0.313","0.0176013"
"2011-08-19 14:30:00+00:00","0.112","0.288","0.0173307"
"2011-08-19 15:00:00+00:00","0.15","0.175","0.017097"
"2011-08-19 15:30:00+00:00","0.085","0.331","0.01673415"
"2011-08-19 16:00:00+00:00","0.138","0.194","0.0172569"
"2011-08-19 16:30:00+00:00","0.109","0.075","0.0174414"
"2011-08-19 17:00:00+00:00","0.084","0.019","0.01867755"
"2011-08-19 17:30:00+00:00","0.179","0.006","0.01941555"
"2011-08-19 18:00:00+00:00","0.068","0.0","0.02337"
"2011-08-19 18:30:00+00:00","0.123","0.0","0.02693085"
"2011-08-19 19:00:00+00:00","0.143","0.0","0.02362215"
"2011-08-19 19:30:00+00:00","0.055","0.0","0.0201474"
"2011-08-19 20:00:00+00:00","0.156","0.0","0.0186222"
"2011-08-19 20:30:00+00:00","0.118","0.0","0.01907115"
"2011-08-19 21:00:00+00:00","0.085","0.0","0.0177366"
"2011-08-19 21:30:00+00:00","0.132","0.0","0.0167649"
"2011-08-19 22:00:00+00:00","0.105","0.0","0.0163713"
"2011-08-19 22:30:00+00:00","0.104","0.0","0.0212175"
"2011-08-19 23:00:00+00:00","0.123","0.0","0.0187206"
"2011-08-19 23:30:00+00:00","0.124","0.0","0.0204303"
"2011-08-20 00:00:00+00:00","0.094","0.0","0.02038725"
"2011-08-20 00:30:00+00:00","0.114","0.0","0.01850535"
"2011-08-20 01:00:00+00:00","0.116","0.0","0.01776735"
"2011-08-20 01:30:00+00:00","0.111","0.0","0.0189789"
"2011-08-20 02:00:00+00:00","0.138","0.0","0.0170355"
"2011-08-20 02:30:00+00:00","0.074","0.0","0.01626675"
"2011-08-20 03:00:00+00:00","0.142","0.0","0.0158178"
"2011-08-20 03:30:00+00:00","0.117","0.0","0.01584855"
"2011-08-20 04:00:00+00:00","0.06","0.0","0.0155103"
"2011-08-20 04:30:00+00:00","0.186","0.0","0.01533195"
"2011-08-20 05:00:00+00:00","0.077","0.0","0.01557795"
"2011-08-20 05:30:00+00:00","0.099","0.0","0.01559025"
"2011-08-20 06:00:00+00:00","0.145","0.0","0.0153504"
"2011-08-20 06:30:00+00:00","0.085","0.0","0.01546725"
"2011-08-20 07:00:00+00:00","0.128","0.0","0.01579935"
"2011-08-20 07:30:00+00:00","0.11","0.019","0.0158793"
"2011-08-20 08:00:00+00:00","0.113","0.231","0.0161253"
"2011-08-20 08:30:00+00:00","0.122","0.275","0.01753365"
"2011-08-20 09:00:00+00:00","0.089","0.275","0.0172569"
"2011-08-20 09:30:00+00:00","0.115","0.288","0.0178965"
"2011-08-20 10:00:00+00:00","0.136","0.656","0.01700475"
"2011-08-20 10:30:00+00:00","0.115","0.288","0.01726305"
"2011-08-20 11:00:00+00:00","0.084","0.55","0.0161868"
"2011-08-20 11:30:00+00:00","0.168","0.294","0.01584855"
"2011-08-20 12:00:00+00:00","0.084","0.525","0.0161007"
"2011-08-20 12:30:00+00:00","0.1","0.669","0.0158178"
"2011-08-20 13:00:00+00:00","0.167","0.738","0.0156825"
"2011-08-20 13:30:00+00:00","0.08","0.738","0.01581165"
"2011-08-20 14:00:00+00:00","0.136","0.688","0.0158178"
"2011-08-20 14:30:00+00:00","0.129","0.644","0.01625445"
"2011-08-20 15:00:00+00:00","0.085","0.544","0.0158178"
"2011-08-20 15:30:00+00:00","0.166","0.219","0.01593465"
"2011-08-20 16:00:00+00:00","0.094","0.225","0.0161007"
"2011-08-20 16:30:00+00:00","0.141","0.175","0.01605765"
"2011-08-20 17:00:00+00:00","0.125","0.006","0.0163713"
"2011-08-20 17:30:00+00:00","0.092","0.0","0.0169617"
"2011-08-20 18:00:00+00:00","0.144","0.0","0.0228903"
"2011-08-20 18:30:00+00:00","0.113","0.0","0.0273552"
"2011-08-20 19:00:00+00:00","0.098","0.0","0.0218817"
"2011-08-20 19:30:00+00:00","0.131","0.0","0.0198768"
"2011-08-20 20:00:00+00:00","0.133","0.0","0.01871445"
"2011-08-20 20:30:00+00:00","0.071","0.0","0.01854225"
"2011-08-20 21:00:00+00:00","0.138","0.0","0.01689405"
"2011-08-20 21:30:00+00:00","0.137","0.0","0.01685715"
"2011-08-20 22:00:00+00:00","0.075","0.0","0.01611915"
"2011-08-20 22:30:00+00:00","0.167","0.0","0.0168018"
"2011-08-20 23:00:00+00:00","0.082","0.0","0.0163836"
"2011-08-20 23:30:00+00:00","0.127","0.0","0.0191757"
"2011-08-21 00:00:00+00:00","0.116","0.0","0.01745985"
"2011-08-21 00:30:00+00:00","0.077","0.0","0.0199629"
"2011-08-21 01:00:00+00:00","0.171","0.0","0.0176874"
"2011-08-21 01:30:00+00:00","0.078","0.0","0.01728765"
"2011-08-21 02:00:00+00:00","0.115","0.0","0.016113"
"2011-08-21 02:30:00+00:00","0.139","0.0","0.01557795"
"2011-08-21 03:00:00+00:00","0.103","0.0","0.01531965"
"2011-08-21 03:30:00+00:00","0.089","0.0","0.01443405"
"2011-08-21 04:00:00+00:00","0.15","0.0","0.01450785"
"2011-08-21 04:30:00+00:00","0.106","0.0","0.01443405"
"2011-08-21 05:00:00+00:00","0.083","0.0","0.0142434"
"2011-08-21 05:30:00+00:00","0.17","0.0","0.01417575"
"2011-08-21 06:00:00+00:00","0.072","0.0","0.01443405"
"2011-08-21 06:30:00+00:00","0.136","0.0","0.01476"
"2011-08-21 07:00:00+00:00","0.11","0.006","0.0151044"
"2011-08-21 07:30:00+00:00","0.105","0.063","0.015375"
"2011-08-21 08:00:00+00:00","0.131","0.156","0.01561485"
"2011-08-21 08:30:00+00:00","0.086","0.219","0.0156456"
"2011-08-21 09:00:00+00:00","0.131","0.475","0.0159777"
"2011-08-21 09:30:00+00:00","0.124","0.469","0.0161991"
"2011-08-21 10:00:00+00:00","0.101","0.656","0.0161253"
"2011-08-21 10:30:00+00:00","0.121","0.738","0.0161991"
"2011-08-21 11:00:00+00:00","0.139","0.788","0.0159654"
"2011-08-21 11:30:00+00:00","0.076","0.344","0.0159039"
"2011-08-21 12:00:00+00:00","0.15","0.344","0.01587315"
"2011-08-21 12:30:00+00:00","0.131","0.488","0.0158178"
"2011-08-21 13:00:00+00:00","0.065","0.469","0.0158178"
"2011-08-21 13:30:00+00:00","0.188","0.369","0.01575015"
"2011-08-21 14:00:00+00:00","0.096","0.688","0.0158178"
"2011-08-21 14:30:00+00:00","0.117","0.363","0.0156825"
"2011-08-21 15:00:00+00:00","0.148","0.4","0.0158178"
"2011-08-21 15:30:00+00:00","0.105","0.175","0.0158178"
"2011-08-21 16:00:00+00:00","0.115","0.05","0.01584855"
"2011-08-21 16:30:00+00:00","0.121","0.044","0.01640205"
"2011-08-21 17:00:00+00:00","0.126","0.019","0.0161991"
"2011-08-21 17:30:00+00:00","0.103","0.0","0.0167772"
"2011-08-21 18:00:00+00:00","0.144","0.0","0.02015355"
"2011-08-21 18:30:00+00:00","0.086","0.0","0.0279579"
"2011-08-21 19:00:00+00:00","0.149","0.0","0.02657415"
"2011-08-21 19:30:00+00:00","0.101","0.0","0.0228042"
"2011-08-21 20:00:00+00:00","0.106","0.0","0.02067015"
"2011-08-21 20:30:00+00:00","0.157","0.0","0.01973535"
"2011-08-21 21:00:00+00:00","0.064","0.0","0.01817325"
"2011-08-21 21:30:00+00:00","0.155","0.0","0.01714005"
"2011-08-21 22:00:00+00:00","0.115","0.0","0.0159285"
"2011-08-21 22:30:00+00:00","0.092","0.0","0.0185607"
"2011-08-21 23:00:00+00:00","0.131","0.0","0.01648815"
"2011-08-21 23:30:00+00:00","0.125","0.0","0.01896045"
"2011-08-22 00:00:00+00:00","0.075","0.0","0.01892355"
"2011-08-22 00:30:00+00:00","0.138","0.0","0.0176628"
"2011-08-22 01:00:00+00:00","0.134","0.0","0.0167034"
"2011-08-22 01:30:00+00:00","0.065","0.006","0.01667265"
"2011-08-22 02:00:00+00:00","0.176","0.0","0.01550415"
"2011-08-22 02:30:00+00:00","0.085","0.0","0.0150429"
"2011-08-22 03:00:00+00:00","0.11","0.0","0.0147723"
"2011-08-22 03:30:00+00:00","0.128","0.0","0.01445865"
"2011-08-22 04:00:00+00:00","0.101","0.0","0.0146739"
"2011-08-22 04:30:00+00:00","0.118","0.0","0.0148215"
"2011-08-22 05:00:00+00:00","0.113","0.0","0.01515975"
"2011-08-22 05:30:00+00:00","0.121","0.0","0.01535655"
"2011-08-22 06:00:00+00:00","0.109","0.0","0.0156825"
"2011-08-22 06:30:00+00:00","0.124","0.0","0.0198399"
"2011-08-22 07:00:00+00:00","0.084","0.006","0.0239235"
"2011-08-22 07:30:00+00:00","0.166","0.05","0.0198891"
"2011-08-22 08:00:00+00:00","0.064","0.269","0.02498745"
"2011-08-22 08:30:00+00:00","0.131","0.244","0.0250428"
"2011-08-22 09:00:00+00:00","0.14","0.231","0.02218305"
"2011-08-22 09:30:00+00:00","0.062","0.381","0.02149425"
"2011-08-22 10:00:00+00:00","0.159","0.744","0.0202335"
"2011-08-22 10:30:00+00:00","0.109","0.8","0.02020275"
"2011-08-22 11:00:00+00:00","0.106","0.738","0.01980915"
"2011-08-22 11:30:00+00:00","0.135","0.85","0.0188805"
"2011-08-22 12:00:00+00:00","0.144","0.656","0.01912035"
"2011-08-22 12:30:00+00:00","0.077","0.763","0.0189051"
"2011-08-22 13:00:00+00:00","0.159","0.756","0.018942"
"2011-08-22 13:30:00+00:00","0.123","0.619","0.01880055"
"2011-08-22 14:00:00+00:00","0.083","0.469","0.01824705"
"2011-08-22 14:30:00+00:00","0.189","0.594","0.0164082"
"2011-08-22 15:00:00+00:00","0.08","0.313","0.0167157"
"2011-08-22 15:30:00+00:00","0.135","0.206","0.01673415"
"2011-08-22 16:00:00+00:00","0.148","0.094","0.0166173"
"2011-08-22 16:30:00+00:00","0.088","0.113","0.0172569"
"2011-08-22 17:00:00+00:00","0.134","0.019","0.01844385"
"2011-08-22 17:30:00+00:00","0.127","0.0","0.019557"
"2011-08-22 18:00:00+00:00","0.111","0.0","0.02359755"
"2011-08-22 18:30:00+00:00","0.122","0.0","0.0306639"
"2011-08-22 19:00:00+00:00","0.142","0.0","0.03167865"
"2011-08-22 19:30:00+00:00","0.096","0.0","0.02695545"
"2011-08-22 20:00:00+00:00","0.122","0.0","0.02124825"
"2011-08-22 20:30:00+00:00","0.136","0.0","0.0205041"
"2011-08-22 21:00:00+00:00","0.096","0.0","0.01821015"
"2011-08-22 21:30:00+00:00","0.144","0.0","0.01775505"
"2011-08-22 22:00:00+00:00","0.092","0.0","0.0162114"
"2011-08-22 22:30:00+00:00","0.13","0.0","0.01745985"
"2011-08-22 23:00:00+00:00","0.117","0.0","0.01593465"
"2011-08-22 23:30:00+00:00","0.084","0.0","0.0181794"
"2011-08-23 00:00:00+00:00","0.17","0.0","0.01880055"
"2011-08-23 00:30:00+00:00","0.074","0.0","0.0159654"
"2011-08-23 01:00:00+00:00","0.12","0.0","0.0161007"
"2011-08-23 01:30:00+00:00","0.151","0.0","0.0161991"
"2011-08-23 02:00:00+00:00","0.072","0.0","0.0159039"
"2011-08-23 02:30:00+00:00","0.137","0.0","0.0148953"
"2011-08-23 03:00:00+00:00","0.136","0.0","0.01458165"
"2011-08-23 03:30:00+00:00","0.094","0.0","0.0131487"
"2011-08-23 04:00:00+00:00","0.117","0.0","0.0128904"
"2011-08-23 04:30:00+00:00","0.159","0.0","0.01320405"
"2011-08-23 05:00:00+00:00","0.062","0.0","0.01443405"
"2011-08-23 05:30:00+00:00","0.143","0.0","0.01458165"
"2011-08-23 06:00:00+00:00","0.133","0.0","0.0152274"
"2011-08-23 06:30:00+00:00","0.056","0.0","0.0176382"
"2011-08-23 07:00:00+00:00","0.173","0.0","0.01776735"
"2011-08-23 07:30:00+00:00","0.099","0.038","0.0172569"
"2011-08-23 08:00:00+00:00","0.092","0.044","0.01849305"
"2011-08-23 08:30:00+00:00","0.15","0.106","0.01800105"
"2011-08-23 09:00:00+00:00","0.104","0.444","0.01716465"
"2011-08-23 09:30:00+00:00","0.092","0.244","0.0169371"
"2011-08-23 10:00:00+00:00","0.143","0.675","0.01793955"
"2011-08-23 10:30:00+00:00","0.116","0.463","0.01825935"
"2011-08-23 11:00:00+00:00","0.097","0.269","0.01793955"
"2011-08-23 11:30:00+00:00","0.171","0.269","0.0165804"
"2011-08-23 12:00:00+00:00","0.076","0.525","0.0159285"
"2011-08-23 12:30:00+00:00","0.138","0.888","0.01598385"
"2011-08-23 13:00:00+00:00","0.134","0.713","0.0177612"
"2011-08-23 13:30:00+00:00","0.086","0.713","0.016359"
"2011-08-23 14:00:00+00:00","0.168","0.719","0.0167034"
"2011-08-23 14:30:00+00:00","0.114","0.669","0.0166296"
"2011-08-23 15:00:00+00:00","0.128","0.55","0.0160761"
"2011-08-23 15:30:00+00:00","0.136","0.456","0.0161007"
"2011-08-23 16:00:00+00:00","0.132","0.306","0.01773045"
"2011-08-23 16:30:00+00:00","0.107","0.15","0.01706625"
"2011-08-23 17:00:00+00:00","0.141","0.056","0.017466"
"2011-08-23 17:30:00+00:00","0.129","0.0","0.01852995"
"2011-08-23 18:00:00+00:00","0.095","0.0","0.02304405"
"2011-08-23 18:30:00+00:00","0.187","0.0","0.02653725"
"2011-08-23 19:00:00+00:00","0.079","0.0","0.0249813"
"2011-08-23 19:30:00+00:00","0.124","0.0","0.01993215"
"2011-08-23 20:00:00+00:00","0.15","0.0","0.0179703"
"2011-08-23 20:30:00+00:00","0.077","0.0","0.01907115"
"2011-08-23 21:00:00+00:00","0.162","0.0","0.01761975"
"2011-08-23 21:30:00+00:00","0.105","0.0","0.0167772"
"2011-08-23 22:00:00+00:00","0.12","0.0","0.01594695"
"2011-08-23 22:30:00+00:00","0.122","0.0","0.01829625"
"2011-08-23 23:00:00+00:00","0.11","0.0","0.01620525"
"2011-08-23 23:30:00+00:00","0.121","0.0","0.0179088"
"2011-08-24 00:00:00+00:00","0.107","0.0","0.01786575"
"2011-08-24 00:30:00+00:00","0.119","0.0","0.01620525"
"2011-08-24 01:00:00+00:00","0.112","0.0","0.0166296"
"2011-08-24 01:30:00+00:00","0.13","0.0","0.01668495"
"2011-08-24 02:00:00+00:00","0.083","0.0","0.0159777"
"2011-08-24 02:30:00+00:00","0.152","0.0","0.01547955"
"2011-08-24 03:00:00+00:00","0.088","0.0","0.0149814"
"2011-08-24 03:30:00+00:00","0.1","0.0","0.01479075"
"2011-08-24 04:00:00+00:00","0.152","0.0","0.0145632"
"2011-08-24 04:30:00+00:00","0.076","0.0","0.0147477"
"2011-08-24 05:00:00+00:00","0.126","0.0","0.0151782"
"2011-08-24 05:30:00+00:00","0.134","0.0","0.01575015"
"2011-08-24 06:00:00+00:00","0.09","0.0","0.0158547"
"2011-08-24 06:30:00+00:00","0.109","0.0","0.01699245"
"2011-08-24 07:00:00+00:00","0.131","0.006","0.01947705"
"2011-08-24 07:30:00+00:00","0.077","0.019","0.01851765"
"2011-08-24 08:00:00+00:00","0.13","0.069","0.02079315"
"2011-08-24 08:30:00+00:00","0.107","0.156","0.02053485"
"2011-08-24 09:00:00+00:00","0.074","0.231","0.01830855"
"2011-08-24 09:30:00+00:00","0.176","0.294","0.0187329"
"2011-08-24 10:00:00+00:00","0.062","0.356","0.01716465"
"2011-08-24 10:30:00+00:00","0.137","0.65","0.01690635"
"2011-08-24 11:00:00+00:00","0.13","0.581","0.0195078"
"2011-08-24 11:30:00+00:00","0.091","0.381","0.0170724"
"2011-08-24 12:00:00+00:00","0.116","0.506","0.01640205"
"2011-08-24 12:30:00+00:00","0.144","0.644","0.0164697"
"2011-08-24 13:00:00+00:00","0.086","0.788","0.01599615"
"2011-08-24 13:30:00+00:00","0.128","0.631","0.01621755"
"2011-08-24 14:00:00+00:00","0.16","0.688","0.0159777"
"2011-08-24 14:30:00+00:00","0.058","0.644","0.0159654"
"2011-08-24 15:00:00+00:00","0.19","0.556","0.0161376"
"2011-08-24 15:30:00+00:00","0.104","0.45","0.016236"
"2011-08-24 16:00:00+00:00","0.264","0.338","0.0165066"
"2011-08-24 16:30:00+00:00","0.254","0.2","0.01666035"
"2011-08-24 17:00:00+00:00","0.117","0.056","0.01693095"
"2011-08-24 17:30:00+00:00","0.141","0.0","0.01728765"
"2011-08-24 18:00:00+00:00","0.112","0.0","0.0193356"
"2011-08-24 18:30:00+00:00","0.187","0.0","0.0214389"
"2011-08-24 19:00:00+00:00","0.297","0.0","0.02171565"
"2011-08-24 19:30:00+00:00","0.312","0.0","0.0193602"
"2011-08-24 20:00:00+00:00","0.243","0.0","0.01813635"
"2011-08-24 20:30:00+00:00","0.182","0.0","0.01830855"
"2011-08-24 21:00:00+00:00","0.24","0.0","0.01773045"
"2011-08-24 21:30:00+00:00","0.351","0.0","0.01723845"
"2011-08-24 22:00:00+00:00","0.383","0.0","0.0162729"
"2011-08-24 22:30:00+00:00","0.32","0.0","0.01672185"
"2011-08-24 23:00:00+00:00","0.097","0.0","0.01559025"
"2011-08-24 23:30:00+00:00","0.183","0.0","0.0175398"
"2011-08-25 00:00:00+00:00","0.097","0.0","0.0167649"
"2011-08-25 00:30:00+00:00","0.098","0.0","0.0158178"
"2011-08-25 01:00:00+00:00","0.12","0.0","0.0159162"
"2011-08-25 01:30:00+00:00","0.112","0.0","0.0164943"
"2011-08-25 02:00:00+00:00","0.085","0.0","0.01577475"
"2011-08-25 02:30:00+00:00","0.147","0.0","0.0143418"
"2011-08-25 03:00:00+00:00","0.087","0.0","0.0137514"
"2011-08-25 03:30:00+00:00","0.109","0.0","0.0141327"
"2011-08-25 04:00:00+00:00","0.109","0.0","0.0138375"
"2011-08-25 04:30:00+00:00","0.127","0.0","0.01443405"
"2011-08-25 05:00:00+00:00","0.06","0.0","0.0144894"
"2011-08-25 05:30:00+00:00","0.18","0.0","0.01519665"
"2011-08-25 06:00:00+00:00","0.043","0.0","0.01534425"
"2011-08-25 06:30:00+00:00","0.158","0.0","0.01725075"
"2011-08-25 07:00:00+00:00","0.107","0.006","0.01990755"
"2011-08-25 07:30:00+00:00","0.148","0.056","0.01881285"
"2011-08-25 08:00:00+00:00","0.35","0.344","0.02075625"
"2011-08-25 08:30:00+00:00","0.153","0.488","0.0202581"
"2011-08-25 09:00:00+00:00","0.141","0.594","0.0173799"
"2011-08-25 09:30:00+00:00","0.173","0.669","0.01744755"
"2011-08-25 10:00:00+00:00","0.101","0.738","0.01667265"
"2011-08-25 10:30:00+00:00","0.099","0.781","0.0166911"
"2011-08-25 11:00:00+00:00","0.147","0.813","0.01658655"
"2011-08-25 11:30:00+00:00","0.091","0.844","0.0161007"
"2011-08-25 12:00:00+00:00","0.125","0.85","0.0161376"
"2011-08-25 12:30:00+00:00","0.218","0.85","0.01587315"
"2011-08-25 13:00:00+00:00","0.426","0.831","0.01584855"
"2011-08-25 13:30:00+00:00","0.173","0.794","0.01606995"
"2011-08-25 14:00:00+00:00","0.192","0.738","0.0159531"
"2011-08-25 14:30:00+00:00","0.142","0.663","0.0159408"
"2011-08-25 15:00:00+00:00","0.201","0.575","0.0158793"
"2011-08-25 15:30:00+00:00","0.276","0.463","0.0159162"
"2011-08-25 16:00:00+00:00","0.159","0.344","0.01600845"
"2011-08-25 16:30:00+00:00","0.274","0.206","0.0160638"
"2011-08-25 17:00:00+00:00","0.355","0.063","0.0160392"
"2011-08-25 17:30:00+00:00","0.186","0.0","0.01662345"
"2011-08-25 18:00:00+00:00","0.344","0.0","0.01728765"
"2011-08-25 18:30:00+00:00","0.709","0.0","0.01929255"
"2011-08-25 19:00:00+00:00","0.384","0.0","0.0202458"
"2011-08-25 19:30:00+00:00","0.358","0.0","0.0179949"
"2011-08-25 20:00:00+00:00","0.438","0.0","0.01755825"
"2011-08-25 20:30:00+00:00","0.226","0.0","0.016851"
"2011-08-25 21:00:00+00:00","0.309","0.0","0.0167034"
"2011-08-25 21:30:00+00:00","0.108","0.0","0.01619295"
"2011-08-25 22:00:00+00:00","0.098","0.0","0.0157563"
"2011-08-25 22:30:00+00:00","0.123","0.0","0.01616835"
"2011-08-25 23:00:00+00:00","0.601","0.0","0.0158178"
"2011-08-25 23:30:00+00:00","0.44","0.0","0.01626675"
"2011-08-26 00:00:00+00:00","0.147","0.0","0.0165312"
"2011-08-26 00:30:00+00:00","0.054","0.0","0.01591005"
"2011-08-26 01:00:00+00:00","0.107","0.0","0.01622985"
"2011-08-26 01:30:00+00:00","0.162","0.0","0.0164697"
"2011-08-26 02:00:00+00:00","0.144","0.0","0.01586085"
"2011-08-26 02:30:00+00:00","0.133","0.0","0.01568865"
"2011-08-26 03:00:00+00:00","0.186","0.0","0.01554105"
"2011-08-26 03:30:00+00:00","0.102","0.0","0.014514"
"2011-08-26 04:00:00+00:00","0.164","0.0","0.01497525"
"2011-08-26 04:30:00+00:00","0.154","0.0","0.01496295"
"2011-08-26 05:00:00+00:00","0.114","0.0","0.0153873"
"2011-08-26 05:30:00+00:00","0.16","0.0","0.015744"
"2011-08-26 06:00:00+00:00","0.101","0.0","0.01586085"
"2011-08-26 06:30:00+00:00","0.145","0.0","0.0179826"
"2011-08-26 07:00:00+00:00","0.432","0.0","0.01985835"
"2011-08-26 07:30:00+00:00","0.406","0.056","0.0183147"
"2011-08-26 08:00:00+00:00","0.158","0.331","0.02015355"
"2011-08-26 08:30:00+00:00","0.244","0.469","0.02021505"
"2011-08-26 09:00:00+00:00","0.127","0.575","0.01795185"
"2011-08-26 09:30:00+00:00","0.181","0.656","0.01999365"
"2011-08-26 10:00:00+00:00","0.183","0.725","0.0183639"
"2011-08-26 10:30:00+00:00","0.217","0.763","0.0187821"
"2011-08-26 11:00:00+00:00","0.223","0.8","0.01795185"
"2011-08-26 11:30:00+00:00","0.221","0.813","0.0176382"
"2011-08-26 12:00:00+00:00","0.191","0.788","0.0169125"
"2011-08-26 12:30:00+00:00","0.264","0.8","0.016605"
"2011-08-26 13:00:00+00:00","0.16","0.788","0.0165804"
"2011-08-26 13:30:00+00:00","0.272","0.744","0.01650045"
"2011-08-26 14:00:00+00:00","0.181","0.694","0.01595925"
"2011-08-26 14:30:00+00:00","0.238","0.619","0.0145263"
"2011-08-26 15:00:00+00:00","0.219","0.538","0.0158178"
"2011-08-26 15:30:00+00:00","0.214","0.438","0.01584855"
"2011-08-26 16:00:00+00:00","0.164","0.325","0.01606995"
"2011-08-26 16:30:00+00:00","0.199","0.194","0.01634055"
"2011-08-26 17:00:00+00:00","0.12","0.056","0.01599615"
"2011-08-26 17:30:00+00:00","0.239","0.0","0.016113"
"2011-08-26 18:00:00+00:00","0.228","0.0","0.01647585"
"2011-08-26 18:30:00+00:00","0.246","0.0","0.01823475"
"2011-08-26 19:00:00+00:00","0.473","0.0","0.018573"
"2011-08-26 19:30:00+00:00","0.186","0.0","0.0176628"
"2011-08-26 20:00:00+00:00","0.345","0.0","0.01721385"
"2011-08-26 20:30:00+00:00","0.253","0.0","0.0163959"
"2011-08-26 21:00:00+00:00","0.415","0.0","0.01587315"
"2011-08-26 21:30:00+00:00","0.247","0.0","0.0158424"
"2011-08-26 22:00:00+00:00","0.412","0.0","0.0158547"
"2011-08-26 22:30:00+00:00","0.283","0.0","0.0180072"
"2011-08-26 23:00:00+00:00","0.193","0.0","0.0160146"
"2011-08-26 23:30:00+00:00","0.217","0.0","0.02233065"
"2011-08-27 00:00:00+00:00","0.153","0.0","0.0193233"
"2011-08-27 00:30:00+00:00","0.111","0.0","0.01673415"
"2011-08-27 01:00:00+00:00","0.112","0.0","0.01706625"
"2011-08-27 01:30:00+00:00","0.146","0.0","0.01827165"
"2011-08-27 02:00:00+00:00","0.086","0.0","0.0174168"
"2011-08-27 02:30:00+00:00","0.149","0.0","0.0159039"
"2011-08-27 03:00:00+00:00","0.117","0.0","0.0153627"
"2011-08-27 03:30:00+00:00","0.103","0.0","0.0148215"
"2011-08-27 04:00:00+00:00","0.147","0.0","0.0149076"
"2011-08-27 04:30:00+00:00","0.061","0.0","0.0148953"
"2011-08-27 05:00:00+00:00","0.229","0.006","0.01490145"
"2011-08-27 05:30:00+00:00","0.152","0.0","0.01480305"
"2011-08-27 06:00:00+00:00","0.169","0.0","0.01480305"
"2011-08-27 06:30:00+00:00","0.185","0.0","0.0148215"
"2011-08-27 07:00:00+00:00","0.28","0.0","0.0152151"
"2011-08-27 07:30:00+00:00","0.212","0.025","0.0155226"
"2011-08-27 08:00:00+00:00","0.128","0.075","0.0172569"
"2011-08-27 08:30:00+00:00","0.428","0.125","0.01723845"
"2011-08-27 09:00:00+00:00","0.341","0.181","0.01878825"
"2011-08-27 09:30:00+00:00","0.104","0.506","0.0204057"
"2011-08-27 10:00:00+00:00","0.162","0.719","0.0180687"
"2011-08-27 10:30:00+00:00","0.107","0.381","0.0205287"
"2011-08-27 11:00:00+00:00","0.18","0.219","0.01864065"
"2011-08-27 11:30:00+00:00","0.24","0.2","0.01851765"
"2011-08-27 12:00:00+00:00","0.157","0.156","0.01817325"
"2011-08-27 12:30:00+00:00","0.46","0.05","0.0169371"
"2011-08-27 13:00:00+00:00","0.955","0.094","0.0166173"
"2011-08-27 13:30:00+00:00","0.414","0.138","0.0166296"
"2011-08-27 14:00:00+00:00","0.142","0.15","0.0158793"
"2011-08-27 14:30:00+00:00","0.246","0.125","0.01626675"
"2011-08-27 15:00:00+00:00","0.986","0.119","0.01594695"
"2011-08-27 15:30:00+00:00","0.274","0.088","0.01636515"
"2011-08-27 16:00:00+00:00","0.213","0.006","0.0168141"
"2011-08-27 16:30:00+00:00","0.341","0.006","0.01673415"
"2011-08-27 17:00:00+00:00","0.196","0.0","0.0172446"
"2011-08-27 17:30:00+00:00","0.257","0.0","0.01561485"
"2011-08-27 18:00:00+00:00","0.724","0.0","0.01825935"
"2011-08-27 18:30:00+00:00","0.237","0.0","0.0203073"
"2011-08-27 19:00:00+00:00","0.173","0.0","0.01915725"
"2011-08-27 19:30:00+00:00","0.247","0.0","0.0176136"
"2011-08-27 20:00:00+00:00","0.408","0.0","0.0176505"
"2011-08-27 20:30:00+00:00","0.235","0.0","0.0175029"
"2011-08-27 21:00:00+00:00","0.31","0.0","0.01635285"
"2011-08-27 21:30:00+00:00","0.176","0.0","0.0165681"
"2011-08-27 22:00:00+00:00","0.231","0.0","0.01570095"
"2011-08-27 22:30:00+00:00","0.164","0.0","0.0170601"
"2011-08-27 23:00:00+00:00","0.19","0.0","0.01672185"
"2011-08-27 23:30:00+00:00","0.201","0.0","0.01962465"
"2011-08-28 00:00:00+00:00","0.12","0.0","0.01787805"
"2011-08-28 00:30:00+00:00","0.197","0.0","0.01745985"
"2011-08-28 01:00:00+00:00","0.166","0.0","0.01622985"
"2011-08-28 01:30:00+00:00","0.147","0.0","0.01652505"
"2011-08-28 02:00:00+00:00","0.146","0.0","0.0152766"
"2011-08-28 02:30:00+00:00","0.122","0.0","0.01470465"
"2011-08-28 03:00:00+00:00","0.101","0.0","0.0150306"
"2011-08-28 03:30:00+00:00","0.126","0.0","0.0145755"
"2011-08-28 04:00:00+00:00","0.147","0.0","0.0140958"
"2011-08-28 04:30:00+00:00","0.465","0.0","0.01488915"
"2011-08-28 05:00:00+00:00","0.499","0.0","0.0147969"
"2011-08-28 05:30:00+00:00","0.745","0.0","0.01422495"
"2011-08-28 06:00:00+00:00","0.117","0.0","0.01405275"
"2011-08-28 06:30:00+00:00","0.279","0.0","0.01443405"
"2011-08-28 07:00:00+00:00","0.136","0.0","0.01448325"
"2011-08-28 07:30:00+00:00","0.179","0.069","0.01485225"
"2011-08-28 08:00:00+00:00","0.207","0.175","0.01547955"
"2011-08-28 08:30:00+00:00","0.325","0.188","0.01584855"
"2011-08-28 09:00:00+00:00","0.322","0.35","0.01593465"
"2011-08-28 09:30:00+00:00","0.255","0.644","0.01640205"
"2011-08-28 10:00:00+00:00","0.118","0.469","0.01606995"
"2011-08-28 10:30:00+00:00","0.115","0.731","0.01588545"
"2011-08-28 11:00:00+00:00","0.476","0.519","0.01583625"
"2011-08-28 11:30:00+00:00","0.159","0.419","0.01571325"
"2011-08-28 12:00:00+00:00","0.301","0.488","0.015375"
"2011-08-28 12:30:00+00:00","0.283","0.5","0.015129"
"2011-08-28 13:00:00+00:00","0.179","0.325","0.0151659"
"2011-08-28 13:30:00+00:00","0.201","0.525","0.01531965"
"2011-08-28 14:00:00+00:00","0.273","0.7","0.01522125"
"2011-08-28 14:30:00+00:00","0.264","0.556","0.01531965"
"2011-08-28 15:00:00+00:00","0.25","0.5","0.0152274"
"2011-08-28 15:30:00+00:00","0.331","0.431","0.01535655"
"2011-08-28 16:00:00+00:00","0.22","0.306","0.01584855"
"2011-08-28 16:30:00+00:00","0.236","0.188","0.01575015"
"2011-08-28 17:00:00+00:00","0.257","0.05","0.01603305"
"2011-08-28 17:30:00+00:00","0.182","0.006","0.0165558"
"2011-08-28 18:00:00+00:00","0.395","0.0","0.02087925"
"2011-08-28 18:30:00+00:00","0.537","0.0","0.02677095"
"2011-08-28 19:00:00+00:00","0.252","0.0","0.02447085"
"2011-08-28 19:30:00+00:00","0.153","0.0","0.0191388"
"2011-08-28 20:00:00+00:00","0.311","0.0","0.01845615"
"2011-08-28 20:30:00+00:00","0.381","0.0","0.0207132"
"2011-08-28 21:00:00+00:00","0.477","0.0","0.0210945"
"2011-08-28 21:30:00+00:00","0.44","0.0","0.01780425"
"2011-08-28 22:00:00+00:00","0.205","0.0","0.0158178"
"2011-08-28 22:30:00+00:00","0.174","0.0","0.01702935"
"2011-08-28 23:00:00+00:00","0.173","0.0","0.0164082"
"2011-08-28 23:30:00+00:00","0.165","0.0","0.01841925"
"2011-08-29 00:00:00+00:00","0.124","0.0","0.01754595"
"2011-08-29 00:30:00+00:00","0.208","0.0","0.0158793"
"2011-08-29 01:00:00+00:00","0.648","0.0","0.01610685"
"2011-08-29 01:30:00+00:00","0.48","0.0","0.01624215"
"2011-08-29 02:00:00+00:00","0.183","0.0","0.0156825"
"2011-08-29 02:30:00+00:00","0.131","0.0","0.0154734"
"2011-08-29 03:00:00+00:00","0.158","0.0","0.0152274"
"2011-08-29 03:30:00+00:00","0.134","0.0","0.01491375"
"2011-08-29 04:00:00+00:00","0.098","0.0","0.0149199"
"2011-08-29 04:30:00+00:00","0.071","0.0","0.0150552"
"2011-08-29 05:00:00+00:00","0.154","0.0","0.0152028"
"2011-08-29 05:30:00+00:00","0.06","0.0","0.0161007"
"2011-08-29 06:00:00+00:00","0.252","0.0","0.01546725"
"2011-08-29 06:30:00+00:00","0.144","0.0","0.0198768"
"2011-08-29 07:00:00+00:00","0.084","0.006","0.02225685"
"2011-08-29 07:30:00+00:00","0.103","0.056","0.01835775"
"2011-08-29 08:00:00+00:00","0.123","0.313","0.0226689"
"2011-08-29 08:30:00+00:00","0.105","0.463","0.0203565"
"2011-08-29 09:00:00+00:00","0.165","0.575","0.01781655"
"2011-08-29 09:30:00+00:00","0.405","0.65","0.02012895"
"2011-08-29 10:00:00+00:00","0.206","0.694","0.0197661"
"2011-08-29 10:30:00+00:00","0.264","0.75","0.02062095"
"2011-08-29 11:00:00+00:00","0.208","0.794","0.02101455"
"2011-08-29 11:30:00+00:00","0.16","0.781","0.0206148"
"2011-08-29 12:00:00+00:00","0.155","0.781","0.02069475"
"2011-08-29 12:30:00+00:00","0.225","0.8","0.02084235"
"2011-08-29 13:00:00+00:00","0.231","0.669","0.02022735"
"2011-08-29 13:30:00+00:00","0.304","0.506","0.0201105"
"2011-08-29 14:00:00+00:00","0.219","0.619","0.01962465"
"2011-08-29 14:30:00+00:00","0.165","0.619","0.01918185"
"2011-08-29 15:00:00+00:00","0.145","0.394","0.02054715"
"2011-08-29 15:30:00+00:00","0.222","0.406","0.0191757"
"2011-08-29 16:00:00+00:00","0.09","0.288","0.01923105"
"2011-08-29 16:30:00+00:00","0.181","0.144","0.01813635"
"2011-08-29 17:00:00+00:00","0.335","0.05","0.0182163"
"2011-08-29 17:30:00+00:00","0.088","0.0","0.01916955"
"2011-08-29 18:00:00+00:00","0.425","0.0","0.0225951"
"2011-08-29 18:30:00+00:00","0.394","0.0","0.02909565"
"2011-08-29 19:00:00+00:00","0.263","0.0","0.0235053"
"2011-08-29 19:30:00+00:00","0.133","0.0","0.02041185"
"2011-08-29 20:00:00+00:00","0.306","0.0","0.0183393"
"2011-08-29 20:30:00+00:00","0.224","0.0","0.01774275"
"2011-08-29 21:00:00+00:00","0.295","0.0","0.01744755"
"2011-08-29 21:30:00+00:00","0.16","0.0","0.016236"
"2011-08-29 22:00:00+00:00","0.207","0.0","0.0155349"
"2011-08-29 22:30:00+00:00","0.096","0.0","0.0186591"
"2011-08-29 23:00:00+00:00","0.178","0.0","0.01663575"
"2011-08-29 23:30:00+00:00","0.159","0.0","0.0185976"
"2011-08-30 00:00:00+00:00","0.13","0.0","0.018819"
"2011-08-30 00:30:00+00:00","0.143","0.0","0.01593465"
"2011-08-30 01:00:00+00:00","0.139","0.0","0.01654965"
"2011-08-30 01:30:00+00:00","0.073","0.0","0.01792725"
"2011-08-30 02:00:00+00:00","0.092","0.0","0.0157932"
"2011-08-30 02:30:00+00:00","0.134","0.0","0.0149814"
"2011-08-30 03:00:00+00:00","0.055","0.0","0.01506135"
"2011-08-30 03:30:00+00:00","0.117","0.0","0.01475385"
"2011-08-30 04:00:00+00:00","0.103","0.0","0.01475385"
"2011-08-30 04:30:00+00:00","0.088","0.0","0.01499985"
"2011-08-30 05:00:00+00:00","0.078","0.0","0.0152151"
"2011-08-30 05:30:00+00:00","0.147","0.0","0.0162483"
"2011-08-30 06:00:00+00:00","0.098","0.0","0.0159777"
"2011-08-30 06:30:00+00:00","0.185","0.0","0.019311"
"2011-08-30 07:00:00+00:00","0.16","0.0","0.0215742"
"2011-08-30 07:30:00+00:00","0.171","0.019","0.0193233"
"2011-08-30 08:00:00+00:00","0.568","0.15","0.0241695"
"2011-08-30 08:30:00+00:00","0.352","0.169","0.0212544"
"2011-08-30 09:00:00+00:00","0.136","0.106","0.0201351"
"2011-08-30 09:30:00+00:00","0.229","0.05","0.0206271"
"2011-08-30 10:00:00+00:00","0.153","0.388","0.0213282"
"2011-08-30 10:30:00+00:00","0.114","0.388","0.020541"
"2011-08-30 11:00:00+00:00","0.099","0.281","0.0203565"
"2011-08-30 11:30:00+00:00","0.122","0.331","0.01892355"
"2011-08-30 12:00:00+00:00","0.062","0.519","0.0197046"
"2011-08-30 12:30:00+00:00","0.13","0.831","0.01878825"
"2011-08-30 13:00:00+00:00","0.1","0.463","0.01884975"
"2011-08-30 13:30:00+00:00","0.073","0.588","0.01999365"
"2011-08-30 14:00:00+00:00","0.126","0.319","0.0192249"
"2011-08-30 14:30:00+00:00","0.103","0.581","0.0184131"
"2011-08-30 15:00:00+00:00","0.076","0.5","0.01832085"
"2011-08-30 15:30:00+00:00","0.183","0.319","0.0182778"
"2011-08-30 16:00:00+00:00","0.329","0.3","0.0192249"
"2011-08-30 16:30:00+00:00","0.245","0.156","0.0196308"
"2011-08-30 17:00:00+00:00","0.23","0.056","0.0192987"
"2011-08-30 17:30:00+00:00","0.328","0.0","0.0219063"
"2011-08-30 18:00:00+00:00","0.293","0.0","0.02469225"
"2011-08-30 18:30:00+00:00","0.408","0.0","0.02682015"
"2011-08-30 19:00:00+00:00","0.328","0.0","0.02447085"
"2011-08-30 19:30:00+00:00","0.359","0.0","0.0238374"
"2011-08-30 20:00:00+00:00","0.234","0.0","0.023493"
"2011-08-30 20:30:00+00:00","0.248","0.0","0.0214266"
"2011-08-30 21:00:00+00:00","0.293","0.0","0.02193705"
"2011-08-30 21:30:00+00:00","0.236","0.0","0.01888665"
"2011-08-30 22:00:00+00:00","0.201","0.0","0.01581165"
"2011-08-30 22:30:00+00:00","0.137","0.0","0.0205656"
"2011-08-30 23:00:00+00:00","0.115","0.0","0.01678335"
"2011-08-30 23:30:00+00:00","0.144","0.0","0.01925565"
"2011-08-31 00:00:00+00:00","0.057","0.0","0.01918185"
"2011-08-31 00:30:00+00:00","0.117","0.0","0.0173676"
"2011-08-31 01:00:00+00:00","0.101","0.0","0.0175152"
"2011-08-31 01:30:00+00:00","0.087","0.0","0.01812405"
"2011-08-31 02:00:00+00:00","0.074","0.0","0.01606995"
"2011-08-31 02:30:00+00:00","0.141","0.0","0.0163098"
"2011-08-31 03:00:00+00:00","0.063","0.0","0.01566405"
"2011-08-31 03:30:00+00:00","0.105","0.0","0.0156579"
"2011-08-31 04:00:00+00:00","0.125","0.0","0.0153627"
"2011-08-31 04:30:00+00:00","0.058","0.0","0.0158178"
"2011-08-31 05:00:00+00:00","0.13","0.0","0.0158793"
"2011-08-31 05:30:00+00:00","0.165","0.0","0.01659885"
"2011-08-31 06:00:00+00:00","0.149","0.0","0.01657425"
"2011-08-31 06:30:00+00:00","0.299","0.0","0.02062095"
"2011-08-31 07:00:00+00:00","0.23","0.0","0.02562705"
"2011-08-31 07:30:00+00:00","0.116","0.019","0.0199383"
"2011-08-31 08:00:00+00:00","0.195","0.044","0.02634045"
"2011-08-31 08:30:00+00:00","0.419","0.356","0.0252642"
"2011-08-31 09:00:00+00:00","0.228","0.45","0.0215619"
"2011-08-31 09:30:00+00:00","0.206","0.663","0.0213651"
"2011-08-31 10:00:00+00:00","0.985","0.725","0.0203934"
"2011-08-31 10:30:00+00:00","0.34","0.788","0.0185853"
"2011-08-31 11:00:00+00:00","0.169","0.831","0.01803795"
"2011-08-31 11:30:00+00:00","0.271","0.75","0.01757055"
"2011-08-31 12:00:00+00:00","0.143","0.563","0.01797645"
"2011-08-31 12:30:00+00:00","0.247","0.763","0.01768125"
"2011-08-31 13:00:00+00:00","0.326","0.806","0.01866525"
"2011-08-31 13:30:00+00:00","0.184","0.763","0.01851765"
"2011-08-31 14:00:00+00:00","0.135","0.706","0.01830855"
"2011-08-31 14:30:00+00:00","0.156","0.638","0.01828395"
"2011-08-31 15:00:00+00:00","0.098","0.55","0.0174906"
"2011-08-31 15:30:00+00:00","0.124","0.45","0.0176751"
"2011-08-31 16:00:00+00:00","0.266","0.313","0.0180687"
"2011-08-31 16:30:00+00:00","0.371","0.169","0.0185238"
"2011-08-31 17:00:00+00:00","0.212","0.069","0.01757055"
"2011-08-31 17:30:00+00:00","0.544","0.0","0.0196923"
"2011-08-31 18:00:00+00:00","0.561","0.0","0.0230256"
"2011-08-31 18:30:00+00:00","0.204","0.0","0.02550405"
"2011-08-31 19:00:00+00:00","0.396","0.0","0.02571315"
"2011-08-31 19:30:00+00:00","0.322","0.0","0.024723"
"2011-08-31 20:00:00+00:00","0.386","0.0","0.02529495"
"2011-08-31 20:30:00+00:00","0.189","0.0","0.02228145"
"2011-08-31 21:00:00+00:00","0.252","0.0","0.0208362"
"2011-08-31 21:30:00+00:00","0.17","0.0","0.01776735"
"2011-08-31 22:00:00+00:00","0.11","0.0","0.0158547"
"2011-08-31 22:30:00+00:00","0.128","0.0","0.0190158"
"2011-08-31 23:00:00+00:00","0.12","0.0","0.01640205"
"2011-08-31 23:30:00+00:00","0.05","0.0","0.01860375"
"2011-09-01 00:00:00+00:00","0.155","0.0","0.01957545"
"2011-09-01 00:30:00+00:00","0.089","0.0","0.01860375"
"2011-09-01 01:00:00+00:00","0.076","0.0","0.0176874"
"2011-09-01 01:30:00+00:00","0.201","0.0","0.0187821"
"2011-09-01 02:00:00+00:00","0.144","0.0","0.01626675"
"2011-09-01 02:30:00+00:00","0.143","0.0","0.0158178"
"2011-09-01 03:00:00+00:00","0.154","0.0","0.01529505"
"2011-09-01 03:30:00+00:00","0.174","0.0","0.0150675"
"2011-09-01 04:00:00+00:00","0.109","0.0","0.014883"
"2011-09-01 04:30:00+00:00","0.18","0.0","0.01529505"
"2011-09-01 05:00:00+00:00","0.103","0.0","0.01600845"
"2011-09-01 05:30:00+00:00","0.066","0.0","0.0167034"
"2011-09-01 06:00:00+00:00","0.133","0.0","0.01701705"
"2011-09-01 06:30:00+00:00","0.442","0.0","0.0200121"
"2011-09-01 07:00:00+00:00","0.247","0.019","0.02396655"
"2011-09-01 07:30:00+00:00","0.114","0.069","0.01973535"
"2011-09-01 08:00:00+00:00","0.435","0.325","0.0218079"
"2011-09-01 08:30:00+00:00","0.223","0.475","0.021648"
"2011-09-01 09:00:00+00:00","0.195","0.581","0.0226443"
"2011-09-01 09:30:00+00:00","0.157","0.594","0.0211437"
"2011-09-01 10:00:00+00:00","0.127","0.569","0.0207378"
"2011-09-01 10:30:00+00:00","0.176","0.631","0.0207747"
"2011-09-01 11:00:00+00:00","0.157","0.788","0.020172"
"2011-09-01 11:30:00+00:00","0.132","0.788","0.01903425"
"2011-09-01 12:00:00+00:00","0.169","0.788","0.01896045"
"2011-09-01 12:30:00+00:00","0.143","0.788","0.0187206"
"2011-09-01 13:00:00+00:00","0.347","0.75","0.01854225"
"2011-09-01 13:30:00+00:00","0.204","0.738","0.0205164"
"2011-09-01 14:00:00+00:00","0.21","0.669","0.01994445"
"2011-09-01 14:30:00+00:00","0.196","0.644","0.01881285"
"2011-09-01 15:00:00+00:00","0.146","0.494","0.0184746"
"2011-09-01 15:30:00+00:00","0.259","0.094","0.0181302"
"2011-09-01 16:00:00+00:00","0.195","0.125","0.01809945"
"2011-09-01 16:30:00+00:00","0.46","0.075","0.0181794"
"2011-09-01 17:00:00+00:00","0.139","0.025","0.01830855"
"2011-09-01 17:30:00+00:00","0.315","0.0","0.0195078"
"2011-09-01 18:00:00+00:00","0.56","0.0","0.02005515"
"2011-09-01 18:30:00+00:00","0.178","0.0","0.02791485"
"2011-09-01 19:00:00+00:00","0.294","0.0","0.02728755"
"2011-09-01 19:30:00+00:00","0.226","0.0","0.0198645"
"2011-09-01 20:00:00+00:00","0.359","0.0","0.021771"
"2011-09-01 20:30:00+00:00","0.227","0.0","0.0191634"
"2011-09-01 21:00:00+00:00","0.302","0.0","0.0181425"
"2011-09-01 21:30:00+00:00","0.387","0.0","0.0180564"
"2011-09-01 22:00:00+00:00","0.122","0.0","0.01624215"
"2011-09-01 22:30:00+00:00","0.136","0.0","0.0213528"
"2011-09-01 23:00:00+00:00","0.513","0.0","0.0166911"
"2011-09-01 23:30:00+00:00","0.587","0.0","0.02121135"
"2011-09-02 00:00:00+00:00","0.199","0.0","0.01982145"
"2011-09-02 00:30:00+00:00","0.103","0.0","0.01923105"
"2011-09-02 01:00:00+00:00","0.177","0.0","0.017835"
"2011-09-02 01:30:00+00:00","0.169","0.0","0.0170109"
"2011-09-02 02:00:00+00:00","0.135","0.0","0.01570095"
"2011-09-02 02:30:00+00:00","0.143","0.0","0.0147846"
"2011-09-02 03:00:00+00:00","0.133","0.0","0.01465545"
"2011-09-02 03:30:00+00:00","0.085","0.0","0.0145632"
"2011-09-02 04:00:00+00:00","0.08","0.0","0.0143541"
"2011-09-02 04:30:00+00:00","0.16","0.0","0.0145632"
"2011-09-02 05:00:00+00:00","0.049","0.0","0.0149691"
"2011-09-02 05:30:00+00:00","0.114","0.0","0.01522125"
"2011-09-02 06:00:00+00:00","0.133","0.0","0.01599"
"2011-09-02 06:30:00+00:00","0.162","0.0","0.0207993"
"2011-09-02 07:00:00+00:00","0.267","0.013","0.0214512"
"2011-09-02 07:30:00+00:00","0.259","0.075","0.0167403"
"2011-09-02 08:00:00+00:00","0.374","0.238","0.01780425"
"2011-09-02 08:30:00+00:00","0.171","0.4","0.0201843"
"2011-09-02 09:00:00+00:00","0.2","0.169","0.01910805"
"2011-09-02 09:30:00+00:00","0.172","0.406","0.0176751"
"2011-09-02 10:00:00+00:00","0.149","0.456","0.01689405"
"2011-09-02 10:30:00+00:00","0.13","0.2","0.0183516"
"2011-09-02 11:00:00+00:00","0.206","0.263","0.0190527"
"2011-09-02 11:30:00+00:00","0.103","0.338","0.0183393"
"2011-09-02 12:00:00+00:00","0.176","0.163","0.0183762"
"2011-09-02 12:30:00+00:00","0.202","0.15","0.01822245"
"2011-09-02 13:00:00+00:00","0.283","0.475","0.01774275"
"2011-09-02 13:30:00+00:00","0.437","0.7","0.0170232"
"2011-09-02 14:00:00+00:00","0.176","0.769","0.0171462"
"2011-09-02 14:30:00+00:00","0.218","0.688","0.01726305"
"2011-09-02 15:00:00+00:00","0.223","0.594","0.01659885"
"2011-09-02 15:30:00+00:00","0.172","0.425","0.01662345"
"2011-09-02 16:00:00+00:00","0.107","0.175","0.0167034"
"2011-09-02 16:30:00+00:00","0.302","0.075","0.01640205"
"2011-09-02 17:00:00+00:00","0.456","0.031","0.0171216"
"2011-09-02 17:30:00+00:00","0.279","0.0","0.01642665"
"2011-09-02 18:00:00+00:00","0.453","0.0","0.016974"
"2011-09-02 18:30:00+00:00","0.298","0.0","0.0177735"
"2011-09-02 19:00:00+00:00","0.387","0.0","0.0180933"
"2011-09-02 19:30:00+00:00","0.285","0.0","0.0167526"
"2011-09-02 20:00:00+00:00","0.329","0.0","0.0165066"
"2011-09-02 20:30:00+00:00","0.233","0.0","0.0173553"
"2011-09-02 21:00:00+00:00","0.303","0.0","0.01627905"
"2011-09-02 21:30:00+00:00","0.173","0.0","0.01582395"
"2011-09-02 22:00:00+00:00","0.261","0.0","0.01502445"
"2011-09-02 22:30:00+00:00","0.149","0.0","0.0177981"
"2011-09-02 23:00:00+00:00","0.131","0.0","0.0161622"
"2011-09-02 23:30:00+00:00","0.083","0.0","0.01859145"
"2011-09-03 00:00:00+00:00","0.133","0.0","0.0205287"
"2011-09-03 00:30:00+00:00","0.132","0.0","0.01734915"
"2011-09-03 01:00:00+00:00","0.059","0.0","0.01506135"
"2011-09-03 01:30:00+00:00","0.154","0.0","0.01582395"
"2011-09-03 02:00:00+00:00","0.106","0.0","0.0149445"
"2011-09-03 02:30:00+00:00","0.147","0.0","0.0144525"
"2011-09-03 03:00:00+00:00","0.159","0.0","0.0142803"
"2011-09-03 03:30:00+00:00","0.207","0.0","0.01313025"
"2011-09-03 04:00:00+00:00","0.121","0.0","0.01433565"
"2011-09-03 04:30:00+00:00","0.161","0.0","0.01392975"
"2011-09-03 05:00:00+00:00","0.191","0.0","0.01465545"
"2011-09-03 05:30:00+00:00","0.122","0.0","0.01416345"
"2011-09-03 06:00:00+00:00","0.179","0.0","0.01364685"
"2011-09-03 06:30:00+00:00","0.279","0.0","0.01464315"
"2011-09-03 07:00:00+00:00","0.099","0.013","0.0152397"
"2011-09-03 07:30:00+00:00","0.097","0.056","0.0155349"
"2011-09-03 08:00:00+00:00","0.228","0.288","0.01602075"
"2011-09-03 08:30:00+00:00","0.39","0.506","0.01654965"
"2011-09-03 09:00:00+00:00","0.181","0.581","0.01643895"
"2011-09-03 09:30:00+00:00","0.17","0.519","0.0158916"
"2011-09-03 10:00:00+00:00","0.325","0.525","0.01528275"
"2011-09-03 10:30:00+00:00","0.154","0.788","0.01540575"
"2011-09-03 11:00:00+00:00","0.214","0.888","0.01588545"
"2011-09-03 11:30:00+00:00","0.219","0.6","0.0153012"
"2011-09-03 12:00:00+00:00","0.401","0.65","0.0154857"
"2011-09-03 12:30:00+00:00","0.124","0.75","0.01538115"
"2011-09-03 13:00:00+00:00","0.276","0.513","0.01522125"
"2011-09-03 13:30:00+00:00","0.098","0.669","0.01520895"
"2011-09-03 14:00:00+00:00","0.192","0.513","0.0152028"
"2011-09-03 14:30:00+00:00","0.118","0.438","0.01520895"
"2011-09-03 15:00:00+00:00","0.167","0.569","0.0148461"
"2011-09-03 15:30:00+00:00","0.459","0.475","0.01527045"
"2011-09-03 16:00:00+00:00","0.244","0.35","0.0151659"
"2011-09-03 16:30:00+00:00","0.179","0.213","0.0151413"
"2011-09-03 17:00:00+00:00","0.431","0.069","0.0153627"
"2011-09-03 17:30:00+00:00","0.273","0.0","0.01556565"
"2011-09-03 18:00:00+00:00","0.35","0.0","0.01734915"
"2011-09-03 18:30:00+00:00","0.274","0.0","0.017097"
"2011-09-03 19:00:00+00:00","0.376","0.0","0.0162729"
"2011-09-03 19:30:00+00:00","0.394","0.0","0.01598385"
"2011-09-03 20:00:00+00:00","0.238","0.0","0.01588545"
"2011-09-03 20:30:00+00:00","0.193","0.0","0.0155226"
"2011-09-03 21:00:00+00:00","0.285","0.0","0.01540575"
"2011-09-03 21:30:00+00:00","0.113","0.0","0.0152766"
"2011-09-03 22:00:00+00:00","0.184","0.0","0.01519665"
"2011-09-03 22:30:00+00:00","0.105","0.006","0.0158424"
"2011-09-03 23:00:00+00:00","0.21","0.0","0.0153996"
"2011-09-03 23:30:00+00:00","0.942","0.0","0.01540575"
"2011-09-04 00:00:00+00:00","0.071","0.0","0.01630365"
"2011-09-04 00:30:00+00:00","0.123","0.0","0.0153996"
"2011-09-04 01:00:00+00:00","0.139","0.0","0.01472925"
"2011-09-04 01:30:00+00:00","0.1","0.0","0.01418805"
"2011-09-04 02:00:00+00:00","0.105","0.0","0.01278585"
"2011-09-04 02:30:00+00:00","0.15","0.0","0.01249065"
"2011-09-04 03:00:00+00:00","0.102","0.0","0.01249065"
"2011-09-04 03:30:00+00:00","0.09","0.0","0.0121647"
"2011-09-04 04:00:00+00:00","0.176","0.0","0.0114636"
"2011-09-04 04:30:00+00:00","0.065","0.0","0.01158045"
"2011-09-04 05:00:00+00:00","0.126","0.0","0.01208475"
"2011-09-04 05:30:00+00:00","0.151","0.0","0.0121155"
"2011-09-04 06:00:00+00:00","0.085","0.0","0.0120663"
"2011-09-04 06:30:00+00:00","0.49","0.0","0.0121278"
"2011-09-04 07:00:00+00:00","0.233","0.013","0.0127059"
"2011-09-04 07:30:00+00:00","0.113","0.075","0.01305645"
"2011-09-04 08:00:00+00:00","0.181","0.263","0.0154119"
"2011-09-04 08:30:00+00:00","0.449","0.5","0.01531965"
"2011-09-04 09:00:00+00:00","0.11","0.606","0.01527045"
"2011-09-04 09:30:00+00:00","0.209","0.688","0.0153504"
"2011-09-04 10:00:00+00:00","0.231","0.756","0.015252"
"2011-09-04 10:30:00+00:00","0.124","0.806","0.0151167"
"2011-09-04 11:00:00+00:00","0.477","0.831","0.0149322"
"2011-09-04 11:30:00+00:00","0.182","0.844","0.0149322"
"2011-09-04 12:00:00+00:00","0.208","0.85","0.01454475"
"2011-09-04 12:30:00+00:00","0.598","0.831","0.0147354"
"2011-09-04 13:00:00+00:00","0.609","0.813","0.0147108"
"2011-09-04 13:30:00+00:00","0.135","0.775","0.01448325"
"2011-09-04 14:00:00+00:00","0.163","0.719","0.01463085"
"2011-09-04 14:30:00+00:00","0.285","0.656","0.0146001"
"2011-09-04 15:00:00+00:00","0.484","0.575","0.0152151"
"2011-09-04 15:30:00+00:00","0.163","0.463","0.01502445"
"2011-09-04 16:00:00+00:00","0.306","0.344","0.01522125"
"2011-09-04 16:30:00+00:00","0.34","0.156","0.0152766"
"2011-09-04 17:00:00+00:00","0.207","0.056","0.01531965"
"2011-09-04 17:30:00+00:00","0.819","0.0","0.0156579"
"2011-09-04 18:00:00+00:00","0.27","0.0","0.01841925"
"2011-09-04 18:30:00+00:00","0.143","0.0","0.01808715"
"2011-09-04 19:00:00+00:00","0.378","0.0","0.01659885"
"2011-09-04 19:30:00+00:00","0.241","0.0","0.01641435"
"2011-09-04 20:00:00+00:00","0.18","0.0","0.0163467"
"2011-09-04 20:30:00+00:00","0.327","0.0","0.0167895"
"2011-09-04 21:00:00+00:00","0.285","0.0","0.01599615"
"2011-09-04 21:30:00+00:00","0.112","0.0","0.0153504"
"2011-09-04 22:00:00+00:00","0.155","0.0","0.01518435"
"2011-09-04 22:30:00+00:00","0.773","0.0","0.01629135"
"2011-09-04 23:00:00+00:00","0.34","0.0","0.01554105"
"2011-09-04 23:30:00+00:00","0.149","0.0","0.0160761"
"2011-09-05 00:00:00+00:00","0.157","0.0","0.0156579"
"2011-09-05 00:30:00+00:00","0.061","0.0","0.01456935"
"2011-09-05 01:00:00+00:00","0.176","0.0","0.01496295"
"2011-09-05 01:30:00+00:00","0.118","0.0","0.0151905"
"2011-09-05 02:00:00+00:00","0.099","0.0","0.0146985"
"2011-09-05 02:30:00+00:00","0.133","0.0","0.0143664"
"2011-09-05 03:00:00+00:00","0.175","0.0","0.01412655"
"2011-09-05 03:30:00+00:00","0.058","0.0","0.0128781"
"2011-09-05 04:00:00+00:00","0.176","0.0","0.01411425"
"2011-09-05 04:30:00+00:00","0.269","0.0","0.0141942"
"2011-09-05 05:00:00+00:00","0.149","0.0","0.01455705"
"2011-09-05 05:30:00+00:00","0.184","0.0","0.01472925"
"2011-09-05 06:00:00+00:00","0.115","0.0","0.01527045"
"2011-09-05 06:30:00+00:00","0.119","0.0","0.01632825"
"2011-09-05 07:00:00+00:00","0.193","0.025","0.01843155"
"2011-09-05 07:30:00+00:00","0.31","0.075","0.0164943"
"2011-09-05 08:00:00+00:00","0.491","0.356","0.0180933"
"2011-09-05 08:30:00+00:00","0.29","0.413","0.0174783"
"2011-09-05 09:00:00+00:00","0.151","0.581","0.0166173"
"2011-09-05 09:30:00+00:00","0.203","0.631","0.0166419"
"2011-09-05 10:00:00+00:00","0.253","0.669","0.016851"
"2011-09-05 10:30:00+00:00","0.204","0.763","0.0179703"
"2011-09-05 11:00:00+00:00","0.188","0.769","0.0179826"
"2011-09-05 11:30:00+00:00","0.252","0.794","0.01754595"
"2011-09-05 12:00:00+00:00","0.142","0.788","0.0164328"
"2011-09-05 12:30:00+00:00","0.188","0.769","0.01668495"
"2011-09-05 13:00:00+00:00","0.421","0.756","0.0161991"
"2011-09-05 13:30:00+00:00","0.241","0.719","0.016113"
"2011-09-05 14:00:00+00:00","0.166","0.681","0.0157194"
"2011-09-05 14:30:00+00:00","0.296","0.619","0.0161007"
"2011-09-05 15:00:00+00:00","0.236","0.525","0.0160884"
"2011-09-05 15:30:00+00:00","0.162","0.425","0.0157563"
"2011-09-05 16:00:00+00:00","0.259","0.3","0.01584855"
"2011-09-05 16:30:00+00:00","0.203","0.188","0.01539345"
"2011-09-05 17:00:00+00:00","0.225","0.056","0.01578705"
"2011-09-05 17:30:00+00:00","0.177","0.0","0.01615605"
"2011-09-05 18:00:00+00:00","0.233","0.006","0.01757055"
"2011-09-05 18:30:00+00:00","0.173","0.0","0.018204"
"2011-09-05 19:00:00+00:00","0.364","0.0","0.01733685"
"2011-09-05 19:30:00+00:00","0.26","0.0","0.01682025"
"2011-09-05 20:00:00+00:00","0.287","0.0","0.01636515"
"2011-09-05 20:30:00+00:00","0.202","0.0","0.01575015"
"2011-09-05 21:00:00+00:00","0.182","0.0","0.01573785"
"2011-09-05 21:30:00+00:00","0.148","0.0","0.0152643"
"2011-09-05 22:00:00+00:00","0.131","0.0","0.0150552"
"2011-09-05 22:30:00+00:00","0.163","0.0","0.01638975"
"2011-09-05 23:00:00+00:00","0.101","0.0","0.0158178"
"2011-09-05 23:30:00+00:00","0.153","0.0","0.0165312"
"2011-09-06 00:00:00+00:00","0.11","0.0","0.01647585"
"2011-09-06 00:30:00+00:00","0.145","0.0","0.0151782"
"2011-09-06 01:00:00+00:00","0.099","0.0","0.0148707"
"2011-09-06 01:30:00+00:00","0.157","0.0","0.0149322"
"2011-09-06 02:00:00+00:00","0.096","0.0","0.0143049"
"2011-09-06 02:30:00+00:00","0.156","0.0","0.01217085"
"2011-09-06 03:00:00+00:00","0.099","0.0","0.0105288"
"2011-09-06 03:30:00+00:00","0.154","0.0","0.01241685"
"2011-09-06 04:00:00+00:00","0.096","0.0","0.01190025"
"2011-09-06 04:30:00+00:00","0.148","0.0","0.01206015"
"2011-09-06 05:00:00+00:00","0.105","0.0","0.01402815"
"2011-09-06 05:30:00+00:00","0.278","0.0","0.01410195"
"2011-09-06 06:00:00+00:00","0.133","0.0","0.01506135"
"2011-09-06 06:30:00+00:00","0.174","0.0","0.01625445"
"2011-09-06 07:00:00+00:00","0.096","0.013","0.01622985"
"2011-09-06 07:30:00+00:00","0.158","0.075","0.0155226"
"2011-09-06 08:00:00+00:00","0.414","0.331","0.0158301"
"2011-09-06 08:30:00+00:00","0.353","0.475","0.0159408"
"2011-09-06 09:00:00+00:00","0.606","0.581","0.01536885"
"2011-09-06 09:30:00+00:00","0.237","0.675","0.01567635"
"2011-09-06 10:00:00+00:00","0.235","0.744","0.01456935"
"2011-09-06 10:30:00+00:00","0.336","0.775","0.01498755"
"2011-09-06 11:00:00+00:00","0.127","0.813","0.01616835"
"2011-09-06 11:30:00+00:00","0.132","0.838","0.01563945"
"2011-09-06 12:00:00+00:00","0.101","0.838","0.0159531"
"2011-09-06 12:30:00+00:00","0.207","0.825","0.0162606"
"2011-09-06 13:00:00+00:00","0.265","0.806","0.01620525"
"2011-09-06 13:30:00+00:00","0.159","0.769","0.0184992"
"2011-09-06 14:00:00+00:00","0.178","0.713","0.01843155"
"2011-09-06 14:30:00+00:00","0.184","0.644","0.0190527"
"2011-09-06 15:00:00+00:00","0.081","0.563","0.0191142"
"2011-09-06 15:30:00+00:00","0.185","0.45","0.0163713"
"2011-09-06 16:00:00+00:00","0.285","0.319","0.01515975"
"2011-09-06 16:30:00+00:00","0.142","0.188","0.0162606"
"2011-09-06 17:00:00+00:00","0.186","0.069","0.0166419"
"2011-09-06 17:30:00+00:00","0.574","0.0","0.0175398"
"2011-09-06 18:00:00+00:00","0.514","0.0","0.01988295"
"2011-09-06 18:30:00+00:00","0.289","0.0","0.0233946"
"2011-09-06 19:00:00+00:00","0.315","0.0","0.02305635"
"2011-09-06 19:30:00+00:00","0.323","0.0","0.017589"
"2011-09-06 20:00:00+00:00","0.246","0.0","0.0170355"
"2011-09-06 20:30:00+00:00","0.376","0.0","0.0164697"
"2011-09-06 21:00:00+00:00","0.228","0.0","0.016113"
"2011-09-06 21:30:00+00:00","0.179","0.0","0.016236"
"2011-09-06 22:00:00+00:00","0.173","0.0","0.01527045"
"2011-09-06 22:30:00+00:00","0.104","0.0","0.0166665"
"2011-09-06 23:00:00+00:00","0.163","0.0","0.01599615"
"2011-09-06 23:30:00+00:00","0.127","0.0","0.01790265"
"2011-09-07 00:00:00+00:00","0.419","0.0","0.01705395"
"2011-09-07 00:30:00+00:00","0.687","0.0","0.01604535"
"2011-09-07 01:00:00+00:00","0.184","0.0","0.01600845"
"2011-09-07 01:30:00+00:00","0.098","0.0","0.01701705"
"2011-09-07 02:00:00+00:00","0.143","0.0","0.0155718"
"2011-09-07 02:30:00+00:00","0.132","0.0","0.01549185"
"2011-09-07 03:00:00+00:00","0.159","0.0","0.0154488"
"2011-09-07 03:30:00+00:00","0.103","0.0","0.01491375"
"2011-09-07 04:00:00+00:00","0.224","0.0","0.0149199"
"2011-09-07 04:30:00+00:00","0.096","0.0","0.0149691"
"2011-09-07 05:00:00+00:00","0.122","0.0","0.0153012"
"2011-09-07 05:30:00+00:00","0.172","0.0","0.01608225"
"2011-09-07 06:00:00+00:00","0.132","0.0","0.0166665"
"2011-09-07 06:30:00+00:00","0.097","0.0","0.01899735"
"2011-09-07 07:00:00+00:00","0.216","0.031","0.02027655"
"2011-09-07 07:30:00+00:00","0.087","0.081","0.01722"
"2011-09-07 08:00:00+00:00","0.221","0.288","0.01862835"
"2011-09-07 08:30:00+00:00","0.495","0.506","0.01915725"
"2011-09-07 09:00:00+00:00","0.271","0.6","0.01817325"
"2011-09-07 09:30:00+00:00","0.192","0.688","0.01867755"
"2011-09-07 10:00:00+00:00","0.626","0.75","0.01736145"
"2011-09-07 10:30:00+00:00","0.329","0.775","0.01683255"
"2011-09-07 11:00:00+00:00","0.212","0.825","0.0166911"
"2011-09-07 11:30:00+00:00","0.173","0.85","0.01661115"
"2011-09-07 12:00:00+00:00","0.283","0.85","0.01661115"
"2011-09-07 12:30:00+00:00","0.202","0.756","0.0159285"
"2011-09-07 13:00:00+00:00","0.606","0.813","0.0167034"
"2011-09-07 13:30:00+00:00","0.348","0.781","0.0167034"
"2011-09-07 14:00:00+00:00","0.205","0.7","0.0167034"
"2011-09-07 14:30:00+00:00","0.236","0.638","0.01683255"
"2011-09-07 15:00:00+00:00","0.218","0.5","0.01626675"
"2011-09-07 15:30:00+00:00","0.262","0.256","0.01673415"
"2011-09-07 16:00:00+00:00","0.172","0.331","0.0167034"
"2011-09-07 16:30:00+00:00","0.254","0.225","0.0168387"
"2011-09-07 17:00:00+00:00","0.181","0.063","0.01631595"
"2011-09-07 17:30:00+00:00","0.187","0.006","0.01721385"
"2011-09-07 18:00:00+00:00","0.496","0.0","0.0188559"
"2011-09-07 18:30:00+00:00","0.556","0.0","0.0227919"
"2011-09-07 19:00:00+00:00","0.171","0.0","0.02504895"
"2011-09-07 19:30:00+00:00","0.453","0.0","0.0192372"
"2011-09-07 20:00:00+00:00","0.268","0.0","0.01813635"
"2011-09-07 20:30:00+00:00","0.189","0.0","0.01723845"
"2011-09-07 21:00:00+00:00","0.346","0.0","0.0171339"
"2011-09-07 21:30:00+00:00","0.26","0.0","0.01605765"
"2011-09-07 22:00:00+00:00","0.127","0.0","0.0152151"
"2011-09-07 22:30:00+00:00","0.19","0.0","0.01738605"
"2011-09-07 23:00:00+00:00","0.131","0.0","0.0159654"
"2011-09-07 23:30:00+00:00","0.08","0.0","0.0176505"
"2011-09-08 00:00:00+00:00","0.152","0.0","0.01845"
"2011-09-08 00:30:00+00:00","0.134","0.0","0.0173553"
"2011-09-08 01:00:00+00:00","0.08","0.0","0.0178227"
"2011-09-08 01:30:00+00:00","0.155","0.0","0.0179826"
"2011-09-08 02:00:00+00:00","0.122","0.0","0.01641435"
"2011-09-08 02:30:00+00:00","0.107","0.0","0.0155226"
"2011-09-08 03:00:00+00:00","0.121","0.0","0.01440945"
"2011-09-08 03:30:00+00:00","0.14","0.0","0.0149568"
"2011-09-08 04:00:00+00:00","0.111","0.0","0.01492605"
"2011-09-08 04:30:00+00:00","0.119","0.0","0.01502445"
"2011-09-08 05:00:00+00:00","0.121","0.0","0.01529505"
"2011-09-08 05:30:00+00:00","0.15","0.0","0.0150798"
"2011-09-08 06:00:00+00:00","0.079","0.0","0.0156579"
"2011-09-08 06:30:00+00:00","0.147","0.0","0.01763205"
"2011-09-08 07:00:00+00:00","0.184","0.0","0.018696"
"2011-09-08 07:30:00+00:00","0.169","0.006","0.01823475"
"2011-09-08 08:00:00+00:00","0.347","0.006","0.02276115"
"2011-09-08 08:30:00+00:00","0.661","0.188","0.02094075"
"2011-09-08 09:00:00+00:00","0.112","0.131","0.0183762"
"2011-09-08 09:30:00+00:00","0.184","0.6","0.02453235"
"2011-09-08 10:00:00+00:00","0.13","0.706","0.0283638"
"2011-09-08 10:30:00+00:00","0.089","0.406","0.02143275"
"2011-09-08 11:00:00+00:00","0.163","0.238","0.02051025"
"2011-09-08 11:30:00+00:00","0.14","0.194","0.0186837"
"2011-09-08 12:00:00+00:00","0.058","0.194","0.0182778"
"2011-09-08 12:30:00+00:00","0.201","0.213","0.01814865"
"2011-09-08 13:00:00+00:00","0.174","0.225","0.01878825"
"2011-09-08 13:30:00+00:00","0.086","0.344","0.01796415"
"2011-09-08 14:00:00+00:00","0.235","0.519","0.01852995"
"2011-09-08 14:30:00+00:00","0.174","0.213","0.01702935"
"2011-09-08 15:00:00+00:00","0.146","0.381","0.0172938"
"2011-09-08 15:30:00+00:00","0.208","0.125","0.0176013"
"2011-09-08 16:00:00+00:00","0.148","0.106","0.01777965"
"2011-09-08 16:30:00+00:00","0.16","0.088","0.0178842"
"2011-09-08 17:00:00+00:00","0.206","0.0","0.01774275"
"2011-09-08 17:30:00+00:00","0.19","0.0","0.0180441"
"2011-09-08 18:00:00+00:00","0.124","0.0","0.02025195"
"2011-09-08 18:30:00+00:00","0.133","0.0","0.0239481"
"2011-09-08 19:00:00+00:00","0.172","0.0","0.02513505"
"2011-09-08 19:30:00+00:00","0.182","0.0","0.02076855"
"2011-09-08 20:00:00+00:00","0.104","0.0","0.02011665"
"2011-09-08 20:30:00+00:00","0.188","0.0","0.01876365"
"2011-09-08 21:00:00+00:00","0.124","0.0","0.01835775"
"2011-09-08 21:30:00+00:00","0.116","0.0","0.01712775"
"2011-09-08 22:00:00+00:00","0.143","0.0","0.01555335"
"2011-09-08 22:30:00+00:00","0.144","0.0","0.01699245"
"2011-09-08 23:00:00+00:00","0.085","0.0","0.01621755"
"2011-09-08 23:30:00+00:00","0.16","0.0","0.01733685"
"2011-09-09 00:00:00+00:00","0.13","0.0","0.0196431"
"2011-09-09 00:30:00+00:00","0.108","0.0","0.0171462"
"2011-09-09 01:00:00+00:00","0.126","0.0","0.0157686"
"2011-09-09 01:30:00+00:00","0.159","0.0","0.0157932"
"2011-09-09 02:00:00+00:00","0.083","0.0","0.0152397"
"2011-09-09 02:30:00+00:00","0.147","0.0","0.01499985"
"2011-09-09 03:00:00+00:00","0.147","0.0","0.01479075"
"2011-09-09 03:30:00+00:00","0.108","0.0","0.01447095"
"2011-09-09 04:00:00+00:00","0.126","0.0","0.014268"
"2011-09-09 04:30:00+00:00","0.159","0.0","0.01440945"
"2011-09-09 05:00:00+00:00","0.096","0.0","0.01485225"
"2011-09-09 05:30:00+00:00","0.125","0.006","0.0149814"
"2011-09-09 06:00:00+00:00","0.154","0.0","0.015129"
"2011-09-09 06:30:00+00:00","0.109","0.0","0.01732455"
"2011-09-09 07:00:00+00:00","0.137","0.0","0.02046105"
"2011-09-09 07:30:00+00:00","0.244","0.0","0.01761975"
"2011-09-09 08:00:00+00:00","0.134","0.0","0.02342535"
"2011-09-09 08:30:00+00:00","0.153","0.013","0.02251515"
"2011-09-09 09:00:00+00:00","0.177","0.044","0.0217956"
"2011-09-09 09:30:00+00:00","0.086","0.088","0.0231855"
"2011-09-09 10:00:00+00:00","0.164","0.063","0.02453235"
"2011-09-09 10:30:00+00:00","0.131","0.025","0.0235299"
"2011-09-09 11:00:00+00:00","0.183","0.031","0.0231732"
"2011-09-09 11:30:00+00:00","0.079","0.075","0.0224598"
"2011-09-09 12:00:00+00:00","0.182","0.094","0.0217218"
"2011-09-09 12:30:00+00:00","0.087","0.075","0.0228042"
"2011-09-09 13:00:00+00:00","0.128","0.1","0.0211806"
"2011-09-09 13:30:00+00:00","0.141","0.125","0.02180175"
"2011-09-09 14:00:00+00:00","0.135","0.638","0.02046105"
"2011-09-09 14:30:00+00:00","0.14","0.625","0.0205164"
"2011-09-09 15:00:00+00:00","0.199","0.313","0.0189174"
"2011-09-09 15:30:00+00:00","0.174","0.344","0.01821015"
"2011-09-09 16:00:00+00:00","0.108","0.219","0.01812405"
"2011-09-09 16:30:00+00:00","0.162","0.219","0.01809945"
"2011-09-09 17:00:00+00:00","0.115","0.025","0.017589"
"2011-09-09 17:30:00+00:00","0.103","0.013","0.01861605"
"2011-09-09 18:00:00+00:00","0.172","0.0","0.0206763"
"2011-09-09 18:30:00+00:00","0.217","0.0","0.02447085"
"2011-09-09 19:00:00+00:00","0.162","0.0","0.02440935"
"2011-09-09 19:30:00+00:00","0.2","0.0","0.020664"
"2011-09-09 20:00:00+00:00","0.142","0.0","0.02155575"
"2011-09-09 20:30:00+00:00","0.142","0.0","0.0210207"
"2011-09-09 21:00:00+00:00","0.085","0.0","0.021279"
"2011-09-09 21:30:00+00:00","0.194","0.0","0.01936635"
"2011-09-09 22:00:00+00:00","0.074","0.0","0.01743525"
"2011-09-09 22:30:00+00:00","0.14","0.0","0.02529495"
"2011-09-09 23:00:00+00:00","0.104","0.0","0.02255205"
"2011-09-09 23:30:00+00:00","0.142","0.0","0.02402805"
"2011-09-10 00:00:00+00:00","0.041","0.0","0.0225582"
"2011-09-10 00:30:00+00:00","0.177","0.0","0.02041185"
"2011-09-10 01:00:00+00:00","0.077","0.0","0.02014125"
"2011-09-10 01:30:00+00:00","0.113","0.0","0.01956315"
"2011-09-10 02:00:00+00:00","0.116","0.0","0.01726305"
"2011-09-10 02:30:00+00:00","0.132","0.0","0.01556565"
"2011-09-10 03:00:00+00:00","0.059","0.0","0.01503675"
"2011-09-10 03:30:00+00:00","0.158","0.0","0.0147354"
"2011-09-10 04:00:00+00:00","0.104","0.0","0.01471695"
"2011-09-10 04:30:00+00:00","0.091","0.0","0.0148461"
"2011-09-10 05:00:00+00:00","0.161","0.0","0.01499985"
"2011-09-10 05:30:00+00:00","0.1","0.0","0.0149076"
"2011-09-10 06:00:00+00:00","0.079","0.0","0.01428645"
"2011-09-10 06:30:00+00:00","0.147","0.0","0.01509825"
"2011-09-10 07:00:00+00:00","0.091","0.006","0.01556565"
"2011-09-10 07:30:00+00:00","0.094","0.094","0.01572555"
"2011-09-10 08:00:00+00:00","0.259","0.419","0.0179211"
"2011-09-10 08:30:00+00:00","0.141","0.563","0.01823475"
"2011-09-10 09:00:00+00:00","0.093","0.675","0.02070705"
"2011-09-10 09:30:00+00:00","0.156","0.75","0.0212913"
"2011-09-10 10:00:00+00:00","0.087","0.831","0.01936635"
"2011-09-10 10:30:00+00:00","0.197","0.869","0.0178965"
"2011-09-10 11:00:00+00:00","0.18","0.913","0.01701705"
"2011-09-10 11:30:00+00:00","0.114","0.85","0.0167034"
"2011-09-10 12:00:00+00:00","0.074","0.838","0.01621755"
"2011-09-10 12:30:00+00:00","0.179","0.713","0.0153381"
"2011-09-10 13:00:00+00:00","0.068","0.788","0.0149814"
"2011-09-10 13:30:00+00:00","0.139","0.594","0.01502445"
"2011-09-10 14:00:00+00:00","0.126","0.381","0.0149445"
"2011-09-10 14:30:00+00:00","0.127","0.513","0.01493835"
"2011-09-10 15:00:00+00:00","0.076","0.331","0.0148953"
"2011-09-10 15:30:00+00:00","0.17","0.225","0.0149568"
"2011-09-10 16:00:00+00:00","0.104","0.138","0.01533195"
"2011-09-10 16:30:00+00:00","0.098","0.125","0.01609455"
"2011-09-10 17:00:00+00:00","0.134","0.038","0.01641435"
"2011-09-10 17:30:00+00:00","0.129","0.013","0.0173922"
"2011-09-10 18:00:00+00:00","0.076","0.0","0.02080545"
"2011-09-10 18:30:00+00:00","0.186","0.0","0.0275766"
"2011-09-10 19:00:00+00:00","0.156","0.0","0.0290157"
"2011-09-10 19:30:00+00:00","0.092","0.0","0.02234295"
"2011-09-10 20:00:00+00:00","0.165","0.0","0.0207747"
"2011-09-10 20:30:00+00:00","0.142","0.0","0.0197784"
"2011-09-10 21:00:00+00:00","0.111","0.0","0.02108835"
"2011-09-10 21:30:00+00:00","0.138","0.0","0.01960005"
"2011-09-10 22:00:00+00:00","0.143","0.0","0.01805025"
"2011-09-10 22:30:00+00:00","0.069","0.0","0.0209592"
"2011-09-10 23:00:00+00:00","0.153","0.0","0.01993215"
"2011-09-10 23:30:00+00:00","0.095","0.0","0.0199137"
"2011-09-11 00:00:00+00:00","0.096","0.0","0.019434"
"2011-09-11 00:30:00+00:00","0.115","0.0","0.01648815"
"2011-09-11 01:00:00+00:00","0.128","0.0","0.01629135"
"2011-09-11 01:30:00+00:00","0.073","0.0","0.01560255"
"2011-09-11 02:00:00+00:00","0.141","0.0","0.01557795"
"2011-09-11 02:30:00+00:00","0.101","0.0","0.0147846"
"2011-09-11 03:00:00+00:00","0.096","0.0","0.01488915"
"2011-09-11 03:30:00+00:00","0.12","0.0","0.01438485"
"2011-09-11 04:00:00+00:00","0.125","0.0","0.01440945"
"2011-09-11 04:30:00+00:00","0.067","0.0","0.01440945"
"2011-09-11 05:00:00+00:00","0.151","0.0","0.0148584"
"2011-09-11 05:30:00+00:00","0.109","0.0","0.01422495"
"2011-09-11 06:00:00+00:00","0.086","0.0","0.01440945"
"2011-09-11 06:30:00+00:00","0.128","0.0","0.01463085"
"2011-09-11 07:00:00+00:00","0.117","0.006","0.01497525"
"2011-09-11 07:30:00+00:00","0.207","0.094","0.01518435"
"2011-09-11 08:00:00+00:00","0.275","0.413","0.0152274"
"2011-09-11 08:30:00+00:00","0.207","0.556","0.0152151"
"2011-09-11 09:00:00+00:00","0.075","0.65","0.015498"
"2011-09-11 09:30:00+00:00","0.156","0.738","0.016236"
"2011-09-11 10:00:00+00:00","0.09","0.8","0.0163836"
"2011-09-11 10:30:00+00:00","0.135","0.85","0.0156948"
"2011-09-11 11:00:00+00:00","0.178","0.856","0.015129"
"2011-09-11 11:30:00+00:00","0.136","0.888","0.01522125"
"2011-09-11 12:00:00+00:00","0.068","0.788","0.015498"
"2011-09-11 12:30:00+00:00","0.175","0.513","0.01502445"
"2011-09-11 13:00:00+00:00","0.165","0.588","0.0148215"
"2011-09-11 13:30:00+00:00","0.19","0.763","0.01491375"
"2011-09-11 14:00:00+00:00","0.193","0.525","0.01482765"
"2011-09-11 14:30:00+00:00","0.177","0.513","0.01488915"
"2011-09-11 15:00:00+00:00","0.102","0.256","0.0149568"
"2011-09-11 15:30:00+00:00","0.159","0.044","0.015252"
"2011-09-11 16:00:00+00:00","0.144","0.063","0.0151659"
"2011-09-11 16:30:00+00:00","0.102","0.05","0.01578705"
"2011-09-11 17:00:00+00:00","0.137","0.031","0.01615605"
"2011-09-11 17:30:00+00:00","0.155","0.0","0.0172938"
"2011-09-11 18:00:00+00:00","0.099","0.0","0.02517195"
"2011-09-11 18:30:00+00:00","0.157","0.0","0.04896015"
"2011-09-11 19:00:00+00:00","0.147","0.0","0.05169075"
"2011-09-11 19:30:00+00:00","0.12","0.006","0.03790245"
"2011-09-11 20:00:00+00:00","0.11","0.0","0.0338742"
"2011-09-11 20:30:00+00:00","0.173","0.0","0.02722605"
"2011-09-11 21:00:00+00:00","0.061","0.0","0.0268263"
"2011-09-11 21:30:00+00:00","0.138","0.0","0.02271195"
"2011-09-11 22:00:00+00:00","0.113","0.0","0.0178473"
"2011-09-11 22:30:00+00:00","0.122","0.0","0.0183762"
"2011-09-11 23:00:00+00:00","0.071","0.0","0.0176628"
"2011-09-11 23:30:00+00:00","0.177","0.0","0.01990755"
"2011-09-12 00:00:00+00:00","0.054","0.0","0.0187698"
"2011-09-12 00:30:00+00:00","0.134","0.0","0.0176259"
"2011-09-12 01:00:00+00:00","0.119","0.0","0.0155964"
"2011-09-12 01:30:00+00:00","0.107","0.0","0.01588545"
"2011-09-12 02:00:00+00:00","0.093","0.0","0.0153873"
"2011-09-12 02:30:00+00:00","0.162","0.0","0.0152643"
"2011-09-12 03:00:00+00:00","0.079","0.0","0.01588545"
"2011-09-12 03:30:00+00:00","0.11","0.0","0.01544265"
"2011-09-12 04:00:00+00:00","0.149","0.0","0.01533195"
"2011-09-12 04:30:00+00:00","0.078","0.0","0.0153258"
"2011-09-12 05:00:00+00:00","0.116","0.0","0.01543035"
"2011-09-12 05:30:00+00:00","0.127","0.0","0.01587315"
"2011-09-12 06:00:00+00:00","0.092","0.0","0.0165804"
"2011-09-12 06:30:00+00:00","0.109","0.0","0.019926"
"2011-09-12 07:00:00+00:00","0.144","0.025","0.0255102"
"2011-09-12 07:30:00+00:00","0.063","0.1","0.02137125"
"2011-09-12 08:00:00+00:00","0.122","0.338","0.02766885"
"2011-09-12 08:30:00+00:00","0.124","0.369","0.0278472"
"2011-09-12 09:00:00+00:00","0.226","0.231","0.0253626"
"2011-09-12 09:30:00+00:00","0.174","0.613","0.02449545"
"2011-09-12 10:00:00+00:00","0.228","0.763","0.02265045"
"2011-09-12 10:30:00+00:00","0.132","0.556","0.0210945"
"2011-09-12 11:00:00+00:00","0.183","0.506","0.0203073"
"2011-09-12 11:30:00+00:00","0.126","0.725","0.02090385"
"2011-09-12 12:00:00+00:00","0.101","0.963","0.01956315"
"2011-09-12 12:30:00+00:00","0.122","0.694","0.01935405"
"2011-09-12 13:00:00+00:00","0.153","0.769","0.01771815"
"2011-09-12 13:30:00+00:00","0.117","0.681","0.01795185"
"2011-09-12 14:00:00+00:00","0.202","0.706","0.01803795"
"2011-09-12 14:30:00+00:00","0.179","0.706","0.01686945"
"2011-09-12 15:00:00+00:00","0.1","0.525","0.0164697"
"2011-09-12 15:30:00+00:00","0.143","0.481","0.0167034"
"2011-09-12 16:00:00+00:00","0.146","0.356","0.01684485"
"2011-09-12 16:30:00+00:00","0.107","0.225","0.0171708"
"2011-09-12 17:00:00+00:00","0.133","0.069","0.0181425"
"2011-09-12 17:30:00+00:00","0.155","0.006","0.01897275"
"2011-09-12 18:00:00+00:00","0.097","0.0","0.02214"
"2011-09-12 18:30:00+00:00","0.17","0.0","0.02738595"
"2011-09-12 19:00:00+00:00","0.226","0.0","0.0269862"
"2011-09-12 19:30:00+00:00","0.143","0.0","0.0248952"
"2011-09-12 20:00:00+00:00","0.149","0.0","0.02567625"
"2011-09-12 20:30:00+00:00","0.145","0.0","0.0228657"
"2011-09-12 21:00:00+00:00","0.108","0.0","0.02150655"
"2011-09-12 21:30:00+00:00","0.109","0.0","0.02038725"
"2011-09-12 22:00:00+00:00","0.148","0.0","0.01667265"
"2011-09-12 22:30:00+00:00","0.086","0.0","0.02217075"
"2011-09-12 23:00:00+00:00","0.108","0.0","0.0179457"
"2011-09-12 23:30:00+00:00","0.133","0.0","0.02032575"
"2011-09-13 00:00:00+00:00","0.08","0.0","0.02053485"
"2011-09-13 00:30:00+00:00","0.113","0.0","0.01934175"
"2011-09-13 01:00:00+00:00","0.139","0.0","0.0183885"
"2011-09-13 01:30:00+00:00","0.067","0.0","0.0173922"
"2011-09-13 02:00:00+00:00","0.131","0.0","0.0160392"
"2011-09-13 02:30:00+00:00","0.114","0.0","0.01573785"
"2011-09-13 03:00:00+00:00","0.104","0.0","0.01508595"
"2011-09-13 03:30:00+00:00","0.099","0.0","0.0148215"
"2011-09-13 04:00:00+00:00","0.143","0.0","0.01503675"
"2011-09-13 04:30:00+00:00","0.076","0.0","0.01481535"
"2011-09-13 05:00:00+00:00","0.138","0.0","0.0151044"
"2011-09-13 05:30:00+00:00","0.11","0.0","0.0164697"
"2011-09-13 06:00:00+00:00","0.092","0.0","0.0168141"
"2011-09-13 06:30:00+00:00","0.128","0.0","0.0197169"
"2011-09-13 07:00:00+00:00","0.191","0.013","0.0234438"
"2011-09-13 07:30:00+00:00","0.153","0.106","0.01861605"
"2011-09-13 08:00:00+00:00","0.227","0.425","0.0211929"
"2011-09-13 08:30:00+00:00","0.123","0.55","0.02065785"
"2011-09-13 09:00:00+00:00","0.087","0.663","0.0189174"
"2011-09-13 09:30:00+00:00","0.13","0.744","0.01953855"
"2011-09-13 10:00:00+00:00","0.116","0.806","0.018081"
"2011-09-13 10:30:00+00:00","0.085","0.85","0.017835"
"2011-09-13 11:00:00+00:00","0.217","0.888","0.0176136"
"2011-09-13 11:30:00+00:00","0.097","0.894","0.01691865"
"2011-09-13 12:00:00+00:00","0.1","0.9","0.0168018"
"2011-09-13 12:30:00+00:00","0.142","0.875","0.01598385"
"2011-09-13 13:00:00+00:00","0.123","0.85","0.01589775"
"2011-09-13 13:30:00+00:00","0.129","0.813","0.0171585"
"2011-09-13 14:00:00+00:00","0.193","0.763","0.01680795"
"2011-09-13 14:30:00+00:00","0.18","0.688","0.01675875"
"2011-09-13 15:00:00+00:00","0.135","0.594","0.016605"
"2011-09-13 15:30:00+00:00","0.194","0.494","0.01627905"
"2011-09-13 16:00:00+00:00","0.112","0.369","0.0168264"
"2011-09-13 16:30:00+00:00","0.123","0.225","0.0166173"
"2011-09-13 17:00:00+00:00","0.139","0.075","0.0165435"
"2011-09-13 17:30:00+00:00","0.163","0.0","0.01773045"
"2011-09-13 18:00:00+00:00","0.26","0.0","0.0189174"
"2011-09-13 18:30:00+00:00","0.216","0.0","0.0207378"
"2011-09-13 19:00:00+00:00","0.208","0.0","0.0220416"
"2011-09-13 19:30:00+00:00","0.124","0.0","0.01998135"
"2011-09-13 20:00:00+00:00","0.22","0.0","0.0182286"
"2011-09-13 20:30:00+00:00","0.148","0.0","0.02081775"
"2011-09-13 21:00:00+00:00","0.148","0.0","0.01930485"
"2011-09-13 21:30:00+00:00","0.098","0.0","0.0178842"
"2011-09-13 22:00:00+00:00","0.179","0.0","0.0170724"
"2011-09-13 22:30:00+00:00","0.048","0.0","0.0201597"
"2011-09-13 23:00:00+00:00","0.157","0.0","0.01832085"
"2011-09-13 23:30:00+00:00","0.115","0.0","0.0210945"
"2011-09-14 00:00:00+00:00","0.104","0.0","0.02149425"
"2011-09-14 00:30:00+00:00","0.107","0.0","0.0203565"
"2011-09-14 01:00:00+00:00","0.141","0.0","0.01962465"
"2011-09-14 01:30:00+00:00","0.091","0.0","0.0182409"
"2011-09-14 02:00:00+00:00","0.106","0.0","0.01821015"
"2011-09-14 02:30:00+00:00","0.16","0.0","0.01579935"
"2011-09-14 03:00:00+00:00","0.061","0.0","0.01531965"
"2011-09-14 03:30:00+00:00","0.156","0.0","0.01518435"
"2011-09-14 04:00:00+00:00","0.097","0.0","0.01512285"
"2011-09-14 04:30:00+00:00","0.119","0.0","0.0154365"
"2011-09-14 05:00:00+00:00","0.078","0.0","0.01562715"
"2011-09-14 05:30:00+00:00","0.162","0.0","0.0168633"
"2011-09-14 06:00:00+00:00","0.053","0.0","0.01969845"
"2011-09-14 06:30:00+00:00","0.162","0.0","0.02341305"
"2011-09-14 07:00:00+00:00","0.153","0.013","0.02554095"
"2011-09-14 07:30:00+00:00","0.225","0.113","0.0206886"
"2011-09-14 08:00:00+00:00","0.185","0.438","0.0253011"
"2011-09-14 08:30:00+00:00","0.126","0.575","0.0226689"
"2011-09-14 09:00:00+00:00","0.096","0.669","0.0204426"
"2011-09-14 09:30:00+00:00","0.12","0.75","0.0195693"
"2011-09-14 10:00:00+00:00","0.156","0.813","0.01968"
"2011-09-14 10:30:00+00:00","0.075","0.863","0.0183885"
"2011-09-14 11:00:00+00:00","0.169","0.9","0.0180564"
"2011-09-14 11:30:00+00:00","0.116","0.906","0.01748445"
"2011-09-14 12:00:00+00:00","0.115","0.913","0.01691865"
"2011-09-14 12:30:00+00:00","0.124","0.888","0.017712"
"2011-09-14 13:00:00+00:00","0.166","0.856","0.01781655"
"2011-09-14 13:30:00+00:00","0.069","0.813","0.01753365"
"2011-09-14 14:00:00+00:00","0.166","0.75","0.0177489"
"2011-09-14 14:30:00+00:00","0.262","0.694","0.0171954"
"2011-09-14 15:00:00+00:00","0.138","0.6","0.01653735"
"2011-09-14 15:30:00+00:00","0.186","0.488","0.01634055"
"2011-09-14 16:00:00+00:00","0.228","0.369","0.01656195"
"2011-09-14 16:30:00+00:00","0.213","0.231","0.0171708"
"2011-09-14 17:00:00+00:00","0.192","0.069","0.01627905"
"2011-09-14 17:30:00+00:00","0.247","0.006","0.01742295"
"2011-09-14 18:00:00+00:00","0.214","0.0","0.01839465"
"2011-09-14 18:30:00+00:00","0.154","0.0","0.01951395"
"2011-09-14 19:00:00+00:00","0.233","0.0","0.02105145"
"2011-09-14 19:30:00+00:00","0.295","0.0","0.01866525"
"2011-09-14 20:00:00+00:00","0.179","0.0","0.01793955"
"2011-09-14 20:30:00+00:00","0.379","0.0","0.0182778"
"2011-09-14 21:00:00+00:00","0.159","0.0","0.01769355"
"2011-09-14 21:30:00+00:00","0.112","0.0","0.0170601"
"2011-09-14 22:00:00+00:00","0.107","0.0","0.0159408"
"2011-09-14 22:30:00+00:00","0.193","0.0","0.018573"
"2011-09-14 23:00:00+00:00","0.066","0.0","0.0176013"
"2011-09-14 23:30:00+00:00","0.156","0.0","0.01921875"
"2011-09-15 00:00:00+00:00","0.107","0.0","0.020541"
"2011-09-15 00:30:00+00:00","0.14","0.0","0.01872675"
"2011-09-15 01:00:00+00:00","0.077","0.0","0.0171093"
"2011-09-15 01:30:00+00:00","0.18","0.0","0.01743525"
"2011-09-15 02:00:00+00:00","0.087","0.0","0.0163098"
"2011-09-15 02:30:00+00:00","0.117","0.0","0.0152028"
"2011-09-15 03:00:00+00:00","0.149","0.0","0.0150798"
"2011-09-15 03:30:00+00:00","0.107","0.0","0.0148584"
"2011-09-15 04:00:00+00:00","0.105","0.0","0.01493835"
"2011-09-15 04:30:00+00:00","0.142","0.0","0.0148338"
"2011-09-15 05:00:00+00:00","0.128","0.0","0.01511055"
"2011-09-15 05:30:00+00:00","0.084","0.0","0.0159777"
"2011-09-15 06:00:00+00:00","0.158","0.0","0.01618065"
"2011-09-15 06:30:00+00:00","0.134","0.006","0.0182286"
"2011-09-15 07:00:00+00:00","0.104","0.031","0.01963695"
"2011-09-15 07:30:00+00:00","0.155","0.119","0.0177858"
"2011-09-15 08:00:00+00:00","0.31","0.388","0.0208854"
"2011-09-15 08:30:00+00:00","0.227","0.513","0.01996905"
"2011-09-15 09:00:00+00:00","0.25","0.588","0.01898505"
"2011-09-15 09:30:00+00:00","0.198","0.65","0.01792725"
"2011-09-15 10:00:00+00:00","0.103","0.763","0.01785345"
"2011-09-15 10:30:00+00:00","0.195","0.575","0.01781655"
"2011-09-15 11:00:00+00:00","0.221","0.325","0.019926"
"2011-09-15 11:30:00+00:00","0.185","0.7","0.01823475"
"2011-09-15 12:00:00+00:00","0.209","0.806","0.0181056"
"2011-09-15 12:30:00+00:00","0.323","0.863","0.01883745"
"2011-09-15 13:00:00+00:00","0.34","0.825","0.018204"
"2011-09-15 13:30:00+00:00","0.17","0.794","0.0181302"
"2011-09-15 14:00:00+00:00","0.191","0.731","0.0187329"
"2011-09-15 14:30:00+00:00","0.313","0.669","0.018204"
"2011-09-15 15:00:00+00:00","0.16","0.563","0.01797645"
"2011-09-15 15:30:00+00:00","0.14","0.463","0.01789035"
"2011-09-15 16:00:00+00:00","0.243","0.338","0.01796415"
"2011-09-15 16:30:00+00:00","0.279","0.213","0.0182409"
"2011-09-15 17:00:00+00:00","0.129","0.069","0.0187821"
"2011-09-15 17:30:00+00:00","0.175","0.006","0.01837005"
"2011-09-15 18:00:00+00:00","0.255","0.0","0.022263"
"2011-09-15 18:30:00+00:00","0.268","0.0","0.02465535"
"2011-09-15 19:00:00+00:00","0.197","0.0","0.0260514"
"2011-09-15 19:30:00+00:00","0.286","0.0","0.0259653"
"2011-09-15 20:00:00+00:00","0.279","0.0","0.0237144"
"2011-09-15 20:30:00+00:00","0.166","0.0","0.02258895"
"2011-09-15 21:00:00+00:00","0.261","0.0","0.02165415"
"2011-09-15 21:30:00+00:00","0.157","0.0","0.0189666"
"2011-09-15 22:00:00+00:00","0.107","0.0","0.01844385"
"2011-09-15 22:30:00+00:00","0.161","0.0","0.0221523"
"2011-09-15 23:00:00+00:00","0.15","0.0","0.02004285"
"2011-09-15 23:30:00+00:00","0.121","0.0","0.0207378"
"2011-09-16 00:00:00+00:00","0.099","0.0","0.0205779"
"2011-09-16 00:30:00+00:00","0.179","0.0","0.01845615"
"2011-09-16 01:00:00+00:00","0.061","0.0","0.0176874"
"2011-09-16 01:30:00+00:00","0.19","0.0","0.0172323"
"2011-09-16 02:00:00+00:00","0.13","0.0","0.01587315"
"2011-09-16 02:30:00+00:00","0.113","0.0","0.01524585"
"2011-09-16 03:00:00+00:00","0.106","0.0","0.01519665"
"2011-09-16 03:30:00+00:00","0.149","0.0","0.01483995"
"2011-09-16 04:00:00+00:00","0.114","0.0","0.0148953"
"2011-09-16 04:30:00+00:00","0.086","0.0","0.01490145"
"2011-09-16 05:00:00+00:00","0.185","0.0","0.01513515"
"2011-09-16 05:30:00+00:00","0.055","0.0","0.01682025"
"2011-09-16 06:00:00+00:00","0.143","0.0","0.0175767"
"2011-09-16 06:30:00+00:00","0.126","0.0","0.0191019"
"2011-09-16 07:00:00+00:00","0.143","0.013","0.0236775"
"2011-09-16 07:30:00+00:00","0.195","0.119","0.0210822"
"2011-09-16 08:00:00+00:00","0.225","0.331","0.02721375"
"2011-09-16 08:30:00+00:00","0.111","0.456","0.0271953"
"2011-09-16 09:00:00+00:00","0.216","0.65","0.0273675"
"2011-09-16 09:30:00+00:00","0.421","0.713","0.0280809"
"2011-09-16 10:00:00+00:00","0.299","0.769","0.0279087"
"2011-09-16 10:30:00+00:00","0.288","0.644","0.02619285"
"2011-09-16 11:00:00+00:00","0.178","0.675","0.02442165"
"2011-09-16 11:30:00+00:00","0.232","0.856","0.02117445"
"2011-09-16 12:00:00+00:00","0.193","0.863","0.02090385"
"2011-09-16 12:30:00+00:00","0.479","0.819","0.0200121"
"2011-09-16 13:00:00+00:00","0.35","0.575","0.01896045"
"2011-09-16 13:30:00+00:00","0.198","0.306","0.0192741"
"2011-09-16 14:00:00+00:00","0.247","0.2","0.0189297"
"2011-09-16 14:30:00+00:00","0.274","0.381","0.0185976"
"2011-09-16 15:00:00+00:00","0.214","0.35","0.01866525"
"2011-09-16 15:30:00+00:00","0.199","0.469","0.01871445"
"2011-09-16 16:00:00+00:00","0.333","0.275","0.0186345"
"2011-09-16 16:30:00+00:00","0.16","0.088","0.0199875"
"2011-09-16 17:00:00+00:00","0.171","0.038","0.02092845"
"2011-09-16 17:30:00+00:00","0.376","0.006","0.02047335"
"2011-09-16 18:00:00+00:00","0.455","0.0","0.0204303"
"2011-09-16 18:30:00+00:00","0.172","0.0","0.02438475"
"2011-09-16 19:00:00+00:00","0.24","0.0","0.02691855"
"2011-09-16 19:30:00+00:00","0.223","0.0","0.02148195"
"2011-09-16 20:00:00+00:00","0.25","0.0","0.0206517"
"2011-09-16 20:30:00+00:00","0.263","0.0","0.0197169"
"2011-09-16 21:00:00+00:00","0.165","0.0","0.02015355"
"2011-09-16 21:30:00+00:00","0.122","0.0","0.0183147"
"2011-09-16 22:00:00+00:00","0.122","0.0","0.01721385"
"2011-09-16 22:30:00+00:00","0.154","0.0","0.0210207"
"2011-09-16 23:00:00+00:00","0.117","0.0","0.0185853"
"2011-09-16 23:30:00+00:00","0.9","0.0","0.0196923"
"2011-09-17 00:00:00+00:00","0.214","0.0","0.0205779"
"2011-09-17 00:30:00+00:00","0.118","0.0","0.0173184"
"2011-09-17 01:00:00+00:00","0.086","0.0","0.0160638"
"2011-09-17 01:30:00+00:00","0.151","0.006","0.01589775"
"2011-09-17 02:00:00+00:00","0.113","0.0","0.0146124"
"2011-09-17 02:30:00+00:00","0.106","0.0","0.01440945"
"2011-09-17 03:00:00+00:00","0.118","0.0","0.014391"
"2011-09-17 03:30:00+00:00","0.16","0.0","0.0139728"
"2011-09-17 04:00:00+00:00","0.072","0.0","0.0141081"
"2011-09-17 04:30:00+00:00","0.151","0.0","0.0138006"
"2011-09-17 05:00:00+00:00","0.129","0.0","0.01439715"
"2011-09-17 05:30:00+00:00","0.107","0.0","0.0143664"
"2011-09-17 06:00:00+00:00","0.102","0.0","0.01401585"
"2011-09-17 06:30:00+00:00","0.162","0.0","0.01443405"
"2011-09-17 07:00:00+00:00","0.189","0.019","0.0147723"
"2011-09-17 07:30:00+00:00","0.129","0.113","0.01540575"
"2011-09-17 08:00:00+00:00","0.314","0.4","0.01519665"
"2011-09-17 08:30:00+00:00","0.105","0.531","0.01555335"
"2011-09-17 09:00:00+00:00","0.108","0.613","0.015744"
"2011-09-17 09:30:00+00:00","0.152","0.7","0.0161868"
"2011-09-17 10:00:00+00:00","0.101","0.75","0.01577475"
"2011-09-17 10:30:00+00:00","0.113","0.8","0.01540575"
"2011-09-17 11:00:00+00:00","0.15","0.838","0.01523355"
"2011-09-17 11:30:00+00:00","0.125","0.85","0.01525815"
"2011-09-17 12:00:00+00:00","0.093","0.869","0.0152151"
"2011-09-17 12:30:00+00:00","0.219","0.85","0.0152643"
"2011-09-17 13:00:00+00:00","0.524","0.8","0.0153381"
"2011-09-17 13:30:00+00:00","0.22","0.769","0.0152028"
"2011-09-17 14:00:00+00:00","0.247","0.7","0.01492605"
"2011-09-17 14:30:00+00:00","0.469","0.631","0.0150921"
"2011-09-17 15:00:00+00:00","0.183","0.538","0.0152766"
"2011-09-17 15:30:00+00:00","0.278","0.494","0.0153258"
"2011-09-17 16:00:00+00:00","0.186","0.438","0.01560255"
"2011-09-17 16:30:00+00:00","0.238","0.244","0.01578705"
"2011-09-17 17:00:00+00:00","0.159","0.094","0.0157194"
"2011-09-17 17:30:00+00:00","0.257","0.006","0.0161376"
"2011-09-17 18:00:00+00:00","0.349","0.0","0.01790265"
"2011-09-17 18:30:00+00:00","0.326","0.0","0.01985835"
"2011-09-17 19:00:00+00:00","0.153","0.0","0.0194955"
"2011-09-17 19:30:00+00:00","0.185","0.0","0.01795185"
"2011-09-17 20:00:00+00:00","0.114","0.0","0.01712775"
"2011-09-17 20:30:00+00:00","0.131","0.0","0.0168264"
"2011-09-17 21:00:00+00:00","0.124","0.0","0.0156948"
"2011-09-17 21:30:00+00:00","0.378","0.0","0.01544265"
"2011-09-17 22:00:00+00:00","0.2","0.0","0.01531965"
"2011-09-17 22:30:00+00:00","0.208","0.0","0.01693095"
"2011-09-17 23:00:00+00:00","0.153","0.0","0.0157809"
"2011-09-17 23:30:00+00:00","0.155","0.0","0.01726305"
"2011-09-18 00:00:00+00:00","0.128","0.0","0.016851"
"2011-09-18 00:30:00+00:00","0.106","0.0","0.0156702"
"2011-09-18 01:00:00+00:00","0.153","0.0","0.01471695"
"2011-09-18 01:30:00+00:00","0.15","0.0","0.01522125"
"2011-09-18 02:00:00+00:00","0.098","0.0","0.0148584"
"2011-09-18 02:30:00+00:00","0.143","0.0","0.0142803"
"2011-09-18 03:00:00+00:00","0.153","0.0","0.014145"
"2011-09-18 03:30:00+00:00","0.102","0.0","0.01440945"
"2011-09-18 04:00:00+00:00","0.129","0.0","0.01434795"
"2011-09-18 04:30:00+00:00","0.232","0.0","0.01399125"
"2011-09-18 05:00:00+00:00","0.117","0.0","0.01440945"
"2011-09-18 05:30:00+00:00","0.113","0.0","0.0140712"
"2011-09-18 06:00:00+00:00","0.148","0.0","0.01290885"
"2011-09-18 06:30:00+00:00","0.127","0.006","0.01431105"
"2011-09-18 07:00:00+00:00","0.203","0.019","0.01464315"
"2011-09-18 07:30:00+00:00","0.172","0.113","0.01483995"
"2011-09-18 08:00:00+00:00","0.126","0.388","0.0161253"
"2011-09-18 08:30:00+00:00","0.133","0.488","0.01571325"
"2011-09-18 09:00:00+00:00","0.216","0.563","0.01570095"
"2011-09-18 09:30:00+00:00","0.121","0.613","0.0159654"
"2011-09-18 10:00:00+00:00","0.213","0.694","0.0169002"
"2011-09-18 10:30:00+00:00","0.187","0.788","0.0169002"
"2011-09-18 11:00:00+00:00","0.255","0.794","0.0166542"
"2011-09-18 11:30:00+00:00","0.126","0.838","0.0167034"
"2011-09-18 12:00:00+00:00","0.198","0.856","0.0167034"
"2011-09-18 12:30:00+00:00","0.227","0.838","0.0167034"
"2011-09-18 13:00:00+00:00","0.162","0.8","0.01622985"
"2011-09-18 13:30:00+00:00","0.266","0.756","0.01518435"
"2011-09-18 14:00:00+00:00","0.207","0.731","0.01531965"
"2011-09-18 14:30:00+00:00","0.186","0.644","0.0154857"
"2011-09-18 15:00:00+00:00","0.25","0.538","0.0155718"
"2011-09-18 15:30:00+00:00","0.318","0.419","0.0160146"
"2011-09-18 16:00:00+00:00","0.205","0.313","0.0160023"
"2011-09-18 16:30:00+00:00","0.201","0.169","0.0155472"
"2011-09-18 17:00:00+00:00","0.164","0.038","0.01668495"
"2011-09-18 17:30:00+00:00","0.223","0.006","0.01741065"
"2011-09-18 18:00:00+00:00","0.547","0.0","0.01978455"
"2011-09-18 18:30:00+00:00","0.201","0.0","0.021156"
"2011-09-18 19:00:00+00:00","0.17","0.0","0.0215619"
"2011-09-18 19:30:00+00:00","0.27","0.0","0.0191634"
"2011-09-18 20:00:00+00:00","0.282","0.0","0.01832085"
"2011-09-18 20:30:00+00:00","0.185","0.0","0.0182655"
"2011-09-18 21:00:00+00:00","0.215","0.0","0.01705395"
"2011-09-18 21:30:00+00:00","0.168","0.0","0.0156702"
"2011-09-18 22:00:00+00:00","0.08","0.0","0.0151413"
"2011-09-18 22:30:00+00:00","0.147","0.0","0.0157317"
"2011-09-18 23:00:00+00:00","0.151","0.0","0.0149568"
"2011-09-18 23:30:00+00:00","0.112","0.0","0.0152889"
"2011-09-19 00:00:00+00:00","0.116","0.0","0.01535655"
"2011-09-19 00:30:00+00:00","0.143","0.0","0.01472925"
"2011-09-19 01:00:00+00:00","0.143","0.0","0.0147846"
"2011-09-19 01:30:00+00:00","0.066","0.0","0.0146616"
"2011-09-19 02:00:00+00:00","0.19","0.0","0.0141696"
"2011-09-19 02:30:00+00:00","0.098","0.0","0.01376985"
"2011-09-19 03:00:00+00:00","0.14","0.0","0.0139359"
"2011-09-19 03:30:00+00:00","0.085","0.0","0.0131487"
"2011-09-19 04:00:00+00:00","0.197","0.0","0.0119556"
"2011-09-19 04:30:00+00:00","0.054","0.0","0.0124722"
"2011-09-19 05:00:00+00:00","0.152","0.0","0.0140958"
"2011-09-19 05:30:00+00:00","0.173","0.0","0.01455705"
"2011-09-19 06:00:00+00:00","0.37","0.0","0.0150183"
"2011-09-19 06:30:00+00:00","0.123","0.006","0.0170478"
"2011-09-19 07:00:00+00:00","0.153","0.056","0.01727535"
"2011-09-19 07:30:00+00:00","0.226","0.125","0.01557795"
"2011-09-19 08:00:00+00:00","0.11","0.163","0.01721385"
"2011-09-19 08:30:00+00:00","0.18","0.45","0.0167034"
"2011-09-19 09:00:00+00:00","0.108","0.475","0.0174045"
"2011-09-19 09:30:00+00:00","0.127","0.35","0.01793955"
"2011-09-19 10:00:00+00:00","0.099","0.394","0.01801335"
"2011-09-19 10:30:00+00:00","0.191","0.613","0.0173799"
"2011-09-19 11:00:00+00:00","0.163","0.781","0.017343"
"2011-09-19 11:30:00+00:00","0.218","0.806","0.01718925"
"2011-09-19 12:00:00+00:00","0.135","0.775","0.01787805"
"2011-09-19 12:30:00+00:00","0.241","0.85","0.0178596"
"2011-09-19 13:00:00+00:00","0.241","0.819","0.01775505"
"2011-09-19 13:30:00+00:00","0.12","0.775","0.01775505"
"2011-09-19 14:00:00+00:00","0.176","0.719","0.0178596"
"2011-09-19 14:30:00+00:00","0.194","0.65","0.01789035"
"2011-09-19 15:00:00+00:00","0.213","0.563","0.01791495"
"2011-09-19 15:30:00+00:00","0.133","0.456","0.0187083"
"2011-09-19 16:00:00+00:00","0.272","0.325","0.01773045"
"2011-09-19 16:30:00+00:00","0.141","0.2","0.0180441"
"2011-09-19 17:00:00+00:00","0.239","0.069","0.01775505"
"2011-09-19 17:30:00+00:00","0.119","0.006","0.0182778"
"2011-09-19 18:00:00+00:00","0.337","0.0","0.0191265"
"2011-09-19 18:30:00+00:00","0.435","0.0","0.02020275"
"2011-09-19 19:00:00+00:00","0.223","0.0","0.01968"
"2011-09-19 19:30:00+00:00","0.201","0.0","0.01744755"
"2011-09-19 20:00:00+00:00","0.317","0.0","0.0169002"
"2011-09-19 20:30:00+00:00","0.292","0.0","0.01664805"
"2011-09-19 21:00:00+00:00","0.128","0.0","0.0165066"
"2011-09-19 21:30:00+00:00","0.185","0.0","0.01573785"
"2011-09-19 22:00:00+00:00","0.131","0.0","0.01530735"
"2011-09-19 22:30:00+00:00","0.842","0.0","0.01626675"
"2011-09-19 23:00:00+00:00","0.313","0.0","0.0164943"
"2011-09-19 23:30:00+00:00","0.177","0.0","0.0184254"
"2011-09-20 00:00:00+00:00","0.084","0.0","0.0191019"
"2011-09-20 00:30:00+00:00","0.131","0.0","0.01689405"
"2011-09-20 01:00:00+00:00","0.145","0.0","0.01512285"
"2011-09-20 01:30:00+00:00","0.125","0.0","0.01562715"
"2011-09-20 02:00:00+00:00","0.091","0.0","0.01474155"
"2011-09-20 02:30:00+00:00","0.165","0.0","0.01476"
"2011-09-20 03:00:00+00:00","0.127","0.0","0.01428645"
"2011-09-20 03:30:00+00:00","0.105","0.0","0.0139359"
"2011-09-20 04:00:00+00:00","0.133","0.0","0.01421265"
"2011-09-20 04:30:00+00:00","0.159","0.0","0.01440945"
"2011-09-20 05:00:00+00:00","0.091","0.0","0.01476615"
"2011-09-20 05:30:00+00:00","0.121","0.0","0.0149814"
"2011-09-20 06:00:00+00:00","0.275","0.0","0.0155103"
"2011-09-20 06:30:00+00:00","0.135","0.0","0.0178719"
"2011-09-20 07:00:00+00:00","0.109","0.019","0.01715235"
"2011-09-20 07:30:00+00:00","0.17","0.094","0.01674645"
"2011-09-20 08:00:00+00:00","0.296","0.238","0.0181302"
"2011-09-20 08:30:00+00:00","0.171","0.381","0.01840695"
"2011-09-20 09:00:00+00:00","0.172","0.563","0.01930485"
"2011-09-20 09:30:00+00:00","0.171","0.656","0.0210822"
"2011-09-20 10:00:00+00:00","0.111","0.713","0.02085465"
"2011-09-20 10:30:00+00:00","0.136","0.788","0.02188785"
"2011-09-20 11:00:00+00:00","0.152","0.831","0.0217464"
"2011-09-20 11:30:00+00:00","0.169","0.844","0.02140815"
"2011-09-20 12:00:00+00:00","0.086","0.844","0.0210207"
"2011-09-20 12:30:00+00:00","0.187","0.813","0.0201966"
"2011-09-20 13:00:00+00:00","0.131","0.744","0.02140815"
"2011-09-20 13:30:00+00:00","0.168","0.756","0.02111295"
"2011-09-20 14:00:00+00:00","0.096","0.581","0.0204918"
"2011-09-20 14:30:00+00:00","0.189","0.494","0.01878825"
"2011-09-20 15:00:00+00:00","0.238","0.338","0.0207747"
"2011-09-20 15:30:00+00:00","0.287","0.419","0.01792725"
"2011-09-20 16:00:00+00:00","0.196","0.381","0.01797645"
"2011-09-20 16:30:00+00:00","0.202","0.244","0.01830855"
"2011-09-20 17:00:00+00:00","0.237","0.075","0.0185361"
"2011-09-20 17:30:00+00:00","0.286","0.0","0.0195939"
"2011-09-20 18:00:00+00:00","0.581","0.0","0.0230379"
"2011-09-20 18:30:00+00:00","0.233","0.0","0.023862"
"2011-09-20 19:00:00+00:00","0.253","0.0","0.0278841"
"2011-09-20 19:30:00+00:00","0.236","0.0","0.02074395"
"2011-09-20 20:00:00+00:00","0.318","0.0","0.01878825"
"2011-09-20 20:30:00+00:00","0.149","0.0","0.0189297"
"2011-09-20 21:00:00+00:00","0.21","0.0","0.0179457"
"2011-09-20 21:30:00+00:00","0.233","0.0","0.0175644"
"2011-09-20 22:00:00+00:00","0.141","0.0","0.0160269"
"2011-09-20 22:30:00+00:00","0.096","0.0","0.01830855"
"2011-09-20 23:00:00+00:00","0.17","0.0","0.016113"
"2011-09-20 23:30:00+00:00","0.114","0.0","0.01737375"
"2011-09-21 00:00:00+00:00","0.112","0.0","0.01752135"
"2011-09-21 00:30:00+00:00","0.116","0.0","0.0173553"
"2011-09-21 01:00:00+00:00","0.169","0.0","0.0162729"
"2011-09-21 01:30:00+00:00","0.073","0.0","0.01595925"
"2011-09-21 02:00:00+00:00","0.149","0.0","0.01591005"
"2011-09-21 02:30:00+00:00","0.13","0.0","0.01468005"
"2011-09-21 03:00:00+00:00","0.116","0.0","0.0148707"
"2011-09-21 03:30:00+00:00","0.088","0.0","0.0145263"
"2011-09-21 04:00:00+00:00","0.17","0.0","0.0144894"
"2011-09-21 04:30:00+00:00","0.083","0.0","0.01470465"
"2011-09-21 05:00:00+00:00","0.118","0.0","0.01490145"
"2011-09-21 05:30:00+00:00","0.143","0.0","0.0152766"
"2011-09-21 06:00:00+00:00","0.243","0.0","0.01614375"
"2011-09-21 06:30:00+00:00","0.114","0.006","0.0184623"
"2011-09-21 07:00:00+00:00","0.157","0.006","0.01888665"
"2011-09-21 07:30:00+00:00","0.172","0.138","0.02012895"
"2011-09-21 08:00:00+00:00","0.152","0.469","0.02650035"
"2011-09-21 08:30:00+00:00","0.21","0.581","0.02650035"
"2011-09-21 09:00:00+00:00","0.103","0.681","0.02579925"
"2011-09-21 09:30:00+00:00","0.111","0.763","0.0232962"
"2011-09-21 10:00:00+00:00","0.131","0.819","0.02017815"
"2011-09-21 10:30:00+00:00","0.155","0.85","0.02237985"
"2011-09-21 11:00:00+00:00","0.22","0.881","0.02112525"
"2011-09-21 11:30:00+00:00","0.184","0.894","0.02111295"
"2011-09-21 12:00:00+00:00","0.279","0.881","0.0234192"
"2011-09-21 12:30:00+00:00","0.196","0.875","0.02035035"
"2011-09-21 13:00:00+00:00","0.209","0.85","0.02027655"
"2011-09-21 13:30:00+00:00","0.189","0.806","0.02070705"
"2011-09-21 14:00:00+00:00","0.169","0.756","0.0203442"
"2011-09-21 14:30:00+00:00","0.116","0.675","0.0198891"
"2011-09-21 15:00:00+00:00","0.194","0.594","0.01946475"
"2011-09-21 15:30:00+00:00","0.343","0.494","0.01936635"
"2011-09-21 16:00:00+00:00","0.242","0.375","0.0199506"
"2011-09-21 16:30:00+00:00","0.234","0.231","0.020295"
"2011-09-21 17:00:00+00:00","0.378","0.069","0.02060865"
"2011-09-21 17:30:00+00:00","0.214","0.006","0.018942"
"2011-09-21 18:00:00+00:00","0.583","0.0","0.0196677"
"2011-09-21 18:30:00+00:00","0.419","0.0","0.03463065"
"2011-09-21 19:00:00+00:00","0.411","0.0","0.03266265"
"2011-09-21 19:30:00+00:00","0.443","0.0","0.02012895"
"2011-09-21 20:00:00+00:00","0.297","0.0","0.0198276"
"2011-09-21 20:30:00+00:00","0.272","0.0","0.0208485"
"2011-09-21 21:00:00+00:00","0.303","0.0","0.01886205"
"2011-09-21 21:30:00+00:00","0.086","0.0","0.01797645"
"2011-09-21 22:00:00+00:00","0.169","0.0","0.01656195"
"2011-09-21 22:30:00+00:00","0.122","0.0","0.0183762"
"2011-09-21 23:00:00+00:00","0.128","0.0","0.01770585"
"2011-09-21 23:30:00+00:00","0.146","0.0","0.01884975"
"2011-09-22 00:00:00+00:00","0.957","0.0","0.01861605"
"2011-09-22 00:30:00+00:00","0.062","0.0","0.0180441"
"2011-09-22 01:00:00+00:00","0.137","0.0","0.0170478"
"2011-09-22 01:30:00+00:00","0.128","0.0","0.01638975"
"2011-09-22 02:00:00+00:00","0.106","0.0","0.01536885"
"2011-09-22 02:30:00+00:00","0.1","0.0","0.01481535"
"2011-09-22 03:00:00+00:00","0.145","0.0","0.0144525"
"2011-09-22 03:30:00+00:00","0.11","0.0","0.01417575"
"2011-09-22 04:00:00+00:00","0.089","0.0","0.0143049"
"2011-09-22 04:30:00+00:00","0.156","0.0","0.01440945"
"2011-09-22 05:00:00+00:00","0.105","0.0","0.01440945"
"2011-09-22 05:30:00+00:00","0.092","0.0","0.01524585"
"2011-09-22 06:00:00+00:00","0.295","0.0","0.0156948"
"2011-09-22 06:30:00+00:00","0.12","0.006","0.0163959"
"2011-09-22 07:00:00+00:00","0.1","0.019","0.01769355"
"2011-09-22 07:30:00+00:00","0.147","0.131","0.01632825"
"2011-09-22 08:00:00+00:00","0.453","0.444","0.01789035"
"2011-09-22 08:30:00+00:00","0.15","0.563","0.0183639"
"2011-09-22 09:00:00+00:00","0.202","0.656","0.0188559"
"2011-09-22 09:30:00+00:00","0.112","0.731","0.01846845"
"2011-09-22 10:00:00+00:00","0.097","0.781","0.0176874"
"2011-09-22 10:30:00+00:00","0.152","0.831","0.017466"
"2011-09-22 11:00:00+00:00","0.124","0.85","0.01733685"
"2011-09-22 11:30:00+00:00","0.093","0.869","0.01834545"
"2011-09-22 12:00:00+00:00","0.146","0.869","0.0177366"
"2011-09-22 12:30:00+00:00","0.136","0.844","0.01726305"
"2011-09-22 13:00:00+00:00","0.096","0.819","0.01774275"
"2011-09-22 13:30:00+00:00","0.288","0.775","0.0182409"
"2011-09-22 14:00:00+00:00","0.237","0.719","0.01888665"
"2011-09-22 14:30:00+00:00","0.212","0.675","0.0185238"
"2011-09-22 15:00:00+00:00","0.185","0.6","0.01807485"
"2011-09-22 15:30:00+00:00","0.222","0.488","0.01753365"
"2011-09-22 16:00:00+00:00","0.184","0.363","0.01798875"
"2011-09-22 16:30:00+00:00","0.287","0.238","0.01850535"
"2011-09-22 17:00:00+00:00","0.145","0.081","0.0183393"
"2011-09-22 17:30:00+00:00","0.234","0.0","0.0184377"
"2011-09-22 18:00:00+00:00","0.591","0.0","0.0192372"
"2011-09-22 18:30:00+00:00","0.443","0.0","0.0232716"
"2011-09-22 19:00:00+00:00","0.262","0.0","0.0254856"
"2011-09-22 19:30:00+00:00","0.296","0.0","0.019557"
"2011-09-22 20:00:00+00:00","0.366","0.0","0.0185607"
"2011-09-22 20:30:00+00:00","0.231","0.0","0.0183885"
"2011-09-22 21:00:00+00:00","0.136","0.0","0.01568865"
"2011-09-22 21:30:00+00:00","0.094","0.0","0.0150183"
"2011-09-22 22:00:00+00:00","0.192","0.0","0.01452015"
"2011-09-22 22:30:00+00:00","0.144","0.0","0.01611915"
"2011-09-22 23:00:00+00:00","0.176","0.0","0.01520895"
"2011-09-22 23:30:00+00:00","0.047","0.0","0.01716465"
"2011-09-23 00:00:00+00:00","0.17","0.006","0.0162114"
"2011-09-23 00:30:00+00:00","0.112","0.0","0.0149568"
"2011-09-23 01:00:00+00:00","0.166","0.0","0.0148215"
"2011-09-23 01:30:00+00:00","0.067","0.0","0.0147723"
"2011-09-23 02:00:00+00:00","0.148","0.0","0.0143295"
"2011-09-23 02:30:00+00:00","0.135","0.0","0.01373295"
"2011-09-23 03:00:00+00:00","0.136","0.0","0.01436025"
"2011-09-23 03:30:00+00:00","0.094","0.0","0.01440945"
"2011-09-23 04:00:00+00:00","0.142","0.0","0.0140343"
"2011-09-23 04:30:00+00:00","0.149","0.0","0.01440945"
"2011-09-23 05:00:00+00:00","0.089","0.0","0.01440945"
"2011-09-23 05:30:00+00:00","0.101","0.0","0.01456935"
"2011-09-23 06:00:00+00:00","0.28","0.0","0.0150921"
"2011-09-23 06:30:00+00:00","0.144","0.0","0.01759515"
"2011-09-23 07:00:00+00:00","0.101","0.013","0.01790265"
"2011-09-23 07:30:00+00:00","0.153","0.15","0.01575015"
"2011-09-23 08:00:00+00:00","0.15","0.469","0.01798875"
"2011-09-23 08:30:00+00:00","0.258","0.581","0.0180564"
"2011-09-23 09:00:00+00:00","0.156","0.675","0.0179334"
"2011-09-23 09:30:00+00:00","0.205","0.75","0.018204"
"2011-09-23 10:00:00+00:00","0.41","0.813","0.0184623"
"2011-09-23 10:30:00+00:00","0.299","0.856","0.0185238"
"2011-09-23 11:00:00+00:00","0.144","0.881","0.0201843"
"2011-09-23 11:30:00+00:00","0.179","0.881","0.0192864"
"2011-09-23 12:00:00+00:00","0.106","0.881","0.0206025"
"2011-09-23 12:30:00+00:00","0.127","0.856","0.0193356"
"2011-09-23 13:00:00+00:00","0.136","0.838","0.0193479"
"2011-09-23 13:30:00+00:00","0.196","0.794","0.01866525"
"2011-09-23 14:00:00+00:00","0.102","0.725","0.01800105"
"2011-09-23 14:30:00+00:00","0.153","0.663","0.0194832"
"2011-09-23 15:00:00+00:00","0.087","0.575","0.01916955"
"2011-09-23 15:30:00+00:00","0.21","0.469","0.0186591"
"2011-09-23 16:00:00+00:00","0.13","0.306","0.0187944"
"2011-09-23 16:30:00+00:00","0.133","0.175","0.01859145"
"2011-09-23 17:00:00+00:00","0.113","0.05","0.0177366"
"2011-09-23 17:30:00+00:00","0.455","0.013","0.01784115"
"2011-09-23 18:00:00+00:00","1.033","0.0","0.0181794"
"2011-09-23 18:30:00+00:00","0.644","0.0","0.0210822"
"2011-09-23 19:00:00+00:00","0.132","0.0","0.0228165"
"2011-09-23 19:30:00+00:00","0.405","0.0","0.019065"
"2011-09-23 20:00:00+00:00","0.234","0.0","0.01743525"
"2011-09-23 20:30:00+00:00","0.231","0.0","0.0174783"
"2011-09-23 21:00:00+00:00","0.132","0.0","0.01646355"
"2011-09-23 21:30:00+00:00","0.132","0.0","0.0153504"
"2011-09-23 22:00:00+00:00","0.175","0.0","0.01533195"
"2011-09-23 22:30:00+00:00","0.184","0.0","0.0176259"
"2011-09-23 23:00:00+00:00","0.288","0.0","0.01648815"
"2011-09-23 23:30:00+00:00","0.819","0.0","0.0175767"
"2011-09-24 00:00:00+00:00","0.158","0.0","0.01908345"
"2011-09-24 00:30:00+00:00","0.146","0.006","0.0172692"
"2011-09-24 01:00:00+00:00","0.138","0.0","0.0165804"
"2011-09-24 01:30:00+00:00","0.087","0.0","0.0160023"
"2011-09-24 02:00:00+00:00","0.166","0.0","0.01523355"
"2011-09-24 02:30:00+00:00","0.151","0.0","0.0144033"
"2011-09-24 03:00:00+00:00","0.124","0.0","0.01440945"
"2011-09-24 03:30:00+00:00","0.095","0.0","0.01421265"
"2011-09-24 04:00:00+00:00","0.157","0.0","0.01440945"
"2011-09-24 04:30:00+00:00","0.162","0.0","0.01440945"
"2011-09-24 05:00:00+00:00","0.107","0.0","0.01440945"
"2011-09-24 05:30:00+00:00","0.208","0.0","0.01402815"
"2011-09-24 06:00:00+00:00","0.155","0.0","0.01423725"
"2011-09-24 06:30:00+00:00","0.16","0.0","0.01440945"
"2011-09-24 07:00:00+00:00","0.116","0.019","0.01471695"
"2011-09-24 07:30:00+00:00","0.137","0.075","0.01502445"
"2011-09-24 08:00:00+00:00","0.335","0.025","0.01555335"
"2011-09-24 08:30:00+00:00","0.232","0.113","0.0167034"
"2011-09-24 09:00:00+00:00","0.304","0.113","0.01884975"
"2011-09-24 09:30:00+00:00","0.135","0.069","0.02068245"
"2011-09-24 10:00:00+00:00","0.217","0.081","0.01846845"
"2011-09-24 10:30:00+00:00","0.139","0.138","0.0191142"
"2011-09-24 11:00:00+00:00","0.191","0.125","0.0192126"
"2011-09-24 11:30:00+00:00","0.196","0.106","0.01789035"
"2011-09-24 12:00:00+00:00","0.834","0.194","0.01766895"
"2011-09-24 12:30:00+00:00","1.061","0.094","0.0167034"
"2011-09-24 13:00:00+00:00","0.883","0.094","0.0167526"
"2011-09-24 13:30:00+00:00","0.871","0.156","0.01634055"
"2011-09-24 14:00:00+00:00","0.232","0.125","0.01611915"
"2011-09-24 14:30:00+00:00","0.209","0.094","0.01622985"
"2011-09-24 15:00:00+00:00","0.351","0.15","0.0157563"
"2011-09-24 15:30:00+00:00","0.179","0.031","0.0162483"
"2011-09-24 16:00:00+00:00","0.229","0.025","0.01662345"
"2011-09-24 16:30:00+00:00","0.234","0.019","0.0167034"
"2011-09-24 17:00:00+00:00","0.177","0.0","0.017343"
"2011-09-24 17:30:00+00:00","0.233","0.0","0.01717695"
"2011-09-24 18:00:00+00:00","0.28","0.0","0.0181671"
"2011-09-24 18:30:00+00:00","0.171","0.0","0.01947705"
"2011-09-24 19:00:00+00:00","0.319","0.0","0.0185361"
"2011-09-24 19:30:00+00:00","0.277","0.0","0.01710315"
"2011-09-24 20:00:00+00:00","0.314","0.0","0.01693095"
"2011-09-24 20:30:00+00:00","0.14","0.0","0.01592235"
"2011-09-24 21:00:00+00:00","0.089","0.0","0.0161499"
"2011-09-24 21:30:00+00:00","0.18","0.006","0.0153012"
"2011-09-24 22:00:00+00:00","0.128","0.0","0.0152643"
"2011-09-24 22:30:00+00:00","0.125","0.0","0.01666035"
"2011-09-24 23:00:00+00:00","0.906","0.0","0.01582395"
"2011-09-24 23:30:00+00:00","0.225","0.0","0.01759515"
"2011-09-25 00:00:00+00:00","0.121","0.0","0.0167895"
"2011-09-25 00:30:00+00:00","0.105","0.0","0.01480305"
"2011-09-25 01:00:00+00:00","0.113","0.0","0.0149322"
"2011-09-25 01:30:00+00:00","0.167","0.0","0.01496295"
"2011-09-25 02:00:00+00:00","0.105","0.0","0.0132225"
"2011-09-25 02:30:00+00:00","0.099","0.0","0.0121278"
"2011-09-25 03:00:00+00:00","0.147","0.0","0.0112914"
"2011-09-25 03:30:00+00:00","0.163","0.0","0.01133445"
"2011-09-25 04:00:00+00:00","0.098","0.0","0.0111684"
"2011-09-25 04:30:00+00:00","0.102","0.0","0.01213395"
"2011-09-25 05:00:00+00:00","0.149","0.0","0.01210935"
"2011-09-25 05:30:00+00:00","0.142","0.0","0.01215855"
"2011-09-25 06:00:00+00:00","0.179","0.0","0.0120909"
"2011-09-25 06:30:00+00:00","0.134","0.0","0.01204785"
"2011-09-25 07:00:00+00:00","0.177","0.025","0.01250295"
"2011-09-25 07:30:00+00:00","0.116","0.044","0.01413885"
"2011-09-25 08:00:00+00:00","0.114","0.088","0.01449555"
"2011-09-25 08:30:00+00:00","0.267","0.063","0.0152766"
"2011-09-25 09:00:00+00:00","0.393","0.056","0.01648815"
"2011-09-25 09:30:00+00:00","0.106","0.013","0.01620525"
"2011-09-25 10:00:00+00:00","0.119","0.038","0.01659885"
"2011-09-25 10:30:00+00:00","0.292","0.031","0.0166296"
"2011-09-25 11:00:00+00:00","0.283","0.0","0.0168141"
"2011-09-25 11:30:00+00:00","0.147","0.0","0.0167034"
"2011-09-25 12:00:00+00:00","0.169","0.0","0.0164328"
"2011-09-25 12:30:00+00:00","0.358","0.006","0.01657425"
"2011-09-25 13:00:00+00:00","0.204","0.0","0.01559025"
"2011-09-25 13:30:00+00:00","0.142","0.006","0.0158055"
"2011-09-25 14:00:00+00:00","0.193","0.019","0.0153135"
"2011-09-25 14:30:00+00:00","0.254","0.013","0.0153504"
"2011-09-25 15:00:00+00:00","0.111","0.0","0.0152643"
"2011-09-25 15:30:00+00:00","0.153","0.013","0.01543035"
"2011-09-25 16:00:00+00:00","0.139","0.0","0.01555335"
"2011-09-25 16:30:00+00:00","0.122","0.0","0.01566405"
"2011-09-25 17:00:00+00:00","0.086","0.0","0.01577475"
"2011-09-25 17:30:00+00:00","0.229","0.006","0.01567635"
"2011-09-25 18:00:00+00:00","0.387","0.0","0.01702935"
"2011-09-25 18:30:00+00:00","0.187","0.0","0.0193479"
"2011-09-25 19:00:00+00:00","0.199","0.0","0.02033805"
"2011-09-25 19:30:00+00:00","0.297","0.0","0.0173553"
"2011-09-25 20:00:00+00:00","0.222","0.0","0.01691865"
"2011-09-25 20:30:00+00:00","0.215","0.0","0.0168264"
"2011-09-25 21:00:00+00:00","0.175","0.0","0.01634055"
"2011-09-25 21:30:00+00:00","0.141","0.0","0.0152397"
"2011-09-25 22:00:00+00:00","0.1","0.0","0.0149076"
"2011-09-25 22:30:00+00:00","0.163","0.0","0.01544265"
"2011-09-25 23:00:00+00:00","0.116","0.0","0.0150183"
"2011-09-25 23:30:00+00:00","0.096","0.0","0.01524585"
"2011-09-26 00:00:00+00:00","0.088","0.0","0.0154857"
"2011-09-26 00:30:00+00:00","0.154","0.0","0.0149568"
"2011-09-26 01:00:00+00:00","0.075","0.0","0.0145263"
"2011-09-26 01:30:00+00:00","0.097","0.0","0.01436025"
"2011-09-26 02:00:00+00:00","0.134","0.0","0.0141327"
"2011-09-26 02:30:00+00:00","0.128","0.0","0.01391745"
"2011-09-26 03:00:00+00:00","0.075","0.0","0.0122139"
"2011-09-26 03:30:00+00:00","0.131","0.0","0.0117834"
"2011-09-26 04:00:00+00:00","0.145","0.0","0.01217085"
"2011-09-26 04:30:00+00:00","0.088","0.0","0.01215855"
"2011-09-26 05:00:00+00:00","0.089","0.0","0.0141942"
"2011-09-26 05:30:00+00:00","0.145","0.0","0.01440945"
"2011-09-26 06:00:00+00:00","0.106","0.0","0.01527045"
"2011-09-26 06:30:00+00:00","0.093","0.025","0.0167034"
"2011-09-26 07:00:00+00:00","0.292","0.025","0.01668495"
"2011-09-26 07:30:00+00:00","0.245","0.094","0.0161007"
"2011-09-26 08:00:00+00:00","0.386","0.175","0.0167526"
"2011-09-26 08:30:00+00:00","0.162","0.169","0.0178842"
"2011-09-26 09:00:00+00:00","0.293","0.531","0.0178842"
"2011-09-26 09:30:00+00:00","0.087","0.713","0.01812405"
"2011-09-26 10:00:00+00:00","0.105","0.869","0.01789035"
"2011-09-26 10:30:00+00:00","0.178","0.888","0.0181671"
"2011-09-26 11:00:00+00:00","0.156","0.925","0.01789035"
"2011-09-26 11:30:00+00:00","0.069","0.894","0.01789035"
"2011-09-26 12:00:00+00:00","0.165","0.831","0.01789035"
"2011-09-26 12:30:00+00:00","0.123","0.8","0.0178842"
"2011-09-26 13:00:00+00:00","0.142","0.888","0.0175767"
"2011-09-26 13:30:00+00:00","0.057","0.838","0.0175767"
"2011-09-26 14:00:00+00:00","0.189","0.788","0.0177981"
"2011-09-26 14:30:00+00:00","0.105","0.719","0.01696785"
"2011-09-26 15:00:00+00:00","0.137","0.638","0.01669725"
"2011-09-26 15:30:00+00:00","0.075","0.5","0.01670955"
"2011-09-26 16:00:00+00:00","0.195","0.388","0.0166419"
"2011-09-26 16:30:00+00:00","0.08","0.156","0.0169986"
"2011-09-26 17:00:00+00:00","0.129","0.069","0.017343"
"2011-09-26 17:30:00+00:00","0.102","0.013","0.016605"
"2011-09-26 18:00:00+00:00","0.187","0.0","0.01862835"
"2011-09-26 18:30:00+00:00","0.562","0.0","0.0229272"
"2011-09-26 19:00:00+00:00","0.912","0.0","0.0249567"
"2011-09-26 19:30:00+00:00","0.979","0.0","0.0226935"
"2011-09-26 20:00:00+00:00","0.478","0.0","0.0225213"
"2011-09-26 20:30:00+00:00","0.058","0.0","0.02075625"
"2011-09-26 21:00:00+00:00","0.174","0.0","0.0192741"
"2011-09-26 21:30:00+00:00","0.105","0.0","0.01734915"
"2011-09-26 22:00:00+00:00","0.155","0.0","0.01632825"
"2011-09-26 22:30:00+00:00","0.043","0.0","0.01784115"
"2011-09-26 23:00:00+00:00","0.189","0.0","0.01723845"
"2011-09-26 23:30:00+00:00","0.096","0.0","0.01951395"
"2011-09-27 00:00:00+00:00","0.123","0.0","0.01854225"
"2011-09-27 00:30:00+00:00","0.074","0.0","0.01757055"
"2011-09-27 01:00:00+00:00","0.178","0.0","0.0168879"
"2011-09-27 01:30:00+00:00","0.077","0.006","0.015744"
"2011-09-27 02:00:00+00:00","0.116","0.0","0.01503675"
"2011-09-27 02:30:00+00:00","0.117","0.0","0.0148953"
"2011-09-27 03:00:00+00:00","0.157","0.0","0.0145632"
"2011-09-27 03:30:00+00:00","0.069","0.0","0.0140466"
"2011-09-27 04:00:00+00:00","0.128","0.0","0.01440945"
"2011-09-27 04:30:00+00:00","0.138","0.0","0.01485225"
"2011-09-27 05:00:00+00:00","0.107","0.0","0.0149199"
"2011-09-27 05:30:00+00:00","0.08","0.0","0.01506135"
"2011-09-27 06:00:00+00:00","0.152","0.0","0.01565175"
"2011-09-27 06:30:00+00:00","0.139","0.006","0.0181056"
"2011-09-27 07:00:00+00:00","0.091","0.013","0.0195693"
"2011-09-27 07:30:00+00:00","0.138","0.15","0.0168879"
"2011-09-27 08:00:00+00:00","0.148","0.519","0.0174906"
"2011-09-27 08:30:00+00:00","0.226","0.6","0.0178842"
"2011-09-27 09:00:00+00:00","0.261","0.638","0.0180687"
"2011-09-27 09:30:00+00:00","0.175","0.525","0.0190773"
"2011-09-27 10:00:00+00:00","0.139","0.675","0.0187206"
"2011-09-27 10:30:00+00:00","0.166","0.6","0.0201597"
"2011-09-27 11:00:00+00:00","0.187","0.75","0.0206271"
"2011-09-27 11:30:00+00:00","0.484","0.638","0.0210453"
"2011-09-27 12:00:00+00:00","0.089","0.675","0.01920645"
"2011-09-27 12:30:00+00:00","0.274","0.594","0.0178842"
"2011-09-27 13:00:00+00:00","0.245","0.75","0.0178842"
"2011-09-27 13:30:00+00:00","0.223","0.688","0.0184008"
"2011-09-27 14:00:00+00:00","0.131","0.781","0.0178842"
"2011-09-27 14:30:00+00:00","0.206","0.663","0.01787805"
"2011-09-27 15:00:00+00:00","0.195","0.525","0.01786575"
"2011-09-27 15:30:00+00:00","0.259","0.494","0.01787805"
"2011-09-27 16:00:00+00:00","0.417","0.263","0.01787805"
"2011-09-27 16:30:00+00:00","0.337","0.238","0.01787805"
"2011-09-27 17:00:00+00:00","0.299","0.069","0.0176013"
"2011-09-27 17:30:00+00:00","0.113","0.006","0.01808715"
"2011-09-27 18:00:00+00:00","0.26","0.0","0.0193971"
"2011-09-27 18:30:00+00:00","0.262","0.0","0.0246123"
"2011-09-27 19:00:00+00:00","0.387","0.0","0.0268017"
"2011-09-27 19:30:00+00:00","0.159","0.0","0.0197784"
"2011-09-27 20:00:00+00:00","0.32","0.0","0.01757055"
"2011-09-27 20:30:00+00:00","0.229","0.0","0.01688175"
"2011-09-27 21:00:00+00:00","0.298","0.0","0.0163836"
"2011-09-27 21:30:00+00:00","0.1","0.0","0.01595925"
"2011-09-27 22:00:00+00:00","0.146","0.0","0.0151413"
"2011-09-27 22:30:00+00:00","0.135","0.0","0.01689405"
"2011-09-27 23:00:00+00:00","0.087","0.0","0.01595925"
"2011-09-27 23:30:00+00:00","0.559","0.0","0.017466"
"2011-09-28 00:00:00+00:00","0.576","0.0","0.0181548"
"2011-09-28 00:30:00+00:00","0.097","0.0","0.01912035"
"2011-09-28 01:00:00+00:00","0.105","0.0","0.0176751"
"2011-09-28 01:30:00+00:00","0.119","0.0","0.0169371"
"2011-09-28 02:00:00+00:00","0.159","0.0","0.01554105"
"2011-09-28 02:30:00+00:00","0.051","0.0","0.0147846"
"2011-09-28 03:00:00+00:00","0.153","0.0","0.01485225"
"2011-09-28 03:30:00+00:00","0.106","0.0","0.0136407"
"2011-09-28 04:00:00+00:00","0.137","0.0","0.01440945"
"2011-09-28 04:30:00+00:00","0.049","0.0","0.01440945"
"2011-09-28 05:00:00+00:00","0.171","0.0","0.01492605"
"2011-09-28 05:30:00+00:00","0.103","0.0","0.0150429"
"2011-09-28 06:00:00+00:00","0.191","0.006","0.01539345"
"2011-09-28 06:30:00+00:00","0.289","0.025","0.0187944"
"2011-09-28 07:00:00+00:00","0.167","0.063","0.0204303"
"2011-09-28 07:30:00+00:00","0.19","0.163","0.0164943"
"2011-09-28 08:00:00+00:00","0.398","0.469","0.017097"
"2011-09-28 08:30:00+00:00","0.234","0.413","0.01787805"
"2011-09-28 09:00:00+00:00","0.105","0.613","0.01916955"
"2011-09-28 09:30:00+00:00","0.116","0.619","0.0191634"
"2011-09-28 10:00:00+00:00","0.094","0.631","0.0197169"
"2011-09-28 10:30:00+00:00","0.177","0.4","0.0191142"
"2011-09-28 11:00:00+00:00","0.05","0.344","0.0187083"
"2011-09-28 11:30:00+00:00","0.141","0.388","0.01845"
"2011-09-28 12:00:00+00:00","0.11","0.213","0.01928025"
"2011-09-28 12:30:00+00:00","0.152","0.081","0.01827165"
"2011-09-28 13:00:00+00:00","0.253","0.069","0.0209961"
"2011-09-28 13:30:00+00:00","0.252","0.031","0.01950165"
"2011-09-28 14:00:00+00:00","0.222","0.013","0.01818555"
"2011-09-28 14:30:00+00:00","0.197","0.038","0.01860375"
"2011-09-28 15:00:00+00:00","0.208","0.038","0.0179457"
"2011-09-28 15:30:00+00:00","0.269","0.025","0.01789035"
"2011-09-28 16:00:00+00:00","0.22","0.0","0.01983375"
"2011-09-28 16:30:00+00:00","0.212","0.0","0.02076855"
"2011-09-28 17:00:00+00:00","0.26","0.0","0.02694315"
"2011-09-28 17:30:00+00:00","0.369","0.0","0.0271215"
"2011-09-28 18:00:00+00:00","0.195","0.0","0.02931705"
"2011-09-28 18:30:00+00:00","0.353","0.0","0.0294216"
"2011-09-28 19:00:00+00:00","0.254","0.0","0.0292248"
"2011-09-28 19:30:00+00:00","0.295","0.0","0.02251515"
"2011-09-28 20:00:00+00:00","0.292","0.0","0.0179457"
"2011-09-28 20:30:00+00:00","0.235","0.0","0.0194955"
"2011-09-28 21:00:00+00:00","0.157","0.0","0.01694325"
"2011-09-28 21:30:00+00:00","0.137","0.0","0.01654965"
"2011-09-28 22:00:00+00:00","0.103","0.0","0.01563945"
"2011-09-28 22:30:00+00:00","0.187","0.0","0.0166296"
"2011-09-28 23:00:00+00:00","0.123","0.006","0.0161868"
"2011-09-28 23:30:00+00:00","0.146","0.0","0.0171339"
"2011-09-29 00:00:00+00:00","0.086","0.0","0.0174168"
"2011-09-29 00:30:00+00:00","0.109","0.0","0.0163836"
"2011-09-29 01:00:00+00:00","0.167","0.0","0.01507365"
"2011-09-29 01:30:00+00:00","0.128","0.0","0.0152028"
"2011-09-29 02:00:00+00:00","0.176","0.0","0.01463085"
"2011-09-29 02:30:00+00:00","0.048","0.0","0.01385595"
"2011-09-29 03:00:00+00:00","0.146","0.0","0.0120171"
"2011-09-29 03:30:00+00:00","0.108","0.0","0.01230615"
"2011-09-29 04:00:00+00:00","0.188","0.0","0.0106272"
"2011-09-29 04:30:00+00:00","0.11","0.0","0.0117957"
"2011-09-29 05:00:00+00:00","0.126","0.0","0.01222005"
"2011-09-29 05:30:00+00:00","0.062","0.0","0.0143664"
"2011-09-29 06:00:00+00:00","0.323","0.0","0.01476615"
"2011-09-29 06:30:00+00:00","0.18","0.0","0.01646355"
"2011-09-29 07:00:00+00:00","0.131","0.038","0.01648815"
"2011-09-29 07:30:00+00:00","0.119","0.069","0.0163713"
"2011-09-29 08:00:00+00:00","0.256","0.031","0.0167772"
"2011-09-29 08:30:00+00:00","0.355","0.075","0.0177243"
"2011-09-29 09:00:00+00:00","0.15","0.138","0.0183885"
"2011-09-29 09:30:00+00:00","0.171","0.15","0.01994445"
"2011-09-29 10:00:00+00:00","0.151","0.169","0.0185361"
"2011-09-29 10:30:00+00:00","0.336","0.269","0.0180072"
"2011-09-29 11:00:00+00:00","0.275","0.338","0.01789035"
"2011-09-29 11:30:00+00:00","0.17","0.294","0.0178842"
"2011-09-29 12:00:00+00:00","0.166","0.331","0.0173676"
"2011-09-29 12:30:00+00:00","0.372","0.7","0.01714005"
"2011-09-29 13:00:00+00:00","0.18","0.663","0.0167034"
"2011-09-29 13:30:00+00:00","0.147","0.619","0.0167034"
"2011-09-29 14:00:00+00:00","0.115","0.794","0.01667265"
"2011-09-29 14:30:00+00:00","0.124","0.75","0.0169002"
"2011-09-29 15:00:00+00:00","0.175","0.25","0.0169371"
"2011-09-29 15:30:00+00:00","0.198","0.375","0.0167034"
"2011-09-29 16:00:00+00:00","0.277","0.263","0.01621755"
"2011-09-29 16:30:00+00:00","0.283","0.169","0.0165927"
"2011-09-29 17:00:00+00:00","0.148","0.106","0.0168756"
"2011-09-29 17:30:00+00:00","0.206","0.0","0.0170478"
"2011-09-29 18:00:00+00:00","0.2","0.0","0.01861605"
"2011-09-29 18:30:00+00:00","0.17","0.0","0.0232962"
"2011-09-29 19:00:00+00:00","0.228","0.0","0.02594685"
"2011-09-29 19:30:00+00:00","0.193","0.0","0.02055945"
"2011-09-29 20:00:00+00:00","0.349","0.0","0.0188067"
"2011-09-29 20:30:00+00:00","0.138","0.0","0.01967385"
"2011-09-29 21:00:00+00:00","0.219","0.0","0.0179457"
"2011-09-29 21:30:00+00:00","0.106","0.0","0.0166173"
"2011-09-29 22:00:00+00:00","0.092","0.0","0.0161745"
"2011-09-29 22:30:00+00:00","0.153","0.0","0.0174537"
"2011-09-29 23:00:00+00:00","0.137","0.0","0.01645125"
"2011-09-29 23:30:00+00:00","0.086","0.0","0.01987065"
"2011-09-30 00:00:00+00:00","0.106","0.0","0.0205902"
"2011-09-30 00:30:00+00:00","0.16","0.0","0.0197046"
"2011-09-30 01:00:00+00:00","0.102","0.0","0.0169986"
"2011-09-30 01:30:00+00:00","0.101","0.0","0.01721385"
"2011-09-30 02:00:00+00:00","0.138","0.0","0.0152643"
"2011-09-30 02:30:00+00:00","0.137","0.0","0.01496295"
"2011-09-30 03:00:00+00:00","0.08","0.0","0.0147477"
"2011-09-30 03:30:00+00:00","0.115","0.0","0.01436025"
"2011-09-30 04:00:00+00:00","0.135","0.0","0.01464315"
"2011-09-30 04:30:00+00:00","0.107","0.0","0.0148461"
"2011-09-30 05:00:00+00:00","0.066","0.0","0.0149076"
"2011-09-30 05:30:00+00:00","0.151","0.0","0.0208116"
"2011-09-30 06:00:00+00:00","0.103","0.006","0.01918185"
"2011-09-30 06:30:00+00:00","0.104","0.025","0.02338845"
"2011-09-30 07:00:00+00:00","0.227","0.1","0.02652495"
"2011-09-30 07:30:00+00:00","0.528","0.206","0.0186222"
"2011-09-30 08:00:00+00:00","0.144","0.431","0.02234295"
"2011-09-30 08:30:00+00:00","0.087","0.313","0.02150655"
"2011-09-30 09:00:00+00:00","0.173","0.538","0.02133435"
"2011-09-30 09:30:00+00:00","0.085","0.631","0.02207235"
"2011-09-30 10:00:00+00:00","0.121","0.669","0.01973535"
"2011-09-30 10:30:00+00:00","0.197","0.931","0.0189051"
"2011-09-30 11:00:00+00:00","0.194","0.944","0.0176874"
"2011-09-30 11:30:00+00:00","0.106","0.981","0.0174906"
"2011-09-30 12:00:00+00:00","0.183","0.975","0.0172938"
"2011-09-30 12:30:00+00:00","0.302","0.956","0.0171093"
"2011-09-30 13:00:00+00:00","0.201","0.925","0.0166173"
"2011-09-30 13:30:00+00:00","0.123","0.881","0.0166542"
"2011-09-30 14:00:00+00:00","0.112","0.819","0.0167034"
"2011-09-30 14:30:00+00:00","0.148","0.75","0.0167034"
"2011-09-30 15:00:00+00:00","0.179","0.644","0.01663575"
"2011-09-30 15:30:00+00:00","0.252","0.519","0.01608225"
"2011-09-30 16:00:00+00:00","0.129","0.406","0.01651275"
"2011-09-30 16:30:00+00:00","0.24","0.244","0.01668495"
"2011-09-30 17:00:00+00:00","0.222","0.031","0.0154365"
"2011-09-30 17:30:00+00:00","0.198","0.013","0.0155103"
"2011-09-30 18:00:00+00:00","0.178","0.0","0.0163959"
"2011-09-30 18:30:00+00:00","0.317","0.0","0.01792725"
"2011-09-30 19:00:00+00:00","0.287","0.0","0.0189174"
"2011-09-30 19:30:00+00:00","0.203","0.0","0.01776735"
"2011-09-30 20:00:00+00:00","0.308","0.0","0.01824705"
"2011-09-30 20:30:00+00:00","0.227","0.006","0.01805025"
"2011-09-30 21:00:00+00:00","0.219","0.0","0.01688175"
"2011-09-30 21:30:00+00:00","0.28","0.0","0.015867"
"2011-09-30 22:00:00+00:00","0.109","0.0","0.01566405"
"2011-09-30 22:30:00+00:00","0.171","0.0","0.01743525"
"2011-09-30 23:00:00+00:00","0.112","0.0","0.01642665"
"2011-09-30 23:30:00+00:00","0.089","0.0","0.01926795"
"2011-10-01 00:00:00+00:00","0.122","0.0","0.01915725"
"2011-10-01 00:30:00+00:00","0.728","0.0","0.0220047"
"2011-10-01 01:00:00+00:00","0.374","0.0","0.01632825"
"2011-10-01 01:30:00+00:00","0.063","0.0","0.01582395"
"2011-10-01 02:00:00+00:00","0.174","0.0","0.0146985"
"2011-10-01 02:30:00+00:00","0.09","0.0","0.01440945"
"2011-10-01 03:00:00+00:00","0.115","0.0","0.01397895"
"2011-10-01 03:30:00+00:00","0.085","0.0","0.0140958"
"2011-10-01 04:00:00+00:00","0.161","0.0","0.01440945"
"2011-10-01 04:30:00+00:00","0.089","0.0","0.01440945"
"2011-10-01 05:00:00+00:00","0.093","0.0","0.01440945"
"2011-10-01 05:30:00+00:00","0.141","0.0","0.01440945"
"2011-10-01 06:00:00+00:00","0.112","0.0","0.0144402"
"2011-10-01 06:30:00+00:00","0.243","0.038","0.0145755"
"2011-10-01 07:00:00+00:00","0.12","0.094","0.0157071"
"2011-10-01 07:30:00+00:00","0.188","0.256","0.0153996"
"2011-10-01 08:00:00+00:00","0.365","0.544","0.01686945"
"2011-10-01 08:30:00+00:00","0.173","0.594","0.0188313"
"2011-10-01 09:00:00+00:00","0.111","0.606","0.0203565"
"2011-10-01 09:30:00+00:00","0.16","0.669","0.0255102"
"2011-10-01 10:00:00+00:00","0.157","0.85","0.02363445"
"2011-10-01 10:30:00+00:00","0.156","0.844","0.0245016"
"2011-10-01 11:00:00+00:00","0.162","0.819","0.0223614"
"2011-10-01 11:30:00+00:00","0.123","0.694","0.0205287"
"2011-10-01 12:00:00+00:00","0.369","0.669","0.0194463"
"2011-10-01 12:30:00+00:00","0.15","0.694","0.01962465"
"2011-10-01 13:00:00+00:00","0.489","0.638","0.0178596"
"2011-10-01 13:30:00+00:00","0.384","0.5","0.0181548"
"2011-10-01 14:00:00+00:00","0.325","0.6","0.01780425"
"2011-10-01 14:30:00+00:00","0.199","0.306","0.0169248"
"2011-10-01 15:00:00+00:00","0.197","0.331","0.015006"
"2011-10-01 15:30:00+00:00","0.22","0.331","0.0153504"
"2011-10-01 16:00:00+00:00","0.281","0.194","0.01689405"
"2011-10-01 16:30:00+00:00","0.241","0.1","0.0183147"
"2011-10-01 17:00:00+00:00","0.18","0.038","0.01857915"
"2011-10-01 17:30:00+00:00","0.112","0.006","0.0185484"
"2011-10-01 18:00:00+00:00","0.141","0.0","0.0240834"
"2011-10-01 18:30:00+00:00","0.148","0.0","0.0302211"
"2011-10-01 19:00:00+00:00","0.114","0.0","0.032472"
"2011-10-01 19:30:00+00:00","0.096","0.006","0.0248583"
"2011-10-01 20:00:00+00:00","0.157","0.0","0.02075625"
"2011-10-01 20:30:00+00:00","0.134","0.0","0.0196308"
"2011-10-01 21:00:00+00:00","0.26","0.0","0.01913265"
"2011-10-01 21:30:00+00:00","0.198","0.0","0.0223368"
"2011-10-01 22:00:00+00:00","0.173","0.0","0.0191388"
"2011-10-01 22:30:00+00:00","0.129","0.0","0.0230994"
"2011-10-01 23:00:00+00:00","0.092","0.0","0.0205533"
"2011-10-01 23:30:00+00:00","0.133","0.0","0.0229395"
"2011-10-02 00:00:00+00:00","0.142","0.0","0.0207378"
"2011-10-02 00:30:00+00:00","0.087","0.0","0.01837005"
"2011-10-02 01:00:00+00:00","0.087","0.0","0.0163221"
"2011-10-02 01:30:00+00:00","0.144","0.0","0.01571325"
"2011-10-02 02:00:00+00:00","0.125","0.0","0.01456935"
"2011-10-02 02:30:00+00:00","0.0","0.0","0.014268"
"2011-10-02 03:00:00+00:00","0.0","0.0","0.01440945"
"2011-10-02 03:30:00+00:00","0.084","0.0","0.01440945"
"2011-10-02 04:00:00+00:00","0.112","0.0","0.01433565"
"2011-10-02 04:30:00+00:00","0.146","0.0","0.01440945"
"2011-10-02 05:00:00+00:00","0.097","0.0","0.01440945"
"2011-10-02 05:30:00+00:00","0.091","0.0","0.01440945"
"2011-10-02 06:00:00+00:00","0.135","0.0","0.01440945"
"2011-10-02 06:30:00+00:00","0.133","0.0","0.0145755"
"2011-10-02 07:00:00+00:00","0.087","0.0","0.01503675"
"2011-10-02 07:30:00+00:00","0.107","0.0","0.01587315"
"2011-10-02 08:00:00+00:00","0.146","0.019","0.01588545"
"2011-10-02 08:30:00+00:00","0.113","0.031","0.01867755"
"2011-10-02 09:00:00+00:00","0.223","0.006","0.0186222"
"2011-10-02 09:30:00+00:00","0.297","0.013","0.0190404"
"2011-10-02 10:00:00+00:00","0.229","0.013","0.01979685"
"2011-10-02 10:30:00+00:00","0.085","0.019","0.0191388"
"2011-10-02 11:00:00+00:00","0.27","0.063","0.01918185"
"2011-10-02 11:30:00+00:00","0.321","0.013","0.0199875"
"2011-10-02 12:00:00+00:00","0.125","0.0","0.01889895"
"2011-10-02 12:30:00+00:00","0.159","0.019","0.01867755"
"2011-10-02 13:00:00+00:00","0.529","0.038","0.01867755"
"2011-10-02 13:30:00+00:00","0.354","0.2","0.0181671"
"2011-10-02 14:00:00+00:00","0.163","0.225","0.01775505"
"2011-10-02 14:30:00+00:00","0.085","0.206","0.01766895"
"2011-10-02 15:00:00+00:00","0.194","0.2","0.01806255"
"2011-10-02 15:30:00+00:00","0.367","0.238","0.0185484"
"2011-10-02 16:00:00+00:00","0.161","0.288","0.01867755"
"2011-10-02 16:30:00+00:00","0.124","0.063","0.01867755"
"2011-10-02 17:00:00+00:00","0.209","0.181","0.019311"
"2011-10-02 17:30:00+00:00","0.22","0.163","0.02289645"
"2011-10-02 18:00:00+00:00","0.154","0.05","0.02429865"
"2011-10-02 18:30:00+00:00","0.236","0.013","0.02577465"
"2011-10-02 19:00:00+00:00","0.221","0.0","0.0286221"
"2011-10-02 19:30:00+00:00","0.197","0.0","0.02605755"
"2011-10-02 20:00:00+00:00","0.294","0.0","0.02330235"
"2011-10-02 20:30:00+00:00","0.152","0.0","0.02187555"
"2011-10-02 21:00:00+00:00","0.167","0.0","0.02191245"
"2011-10-02 21:30:00+00:00","0.053","0.0","0.0213528"
"2011-10-02 22:00:00+00:00","0.148","0.0","0.0186099"
"2011-10-02 22:30:00+00:00","0.122","0.0","0.019188"
"2011-10-02 23:00:00+00:00","0.963","0.0","0.01689405"
"2011-10-02 23:30:00+00:00","0.077","0.0","0.016482"
"2011-10-03 00:00:00+00:00","0.157","0.0","0.01645125"
"2011-10-03 00:30:00+00:00","0.102","0.0","0.0148461"
"2011-10-03 01:00:00+00:00","0.082","0.0","0.01472925"
"2011-10-03 01:30:00+00:00","0.121","0.0","0.0145632"
"2011-10-03 02:00:00+00:00","0.13","0.0","0.01440945"
"2011-10-03 02:30:00+00:00","0.088","0.0","0.01433565"
"2011-10-03 03:00:00+00:00","0.112","0.0","0.01440945"
"2011-10-03 03:30:00+00:00","0.142","0.0","0.01436025"
"2011-10-03 04:00:00+00:00","0.103","0.0","0.01424955"
"2011-10-03 04:30:00+00:00","0.071","0.0","0.01440945"
"2011-10-03 05:00:00+00:00","0.158","0.0","0.01481535"
"2011-10-03 05:30:00+00:00","0.103","0.0","0.01867755"
"2011-10-03 06:00:00+00:00","0.106","0.0","0.01637745"
"2011-10-03 06:30:00+00:00","0.098","0.0","0.01824705"
"2011-10-03 07:00:00+00:00","0.174","0.0","0.0198768"
"2011-10-03 07:30:00+00:00","0.219","0.019","0.02030115"
"2011-10-03 08:00:00+00:00","0.127","0.056","0.02278575"
"2011-10-03 08:30:00+00:00","0.14","0.169","0.0227304"
"2011-10-03 09:00:00+00:00","0.131","0.275","0.02185095"
"2011-10-03 09:30:00+00:00","0.145","0.538","0.0203319"
"2011-10-03 10:00:00+00:00","0.395","0.375","0.0200736"
"2011-10-03 10:30:00+00:00","0.219","0.644","0.0200121"
"2011-10-03 11:00:00+00:00","0.163","0.481","0.0195816"
"2011-10-03 11:30:00+00:00","0.167","0.906","0.01957545"
"2011-10-03 12:00:00+00:00","0.214","0.95","0.01939095"
"2011-10-03 12:30:00+00:00","0.147","0.781","0.01948935"
"2011-10-03 13:00:00+00:00","0.182","0.944","0.0189297"
"2011-10-03 13:30:00+00:00","0.195","0.763","0.0185484"
"2011-10-03 14:00:00+00:00","0.23","0.906","0.01864065"
"2011-10-03 14:30:00+00:00","0.162","0.888","0.01867755"
"2011-10-03 15:00:00+00:00","0.147","0.794","0.01867755"
"2011-10-03 15:30:00+00:00","0.254","0.725","0.01867755"
"2011-10-03 16:00:00+00:00","0.135","0.644","0.01867755"
"2011-10-03 16:30:00+00:00","0.682","0.544","0.01916955"
"2011-10-03 17:00:00+00:00","0.598","0.388","0.02076855"
"2011-10-03 17:30:00+00:00","0.487","0.181","0.02083005"
"2011-10-03 18:00:00+00:00","0.346","0.063","0.0246123"
"2011-10-03 18:30:00+00:00","0.172","0.019","0.02792715"
"2011-10-03 19:00:00+00:00","0.242","0.006","0.0313281"
"2011-10-03 19:30:00+00:00","0.151","0.0","0.02886195"
"2011-10-03 20:00:00+00:00","0.295","0.0","0.02502435"
"2011-10-03 20:30:00+00:00","0.214","0.0","0.0223122"
"2011-10-03 21:00:00+00:00","0.226","0.0","0.0194217"
"2011-10-03 21:30:00+00:00","0.101","0.0","0.0185484"
"2011-10-03 22:00:00+00:00","0.143","0.0","0.0164697"
"2011-10-03 22:30:00+00:00","0.133","0.0","0.017589"
"2011-10-03 23:00:00+00:00","0.129","0.0","0.01653735"
"2011-10-03 23:30:00+00:00","0.053","0.0","0.01928025"
"2011-10-04 00:00:00+00:00","0.177","0.0","0.01823475"
"2011-10-04 00:30:00+00:00","0.121","0.0","0.0172323"
"2011-10-04 01:00:00+00:00","0.083","0.0","0.01630365"
"2011-10-04 01:30:00+00:00","0.12","0.0","0.01482765"
"2011-10-04 02:00:00+00:00","0.133","0.0","0.0145263"
"2011-10-04 02:30:00+00:00","0.109","0.0","0.0142188"
"2011-10-04 03:00:00+00:00","0.078","0.0","0.01440945"
"2011-10-04 03:30:00+00:00","0.151","0.0","0.014391"
"2011-10-04 04:00:00+00:00","0.117","0.0","0.0143295"
"2011-10-04 04:30:00+00:00","0.209","0.0","0.014883"
"2011-10-04 05:00:00+00:00","0.124","0.0","0.0161499"
"2011-10-04 05:30:00+00:00","0.166","0.0","0.02497515"
"2011-10-04 06:00:00+00:00","0.074","0.0","0.02694315"
"2011-10-04 06:30:00+00:00","0.122","0.0","0.02706"
"2011-10-04 07:00:00+00:00","0.133","0.0","0.02771805"
"2011-10-04 07:30:00+00:00","0.164","0.019","0.01771815"
"2011-10-04 08:00:00+00:00","0.067","0.031","0.01822245"
"2011-10-04 08:30:00+00:00","0.48","0.088","0.0184131"
"2011-10-04 09:00:00+00:00","0.136","0.2","0.01787805"
"2011-10-04 09:30:00+00:00","0.198","0.269","0.01829625"
"2011-10-04 10:00:00+00:00","0.454","0.175","0.0178842"
"2011-10-04 10:30:00+00:00","0.201","0.269","0.0181548"
"2011-10-04 11:00:00+00:00","0.233","0.425","0.01828395"
"2011-10-04 11:30:00+00:00","0.117","0.3","0.0171831"
"2011-10-04 12:00:00+00:00","0.266","0.444","0.01726305"
"2011-10-04 12:30:00+00:00","0.269","0.413","0.01796415"
"2011-10-04 13:00:00+00:00","0.108","0.513","0.01645125"
"2011-10-04 13:30:00+00:00","0.184","0.625","0.0166296"
"2011-10-04 14:00:00+00:00","0.157","0.806","0.01630365"
"2011-10-04 14:30:00+00:00","0.106","0.606","0.0163713"
"2011-10-04 15:00:00+00:00","0.101","0.688","0.01577475"
"2011-10-04 15:30:00+00:00","0.174","0.631","0.01726305"
"2011-10-04 16:00:00+00:00","0.195","0.544","0.0175152"
"2011-10-04 16:30:00+00:00","0.306","0.331","0.0180933"
"2011-10-04 17:00:00+00:00","0.192","0.306","0.01737375"
"2011-10-04 17:30:00+00:00","0.271","0.194","0.01547955"
"2011-10-04 18:00:00+00:00","0.145","0.044","0.01747215"
"2011-10-04 18:30:00+00:00","0.195","0.019","0.01828395"
"2011-10-04 19:00:00+00:00","0.404","0.0","0.0188313"
"2011-10-04 19:30:00+00:00","0.309","0.0","0.01814865"
"2011-10-04 20:00:00+00:00","0.182","0.0","0.017835"
"2011-10-04 20:30:00+00:00","0.232","0.0","0.01734915"
"2011-10-04 21:00:00+00:00","0.298","0.0","0.0161745"
"2011-10-04 21:30:00+00:00","0.114","0.0","0.0157809"
"2011-10-04 22:00:00+00:00","0.11","0.0","0.0151905"
"2011-10-04 22:30:00+00:00","0.163","0.0","0.01892355"
"2011-10-04 23:00:00+00:00","0.128","0.0","0.01837005"
"2011-10-04 23:30:00+00:00","0.616","0.0","0.0188928"
"2011-10-05 00:00:00+00:00","0.481","0.0","0.01824705"
"2011-10-05 00:30:00+00:00","0.154","0.0","0.0177366"
"2011-10-05 01:00:00+00:00","0.091","0.0","0.01620525"
"2011-10-05 01:30:00+00:00","0.104","0.0","0.015252"
"2011-10-05 02:00:00+00:00","0.16","0.0","0.01501215"
"2011-10-05 02:30:00+00:00","0.107","0.0","0.01463085"
"2011-10-05 03:00:00+00:00","0.12","0.0","0.01487685"
"2011-10-05 03:30:00+00:00","0.126","0.0","0.01472925"
"2011-10-05 04:00:00+00:00","0.177","0.0","0.0149445"
"2011-10-05 04:30:00+00:00","0.068","0.0","0.0149199"
"2011-10-05 05:00:00+00:00","0.138","0.0","0.01565175"
"2011-10-05 05:30:00+00:00","0.134","0.0","0.01963695"
"2011-10-05 06:00:00+00:00","0.139","0.0","0.0183885"
"2011-10-05 06:30:00+00:00","0.536","0.0","0.02367135"
"2011-10-05 07:00:00+00:00","0.207","0.0","0.0241818"
"2011-10-05 07:30:00+00:00","0.123","0.025","0.01758285"
"2011-10-05 08:00:00+00:00","0.076","0.031","0.0186468"
"2011-10-05 08:30:00+00:00","0.127","0.125","0.01802565"
"2011-10-05 09:00:00+00:00","0.131","0.313","0.016974"
"2011-10-05 09:30:00+00:00","0.104","0.369","0.01669725"
"2011-10-05 10:00:00+00:00","0.068","0.456","0.0153627"
"2011-10-05 10:30:00+00:00","0.173","0.769","0.01588545"
"2011-10-05 11:00:00+00:00","0.088","0.913","0.0162483"
"2011-10-05 11:30:00+00:00","0.121","0.694","0.0161376"
"2011-10-05 12:00:00+00:00","0.105","0.869","0.0159777"
"2011-10-05 12:30:00+00:00","0.17","0.906","0.0155964"
"2011-10-05 13:00:00+00:00","0.077","0.6","0.0156333"
"2011-10-05 13:30:00+00:00","0.117","0.569","0.01565175"
"2011-10-05 14:00:00+00:00","0.146","0.694","0.0155349"
"2011-10-05 14:30:00+00:00","0.125","0.6","0.01546725"
"2011-10-05 15:00:00+00:00","0.083","0.763","0.0153873"
"2011-10-05 15:30:00+00:00","0.142","0.363","0.01547955"
"2011-10-05 16:00:00+00:00","0.154","0.444","0.0158547"
"2011-10-05 16:30:00+00:00","0.094","0.238","0.01650045"
"2011-10-05 17:00:00+00:00","0.107","0.181","0.01608225"
"2011-10-05 17:30:00+00:00","0.157","0.169","0.01540575"
"2011-10-05 18:00:00+00:00","0.133","0.081","0.01627905"
"2011-10-05 18:30:00+00:00","0.104","0.013","0.01763205"
"2011-10-05 19:00:00+00:00","0.623","0.0","0.01882515"
"2011-10-05 19:30:00+00:00","0.283","0.0","0.0176013"
"2011-10-05 20:00:00+00:00","0.236","0.0","0.01610685"
"2011-10-05 20:30:00+00:00","0.135","0.0","0.01572555"
"2011-10-05 21:00:00+00:00","0.228","0.0","0.0149322"
"2011-10-05 21:30:00+00:00","0.172","0.0","0.014883"
"2011-10-05 22:00:00+00:00","0.109","0.0","0.0145632"
"2011-10-05 22:30:00+00:00","0.123","0.0","0.0177366"
"2011-10-05 23:00:00+00:00","0.136","0.0","0.0171954"
"2011-10-05 23:30:00+00:00","0.138","0.0","0.0161991"
"2011-10-06 00:00:00+00:00","0.077","0.0","0.01670955"
"2011-10-06 00:30:00+00:00","0.142","0.0","0.0158547"
"2011-10-06 01:00:00+00:00","0.13","0.0","0.0150675"
"2011-10-06 01:30:00+00:00","0.113","0.0","0.01497525"
"2011-10-06 02:00:00+00:00","0.069","0.0","0.0145017"
"2011-10-06 02:30:00+00:00","0.165","0.0","0.01413885"
"2011-10-06 03:00:00+00:00","0.122","0.0","0.01440945"
"2011-10-06 03:30:00+00:00","0.093","0.0","0.01440945"
"2011-10-06 04:00:00+00:00","0.105","0.0","0.01465545"
"2011-10-06 04:30:00+00:00","0.153","0.0","0.01483995"
"2011-10-06 05:00:00+00:00","0.109","0.0","0.0153627"
"2011-10-06 05:30:00+00:00","0.079","0.0","0.01806255"
"2011-10-06 06:00:00+00:00","0.146","0.0","0.0174168"
"2011-10-06 06:30:00+00:00","0.123","0.0","0.0205779"
"2011-10-06 07:00:00+00:00","0.113","0.0","0.02394195"
"2011-10-06 07:30:00+00:00","0.12","0.025","0.0184377"
"2011-10-06 08:00:00+00:00","0.438","0.075","0.01913265"
"2011-10-06 08:30:00+00:00","0.386","0.125","0.0192864"
"2011-10-06 09:00:00+00:00","0.235","0.15","0.0187329"
"2011-10-06 09:30:00+00:00","0.164","0.2","0.01919415"
"2011-10-06 10:00:00+00:00","0.157","0.319","0.0193848"
"2011-10-06 10:30:00+00:00","0.196","0.338","0.01889895"
"2011-10-06 11:00:00+00:00","0.164","0.35","0.01947705"
"2011-10-06 11:30:00+00:00","0.234","0.281","0.01920645"
"2011-10-06 12:00:00+00:00","0.256","0.238","0.0191757"
"2011-10-06 12:30:00+00:00","0.568","0.219","0.0188067"
"2011-10-06 13:00:00+00:00","0.27","0.213","0.0186345"
"2011-10-06 13:30:00+00:00","0.281","0.225","0.01854225"
"2011-10-06 14:00:00+00:00","0.139","0.213","0.01865295"
"2011-10-06 14:30:00+00:00","0.137","0.144","0.0185607"
"2011-10-06 15:00:00+00:00","0.237","0.131","0.01796415"
"2011-10-06 15:30:00+00:00","0.193","0.25","0.01763205"
"2011-10-06 16:00:00+00:00","0.208","0.2","0.0183516"
"2011-10-06 16:30:00+00:00","0.221","0.144","0.01867755"
"2011-10-06 17:00:00+00:00","0.316","0.106","0.0187083"
"2011-10-06 17:30:00+00:00","0.526","0.069","0.0187821"
"2011-10-06 18:00:00+00:00","0.575","0.031","0.0186714"
"2011-10-06 18:30:00+00:00","0.219","0.0","0.02190015"
"2011-10-06 19:00:00+00:00","0.273","0.0","0.0192003"
"2011-10-06 19:30:00+00:00","0.237","0.0","0.01915725"
"2011-10-06 20:00:00+00:00","0.23","0.0","0.0186468"
"2011-10-06 20:30:00+00:00","0.26","0.0","0.0187083"
"2011-10-06 21:00:00+00:00","0.169","0.0","0.0175029"
"2011-10-06 21:30:00+00:00","0.1","0.0","0.0164328"
"2011-10-06 22:00:00+00:00","0.147","0.0","0.0151413"
"2011-10-06 22:30:00+00:00","0.144","0.0","0.01773045"
"2011-10-06 23:00:00+00:00","0.09","0.0","0.01840695"
"2011-10-06 23:30:00+00:00","0.111","0.0","0.01867755"
"2011-10-07 00:00:00+00:00","0.14","0.0","0.01855455"
"2011-10-07 00:30:00+00:00","0.142","0.0","0.01664805"
"2011-10-07 01:00:00+00:00","0.065","0.0","0.0152766"
"2011-10-07 01:30:00+00:00","0.142","0.0","0.01517205"
"2011-10-07 02:00:00+00:00","0.134","0.0","0.01463085"
"2011-10-07 02:30:00+00:00","0.117","0.0","0.01471695"
"2011-10-07 03:00:00+00:00","0.071","0.0","0.01472925"
"2011-10-07 03:30:00+00:00","0.165","0.0","0.01455705"
"2011-10-07 04:00:00+00:00","0.121","0.0","0.0149076"
"2011-10-07 04:30:00+00:00","0.102","0.0","0.0149568"
"2011-10-07 05:00:00+00:00","0.108","0.0","0.0158793"
"2011-10-07 05:30:00+00:00","0.154","0.0","0.022755"
"2011-10-07 06:00:00+00:00","0.095","0.0","0.02108835"
"2011-10-07 06:30:00+00:00","0.098","0.0","0.0232224"
"2011-10-07 07:00:00+00:00","0.163","0.0","0.03012885"
"2011-10-07 07:30:00+00:00","0.151","0.025","0.0200859"
"2011-10-07 08:00:00+00:00","0.344","0.038","0.02071935"
"2011-10-07 08:30:00+00:00","0.137","0.1","0.02592225"
"2011-10-07 09:00:00+00:00","0.143","0.181","0.0250428"
"2011-10-07 09:30:00+00:00","0.101","0.438","0.0252027"
"2011-10-07 10:00:00+00:00","0.091","0.613","0.01988295"
"2011-10-07 10:30:00+00:00","0.152","0.7","0.02076855"
"2011-10-07 11:00:00+00:00","0.141","0.85","0.0214512"
"2011-10-07 11:30:00+00:00","0.236","0.906","0.01966155"
"2011-10-07 12:00:00+00:00","0.144","0.713","0.01844385"
"2011-10-07 12:30:00+00:00","0.149","0.425","0.01864065"
"2011-10-07 13:00:00+00:00","0.149","0.906","0.018819"
"2011-10-07 13:30:00+00:00","0.095","0.844","0.01840695"
"2011-10-07 14:00:00+00:00","0.332","0.781","0.0184131"
"2011-10-07 14:30:00+00:00","0.165","0.619","0.0178227"
"2011-10-07 15:00:00+00:00","0.157","0.419","0.0173184"
"2011-10-07 15:30:00+00:00","0.124","0.556","0.0169125"
"2011-10-07 16:00:00+00:00","0.238","0.569","0.01701705"
"2011-10-07 16:30:00+00:00","0.26","0.45","0.0178596"
"2011-10-07 17:00:00+00:00","0.139","0.125","0.01779195"
"2011-10-07 17:30:00+00:00","0.148","0.094","0.01696785"
"2011-10-07 18:00:00+00:00","0.793","0.056","0.0166911"
"2011-10-07 18:30:00+00:00","0.419","0.031","0.0176382"
"2011-10-07 19:00:00+00:00","0.245","0.0","0.01889895"
"2011-10-07 19:30:00+00:00","0.3","0.0","0.0188928"
"2011-10-07 20:00:00+00:00","0.372","0.006","0.0188436"
"2011-10-07 20:30:00+00:00","0.232","0.0","0.01821015"
"2011-10-07 21:00:00+00:00","0.204","0.0","0.01722615"
"2011-10-07 21:30:00+00:00","0.278","0.0","0.0162852"
"2011-10-07 22:00:00+00:00","0.163","0.0","0.01507365"
"2011-10-07 22:30:00+00:00","0.168","0.0","0.0184254"
"2011-10-07 23:00:00+00:00","0.101","0.0","0.0179334"
"2011-10-07 23:30:00+00:00","0.109","0.0","0.0181794"
"2011-10-08 00:00:00+00:00","0.555","0.0","0.01738605"
"2011-10-08 00:30:00+00:00","0.619","0.0","0.01627905"
"2011-10-08 01:00:00+00:00","0.08","0.0","0.0156825"
"2011-10-08 01:30:00+00:00","0.117","0.0","0.01483995"
"2011-10-08 02:00:00+00:00","0.149","0.0","0.0148461"
"2011-10-08 02:30:00+00:00","0.139","0.0","0.0144894"
"2011-10-08 03:00:00+00:00","0.097","0.0","0.01468005"
"2011-10-08 03:30:00+00:00","0.124","0.0","0.0145632"
"2011-10-08 04:00:00+00:00","0.164","0.0","0.0146985"
"2011-10-08 04:30:00+00:00","0.116","0.0","0.01456935"
"2011-10-08 05:00:00+00:00","0.105","0.0","0.01448325"
"2011-10-08 05:30:00+00:00","0.125","0.0","0.01464315"
"2011-10-08 06:00:00+00:00","0.169","0.0","0.01418805"
"2011-10-08 06:30:00+00:00","0.091","0.0","0.01493835"
"2011-10-08 07:00:00+00:00","0.29","0.0","0.01595925"
"2011-10-08 07:30:00+00:00","0.182","0.0","0.017466"
"2011-10-08 08:00:00+00:00","0.17","0.0","0.0188928"
"2011-10-08 08:30:00+00:00","0.486","0.038","0.02046105"
"2011-10-08 09:00:00+00:00","0.179","0.1","0.02155575"
"2011-10-08 09:30:00+00:00","0.29","0.375","0.0239973"
"2011-10-08 10:00:00+00:00","0.295","0.331","0.02059635"
"2011-10-08 10:30:00+00:00","0.22","0.413","0.0206271"
"2011-10-08 11:00:00+00:00","0.369","0.494","0.0203688"
"2011-10-08 11:30:00+00:00","0.978","0.919","0.01889895"
"2011-10-08 12:00:00+00:00","0.135","0.894","0.01867755"
"2011-10-08 12:30:00+00:00","0.395","0.931","0.01715235"
"2011-10-08 13:00:00+00:00","0.491","0.763","0.01565175"
"2011-10-08 13:30:00+00:00","0.175","0.85","0.01857915"
"2011-10-08 14:00:00+00:00","0.228","0.75","0.01864065"
"2011-10-08 14:30:00+00:00","0.281","0.356","0.0183393"
"2011-10-08 15:00:00+00:00","0.242","0.669","0.01720155"
"2011-10-08 15:30:00+00:00","0.232","0.294","0.0176628"
"2011-10-08 16:00:00+00:00","0.142","0.15","0.01814865"
"2011-10-08 16:30:00+00:00","0.167","0.175","0.01867755"
"2011-10-08 17:00:00+00:00","0.193","0.131","0.01870215"
"2011-10-08 17:30:00+00:00","0.227","0.075","0.01942785"
"2011-10-08 18:00:00+00:00","0.173","0.019","0.02047335"
"2011-10-08 18:30:00+00:00","0.18","0.013","0.021525"
"2011-10-08 19:00:00+00:00","0.505","0.0","0.02343765"
"2011-10-08 19:30:00+00:00","0.316","0.0","0.0201474"
"2011-10-08 20:00:00+00:00","0.334","0.0","0.0193479"
"2011-10-08 20:30:00+00:00","0.169","0.0","0.01867755"
"2011-10-08 21:00:00+00:00","0.257","0.0","0.01812405"
"2011-10-08 21:30:00+00:00","0.192","0.0","0.0160515"
"2011-10-08 22:00:00+00:00","0.118","0.0","0.01496295"
"2011-10-08 22:30:00+00:00","0.122","0.0","0.01961235"
"2011-10-08 23:00:00+00:00","0.155","0.0","0.01716465"
"2011-10-08 23:30:00+00:00","0.161","0.0","0.01673415"
"2011-10-09 00:00:00+00:00","0.988","0.0","0.0167895"
"2011-10-09 00:30:00+00:00","0.073","0.0","0.0152766"
"2011-10-09 01:00:00+00:00","0.18","0.0","0.0148092"
"2011-10-09 01:30:00+00:00","0.11","0.0","0.0148584"
"2011-10-09 02:00:00+00:00","0.135","0.0","0.0144894"
"2011-10-09 02:30:00+00:00","0.065","0.006","0.01418805"
"2011-10-09 03:00:00+00:00","0.186","0.0","0.01422495"
"2011-10-09 03:30:00+00:00","0.11","0.0","0.01423725"
"2011-10-09 04:00:00+00:00","0.11","0.0","0.0142434"
"2011-10-09 04:30:00+00:00","0.106","0.0","0.0129765"
"2011-10-09 05:00:00+00:00","0.163","0.0","0.01444635"
"2011-10-09 05:30:00+00:00","0.257","0.0","0.01305645"
"2011-10-09 06:00:00+00:00","0.097","0.0","0.0120663"
"2011-10-09 06:30:00+00:00","0.207","0.0","0.01278585"
"2011-10-09 07:00:00+00:00","0.192","0.006","0.0145263"
"2011-10-09 07:30:00+00:00","0.113","0.063","0.0147108"
"2011-10-09 08:00:00+00:00","0.235","0.1","0.01512285"
"2011-10-09 08:30:00+00:00","0.423","0.238","0.01543035"
"2011-10-09 09:00:00+00:00","0.184","0.388","0.01584855"
"2011-10-09 09:30:00+00:00","0.159","0.463","0.0153381"
"2011-10-09 10:00:00+00:00","0.145","0.525","0.01533195"
"2011-10-09 10:30:00+00:00","0.423","0.588","0.01579935"
"2011-10-09 11:00:00+00:00","0.173","0.719","0.0153381"
"2011-10-09 11:30:00+00:00","0.159","0.644","0.0151536"
"2011-10-09 12:00:00+00:00","0.253","0.75","0.0150675"
"2011-10-09 12:30:00+00:00","0.273","0.719","0.0148215"
"2011-10-09 13:00:00+00:00","0.134","0.981","0.01482765"
"2011-10-09 13:30:00+00:00","0.13","0.938","0.01475385"
"2011-10-09 14:00:00+00:00","0.158","0.65","0.01496295"
"2011-10-09 14:30:00+00:00","0.37","0.613","0.01492605"
"2011-10-09 15:00:00+00:00","0.191","0.419","0.01491375"
"2011-10-09 15:30:00+00:00","0.174","0.206","0.0149568"
"2011-10-09 16:00:00+00:00","0.405","0.1","0.0153381"
"2011-10-09 16:30:00+00:00","0.239","0.219","0.01541805"
"2011-10-09 17:00:00+00:00","0.182","0.394","0.01760745"
"2011-10-09 17:30:00+00:00","0.16","0.244","0.0176259"
"2011-10-09 18:00:00+00:00","0.217","0.081","0.0187206"
"2011-10-09 18:30:00+00:00","0.205","0.019","0.0222876"
"2011-10-09 19:00:00+00:00","0.242","0.0","0.02631585"
"2011-10-09 19:30:00+00:00","0.284","0.0","0.02305635"
"2011-10-09 20:00:00+00:00","0.203","0.0","0.0206886"
"2011-10-09 20:30:00+00:00","0.253","0.0","0.0196308"
"2011-10-09 21:00:00+00:00","0.148","0.0","0.01787805"
"2011-10-09 21:30:00+00:00","0.087","0.0","0.0162237"
"2011-10-09 22:00:00+00:00","0.177","0.0","0.0149445"
"2011-10-09 22:30:00+00:00","0.119","0.0","0.01575015"
"2011-10-09 23:00:00+00:00","0.149","0.0","0.0146247"
"2011-10-09 23:30:00+00:00","0.073","0.0","0.0153873"
"2011-10-10 00:00:00+00:00","0.16","0.0","0.0161868"
"2011-10-10 00:30:00+00:00","0.164","0.0","0.01536885"
"2011-10-10 01:00:00+00:00","0.079","0.0","0.0150798"
"2011-10-10 01:30:00+00:00","0.106","0.0","0.0148461"
"2011-10-10 02:00:00+00:00","0.155","0.0","0.0149445"
"2011-10-10 02:30:00+00:00","0.128","0.0","0.01450785"
"2011-10-10 03:00:00+00:00","0.111","0.0","0.014637"
"2011-10-10 03:30:00+00:00","0.091","0.0","0.01471695"
"2011-10-10 04:00:00+00:00","0.173","0.0","0.014883"
"2011-10-10 04:30:00+00:00","0.106","0.0","0.0153012"
"2011-10-10 05:00:00+00:00","0.092","0.0","0.01744755"
"2011-10-10 05:30:00+00:00","0.133","0.0","0.02027655"
"2011-10-10 06:00:00+00:00","0.136","0.0","0.02051025"
"2011-10-10 06:30:00+00:00","0.132","0.0","0.02411415"
"2011-10-10 07:00:00+00:00","0.08","0.006","0.0269985"
"2011-10-10 07:30:00+00:00","0.191","0.019","0.02138355"
"2011-10-10 08:00:00+00:00","0.113","0.056","0.0199752"
"2011-10-10 08:30:00+00:00","0.153","0.263","0.02132205"
"2011-10-10 09:00:00+00:00","0.36","0.35","0.02166645"
"2011-10-10 09:30:00+00:00","0.347","0.438","0.02100225"
"2011-10-10 10:00:00+00:00","0.158","0.719","0.0207378"
"2011-10-10 10:30:00+00:00","0.103","0.813","0.01985835"
"2011-10-10 11:00:00+00:00","0.142","0.844","0.01913265"
"2011-10-10 11:30:00+00:00","0.16","0.856","0.01845"
"2011-10-10 12:00:00+00:00","0.099","0.906","0.0182409"
"2011-10-10 12:30:00+00:00","0.106","0.813","0.0180318"
"2011-10-10 13:00:00+00:00","0.166","0.644","0.01739835"
"2011-10-10 13:30:00+00:00","0.138","0.838","0.01768125"
"2011-10-10 14:00:00+00:00","0.111","0.513","0.0180072"
"2011-10-10 14:30:00+00:00","0.539","0.638","0.01704165"
"2011-10-10 15:00:00+00:00","0.236","0.513","0.01632825"
"2011-10-10 15:30:00+00:00","0.206","0.544","0.01654965"
"2011-10-10 16:00:00+00:00","0.172","0.319","0.0183516"
"2011-10-10 16:30:00+00:00","0.334","0.469","0.01857915"
"2011-10-10 17:00:00+00:00","0.25","0.306","0.01883745"
"2011-10-10 17:30:00+00:00","0.173","0.219","0.0186222"
"2011-10-10 18:00:00+00:00","0.171","0.088","0.0197907"
"2011-10-10 18:30:00+00:00","0.179","0.038","0.02218305"
"2011-10-10 19:00:00+00:00","0.214","0.0","0.0216849"
"2011-10-10 19:30:00+00:00","0.226","0.0","0.01886205"
"2011-10-10 20:00:00+00:00","0.239","0.0","0.01832085"
"2011-10-10 20:30:00+00:00","0.186","0.0","0.01616835"
"2011-10-10 21:00:00+00:00","0.175","0.0","0.0154611"
"2011-10-10 21:30:00+00:00","0.161","0.0","0.01527045"
"2011-10-10 22:00:00+00:00","0.123","0.0","0.01466775"
"2011-10-10 22:30:00+00:00","0.092","0.006","0.01615605"
"2011-10-10 23:00:00+00:00","0.81","0.0","0.01571325"
"2011-10-10 23:30:00+00:00","0.365","0.0","0.016728"
"2011-10-11 00:00:00+00:00","0.122","0.0","0.0167649"
"2011-10-11 00:30:00+00:00","0.093","0.0","0.0160761"
"2011-10-11 01:00:00+00:00","0.172","0.0","0.01522125"
"2011-10-11 01:30:00+00:00","0.126","0.0","0.01515975"
"2011-10-11 02:00:00+00:00","0.107","0.0","0.01448325"
"2011-10-11 02:30:00+00:00","0.118","0.0","0.0141573"
"2011-10-11 03:00:00+00:00","0.159","0.0","0.01440945"
"2011-10-11 03:30:00+00:00","0.123","0.0","0.01440945"
"2011-10-11 04:00:00+00:00","0.088","0.0","0.01455705"
"2011-10-11 04:30:00+00:00","0.139","0.0","0.0154857"
"2011-10-11 05:00:00+00:00","0.155","0.0","0.0170355"
"2011-10-11 05:30:00+00:00","0.09","0.0","0.0220662"
"2011-10-11 06:00:00+00:00","0.109","0.0","0.02766885"
"2011-10-11 06:30:00+00:00","0.162","0.0","0.02829615"
"2011-10-11 07:00:00+00:00","0.16","0.0","0.03299475"
"2011-10-11 07:30:00+00:00","0.112","0.013","0.01977225"
"2011-10-11 08:00:00+00:00","0.284","0.038","0.01962465"
"2011-10-11 08:30:00+00:00","0.263","0.288","0.01931715"
"2011-10-11 09:00:00+00:00","0.126","0.456","0.0185976"
"2011-10-11 09:30:00+00:00","0.089","0.513","0.0188313"
"2011-10-11 10:00:00+00:00","0.16","0.738","0.01925565"
"2011-10-11 10:30:00+00:00","0.215","0.813","0.0192864"
"2011-10-11 11:00:00+00:00","0.1","0.794","0.0195816"
"2011-10-11 11:30:00+00:00","0.181","0.894","0.0188928"
"2011-10-11 12:00:00+00:00","0.258","0.85","0.0188928"
"2011-10-11 12:30:00+00:00","0.611","0.881","0.01971075"
"2011-10-11 13:00:00+00:00","0.212","0.856","0.01928025"
"2011-10-11 13:30:00+00:00","0.21","0.613","0.01880055"
"2011-10-11 14:00:00+00:00","0.183","0.869","0.01814865"
"2011-10-11 14:30:00+00:00","0.272","0.675","0.0185976"
"2011-10-11 15:00:00+00:00","0.288","0.55","0.01867755"
"2011-10-11 15:30:00+00:00","0.328","0.694","0.01867755"
"2011-10-11 16:00:00+00:00","0.209","0.638","0.01867755"
"2011-10-11 16:30:00+00:00","0.198","0.525","0.01867755"
"2011-10-11 17:00:00+00:00","0.162","0.356","0.01910805"
"2011-10-11 17:30:00+00:00","0.217","0.219","0.01871445"
"2011-10-11 18:00:00+00:00","0.193","0.056","0.01923105"
"2011-10-11 18:30:00+00:00","0.276","0.006","0.0200121"
"2011-10-11 19:00:00+00:00","0.15","0.0","0.0210207"
"2011-10-11 19:30:00+00:00","0.195","0.0","0.019311"
"2011-10-11 20:00:00+00:00","0.293","0.0","0.0188559"
"2011-10-11 20:30:00+00:00","0.269","0.0","0.01882515"
"2011-10-11 21:00:00+00:00","0.181","0.0","0.0184992"
"2011-10-11 21:30:00+00:00","0.106","0.0","0.0176382"
"2011-10-11 22:00:00+00:00","0.203","0.0","0.01525815"
"2011-10-11 22:30:00+00:00","0.134","0.0","0.01914495"
"2011-10-11 23:00:00+00:00","0.107","0.0","0.01866525"
"2011-10-11 23:30:00+00:00","0.109","0.0","0.02021505"
"2011-10-12 00:00:00+00:00","0.154","0.0","0.02065785"
"2011-10-12 00:30:00+00:00","0.137","0.0","0.0179211"
"2011-10-12 01:00:00+00:00","0.119","0.0","0.01678335"
"2011-10-12 01:30:00+00:00","0.137","0.0","0.01586085"
"2011-10-12 02:00:00+00:00","0.156","0.0","0.01481535"
"2011-10-12 02:30:00+00:00","0.089","0.0","0.0146985"
"2011-10-12 03:00:00+00:00","0.114","0.0","0.0145263"
"2011-10-12 03:30:00+00:00","0.118","0.0","0.014883"
"2011-10-12 04:00:00+00:00","0.175","0.0","0.0149076"
"2011-10-12 04:30:00+00:00","0.045","0.0","0.015375"
"2011-10-12 05:00:00+00:00","0.148","0.0","0.0170724"
"2011-10-12 05:30:00+00:00","0.116","0.0","0.0212421"
"2011-10-12 06:00:00+00:00","0.147","0.0","0.0236406"
"2011-10-12 06:30:00+00:00","0.105","0.0","0.02321625"
"2011-10-12 07:00:00+00:00","0.166","0.0","0.0263589"
"2011-10-12 07:30:00+00:00","0.138","0.031","0.02036265"
"2011-10-12 08:00:00+00:00","0.675","0.05","0.02003055"
"2011-10-12 08:30:00+00:00","0.287","0.25","0.02059635"
"2011-10-12 09:00:00+00:00","0.258","0.488","0.0193479"
"2011-10-12 09:30:00+00:00","0.1","0.45","0.01953855"
"2011-10-12 10:00:00+00:00","0.101","0.519","0.0188559"
"2011-10-12 10:30:00+00:00","0.136","0.794","0.01867755"
"2011-10-12 11:00:00+00:00","0.21","0.725","0.01864065"
"2011-10-12 11:30:00+00:00","0.158","0.825","0.01867755"
"2011-10-12 12:00:00+00:00","0.161","0.919","0.0192003"
"2011-10-12 12:30:00+00:00","0.21","0.925","0.02030115"
"2011-10-12 13:00:00+00:00","0.344","0.919","0.0188067"
"2011-10-12 13:30:00+00:00","0.198","0.913","0.018819"
"2011-10-12 14:00:00+00:00","0.221","0.881","0.0190404"
"2011-10-12 14:30:00+00:00","0.306","0.85","0.01931715"
"2011-10-12 15:00:00+00:00","0.268","0.788","0.01867755"
"2011-10-12 15:30:00+00:00","0.181","0.713","0.01866525"
"2011-10-12 16:00:00+00:00","0.14","0.631","0.0189912"
"2011-10-12 16:30:00+00:00","0.327","0.525","0.0199875"
"2011-10-12 17:00:00+00:00","0.166","0.213","0.01950165"
"2011-10-12 17:30:00+00:00","0.146","0.156","0.018696"
"2011-10-12 18:00:00+00:00","0.287","0.05","0.01891125"
"2011-10-12 18:30:00+00:00","0.26","0.019","0.0193233"
"2011-10-12 19:00:00+00:00","0.171","0.0","0.02129745"
"2011-10-12 19:30:00+00:00","0.164","0.0","0.02000595"
"2011-10-12 20:00:00+00:00","0.195","0.0","0.01875135"
"2011-10-12 20:30:00+00:00","0.23","0.0","0.0182286"
"2011-10-12 21:00:00+00:00","0.091","0.0","0.01567635"
"2011-10-12 21:30:00+00:00","0.155","0.0","0.01689405"
"2011-10-12 22:00:00+00:00","0.146","0.0","0.0154365"
"2011-10-12 22:30:00+00:00","0.176","0.0","0.01871445"
"2011-10-12 23:00:00+00:00","0.089","0.0","0.01770585"
"2011-10-12 23:30:00+00:00","0.157","0.0","0.01766895"
"2011-10-13 00:00:00+00:00","0.159","0.0","0.01747215"
"2011-10-13 00:30:00+00:00","0.117","0.0","0.0159777"
"2011-10-13 01:00:00+00:00","0.107","0.0","0.0154857"
"2011-10-13 01:30:00+00:00","0.133","0.0","0.0150921"
"2011-10-13 02:00:00+00:00","0.183","0.0","0.01456935"
"2011-10-13 02:30:00+00:00","0.067","0.0","0.01472925"
"2011-10-13 03:00:00+00:00","0.152","0.0","0.0147969"
"2011-10-13 03:30:00+00:00","0.117","0.0","0.01472925"
"2011-10-13 04:00:00+00:00","0.179","0.0","0.01481535"
"2011-10-13 04:30:00+00:00","0.066","0.0","0.014883"
"2011-10-13 05:00:00+00:00","0.15","0.0","0.01603305"
"2011-10-13 05:30:00+00:00","0.127","0.0","0.01695555"
"2011-10-13 06:00:00+00:00","0.131","0.0","0.01929255"
"2011-10-13 06:30:00+00:00","0.089","0.0","0.02153115"
"2011-10-13 07:00:00+00:00","0.167","0.0","0.0240957"
"2011-10-13 07:30:00+00:00","0.46","0.0","0.0193602"
"2011-10-13 08:00:00+00:00","0.292","0.013","0.0193602"
"2011-10-13 08:30:00+00:00","0.208","0.031","0.0195816"
"2011-10-13 09:00:00+00:00","0.19","0.05","0.0195078"
"2011-10-13 09:30:00+00:00","0.11","0.081","0.01935405"
"2011-10-13 10:00:00+00:00","0.111","0.306","0.01918185"
"2011-10-13 10:30:00+00:00","0.125","0.225","0.01891125"
"2011-10-13 11:00:00+00:00","0.169","0.306","0.0189912"
"2011-10-13 11:30:00+00:00","0.082","0.325","0.01871445"
"2011-10-13 12:00:00+00:00","0.16","0.313","0.01873905"
"2011-10-13 12:30:00+00:00","0.303","0.206","0.01974765"
"2011-10-13 13:00:00+00:00","0.214","0.706","0.0194832"
"2011-10-13 13:30:00+00:00","0.164","0.669","0.0195324"
"2011-10-13 14:00:00+00:00","0.128","0.456","0.0188805"
"2011-10-13 14:30:00+00:00","0.232","0.319","0.01867755"
"2011-10-13 15:00:00+00:00","0.18","0.244","0.0186714"
"2011-10-13 15:30:00+00:00","0.195","0.331","0.01867755"
"2011-10-13 16:00:00+00:00","0.093","0.3","0.01867755"
"2011-10-13 16:30:00+00:00","0.204","0.4","0.0186591"
"2011-10-13 17:00:00+00:00","0.308","0.269","0.01948935"
"2011-10-13 17:30:00+00:00","0.15","0.219","0.0188313"
"2011-10-13 18:00:00+00:00","0.124","0.075","0.018942"
"2011-10-13 18:30:00+00:00","0.255","0.013","0.01967385"
"2011-10-13 19:00:00+00:00","0.226","0.006","0.02036265"
"2011-10-13 19:30:00+00:00","0.154","0.0","0.01952625"
"2011-10-13 20:00:00+00:00","0.364","0.0","0.0194586"
"2011-10-13 20:30:00+00:00","0.204","0.0","0.018696"
"2011-10-13 21:00:00+00:00","0.296","0.0","0.01832085"
"2011-10-13 21:30:00+00:00","0.112","0.0","0.01748445"
"2011-10-13 22:00:00+00:00","0.138","0.0","0.0153012"
"2011-10-13 22:30:00+00:00","0.112","0.0","0.019557"
"2011-10-13 23:00:00+00:00","0.184","0.0","0.01818555"
"2011-10-13 23:30:00+00:00","0.057","0.0","0.01816095"
"2011-10-14 00:00:00+00:00","0.801","0.0","0.01744755"
"2011-10-14 00:30:00+00:00","0.341","0.0","0.0149937"
"2011-10-14 01:00:00+00:00","0.139","0.0","0.01539345"
"2011-10-14 01:30:00+00:00","0.092","0.0","0.01504905"
"2011-10-14 02:00:00+00:00","0.114","0.0","0.0144894"
"2011-10-14 02:30:00+00:00","0.17","0.0","0.01452015"
"2011-10-14 03:00:00+00:00","0.108","0.0","0.01475385"
"2011-10-14 03:30:00+00:00","0.103","0.0","0.0148215"
"2011-10-14 04:00:00+00:00","0.127","0.0","0.01490145"
"2011-10-14 04:30:00+00:00","0.158","0.0","0.01487685"
"2011-10-14 05:00:00+00:00","0.103","0.0","0.015006"
"2011-10-14 05:30:00+00:00","0.093","0.0","0.01653735"
"2011-10-14 06:00:00+00:00","0.166","0.0","0.01814865"
"2011-10-14 06:30:00+00:00","0.22","0.0","0.02114985"
"2011-10-14 07:00:00+00:00","0.169","0.0","0.02331465"
"2011-10-14 07:30:00+00:00","0.135","0.0","0.018081"
"2011-10-14 08:00:00+00:00","0.382","0.006","0.0187329"
"2011-10-14 08:30:00+00:00","0.235","0.025","0.0192249"
"2011-10-14 09:00:00+00:00","0.064","0.025","0.01934175"
"2011-10-14 09:30:00+00:00","0.16","0.056","0.02039955"
"2011-10-14 10:00:00+00:00","0.174","0.075","0.02145735"
"2011-10-14 10:30:00+00:00","0.148","0.231","0.0212298"
"2011-10-14 11:00:00+00:00","0.084","0.231","0.0228534"
"2011-10-14 11:30:00+00:00","0.155","0.1","0.01985835"
"2011-10-14 12:00:00+00:00","0.202","0.125","0.01929255"
"2011-10-14 12:30:00+00:00","0.476","0.125","0.02223225"
"2011-10-14 13:00:00+00:00","0.154","0.106","0.02010435"
"2011-10-14 13:30:00+00:00","0.202","0.125","0.02037495"
"2011-10-14 14:00:00+00:00","0.195","0.163","0.0191511"
"2011-10-14 14:30:00+00:00","0.109","0.075","0.0190527"
"2011-10-14 15:00:00+00:00","0.141","0.069","0.01878825"
"2011-10-14 15:30:00+00:00","0.169","0.05","0.01868985"
"2011-10-14 16:00:00+00:00","0.145","0.088","0.0190773"
"2011-10-14 16:30:00+00:00","0.114","0.144","0.0186099"
"2011-10-14 17:00:00+00:00","0.276","0.063","0.01875135"
"2011-10-14 17:30:00+00:00","0.262","0.025","0.01843155"
"2011-10-14 18:00:00+00:00","0.195","0.038","0.01782885"
"2011-10-14 18:30:00+00:00","0.17","0.0","0.0181425"
"2011-10-14 19:00:00+00:00","0.109","0.0","0.01846845"
"2011-10-14 19:30:00+00:00","0.2","0.0","0.01736145"
"2011-10-14 20:00:00+00:00","0.345","0.0","0.0164574"
"2011-10-14 20:30:00+00:00","0.398","0.0","0.01539345"
"2011-10-14 21:00:00+00:00","0.119","0.0","0.0148707"
"2011-10-14 21:30:00+00:00","0.121","0.0","0.01481535"
"2011-10-14 22:00:00+00:00","0.154","0.0","0.01471695"
"2011-10-14 22:30:00+00:00","0.162","0.0","0.0167403"
"2011-10-14 23:00:00+00:00","0.092","0.0","0.016359"
"2011-10-14 23:30:00+00:00","0.128","0.0","0.01659885"
"2011-10-15 00:00:00+00:00","0.143","0.0","0.0171585"
"2011-10-15 00:30:00+00:00","0.162","0.0","0.01544265"
"2011-10-15 01:00:00+00:00","0.076","0.0","0.01507365"
"2011-10-15 01:30:00+00:00","0.132","0.0","0.01485225"
"2011-10-15 02:00:00+00:00","0.133","0.0","0.0139851"
"2011-10-15 02:30:00+00:00","0.25","0.0","0.01440945"
"2011-10-15 03:00:00+00:00","0.263","0.006","0.01410195"
"2011-10-15 03:30:00+00:00","0.152","0.0","0.0143787"
"2011-10-15 04:00:00+00:00","0.128","0.0","0.01427415"
"2011-10-15 04:30:00+00:00","0.143","0.0","0.0142926"
"2011-10-15 05:00:00+00:00","0.071","0.0","0.01440945"
"2011-10-15 05:30:00+00:00","0.159","0.0","0.01440945"
"2011-10-15 06:00:00+00:00","0.136","0.0","0.01442175"
"2011-10-15 06:30:00+00:00","0.133","0.0","0.0151167"
"2011-10-15 07:00:00+00:00","0.076","0.0","0.0159531"
"2011-10-15 07:30:00+00:00","0.239","0.0","0.01667265"
"2011-10-15 08:00:00+00:00","0.569","0.031","0.0179334"
"2011-10-15 08:30:00+00:00","0.192","0.069","0.01857915"
"2011-10-15 09:00:00+00:00","0.106","0.175","0.0185115"
"2011-10-15 09:30:00+00:00","0.163","0.263","0.0186099"
"2011-10-15 10:00:00+00:00","0.124","0.356","0.01848075"
"2011-10-15 10:30:00+00:00","0.098","0.538","0.019188"
"2011-10-15 11:00:00+00:00","0.126","0.825","0.01894815"
"2011-10-15 11:30:00+00:00","0.163","0.625","0.0174045"
"2011-10-15 12:00:00+00:00","0.116","0.688","0.01790265"
"2011-10-15 12:30:00+00:00","0.109","0.738","0.0158424"
"2011-10-15 13:00:00+00:00","0.139","0.575","0.01495065"
"2011-10-15 13:30:00+00:00","0.172","0.644","0.01493835"
"2011-10-15 14:00:00+00:00","0.107","0.719","0.015252"
"2011-10-15 14:30:00+00:00","0.118","0.838","0.0148953"
"2011-10-15 15:00:00+00:00","0.133","0.731","0.0148092"
"2011-10-15 15:30:00+00:00","0.185","0.681","0.01492605"
"2011-10-15 16:00:00+00:00","0.098","0.588","0.0150552"
"2011-10-15 16:30:00+00:00","0.127","0.481","0.01533195"
"2011-10-15 17:00:00+00:00","0.127","0.356","0.0154611"
"2011-10-15 17:30:00+00:00","0.185","0.194","0.01476615"
"2011-10-15 18:00:00+00:00","0.117","0.044","0.0166173"
"2011-10-15 18:30:00+00:00","0.197","0.013","0.0172692"
"2011-10-15 19:00:00+00:00","0.191","0.0","0.0176628"
"2011-10-15 19:30:00+00:00","0.278","0.0","0.016359"
"2011-10-15 20:00:00+00:00","0.335","0.0","0.0147969"
"2011-10-15 20:30:00+00:00","0.161","0.0","0.0151659"
"2011-10-15 21:00:00+00:00","0.253","0.0","0.01476"
"2011-10-15 21:30:00+00:00","0.16","0.0","0.01465545"
"2011-10-15 22:00:00+00:00","0.2","0.0","0.0143541"
"2011-10-15 22:30:00+00:00","0.102","0.0","0.01490145"
"2011-10-15 23:00:00+00:00","0.132","0.0","0.01454475"
"2011-10-15 23:30:00+00:00","0.123","0.0","0.0148338"
"2011-10-16 00:00:00+00:00","0.188","0.0","0.01476615"
"2011-10-16 00:30:00+00:00","0.096","0.0","0.0144648"
"2011-10-16 01:00:00+00:00","0.123","0.0","0.01437255"
"2011-10-16 01:30:00+00:00","0.119","0.0","0.0133455"
"2011-10-16 02:00:00+00:00","0.182","0.0","0.01126065"
"2011-10-16 02:30:00+00:00","0.099","0.0","0.011931"
"2011-10-16 03:00:00+00:00","0.118","0.0","0.0102951"
"2011-10-16 03:30:00+00:00","0.128","0.0","0.01215855"
"2011-10-16 04:00:00+00:00","0.171","0.0","0.0117219"
"2011-10-16 04:30:00+00:00","0.115","0.0","0.0141081"
"2011-10-16 05:00:00+00:00","0.098","0.0","0.0134562"
"2011-10-16 05:30:00+00:00","0.14","0.0","0.00998145"
"2011-10-16 06:00:00+00:00","0.158","0.0","0.0134685"
"2011-10-16 06:30:00+00:00","0.126","0.0","0.01440945"
"2011-10-16 07:00:00+00:00","0.082","0.0","0.0144648"
"2011-10-16 07:30:00+00:00","0.178","0.019","0.0150552"
"2011-10-16 08:00:00+00:00","0.223","0.069","0.01534425"
"2011-10-16 08:30:00+00:00","0.294","0.338","0.0172938"
"2011-10-16 09:00:00+00:00","0.096","0.544","0.0169617"
"2011-10-16 09:30:00+00:00","0.2","0.65","0.01720155"
"2011-10-16 10:00:00+00:00","0.653","0.738","0.0166542"
"2011-10-16 10:30:00+00:00","0.798","0.806","0.0158178"
"2011-10-16 11:00:00+00:00","1.301","0.85","0.01551645"
"2011-10-16 11:30:00+00:00","0.658","0.894","0.0158793"
"2011-10-16 12:00:00+00:00","0.633","0.9","0.0157071"
"2011-10-16 12:30:00+00:00","0.601","0.913","0.0153504"
"2011-10-16 13:00:00+00:00","0.683","0.9","0.01514745"
"2011-10-16 13:30:00+00:00","0.509","0.888","0.0149814"
"2011-10-16 14:00:00+00:00","0.194","0.869","0.0150921"
"2011-10-16 14:30:00+00:00","0.238","0.825","0.0150552"
"2011-10-16 15:00:00+00:00","0.174","0.769","0.01555335"
"2011-10-16 15:30:00+00:00","0.192","0.7","0.0161376"
"2011-10-16 16:00:00+00:00","0.343","0.613","0.01663575"
"2011-10-16 16:30:00+00:00","0.293","0.506","0.0165066"
"2011-10-16 17:00:00+00:00","0.219","0.388","0.01734915"
"2011-10-16 17:30:00+00:00","0.232","0.206","0.017466"
"2011-10-16 18:00:00+00:00","0.174","0.031","0.01819785"
"2011-10-16 18:30:00+00:00","0.271","0.013","0.01884975"
"2011-10-16 19:00:00+00:00","0.177","0.0","0.0207009"
"2011-10-16 19:30:00+00:00","0.225","0.0","0.01983375"
"2011-10-16 20:00:00+00:00","0.399","0.0","0.01867755"
"2011-10-16 20:30:00+00:00","0.376","0.0","0.01914495"
"2011-10-16 21:00:00+00:00","0.211","0.0","0.01529505"
"2011-10-16 21:30:00+00:00","0.114","0.0","0.01491375"
"2011-10-16 22:00:00+00:00","0.203","0.0","0.0147477"
"2011-10-16 22:30:00+00:00","0.192","0.0","0.01722"
"2011-10-16 23:00:00+00:00","0.091","0.0","0.01465545"
"2011-10-16 23:30:00+00:00","0.127","0.0","0.01584855"
"2011-10-17 00:00:00+00:00","0.915","0.0","0.01652505"
"2011-10-17 00:30:00+00:00","0.292","0.0","0.0161499"
"2011-10-17 01:00:00+00:00","0.135","0.0","0.0146124"
"2011-10-17 01:30:00+00:00","0.091","0.0","0.01497525"
"2011-10-17 02:00:00+00:00","0.186","0.0","0.01440945"
"2011-10-17 02:30:00+00:00","0.123","0.0","0.0142434"
"2011-10-17 03:00:00+00:00","0.125","0.0","0.01440945"
"2011-10-17 03:30:00+00:00","0.099","0.0","0.0145755"
"2011-10-17 04:00:00+00:00","0.181","0.0","0.01504905"
"2011-10-17 04:30:00+00:00","0.131","0.0","0.0155841"
"2011-10-17 05:00:00+00:00","0.103","0.0","0.01710315"
"2011-10-17 05:30:00+00:00","0.138","0.0","0.01877595"
"2011-10-17 06:00:00+00:00","0.146","0.0","0.02033805"
"2011-10-17 06:30:00+00:00","0.146","0.0","0.02561475"
"2011-10-17 07:00:00+00:00","0.093","0.006","0.02480295"
"2011-10-17 07:30:00+00:00","0.233","0.031","0.0199014"
"2011-10-17 08:00:00+00:00","0.259","0.006","0.0229395"
"2011-10-17 08:30:00+00:00","0.149","0.013","0.0239727"
"2011-10-17 09:00:00+00:00","0.13","0.038","0.0238989"
"2011-10-17 09:30:00+00:00","0.255","0.15","0.0238866"
"2011-10-17 10:00:00+00:00","0.136","0.2","0.02102685"
"2011-10-17 10:30:00+00:00","0.162","0.306","0.0226197"
"2011-10-17 11:00:00+00:00","0.181","0.331","0.0221277"
"2011-10-17 11:30:00+00:00","0.273","0.525","0.0201105"
"2011-10-17 12:00:00+00:00","0.224","0.519","0.020295"
"2011-10-17 12:30:00+00:00","0.174","0.638","0.0195816"
"2011-10-17 13:00:00+00:00","0.45","0.944","0.01898505"
"2011-10-17 13:30:00+00:00","0.264","0.75","0.0189912"
"2011-10-17 14:00:00+00:00","0.225","0.569","0.01860375"
"2011-10-17 14:30:00+00:00","0.194","0.769","0.0189051"
"2011-10-17 15:00:00+00:00","0.259","0.8","0.01884975"
"2011-10-17 15:30:00+00:00","0.264","0.725","0.0191634"
"2011-10-17 16:00:00+00:00","0.53","0.625","0.01926795"
"2011-10-17 16:30:00+00:00","0.242","0.331","0.01953855"
"2011-10-17 17:00:00+00:00","0.325","0.381","0.0195447"
"2011-10-17 17:30:00+00:00","0.232","0.156","0.01946475"
"2011-10-17 18:00:00+00:00","0.204","0.038","0.01944015"
"2011-10-17 18:30:00+00:00","0.346","0.019","0.0201597"
"2011-10-17 19:00:00+00:00","0.231","0.0","0.0226812"
"2011-10-17 19:30:00+00:00","0.254","0.0","0.02037495"
"2011-10-17 20:00:00+00:00","0.221","0.0","0.01948935"
"2011-10-17 20:30:00+00:00","0.234","0.0","0.0185238"
"2011-10-17 21:00:00+00:00","0.186","0.0","0.0165189"
"2011-10-17 21:30:00+00:00","0.14","0.0","0.0156333"
"2011-10-17 22:00:00+00:00","0.094","0.0","0.0155472"
"2011-10-17 22:30:00+00:00","0.138","0.0","0.01846845"
"2011-10-17 23:00:00+00:00","0.15","0.0","0.01650045"
"2011-10-17 23:30:00+00:00","0.103","0.0","0.01775505"
"2011-10-18 00:00:00+00:00","0.094","0.0","0.01741065"
"2011-10-18 00:30:00+00:00","0.15","0.0","0.0171954"
"2011-10-18 01:00:00+00:00","0.113","0.0","0.0156579"
"2011-10-18 01:30:00+00:00","0.115","0.0","0.01646355"
"2011-10-18 02:00:00+00:00","0.13","0.0","0.0152028"
"2011-10-18 02:30:00+00:00","0.147","0.0","0.0149076"
"2011-10-18 03:00:00+00:00","0.102","0.0","0.0146739"
"2011-10-18 03:30:00+00:00","0.091","0.0","0.01486455"
"2011-10-18 04:00:00+00:00","0.155","0.0","0.01493835"
"2011-10-18 04:30:00+00:00","0.121","0.0","0.01509825"
"2011-10-18 05:00:00+00:00","0.092","0.0","0.0178842"
"2011-10-18 05:30:00+00:00","0.128","0.0","0.02481525"
"2011-10-18 06:00:00+00:00","0.147","0.0","0.0362112"
"2011-10-18 06:30:00+00:00","0.095","0.0","0.04412625"
"2011-10-18 07:00:00+00:00","0.258","0.013","0.0243417"
"2011-10-18 07:30:00+00:00","0.156","0.044","0.01803795"
"2011-10-18 08:00:00+00:00","0.107","0.063","0.01893585"
"2011-10-18 08:30:00+00:00","0.082","0.306","0.02881275"
"2011-10-18 09:00:00+00:00","0.367","0.263","0.01920645"
"2011-10-18 09:30:00+00:00","0.266","0.275","0.01932945"
"2011-10-18 10:00:00+00:00","0.207","0.3","0.0195816"
"2011-10-18 10:30:00+00:00","0.155","0.656","0.019311"
"2011-10-18 11:00:00+00:00","0.287","0.619","0.0194217"
"2011-10-18 11:30:00+00:00","0.118","0.938","0.019065"
"2011-10-18 12:00:00+00:00","0.19","0.938","0.01867755"
"2011-10-18 12:30:00+00:00","0.185","0.938","0.02057175"
"2011-10-18 13:00:00+00:00","0.385","0.938","0.01931715"
"2011-10-18 13:30:00+00:00","0.117","0.919","0.0186345"
"2011-10-18 14:00:00+00:00","0.216","0.888","0.01845615"
"2011-10-18 14:30:00+00:00","0.166","0.844","0.01871445"
"2011-10-18 15:00:00+00:00","0.212","0.788","0.01915725"
"2011-10-18 15:30:00+00:00","0.126","0.719","0.01936635"
"2011-10-18 16:00:00+00:00","0.25","0.619","0.02167875"
"2011-10-18 16:30:00+00:00","0.208","0.525","0.01988295"
"2011-10-18 17:00:00+00:00","0.172","0.4","0.0191019"
"2011-10-18 17:30:00+00:00","0.23","0.194","0.0177489"
"2011-10-18 18:00:00+00:00","0.675","0.025","0.0175644"
"2011-10-18 18:30:00+00:00","0.231","0.013","0.01875135"
"2011-10-18 19:00:00+00:00","0.132","0.0","0.02042415"
"2011-10-18 19:30:00+00:00","0.198","0.0","0.01961235"
"2011-10-18 20:00:00+00:00","0.256","0.0","0.01871445"
"2011-10-18 20:30:00+00:00","0.226","0.0","0.01865295"
"2011-10-18 21:00:00+00:00","0.085","0.0","0.01685715"
"2011-10-18 21:30:00+00:00","0.177","0.0","0.0159531"
"2011-10-18 22:00:00+00:00","0.154","0.0","0.01519665"
"2011-10-18 22:30:00+00:00","0.163","0.0","0.0199752"
"2011-10-18 23:00:00+00:00","0.965","0.0","0.01807485"
"2011-10-18 23:30:00+00:00","0.147","0.0","0.0184131"
"2011-10-19 00:00:00+00:00","0.156","0.0","0.01871445"
"2011-10-19 00:30:00+00:00","0.063","0.0","0.01685715"
"2011-10-19 01:00:00+00:00","0.162","0.0","0.01552875"
"2011-10-19 01:30:00+00:00","0.101","0.0","0.0149322"
"2011-10-19 02:00:00+00:00","0.136","0.0","0.01440945"
"2011-10-19 02:30:00+00:00","0.055","0.0","0.01439715"
"2011-10-19 03:00:00+00:00","0.19","0.0","0.01426185"
"2011-10-19 03:30:00+00:00","0.095","0.0","0.01440945"
"2011-10-19 04:00:00+00:00","0.115","0.0","0.01440945"
"2011-10-19 04:30:00+00:00","0.114","0.0","0.01440945"
"2011-10-19 05:00:00+00:00","0.151","0.0","0.01632825"
"2011-10-19 05:30:00+00:00","0.095","0.0","0.01896045"
"2011-10-19 06:00:00+00:00","0.1","0.0","0.02567625"
"2011-10-19 06:30:00+00:00","0.215","0.0","0.0233331"
"2011-10-19 07:00:00+00:00","0.09","0.006","0.026814"
"2011-10-19 07:30:00+00:00","0.136","0.019","0.0154365"
"2011-10-19 08:00:00+00:00","0.341","0.125","0.0161007"
"2011-10-19 08:30:00+00:00","0.44","0.381","0.0181425"
"2011-10-19 09:00:00+00:00","0.061","0.569","0.0181794"
"2011-10-19 09:30:00+00:00","0.15","0.669","0.01838235"
"2011-10-19 10:00:00+00:00","0.115","0.694","0.01775505"
"2011-10-19 10:30:00+00:00","0.135","0.825","0.01782885"
"2011-10-19 11:00:00+00:00","0.061","0.863","0.01802565"
"2011-10-19 11:30:00+00:00","0.185","0.9","0.0186222"
"2011-10-19 12:00:00+00:00","0.104","0.913","0.01832085"
"2011-10-19 12:30:00+00:00","0.241","0.925","0.01856685"
"2011-10-19 13:00:00+00:00","0.374","0.931","0.0184008"
"2011-10-19 13:30:00+00:00","0.351","0.913","0.01867755"
"2011-10-19 14:00:00+00:00","0.232","0.9","0.01867755"
"2011-10-19 14:30:00+00:00","0.257","0.869","0.0178596"
"2011-10-19 15:00:00+00:00","0.129","0.806","0.01828395"
"2011-10-19 15:30:00+00:00","0.211","0.725","0.01867755"
"2011-10-19 16:00:00+00:00","0.236","0.644","0.01867755"
"2011-10-19 16:30:00+00:00","0.2","0.538","0.0185484"
"2011-10-19 17:00:00+00:00","0.248","0.419","0.0183639"
"2011-10-19 17:30:00+00:00","0.159","0.206","0.0166788"
"2011-10-19 18:00:00+00:00","0.275","0.019","0.01702935"
"2011-10-19 18:30:00+00:00","0.162","0.006","0.01656195"
"2011-10-19 19:00:00+00:00","0.186","0.0","0.01837005"
"2011-10-19 19:30:00+00:00","0.186","0.0","0.0176874"
"2011-10-19 20:00:00+00:00","0.326","0.0","0.01583625"
"2011-10-19 20:30:00+00:00","0.166","0.0","0.0153258"
"2011-10-19 21:00:00+00:00","0.242","0.0","0.01503675"
"2011-10-19 21:30:00+00:00","0.18","0.0","0.0153996"
"2011-10-19 22:00:00+00:00","0.163","0.0","0.01468005"
"2011-10-19 22:30:00+00:00","0.13","0.0","0.0161745"
"2011-10-19 23:00:00+00:00","0.092","0.0","0.01530735"
"2011-10-19 23:30:00+00:00","0.206","0.0","0.0154488"
"2011-10-20 00:00:00+00:00","0.082","0.0","0.01669725"
"2011-10-20 00:30:00+00:00","0.137","0.0","0.01491375"
"2011-10-20 01:00:00+00:00","0.116","0.0","0.01461855"
"2011-10-20 01:30:00+00:00","0.164","0.0","0.0147723"
"2011-10-20 02:00:00+00:00","0.097","0.0","0.01148205"
"2011-10-20 02:30:00+00:00","0.103","0.0","0.01062105"
"2011-10-20 03:00:00+00:00","0.163","0.0","0.00930495"
"2011-10-20 03:30:00+00:00","0.124","0.0","0.00944025"
"2011-10-20 04:00:00+00:00","0.082","0.0","0.0127797"
"2011-10-20 04:30:00+00:00","0.146","0.0","0.01256445"
"2011-10-20 05:00:00+00:00","0.148","0.0","0.01345005"
"2011-10-20 05:30:00+00:00","0.073","0.0","0.01459395"
"2011-10-20 06:00:00+00:00","0.15","0.0","0.0169125"
"2011-10-20 06:30:00+00:00","0.113","0.0","0.01679565"
"2011-10-20 07:00:00+00:00","0.141","0.006","0.01609455"
"2011-10-20 07:30:00+00:00","0.299","0.019","0.01520895"
"2011-10-20 08:00:00+00:00","0.393","0.144","0.0154119"
"2011-10-20 08:30:00+00:00","0.154","0.388","0.0165558"
"2011-10-20 09:00:00+00:00","0.149","0.575","0.01779195"
"2011-10-20 09:30:00+00:00","0.146","0.675","0.01779195"
"2011-10-20 10:00:00+00:00","0.158","0.75","0.01765665"
"2011-10-20 10:30:00+00:00","0.09","0.813","0.0168756"
"2011-10-20 11:00:00+00:00","0.125","0.844","0.01792725"
"2011-10-20 11:30:00+00:00","0.137","0.875","0.01789035"
"2011-10-20 12:00:00+00:00","0.14","0.894","0.01803795"
"2011-10-20 12:30:00+00:00","0.425","0.906","0.01830855"
"2011-10-20 13:00:00+00:00","0.317","0.913","0.0178473"
"2011-10-20 13:30:00+00:00","0.224","0.913","0.0173799"
"2011-10-20 14:00:00+00:00","0.249","0.881","0.0177489"
"2011-10-20 14:30:00+00:00","0.629","0.85","0.0171339"
"2011-10-20 15:00:00+00:00","0.555","0.8","0.0182655"
"2011-10-20 15:30:00+00:00","0.483","0.731","0.0179211"
"2011-10-20 16:00:00+00:00","0.518","0.638","0.0183024"
"2011-10-20 16:30:00+00:00","0.688","0.531","0.01854225"
"2011-10-20 17:00:00+00:00","0.417","0.406","0.01916955"
"2011-10-20 17:30:00+00:00","0.136","0.2","0.01883745"
"2011-10-20 18:00:00+00:00","0.163","0.019","0.0178719"
"2011-10-20 18:30:00+00:00","0.309","0.006","0.01854225"
"2011-10-20 19:00:00+00:00","0.171","0.0","0.01951395"
"2011-10-20 19:30:00+00:00","0.313","0.0","0.018081"
"2011-10-20 20:00:00+00:00","0.163","0.0","0.0163098"
"2011-10-20 20:30:00+00:00","0.227","0.0","0.01541805"
"2011-10-20 21:00:00+00:00","0.218","0.0","0.0152028"
"2011-10-20 21:30:00+00:00","0.131","0.0","0.01538115"
"2011-10-20 22:00:00+00:00","0.118","0.0","0.0148215"
"2011-10-20 22:30:00+00:00","0.157","0.0","0.01622985"
"2011-10-20 23:00:00+00:00","0.146","0.0","0.0155226"
"2011-10-20 23:30:00+00:00","0.387","0.006","0.01599615"
"2011-10-21 00:00:00+00:00","0.686","0.0","0.0170355"
"2011-10-21 00:30:00+00:00","0.189","0.0","0.01529505"
"2011-10-21 01:00:00+00:00","0.1","0.0","0.01472925"
"2011-10-21 01:30:00+00:00","0.138","0.0","0.01472925"
"2011-10-21 02:00:00+00:00","0.078","0.0","0.01440945"
"2011-10-21 02:30:00+00:00","0.191","0.0","0.01426185"
"2011-10-21 03:00:00+00:00","0.087","0.0","0.01437255"
"2011-10-21 03:30:00+00:00","0.115","0.0","0.014268"
"2011-10-21 04:00:00+00:00","0.14","0.0","0.01440945"
"2011-10-21 04:30:00+00:00","0.152","0.0","0.01440945"
"2011-10-21 05:00:00+00:00","0.091","0.0","0.01450785"
"2011-10-21 05:30:00+00:00","0.105","0.0","0.01440945"
"2011-10-21 06:00:00+00:00","0.413","0.0","0.0177366"
"2011-10-21 06:30:00+00:00","0.489","0.0","0.01741065"
"2011-10-21 07:00:00+00:00","0.096","0.006","0.0166173"
"2011-10-21 07:30:00+00:00","0.186","0.019","0.0151536"
"2011-10-21 08:00:00+00:00","0.12","0.156","0.01566405"
"2011-10-21 08:30:00+00:00","0.291","0.375","0.01710315"
"2011-10-21 09:00:00+00:00","0.141","0.55","0.0169494"
"2011-10-21 09:30:00+00:00","0.198","0.644","0.0176136"
"2011-10-21 10:00:00+00:00","0.105","0.731","0.017343"
"2011-10-21 10:30:00+00:00","0.283","0.794","0.01871445"
"2011-10-21 11:00:00+00:00","0.358","0.838","0.01818555"
"2011-10-21 11:30:00+00:00","0.308","0.856","0.01722615"
"2011-10-21 12:00:00+00:00","0.762","0.888","0.01729995"
"2011-10-21 12:30:00+00:00","0.306","0.888","0.01731225"
"2011-10-21 13:00:00+00:00","0.374","0.888","0.01726305"
"2011-10-21 13:30:00+00:00","0.737","0.869","0.01717695"
"2011-10-21 14:00:00+00:00","0.243","0.844","0.01789035"
"2011-10-21 14:30:00+00:00","0.229","0.813","0.01827165"
"2011-10-21 15:00:00+00:00","0.279","0.781","0.0190158"
"2011-10-21 15:30:00+00:00","0.258","0.706","0.0182409"
"2011-10-21 16:00:00+00:00","0.44","0.606","0.01848075"
"2011-10-21 16:30:00+00:00","0.207","0.506","0.018081"
"2011-10-21 17:00:00+00:00","0.359","0.394","0.0173184"
"2011-10-21 17:30:00+00:00","0.279","0.181","0.01543035"
"2011-10-21 18:00:00+00:00","0.297","0.025","0.01541805"
"2011-10-21 18:30:00+00:00","0.319","0.006","0.01592235"
"2011-10-21 19:00:00+00:00","0.496","0.006","0.01603305"
"2011-10-21 19:30:00+00:00","0.351","0.0","0.01568865"
"2011-10-21 20:00:00+00:00","0.445","0.0","0.0160392"
"2011-10-21 20:30:00+00:00","0.25","0.0","0.01547955"
"2011-10-21 21:00:00+00:00","0.334","0.0","0.0153627"
"2011-10-21 21:30:00+00:00","0.3","0.0","0.01535655"
"2011-10-21 22:00:00+00:00","0.297","0.0","0.01517205"
"2011-10-21 22:30:00+00:00","1.153","0.0","0.01828395"
"2011-10-21 23:00:00+00:00","0.383","0.0","0.01693095"
"2011-10-21 23:30:00+00:00","0.275","0.0","0.0184131"
"2011-10-22 00:00:00+00:00","0.287","0.0","0.01737375"
"2011-10-22 00:30:00+00:00","0.241","0.0","0.015867"
"2011-10-22 01:00:00+00:00","0.223","0.0","0.0161622"
"2011-10-22 01:30:00+00:00","0.272","0.0","0.0156825"
"2011-10-22 02:00:00+00:00","0.222","0.0","0.01549185"
"2011-10-22 02:30:00+00:00","0.214","0.0","0.0153258"
"2011-10-22 03:00:00+00:00","0.204","0.0","0.01527045"
"2011-10-22 03:30:00+00:00","0.243","0.0","0.01509825"
"2011-10-22 04:00:00+00:00","0.246","0.0","0.01536885"
"2011-10-22 04:30:00+00:00","0.189","0.0","0.0148461"
"2011-10-22 05:00:00+00:00","0.198","0.0","0.0154611"
"2011-10-22 05:30:00+00:00","0.262","0.0","0.01423725"
"2011-10-22 06:00:00+00:00","0.196","0.0","0.01440945"
"2011-10-22 06:30:00+00:00","0.251","0.0","0.01518435"
"2011-10-22 07:00:00+00:00","0.166","0.006","0.01566405"
"2011-10-22 07:30:00+00:00","0.312","0.038","0.01736145"
"2011-10-22 08:00:00+00:00","0.51","0.075","0.01876365"
"2011-10-22 08:30:00+00:00","0.642","0.163","0.0196554"
"2011-10-22 09:00:00+00:00","0.303","0.331","0.01880055"
"2011-10-22 09:30:00+00:00","0.246","0.313","0.0191142"
"2011-10-22 10:00:00+00:00","0.342","0.513","0.01870215"
"2011-10-22 10:30:00+00:00","0.376","0.75","0.01872675"
"2011-10-22 11:00:00+00:00","0.378","0.819","0.0184008"
"2011-10-22 11:30:00+00:00","0.263","0.863","0.0182778"
"2011-10-22 12:00:00+00:00","0.294","0.888","0.01549185"
"2011-10-22 12:30:00+00:00","0.189","0.85","0.0161991"
"2011-10-22 13:00:00+00:00","0.229","0.894","0.01618065"
"2011-10-22 13:30:00+00:00","0.276","0.844","0.01576245"
"2011-10-22 14:00:00+00:00","0.273","0.794","0.01603305"
"2011-10-22 14:30:00+00:00","0.198","0.763","0.01611915"
"2011-10-22 15:00:00+00:00","0.207","0.656","0.0163713"
"2011-10-22 15:30:00+00:00","0.301","0.538","0.01621755"
"2011-10-22 16:00:00+00:00","0.27","0.281","0.01566405"
"2011-10-22 16:30:00+00:00","0.345","0.45","0.0158301"
"2011-10-22 17:00:00+00:00","0.271","0.419","0.01599615"
"2011-10-22 17:30:00+00:00","0.278","0.175","0.0162729"
"2011-10-22 18:00:00+00:00","0.328","0.025","0.0160269"
"2011-10-22 18:30:00+00:00","0.712","0.013","0.0165189"
"2011-10-22 19:00:00+00:00","0.369","0.0","0.01656195"
"2011-10-22 19:30:00+00:00","0.293","0.0","0.01602075"
"2011-10-22 20:00:00+00:00","0.501","0.0","0.01566405"
"2011-10-22 20:30:00+00:00","0.436","0.0","0.01597155"
"2011-10-22 21:00:00+00:00","0.228","0.0","0.01540575"
"2011-10-22 21:30:00+00:00","0.295","0.0","0.01530735"
"2011-10-22 22:00:00+00:00","0.301","0.0","0.0150552"
"2011-10-22 22:30:00+00:00","0.352","0.0","0.0165189"
"2011-10-22 23:00:00+00:00","1.102","0.0","0.01549185"
"2011-10-22 23:30:00+00:00","0.32","0.0","0.0159777"
"2011-10-23 00:00:00+00:00","0.221","0.0","0.01597155"
"2011-10-23 00:30:00+00:00","0.321","0.0","0.01495065"
"2011-10-23 01:00:00+00:00","0.215","0.0","0.01459395"
"2011-10-23 01:30:00+00:00","0.261","0.0","0.0144402"
"2011-10-23 02:00:00+00:00","0.198","0.0","0.0140466"
"2011-10-23 02:30:00+00:00","0.318","0.0","0.0138867"
"2011-10-23 03:00:00+00:00","0.23","0.0","0.0143664"
"2011-10-23 03:30:00+00:00","0.221","0.0","0.0143295"
"2011-10-23 04:00:00+00:00","0.228","0.0","0.01342545"
"2011-10-23 04:30:00+00:00","0.268","0.0","0.01212165"
"2011-10-23 05:00:00+00:00","0.238","0.0","0.01217085"
"2011-10-23 05:30:00+00:00","0.224","0.0","0.012546"
"2011-10-23 06:00:00+00:00","0.254","0.0","0.01246605"
"2011-10-23 06:30:00+00:00","0.414","0.0","0.01394205"
"2011-10-23 07:00:00+00:00","0.263","0.006","0.0136899"
"2011-10-23 07:30:00+00:00","0.265","0.038","0.0149937"
"2011-10-23 08:00:00+00:00","0.331","0.156","0.01495065"
"2011-10-23 08:30:00+00:00","0.138","0.306","0.01535655"
"2011-10-23 09:00:00+00:00","0.244","0.344","0.01488915"
"2011-10-23 09:30:00+00:00","0.099","0.506","0.01550415"
"2011-10-23 10:00:00+00:00","0.255","0.606","0.0153381"
"2011-10-23 10:30:00+00:00","0.298","0.7","0.0152274"
"2011-10-23 11:00:00+00:00","0.265","0.744","0.01504905"
"2011-10-23 11:30:00+00:00","0.159","0.775","0.0151905"
"2011-10-23 12:00:00+00:00","0.256","0.819","0.01533195"
"2011-10-23 12:30:00+00:00","0.225","0.863","0.0155226"
"2011-10-23 13:00:00+00:00","0.258","0.719","0.0154734"
"2011-10-23 13:30:00+00:00","0.168","0.706","0.015375"
"2011-10-23 14:00:00+00:00","0.19","0.731","0.01586085"
"2011-10-23 14:30:00+00:00","0.22","0.681","0.01566405"
"2011-10-23 15:00:00+00:00","0.165","0.581","0.0158793"
"2011-10-23 15:30:00+00:00","0.147","0.638","0.0163713"
"2011-10-23 16:00:00+00:00","0.196","0.619","0.01635285"
"2011-10-23 16:30:00+00:00","0.285","0.469","0.0185484"
"2011-10-23 17:00:00+00:00","0.256","0.375","0.01888665"
"2011-10-23 17:30:00+00:00","0.177","0.175","0.01894815"
"2011-10-23 18:00:00+00:00","0.206","0.038","0.01883745"
"2011-10-23 18:30:00+00:00","0.263","0.019","0.01907115"
"2011-10-23 19:00:00+00:00","0.178","0.0","0.02204775"
"2011-10-23 19:30:00+00:00","0.357","0.0","0.01899735"
"2011-10-23 20:00:00+00:00","0.137","0.0","0.01718925"
"2011-10-23 20:30:00+00:00","0.269","0.0","0.0167526"
"2011-10-23 21:00:00+00:00","0.185","0.0","0.0153258"
"2011-10-23 21:30:00+00:00","0.185","0.0","0.0152766"
"2011-10-23 22:00:00+00:00","0.113","0.0","0.0146124"
"2011-10-23 22:30:00+00:00","0.127","0.0","0.015621"
"2011-10-23 23:00:00+00:00","0.156","0.0","0.0149322"
"2011-10-23 23:30:00+00:00","0.163","0.0","0.01518435"
"2011-10-24 00:00:00+00:00","0.11","0.0","0.015621"
"2011-10-24 00:30:00+00:00","0.11","0.0","0.0149814"
"2011-10-24 01:00:00+00:00","0.151","0.0","0.01429875"
"2011-10-24 01:30:00+00:00","0.154","0.0","0.0139359"
"2011-10-24 02:00:00+00:00","0.122","0.0","0.0132963"
"2011-10-24 02:30:00+00:00","0.105","0.0","0.01440945"
"2011-10-24 03:00:00+00:00","0.15","0.0","0.014268"
"2011-10-24 03:30:00+00:00","0.156","0.0","0.01437255"
"2011-10-24 04:00:00+00:00","0.127","0.0","0.01426185"
"2011-10-24 04:30:00+00:00","0.09","0.0","0.0122631"
"2011-10-24 05:00:00+00:00","0.151","0.0","0.0134931"
"2011-10-24 05:30:00+00:00","0.287","0.0","0.01450785"
"2011-10-24 06:00:00+00:00","0.132","0.0","0.014022"
"2011-10-24 06:30:00+00:00","0.106","0.0","0.01618065"
"2011-10-24 07:00:00+00:00","0.179","0.013","0.016974"
"2011-10-24 07:30:00+00:00","0.281","0.038","0.0168633"
"2011-10-24 08:00:00+00:00","0.15","0.15","0.01805025"
"2011-10-24 08:30:00+00:00","0.105","0.369","0.01908345"
"2011-10-24 09:00:00+00:00","0.164","0.538","0.0207501"
"2011-10-24 09:30:00+00:00","0.156","0.625","0.01955085"
"2011-10-24 10:00:00+00:00","0.107","0.731","0.01903425"
"2011-10-24 10:30:00+00:00","0.177","0.813","0.01867755"
"2011-10-24 11:00:00+00:00","0.255","0.838","0.0197907"
"2011-10-24 11:30:00+00:00","0.204","0.9","0.0203934"
"2011-10-24 12:00:00+00:00","0.661","0.913","0.0226443"
"2011-10-24 12:30:00+00:00","0.102","0.913","0.02208465"
"2011-10-24 13:00:00+00:00","0.272","0.906","0.02116215"
"2011-10-24 13:30:00+00:00","0.18","0.913","0.02213385"
"2011-10-24 14:00:00+00:00","0.156","0.881","0.0228411"
"2011-10-24 14:30:00+00:00","0.172","0.806","0.0248214"
"2011-10-24 15:00:00+00:00","0.143","0.769","0.02448315"
"2011-10-24 15:30:00+00:00","0.091","0.694","0.02186325"
"2011-10-24 16:00:00+00:00","0.212","0.6","0.02081775"
"2011-10-24 16:30:00+00:00","0.114","0.5","0.02151885"
"2011-10-24 17:00:00+00:00","0.216","0.381","0.0207009"
"2011-10-24 17:30:00+00:00","0.15","0.163","0.01871445"
"2011-10-24 18:00:00+00:00","0.111","0.025","0.0186714"
"2011-10-24 18:30:00+00:00","0.26","0.013","0.0186222"
"2011-10-24 19:00:00+00:00","0.3","0.0","0.01883745"
"2011-10-24 19:30:00+00:00","0.284","0.0","0.018204"
"2011-10-24 20:00:00+00:00","0.226","0.0","0.0176382"
"2011-10-24 20:30:00+00:00","0.221","0.0","0.01666035"
"2011-10-24 21:00:00+00:00","0.218","0.0","0.0151167"
"2011-10-24 21:30:00+00:00","0.191","0.0","0.01539345"
"2011-10-24 22:00:00+00:00","0.173","0.0","0.0149322"
"2011-10-24 22:30:00+00:00","0.19","0.0","0.0162483"
"2011-10-24 23:00:00+00:00","0.978","0.0","0.01581165"
"2011-10-24 23:30:00+00:00","0.167","0.0","0.0153381"
"2011-10-25 00:00:00+00:00","0.122","0.0","0.01627905"
"2011-10-25 00:30:00+00:00","0.157","0.0","0.0151659"
"2011-10-25 01:00:00+00:00","0.173","0.0","0.01474155"
"2011-10-25 01:30:00+00:00","0.153","0.0","0.01433565"
"2011-10-25 02:00:00+00:00","0.141","0.0","0.0143295"
"2011-10-25 02:30:00+00:00","0.105","0.0","0.0141696"
"2011-10-25 03:00:00+00:00","0.15","0.0","0.0139851"
"2011-10-25 03:30:00+00:00","0.153","0.0","0.01440945"
"2011-10-25 04:00:00+00:00","0.169","0.0","0.01426185"
"2011-10-25 04:30:00+00:00","0.149","0.0","0.0128658"
"2011-10-25 05:00:00+00:00","0.102","0.0","0.013161"
"2011-10-25 05:30:00+00:00","0.142","0.0","0.0146001"
"2011-10-25 06:00:00+00:00","0.154","0.0","0.0159408"
"2011-10-25 06:30:00+00:00","0.173","0.0","0.01833315"
"2011-10-25 07:00:00+00:00","0.144","0.0","0.0194709"
"2011-10-25 07:30:00+00:00","0.125","0.013","0.0162483"
"2011-10-25 08:00:00+00:00","0.188","0.088","0.0168264"
"2011-10-25 08:30:00+00:00","0.303","0.225","0.0183639"
"2011-10-25 09:00:00+00:00","0.316","0.481","0.01845615"
"2011-10-25 09:30:00+00:00","0.161","0.388","0.01900965"
"2011-10-25 10:00:00+00:00","0.264","0.438","0.01868985"
"2011-10-25 10:30:00+00:00","0.2","0.363","0.01905885"
"2011-10-25 11:00:00+00:00","0.267","0.694","0.01845615"
"2011-10-25 11:30:00+00:00","0.189","0.731","0.01867755"
"2011-10-25 12:00:00+00:00","0.176","0.269","0.0186468"
"2011-10-25 12:30:00+00:00","0.208","0.094","0.0187083"
"2011-10-25 13:00:00+00:00","0.333","0.125","0.01861605"
"2011-10-25 13:30:00+00:00","0.255","0.206","0.01860375"
"2011-10-25 14:00:00+00:00","0.155","0.156","0.0185853"
"2011-10-25 14:30:00+00:00","0.231","0.163","0.0183516"
"2011-10-25 15:00:00+00:00","0.238","0.075","0.01845615"
"2011-10-25 15:30:00+00:00","0.251","0.019","0.0186591"
"2011-10-25 16:00:00+00:00","0.174","0.05","0.01867755"
"2011-10-25 16:30:00+00:00","0.214","0.013","0.01846845"
"2011-10-25 17:00:00+00:00","0.168","0.044","0.0185976"
"2011-10-25 17:30:00+00:00","0.523","0.006","0.0176136"
"2011-10-25 18:00:00+00:00","0.219","0.0","0.0173799"
"2011-10-25 18:30:00+00:00","0.214","0.0","0.01814865"
"2011-10-25 19:00:00+00:00","0.22","0.0","0.01865295"
"2011-10-25 19:30:00+00:00","0.158","0.0","0.01818555"
"2011-10-25 20:00:00+00:00","0.386","0.006","0.01758285"
"2011-10-25 20:30:00+00:00","0.263","0.0","0.0161991"
"2011-10-25 21:00:00+00:00","0.148","0.0","0.01546725"
"2011-10-25 21:30:00+00:00","0.128","0.0","0.0155349"
"2011-10-25 22:00:00+00:00","0.143","0.0","0.01507365"
"2011-10-25 22:30:00+00:00","0.161","0.0","0.01653735"
"2011-10-25 23:00:00+00:00","0.161","0.0","0.0163467"
"2011-10-25 23:30:00+00:00","0.108","0.0","0.01714005"
"2011-10-26 00:00:00+00:00","0.128","0.0","0.01753365"
"2011-10-26 00:30:00+00:00","0.156","0.0","0.0153996"
"2011-10-26 01:00:00+00:00","0.158","0.0","0.01502445"
"2011-10-26 01:30:00+00:00","0.098","0.0","0.01466775"
"2011-10-26 02:00:00+00:00","0.11","0.0","0.01440945"
"2011-10-26 02:30:00+00:00","0.158","0.0","0.0144033"
"2011-10-26 03:00:00+00:00","0.161","0.0","0.0143172"
"2011-10-26 03:30:00+00:00","0.103","0.0","0.01440945"
"2011-10-26 04:00:00+00:00","0.129","0.0","0.01440945"
"2011-10-26 04:30:00+00:00","0.161","0.0","0.01440945"
"2011-10-26 05:00:00+00:00","0.153","0.0","0.01433565"
"2011-10-26 05:30:00+00:00","0.087","0.0","0.0151659"
"2011-10-26 06:00:00+00:00","0.26","0.0","0.01641435"
"2011-10-26 06:30:00+00:00","0.156","0.0","0.0180687"
"2011-10-26 07:00:00+00:00","0.17","0.0","0.02202315"
"2011-10-26 07:30:00+00:00","0.106","0.013","0.01668495"
"2011-10-26 08:00:00+00:00","0.394","0.031","0.0162975"
"2011-10-26 08:30:00+00:00","0.148","0.063","0.01736145"
"2011-10-26 09:00:00+00:00","0.222","0.106","0.0177612"
"2011-10-26 09:30:00+00:00","0.094","0.119","0.01784115"
"2011-10-26 10:00:00+00:00","0.14","0.125","0.0175275"
"2011-10-26 10:30:00+00:00","0.276","0.175","0.01758285"
"2011-10-26 11:00:00+00:00","0.603","0.2","0.017835"
"2011-10-26 11:30:00+00:00","0.565","0.181","0.01771815"
"2011-10-26 12:00:00+00:00","0.992","0.2","0.01763205"
"2011-10-26 12:30:00+00:00","0.757","0.181","0.0179949"
"2011-10-26 13:00:00+00:00","0.056","0.238","0.01781655"
"2011-10-26 13:30:00+00:00","0.184","0.281","0.0175029"
"2011-10-26 14:00:00+00:00","0.139","0.225","0.0178596"
"2011-10-26 14:30:00+00:00","0.283","0.275","0.0173184"
"2011-10-26 15:00:00+00:00","0.091","0.2","0.0182778"
"2011-10-26 15:30:00+00:00","0.321","0.181","0.018081"
"2011-10-26 16:00:00+00:00","0.222","0.169","0.0183393"
"2011-10-26 16:30:00+00:00","0.191","0.144","0.02103915"
"2011-10-26 17:00:00+00:00","0.181","0.081","0.01744755"
"2011-10-26 17:30:00+00:00","0.184","0.044","0.01711545"
"2011-10-26 18:00:00+00:00","0.254","0.038","0.0175521"
"2011-10-26 18:30:00+00:00","0.126","0.013","0.01710315"
"2011-10-26 19:00:00+00:00","0.204","0.0","0.0179088"
"2011-10-26 19:30:00+00:00","0.225","0.0","0.01622985"
"2011-10-26 20:00:00+00:00","0.319","0.0","0.0160515"
"2011-10-26 20:30:00+00:00","0.282","0.0","0.01582395"
"2011-10-26 21:00:00+00:00","0.193","0.0","0.0158424"
"2011-10-26 21:30:00+00:00","0.165","0.0","0.01579935"
"2011-10-26 22:00:00+00:00","0.104","0.0","0.01523355"
"2011-10-26 22:30:00+00:00","0.673","0.0","0.0182409"
"2011-10-26 23:00:00+00:00","0.432","0.0","0.016851"
"2011-10-26 23:30:00+00:00","0.173","0.0","0.01727535"
"2011-10-27 00:00:00+00:00","0.061","0.0","0.0179088"
"2011-10-27 00:30:00+00:00","0.145","0.0","0.01551645"
"2011-10-27 01:00:00+00:00","0.117","0.0","0.01508595"
"2011-10-27 01:30:00+00:00","0.149","0.0","0.01491375"
"2011-10-27 02:00:00+00:00","0.063","0.0","0.0142434"
"2011-10-27 02:30:00+00:00","0.162","0.0","0.01440945"
"2011-10-27 03:00:00+00:00","0.13","0.0","0.01474155"
"2011-10-27 03:30:00+00:00","0.118","0.0","0.0144156"
"2011-10-27 04:00:00+00:00","0.081","0.0","0.0147723"
"2011-10-27 04:30:00+00:00","0.17","0.0","0.0145017"
"2011-10-27 05:00:00+00:00","0.113","0.0","0.01449555"
"2011-10-27 05:30:00+00:00","0.109","0.0","0.0171462"
"2011-10-27 06:00:00+00:00","0.11","0.006","0.017343"
"2011-10-27 06:30:00+00:00","0.335","0.0","0.01803795"
"2011-10-27 07:00:00+00:00","0.116","0.0","0.01982145"
"2011-10-27 07:30:00+00:00","0.185","0.0","0.01677105"
"2011-10-27 08:00:00+00:00","0.289","0.044","0.0172077"
"2011-10-27 08:30:00+00:00","0.274","0.131","0.01752135"
"2011-10-27 09:00:00+00:00","0.111","0.313","0.0184254"
"2011-10-27 09:30:00+00:00","0.129","0.206","0.01850535"
"2011-10-27 10:00:00+00:00","0.143","0.256","0.01867755"
"2011-10-27 10:30:00+00:00","0.11","0.338","0.0177981"
"2011-10-27 11:00:00+00:00","0.088","0.281","0.01784115"
"2011-10-27 11:30:00+00:00","0.157","0.256","0.0177735"
"2011-10-27 12:00:00+00:00","0.135","0.513","0.01747215"
"2011-10-27 12:30:00+00:00","0.096","0.575","0.01728765"
"2011-10-27 13:00:00+00:00","0.117","0.581","0.0170601"
"2011-10-27 13:30:00+00:00","0.158","0.556","0.01781655"
"2011-10-27 14:00:00+00:00","0.109","0.513","0.01728765"
"2011-10-27 14:30:00+00:00","0.103","0.569","0.016359"
"2011-10-27 15:00:00+00:00","0.129","0.681","0.0163344"
"2011-10-27 15:30:00+00:00","0.175","0.431","0.0178719"
"2011-10-27 16:00:00+00:00","0.077","0.413","0.0178965"
"2011-10-27 16:30:00+00:00","0.132","0.244","0.0178227"
"2011-10-27 17:00:00+00:00","0.328","0.188","0.01856685"
"2011-10-27 17:30:00+00:00","0.184","0.113","0.01791495"
"2011-10-27 18:00:00+00:00","0.193","0.081","0.0177243"
"2011-10-27 18:30:00+00:00","0.215","0.038","0.0182901"
"2011-10-27 19:00:00+00:00","0.154","0.006","0.01867755"
"2011-10-27 19:30:00+00:00","0.252","0.0","0.01859145"
"2011-10-27 20:00:00+00:00","0.248","0.0","0.0176997"
"2011-10-27 20:30:00+00:00","0.248","0.0","0.01581165"
"2011-10-27 21:00:00+00:00","0.194","0.0","0.0158916"
"2011-10-27 21:30:00+00:00","0.078","0.0","0.01604535"
"2011-10-27 22:00:00+00:00","0.161","0.0","0.0152766"
"2011-10-27 22:30:00+00:00","0.143","0.0","0.02110065"
"2011-10-27 23:00:00+00:00","0.154","0.0","0.0179457"
"2011-10-27 23:30:00+00:00","0.104","0.0","0.0180564"
"2011-10-28 00:00:00+00:00","0.079","0.0","0.01744755"
"2011-10-28 00:30:00+00:00","0.176","0.0","0.01550415"
"2011-10-28 01:00:00+00:00","0.108","0.0","0.01593465"
"2011-10-28 01:30:00+00:00","0.133","0.0","0.01519665"
"2011-10-28 02:00:00+00:00","0.06","0.0","0.01506135"
"2011-10-28 02:30:00+00:00","0.201","0.0","0.01503675"
"2011-10-28 03:00:00+00:00","0.081","0.0","0.01481535"
"2011-10-28 03:30:00+00:00","0.14","0.0","0.0148461"
"2011-10-28 04:00:00+00:00","0.077","0.0","0.01503675"
"2011-10-28 04:30:00+00:00","0.193","0.0","0.0158793"
"2011-10-28 05:00:00+00:00","0.065","0.0","0.01700475"
"2011-10-28 05:30:00+00:00","0.126","0.0","0.02434785"
"2011-10-28 06:00:00+00:00","0.122","0.0","0.0279333"
"2011-10-28 06:30:00+00:00","0.176","0.0","0.02661105"
"2011-10-28 07:00:00+00:00","0.089","0.025","0.0233946"
"2011-10-28 07:30:00+00:00","0.303","0.044","0.0187575"
"2011-10-28 08:00:00+00:00","0.402","0.181","0.01984605"
"2011-10-28 08:30:00+00:00","0.327","0.2","0.02015355"
"2011-10-28 09:00:00+00:00","0.096","0.3","0.0222384"
"2011-10-28 09:30:00+00:00","0.134","0.4","0.0226689"
"2011-10-28 10:00:00+00:00","0.171","0.344","0.0233823"
"2011-10-28 10:30:00+00:00","0.078","0.494","0.02437245"
"2011-10-28 11:00:00+00:00","0.149","0.413","0.02407725"
"2011-10-28 11:30:00+00:00","0.266","0.5","0.02401575"
"2011-10-28 12:00:00+00:00","0.189","0.5","0.0237759"
"2011-10-28 12:30:00+00:00","0.066","0.606","0.02401575"
"2011-10-28 13:00:00+00:00","0.156","0.788","0.02344995"
"2011-10-28 13:30:00+00:00","0.521","0.825","0.0238497"
"2011-10-28 14:00:00+00:00","0.232","0.806","0.0246"
"2011-10-28 14:30:00+00:00","0.14","0.788","0.02078085"
"2011-10-28 15:00:00+00:00","0.167","0.763","0.0192618"
"2011-10-28 15:30:00+00:00","0.149","0.694","0.0226935"
"2011-10-28 16:00:00+00:00","0.105","0.588","0.02557785"
"2011-10-28 16:30:00+00:00","0.193","0.5","0.02309325"
"2011-10-28 17:00:00+00:00","0.234","0.381","0.02314245"
"2011-10-28 17:30:00+00:00","0.321","0.163","0.02026425"
"2011-10-28 18:00:00+00:00","0.162","0.069","0.0181671"
"2011-10-28 18:30:00+00:00","0.317","0.038","0.0184008"
"2011-10-28 19:00:00+00:00","0.175","0.006","0.0185484"
"2011-10-28 19:30:00+00:00","0.262","0.0","0.02119905"
"2011-10-28 20:00:00+00:00","0.447","0.0","0.01878825"
"2011-10-28 20:30:00+00:00","0.208","0.0","0.0176259"
"2011-10-28 21:00:00+00:00","0.182","0.0","0.0170724"
"2011-10-28 21:30:00+00:00","0.198","0.0","0.0174783"
"2011-10-28 22:00:00+00:00","0.2","0.0","0.01611915"
"2011-10-28 22:30:00+00:00","0.154","0.0","0.0210207"
"2011-10-28 23:00:00+00:00","0.103","0.0","0.018081"
"2011-10-28 23:30:00+00:00","0.112","0.0","0.0185484"
"2011-10-29 00:00:00+00:00","0.501","0.0","0.0178227"
"2011-10-29 00:30:00+00:00","0.682","0.0","0.01672185"
"2011-10-29 01:00:00+00:00","0.113","0.0","0.01570095"
"2011-10-29 01:30:00+00:00","0.104","0.0","0.01520895"
"2011-10-29 02:00:00+00:00","0.127","0.0","0.01504905"
"2011-10-29 02:30:00+00:00","0.14","0.0","0.01482765"
"2011-10-29 03:00:00+00:00","0.176","0.0","0.0145755"
"2011-10-29 03:30:00+00:00","0.061","0.0","0.0146739"
"2011-10-29 04:00:00+00:00","0.157","0.0","0.01479075"
"2011-10-29 04:30:00+00:00","0.105","0.0","0.0136407"
"2011-10-29 05:00:00+00:00","0.206","0.0","0.01440945"
"2011-10-29 05:30:00+00:00","0.051","0.006","0.01440945"
"2011-10-29 06:00:00+00:00","0.298","0.0","0.01502445"
"2011-10-29 06:30:00+00:00","0.156","0.0","0.0153504"
"2011-10-29 07:00:00+00:00","0.188","0.025","0.0151044"
"2011-10-29 07:30:00+00:00","0.113","0.044","0.01554105"
"2011-10-29 08:00:00+00:00","0.189","0.194","0.0168387"
"2011-10-29 08:30:00+00:00","0.22","0.369","0.01878825"
"2011-10-29 09:00:00+00:00","0.096","0.556","0.01848075"
"2011-10-29 09:30:00+00:00","0.146","0.525","0.0203565"
"2011-10-29 10:00:00+00:00","0.091","0.688","0.0187821"
"2011-10-29 10:30:00+00:00","0.172","0.644","0.01821015"
"2011-10-29 11:00:00+00:00","0.151","0.525","0.01766895"
"2011-10-29 11:30:00+00:00","0.081","0.538","0.01798875"
"2011-10-29 12:00:00+00:00","0.156","0.45","0.01741065"
"2011-10-29 12:30:00+00:00","0.116","0.45","0.01761975"
"2011-10-29 13:00:00+00:00","0.2","0.456","0.01801335"
"2011-10-29 13:30:00+00:00","0.063","0.331","0.01760745"
"2011-10-29 14:00:00+00:00","0.153","0.3","0.0171462"
"2011-10-29 14:30:00+00:00","0.145","0.406","0.0164205"
"2011-10-29 15:00:00+00:00","0.166","0.325","0.01661115"
"2011-10-29 15:30:00+00:00","0.138","0.194","0.0165927"
"2011-10-29 16:00:00+00:00","0.091","0.2","0.01701705"
"2011-10-29 16:30:00+00:00","0.163","0.313","0.01712775"
"2011-10-29 17:00:00+00:00","0.168","0.413","0.01791495"
"2011-10-29 17:30:00+00:00","0.145","0.15","0.01696785"
"2011-10-29 18:00:00+00:00","0.121","0.05","0.01814865"
"2011-10-29 18:30:00+00:00","0.101","0.006","0.0192741"
"2011-10-29 19:00:00+00:00","0.176","0.0","0.0236283"
"2011-10-29 19:30:00+00:00","0.179","0.0","0.01998135"
"2011-10-29 20:00:00+00:00","0.105","0.0","0.01877595"
"2011-10-29 20:30:00+00:00","0.136","0.0","0.01650045"
"2011-10-29 21:00:00+00:00","0.107","0.006","0.01618065"
"2011-10-29 21:30:00+00:00","0.209","0.0","0.01594695"
"2011-10-29 22:00:00+00:00","0.111","0.0","0.0152889"
"2011-10-29 22:30:00+00:00","0.124","0.0","0.01950165"
"2011-10-29 23:00:00+00:00","0.107","0.0","0.01674645"
"2011-10-29 23:30:00+00:00","0.149","0.0","0.0163467"
"2011-10-30 00:00:00+00:00","0.182","0.0","0.0167895"
"2011-10-30 00:30:00+00:00","0.064","0.0","0.0159654"
"2011-10-30 01:00:00+00:00","0.163","0.0","0.0164082"
"2011-10-30 01:30:00+00:00","0.103","0.0","0.01468005"
"2011-10-30 02:00:00+00:00","0.202","0.0","0.01426185"
"2011-10-30 02:30:00+00:00","0.102","0.0","0.01413885"
"2011-10-30 03:00:00+00:00","0.112","0.0","0.01440945"
"2011-10-30 03:30:00+00:00","0.138","0.0","0.0139605"
"2011-10-30 04:00:00+00:00","0.149","0.0","0.01353615"
"2011-10-30 04:30:00+00:00","0.176","0.0","0.0140097"
"2011-10-30 05:00:00+00:00","0.057","0.0","0.0141081"
"2011-10-30 05:30:00+00:00","0.175","0.0","0.01391745"
"2011-10-30 06:00:00+00:00","0.106","0.0","0.01433565"
"2011-10-30 06:30:00+00:00","0.207","0.0","0.0146493"
"2011-10-30 07:00:00+00:00","0.059","0.025","0.01455705"
"2011-10-30 07:30:00+00:00","0.133","0.063","0.01534425"
"2011-10-30 08:00:00+00:00","0.14","0.206","0.01597155"
"2011-10-30 08:30:00+00:00","0.156","0.356","0.0165189"
"2011-10-30 09:00:00+00:00","0.115","0.288","0.01642665"
"2011-10-30 09:30:00+00:00","0.073","0.363","0.0161499"
"2011-10-30 10:00:00+00:00","0.201","0.381","0.01621755"
"2011-10-30 10:30:00+00:00","0.115","0.338","0.01613145"
"2011-10-30 11:00:00+00:00","0.146","0.731","0.016113"
"2011-10-30 11:30:00+00:00","0.075","0.263","0.01621755"
"2011-10-30 12:00:00+00:00","0.176","0.363","0.01615605"
"2011-10-30 12:30:00+00:00","0.148","0.188","0.01591005"
"2011-10-30 13:00:00+00:00","0.129","0.325","0.01543035"
"2011-10-30 13:30:00+00:00","0.112","0.725","0.0153381"
"2011-10-30 14:00:00+00:00","0.131","0.419","0.01531965"
"2011-10-30 14:30:00+00:00","0.17","0.525","0.01549185"
"2011-10-30 15:00:00+00:00","0.14","0.338","0.015498"
"2011-10-30 15:30:00+00:00","0.1","0.463","0.0158301"
"2011-10-30 16:00:00+00:00","0.131","0.275","0.01651275"
"2011-10-30 16:30:00+00:00","0.147","0.394","0.01729995"
"2011-10-30 17:00:00+00:00","0.169","0.356","0.01760745"
"2011-10-30 17:30:00+00:00","0.118","0.163","0.0188313"
"2011-10-30 18:00:00+00:00","0.292","0.038","0.01867755"
"2011-10-30 18:30:00+00:00","0.319","0.019","0.0198891"
"2011-10-30 19:00:00+00:00","0.17","0.006","0.02086695"
"2011-10-30 19:30:00+00:00","0.34","0.0","0.02017815"
"2011-10-30 20:00:00+00:00","0.195","0.0","0.01920645"
"2011-10-30 20:30:00+00:00","0.212","0.0","0.01684485"
"2011-10-30 21:00:00+00:00","0.211","0.0","0.01584855"
"2011-10-30 21:30:00+00:00","0.147","0.0","0.0153873"
"2011-10-30 22:00:00+00:00","0.156","0.0","0.01501215"
"2011-10-30 22:30:00+00:00","0.09","0.0","0.01685715"
"2011-10-30 23:00:00+00:00","0.131","0.0","0.01544265"
"2011-10-30 23:30:00+00:00","0.155","0.0","0.01611915"
"2011-10-31 00:00:00+00:00","0.152","0.0","0.0167034"
"2011-10-31 00:30:00+00:00","0.154","0.0","0.01498755"
"2011-10-31 01:00:00+00:00","0.131","0.0","0.01454475"
"2011-10-31 01:30:00+00:00","0.098","0.0","0.0145263"
"2011-10-31 02:00:00+00:00","0.111","0.0","0.01440945"
"2011-10-31 02:30:00+00:00","0.171","0.0","0.0123"
"2011-10-31 03:00:00+00:00","0.134","0.0","0.00958785"
"2011-10-31 03:30:00+00:00","0.16","0.0","0.00916965"
"2011-10-31 04:00:00+00:00","0.068","0.0","0.01165425"
"2011-10-31 04:30:00+00:00","0.144","0.0","0.0121893"
"2011-10-31 05:00:00+00:00","0.134","0.0","0.015498"
"2011-10-31 05:30:00+00:00","0.174","0.0","0.0182901"
"2011-10-31 06:00:00+00:00","0.098","0.0","0.0178473"
"2011-10-31 06:30:00+00:00","0.129","0.0","0.0175767"
"2011-10-31 07:00:00+00:00","0.3","0.006","0.01798875"
"2011-10-31 07:30:00+00:00","0.33","0.044","0.0162114"
"2011-10-31 08:00:00+00:00","0.302","0.206","0.0168264"
"2011-10-31 08:30:00+00:00","0.108","0.431","0.01718925"
"2011-10-31 09:00:00+00:00","0.122","0.55","0.01881285"
"2011-10-31 09:30:00+00:00","0.152","0.7","0.02041185"
"2011-10-31 10:00:00+00:00","0.138","0.581","0.01983375"
"2011-10-31 10:30:00+00:00","0.171","0.469","0.02044875"
"2011-10-31 11:00:00+00:00","0.167","0.881","0.0219186"
"2011-10-31 11:30:00+00:00","0.726","1.0","0.0221154"
"2011-10-31 12:00:00+00:00","0.629","1.0","0.02043645"
"2011-10-31 12:30:00+00:00","1.047","1.025","0.022017"
"2011-10-31 13:00:00+00:00","0.731","1.025","0.02007975"
"2011-10-31 13:30:00+00:00","0.424","0.806","0.0218817"
"2011-10-31 14:00:00+00:00","0.212","0.9","0.02199855"
"2011-10-31 14:30:00+00:00","0.231","0.894","0.0196554"
"2011-10-31 15:00:00+00:00","0.238","0.831","0.02017815"
"2011-10-31 15:30:00+00:00","0.111","0.656","0.0206517"
"2011-10-31 16:00:00+00:00","0.265","0.65","0.02138355"
"2011-10-31 16:30:00+00:00","0.193","0.506","0.02169105"
"2011-10-31 17:00:00+00:00","0.279","0.231","0.0193848"
"2011-10-31 17:30:00+00:00","0.098","0.131","0.01854225"
"2011-10-31 18:00:00+00:00","0.216","0.063","0.0187698"
"2011-10-31 18:30:00+00:00","0.195","0.038","0.02140815"
"2011-10-31 19:00:00+00:00","0.251","0.019","0.0213528"
"2011-10-31 19:30:00+00:00","0.148","0.0","0.01930485"
"2011-10-31 20:00:00+00:00","0.307","0.0","0.01855455"
"2011-10-31 20:30:00+00:00","0.271","0.0","0.0181548"
"2011-10-31 21:00:00+00:00","0.182","0.0","0.01593465"
"2011-10-31 21:30:00+00:00","0.096","0.0","0.01578705"
"2011-10-31 22:00:00+00:00","0.119","0.0","0.015375"
"2011-10-31 22:30:00+00:00","0.155","0.0","0.02032575"
"2011-10-31 23:00:00+00:00","0.143","0.0","0.0165435"
"2011-10-31 23:30:00+00:00","0.097","0.0","0.01699245"
"2011-11-01 00:00:00+00:00","0.102","0.0","0.01722615"
"2011-11-01 00:30:00+00:00","0.173","0.0","0.01562715"
"2011-11-01 01:00:00+00:00","0.114","0.0","0.0152889"
"2011-11-01 01:30:00+00:00","0.119","0.0","0.01529505"
"2011-11-01 02:00:00+00:00","0.104","0.0","0.0146001"
"2011-11-01 02:30:00+00:00","0.172","0.0","0.01440945"
"2011-11-01 03:00:00+00:00","0.106","0.0","0.01440945"
"2011-11-01 03:30:00+00:00","0.105","0.0","0.01440945"
"2011-11-01 04:00:00+00:00","0.136","0.0","0.01440945"
"2011-11-01 04:30:00+00:00","0.154","0.0","0.0145755"
"2011-11-01 05:00:00+00:00","0.105","0.0","0.0145755"
"2011-11-01 05:30:00+00:00","0.084","0.0","0.01828395"
"2011-11-01 06:00:00+00:00","0.161","0.0","0.01837005"
"2011-11-01 06:30:00+00:00","0.141","0.0","0.017835"
"2011-11-01 07:00:00+00:00","0.127","0.006","0.01753365"
"2011-11-01 07:30:00+00:00","0.099","0.088","0.01582395"
"2011-11-01 08:00:00+00:00","0.207","0.225","0.01684485"
"2011-11-01 08:30:00+00:00","0.212","0.244","0.0175521"
"2011-11-01 09:00:00+00:00","0.212","0.4","0.01854225"
"2011-11-01 09:30:00+00:00","0.112","0.381","0.01854225"
"2011-11-01 10:00:00+00:00","0.185","0.144","0.0188928"
"2011-11-01 10:30:00+00:00","0.084","0.363","0.01872675"
"2011-11-01 11:00:00+00:00","0.208","0.294","0.01865295"
"2011-11-01 11:30:00+00:00","0.144","0.538","0.0181794"
"2011-11-01 12:00:00+00:00","0.3","0.544","0.01813635"
"2011-11-01 12:30:00+00:00","0.208","0.4","0.0168018"
"2011-11-01 13:00:00+00:00","0.291","0.306","0.01626675"
"2011-11-01 13:30:00+00:00","0.127","0.575","0.0162114"
"2011-11-01 14:00:00+00:00","0.245","0.806","0.01620525"
"2011-11-01 14:30:00+00:00","0.195","0.525","0.01563945"
"2011-11-01 15:00:00+00:00","0.292","0.694","0.01634055"
"2011-11-01 15:30:00+00:00","0.251","0.713","0.0161007"
"2011-11-01 16:00:00+00:00","0.233","0.631","0.01609455"
"2011-11-01 16:30:00+00:00","0.193","0.538","0.01621755"
"2011-11-01 17:00:00+00:00","0.172","0.275","0.0159654"
"2011-11-01 17:30:00+00:00","0.159","0.113","0.01605765"
"2011-11-01 18:00:00+00:00","0.209","0.044","0.01624215"
"2011-11-01 18:30:00+00:00","0.275","0.025","0.01610685"
"2011-11-01 19:00:00+00:00","0.217","0.0","0.01695555"
"2011-11-01 19:30:00+00:00","0.283","0.0","0.01653735"
"2011-11-01 20:00:00+00:00","0.204","0.0","0.01619295"
"2011-11-01 20:30:00+00:00","0.259","0.0","0.01609455"
"2011-11-01 21:00:00+00:00","0.189","0.0","0.01563945"
"2011-11-01 21:30:00+00:00","0.081","0.0","0.0148953"
"2011-11-01 22:00:00+00:00","0.163","0.0","0.0148953"
"2011-11-01 22:30:00+00:00","0.476","0.0","0.0176382"
"2011-11-01 23:00:00+00:00","0.667","0.0","0.01716465"
"2011-11-01 23:30:00+00:00","0.065","0.006","0.01710315"
"2011-11-02 00:00:00+00:00","0.141","0.0","0.01686945"
"2011-11-02 00:30:00+00:00","0.132","0.0","0.01517205"
"2011-11-02 01:00:00+00:00","0.136","0.0","0.0151782"
"2011-11-02 01:30:00+00:00","0.087","0.0","0.0151413"
"2011-11-02 02:00:00+00:00","0.133","0.0","0.01463085"
"2011-11-02 02:30:00+00:00","0.153","0.0","0.0145755"
"2011-11-02 03:00:00+00:00","0.103","0.0","0.0145755"
"2011-11-02 03:30:00+00:00","0.099","0.0","0.01456935"
"2011-11-02 04:00:00+00:00","0.134","0.0","0.0145755"
"2011-11-02 04:30:00+00:00","0.167","0.0","0.01431105"
"2011-11-02 05:00:00+00:00","0.075","0.0","0.01486455"
"2011-11-02 05:30:00+00:00","0.116","0.0","0.01845"
"2011-11-02 06:00:00+00:00","0.136","0.0","0.01857915"
"2011-11-02 06:30:00+00:00","0.153","0.0","0.01886205"
"2011-11-02 07:00:00+00:00","0.087","0.013","0.01864065"
"2011-11-02 07:30:00+00:00","0.218","0.05","0.0154365"
"2011-11-02 08:00:00+00:00","0.186","0.2","0.0163221"
"2011-11-02 08:30:00+00:00","0.113","0.319","0.0162483"
"2011-11-02 09:00:00+00:00","0.103","0.513","0.01640205"
"2011-11-02 09:30:00+00:00","0.126","0.669","0.0165066"
"2011-11-02 10:00:00+00:00","0.176","0.731","0.0171093"
"2011-11-02 10:30:00+00:00","0.057","0.825","0.01699245"
"2011-11-02 11:00:00+00:00","0.155","0.875","0.0156702"
"2011-11-02 11:30:00+00:00","0.221","0.8","0.01661115"
"2011-11-02 12:00:00+00:00","0.285","0.869","0.0170109"
"2011-11-02 12:30:00+00:00","0.267","0.925","0.01662345"
"2011-11-02 13:00:00+00:00","0.25","0.913","0.01691865"
"2011-11-02 13:30:00+00:00","0.29","0.956","0.0166419"
"2011-11-02 14:00:00+00:00","0.198","0.938","0.01718925"
"2011-11-02 14:30:00+00:00","0.314","0.738","0.019188"
"2011-11-02 15:00:00+00:00","0.23","0.794","0.018942"
"2011-11-02 15:30:00+00:00","0.278","0.494","0.01790265"
"2011-11-02 16:00:00+00:00","0.073","0.281","0.0189174"
"2011-11-02 16:30:00+00:00","0.172","0.25","0.0186345"
"2011-11-02 17:00:00+00:00","0.227","0.206","0.0188805"
"2011-11-02 17:30:00+00:00","0.542","0.163","0.0188559"
"2011-11-02 18:00:00+00:00","0.348","0.056","0.0191265"
"2011-11-02 18:30:00+00:00","0.133","0.025","0.0189174"
"2011-11-02 19:00:00+00:00","0.228","0.006","0.01937865"
"2011-11-02 19:30:00+00:00","0.219","0.0","0.0188682"
"2011-11-02 20:00:00+00:00","0.353","0.0","0.01817325"
"2011-11-02 20:30:00+00:00","0.16","0.0","0.0168018"
"2011-11-02 21:00:00+00:00","0.226","0.0","0.01538115"
"2011-11-02 21:30:00+00:00","0.173","0.0","0.0154488"
"2011-11-02 22:00:00+00:00","0.169","0.0","0.0150675"
"2011-11-02 22:30:00+00:00","0.103","0.0","0.01854225"
"2011-11-02 23:00:00+00:00","0.098","0.0","0.01722"
"2011-11-02 23:30:00+00:00","0.173","0.0","0.0174168"
"2011-11-03 00:00:00+00:00","0.145","0.0","0.01732455"
"2011-11-03 00:30:00+00:00","0.116","0.0","0.01529505"
"2011-11-03 01:00:00+00:00","0.084","0.0","0.0156333"
"2011-11-03 01:30:00+00:00","0.162","0.0","0.01504905"
"2011-11-03 02:00:00+00:00","0.162","0.0","0.0145878"
"2011-11-03 02:30:00+00:00","0.094","0.0","0.015129"
"2011-11-03 03:00:00+00:00","0.113","0.0","0.014883"
"2011-11-03 03:30:00+00:00","0.142","0.0","0.0148707"
"2011-11-03 04:00:00+00:00","0.171","0.0","0.0148338"
"2011-11-03 04:30:00+00:00","0.082","0.0","0.0156579"
"2011-11-03 05:00:00+00:00","0.188","0.0","0.01721385"
"2011-11-03 05:30:00+00:00","0.159","0.0","0.0204918"
"2011-11-03 06:00:00+00:00","0.165","0.0","0.0185115"
"2011-11-03 06:30:00+00:00","0.106","0.0","0.01857915"
"2011-11-03 07:00:00+00:00","0.465","0.0","0.0193848"
"2011-11-03 07:30:00+00:00","0.501","0.0","0.01637745"
"2011-11-03 08:00:00+00:00","0.22","0.0","0.0169371"
"2011-11-03 08:30:00+00:00","0.093","0.0","0.01771815"
"2011-11-03 09:00:00+00:00","0.144","0.0","0.01873905"
"2011-11-03 09:30:00+00:00","0.147","0.0","0.0188928"
"2011-11-03 10:00:00+00:00","0.091","0.0","0.0188928"
"2011-11-03 10:30:00+00:00","0.109","0.0","0.01793955"
"2011-11-03 11:00:00+00:00","0.147","0.0","0.0177981"
"2011-11-03 11:30:00+00:00","0.138","0.0","0.01776735"
"2011-11-03 12:00:00+00:00","0.083","0.0","0.01774275"
"2011-11-03 12:30:00+00:00","0.134","0.0","0.0180564"
"2011-11-03 13:00:00+00:00","0.148","0.0","0.0184746"
"2011-11-03 13:30:00+00:00","0.106","0.0","0.01870215"
"2011-11-03 14:00:00+00:00","0.094","0.0","0.0175767"
"2011-11-03 14:30:00+00:00","0.143","0.0","0.01774275"
"2011-11-03 15:00:00+00:00","0.16","0.0","0.01828395"
"2011-11-03 15:30:00+00:00","0.076","0.0","0.0187821"
"2011-11-03 16:00:00+00:00","0.126","0.0","0.01915725"
"2011-11-03 16:30:00+00:00","0.14","0.0","0.01886205"
"2011-11-03 17:00:00+00:00","0.139","0.0","0.018942"
"2011-11-03 17:30:00+00:00","0.092","0.0","0.0188928"
"2011-11-03 18:00:00+00:00","0.114","0.0","0.0188928"
"2011-11-03 18:30:00+00:00","0.202","0.0","0.0188559"
"2011-11-03 19:00:00+00:00","0.341","0.006","0.0194955"
"2011-11-03 19:30:00+00:00","0.226","0.0","0.01912035"
"2011-11-03 20:00:00+00:00","0.278","0.0","0.0188559"
"2011-11-03 20:30:00+00:00","0.208","0.0","0.01690635"
"2011-11-03 21:00:00+00:00","0.119","0.0","0.015375"
"2011-11-03 21:30:00+00:00","0.241","0.0","0.01508595"
"2011-11-03 22:00:00+00:00","0.145","0.0","0.01496295"
"2011-11-03 22:30:00+00:00","0.447","0.0","0.0174783"
"2011-11-03 23:00:00+00:00","0.711","0.0","0.01811175"
"2011-11-03 23:30:00+00:00","0.116","0.0","0.01787805"
"2011-11-04 00:00:00+00:00","0.093","0.0","0.0174537"
"2011-11-04 00:30:00+00:00","0.175","0.0","0.01534425"
"2011-11-04 01:00:00+00:00","0.13","0.0","0.01666035"
"2011-11-04 01:30:00+00:00","0.107","0.0","0.0154242"
"2011-11-04 02:00:00+00:00","0.092","0.0","0.0149076"
"2011-11-04 02:30:00+00:00","0.163","0.0","0.0146124"
"2011-11-04 03:00:00+00:00","0.136","0.0","0.01463085"
"2011-11-04 03:30:00+00:00","0.1","0.0","0.01482765"
"2011-11-04 04:00:00+00:00","0.109","0.0","0.0149445"
"2011-11-04 04:30:00+00:00","0.153","0.0","0.01514745"
"2011-11-04 05:00:00+00:00","0.11","0.0","0.01786575"
"2011-11-04 05:30:00+00:00","0.098","0.0","0.0252519"
"2011-11-04 06:00:00+00:00","0.138","0.0","0.02142045"
"2011-11-04 06:30:00+00:00","0.188","0.0","0.0216357"
"2011-11-04 07:00:00+00:00","0.12","0.013","0.02634045"
"2011-11-04 07:30:00+00:00","0.425","0.069","0.02142045"
"2011-11-04 08:00:00+00:00","0.303","0.231","0.02036265"
"2011-11-04 08:30:00+00:00","0.272","0.438","0.02100225"
"2011-11-04 09:00:00+00:00","0.075","0.588","0.0205287"
"2011-11-04 09:30:00+00:00","0.167","0.694","0.0223368"
"2011-11-04 10:00:00+00:00","0.331","0.763","0.02062095"
"2011-11-04 10:30:00+00:00","0.154","0.825","0.02116215"
"2011-11-04 11:00:00+00:00","0.149","0.875","0.02134665"
"2011-11-04 11:30:00+00:00","0.128","0.913","0.0243909"
"2011-11-04 12:00:00+00:00","0.077","0.931","0.0229764"
"2011-11-04 12:30:00+00:00","0.168","0.925","0.0222753"
"2011-11-04 13:00:00+00:00","0.115","0.938","0.0189543"
"2011-11-04 13:30:00+00:00","0.187","0.906","0.02194935"
"2011-11-04 14:00:00+00:00","0.046","0.875","0.01872675"
"2011-11-04 14:30:00+00:00","0.173","0.738","0.01859145"
"2011-11-04 15:00:00+00:00","0.121","0.563","0.0191757"
"2011-11-04 15:30:00+00:00","0.171","0.763","0.02329005"
"2011-11-04 16:00:00+00:00","0.086","0.656","0.02021505"
"2011-11-04 16:30:00+00:00","0.106","0.55","0.0232593"
"2011-11-04 17:00:00+00:00","0.195","0.363","0.02124825"
"2011-11-04 17:30:00+00:00","0.28","0.131","0.01886205"
"2011-11-04 18:00:00+00:00","0.249","0.019","0.01823475"
"2011-11-04 18:30:00+00:00","0.229","0.013","0.0178473"
"2011-11-04 19:00:00+00:00","0.19","0.0","0.01829625"
"2011-11-04 19:30:00+00:00","0.286","0.0","0.0189051"
"2011-11-04 20:00:00+00:00","0.256","0.0","0.0186222"
"2011-11-04 20:30:00+00:00","0.328","0.0","0.0184254"
"2011-11-04 21:00:00+00:00","0.168","0.0","0.01696785"
"2011-11-04 21:30:00+00:00","0.198","0.0","0.017343"
"2011-11-04 22:00:00+00:00","0.088","0.0","0.01536885"
"2011-11-04 22:30:00+00:00","0.198","0.0","0.0190896"
"2011-11-04 23:00:00+00:00","0.154","0.0","0.0188436"
"2011-11-04 23:30:00+00:00","0.156","0.0","0.0189666"
"2011-11-05 00:00:00+00:00","0.087","0.0","0.01898505"
"2011-11-05 00:30:00+00:00","0.092","0.0","0.0187944"
"2011-11-05 01:00:00+00:00","0.161","0.0","0.0176382"
"2011-11-05 01:30:00+00:00","0.147","0.0","0.01634055"
"2011-11-05 02:00:00+00:00","0.115","0.0","0.01464315"
"2011-11-05 02:30:00+00:00","0.089","0.0","0.01468005"
"2011-11-05 03:00:00+00:00","0.141","0.0","0.0148584"
"2011-11-05 03:30:00+00:00","0.163","0.0","0.0147231"
"2011-11-05 04:00:00+00:00","0.1","0.0","0.0142311"
"2011-11-05 04:30:00+00:00","0.099","0.0","0.0145017"
"2011-11-05 05:00:00+00:00","0.122","0.0","0.0145878"
"2011-11-05 05:30:00+00:00","0.166","0.0","0.0147108"
"2011-11-05 06:00:00+00:00","0.14","0.0","0.01502445"
"2011-11-05 06:30:00+00:00","0.169","0.006","0.01533195"
"2011-11-05 07:00:00+00:00","0.502","0.025","0.01587315"
"2011-11-05 07:30:00+00:00","0.289","0.075","0.0162975"
"2011-11-05 08:00:00+00:00","0.294","0.244","0.0174906"
"2011-11-05 08:30:00+00:00","0.18","0.35","0.0188928"
"2011-11-05 09:00:00+00:00","0.206","0.288","0.0188559"
"2011-11-05 09:30:00+00:00","0.186","0.681","0.0184254"
"2011-11-05 10:00:00+00:00","0.26","0.6","0.0171216"
"2011-11-05 10:30:00+00:00","0.171","0.456","0.0159654"
"2011-11-05 11:00:00+00:00","0.198","0.644","0.0167403"
"2011-11-05 11:30:00+00:00","0.351","0.763","0.01743525"
"2011-11-05 12:00:00+00:00","0.341","0.738","0.0168264"
"2011-11-05 12:30:00+00:00","0.294","0.819","0.0151413"
"2011-11-05 13:00:00+00:00","0.299","0.95","0.0153258"
"2011-11-05 13:30:00+00:00","0.132","0.938","0.01550415"
"2011-11-05 14:00:00+00:00","0.211","0.913","0.01595925"
"2011-11-05 14:30:00+00:00","0.156","0.875","0.0158055"
"2011-11-05 15:00:00+00:00","0.33","0.813","0.01661115"
"2011-11-05 15:30:00+00:00","0.214","0.744","0.0167403"
"2011-11-05 16:00:00+00:00","0.142","0.656","0.01833315"
"2011-11-05 16:30:00+00:00","0.18","0.556","0.01883745"
"2011-11-05 17:00:00+00:00","0.136","0.406","0.0188928"
"2011-11-05 17:30:00+00:00","0.27","0.144","0.0186591"
"2011-11-05 18:00:00+00:00","0.237","0.025","0.01872675"
"2011-11-05 18:30:00+00:00","0.254","0.013","0.0183147"
"2011-11-05 19:00:00+00:00","0.189","0.0","0.0188682"
"2011-11-05 19:30:00+00:00","0.328","0.0","0.01866525"
"2011-11-05 20:00:00+00:00","0.223","0.0","0.01786575"
"2011-11-05 20:30:00+00:00","0.217","0.0","0.0167526"
"2011-11-05 21:00:00+00:00","0.252","0.0","0.01573785"
"2011-11-05 21:30:00+00:00","0.181","0.0","0.01547955"
"2011-11-05 22:00:00+00:00","0.085","0.0","0.0151044"
"2011-11-05 22:30:00+00:00","0.203","0.0","0.01761975"
"2011-11-05 23:00:00+00:00","1.006","0.0","0.01629135"
"2011-11-05 23:30:00+00:00","0.129","0.0","0.01661115"
"2011-11-06 00:00:00+00:00","0.086","0.0","0.0164574"
"2011-11-06 00:30:00+00:00","0.176","0.0","0.015867"
"2011-11-06 01:00:00+00:00","0.111","0.0","0.01533195"
"2011-11-06 01:30:00+00:00","0.186","0.0","0.0154734"
"2011-11-06 02:00:00+00:00","0.088","0.0","0.014637"
"2011-11-06 02:30:00+00:00","0.089","0.0","0.0135546"
"2011-11-06 03:00:00+00:00","0.191","0.0","0.0142557"
"2011-11-06 03:30:00+00:00","0.146","0.0","0.0144402"
"2011-11-06 04:00:00+00:00","0.107","0.0","0.01427415"
"2011-11-06 04:30:00+00:00","0.111","0.0","0.01423725"
"2011-11-06 05:00:00+00:00","0.124","0.0","0.0130503"
"2011-11-06 05:30:00+00:00","0.172","0.0","0.0123"
"2011-11-06 06:00:00+00:00","0.136","0.0","0.0126321"
"2011-11-06 06:30:00+00:00","0.056","0.006","0.01376985"
"2011-11-06 07:00:00+00:00","0.313","0.025","0.0145755"
"2011-11-06 07:30:00+00:00","0.128","0.081","0.0146739"
"2011-11-06 08:00:00+00:00","0.164","0.256","0.01568865"
"2011-11-06 08:30:00+00:00","0.112","0.388","0.01544265"
"2011-11-06 09:00:00+00:00","0.32","0.575","0.0159285"
"2011-11-06 09:30:00+00:00","0.167","0.669","0.0164082"
"2011-11-06 10:00:00+00:00","0.218","0.738","0.01663575"
"2011-11-06 10:30:00+00:00","0.17","0.813","0.01716465"
"2011-11-06 11:00:00+00:00","0.271","0.831","0.01870215"
"2011-11-06 11:30:00+00:00","0.24","0.794","0.01757055"
"2011-11-06 12:00:00+00:00","0.24","0.663","0.0184377"
"2011-11-06 12:30:00+00:00","0.199","0.9","0.01725075"
"2011-11-06 13:00:00+00:00","0.245","0.85","0.01776735"
"2011-11-06 13:30:00+00:00","0.356","0.775","0.01789035"
"2011-11-06 14:00:00+00:00","0.242","0.819","0.0177612"
"2011-11-06 14:30:00+00:00","0.205","0.325","0.01682025"
"2011-11-06 15:00:00+00:00","0.485","0.394","0.0171954"
"2011-11-06 15:30:00+00:00","0.21","0.513","0.01774275"
"2011-11-06 16:00:00+00:00","0.255","0.306","0.01849305"
"2011-11-06 16:30:00+00:00","0.182","0.238","0.01861605"
"2011-11-06 17:00:00+00:00","0.274","0.156","0.0189051"
"2011-11-06 17:30:00+00:00","0.215","0.081","0.018819"
"2011-11-06 18:00:00+00:00","0.298","0.069","0.0188559"
"2011-11-06 18:30:00+00:00","0.618","0.038","0.01841925"
"2011-11-06 19:00:00+00:00","0.124","0.019","0.01840695"
"2011-11-06 19:30:00+00:00","0.176","0.0","0.0182778"
"2011-11-06 20:00:00+00:00","0.181","0.0","0.01812405"
"2011-11-06 20:30:00+00:00","0.358","0.0","0.01781655"
"2011-11-06 21:00:00+00:00","0.192","0.0","0.0152274"
"2011-11-06 21:30:00+00:00","0.221","0.0","0.0152028"
"2011-11-06 22:00:00+00:00","0.11","0.0","0.01488915"
"2011-11-06 22:30:00+00:00","0.147","0.0","0.01750905"
"2011-11-06 23:00:00+00:00","0.117","0.0","0.01554105"
"2011-11-06 23:30:00+00:00","0.186","0.0","0.0174537"
"2011-11-07 00:00:00+00:00","0.479","0.0","0.016728"
"2011-11-07 00:30:00+00:00","0.712","0.0","0.0160269"
"2011-11-07 01:00:00+00:00","0.102","0.0","0.01554105"
"2011-11-07 01:30:00+00:00","0.11","0.0","0.01586085"
"2011-11-07 02:00:00+00:00","0.215","0.0","0.01476615"
"2011-11-07 02:30:00+00:00","0.16","0.0","0.0141327"
"2011-11-07 03:00:00+00:00","0.156","0.0","0.0145755"
"2011-11-07 03:30:00+00:00","0.107","0.0","0.0145755"
"2011-11-07 04:00:00+00:00","0.153","0.0","0.0145755"
"2011-11-07 04:30:00+00:00","0.133","0.0","0.0145755"
"2011-11-07 05:00:00+00:00","0.174","0.0","0.01486455"
"2011-11-07 05:30:00+00:00","0.183","0.0","0.0184254"
"2011-11-07 06:00:00+00:00","0.118","0.0","0.01889895"
"2011-11-07 06:30:00+00:00","0.107","0.013","0.01968"
"2011-11-07 07:00:00+00:00","0.3","0.031","0.0193479"
"2011-11-07 07:30:00+00:00","0.218","0.081","0.0180195"
"2011-11-07 08:00:00+00:00","0.163","0.231","0.0190527"
"2011-11-07 08:30:00+00:00","0.228","0.394","0.0191388"
"2011-11-07 09:00:00+00:00","0.112","0.531","0.02277345"
"2011-11-07 09:30:00+00:00","0.157","0.606","0.0243786"
"2011-11-07 10:00:00+00:00","0.173","0.725","0.02619285"
"2011-11-07 10:30:00+00:00","0.251","0.781","0.0228288"
"2011-11-07 11:00:00+00:00","0.214","0.844","0.0256701"
"2011-11-07 11:30:00+00:00","0.154","0.875","0.0257931"
"2011-11-07 12:00:00+00:00","0.127","0.9","0.0230379"
"2011-11-07 12:30:00+00:00","0.103","0.844","0.03245355"
"2011-11-07 13:00:00+00:00","0.223","0.688","0.0401349"
"2011-11-07 13:30:00+00:00","0.179","0.45","0.02269965"
"2011-11-07 14:00:00+00:00","0.195","0.425","0.02348685"
"2011-11-07 14:30:00+00:00","0.147","0.638","0.0202827"
"2011-11-07 15:00:00+00:00","0.081","0.419","0.0198645"
"2011-11-07 15:30:00+00:00","0.169","0.213","0.0208116"
"2011-11-07 16:00:00+00:00","0.176","0.438","0.02146965"
"2011-11-07 16:30:00+00:00","0.198","0.388","0.02049795"
"2011-11-07 17:00:00+00:00","0.134","0.206","0.01984605"
"2011-11-07 17:30:00+00:00","0.341","0.169","0.01912035"
"2011-11-07 18:00:00+00:00","0.265","0.1","0.0185361"
"2011-11-07 18:30:00+00:00","0.191","0.019","0.0174414"
"2011-11-07 19:00:00+00:00","0.153","0.006","0.0191388"
"2011-11-07 19:30:00+00:00","0.414","0.0","0.01909575"
"2011-11-07 20:00:00+00:00","0.377","0.0","0.01897275"
"2011-11-07 20:30:00+00:00","0.281","0.0","0.01833315"
"2011-11-07 21:00:00+00:00","0.172","0.0","0.0175521"
"2011-11-07 21:30:00+00:00","0.221","0.0","0.01720155"
"2011-11-07 22:00:00+00:00","0.127","0.0","0.0157194"
"2011-11-07 22:30:00+00:00","0.143","0.0","0.018081"
"2011-11-07 23:00:00+00:00","0.129","0.0","0.01793955"
"2011-11-07 23:30:00+00:00","0.205","0.0","0.0170478"
"2011-11-08 00:00:00+00:00","0.208","0.0","0.01675875"
"2011-11-08 00:30:00+00:00","0.088","0.0","0.01529505"
"2011-11-08 01:00:00+00:00","0.137","0.0","0.0155103"
"2011-11-08 01:30:00+00:00","0.14","0.0","0.01552875"
"2011-11-08 02:00:00+00:00","0.184","0.0","0.0153996"
"2011-11-08 02:30:00+00:00","0.136","0.0","0.0146001"
"2011-11-08 03:00:00+00:00","0.201","0.0","0.0149691"
"2011-11-08 03:30:00+00:00","0.111","0.0","0.01511055"
"2011-11-08 04:00:00+00:00","0.078","0.0","0.01481535"
"2011-11-08 04:30:00+00:00","0.224","0.0","0.0160884"
"2011-11-08 05:00:00+00:00","0.203","0.0","0.01614375"
"2011-11-08 05:30:00+00:00","0.208","0.0","0.02003055"
"2011-11-08 06:00:00+00:00","0.257","0.0","0.0208116"
"2011-11-08 06:30:00+00:00","0.181","0.006","0.02309325"
"2011-11-08 07:00:00+00:00","0.112","0.044","0.02479065"
"2011-11-08 07:30:00+00:00","0.267","0.119","0.0185361"
"2011-11-08 08:00:00+00:00","0.193","0.263","0.01907115"
"2011-11-08 08:30:00+00:00","0.122","0.4","0.0195939"
"2011-11-08 09:00:00+00:00","0.096","0.531","0.01903425"
"2011-11-08 09:30:00+00:00","0.194","0.619","0.02151885"
"2011-11-08 10:00:00+00:00","0.298","0.7","0.0225213"
"2011-11-08 10:30:00+00:00","0.204","0.756","0.02033805"
"2011-11-08 11:00:00+00:00","0.257","0.8","0.02017815"
"2011-11-08 11:30:00+00:00","0.229","0.844","0.02511045"
"2011-11-08 12:00:00+00:00","0.231","0.85","0.02995665"
"2011-11-08 12:30:00+00:00","0.251","0.856","0.02998125"
"2011-11-08 13:00:00+00:00","0.206","0.869","0.03194925"
"2011-11-08 13:30:00+00:00","0.359","0.844","0.0268632"
"2011-11-08 14:00:00+00:00","0.283","0.8","0.02495055"
"2011-11-08 14:30:00+00:00","0.311","0.725","0.02723835"
"2011-11-08 15:00:00+00:00","0.309","0.569","0.0288681"
"2011-11-08 15:30:00+00:00","0.305","0.481","0.03506115"
"2011-11-08 16:00:00+00:00","0.251","0.444","0.0388803"
"2011-11-08 16:30:00+00:00","0.223","0.531","0.05664765"
"2011-11-08 17:00:00+00:00","0.295","0.288","0.0279579"
"2011-11-08 17:30:00+00:00","0.278","0.163","0.0209592"
"2011-11-08 18:00:00+00:00","0.448","0.075","0.02073165"
"2011-11-08 18:30:00+00:00","0.348","0.05","0.0196185"
"2011-11-08 19:00:00+00:00","0.293","0.006","0.0238251"
"2011-11-08 19:30:00+00:00","0.328","0.0","0.02511045"
"2011-11-08 20:00:00+00:00","0.411","0.0","0.02354835"
"2011-11-08 20:30:00+00:00","0.269","0.0","0.0207132"
"2011-11-08 21:00:00+00:00","0.23","0.0","0.01838235"
"2011-11-08 21:30:00+00:00","0.129","0.0","0.0182532"
"2011-11-08 22:00:00+00:00","0.239","0.0","0.01619295"
"2011-11-08 22:30:00+00:00","0.198","0.0","0.0202335"
"2011-11-08 23:00:00+00:00","0.191","0.0","0.0196185"
"2011-11-08 23:30:00+00:00","0.174","0.0","0.0196308"
"2011-11-09 00:00:00+00:00","0.932","0.0","0.01937865"
"2011-11-09 00:30:00+00:00","0.173","0.0","0.01915725"
"2011-11-09 01:00:00+00:00","0.147","0.0","0.02042415"
"2011-11-09 01:30:00+00:00","0.175","0.0","0.0223491"
"2011-11-09 02:00:00+00:00","0.14","0.0","0.01972305"
"2011-11-09 02:30:00+00:00","0.188","0.0","0.0166788"
"2011-11-09 03:00:00+00:00","0.193","0.0","0.0157563"
"2011-11-09 03:30:00+00:00","0.068","0.0","0.01543035"
"2011-11-09 04:00:00+00:00","0.151","0.0","0.0154734"
"2011-11-09 04:30:00+00:00","0.189","0.0","0.0158055"
"2011-11-09 05:00:00+00:00","0.181","0.0","0.01764435"
"2011-11-09 05:30:00+00:00","0.142","0.0","0.01798875"
"2011-11-09 06:00:00+00:00","0.179","0.0","0.01968"
"2011-11-09 06:30:00+00:00","0.193","0.013","0.0223122"
"2011-11-09 07:00:00+00:00","0.27","0.025","0.0224598"
"2011-11-09 07:30:00+00:00","0.168","0.1","0.01725075"
"2011-11-09 08:00:00+00:00","0.179","0.263","0.0194217"
"2011-11-09 08:30:00+00:00","0.194","0.438","0.01975995"
"2011-11-09 09:00:00+00:00","0.154","0.6","0.0209961"
"2011-11-09 09:30:00+00:00","0.306","0.519","0.02113755"
"2011-11-09 10:00:00+00:00","0.289","0.513","0.02000595"
"2011-11-09 10:30:00+00:00","0.13","0.756","0.0217095"
"2011-11-09 11:00:00+00:00","0.233","0.6","0.0219801"
"2011-11-09 11:30:00+00:00","0.172","0.806","0.021156"
"2011-11-09 12:00:00+00:00","0.209","0.844","0.02499975"
"2011-11-09 12:30:00+00:00","0.128","0.444","0.04974735"
"2011-11-09 13:00:00+00:00","0.152","0.481","0.0210699"
"2011-11-09 13:30:00+00:00","0.26","0.756","0.02432325"
"2011-11-09 14:00:00+00:00","0.436","0.813","0.02421255"
"2011-11-09 14:30:00+00:00","0.281","0.781","0.0266541"
"2011-11-09 15:00:00+00:00","0.28","0.681","0.08123535"
"2011-11-09 15:30:00+00:00","0.339","0.606","0.0024576153"
"2011-11-09 16:00:00+00:00","0.32","0.531","0.017343"
"2011-11-09 16:30:00+00:00","0.269","0.506","0.0178719"
"2011-11-09 17:00:00+00:00","0.358","0.306","0.0196062"
"2011-11-09 17:30:00+00:00","0.331","0.138","0.01605765"
"2011-11-09 18:00:00+00:00","0.845","0.031","0.01787805"
"2011-11-09 18:30:00+00:00","0.659","0.013","0.0166173"
"2011-11-09 19:00:00+00:00","0.334","0.019","0.01894815"
"2011-11-09 19:30:00+00:00","0.352","0.0","0.0190158"
"2011-11-09 20:00:00+00:00","0.471","0.0","0.01846845"
"2011-11-09 20:30:00+00:00","0.32","0.0","0.0174906"
"2011-11-09 21:00:00+00:00","0.314","0.0","0.0160638"
"2011-11-09 21:30:00+00:00","0.27","0.0","0.0154365"
"2011-11-09 22:00:00+00:00","0.187","0.0","0.0153627"
"2011-11-09 22:30:00+00:00","0.237","0.0","0.01626675"
"2011-11-09 23:00:00+00:00","0.116","0.0","0.0158301"
"2011-11-09 23:30:00+00:00","0.13","0.0","0.0156948"
"2011-11-10 00:00:00+00:00","0.149","0.0","0.0158916"
"2011-11-10 00:30:00+00:00","0.137","0.0","0.01522125"
"2011-11-10 01:00:00+00:00","0.222","0.0","0.0148707"
"2011-11-10 01:30:00+00:00","0.175","0.0","0.0146739"
"2011-11-10 02:00:00+00:00","0.231","0.0","0.01453245"
"2011-11-10 02:30:00+00:00","0.176","0.0","0.0145755"
"2011-11-10 03:00:00+00:00","0.215","0.0","0.01465545"
"2011-11-10 03:30:00+00:00","0.193","0.0","0.0146247"
"2011-11-10 04:00:00+00:00","0.199","0.0","0.0149199"
"2011-11-10 04:30:00+00:00","0.172","0.0","0.01507365"
"2011-11-10 05:00:00+00:00","0.133","0.0","0.01533195"
"2011-11-10 05:30:00+00:00","0.205","0.0","0.017958"
"2011-11-10 06:00:00+00:00","0.115","0.0","0.01870215"
"2011-11-10 06:30:00+00:00","0.189","0.013","0.02223225"
"2011-11-10 07:00:00+00:00","0.311","0.013","0.02167875"
"2011-11-10 07:30:00+00:00","0.222","0.025","0.0183024"
"2011-11-10 08:00:00+00:00","0.229","0.031","0.0187944"
"2011-11-10 08:30:00+00:00","0.226","0.05","0.01900965"
"2011-11-10 09:00:00+00:00","0.26","0.094","0.01923105"
"2011-11-10 09:30:00+00:00","0.141","0.05","0.02000595"
"2011-11-10 10:00:00+00:00","0.111","0.05","0.01807485"
"2011-11-10 10:30:00+00:00","0.101","0.075","0.01744755"
"2011-11-10 11:00:00+00:00","0.228","0.138","0.01759515"
"2011-11-10 11:30:00+00:00","0.176","0.238","0.0184623"
"2011-11-10 12:00:00+00:00","0.2","0.2","0.01891125"
"2011-11-10 12:30:00+00:00","0.137","0.363","0.0190896"
"2011-11-10 13:00:00+00:00","0.374","0.381","0.02067015"
"2011-11-10 13:30:00+00:00","0.224","0.288","0.0200982"
"2011-11-10 14:00:00+00:00","0.18","0.356","0.01979685"
"2011-11-10 14:30:00+00:00","0.207","0.456","0.0199014"
"2011-11-10 15:00:00+00:00","0.26","0.5","0.02054715"
"2011-11-10 15:30:00+00:00","0.236","0.513","0.01908345"
"2011-11-10 16:00:00+00:00","0.312","0.494","0.01908345"
"2011-11-10 16:30:00+00:00","0.417","0.263","0.0185484"
"2011-11-10 17:00:00+00:00","0.349","0.25","0.0194709"
"2011-11-10 17:30:00+00:00","0.235","0.181","0.0177489"
"2011-11-10 18:00:00+00:00","0.36","0.094","0.01728765"
"2011-11-10 18:30:00+00:00","0.305","0.031","0.01725075"
"2011-11-10 19:00:00+00:00","0.284","0.0","0.01870215"
"2011-11-10 19:30:00+00:00","0.288","0.0","0.01891125"
"2011-11-10 20:00:00+00:00","0.31","0.0","0.01808715"
"2011-11-10 20:30:00+00:00","0.2","0.0","0.0167034"
"2011-11-10 21:00:00+00:00","0.167","0.0","0.01589775"
"2011-11-10 21:30:00+00:00","0.182","0.0","0.01582395"
"2011-11-10 22:00:00+00:00","0.276","0.0","0.0150183"
"2011-11-10 22:30:00+00:00","0.175","0.0","0.0182778"
"2011-11-10 23:00:00+00:00","0.213","0.0","0.0175152"
"2011-11-10 23:30:00+00:00","0.109","0.0","0.01763205"
"2011-11-11 00:00:00+00:00","0.171","0.0","0.0173184"
"2011-11-11 00:30:00+00:00","0.131","0.0","0.0156579"
"2011-11-11 01:00:00+00:00","0.167","0.0","0.0169248"
"2011-11-11 01:30:00+00:00","0.172","0.0","0.0174291"
"2011-11-11 02:00:00+00:00","0.11","0.006","0.0147723"
"2011-11-11 02:30:00+00:00","0.105","0.0","0.0148707"
"2011-11-11 03:00:00+00:00","0.183","0.0","0.01491375"
"2011-11-11 03:30:00+00:00","0.21","0.0","0.014883"
"2011-11-11 04:00:00+00:00","0.089","0.0","0.014883"
"2011-11-11 04:30:00+00:00","0.134","0.0","0.0163221"
"2011-11-11 05:00:00+00:00","0.131","0.0","0.01605765"
"2011-11-11 05:30:00+00:00","0.34","0.0","0.02171565"
"2011-11-11 06:00:00+00:00","1.254","0.0","0.0221523"
"2011-11-11 06:30:00+00:00","0.239","0.0","0.02359755"
"2011-11-11 07:00:00+00:00","0.125","0.025","0.0243663"
"2011-11-11 07:30:00+00:00","0.154","0.106","0.01785345"
"2011-11-11 08:00:00+00:00","0.231","0.319","0.01916955"
"2011-11-11 08:30:00+00:00","0.18","0.406","0.02058405"
"2011-11-11 09:00:00+00:00","0.068","0.594","0.0214389"
"2011-11-11 09:30:00+00:00","0.194","0.681","0.02207235"
"2011-11-11 10:00:00+00:00","0.194","0.756","0.02265045"
"2011-11-11 10:30:00+00:00","0.139","0.819","0.0217218"
"2011-11-11 11:00:00+00:00","0.166","0.863","0.02308095"
"2011-11-11 11:30:00+00:00","0.124","0.906","0.02062095"
"2011-11-11 12:00:00+00:00","0.129","0.938","0.0209469"
"2011-11-11 12:30:00+00:00","0.114","0.95","0.0202704"
"2011-11-11 13:00:00+00:00","0.223","0.931","0.0229641"
"2011-11-11 13:30:00+00:00","0.169","0.925","0.0261498"
"2011-11-11 14:00:00+00:00","0.123","0.894","0.02893575"
"2011-11-11 14:30:00+00:00","0.069","0.881","0.02197395"
"2011-11-11 15:00:00+00:00","0.208","0.688","0.0240834"
"2011-11-11 15:30:00+00:00","0.165","0.456","0.02336385"
"2011-11-11 16:00:00+00:00","0.139","0.419","0.0244401"
"2011-11-11 16:30:00+00:00","0.159","0.319","0.0215619"
"2011-11-11 17:00:00+00:00","0.124","0.281","0.0196062"
"2011-11-11 17:30:00+00:00","0.139","0.15","0.01717695"
"2011-11-11 18:00:00+00:00","0.112","0.113","0.0182901"
"2011-11-11 18:30:00+00:00","0.228","0.044","0.0163713"
"2011-11-11 19:00:00+00:00","0.169","0.031","0.01785345"
"2011-11-11 19:30:00+00:00","0.094","0.006","0.0185115"
"2011-11-11 20:00:00+00:00","0.192","0.0","0.01904655"
"2011-11-11 20:30:00+00:00","0.36","0.0","0.01807485"
"2011-11-11 21:00:00+00:00","0.316","0.0","0.0167526"
"2011-11-11 21:30:00+00:00","0.248","0.0","0.01722615"
"2011-11-11 22:00:00+00:00","0.199","0.0","0.01626675"
"2011-11-11 22:30:00+00:00","0.19","0.0","0.0196185"
"2011-11-11 23:00:00+00:00","0.155","0.0","0.01909575"
"2011-11-11 23:30:00+00:00","0.115","0.0","0.0199998"
"2011-11-12 00:00:00+00:00","0.189","0.0","0.01919415"
"2011-11-12 00:30:00+00:00","0.075","0.0","0.0187821"
"2011-11-12 01:00:00+00:00","0.127","0.0","0.01652505"
"2011-11-12 01:30:00+00:00","0.172","0.0","0.0176874"
"2011-11-12 02:00:00+00:00","0.182","0.0","0.0148338"
"2011-11-12 02:30:00+00:00","0.132","0.0","0.01475385"
"2011-11-12 03:00:00+00:00","0.163","0.0","0.0147231"
"2011-11-12 03:30:00+00:00","0.2","0.0","0.014883"
"2011-11-12 04:00:00+00:00","0.07","0.0","0.0147846"
"2011-11-12 04:30:00+00:00","0.155","0.0","0.0144648"
"2011-11-12 05:00:00+00:00","0.139","0.0","0.0145755"
"2011-11-12 05:30:00+00:00","0.158","0.0","0.0145878"
"2011-11-12 06:00:00+00:00","0.142","0.0","0.0145755"
"2011-11-12 06:30:00+00:00","0.197","0.0","0.01463085"
"2011-11-12 07:00:00+00:00","0.24","0.0","0.01455705"
"2011-11-12 07:30:00+00:00","0.142","0.0","0.0151413"
"2011-11-12 08:00:00+00:00","0.2","0.0","0.0165435"
"2011-11-12 08:30:00+00:00","0.12","0.0","0.01765665"
"2011-11-12 09:00:00+00:00","0.172","0.0","0.01862835"
"2011-11-12 09:30:00+00:00","0.169","0.0","0.0190158"
"2011-11-12 10:00:00+00:00","0.171","0.0","0.01689405"
"2011-11-12 10:30:00+00:00","0.118","0.0","0.017835"
"2011-11-12 11:00:00+00:00","0.196","0.0","0.02058405"
"2011-11-12 11:30:00+00:00","0.229","0.0","0.019557"
"2011-11-12 12:00:00+00:00","0.149","0.0","0.0194709"
"2011-11-12 12:30:00+00:00","0.233","0.0","0.02119905"
"2011-11-12 13:00:00+00:00","0.659","0.0","0.0217956"
"2011-11-12 13:30:00+00:00","0.689","0.0","0.02177715"
"2011-11-12 14:00:00+00:00","0.221","0.0","0.0221769"
"2011-11-12 14:30:00+00:00","0.199","0.0","0.02055945"
"2011-11-12 15:00:00+00:00","0.242","0.0","0.02106375"
"2011-11-12 15:30:00+00:00","0.339","0.0","0.01953855"
"2011-11-12 16:00:00+00:00","0.17","0.0","0.01920645"
"2011-11-12 16:30:00+00:00","0.247","0.0","0.01884975"
"2011-11-12 17:00:00+00:00","0.235","0.0","0.0188436"
"2011-11-12 17:30:00+00:00","0.266","0.0","0.01786575"
"2011-11-12 18:00:00+00:00","0.249","0.0","0.0165066"
"2011-11-12 18:30:00+00:00","0.356","0.0","0.01716465"
"2011-11-12 19:00:00+00:00","0.419","0.0","0.0181917"
"2011-11-12 19:30:00+00:00","0.247","0.0","0.018573"
"2011-11-12 20:00:00+00:00","0.279","0.0","0.0183024"
"2011-11-12 20:30:00+00:00","0.296","0.0","0.01686945"
"2011-11-12 21:00:00+00:00","0.157","0.0","0.0166788"
"2011-11-12 21:30:00+00:00","0.453","0.0","0.01653735"
"2011-11-12 22:00:00+00:00","0.275","0.0","0.01530735"
"2011-11-12 22:30:00+00:00","0.211","0.0","0.01688175"
"2011-11-12 23:00:00+00:00","0.192","0.0","0.01722615"
"2011-11-12 23:30:00+00:00","0.167","0.0","0.01773045"
"2011-11-13 00:00:00+00:00","0.665","0.0","0.01710315"
"2011-11-13 00:30:00+00:00","0.523","0.0","0.0157317"
"2011-11-13 01:00:00+00:00","0.132","0.0","0.01684485"
"2011-11-13 01:30:00+00:00","0.077","0.0","0.0155226"
"2011-11-13 02:00:00+00:00","0.142","0.0","0.0136284"
"2011-11-13 02:30:00+00:00","0.201","0.0","0.01386825"
"2011-11-13 03:00:00+00:00","0.134","0.0","0.0144279"
"2011-11-13 03:30:00+00:00","0.154","0.0","0.0145755"
"2011-11-13 04:00:00+00:00","0.188","0.0","0.01444635"
"2011-11-13 04:30:00+00:00","0.149","0.0","0.01336395"
"2011-11-13 05:00:00+00:00","0.058","0.0","0.01269975"
"2011-11-13 05:30:00+00:00","0.156","0.0","0.01257675"
"2011-11-13 06:00:00+00:00","0.549","0.0","0.0121647"
"2011-11-13 06:30:00+00:00","0.777","0.0","0.0144279"
"2011-11-13 07:00:00+00:00","0.817","0.006","0.0146001"
"2011-11-13 07:30:00+00:00","0.662","0.044","0.01487685"
"2011-11-13 08:00:00+00:00","0.149","0.131","0.01637745"
"2011-11-13 08:30:00+00:00","0.197","0.369","0.0160884"
"2011-11-13 09:00:00+00:00","0.16","0.306","0.01709085"
"2011-11-13 09:30:00+00:00","0.136","0.219","0.0180933"
"2011-11-13 10:00:00+00:00","0.141","0.419","0.01672185"
"2011-11-13 10:30:00+00:00","0.128","0.731","0.01666035"
"2011-11-13 11:00:00+00:00","0.133","0.794","0.0165558"
"2011-11-13 11:30:00+00:00","0.175","0.869","0.0166296"
"2011-11-13 12:00:00+00:00","0.188","0.813","0.0164943"
"2011-11-13 12:30:00+00:00","0.159","0.888","0.0171462"
"2011-11-13 13:00:00+00:00","0.069","0.825","0.01710315"
"2011-11-13 13:30:00+00:00","0.16","0.581","0.01701705"
"2011-11-13 14:00:00+00:00","0.188","0.631","0.01886205"
"2011-11-13 14:30:00+00:00","0.198","0.544","0.0188928"
"2011-11-13 15:00:00+00:00","0.112","0.569","0.0188928"
"2011-11-13 15:30:00+00:00","0.141","0.4","0.01873905"
"2011-11-13 16:00:00+00:00","0.112","0.444","0.01882515"
"2011-11-13 16:30:00+00:00","0.218","0.369","0.01881285"
"2011-11-13 17:00:00+00:00","0.129","0.194","0.0190281"
"2011-11-13 17:30:00+00:00","0.16","0.131","0.01892355"
"2011-11-13 18:00:00+00:00","0.17","0.044","0.0185361"
"2011-11-13 18:30:00+00:00","0.164","0.025","0.0188928"
"2011-11-13 19:00:00+00:00","0.399","0.006","0.02067015"
"2011-11-13 19:30:00+00:00","0.232","0.0","0.02214615"
"2011-11-13 20:00:00+00:00","0.433","0.0","0.02092845"
"2011-11-13 20:30:00+00:00","0.329","0.0","0.0182655"
"2011-11-13 21:00:00+00:00","0.381","0.0","0.0173184"
"2011-11-13 21:30:00+00:00","0.185","0.0","0.01731225"
"2011-11-13 22:00:00+00:00","0.228","0.0","0.01595925"
"2011-11-13 22:30:00+00:00","0.161","0.0","0.0160146"
"2011-11-13 23:00:00+00:00","0.217","0.0","0.0165927"
"2011-11-13 23:30:00+00:00","0.137","0.0","0.0169125"
"2011-11-14 00:00:00+00:00","0.104","0.0","0.01679565"
"2011-11-14 00:30:00+00:00","0.097","0.0","0.0170232"
"2011-11-14 01:00:00+00:00","0.199","0.0","0.01584855"
"2011-11-14 01:30:00+00:00","0.18","0.0","0.0165312"
"2011-11-14 02:00:00+00:00","0.195","0.0","0.01472925"
"2011-11-14 02:30:00+00:00","0.185","0.0","0.0133455"
"2011-11-14 03:00:00+00:00","0.129","0.0","0.0145755"
"2011-11-14 03:30:00+00:00","0.08","0.0","0.0146862"
"2011-11-14 04:00:00+00:00","0.132","0.0","0.01475385"
"2011-11-14 04:30:00+00:00","0.212","0.0","0.01509825"
"2011-11-14 05:00:00+00:00","0.166","0.0","0.01492605"
"2011-11-14 05:30:00+00:00","0.171","0.0","0.01896045"
"2011-11-14 06:00:00+00:00","0.068","0.0","0.01888665"
"2011-11-14 06:30:00+00:00","0.377","0.0","0.02133435"
"2011-11-14 07:00:00+00:00","0.203","0.038","0.0216726"
"2011-11-14 07:30:00+00:00","0.202","0.069","0.0164697"
"2011-11-14 08:00:00+00:00","0.316","0.175","0.01856685"
"2011-11-14 08:30:00+00:00","0.126","0.444","0.01897275"
"2011-11-14 09:00:00+00:00","0.256","0.569","0.01902195"
"2011-11-14 09:30:00+00:00","0.247","0.669","0.0192741"
"2011-11-14 10:00:00+00:00","0.266","0.744","0.01942785"
"2011-11-14 10:30:00+00:00","0.148","0.813","0.0247845"
"2011-11-14 11:00:00+00:00","0.223","0.856","0.0253749"
"2011-11-14 11:30:00+00:00","0.234","0.881","0.0233823"
"2011-11-14 12:00:00+00:00","0.238","0.913","0.0660879"
"2011-11-14 12:30:00+00:00","0.36","0.925","0.0584988"
"2011-11-14 13:00:00+00:00","0.641","0.9","0.0641322"
"2011-11-14 13:30:00+00:00","0.372","0.869","0.0624102"
"2011-11-14 14:00:00+00:00","0.255","0.775","0.0609465"
"2011-11-14 14:30:00+00:00","0.294","0.613","0.060147"
"2011-11-14 15:00:00+00:00","0.287","0.613","0.06288375"
"2011-11-14 15:30:00+00:00","0.315","0.525","0.0623241"
"2011-11-14 16:00:00+00:00","0.235","0.488","0.07215795"
"2011-11-14 16:30:00+00:00","0.215","0.444","0.0623487"
"2011-11-14 17:00:00+00:00","0.284","0.294","0.06362175"
"2011-11-14 17:30:00+00:00","0.268","0.175","0.0334806"
"2011-11-14 18:00:00+00:00","0.281","0.138","0.0421398"
"2011-11-14 18:30:00+00:00","0.291","0.075","0.027306"
"2011-11-14 19:00:00+00:00","0.247","0.019","0.0586833"
"2011-11-14 19:30:00+00:00","0.312","0.0","0.04761945"
"2011-11-14 20:00:00+00:00","0.34","0.0","0.02342535"
"2011-11-14 20:30:00+00:00","0.488","0.0","0.01876365"
"2011-11-14 21:00:00+00:00","0.397","0.0","0.01738605"
"2011-11-14 21:30:00+00:00","0.373","0.0","0.0175152"
"2011-11-14 22:00:00+00:00","0.282","0.0","0.0163959"
"2011-11-14 22:30:00+00:00","0.195","0.0","0.019065"
"2011-11-14 23:00:00+00:00","0.335","0.0","0.01883745"
"2011-11-14 23:30:00+00:00","0.195","0.0","0.01876365"
"2011-11-15 00:00:00+00:00","0.202","0.0","0.0183516"
"2011-11-15 00:30:00+00:00","0.11","0.006","0.0171216"
"2011-11-15 01:00:00+00:00","0.074","0.0","0.01797645"
"2011-11-15 01:30:00+00:00","0.176","0.0","0.0163713"
"2011-11-15 02:00:00+00:00","0.183","0.0","0.01475385"
"2011-11-15 02:30:00+00:00","0.231","0.0","0.0147477"
"2011-11-15 03:00:00+00:00","0.173","0.0","0.01480305"
"2011-11-15 03:30:00+00:00","0.196","0.0","0.0147477"
"2011-11-15 04:00:00+00:00","0.08","0.0","0.0153012"
"2011-11-15 04:30:00+00:00","0.111","0.0","0.0150798"
"2011-11-15 05:00:00+00:00","0.185","0.0","0.0153258"
"2011-11-15 05:30:00+00:00","0.194","0.0","0.0193848"
"2011-11-15 06:00:00+00:00","0.214","0.0","0.0215742"
"2011-11-15 06:30:00+00:00","0.178","0.0","0.02165415"
"2011-11-15 07:00:00+00:00","0.177","0.031","0.02325315"
"2011-11-15 07:30:00+00:00","0.17","0.113","0.0185361"
"2011-11-15 08:00:00+00:00","0.162","0.331","0.02028885"
"2011-11-15 08:30:00+00:00","0.162","0.463","0.02428635"
"2011-11-15 09:00:00+00:00","0.18","0.575","0.02600835"
"2011-11-15 09:30:00+00:00","0.055","0.669","0.04185075"
"2011-11-15 10:00:00+00:00","0.169","0.75","0.0233823"
"2011-11-15 10:30:00+00:00","0.186","0.813","0.0222876"
"2011-11-15 11:00:00+00:00","0.18","0.856","0.0254856"
"2011-11-15 11:30:00+00:00","0.141","0.888","0.025215"
"2011-11-15 12:00:00+00:00","0.118","0.913","0.04563915"
"2011-11-15 12:30:00+00:00","0.202","0.913","0.03181395"
"2011-11-15 13:00:00+00:00","0.462","0.9","0.02694315"
"2011-11-15 13:30:00+00:00","0.315","0.894","0.02928015"
"2011-11-15 14:00:00+00:00","0.32","0.869","0.02652495"
"2011-11-15 14:30:00+00:00","0.346","0.85","0.02501205"
"2011-11-15 15:00:00+00:00","0.558","0.794","0.03204765"
"2011-11-15 15:30:00+00:00","0.231","0.731","0.0460143"
"2011-11-15 16:00:00+00:00","0.226","0.644","0.0252888"
"2011-11-15 16:30:00+00:00","0.222","0.525","0.0275151"
"2011-11-15 17:00:00+00:00","0.323","0.325","0.02447085"
"2011-11-15 17:30:00+00:00","1.014","0.131","0.01880055"
"2011-11-15 18:00:00+00:00","0.772","0.025","0.02004285"
"2011-11-15 18:30:00+00:00","0.729","0.013","0.0188067"
"2011-11-15 19:00:00+00:00","0.307","0.006","0.0198153"
"2011-11-15 19:30:00+00:00","0.262","0.0","0.0214635"
"2011-11-15 20:00:00+00:00","0.343","0.0","0.0201105"
"2011-11-15 20:30:00+00:00","0.268","0.0","0.01937865"
"2011-11-15 21:00:00+00:00","0.258","0.0","0.0186222"
"2011-11-15 21:30:00+00:00","0.212","0.0","0.01860375"
"2011-11-15 22:00:00+00:00","0.166","0.0","0.01712775"
"2011-11-15 22:30:00+00:00","0.222","0.0","0.02166645"
"2011-11-15 23:00:00+00:00","0.197","0.0","0.01850535"
"2011-11-15 23:30:00+00:00","0.534","0.0","0.01881285"
"2011-11-16 00:00:00+00:00","0.533","0.0","0.018696"
"2011-11-16 00:30:00+00:00","0.166","0.0","0.01759515"
"2011-11-16 01:00:00+00:00","0.228","0.0","0.0166911"
"2011-11-16 01:30:00+00:00","0.115","0.0","0.0153996"
"2011-11-16 02:00:00+00:00","0.201","0.0","0.01506135"
"2011-11-16 02:30:00+00:00","0.169","0.0","0.0146616"
"2011-11-16 03:00:00+00:00","0.113","0.0","0.01413885"
"2011-11-16 03:30:00+00:00","0.068","0.0","0.0151167"
"2011-11-16 04:00:00+00:00","0.208","0.0","0.0151167"
"2011-11-16 04:30:00+00:00","0.148","0.0","0.01524585"
"2011-11-16 05:00:00+00:00","0.14","0.0","0.0167895"
"2011-11-16 05:30:00+00:00","0.149","0.0","0.0219801"
"2011-11-16 06:00:00+00:00","0.124","0.0","0.02428635"
"2011-11-16 06:30:00+00:00","0.127","0.013","0.0216849"
"2011-11-16 07:00:00+00:00","0.31","0.044","0.02549175"
"2011-11-16 07:30:00+00:00","0.194","0.113","0.01838235"
"2011-11-16 08:00:00+00:00","0.175","0.294","0.01789035"
"2011-11-16 08:30:00+00:00","0.123","0.394","0.0186099"
"2011-11-16 09:00:00+00:00","0.197","0.363","0.01896045"
"2011-11-16 09:30:00+00:00","0.248","0.319","0.0189297"
"2011-11-16 10:00:00+00:00","0.339","0.356","0.0193848"
"2011-11-16 10:30:00+00:00","0.249","0.456","0.02124825"
"2011-11-16 11:00:00+00:00","0.173","0.7","0.01960005"
"2011-11-16 11:30:00+00:00","0.099","0.506","0.02124825"
"2011-11-16 12:00:00+00:00","0.117","0.85","0.01908345"
"2011-11-16 12:30:00+00:00","0.273","0.438","0.0189174"
"2011-11-16 13:00:00+00:00","0.427","0.144","0.01898505"
"2011-11-16 13:30:00+00:00","0.326","0.094","0.01905885"
"2011-11-16 14:00:00+00:00","0.248","0.075","0.0190281"
"2011-11-16 14:30:00+00:00","0.254","0.1","0.0189666"
"2011-11-16 15:00:00+00:00","0.209","0.15","0.0189789"
"2011-11-16 15:30:00+00:00","0.198","0.081","0.0192249"
"2011-11-16 16:00:00+00:00","0.309","0.031","0.02448315"
"2011-11-16 16:30:00+00:00","0.425","0.006","0.02491365"
"2011-11-16 17:00:00+00:00","0.294","0.006","0.02279805"
"2011-11-16 17:30:00+00:00","0.315","0.0","0.0176751"
"2011-11-16 18:00:00+00:00","0.29","0.0","0.01886205"
"2011-11-16 18:30:00+00:00","0.299","0.0","0.01930485"
"2011-11-16 19:00:00+00:00","0.247","0.0","0.0215004"
"2011-11-16 19:30:00+00:00","0.17","0.0","0.01905885"
"2011-11-16 20:00:00+00:00","0.314","0.0","0.0180072"
"2011-11-16 20:30:00+00:00","0.208","0.0","0.0163959"
"2011-11-16 21:00:00+00:00","0.138","0.0","0.01597155"
"2011-11-16 21:30:00+00:00","0.165","0.0","0.0154365"
"2011-11-16 22:00:00+00:00","0.196","0.0","0.01520895"
"2011-11-16 22:30:00+00:00","0.097","0.0","0.0178719"
"2011-11-16 23:00:00+00:00","0.15","0.0","0.01817325"
"2011-11-16 23:30:00+00:00","0.098","0.0","0.01770585"
"2011-11-17 00:00:00+00:00","0.15","0.0","0.01712775"
"2011-11-17 00:30:00+00:00","0.184","0.0","0.016851"
"2011-11-17 01:00:00+00:00","0.129","0.0","0.01602075"
"2011-11-17 01:30:00+00:00","0.075","0.0","0.0153996"
"2011-11-17 02:00:00+00:00","0.167","0.0","0.0148092"
"2011-11-17 02:30:00+00:00","0.13","0.0","0.0146001"
"2011-11-17 03:00:00+00:00","0.159","0.0","0.01475385"
"2011-11-17 03:30:00+00:00","0.152","0.0","0.0148092"
"2011-11-17 04:00:00+00:00","0.073","0.0","0.01506135"
"2011-11-17 04:30:00+00:00","0.142","0.0","0.01584855"
"2011-11-17 05:00:00+00:00","0.184","0.0","0.01572555"
"2011-11-17 05:30:00+00:00","0.119","0.0","0.0190527"
"2011-11-17 06:00:00+00:00","0.111","0.0","0.0200736"
"2011-11-17 06:30:00+00:00","0.142","0.0","0.02026425"
"2011-11-17 07:00:00+00:00","0.299","0.0","0.0215742"
"2011-11-17 07:30:00+00:00","0.246","0.006","0.0181917"
"2011-11-17 08:00:00+00:00","0.214","0.013","0.0191265"
"2011-11-17 08:30:00+00:00","0.137","0.031","0.0191019"
"2011-11-17 09:00:00+00:00","0.187","0.063","0.0190527"
"2011-11-17 09:30:00+00:00","0.15","0.031","0.0184254"
"2011-11-17 10:00:00+00:00","0.115","0.038","0.01893585"
"2011-11-17 10:30:00+00:00","0.147","0.031","0.0191511"
"2011-11-17 11:00:00+00:00","0.087","0.038","0.01914495"
"2011-11-17 11:30:00+00:00","0.173","0.05","0.0195201"
"2011-11-17 12:00:00+00:00","0.17","0.063","0.0202089"
"2011-11-17 12:30:00+00:00","0.105","0.069","0.02234295"
"2011-11-17 13:00:00+00:00","0.086","0.038","0.01892355"
"2011-11-17 13:30:00+00:00","0.233","0.05","0.0209838"
"2011-11-17 14:00:00+00:00","0.287","0.031","0.0268263"
"2011-11-17 14:30:00+00:00","0.208","0.031","0.02390505"
"2011-11-17 15:00:00+00:00","0.27","0.019","0.0251904"
"2011-11-17 15:30:00+00:00","0.26","0.025","0.02397885"
"2011-11-17 16:00:00+00:00","0.261","0.013","0.02351145"
"2011-11-17 16:30:00+00:00","0.143","0.006","0.0209838"
"2011-11-17 17:00:00+00:00","0.274","0.006","0.02075625"
"2011-11-17 17:30:00+00:00","0.295","0.0","0.01877595"
"2011-11-17 18:00:00+00:00","0.829","0.0","0.0190281"
"2011-11-17 18:30:00+00:00","0.241","0.0","0.02031345"
"2011-11-17 19:00:00+00:00","0.308","0.0","0.02313015"
"2011-11-17 19:30:00+00:00","0.187","0.0","0.02242905"
"2011-11-17 20:00:00+00:00","0.336","0.0","0.019926"
"2011-11-17 20:30:00+00:00","0.241","0.0","0.01787805"
"2011-11-17 21:00:00+00:00","0.133","0.0","0.01763205"
"2011-11-17 21:30:00+00:00","0.175","0.0","0.0176382"
"2011-11-17 22:00:00+00:00","0.192","0.0","0.0155841"
"2011-11-17 22:30:00+00:00","0.942","0.0","0.0193971"
"2011-11-17 23:00:00+00:00","0.256","0.0","0.01822245"
"2011-11-17 23:30:00+00:00","0.144","0.0","0.0187821"
"2011-11-18 00:00:00+00:00","0.068","0.0","0.0184008"
"2011-11-18 00:30:00+00:00","0.21","0.0","0.0167034"
"2011-11-18 01:00:00+00:00","0.139","0.0","0.01602075"
"2011-11-18 01:30:00+00:00","0.095","0.0","0.0154857"
"2011-11-18 02:00:00+00:00","0.135","0.0","0.01471695"
"2011-11-18 02:30:00+00:00","0.135","0.0","0.014637"
"2011-11-18 03:00:00+00:00","0.156","0.0","0.01474155"
"2011-11-18 03:30:00+00:00","0.173","0.0","0.0149076"
"2011-11-18 04:00:00+00:00","0.088","0.0","0.01492605"
"2011-11-18 04:30:00+00:00","0.1","0.0","0.0147723"
"2011-11-18 05:00:00+00:00","0.205","0.0","0.01552875"
"2011-11-18 05:30:00+00:00","0.112","0.0","0.0185361"
"2011-11-18 06:00:00+00:00","0.316","0.0","0.0219678"
"2011-11-18 06:30:00+00:00","0.185","0.0","0.02100225"
"2011-11-18 07:00:00+00:00","0.162","0.044","0.0224721"
"2011-11-18 07:30:00+00:00","0.15","0.081","0.01672185"
"2011-11-18 08:00:00+00:00","0.234","0.163","0.0182778"
"2011-11-18 08:30:00+00:00","0.068","0.244","0.0197415"
"2011-11-18 09:00:00+00:00","0.147","0.163","0.0192126"
"2011-11-18 09:30:00+00:00","0.186","0.363","0.0224475"
"2011-11-18 10:00:00+00:00","0.121","0.4","0.0214143"
"2011-11-18 10:30:00+00:00","0.154","0.419","0.0202458"
"2011-11-18 11:00:00+00:00","0.091","0.494","0.0213774"
"2011-11-18 11:30:00+00:00","0.155","0.35","0.02229375"
"2011-11-18 12:00:00+00:00","0.155","0.306","0.02203545"
"2011-11-18 12:30:00+00:00","0.21","0.238","0.0222261"
"2011-11-18 13:00:00+00:00","0.273","0.475","0.02028885"
"2011-11-18 13:30:00+00:00","0.236","0.669","0.02437245"
"2011-11-18 14:00:00+00:00","0.177","0.675","0.02485215"
"2011-11-18 14:30:00+00:00","0.12","0.713","0.02498745"
"2011-11-18 15:00:00+00:00","0.222","0.794","0.0263958"
"2011-11-18 15:30:00+00:00","0.205","0.725","0.0265557"
"2011-11-18 16:00:00+00:00","0.326","0.638","0.02737365"
"2011-11-18 16:30:00+00:00","0.413","0.5","0.02477835"
"2011-11-18 17:00:00+00:00","0.483","0.325","0.0238743"
"2011-11-18 17:30:00+00:00","0.261","0.119","0.01817325"
"2011-11-18 18:00:00+00:00","0.277","0.031","0.0190404"
"2011-11-18 18:30:00+00:00","0.128","0.019","0.0176505"
"2011-11-18 19:00:00+00:00","0.243","0.006","0.0192372"
"2011-11-18 19:30:00+00:00","0.241","0.0","0.01918185"
"2011-11-18 20:00:00+00:00","0.328","0.0","0.0192618"
"2011-11-18 20:30:00+00:00","0.177","0.0","0.01696785"
"2011-11-18 21:00:00+00:00","0.175","0.0","0.0158055"
"2011-11-18 21:30:00+00:00","0.368","0.0","0.01686945"
"2011-11-18 22:00:00+00:00","0.166","0.0","0.0162606"
"2011-11-18 22:30:00+00:00","0.227","0.0","0.02276115"
"2011-11-18 23:00:00+00:00","0.066","0.0","0.02017815"
"2011-11-18 23:30:00+00:00","0.137","0.0","0.02112525"
"2011-11-19 00:00:00+00:00","0.18","0.0","0.0202827"
"2011-11-19 00:30:00+00:00","0.137","0.0","0.02078085"
"2011-11-19 01:00:00+00:00","0.159","0.0","0.0191388"
"2011-11-19 01:30:00+00:00","0.119","0.0","0.0174414"
"2011-11-19 02:00:00+00:00","0.109","0.0","0.0140958"
"2011-11-19 02:30:00+00:00","0.141","0.0","0.0146739"
"2011-11-19 03:00:00+00:00","0.217","0.0","0.0147723"
"2011-11-19 03:30:00+00:00","0.073","0.0","0.0148338"
"2011-11-19 04:00:00+00:00","0.13","0.0","0.0147477"
"2011-11-19 04:30:00+00:00","0.149","0.0","0.0149199"
"2011-11-19 05:00:00+00:00","0.142","0.0","0.01551645"
"2011-11-19 05:30:00+00:00","0.163","0.0","0.01562715"
"2011-11-19 06:00:00+00:00","0.121","0.0","0.0155349"
"2011-11-19 06:30:00+00:00","0.088","0.0","0.01667265"
"2011-11-19 07:00:00+00:00","0.27","0.019","0.01675875"
"2011-11-19 07:30:00+00:00","0.198","0.031","0.01816095"
"2011-11-19 08:00:00+00:00","0.199","0.075","0.0201351"
"2011-11-19 08:30:00+00:00","0.192","0.144","0.0197661"
"2011-11-19 09:00:00+00:00","0.247","0.231","0.0188559"
"2011-11-19 09:30:00+00:00","0.172","0.394","0.0190158"
"2011-11-19 10:00:00+00:00","0.122","0.731","0.0190158"
"2011-11-19 10:30:00+00:00","0.174","0.794","0.02006745"
"2011-11-19 11:00:00+00:00","0.153","0.838","0.0191388"
"2011-11-19 11:30:00+00:00","0.26","0.863","0.01919415"
"2011-11-19 12:00:00+00:00","0.211","0.894","0.02206005"
"2011-11-19 12:30:00+00:00","0.235","0.894","0.02998125"
"2011-11-19 13:00:00+00:00","0.335","0.913","0.0285729"
"2011-11-19 13:30:00+00:00","0.275","0.894","0.0293478"
"2011-11-19 14:00:00+00:00","0.267","0.844","0.03797625"
"2011-11-19 14:30:00+00:00","0.318","0.806","0.02839455"
"2011-11-19 15:00:00+00:00","0.292","0.763","0.02977215"
"2011-11-19 15:30:00+00:00","0.259","0.706","0.02808705"
"2011-11-19 16:00:00+00:00","0.313","0.631","0.0267279"
"2011-11-19 16:30:00+00:00","0.208","0.531","0.02619285"
"2011-11-19 17:00:00+00:00","0.101","0.331","0.026445"
"2011-11-19 17:30:00+00:00","0.249","0.125","0.02423715"
"2011-11-19 18:00:00+00:00","0.187","0.031","0.02396655"
"2011-11-19 18:30:00+00:00","0.225","0.025","0.0234561"
"2011-11-19 19:00:00+00:00","0.212","0.006","0.0272199"
"2011-11-19 19:30:00+00:00","0.194","0.0","0.0276258"
"2011-11-19 20:00:00+00:00","0.365","0.0","0.0257193"
"2011-11-19 20:30:00+00:00","0.239","0.0","0.02102685"
"2011-11-19 21:00:00+00:00","0.29","0.0","0.01897275"
"2011-11-19 21:30:00+00:00","0.229","0.0","0.0190158"
"2011-11-19 22:00:00+00:00","0.213","0.0","0.01855455"
"2011-11-19 22:30:00+00:00","0.186","0.006","0.0225582"
"2011-11-19 23:00:00+00:00","0.229","0.0","0.01887435"
"2011-11-19 23:30:00+00:00","0.159","0.0","0.0188682"
"2011-11-20 00:00:00+00:00","0.632","0.0","0.0201105"
"2011-11-20 00:30:00+00:00","0.457","0.0","0.01900965"
"2011-11-20 01:00:00+00:00","0.183","0.0","0.01880055"
"2011-11-20 01:30:00+00:00","0.179","0.0","0.0186222"
"2011-11-20 02:00:00+00:00","0.114","0.0","0.01540575"
"2011-11-20 02:30:00+00:00","0.234","0.0","0.0148707"
"2011-11-20 03:00:00+00:00","0.116","0.0","0.01481535"
"2011-11-20 03:30:00+00:00","0.095","0.0","0.01481535"
"2011-11-20 04:00:00+00:00","0.161","0.0","0.014883"
"2011-11-20 04:30:00+00:00","0.201","0.0","0.0145755"
"2011-11-20 05:00:00+00:00","0.169","0.0","0.01463085"
"2011-11-20 05:30:00+00:00","0.111","0.0","0.01498755"
"2011-11-20 06:00:00+00:00","0.16","0.0","0.0145755"
"2011-11-20 06:30:00+00:00","0.11","0.0","0.0146124"
"2011-11-20 07:00:00+00:00","0.299","0.031","0.0147354"
"2011-11-20 07:30:00+00:00","0.224","0.088","0.01589775"
"2011-11-20 08:00:00+00:00","0.208","0.194","0.01722615"
"2011-11-20 08:30:00+00:00","0.124","0.369","0.01661115"
"2011-11-20 09:00:00+00:00","0.214","0.525","0.0177366"
"2011-11-20 09:30:00+00:00","0.312","0.425","0.01897275"
"2011-11-20 10:00:00+00:00","0.577","0.688","0.01913265"
"2011-11-20 10:30:00+00:00","0.35","0.756","0.01905885"
"2011-11-20 11:00:00+00:00","0.329","0.838","0.01974765"
"2011-11-20 11:30:00+00:00","0.366","0.763","0.01982145"
"2011-11-20 12:00:00+00:00","0.142","0.825","0.0223245"
"2011-11-20 12:30:00+00:00","0.191","0.763","0.0194463"
"2011-11-20 13:00:00+00:00","0.147","0.925","0.0190896"
"2011-11-20 13:30:00+00:00","0.138","0.825","0.01921875"
"2011-11-20 14:00:00+00:00","0.227","0.856","0.0216111"
"2011-11-20 14:30:00+00:00","0.281","0.788","0.0207132"
"2011-11-20 15:00:00+00:00","0.765","0.538","0.02041185"
"2011-11-20 15:30:00+00:00","0.886","0.331","0.01875135"
"2011-11-20 16:00:00+00:00","0.721","0.413","0.0188928"
"2011-11-20 16:30:00+00:00","0.798","0.125","0.01886205"
"2011-11-20 17:00:00+00:00","0.747","0.1","0.01909575"
"2011-11-20 17:30:00+00:00","0.677","0.031","0.0191757"
"2011-11-20 18:00:00+00:00","0.272","0.013","0.0188928"
"2011-11-20 18:30:00+00:00","0.292","0.0","0.0190527"
"2011-11-20 19:00:00+00:00","0.337","0.0","0.02181405"
"2011-11-20 19:30:00+00:00","0.396","0.0","0.02456925"
"2011-11-20 20:00:00+00:00","0.298","0.0","0.02288415"
"2011-11-20 20:30:00+00:00","0.177","0.0","0.0194709"
"2011-11-20 21:00:00+00:00","0.16","0.0","0.0177489"
"2011-11-20 21:30:00+00:00","0.17","0.0","0.01763205"
"2011-11-20 22:00:00+00:00","0.187","0.0","0.0154119"
"2011-11-20 22:30:00+00:00","0.23","0.0","0.01604535"
"2011-11-20 23:00:00+00:00","0.163","0.0","0.01583625"
"2011-11-20 23:30:00+00:00","0.107","0.0","0.0171708"
"2011-11-21 00:00:00+00:00","0.097","0.0","0.01806255"
"2011-11-21 00:30:00+00:00","0.188","0.0","0.01757055"
"2011-11-21 01:00:00+00:00","0.212","0.0","0.0172569"
"2011-11-21 01:30:00+00:00","0.111","0.0","0.01715235"
"2011-11-21 02:00:00+00:00","0.193","0.0","0.015129"
"2011-11-21 02:30:00+00:00","0.124","0.0","0.0148092"
"2011-11-21 03:00:00+00:00","0.147","0.0","0.0148338"
"2011-11-21 03:30:00+00:00","0.127","0.0","0.01496295"
"2011-11-21 04:00:00+00:00","0.192","0.0","0.01546725"
"2011-11-21 04:30:00+00:00","0.185","0.0","0.0169125"
"2011-11-21 05:00:00+00:00","0.05","0.0","0.01695555"
"2011-11-21 05:30:00+00:00","0.164","0.0","0.0185976"
"2011-11-21 06:00:00+00:00","0.166","0.0","0.0190773"
"2011-11-21 06:30:00+00:00","0.172","0.006","0.01971075"
"2011-11-21 07:00:00+00:00","0.172","0.0","0.0203565"
"2011-11-21 07:30:00+00:00","0.281","0.05","0.01630365"
"2011-11-21 08:00:00+00:00","0.083","0.069","0.0172446"
"2011-11-21 08:30:00+00:00","0.329","0.225","0.01913265"
"2011-11-21 09:00:00+00:00","0.559","0.125","0.01948935"
"2011-11-21 09:30:00+00:00","0.16","0.238","0.01755825"
"2011-11-21 10:00:00+00:00","0.308","0.3","0.0188559"
"2011-11-21 10:30:00+00:00","0.205","0.275","0.0184623"
"2011-11-21 11:00:00+00:00","0.184","0.413","0.0192003"
"2011-11-21 11:30:00+00:00","0.187","0.444","0.0195693"
"2011-11-21 12:00:00+00:00","0.256","0.488","0.0195201"
"2011-11-21 12:30:00+00:00","0.261","0.388","0.02305635"
"2011-11-21 13:00:00+00:00","0.18","0.494","0.0223122"
"2011-11-21 13:30:00+00:00","0.171","0.588","0.0281916"
"2011-11-21 14:00:00+00:00","0.218","0.675","0.02946465"
"2011-11-21 14:30:00+00:00","0.259","0.575","0.02046105"
"2011-11-21 15:00:00+00:00","0.173","0.306","0.0216357"
"2011-11-21 15:30:00+00:00","0.276","0.269","0.02158035"
"2011-11-21 16:00:00+00:00","0.246","0.188","0.0204057"
"2011-11-21 16:30:00+00:00","0.418","0.088","0.0204795"
"2011-11-21 17:00:00+00:00","0.242","0.038","0.02046105"
"2011-11-21 17:30:00+00:00","0.411","0.013","0.0184008"
"2011-11-21 18:00:00+00:00","0.325","0.006","0.0185115"
"2011-11-21 18:30:00+00:00","0.375","0.0","0.01696785"
"2011-11-21 19:00:00+00:00","0.24","0.0","0.01877595"
"2011-11-21 19:30:00+00:00","0.258","0.0","0.0197415"
"2011-11-21 20:00:00+00:00","0.309","0.0","0.01900965"
"2011-11-21 20:30:00+00:00","0.385","0.0","0.01722615"
"2011-11-21 21:00:00+00:00","0.187","0.0","0.01635285"
"2011-11-21 21:30:00+00:00","0.213","0.0","0.01753365"
"2011-11-21 22:00:00+00:00","0.176","0.0","0.01528275"
"2011-11-21 22:30:00+00:00","0.226","0.0","0.02065785"
"2011-11-21 23:00:00+00:00","0.15","0.0","0.01893585"
"2011-11-21 23:30:00+00:00","1.002","0.0","0.0193971"
"2011-11-22 00:00:00+00:00","0.159","0.0","0.0192864"
"2011-11-22 00:30:00+00:00","0.089","0.0","0.0182655"
"2011-11-22 01:00:00+00:00","0.192","0.0","0.0180195"
"2011-11-22 01:30:00+00:00","0.169","0.0","0.0170232"
"2011-11-22 02:00:00+00:00","0.131","0.0","0.01491375"
"2011-11-22 02:30:00+00:00","0.089","0.0","0.01453245"
"2011-11-22 03:00:00+00:00","0.185","0.0","0.0148707"
"2011-11-22 03:30:00+00:00","0.136","0.0","0.0147477"
"2011-11-22 04:00:00+00:00","0.158","0.0","0.01402815"
"2011-11-22 04:30:00+00:00","0.15","0.0","0.01811175"
"2011-11-22 05:00:00+00:00","0.075","0.0","0.0183885"
"2011-11-22 05:30:00+00:00","0.253","0.0","0.01835775"
"2011-11-22 06:00:00+00:00","0.247","0.0","0.0193971"
"2011-11-22 06:30:00+00:00","0.183","0.0","0.01964925"
"2011-11-22 07:00:00+00:00","0.073","0.025","0.0191388"
"2011-11-22 07:30:00+00:00","0.203","0.019","0.01750905"
"2011-11-22 08:00:00+00:00","0.141","0.056","0.01777965"
"2011-11-22 08:30:00+00:00","0.435","0.119","0.0198399"
"2011-11-22 09:00:00+00:00","0.149","0.3","0.0190035"
"2011-11-22 09:30:00+00:00","0.147","0.344","0.0191757"
"2011-11-22 10:00:00+00:00","0.196","0.519","0.0192987"
"2011-11-22 10:30:00+00:00","0.211","0.488","0.0191634"
"2011-11-22 11:00:00+00:00","0.292","0.538","0.0218202"
"2011-11-22 11:30:00+00:00","0.113","0.725","0.02140815"
"2011-11-22 12:00:00+00:00","0.211","0.406","0.02000595"
"2011-11-22 12:30:00+00:00","0.222","0.563","0.02074395"
"2011-11-22 13:00:00+00:00","0.25","0.794","0.02128515"
"2011-11-22 13:30:00+00:00","0.313","0.456","0.0202335"
"2011-11-22 14:00:00+00:00","0.227","0.256","0.0188805"
"2011-11-22 14:30:00+00:00","0.183","0.169","0.0185976"
"2011-11-22 15:00:00+00:00","0.286","0.275","0.0196185"
"2011-11-22 15:30:00+00:00","0.269","0.131","0.0211437"
"2011-11-22 16:00:00+00:00","0.26","0.031","0.02404035"
"2011-11-22 16:30:00+00:00","0.345","0.006","0.02247825"
"2011-11-22 17:00:00+00:00","0.189","0.0","0.0244032"
"2011-11-22 17:30:00+00:00","0.33","0.006","0.01900965"
"2011-11-22 18:00:00+00:00","0.271","0.013","0.01907115"
"2011-11-22 18:30:00+00:00","0.286","0.0","0.01929255"
"2011-11-22 19:00:00+00:00","0.244","0.0","0.0187944"
"2011-11-22 19:30:00+00:00","0.183","0.0","0.0184623"
"2011-11-22 20:00:00+00:00","0.4","0.0","0.01867755"
"2011-11-22 20:30:00+00:00","0.24","0.0","0.01749675"
"2011-11-22 21:00:00+00:00","0.268","0.0","0.01668495"
"2011-11-22 21:30:00+00:00","0.209","0.0","0.01608225"
"2011-11-22 22:00:00+00:00","0.307","0.0","0.0152151"
"2011-11-22 22:30:00+00:00","0.071","0.0","0.0191634"
"2011-11-22 23:00:00+00:00","1.009","0.0","0.01701705"
"2011-11-22 23:30:00+00:00","0.173","0.0","0.017589"
"2011-11-23 00:00:00+00:00","0.145","0.0","0.0197907"
"2011-11-23 00:30:00+00:00","0.064","0.0","0.01750905"
"2011-11-23 01:00:00+00:00","0.202","0.0","0.0165927"
"2011-11-23 01:30:00+00:00","0.117","0.0","0.01709085"
"2011-11-23 02:00:00+00:00","0.145","0.0","0.01477845"
"2011-11-23 02:30:00+00:00","0.119","0.0","0.0145755"
"2011-11-23 03:00:00+00:00","0.128","0.0","0.0143541"
"2011-11-23 03:30:00+00:00","0.153","0.0","0.0145878"
"2011-11-23 04:00:00+00:00","0.166","0.0","0.01487685"
"2011-11-23 04:30:00+00:00","0.075","0.0","0.01573785"
"2011-11-23 05:00:00+00:00","0.133","0.0","0.0161253"
"2011-11-23 05:30:00+00:00","0.184","0.0","0.01760745"
"2011-11-23 06:00:00+00:00","0.101","0.0","0.02100225"
"2011-11-23 06:30:00+00:00","0.141","0.0","0.0220047"
"2011-11-23 07:00:00+00:00","0.151","0.0","0.0226812"
"2011-11-23 07:30:00+00:00","0.454","0.0","0.0194955"
"2011-11-23 08:00:00+00:00","0.188","0.0","0.0193848"
"2011-11-23 08:30:00+00:00","0.112","0.0","0.0215373"
"2011-11-23 09:00:00+00:00","0.108","0.0","0.02181405"
"2011-11-23 09:30:00+00:00","0.215","0.025","0.0228042"
"2011-11-23 10:00:00+00:00","0.088","0.025","0.02357295"
"2011-11-23 10:30:00+00:00","0.099","0.025","0.02338845"
"2011-11-23 11:00:00+00:00","0.166","0.031","0.02336385"
"2011-11-23 11:30:00+00:00","0.136","0.063","0.02155575"
"2011-11-23 12:00:00+00:00","0.112","0.088","0.02091"
"2011-11-23 12:30:00+00:00","0.141","0.038","0.0184746"
"2011-11-23 13:00:00+00:00","0.381","0.075","0.01860375"
"2011-11-23 13:30:00+00:00","0.396","0.119","0.0186591"
"2011-11-23 14:00:00+00:00","0.221","0.069","0.01720155"
"2011-11-23 14:30:00+00:00","0.195","0.044","0.016605"
"2011-11-23 15:00:00+00:00","0.302","0.038","0.01839465"
"2011-11-23 15:30:00+00:00","0.215","0.05","0.02213385"
"2011-11-23 16:00:00+00:00","0.668","0.075","0.0238005"
"2011-11-23 16:30:00+00:00","0.621","0.056","0.0228657"
"2011-11-23 17:00:00+00:00","0.35","0.056","0.02014125"
"2011-11-23 17:30:00+00:00","0.687","0.05","0.01718925"
"2011-11-23 18:00:00+00:00","0.642","0.0","0.01889895"
"2011-11-23 18:30:00+00:00","0.261","0.0","0.0168141"
"2011-11-23 19:00:00+00:00","0.272","0.006","0.01843155"
"2011-11-23 19:30:00+00:00","0.165","0.0","0.0206394"
"2011-11-23 20:00:00+00:00","0.328","0.0","0.02014125"
"2011-11-23 20:30:00+00:00","0.178","0.0","0.01865295"
"2011-11-23 21:00:00+00:00","0.501","0.0","0.0162114"
"2011-11-23 21:30:00+00:00","0.237","0.0","0.01686945"
"2011-11-23 22:00:00+00:00","0.179","0.0","0.01540575"
"2011-11-23 22:30:00+00:00","0.132","0.0","0.0198645"
"2011-11-23 23:00:00+00:00","0.807","0.0","0.01701705"
"2011-11-23 23:30:00+00:00","0.305","0.0","0.0175029"
"2011-11-24 00:00:00+00:00","0.146","0.0","0.01624215"
"2011-11-24 00:30:00+00:00","0.142","0.0","0.0155595"
"2011-11-24 01:00:00+00:00","0.133","0.0","0.01495065"
"2011-11-24 01:30:00+00:00","0.095","0.0","0.01507365"
"2011-11-24 02:00:00+00:00","0.125","0.0","0.01456935"
"2011-11-24 02:30:00+00:00","0.165","0.0","0.0146001"
"2011-11-24 03:00:00+00:00","0.103","0.0","0.0146493"
"2011-11-24 03:30:00+00:00","0.12","0.0","0.0147846"
"2011-11-24 04:00:00+00:00","0.129","0.0","0.0147477"
"2011-11-24 04:30:00+00:00","0.181","0.0","0.0152643"
"2011-11-24 05:00:00+00:00","0.087","0.0","0.01743525"
"2011-11-24 05:30:00+00:00","0.116","0.0","0.018204"
"2011-11-24 06:00:00+00:00","0.343","0.0","0.0208485"
"2011-11-24 06:30:00+00:00","0.287","0.0","0.03322845"
"2011-11-24 07:00:00+00:00","0.5","0.0","0.02555325"
"2011-11-24 07:30:00+00:00","0.247","0.031","0.0209592"
"2011-11-24 08:00:00+00:00","0.25","0.081","0.020541"
"2011-11-24 08:30:00+00:00","0.183","0.05","0.0224598"
"2011-11-24 09:00:00+00:00","0.094","0.138","0.0232962"
"2011-11-24 09:30:00+00:00","0.136","0.156","0.0226197"
"2011-11-24 10:00:00+00:00","0.14","0.169","0.02337"
"2011-11-24 10:30:00+00:00","0.158","0.144","0.0234192"
"2011-11-24 11:00:00+00:00","0.081","0.119","0.0234315"
"2011-11-24 11:30:00+00:00","0.14","0.063","0.02337"
"2011-11-24 12:00:00+00:00","0.15","0.219","0.02324085"
"2011-11-24 12:30:00+00:00","0.134","0.238","0.02337"
"2011-11-24 13:00:00+00:00","0.101","0.188","0.0247968"
"2011-11-24 13:30:00+00:00","0.125","0.194","0.02663565"
"2011-11-24 14:00:00+00:00","0.172","0.213","0.02919405"
"2011-11-24 14:30:00+00:00","0.109","0.2","0.02588535"
"2011-11-24 15:00:00+00:00","0.104","0.206","0.0254118"
"2011-11-24 15:30:00+00:00","0.134","0.2","0.02544255"
"2011-11-24 16:00:00+00:00","0.171","0.156","0.026076"
"2011-11-24 16:30:00+00:00","0.295","0.088","0.0264819"
"2011-11-24 17:00:00+00:00","0.332","0.038","0.02683245"
"2011-11-24 17:30:00+00:00","0.242","0.025","0.0220908"
"2011-11-24 18:00:00+00:00","0.233","0.019","0.0220047"
"2011-11-24 18:30:00+00:00","0.165","0.013","0.01904655"
"2011-11-24 19:00:00+00:00","0.32","0.0","0.02261355"
"2011-11-24 19:30:00+00:00","0.372","0.0","0.02475375"
"2011-11-24 20:00:00+00:00","0.351","0.0","0.0246492"
"2011-11-24 20:30:00+00:00","0.281","0.0","0.02124825"
"2011-11-24 21:00:00+00:00","0.397","0.006","0.0174537"
"2011-11-24 21:30:00+00:00","0.232","0.0","0.0187698"
"2011-11-24 22:00:00+00:00","0.167","0.0","0.0158055"
"2011-11-24 22:30:00+00:00","0.091","0.0","0.0221154"
"2011-11-24 23:00:00+00:00","0.201","0.0","0.0197169"
"2011-11-24 23:30:00+00:00","0.106","0.0","0.0205041"
"2011-11-25 00:00:00+00:00","0.992","0.0","0.0179826"
"2011-11-25 00:30:00+00:00","0.176","0.0","0.01678335"
"2011-11-25 01:00:00+00:00","0.153","0.0","0.01728765"
"2011-11-25 01:30:00+00:00","0.054","0.0","0.01710315"
"2011-11-25 02:00:00+00:00","0.178","0.0","0.01506135"
"2011-11-25 02:30:00+00:00","0.123","0.0","0.01472925"
"2011-11-25 03:00:00+00:00","0.183","0.0","0.01487685"
"2011-11-25 03:30:00+00:00","0.127","0.0","0.014883"
"2011-11-25 04:00:00+00:00","0.174","0.0","0.01490145"
"2011-11-25 04:30:00+00:00","0.087","0.0","0.0148707"
"2011-11-25 05:00:00+00:00","0.103","0.0","0.0150306"
"2011-11-25 05:30:00+00:00","0.145","0.0","0.0198276"
"2011-11-25 06:00:00+00:00","0.142","0.0","0.02522115"
"2011-11-25 06:30:00+00:00","0.191","0.0","0.02388045"
"2011-11-25 07:00:00+00:00","0.306","0.0","0.03497505"
"2011-11-25 07:30:00+00:00","0.2","0.0","0.0240957"
"2011-11-25 08:00:00+00:00","0.109","0.019","0.0264573"
"2011-11-25 08:30:00+00:00","0.26","0.031","0.02834535"
"2011-11-25 09:00:00+00:00","0.127","0.031","0.0259899"
"2011-11-25 09:30:00+00:00","0.308","0.081","0.0278103"
"2011-11-25 10:00:00+00:00","0.135","0.081","0.02690625"
"2011-11-25 10:30:00+00:00","0.568","0.094","0.02545485"
"2011-11-25 11:00:00+00:00","0.226","0.113","0.02508585"
"2011-11-25 11:30:00+00:00","0.191","0.188","0.0259899"
"2011-11-25 12:00:00+00:00","0.154","0.3","0.025461"
"2011-11-25 12:30:00+00:00","0.148","0.338","0.02499975"
"2011-11-25 13:00:00+00:00","0.333","0.1","0.02485215"
"2011-11-25 13:30:00+00:00","0.144","0.125","0.0247107"
"2011-11-25 14:00:00+00:00","0.252","0.144","0.0249321"
"2011-11-25 14:30:00+00:00","0.18","0.138","0.0248583"
"2011-11-25 15:00:00+00:00","0.235","0.094","0.0249567"
"2011-11-25 15:30:00+00:00","0.182","0.075","0.0244032"
"2011-11-25 16:00:00+00:00","0.239","0.05","0.0244032"
"2011-11-25 16:30:00+00:00","0.145","0.056","0.0246"
"2011-11-25 17:00:00+00:00","0.232","0.025","0.02231835"
"2011-11-25 17:30:00+00:00","0.221","0.025","0.02026425"
"2011-11-25 18:00:00+00:00","0.157","0.025","0.0193356"
"2011-11-25 18:30:00+00:00","0.317","0.0","0.0187821"
"2011-11-25 19:00:00+00:00","0.358","0.0","0.020172"
"2011-11-25 19:30:00+00:00","0.228","0.0","0.01993215"
"2011-11-25 20:00:00+00:00","0.278","0.0","0.0199383"
"2011-11-25 20:30:00+00:00","0.221","0.0","0.0192495"
"2011-11-25 21:00:00+00:00","0.277","0.0","0.0175275"
"2011-11-25 21:30:00+00:00","0.139","0.0","0.01989525"
"2011-11-25 22:00:00+00:00","0.108","0.0","0.0186591"
"2011-11-25 22:30:00+00:00","0.192","0.0","0.022263"
"2011-11-25 23:00:00+00:00","0.133","0.0","0.02064555"
"2011-11-25 23:30:00+00:00","0.169","0.0","0.02086695"
"2011-11-26 00:00:00+00:00","0.11","0.0","0.01843155"
"2011-11-26 00:30:00+00:00","0.093","0.006","0.01852995"
"2011-11-26 01:00:00+00:00","0.144","0.0","0.0158547"
"2011-11-26 01:30:00+00:00","0.143","0.0","0.0162606"
"2011-11-26 02:00:00+00:00","0.163","0.0","0.01465545"
"2011-11-26 02:30:00+00:00","0.125","0.0","0.0146001"
"2011-11-26 03:00:00+00:00","0.098","0.0","0.0146247"
"2011-11-26 03:30:00+00:00","0.121","0.0","0.0146001"
"2011-11-26 04:00:00+00:00","0.151","0.0","0.0146124"
"2011-11-26 04:30:00+00:00","0.162","0.0","0.01449555"
"2011-11-26 05:00:00+00:00","0.142","0.0","0.0147477"
"2011-11-26 05:30:00+00:00","0.103","0.0","0.0147477"
"2011-11-26 06:00:00+00:00","0.115","0.0","0.01460625"
"2011-11-26 06:30:00+00:00","0.295","0.0","0.01562715"
"2011-11-26 07:00:00+00:00","0.257","0.0","0.01852995"
"2011-11-26 07:30:00+00:00","0.122","0.0","0.0192987"
"2011-11-26 08:00:00+00:00","0.208","0.025","0.01935405"
"2011-11-26 08:30:00+00:00","0.12","0.019","0.02233065"
"2011-11-26 09:00:00+00:00","0.244","0.069","0.0224475"
"2011-11-26 09:30:00+00:00","0.156","0.169","0.02547945"
"2011-11-26 10:00:00+00:00","0.307","0.175","0.0215127"
"2011-11-26 10:30:00+00:00","0.116","0.131","0.0190896"
"2011-11-26 11:00:00+00:00","0.113","0.181","0.0225336"
"2011-11-26 11:30:00+00:00","0.552","0.213","0.02436015"
"2011-11-26 12:00:00+00:00","0.364","0.438","0.01893585"
"2011-11-26 12:30:00+00:00","0.276","0.081","0.01882515"
"2011-11-26 13:00:00+00:00","0.266","0.163","0.01680795"
"2011-11-26 13:30:00+00:00","0.346","0.663","0.0160392"
"2011-11-26 14:00:00+00:00","0.249","0.856","0.0173553"
"2011-11-26 14:30:00+00:00","0.198","0.738","0.01656195"
"2011-11-26 15:00:00+00:00","0.186","0.781","0.0165066"
"2011-11-26 15:30:00+00:00","0.215","0.756","0.0163098"
"2011-11-26 16:00:00+00:00","0.236","0.663","0.01747215"
"2011-11-26 16:30:00+00:00","0.141","0.369","0.01846845"
"2011-11-26 17:00:00+00:00","0.25","0.381","0.0188436"
"2011-11-26 17:30:00+00:00","0.22","0.131","0.0186099"
"2011-11-26 18:00:00+00:00","0.219","0.038","0.018696"
"2011-11-26 18:30:00+00:00","0.215","0.019","0.01854225"
"2011-11-26 19:00:00+00:00","0.236","0.0","0.01866525"
"2011-11-26 19:30:00+00:00","0.185","0.0","0.0187821"
"2011-11-26 20:00:00+00:00","0.209","0.0","0.0182163"
"2011-11-26 20:30:00+00:00","0.133","0.0","0.01663575"
"2011-11-26 21:00:00+00:00","0.099","0.0","0.0157809"
"2011-11-26 21:30:00+00:00","0.241","0.0","0.0154611"
"2011-11-26 22:00:00+00:00","0.123","0.0","0.0151536"
"2011-11-26 22:30:00+00:00","0.225","0.0","0.0189789"
"2011-11-26 23:00:00+00:00","0.181","0.0","0.0186591"
"2011-11-26 23:30:00+00:00","0.186","0.0","0.01682025"
"2011-11-27 00:00:00+00:00","0.159","0.0","0.0162237"
"2011-11-27 00:30:00+00:00","0.136","0.0","0.01652505"
"2011-11-27 01:00:00+00:00","0.192","0.0","0.01577475"
"2011-11-27 01:30:00+00:00","0.111","0.0","0.0152274"
"2011-11-27 02:00:00+00:00","0.201","0.0","0.0123738"
"2011-11-27 02:30:00+00:00","0.066","0.0","0.012915"
"2011-11-27 03:00:00+00:00","0.128","0.0","0.012915"
"2011-11-27 03:30:00+00:00","0.133","0.0","0.0127551"
"2011-11-27 04:00:00+00:00","0.159","0.0","0.0128904"
"2011-11-27 04:30:00+00:00","0.169","0.0","0.0144771"
"2011-11-27 05:00:00+00:00","0.109","0.0","0.01182645"
"2011-11-27 05:30:00+00:00","0.105","0.0","0.012177"
"2011-11-27 06:00:00+00:00","0.251","0.0","0.0123123"
"2011-11-27 06:30:00+00:00","0.172","0.006","0.01340085"
"2011-11-27 07:00:00+00:00","0.152","0.044","0.0145878"
"2011-11-27 07:30:00+00:00","0.177","0.144","0.01527045"
"2011-11-27 08:00:00+00:00","0.14","0.344","0.01549185"
"2011-11-27 08:30:00+00:00","0.175","0.481","0.01609455"
"2011-11-27 09:00:00+00:00","0.196","0.594","0.0179334"
"2011-11-27 09:30:00+00:00","0.265","0.688","0.01857915"
"2011-11-27 10:00:00+00:00","0.092","0.769","0.01786575"
"2011-11-27 10:30:00+00:00","0.17","0.838","0.016974"
"2011-11-27 11:00:00+00:00","0.13","0.881","0.01721385"
"2011-11-27 11:30:00+00:00","0.184","0.919","0.0171831"
"2011-11-27 12:00:00+00:00","0.139","0.938","0.0181056"
"2011-11-27 12:30:00+00:00","0.077","0.875","0.01722615"
"2011-11-27 13:00:00+00:00","0.193","0.925","0.01693095"
"2011-11-27 13:30:00+00:00","0.22","0.9","0.0156333"
"2011-11-27 14:00:00+00:00","0.243","0.906","0.01599"
"2011-11-27 14:30:00+00:00","0.211","0.369","0.01962465"
"2011-11-27 15:00:00+00:00","0.383","0.406","0.02010435"
"2011-11-27 15:30:00+00:00","0.211","0.669","0.01893585"
"2011-11-27 16:00:00+00:00","0.139","0.688","0.01919415"
"2011-11-27 16:30:00+00:00","0.195","0.519","0.01910805"
"2011-11-27 17:00:00+00:00","0.213","0.3","0.02349915"
"2011-11-27 17:30:00+00:00","0.281","0.106","0.02071935"
"2011-11-27 18:00:00+00:00","0.227","0.013","0.02176485"
"2011-11-27 18:30:00+00:00","0.43","0.013","0.0191142"
"2011-11-27 19:00:00+00:00","0.445","0.006","0.0193356"
"2011-11-27 19:30:00+00:00","0.208","0.0","0.02191245"
"2011-11-27 20:00:00+00:00","0.368","0.0","0.02135895"
"2011-11-27 20:30:00+00:00","0.404","0.0","0.0192618"
"2011-11-27 21:00:00+00:00","0.324","0.0","0.017958"
"2011-11-27 21:30:00+00:00","0.144","0.0","0.01641435"
"2011-11-27 22:00:00+00:00","0.196","0.0","0.0159162"
"2011-11-27 22:30:00+00:00","0.181","0.0","0.0164451"
"2011-11-27 23:00:00+00:00","0.307","0.0","0.01587315"
"2011-11-27 23:30:00+00:00","0.139","0.0","0.0157686"
"2011-11-28 00:00:00+00:00","0.145","0.0","0.0157194"
"2011-11-28 00:30:00+00:00","0.139","0.0","0.0154734"
"2011-11-28 01:00:00+00:00","0.102","0.0","0.01474155"
"2011-11-28 01:30:00+00:00","0.162","0.0","0.01353615"
"2011-11-28 02:00:00+00:00","0.166","0.0","0.01333935"
"2011-11-28 02:30:00+00:00","0.17","0.0","0.01434795"
"2011-11-28 03:00:00+00:00","0.051","0.0","0.01449555"
"2011-11-28 03:30:00+00:00","0.188","0.0","0.0145755"
"2011-11-28 04:00:00+00:00","0.161","0.0","0.0145755"
"2011-11-28 04:30:00+00:00","0.143","0.0","0.01437255"
"2011-11-28 05:00:00+00:00","0.113","0.0","0.01464315"
"2011-11-28 05:30:00+00:00","0.116","0.0","0.0173922"
"2011-11-28 06:00:00+00:00","0.154","0.0","0.01797645"
"2011-11-28 06:30:00+00:00","0.169","0.006","0.0199014"
"2011-11-28 07:00:00+00:00","0.175","0.044","0.0205779"
"2011-11-28 07:30:00+00:00","0.06","0.144","0.0180441"
"2011-11-28 08:00:00+00:00","0.339","0.344","0.02059635"
"2011-11-28 08:30:00+00:00","0.184","0.469","0.0253134"
"2011-11-28 09:00:00+00:00","0.147","0.575","0.0278349"
"2011-11-28 09:30:00+00:00","0.119","0.675","0.02685705"
"2011-11-28 10:00:00+00:00","0.153","0.731","0.0302088"
"2011-11-28 10:30:00+00:00","0.227","0.8","0.04492575"
"2011-11-28 11:00:00+00:00","0.214","0.819","0.03900945"
"2011-11-28 11:30:00+00:00","0.236","0.881","0.02850525"
"2011-11-28 12:00:00+00:00","0.15","0.875","0.0381177"
"2011-11-28 12:30:00+00:00","0.159","0.9","0.0587448"
"2011-11-28 13:00:00+00:00","0.292","0.913","0.04242885"
"2011-11-28 13:30:00+00:00","0.265","0.931","0.0573672"
"2011-11-28 14:00:00+00:00","0.209","0.806","0.0584373"
"2011-11-28 14:30:00+00:00","0.116","0.85","0.0559035"
"2011-11-28 15:00:00+00:00","0.192","0.688","0.0472074"
"2011-11-28 15:30:00+00:00","0.285","0.656","0.0475149"
"2011-11-28 16:00:00+00:00","0.214","0.625","0.04263795"
"2011-11-28 16:30:00+00:00","0.176","0.594","0.04972275"
"2011-11-28 17:00:00+00:00","0.326","0.35","0.03388035"
"2011-11-28 17:30:00+00:00","0.121","0.138","0.02506125"
"2011-11-28 18:00:00+00:00","0.319","0.025","0.0233454"
"2011-11-28 18:30:00+00:00","0.538","0.013","0.01956315"
"2011-11-28 19:00:00+00:00","0.28","0.013","0.01999365"
"2011-11-28 19:30:00+00:00","0.204","0.0","0.02373285"
"2011-11-28 20:00:00+00:00","0.266","0.0","0.0272568"
"2011-11-28 20:30:00+00:00","0.206","0.0","0.0222138"
"2011-11-28 21:00:00+00:00","0.379","0.0","0.0184254"
"2011-11-28 21:30:00+00:00","0.313","0.0","0.0180195"
"2011-11-28 22:00:00+00:00","0.202","0.0","0.0165681"
"2011-11-28 22:30:00+00:00","0.199","0.0","0.01975995"
"2011-11-28 23:00:00+00:00","0.095","0.0","0.0183885"
"2011-11-28 23:30:00+00:00","0.13","0.0","0.01881285"
"2011-11-29 00:00:00+00:00","1.1","0.0","0.0180195"
"2011-11-29 00:30:00+00:00","0.205","0.0","0.0174291"
"2011-11-29 01:00:00+00:00","0.1","0.0","0.01635285"
"2011-11-29 01:30:00+00:00","0.141","0.0","0.0161253"
"2011-11-29 02:00:00+00:00","0.153","0.0","0.01428645"
"2011-11-29 02:30:00+00:00","0.162","0.0","0.01438485"
"2011-11-29 03:00:00+00:00","0.159","0.0","0.01458165"
"2011-11-29 03:30:00+00:00","0.21","0.0","0.0146001"
"2011-11-29 04:00:00+00:00","0.071","0.0","0.01461855"
"2011-11-29 04:30:00+00:00","0.126","0.0","0.0152028"
"2011-11-29 05:00:00+00:00","0.186","0.0","0.01648815"
"2011-11-29 05:30:00+00:00","0.196","0.0","0.01951395"
"2011-11-29 06:00:00+00:00","0.096","0.0","0.01969845"
"2011-11-29 06:30:00+00:00","0.179","0.0","0.02137125"
"2011-11-29 07:00:00+00:00","0.122","0.0","0.02395425"
"2011-11-29 07:30:00+00:00","0.177","0.0","0.0179826"
"2011-11-29 08:00:00+00:00","0.169","0.0","0.0217341"
"2011-11-29 08:30:00+00:00","0.369","0.0","0.0265311"
"2011-11-29 09:00:00+00:00","0.093","0.0","0.02822235"
"2011-11-29 09:30:00+00:00","0.119","0.0","0.02816085"
"2011-11-29 10:00:00+00:00","0.18","0.0","0.0472935"
"2011-11-29 10:30:00+00:00","0.196","0.0","0.0610326"
"2011-11-29 11:00:00+00:00","0.112","0.0","0.05143245"
"2011-11-29 11:30:00+00:00","0.078","0.0","0.06604485"
"2011-11-29 12:00:00+00:00","0.196","0.0","0.06369555"
"2011-11-29 12:30:00+00:00","0.154","0.0","0.0825822"
"2011-11-29 13:00:00+00:00","0.167","0.0","0.0670596"
"2011-11-29 13:30:00+00:00","0.15","0.0","0.0628653"
"2011-11-29 14:00:00+00:00","0.159","0.0","0.06822195"
"2011-11-29 14:30:00+00:00","0.106","0.0","0.0687078"
"2011-11-29 15:00:00+00:00","0.129","0.0","0.06999315"
"2011-11-29 15:30:00+00:00","0.37","0.0","0.0697287"
"2011-11-29 16:00:00+00:00","0.191","0.0","0.0726807"
"2011-11-29 16:30:00+00:00","0.183","0.0","0.05996865"
"2011-11-29 17:00:00+00:00","0.199","0.0","0.0458544"
"2011-11-29 17:30:00+00:00","0.268","0.0","0.03557775"
"2011-11-29 18:00:00+00:00","0.604","0.0","0.02391735"
"2011-11-29 18:30:00+00:00","0.406","0.0","0.0233454"
"2011-11-29 19:00:00+00:00","0.237","0.0","0.02065785"
"2011-11-29 19:30:00+00:00","0.241","0.0","0.0234069"
"2011-11-29 20:00:00+00:00","0.293","0.0","0.0203319"
"2011-11-29 20:30:00+00:00","0.212","0.0","0.0183885"
"2011-11-29 21:00:00+00:00","0.231","0.0","0.01573785"
"2011-11-29 21:30:00+00:00","0.236","0.0","0.016113"
"2011-11-29 22:00:00+00:00","0.405","0.0","0.01576245"
"2011-11-29 22:30:00+00:00","0.174","0.0","0.0209223"
"2011-11-29 23:00:00+00:00","0.096","0.0","0.01792725"
"2011-11-29 23:30:00+00:00","0.109","0.0","0.0187698"
"2011-11-30 00:00:00+00:00","0.175","0.0","0.01781655"
"2011-11-30 00:30:00+00:00","0.183","0.0","0.01584855"
"2011-11-30 01:00:00+00:00","0.107","0.0","0.0162606"
"2011-11-30 01:30:00+00:00","0.222","0.0","0.0155472"
"2011-11-30 02:00:00+00:00","0.112","0.0","0.01459395"
"2011-11-30 02:30:00+00:00","0.098","0.0","0.01458165"
"2011-11-30 03:00:00+00:00","0.147","0.0","0.0145878"
"2011-11-30 03:30:00+00:00","0.193","0.0","0.0145878"
"2011-11-30 04:00:00+00:00","0.183","0.0","0.01461855"
"2011-11-30 04:30:00+00:00","0.096","0.0","0.01463085"
"2011-11-30 05:00:00+00:00","0.16","0.0","0.01475385"
"2011-11-30 05:30:00+00:00","0.122","0.0","0.01835775"
"2011-11-30 06:00:00+00:00","0.164","0.0","0.02183865"
"2011-11-30 06:30:00+00:00","0.154","0.013","0.02075625"
"2011-11-30 07:00:00+00:00","0.412","0.069","0.0194094"
"2011-11-30 07:30:00+00:00","0.134","0.106","0.0173553"
"2011-11-30 08:00:00+00:00","0.121","0.163","0.01825935"
"2011-11-30 08:30:00+00:00","0.283","0.219","0.02039955"
"2011-11-30 09:00:00+00:00","0.179","0.45","0.02102685"
"2011-11-30 09:30:00+00:00","0.399","0.4","0.02324085"
"2011-11-30 10:00:00+00:00","0.19","0.544","0.02408955"
"2011-11-30 10:30:00+00:00","0.165","0.781","0.025461"
"2011-11-30 11:00:00+00:00","0.14","0.819","0.02269965"
"2011-11-30 11:30:00+00:00","0.147","0.856","0.019557"
"2011-11-30 12:00:00+00:00","0.161","0.631","0.01908345"
"2011-11-30 12:30:00+00:00","0.21","0.581","0.01894815"
"2011-11-30 13:00:00+00:00","0.36","0.263","0.01925565"
"2011-11-30 13:30:00+00:00","0.222","0.338","0.0196062"
"2011-11-30 14:00:00+00:00","0.27","0.6","0.020664"
"2011-11-30 14:30:00+00:00","0.209","0.406","0.0195693"
"2011-11-30 15:00:00+00:00","0.214","0.488","0.02384355"
"2011-11-30 15:30:00+00:00","0.202","0.513","0.0270231"
"2011-11-30 16:00:00+00:00","0.446","0.456","0.02196165"
"2011-11-30 16:30:00+00:00","0.576","0.25","0.0301842"
"2011-11-30 17:00:00+00:00","0.514","0.156","0.02914485"
"2011-11-30 17:30:00+00:00","0.515","0.106","0.0172815"
"2011-11-30 18:00:00+00:00","0.358","0.031","0.0166911"
"2011-11-30 18:30:00+00:00","0.237","0.006","0.0172815"
"2011-11-30 19:00:00+00:00","0.431","0.0","0.01821015"
"2011-11-30 19:30:00+00:00","0.247","0.0","0.0189174"
"2011-11-30 20:00:00+00:00","0.356","0.0","0.0190281"
"2011-11-30 20:30:00+00:00","0.218","0.0","0.01875135"
"2011-11-30 21:00:00+00:00","0.149","0.0","0.01712775"
"2011-11-30 21:30:00+00:00","0.22","0.0","0.0161745"
"2011-11-30 22:00:00+00:00","0.196","0.0","0.0150306"
"2011-11-30 22:30:00+00:00","0.228","0.0","0.0170724"
"2011-11-30 23:00:00+00:00","0.197","0.0","0.0173061"
"2011-11-30 23:30:00+00:00","0.167","0.0","0.01598385"
"2011-12-01 00:00:00+00:00","0.764","0.0","0.01586085"
"2011-12-01 00:30:00+00:00","0.295","0.0","0.01461855"
"2011-12-01 01:00:00+00:00","0.228","0.0","0.0147477"
"2011-12-01 01:30:00+00:00","0.178","0.0","0.0143541"
"2011-12-01 02:00:00+00:00","0.149","0.0","0.0145755"
"2011-12-01 02:30:00+00:00","0.123","0.0","0.01439715"
"2011-12-01 03:00:00+00:00","0.128","0.0","0.0145755"
"2011-12-01 03:30:00+00:00","0.177","0.0","0.0145755"
"2011-12-01 04:00:00+00:00","0.117","0.0","0.0145755"
"2011-12-01 04:30:00+00:00","0.224","0.0","0.0147354"
"2011-12-01 05:00:00+00:00","0.118","0.0","0.0144771"
"2011-12-01 05:30:00+00:00","0.099","0.0","0.0159162"
"2011-12-01 06:00:00+00:00","0.142","0.0","0.018204"
"2011-12-01 06:30:00+00:00","0.228","0.006","0.018573"
"2011-12-01 07:00:00+00:00","0.139","0.038","0.02020275"
"2011-12-01 07:30:00+00:00","0.096","0.056","0.01722615"
"2011-12-01 08:00:00+00:00","0.337","0.1","0.01723845"
"2011-12-01 08:30:00+00:00","0.196","0.094","0.0176259"
"2011-12-01 09:00:00+00:00","0.167","0.081","0.0177735"
"2011-12-01 09:30:00+00:00","0.104","0.156","0.0186345"
"2011-12-01 10:00:00+00:00","0.143","0.219","0.01887435"
"2011-12-01 10:30:00+00:00","0.118","0.269","0.01907115"
"2011-12-01 11:00:00+00:00","0.198","0.381","0.0190281"
"2011-12-01 11:30:00+00:00","0.136","0.45","0.01777965"
"2011-12-01 12:00:00+00:00","0.077","0.606","0.01688175"
"2011-12-01 12:30:00+00:00","0.158","0.713","0.0166542"
"2011-12-01 13:00:00+00:00","0.189","0.731","0.016605"
"2011-12-01 13:30:00+00:00","0.193","0.906","0.01624215"
"2011-12-01 14:00:00+00:00","0.328","0.85","0.01652505"
"2011-12-01 14:30:00+00:00","0.212","0.769","0.0164574"
"2011-12-01 15:00:00+00:00","0.193","0.719","0.01659885"
"2011-12-01 15:30:00+00:00","0.152","0.775","0.01653735"
"2011-12-01 16:00:00+00:00","0.163","0.706","0.0164697"
"2011-12-01 16:30:00+00:00","0.341","0.525","0.0168141"
"2011-12-01 17:00:00+00:00","0.293","0.344","0.0161868"
"2011-12-01 17:30:00+00:00","0.191","0.138","0.0155841"
"2011-12-01 18:00:00+00:00","0.109","0.031","0.01555335"
"2011-12-01 18:30:00+00:00","0.516","0.019","0.0153873"
"2011-12-01 19:00:00+00:00","0.214","0.013","0.01541805"
"2011-12-01 19:30:00+00:00","0.203","0.006","0.0156948"
"2011-12-01 20:00:00+00:00","0.315","0.0","0.01534425"
"2011-12-01 20:30:00+00:00","0.201","0.0","0.01522125"
"2011-12-01 21:00:00+00:00","0.265","0.0","0.01525815"
"2011-12-01 21:30:00+00:00","0.171","0.0","0.0150798"
"2011-12-01 22:00:00+00:00","0.213","0.0","0.0146247"
"2011-12-01 22:30:00+00:00","0.14","0.0","0.0163098"
"2011-12-01 23:00:00+00:00","0.1","0.0","0.016236"
"2011-12-01 23:30:00+00:00","0.156","0.0","0.015621"
"2011-12-02 00:00:00+00:00","0.158","0.0","0.01567635"
"2011-12-02 00:30:00+00:00","0.124","0.0","0.01502445"
"2011-12-02 01:00:00+00:00","0.163","0.0","0.01428645"
"2011-12-02 01:30:00+00:00","0.057","0.0","0.01299495"
"2011-12-02 02:00:00+00:00","0.177","0.0","0.01135905"
"2011-12-02 02:30:00+00:00","0.169","0.0","0.0115989"
"2011-12-02 03:00:00+00:00","0.131","0.0","0.0112914"
"2011-12-02 03:30:00+00:00","0.07","0.0","0.0112053"
"2011-12-02 04:00:00+00:00","0.201","0.0","0.0116358"
"2011-12-02 04:30:00+00:00","0.116","0.0","0.0133578"
"2011-12-02 05:00:00+00:00","0.169","0.0","0.0138129"
"2011-12-02 05:30:00+00:00","0.107","0.0","0.01509825"
"2011-12-02 06:00:00+00:00","0.128","0.0","0.0164574"
"2011-12-02 06:30:00+00:00","0.31","0.0","0.01849305"
"2011-12-02 07:00:00+00:00","0.212","0.006","0.019434"
"2011-12-02 07:30:00+00:00","0.05","0.019","0.0176382"
"2011-12-02 08:00:00+00:00","0.138","0.05","0.0164205"
"2011-12-02 08:30:00+00:00","0.164","0.025","0.01686945"
"2011-12-02 09:00:00+00:00","0.351","0.081","0.0181179"
"2011-12-02 09:30:00+00:00","0.192","0.094","0.01784115"
"2011-12-02 10:00:00+00:00","0.139","0.1","0.0179826"
"2011-12-02 10:30:00+00:00","0.23","0.1","0.01835775"
"2011-12-02 11:00:00+00:00","0.311","0.1","0.01884975"
"2011-12-02 11:30:00+00:00","0.182","0.419","0.0177243"
"2011-12-02 12:00:00+00:00","0.187","0.638","0.01775505"
"2011-12-02 12:30:00+00:00","0.356","0.644","0.01775505"
"2011-12-02 13:00:00+00:00","0.255","0.663","0.01722"
"2011-12-02 13:30:00+00:00","0.091","0.731","0.0166911"
"2011-12-02 14:00:00+00:00","0.118","0.375","0.01714005"
"2011-12-02 14:30:00+00:00","0.198","0.438","0.01621755"
"2011-12-02 15:00:00+00:00","0.142","0.319","0.01747215"
"2011-12-02 15:30:00+00:00","0.279","0.494","0.0165804"
"2011-12-02 16:00:00+00:00","0.435","0.663","0.0164328"
"2011-12-02 16:30:00+00:00","0.225","0.356","0.0165435"
"2011-12-02 17:00:00+00:00","0.221","0.375","0.01661115"
"2011-12-02 17:30:00+00:00","0.351","0.275","0.0152643"
"2011-12-02 18:00:00+00:00","0.299","0.075","0.01528275"
"2011-12-02 18:30:00+00:00","0.27","0.044","0.01567635"
"2011-12-02 19:00:00+00:00","0.294","0.019","0.0154857"
"2011-12-02 19:30:00+00:00","0.412","0.006","0.01545495"
"2011-12-02 20:00:00+00:00","0.21","0.0","0.01568865"
"2011-12-02 20:30:00+00:00","0.281","0.0","0.0155718"
"2011-12-02 21:00:00+00:00","0.251","0.0","0.01483995"
"2011-12-02 21:30:00+00:00","0.144","0.0","0.01539345"
"2011-12-02 22:00:00+00:00","0.167","0.0","0.01503675"
"2011-12-02 22:30:00+00:00","0.082","0.0","0.0157071"
"2011-12-02 23:00:00+00:00","0.183","0.0","0.0161745"
"2011-12-02 23:30:00+00:00","0.174","0.0","0.0153627"
"2011-12-03 00:00:00+00:00","0.797","0.0","0.0155103"
"2011-12-03 00:30:00+00:00","0.257","0.0","0.01485225"
"2011-12-03 01:00:00+00:00","0.202","0.0","0.0145509"
"2011-12-03 01:30:00+00:00","0.107","0.0","0.0142557"
"2011-12-03 02:00:00+00:00","0.11","0.0","0.01444635"
"2011-12-03 02:30:00+00:00","0.128","0.0","0.01235535"
"2011-12-03 03:00:00+00:00","0.133","0.0","0.01198635"
"2011-12-03 03:30:00+00:00","0.149","0.0","0.01159275"
"2011-12-03 04:00:00+00:00","0.097","0.0","0.012915"
"2011-12-03 04:30:00+00:00","0.105","0.0","0.01331475"
"2011-12-03 05:00:00+00:00","0.173","0.0","0.01265055"
"2011-12-03 05:30:00+00:00","0.125","0.0","0.0149937"
"2011-12-03 06:00:00+00:00","0.056","0.0","0.01481535"
"2011-12-03 06:30:00+00:00","0.194","0.006","0.015006"
"2011-12-03 07:00:00+00:00","0.233","0.044","0.0150306"
"2011-12-03 07:30:00+00:00","0.118","0.144","0.0177735"
"2011-12-03 08:00:00+00:00","0.128","0.35","0.0190404"
"2011-12-03 08:30:00+00:00","0.161","0.488","0.01859145"
"2011-12-03 09:00:00+00:00","0.274","0.6","0.01955085"
"2011-12-03 09:30:00+00:00","0.159","0.694","0.0160638"
"2011-12-03 10:00:00+00:00","0.099","0.781","0.01630365"
"2011-12-03 10:30:00+00:00","0.239","0.856","0.01571325"
"2011-12-03 11:00:00+00:00","0.269","0.938","0.0162729"
"2011-12-03 11:30:00+00:00","0.126","0.988","0.0159531"
"2011-12-03 12:00:00+00:00","0.083","0.975","0.01571325"
"2011-12-03 12:30:00+00:00","0.219","0.981","0.0157809"
"2011-12-03 13:00:00+00:00","0.193","0.95","0.01525815"
"2011-12-03 13:30:00+00:00","0.165","0.925","0.01559025"
"2011-12-03 14:00:00+00:00","0.192","0.9","0.01533195"
"2011-12-03 14:30:00+00:00","0.15","0.856","0.01514745"
"2011-12-03 15:00:00+00:00","0.204","0.825","0.0161007"
"2011-12-03 15:30:00+00:00","0.192","0.756","0.0156333"
"2011-12-03 16:00:00+00:00","0.135","0.681","0.0157809"
"2011-12-03 16:30:00+00:00","0.066","0.506","0.01531965"
"2011-12-03 17:00:00+00:00","0.213","0.35","0.0159654"
"2011-12-03 17:30:00+00:00","0.168","0.138","0.0152397"
"2011-12-03 18:00:00+00:00","0.117","0.019","0.01498755"
"2011-12-03 18:30:00+00:00","0.115","0.019","0.0152274"
"2011-12-03 19:00:00+00:00","0.175","0.006","0.01581165"
"2011-12-03 19:30:00+00:00","0.15","0.0","0.01599615"
"2011-12-03 20:00:00+00:00","0.142","0.0","0.01608225"
"2011-12-03 20:30:00+00:00","0.155","0.0","0.01541805"
"2011-12-03 21:00:00+00:00","0.086","0.0","0.0148953"
"2011-12-03 21:30:00+00:00","0.18","0.0","0.01554105"
"2011-12-03 22:00:00+00:00","0.182","0.0","0.01552875"
"2011-12-03 22:30:00+00:00","0.115","0.0","0.0173676"
"2011-12-03 23:00:00+00:00","0.07","0.0","0.01618065"
"2011-12-03 23:30:00+00:00","0.215","0.0","0.01573785"
"2011-12-04 00:00:00+00:00","0.15","0.0","0.0153996"
"2011-12-04 00:30:00+00:00","0.192","0.0","0.01465545"
"2011-12-04 01:00:00+00:00","0.149","0.0","0.0146247"
"2011-12-04 01:30:00+00:00","0.141","0.0","0.012669"
"2011-12-04 02:00:00+00:00","0.157","0.0","0.0145386"
"2011-12-04 02:30:00+00:00","0.183","0.0","0.014268"
"2011-12-04 03:00:00+00:00","0.163","0.0","0.0128043"
"2011-12-04 03:30:00+00:00","0.084","0.0","0.01353"
"2011-12-04 04:00:00+00:00","0.171","0.0","0.0123369"
"2011-12-04 04:30:00+00:00","0.101","0.0","0.01005525"
"2011-12-04 05:00:00+00:00","0.179","0.0","0.00827175"
"2011-12-04 05:30:00+00:00","0.177","0.0","0.01094085"
"2011-12-04 06:00:00+00:00","0.147","0.0","0.01196175"
"2011-12-04 06:30:00+00:00","0.074","0.006","0.0126075"
"2011-12-04 07:00:00+00:00","0.171","0.044","0.0138498"
"2011-12-04 07:30:00+00:00","0.137","0.144","0.01423725"
"2011-12-04 08:00:00+00:00","0.158","0.356","0.0148584"
"2011-12-04 08:30:00+00:00","0.181","0.475","0.01491375"
"2011-12-04 09:00:00+00:00","0.066","0.506","0.01482765"
"2011-12-04 09:30:00+00:00","0.139","0.613","0.01488915"
"2011-12-04 10:00:00+00:00","0.184","0.763","0.0148584"
"2011-12-04 10:30:00+00:00","0.164","0.775","0.01486455"
"2011-12-04 11:00:00+00:00","0.113","0.894","0.01485225"
"2011-12-04 11:30:00+00:00","0.167","0.925","0.01479075"
"2011-12-04 12:00:00+00:00","0.1","0.938","0.0148215"
"2011-12-04 12:30:00+00:00","0.161","0.813","0.0149814"
"2011-12-04 13:00:00+00:00","0.19","0.6","0.0149814"
"2011-12-04 13:30:00+00:00","0.15","0.2","0.01407735"
"2011-12-04 14:00:00+00:00","0.133","0.25","0.01477845"
"2011-12-04 14:30:00+00:00","0.196","0.444","0.0148092"
"2011-12-04 15:00:00+00:00","0.266","0.081","0.0148215"
"2011-12-04 15:30:00+00:00","0.29","0.081","0.01483995"
"2011-12-04 16:00:00+00:00","0.301","0.056","0.0148215"
"2011-12-04 16:30:00+00:00","0.142","0.031","0.0148338"
"2011-12-04 17:00:00+00:00","0.171","0.038","0.01540575"
"2011-12-04 17:30:00+00:00","0.366","0.0","0.01546725"
"2011-12-04 18:00:00+00:00","0.497","0.0","0.01540575"
"2011-12-04 18:30:00+00:00","0.242","0.006","0.0155841"
"2011-12-04 19:00:00+00:00","0.222","0.0","0.01593465"
"2011-12-04 19:30:00+00:00","0.279","0.0","0.01614375"
"2011-12-04 20:00:00+00:00","0.278","0.0","0.0160884"
"2011-12-04 20:30:00+00:00","0.381","0.0","0.0154488"
"2011-12-04 21:00:00+00:00","0.225","0.0","0.0148092"
"2011-12-04 21:30:00+00:00","0.128","0.0","0.0147846"
"2011-12-04 22:00:00+00:00","0.189","0.0","0.01477845"
"2011-12-04 22:30:00+00:00","0.108","0.0","0.0154857"
"2011-12-04 23:00:00+00:00","0.083","0.0","0.0153627"
"2011-12-04 23:30:00+00:00","0.161","0.0","0.0152766"
"2011-12-05 00:00:00+00:00","0.167","0.0","0.01540575"
"2011-12-05 00:30:00+00:00","0.066","0.0","0.0142557"
"2011-12-05 01:00:00+00:00","0.138","0.0","0.0136899"
"2011-12-05 01:30:00+00:00","0.128","0.0","0.0144525"
"2011-12-05 02:00:00+00:00","0.14","0.0","0.01197405"
"2011-12-05 02:30:00+00:00","0.122","0.0","0.01107615"
"2011-12-05 03:00:00+00:00","0.091","0.0","0.01101465"
"2011-12-05 03:30:00+00:00","0.137","0.0","0.01196175"
"2011-12-05 04:00:00+00:00","0.182","0.0","0.01219545"
"2011-12-05 04:30:00+00:00","0.063","0.0","0.01279815"
"2011-12-05 05:00:00+00:00","0.119","0.0","0.0132102"
"2011-12-05 05:30:00+00:00","0.163","0.0","0.01496295"
"2011-12-05 06:00:00+00:00","0.116","0.0","0.01685715"
"2011-12-05 06:30:00+00:00","0.119","0.0","0.01817325"
"2011-12-05 07:00:00+00:00","0.147","0.031","0.01909575"
"2011-12-05 07:30:00+00:00","0.136","0.119","0.0153258"
"2011-12-05 08:00:00+00:00","0.134","0.175","0.0152397"
"2011-12-05 08:30:00+00:00","0.192","0.206","0.01560255"
"2011-12-05 09:00:00+00:00","0.129","0.194","0.01557795"
"2011-12-05 09:30:00+00:00","0.346","0.631","0.01540575"
"2011-12-05 10:00:00+00:00","0.515","0.263","0.01543035"
"2011-12-05 10:30:00+00:00","0.332","0.456","0.01540575"
"2011-12-05 11:00:00+00:00","0.261","0.788","0.0155718"
"2011-12-05 11:30:00+00:00","0.238","0.619","0.01534425"
"2011-12-05 12:00:00+00:00","0.63","0.656","0.01545495"
"2011-12-05 12:30:00+00:00","0.214","0.75","0.0161007"
"2011-12-05 13:00:00+00:00","0.36","0.988","0.01525815"
"2011-12-05 13:30:00+00:00","0.169","0.994","0.0154611"
"2011-12-05 14:00:00+00:00","0.132","0.825","0.01504905"
"2011-12-05 14:30:00+00:00","0.217","0.519","0.01530735"
"2011-12-05 15:00:00+00:00","0.663","0.456","0.01540575"
"2011-12-05 15:30:00+00:00","0.738","0.438","0.0153012"
"2011-12-05 16:00:00+00:00","0.284","0.35","0.01561485"
"2011-12-05 16:30:00+00:00","0.142","0.413","0.0152151"
"2011-12-05 17:00:00+00:00","0.217","0.225","0.0154734"
"2011-12-05 17:30:00+00:00","0.147","0.225","0.0153627"
"2011-12-05 18:00:00+00:00","0.177","0.081","0.0154242"
"2011-12-05 18:30:00+00:00","0.249","0.044","0.01555335"
"2011-12-05 19:00:00+00:00","0.244","0.006","0.01606995"
"2011-12-05 19:30:00+00:00","0.176","0.0","0.0161991"
"2011-12-05 20:00:00+00:00","0.245","0.0","0.0159162"
"2011-12-05 20:30:00+00:00","0.199","0.0","0.01546725"
"2011-12-05 21:00:00+00:00","0.305","0.0","0.01533195"
"2011-12-05 21:30:00+00:00","0.089","0.0","0.01519665"
"2011-12-05 22:00:00+00:00","0.154","0.0","0.01498755"
"2011-12-05 22:30:00+00:00","0.127","0.0","0.0166788"
"2011-12-05 23:00:00+00:00","0.157","0.0","0.0169494"
"2011-12-05 23:30:00+00:00","0.125","0.0","0.01599"
"2011-12-06 00:00:00+00:00","0.939","0.0","0.01622985"
"2011-12-06 00:30:00+00:00","0.159","0.0","0.01469235"
"2011-12-06 01:00:00+00:00","0.158","0.0","0.01463085"
"2011-12-06 01:30:00+00:00","0.066","0.0","0.01308105"
"2011-12-06 02:00:00+00:00","0.133","0.0","0.0130872"
"2011-12-06 02:30:00+00:00","0.158","0.0","0.0111438"
"2011-12-06 03:00:00+00:00","0.096","0.0","0.01155585"
"2011-12-06 03:30:00+00:00","0.147","0.0","0.0143172"
"2011-12-06 04:00:00+00:00","0.09","0.0","0.01466775"
"2011-12-06 04:30:00+00:00","0.174","0.0","0.0150921"
"2011-12-06 05:00:00+00:00","0.113","0.0","0.01466775"
"2011-12-06 05:30:00+00:00","0.089","0.0","0.01609455"
"2011-12-06 06:00:00+00:00","0.141","0.0","0.0188805"
"2011-12-06 06:30:00+00:00","0.19","0.006","0.01880055"
"2011-12-06 07:00:00+00:00","0.074","0.025","0.0170109"
"2011-12-06 07:30:00+00:00","0.26","0.044","0.014883"
"2011-12-06 08:00:00+00:00","0.152","0.144","0.0166296"
"2011-12-06 08:30:00+00:00","0.197","0.231","0.0165558"
"2011-12-06 09:00:00+00:00","0.1","0.506","0.0165066"
"2011-12-06 09:30:00+00:00","0.105","0.563","0.01770585"
"2011-12-06 10:00:00+00:00","0.154","0.594","0.01802565"
"2011-12-06 10:30:00+00:00","0.161","0.863","0.0190773"
"2011-12-06 11:00:00+00:00","0.058","0.788","0.01912035"
"2011-12-06 11:30:00+00:00","0.235","0.75","0.0191019"
"2011-12-06 12:00:00+00:00","0.175","0.888","0.0193479"
"2011-12-06 12:30:00+00:00","0.156","0.988","0.01898505"
"2011-12-06 13:00:00+00:00","0.274","0.925","0.0187575"
"2011-12-06 13:30:00+00:00","0.185","0.806","0.0173061"
"2011-12-06 14:00:00+00:00","0.142","0.888","0.01833315"
"2011-12-06 14:30:00+00:00","0.264","0.888","0.01634055"
"2011-12-06 15:00:00+00:00","0.255","0.888","0.0160638"
"2011-12-06 15:30:00+00:00","0.254","0.775","0.01653735"
"2011-12-06 16:00:00+00:00","0.151","0.563","0.016605"
"2011-12-06 16:30:00+00:00","0.197","0.506","0.017712"
"2011-12-06 17:00:00+00:00","0.227","0.444","0.01907115"
"2011-12-06 17:30:00+00:00","0.411","0.331","0.0169494"
"2011-12-06 18:00:00+00:00","0.293","0.181","0.01582395"
"2011-12-06 18:30:00+00:00","0.161","0.113","0.01605765"
"2011-12-06 19:00:00+00:00","0.24","0.044","0.01791495"
"2011-12-06 19:30:00+00:00","0.189","0.006","0.01855455"
"2011-12-06 20:00:00+00:00","0.317","0.0","0.02030115"
"2011-12-06 20:30:00+00:00","0.169","0.0","0.01704165"
"2011-12-06 21:00:00+00:00","0.267","0.0","0.0156948"
"2011-12-06 21:30:00+00:00","0.185","0.0","0.0153996"
"2011-12-06 22:00:00+00:00","0.191","0.0","0.0147969"
"2011-12-06 22:30:00+00:00","0.083","0.0","0.0161376"
"2011-12-06 23:00:00+00:00","0.133","0.0","0.01666035"
"2011-12-06 23:30:00+00:00","0.187","0.006","0.01727535"
"2011-12-07 00:00:00+00:00","0.12","0.0","0.01619295"
"2011-12-07 00:30:00+00:00","0.136","0.0","0.01561485"
"2011-12-07 01:00:00+00:00","0.098","0.0","0.01502445"
"2011-12-07 01:30:00+00:00","0.146","0.0","0.01255215"
"2011-12-07 02:00:00+00:00","0.153","0.0","0.0105534"
"2011-12-07 02:30:00+00:00","0.147","0.0","0.010701"
"2011-12-07 03:00:00+00:00","0.044","0.0","0.01304415"
"2011-12-07 03:30:00+00:00","0.199","0.0","0.01380675"
"2011-12-07 04:00:00+00:00","0.139","0.0","0.0146862"
"2011-12-07 04:30:00+00:00","0.111","0.0","0.0145632"
"2011-12-07 05:00:00+00:00","0.094","0.0","0.01476615"
"2011-12-07 05:30:00+00:00","0.223","0.0","0.01742295"
"2011-12-07 06:00:00+00:00","0.249","0.0","0.01787805"
"2011-12-07 06:30:00+00:00","0.178","0.019","0.0213774"
"2011-12-07 07:00:00+00:00","0.084","0.081","0.0192741"
"2011-12-07 07:30:00+00:00","0.159","0.106","0.01475385"
"2011-12-07 08:00:00+00:00","0.162","0.113","0.0178473"
"2011-12-07 08:30:00+00:00","0.198","0.281","0.0190035"
"2011-12-07 09:00:00+00:00","0.098","0.325","0.01908345"
"2011-12-07 09:30:00+00:00","0.254","0.344","0.0184992"
"2011-12-07 10:00:00+00:00","0.209","0.506","0.0187452"
"2011-12-07 10:30:00+00:00","0.165","0.225","0.0188313"
"2011-12-07 11:00:00+00:00","0.176","0.25","0.0176997"
"2011-12-07 11:30:00+00:00","0.217","0.231","0.0177489"
"2011-12-07 12:00:00+00:00","0.182","0.163","0.01796415"
"2011-12-07 12:30:00+00:00","0.228","0.275","0.01785345"
"2011-12-07 13:00:00+00:00","0.155","0.231","0.01855455"
"2011-12-07 13:30:00+00:00","0.176","0.294","0.01872675"
"2011-12-07 14:00:00+00:00","0.303","0.475","0.0191265"
"2011-12-07 14:30:00+00:00","0.254","0.3","0.01845"
"2011-12-07 15:00:00+00:00","0.16","0.231","0.01830855"
"2011-12-07 15:30:00+00:00","0.16","0.181","0.019311"
"2011-12-07 16:00:00+00:00","0.29","0.131","0.01935405"
"2011-12-07 16:30:00+00:00","0.24","0.225","0.0193356"
"2011-12-07 17:00:00+00:00","0.227","0.281","0.0184869"
"2011-12-07 17:30:00+00:00","0.169","0.231","0.01678335"
"2011-12-07 18:00:00+00:00","0.237","0.044","0.0181179"
"2011-12-07 18:30:00+00:00","0.337","0.006","0.0177981"
"2011-12-07 19:00:00+00:00","0.383","0.0","0.01682025"
"2011-12-07 19:30:00+00:00","0.193","0.0","0.01781655"
"2011-12-07 20:00:00+00:00","0.184","0.0","0.02030115"
"2011-12-07 20:30:00+00:00","0.126","0.0","0.0173184"
"2011-12-07 21:00:00+00:00","0.228","0.0","0.01605765"
"2011-12-07 21:30:00+00:00","0.178","0.0","0.0152028"
"2011-12-07 22:00:00+00:00","0.107","0.0","0.01496295"
"2011-12-07 22:30:00+00:00","0.512","0.0","0.0165435"
"2011-12-07 23:00:00+00:00","0.629","0.0","0.0164451"
"2011-12-07 23:30:00+00:00","0.133","0.0","0.01573785"
"2011-12-08 00:00:00+00:00","0.145","0.0","0.0158178"
"2011-12-08 00:30:00+00:00","0.114","0.0","0.01498755"
"2011-12-08 01:00:00+00:00","0.113","0.0","0.0145386"
"2011-12-08 01:30:00+00:00","0.199","0.0","0.0139605"
"2011-12-08 02:00:00+00:00","0.122","0.0","0.01405275"
"2011-12-08 02:30:00+00:00","0.088","0.0","0.01164195"
"2011-12-08 03:00:00+00:00","0.165","0.0","0.0118203"
"2011-12-08 03:30:00+00:00","0.179","0.0","0.0130134"
"2011-12-08 04:00:00+00:00","0.092","0.0","0.0141942"
"2011-12-08 04:30:00+00:00","0.165","0.0","0.0147354"
"2011-12-08 05:00:00+00:00","0.107","0.0","0.0147477"
"2011-12-08 05:30:00+00:00","0.16","0.0","0.0158178"
"2011-12-08 06:00:00+00:00","0.173","0.0","0.01578705"
"2011-12-08 06:30:00+00:00","0.138","0.0","0.01779195"
"2011-12-08 07:00:00+00:00","0.225","0.013","0.019188"
"2011-12-08 07:30:00+00:00","0.307","0.038","0.01481535"
"2011-12-08 08:00:00+00:00","0.125","0.044","0.01525815"
"2011-12-08 08:30:00+00:00","0.235","0.131","0.01705395"
"2011-12-08 09:00:00+00:00","0.152","0.225","0.0160761"
"2011-12-08 09:30:00+00:00","0.156","0.075","0.016236"
"2011-12-08 10:00:00+00:00","0.145","0.156","0.0165558"
"2011-12-08 10:30:00+00:00","0.124","0.294","0.0181179"
"2011-12-08 11:00:00+00:00","0.073","0.481","0.01803795"
"2011-12-08 11:30:00+00:00","0.185","0.55","0.01845615"
"2011-12-08 12:00:00+00:00","0.187","0.606","0.01891125"
"2011-12-08 12:30:00+00:00","0.304","0.619","0.01854225"
"2011-12-08 13:00:00+00:00","0.255","0.563","0.0188067"
"2011-12-08 13:30:00+00:00","0.143","0.475","0.0190281"
"2011-12-08 14:00:00+00:00","0.137","0.619","0.01904655"
"2011-12-08 14:30:00+00:00","0.172","0.594","0.019065"
"2011-12-08 15:00:00+00:00","0.223","0.669","0.0189297"
"2011-12-08 15:30:00+00:00","0.203","0.644","0.0185853"
"2011-12-08 16:00:00+00:00","0.211","0.65","0.01891125"
"2011-12-08 16:30:00+00:00","0.188","0.469","0.0187575"
"2011-12-08 17:00:00+00:00","0.287","0.35","0.0188928"
"2011-12-08 17:30:00+00:00","0.164","0.306","0.0186714"
"2011-12-08 18:00:00+00:00","0.22","0.156","0.01625445"
"2011-12-08 18:30:00+00:00","0.193","0.094","0.01673415"
"2011-12-08 19:00:00+00:00","0.236","0.031","0.01757055"
"2011-12-08 19:30:00+00:00","0.164","0.006","0.0183024"
"2011-12-08 20:00:00+00:00","0.298","0.0","0.0182409"
"2011-12-08 20:30:00+00:00","0.334","0.0","0.01683255"
"2011-12-08 21:00:00+00:00","0.262","0.0","0.01561485"
"2011-12-08 21:30:00+00:00","0.24","0.0","0.01588545"
"2011-12-08 22:00:00+00:00","0.096","0.0","0.0152397"
"2011-12-08 22:30:00+00:00","0.166","0.0","0.01780425"
"2011-12-08 23:00:00+00:00","0.185","0.0","0.0168141"
"2011-12-08 23:30:00+00:00","0.127","0.0","0.01881285"
"2011-12-09 00:00:00+00:00","0.139","0.0","0.01773045"
"2011-12-09 00:30:00+00:00","0.118","0.0","0.01568865"
"2011-12-09 01:00:00+00:00","0.135","0.0","0.0162237"
"2011-12-09 01:30:00+00:00","0.167","0.0","0.01525815"
"2011-12-09 02:00:00+00:00","0.181","0.0","0.01464315"
"2011-12-09 02:30:00+00:00","0.072","0.0","0.0143172"
"2011-12-09 03:00:00+00:00","0.131","0.0","0.01436025"
"2011-12-09 03:30:00+00:00","0.185","0.0","0.0145509"
"2011-12-09 04:00:00+00:00","0.148","0.0","0.01459395"
"2011-12-09 04:30:00+00:00","0.089","0.0","0.0147354"
"2011-12-09 05:00:00+00:00","0.142","0.0","0.01479075"
"2011-12-09 05:30:00+00:00","0.135","0.0","0.0179088"
"2011-12-09 06:00:00+00:00","0.275","0.0","0.0181302"
"2011-12-09 06:30:00+00:00","0.167","0.006","0.01800105"
"2011-12-09 07:00:00+00:00","0.276","0.081","0.0190404"
"2011-12-09 07:30:00+00:00","0.137","0.188","0.0166911"
"2011-12-09 08:00:00+00:00","0.189","0.231","0.01753365"
"2011-12-09 08:30:00+00:00","0.217","0.463","0.01907115"
"2011-12-09 09:00:00+00:00","0.126","0.581","0.0190527"
"2011-12-09 09:30:00+00:00","0.207","0.669","0.0193971"
"2011-12-09 10:00:00+00:00","0.393","0.531","0.02117445"
"2011-12-09 10:30:00+00:00","0.285","0.75","0.0222999"
"2011-12-09 11:00:00+00:00","0.075","0.875","0.0190773"
"2011-12-09 11:30:00+00:00","0.151","0.588","0.02074395"
"2011-12-09 12:00:00+00:00","0.175","0.619","0.02228145"
"2011-12-09 12:30:00+00:00","0.188","0.925","0.0246492"
"2011-12-09 13:00:00+00:00","0.1","0.906","0.02583"
"2011-12-09 13:30:00+00:00","0.155","0.85","0.0224598"
"2011-12-09 14:00:00+00:00","0.132","0.731","0.0208116"
"2011-12-09 14:30:00+00:00","0.186","0.825","0.02036265"
"2011-12-09 15:00:00+00:00","0.123","0.838","0.02046105"
"2011-12-09 15:30:00+00:00","0.187","0.631","0.0182532"
"2011-12-09 16:00:00+00:00","0.13","0.625","0.0180687"
"2011-12-09 16:30:00+00:00","0.141","0.506","0.01786575"
"2011-12-09 17:00:00+00:00","0.131","0.344","0.0168756"
"2011-12-09 17:30:00+00:00","0.192","0.256","0.0155595"
"2011-12-09 18:00:00+00:00","0.31","0.144","0.01562715"
"2011-12-09 18:30:00+00:00","0.294","0.1","0.0161376"
"2011-12-09 19:00:00+00:00","0.255","0.056","0.0179088"
"2011-12-09 19:30:00+00:00","0.277","0.013","0.0176013"
"2011-12-09 20:00:00+00:00","0.414","0.0","0.01809945"
"2011-12-09 20:30:00+00:00","0.245","0.0","0.01598385"
"2011-12-09 21:00:00+00:00","0.291","0.0","0.01550415"
"2011-12-09 21:30:00+00:00","0.16","0.0","0.0155226"
"2011-12-09 22:00:00+00:00","0.157","0.0","0.0152151"
"2011-12-09 22:30:00+00:00","0.244","0.0","0.0175398"
"2011-12-09 23:00:00+00:00","0.167","0.0","0.0174906"
"2011-12-09 23:30:00+00:00","0.485","0.0","0.0173307"
"2011-12-10 00:00:00+00:00","0.692","0.0","0.0169863"
"2011-12-10 00:30:00+00:00","0.121","0.0","0.01572555"
"2011-12-10 01:00:00+00:00","0.139","0.0","0.01517205"
"2011-12-10 01:30:00+00:00","0.115","0.0","0.01471695"
"2011-12-10 02:00:00+00:00","0.202","0.0","0.01442175"
"2011-12-10 02:30:00+00:00","0.188","0.0","0.01429875"
"2011-12-10 03:00:00+00:00","0.056","0.0","0.01461855"
"2011-12-10 03:30:00+00:00","0.154","0.0","0.01460625"
"2011-12-10 04:00:00+00:00","0.174","0.0","0.01461855"
"2011-12-10 04:30:00+00:00","0.132","0.0","0.01468005"
"2011-12-10 05:00:00+00:00","0.181","0.0","0.01463085"
"2011-12-10 05:30:00+00:00","0.115","0.0","0.01472925"
"2011-12-10 06:00:00+00:00","0.107","0.0","0.01475385"
"2011-12-10 06:30:00+00:00","0.147","0.006","0.01472925"
"2011-12-10 07:00:00+00:00","0.32","0.019","0.01583625"
"2011-12-10 07:30:00+00:00","0.21","0.081","0.01636515"
"2011-12-10 08:00:00+00:00","0.086","0.131","0.01796415"
"2011-12-10 08:30:00+00:00","0.125","0.2","0.01910805"
"2011-12-10 09:00:00+00:00","0.33","0.425","0.0190773"
"2011-12-10 09:30:00+00:00","0.273","0.406","0.0195816"
"2011-12-10 10:00:00+00:00","0.245","0.381","0.019311"
"2011-12-10 10:30:00+00:00","0.275","0.606","0.01926795"
"2011-12-10 11:00:00+00:00","0.409","0.769","0.0193479"
"2011-12-10 11:30:00+00:00","0.294","0.756","0.0187698"
"2011-12-10 12:00:00+00:00","0.295","0.713","0.01859145"
"2011-12-10 12:30:00+00:00","0.242","0.756","0.01880055"
"2011-12-10 13:00:00+00:00","0.224","0.863","0.01904655"
"2011-12-10 13:30:00+00:00","0.345","0.694","0.0189912"
"2011-12-10 14:00:00+00:00","0.23","0.719","0.01822245"
"2011-12-10 14:30:00+00:00","0.215","0.681","0.0172815"
"2011-12-10 15:00:00+00:00","0.248","0.594","0.01848075"
"2011-12-10 15:30:00+00:00","0.249","0.413","0.0172077"
"2011-12-10 16:00:00+00:00","0.234","0.275","0.01781655"
"2011-12-10 16:30:00+00:00","0.238","0.569","0.01679565"
"2011-12-10 17:00:00+00:00","0.277","0.319","0.0180195"
"2011-12-10 17:30:00+00:00","0.288","0.238","0.0163344"
"2011-12-10 18:00:00+00:00","0.386","0.181","0.01581165"
"2011-12-10 18:30:00+00:00","0.387","0.063","0.0162237"
"2011-12-10 19:00:00+00:00","0.275","0.044","0.0160515"
"2011-12-10 19:30:00+00:00","0.308","0.019","0.0162237"
"2011-12-10 20:00:00+00:00","0.269","0.0","0.01608225"
"2011-12-10 20:30:00+00:00","0.2","0.0","0.01562715"
"2011-12-10 21:00:00+00:00","0.322","0.0","0.0154488"
"2011-12-10 21:30:00+00:00","0.296","0.0","0.01541805"
"2011-12-10 22:00:00+00:00","0.317","0.0","0.01511055"
"2011-12-10 22:30:00+00:00","0.184","0.0","0.01674645"
"2011-12-10 23:00:00+00:00","0.227","0.0","0.0159408"
"2011-12-10 23:30:00+00:00","0.565","0.0","0.01545495"
"2011-12-11 00:00:00+00:00","0.61","0.0","0.01520895"
"2011-12-11 00:30:00+00:00","0.147","0.0","0.01549185"
"2011-12-11 01:00:00+00:00","0.171","0.0","0.01360995"
"2011-12-11 01:30:00+00:00","0.133","0.0","0.0137145"
"2011-12-11 02:00:00+00:00","0.11","0.0","0.0124599"
"2011-12-11 02:30:00+00:00","0.202","0.0","0.01190025"
"2011-12-11 03:00:00+00:00","0.231","0.0","0.0141942"
"2011-12-11 03:30:00+00:00","0.093","0.0","0.0124968"
"2011-12-11 04:00:00+00:00","0.05","0.0","0.00990765"
"2011-12-11 04:30:00+00:00","0.207","0.0","0.0094341"
"2011-12-11 05:00:00+00:00","0.209","0.0","0.0124722"
"2011-12-11 05:30:00+00:00","0.124","0.0","0.0120294"
"2011-12-11 06:00:00+00:00","0.118","0.0","0.01229385"
"2011-12-11 06:30:00+00:00","0.163","0.006","0.0130995"
"2011-12-11 07:00:00+00:00","0.27","0.05","0.0125583"
"2011-12-11 07:30:00+00:00","0.142","0.131","0.01401585"
"2011-12-11 08:00:00+00:00","0.219","0.325","0.0147477"
"2011-12-11 08:30:00+00:00","0.212","0.45","0.0148215"
"2011-12-11 09:00:00+00:00","0.238","0.556","0.01522125"
"2011-12-11 09:30:00+00:00","0.242","0.644","0.0160515"
"2011-12-11 10:00:00+00:00","0.239","0.719","0.0159285"
"2011-12-11 10:30:00+00:00","0.118","0.775","0.01621755"
"2011-12-11 11:00:00+00:00","0.151","0.825","0.0162237"
"2011-12-11 11:30:00+00:00","0.21","0.863","0.01599"
"2011-12-11 12:00:00+00:00","0.164","0.881","0.0161868"
"2011-12-11 12:30:00+00:00","0.144","0.894","0.01715235"
"2011-12-11 13:00:00+00:00","0.299","0.75","0.01534425"
"2011-12-11 13:30:00+00:00","0.281","0.463","0.0162483"
"2011-12-11 14:00:00+00:00","0.294","0.094","0.01650045"
"2011-12-11 14:30:00+00:00","0.227","0.031","0.01502445"
"2011-12-11 15:00:00+00:00","0.187","0.05","0.01619295"
"2011-12-11 15:30:00+00:00","0.618","0.006","0.016113"
"2011-12-11 16:00:00+00:00","0.779","0.0","0.0162237"
"2011-12-11 16:30:00+00:00","0.225","0.019","0.01535655"
"2011-12-11 17:00:00+00:00","0.232","0.025","0.0172446"
"2011-12-11 17:30:00+00:00","0.392","0.006","0.01545495"
"2011-12-11 18:00:00+00:00","0.35","0.006","0.0149322"
"2011-12-11 18:30:00+00:00","0.267","0.019","0.0148707"
"2011-12-11 19:00:00+00:00","0.257","0.031","0.0173061"
"2011-12-11 19:30:00+00:00","0.31","0.0","0.0179457"
"2011-12-11 20:00:00+00:00","0.372","0.0","0.0162975"
"2011-12-11 20:30:00+00:00","0.236","0.0","0.015621"
"2011-12-11 21:00:00+00:00","0.175","0.0","0.01479075"
"2011-12-11 21:30:00+00:00","0.217","0.0","0.01496295"
"2011-12-11 22:00:00+00:00","0.116","0.0","0.0147969"
"2011-12-11 22:30:00+00:00","0.125","0.0","0.0147969"
"2011-12-11 23:00:00+00:00","0.235","0.0","0.0146001"
"2011-12-11 23:30:00+00:00","0.278","0.0","0.0147477"
"2011-12-12 00:00:00+00:00","0.847","0.0","0.0143664"
"2011-12-12 00:30:00+00:00","0.165","0.0","0.01300725"
"2011-12-12 01:00:00+00:00","0.167","0.0","0.01208475"
"2011-12-12 01:30:00+00:00","0.139","0.0","0.0136038"
"2011-12-12 02:00:00+00:00","0.122","0.0","0.01217085"
"2011-12-12 02:30:00+00:00","0.186","0.0","0.0092619"
"2011-12-12 03:00:00+00:00","0.189","0.0","0.0110331"
"2011-12-12 03:30:00+00:00","0.107","0.0","0.0122262"
"2011-12-12 04:00:00+00:00","0.129","0.0","0.014022"
"2011-12-12 04:30:00+00:00","0.157","0.0","0.0146247"
"2011-12-12 05:00:00+00:00","0.147","0.0","0.0147354"
"2011-12-12 05:30:00+00:00","0.203","0.0","0.01699245"
"2011-12-12 06:00:00+00:00","0.178","0.0","0.01734915"
"2011-12-12 06:30:00+00:00","0.217","0.0","0.0184377"
"2011-12-12 07:00:00+00:00","0.133","0.0","0.01951395"
"2011-12-12 07:30:00+00:00","0.111","0.0","0.0163221"
"2011-12-12 08:00:00+00:00","0.683","0.0","0.0158424"
"2011-12-12 08:30:00+00:00","0.585","0.0","0.0181302"
"2011-12-12 09:00:00+00:00","0.203","0.0","0.01912035"
"2011-12-12 09:30:00+00:00","0.241","0.006","0.0186837"
"2011-12-12 10:00:00+00:00","0.291","0.019","0.01860375"
"2011-12-12 10:30:00+00:00","0.214","0.031","0.01750905"
"2011-12-12 11:00:00+00:00","0.201","0.069","0.01883745"
"2011-12-12 11:30:00+00:00","0.252","0.05","0.01726305"
"2011-12-12 12:00:00+00:00","0.237","0.038","0.01764435"
"2011-12-12 12:30:00+00:00","0.342","0.044","0.0175152"
"2011-12-12 13:00:00+00:00","0.669","0.056","0.018573"
"2011-12-12 13:30:00+00:00","0.156","0.056","0.01796415"
"2011-12-12 14:00:00+00:00","0.181","0.069","0.01748445"
"2011-12-12 14:30:00+00:00","0.356","0.069","0.0167034"
"2011-12-12 15:00:00+00:00","0.166","0.069","0.0177981"
"2011-12-12 15:30:00+00:00","0.153","0.113","0.0168756"
"2011-12-12 16:00:00+00:00","0.177","0.075","0.0179211"
"2011-12-12 16:30:00+00:00","0.127","0.094","0.01721385"
"2011-12-12 17:00:00+00:00","0.266","0.088","0.0171462"
"2011-12-12 17:30:00+00:00","0.221","0.075","0.01677105"
"2011-12-12 18:00:00+00:00","0.191","0.094","0.01651275"
"2011-12-12 18:30:00+00:00","0.132","0.05","0.0158793"
"2011-12-12 19:00:00+00:00","0.216","0.025","0.01682025"
"2011-12-12 19:30:00+00:00","0.34","0.013","0.01752135"
"2011-12-12 20:00:00+00:00","0.188","0.0","0.01775505"
"2011-12-12 20:30:00+00:00","0.124","0.0","0.01643895"
"2011-12-12 21:00:00+00:00","0.203","0.0","0.0156948"
"2011-12-12 21:30:00+00:00","0.189","0.0","0.01556565"
"2011-12-12 22:00:00+00:00","0.173","0.0","0.01488915"
"2011-12-12 22:30:00+00:00","0.102","0.0","0.01752135"
"2011-12-12 23:00:00+00:00","0.079","0.0","0.01755825"
"2011-12-12 23:30:00+00:00","0.189","0.0","0.0199383"
"2011-12-13 00:00:00+00:00","0.181","0.0","0.0180564"
"2011-12-13 00:30:00+00:00","0.059","0.0","0.0166542"
"2011-12-13 01:00:00+00:00","0.085","0.0","0.01550415"
"2011-12-13 01:30:00+00:00","0.227","0.0","0.0139851"
"2011-12-13 02:00:00+00:00","0.122","0.0","0.01317945"
"2011-12-13 02:30:00+00:00","0.068","0.0","0.0126567"
"2011-12-13 03:00:00+00:00","0.161","0.0","0.01081785"
"2011-12-13 03:30:00+00:00","0.144","0.0","0.0116112"
"2011-12-13 04:00:00+00:00","0.113","0.0","0.01255215"
"2011-12-13 04:30:00+00:00","0.145","0.0","0.0147354"
"2011-12-13 05:00:00+00:00","0.13","0.0","0.0147354"
"2011-12-13 05:30:00+00:00","0.102","0.0","0.0155841"
"2011-12-13 06:00:00+00:00","0.295","0.0","0.0180687"
"2011-12-13 06:30:00+00:00","0.195","0.0","0.0194217"
"2011-12-13 07:00:00+00:00","0.109","0.019","0.01867755"
"2011-12-13 07:30:00+00:00","0.196","0.013","0.0156948"
"2011-12-13 08:00:00+00:00","0.316","0.069","0.01540575"
"2011-12-13 08:30:00+00:00","0.154","0.1","0.01903425"
"2011-12-13 09:00:00+00:00","0.088","0.231","0.0186468"
"2011-12-13 09:30:00+00:00","0.135","0.256","0.01818555"
"2011-12-13 10:00:00+00:00","0.16","0.556","0.01813635"
"2011-12-13 10:30:00+00:00","0.163","0.388","0.01570095"
"2011-12-13 11:00:00+00:00","0.112","0.606","0.01759515"
"2011-12-13 11:30:00+00:00","0.077","0.613","0.01865295"
"2011-12-13 12:00:00+00:00","0.172","0.525","0.0177735"
"2011-12-13 12:30:00+00:00","0.209","0.463","0.0191019"
"2011-12-13 13:00:00+00:00","0.369","0.75","0.01909575"
"2011-12-13 13:30:00+00:00","0.12","0.356","0.01870215"
"2011-12-13 14:00:00+00:00","0.67","0.638","0.01712775"
"2011-12-13 14:30:00+00:00","0.65","0.575","0.01653735"
"2011-12-13 15:00:00+00:00","0.597","0.269","0.01745985"
"2011-12-13 15:30:00+00:00","0.225","0.438","0.017097"
"2011-12-13 16:00:00+00:00","0.217","0.456","0.01695555"
"2011-12-13 16:30:00+00:00","0.213","0.269","0.01723845"
"2011-12-13 17:00:00+00:00","0.653","0.363","0.0167895"
"2011-12-13 17:30:00+00:00","0.798","0.244","0.0156333"
"2011-12-13 18:00:00+00:00","0.313","0.125","0.01545495"
"2011-12-13 18:30:00+00:00","0.27","0.031","0.01547955"
"2011-12-13 19:00:00+00:00","0.221","0.025","0.0154365"
"2011-12-13 19:30:00+00:00","0.234","0.006","0.0162237"
"2011-12-13 20:00:00+00:00","0.363","0.0","0.0190158"
"2011-12-13 20:30:00+00:00","0.354","0.0","0.01631595"
"2011-12-13 21:00:00+00:00","0.411","0.0","0.01560255"
"2011-12-13 21:30:00+00:00","0.27","0.0","0.01524585"
"2011-12-13 22:00:00+00:00","0.126","0.0","0.0149691"
"2011-12-13 22:30:00+00:00","0.239","0.0","0.01685715"
"2011-12-13 23:00:00+00:00","0.724","0.0","0.0173922"
"2011-12-13 23:30:00+00:00","0.495","0.0","0.01678335"
"2011-12-14 00:00:00+00:00","0.159","0.0","0.01551645"
"2011-12-14 00:30:00+00:00","0.155","0.0","0.01420035"
"2011-12-14 01:00:00+00:00","0.118","0.0","0.0123"
"2011-12-14 01:30:00+00:00","0.143","0.0","0.01208475"
"2011-12-14 02:00:00+00:00","0.122","0.0","0.0098154"
"2011-12-14 02:30:00+00:00","0.135","0.0","0.00808725"
"2011-12-14 03:00:00+00:00","0.207","0.0","0.00935415"
"2011-12-14 03:30:00+00:00","0.169","0.0","0.00913275"
"2011-12-14 04:00:00+00:00","0.092","0.0","0.010947"
"2011-12-14 04:30:00+00:00","0.14","0.0","0.01372065"
"2011-12-14 05:00:00+00:00","0.146","0.0","0.0147354"
"2011-12-14 05:30:00+00:00","0.11","0.0","0.0145509"
"2011-12-14 06:00:00+00:00","0.18","0.0","0.01650045"
"2011-12-14 06:30:00+00:00","0.228","0.006","0.01925565"
"2011-12-14 07:00:00+00:00","0.121","0.044","0.01903425"
"2011-12-14 07:30:00+00:00","0.251","0.113","0.0154242"
"2011-12-14 08:00:00+00:00","0.21","0.306","0.0161745"
"2011-12-14 08:30:00+00:00","0.134","0.281","0.0181302"
"2011-12-14 09:00:00+00:00","0.118","0.188","0.01864065"
"2011-12-14 09:30:00+00:00","0.225","0.306","0.0192741"
"2011-12-14 10:00:00+00:00","0.158","0.594","0.021279"
"2011-12-14 10:30:00+00:00","0.113","0.275","0.01921875"
"2011-12-14 11:00:00+00:00","0.206","0.331","0.0181794"
"2011-12-14 11:30:00+00:00","0.175","0.381","0.01966155"
"2011-12-14 12:00:00+00:00","0.116","0.513","0.0188805"
"2011-12-14 12:30:00+00:00","0.174","0.231","0.019803"
"2011-12-14 13:00:00+00:00","0.185","0.444","0.0201966"
"2011-12-14 13:30:00+00:00","0.092","0.406","0.0197907"
"2011-12-14 14:00:00+00:00","0.1","0.163","0.01966155"
"2011-12-14 14:30:00+00:00","0.162","0.231","0.01846845"
"2011-12-14 15:00:00+00:00","0.173","0.263","0.01849305"
"2011-12-14 15:30:00+00:00","0.529","0.356","0.01812405"
"2011-12-14 16:00:00+00:00","0.208","0.313","0.0177981"
"2011-12-14 16:30:00+00:00","0.223","0.2","0.0164205"
"2011-12-14 17:00:00+00:00","0.175","0.238","0.01614375"
"2011-12-14 17:30:00+00:00","0.277","0.156","0.0155595"
"2011-12-14 18:00:00+00:00","0.317","0.094","0.0154365"
"2011-12-14 18:30:00+00:00","0.236","0.069","0.01543035"
"2011-12-14 19:00:00+00:00","0.299","0.038","0.0154365"
"2011-12-14 19:30:00+00:00","0.271","0.013","0.0171093"
"2011-12-14 20:00:00+00:00","0.405","0.0","0.0175767"
"2011-12-14 20:30:00+00:00","0.194","0.0","0.01627905"
"2011-12-14 21:00:00+00:00","0.241","0.0","0.0154365"
"2011-12-14 21:30:00+00:00","0.451","0.0","0.0151536"
"2011-12-14 22:00:00+00:00","0.196","0.0","0.01470465"
"2011-12-14 22:30:00+00:00","0.187","0.0","0.01714005"
"2011-12-14 23:00:00+00:00","0.184","0.0","0.01725075"
"2011-12-14 23:30:00+00:00","0.144","0.0","0.01662345"
"2011-12-15 00:00:00+00:00","0.679","0.0","0.01546725"
"2011-12-15 00:30:00+00:00","0.589","0.0","0.014022"
"2011-12-15 01:00:00+00:00","0.1","0.0","0.01276125"
"2011-12-15 01:30:00+00:00","0.176","0.0","0.01282275"
"2011-12-15 02:00:00+00:00","0.197","0.0","0.0106641"
"2011-12-15 02:30:00+00:00","0.073","0.0","0.01228155"
"2011-12-15 03:00:00+00:00","0.09","0.0","0.01062105"
"2011-12-15 03:30:00+00:00","0.202","0.0","0.0118203"
"2011-12-15 04:00:00+00:00","0.149","0.0","0.0122262"
"2011-12-15 04:30:00+00:00","0.16","0.0","0.0143049"
"2011-12-15 05:00:00+00:00","0.169","0.0","0.01455705"
"2011-12-15 05:30:00+00:00","0.156","0.0","0.0156333"
"2011-12-15 06:00:00+00:00","0.167","0.0","0.0184131"
"2011-12-15 06:30:00+00:00","0.112","0.013","0.0194463"
"2011-12-15 07:00:00+00:00","0.288","0.05","0.01926795"
"2011-12-15 07:30:00+00:00","0.423","0.125","0.015744"
"2011-12-15 08:00:00+00:00","0.454","0.269","0.01636515"
"2011-12-15 08:30:00+00:00","0.261","0.469","0.01694325"
"2011-12-15 09:00:00+00:00","0.236","0.656","0.0181056"
"2011-12-15 09:30:00+00:00","0.205","0.638","0.01881285"
"2011-12-15 10:00:00+00:00","0.16","0.425","0.0176013"
"2011-12-15 10:30:00+00:00","0.264","0.631","0.016851"
"2011-12-15 11:00:00+00:00","0.244","0.838","0.01717695"
"2011-12-15 11:30:00+00:00","0.698","0.706","0.01720155"
"2011-12-15 12:00:00+00:00","0.555","0.731","0.01744755"
"2011-12-15 12:30:00+00:00","0.4","0.881","0.01867755"
"2011-12-15 13:00:00+00:00","0.106","0.944","0.0186099"
"2011-12-15 13:30:00+00:00","0.229","0.95","0.0188928"
"2011-12-15 14:00:00+00:00","0.195","0.906","0.01823475"
"2011-12-15 14:30:00+00:00","0.304","0.775","0.0164943"
"2011-12-15 15:00:00+00:00","0.159","0.85","0.0165558"
"2011-12-15 15:30:00+00:00","0.15","0.8","0.01710315"
"2011-12-15 16:00:00+00:00","0.219","0.694","0.01721385"
"2011-12-15 16:30:00+00:00","0.288","0.525","0.0165804"
"2011-12-15 17:00:00+00:00","0.312","0.369","0.0177612"
"2011-12-15 17:30:00+00:00","0.115","0.188","0.01599"
"2011-12-15 18:00:00+00:00","0.245","0.031","0.0154365"
"2011-12-15 18:30:00+00:00","0.238","0.025","0.01533195"
"2011-12-15 19:00:00+00:00","0.152","0.019","0.0159285"
"2011-12-15 19:30:00+00:00","0.2","0.0","0.01726305"
"2011-12-15 20:00:00+00:00","0.276","0.006","0.01682025"
"2011-12-15 20:30:00+00:00","0.209","0.0","0.0163836"
"2011-12-15 21:00:00+00:00","0.292","0.0","0.0152766"
"2011-12-15 21:30:00+00:00","0.193","0.0","0.0150306"
"2011-12-15 22:00:00+00:00","0.05","0.0","0.01474155"
"2011-12-15 22:30:00+00:00","0.173","0.0","0.0150183"
"2011-12-15 23:00:00+00:00","0.226","0.0","0.01561485"
"2011-12-15 23:30:00+00:00","0.41","0.0","0.0153627"
"2011-12-16 00:00:00+00:00","0.631","0.0","0.01604535"
"2011-12-16 00:30:00+00:00","0.178","0.0","0.0147477"
"2011-12-16 01:00:00+00:00","0.169","0.0","0.0139605"
"2011-12-16 01:30:00+00:00","0.123","0.0","0.01450785"
"2011-12-16 02:00:00+00:00","0.113","0.0","0.0126813"
"2011-12-16 02:30:00+00:00","0.12","0.0","0.01042425"
"2011-12-16 03:00:00+00:00","0.155","0.0","0.0108117"
"2011-12-16 03:30:00+00:00","0.171","0.0","0.01171575"
"2011-12-16 04:00:00+00:00","0.112","0.0","0.01353"
"2011-12-16 04:30:00+00:00","0.107","0.0","0.0144894"
"2011-12-16 05:00:00+00:00","0.168","0.0","0.0147354"
"2011-12-16 05:30:00+00:00","0.205","0.0","0.017589"
"2011-12-16 06:00:00+00:00","0.284","0.0","0.0192249"
"2011-12-16 06:30:00+00:00","0.219","0.013","0.01955085"
"2011-12-16 07:00:00+00:00","0.177","0.025","0.01866525"
"2011-12-16 07:30:00+00:00","0.235","0.069","0.01530735"
"2011-12-16 08:00:00+00:00","0.359","0.138","0.01551645"
"2011-12-16 08:30:00+00:00","0.103","0.325","0.01652505"
"2011-12-16 09:00:00+00:00","0.13","0.581","0.017835"
"2011-12-16 09:30:00+00:00","0.228","0.694","0.0173307"
"2011-12-16 10:00:00+00:00","0.14","0.669","0.01674645"
"2011-12-16 10:30:00+00:00","0.113","0.344","0.01626675"
"2011-12-16 11:00:00+00:00","0.152","0.369","0.0182655"
"2011-12-16 11:30:00+00:00","0.223","0.444","0.0171954"
"2011-12-16 12:00:00+00:00","0.266","0.619","0.01801335"
"2011-12-16 12:30:00+00:00","0.237","0.638","0.01652505"
"2011-12-16 13:00:00+00:00","0.102","0.781","0.0169125"
"2011-12-16 13:30:00+00:00","0.211","0.95","0.01709085"
"2011-12-16 14:00:00+00:00","0.209","0.756","0.01550415"
"2011-12-16 14:30:00+00:00","0.107","0.7","0.01592235"
"2011-12-16 15:00:00+00:00","0.112","0.55","0.01640205"
"2011-12-16 15:30:00+00:00","0.18","0.663","0.016482"
"2011-12-16 16:00:00+00:00","0.179","0.681","0.01662345"
"2011-12-16 16:30:00+00:00","0.181","0.55","0.015867"
"2011-12-16 17:00:00+00:00","0.103","0.394","0.0157317"
"2011-12-16 17:30:00+00:00","0.224","0.269","0.01539345"
"2011-12-16 18:00:00+00:00","0.263","0.075","0.0154242"
"2011-12-16 18:30:00+00:00","0.248","0.075","0.01524585"
"2011-12-16 19:00:00+00:00","0.11","0.05","0.0155841"
"2011-12-16 19:30:00+00:00","0.183","0.006","0.01572555"
"2011-12-16 20:00:00+00:00","0.244","0.0","0.0154365"
"2011-12-16 20:30:00+00:00","0.21","0.0","0.0154365"
"2011-12-16 21:00:00+00:00","0.313","0.0","0.0149322"
"2011-12-16 21:30:00+00:00","0.103","0.0","0.0154365"
"2011-12-16 22:00:00+00:00","0.155","0.0","0.0152151"
"2011-12-16 22:30:00+00:00","0.2","0.0","0.0177858"
"2011-12-16 23:00:00+00:00","0.161","0.0","0.01766895"
"2011-12-16 23:30:00+00:00","0.059","0.0","0.0181671"
"2011-12-17 00:00:00+00:00","0.128","0.0","0.0172323"
"2011-12-17 00:30:00+00:00","0.214","0.0","0.01685715"
"2011-12-17 01:00:00+00:00","0.107","0.0","0.01626675"
"2011-12-17 01:30:00+00:00","0.094","0.0","0.0164205"
"2011-12-17 02:00:00+00:00","0.173","0.0","0.01482765"
"2011-12-17 02:30:00+00:00","0.125","0.0","0.01422495"
"2011-12-17 03:00:00+00:00","0.106","0.0","0.01402815"
"2011-12-17 03:30:00+00:00","0.193","0.006","0.014514"
"2011-12-17 04:00:00+00:00","0.113","0.0","0.01468005"
"2011-12-17 04:30:00+00:00","0.081","0.0","0.0147477"
"2011-12-17 05:00:00+00:00","0.173","0.0","0.0147477"
"2011-12-17 05:30:00+00:00","0.158","0.0","0.0147354"
"2011-12-17 06:00:00+00:00","0.116","0.0","0.0147477"
"2011-12-17 06:30:00+00:00","0.181","0.0","0.0145017"
"2011-12-17 07:00:00+00:00","0.171","0.05","0.0155595"
"2011-12-17 07:30:00+00:00","0.232","0.2","0.01579935"
"2011-12-17 08:00:00+00:00","0.183","0.338","0.0158793"
"2011-12-17 08:30:00+00:00","0.114","0.325","0.01614375"
"2011-12-17 09:00:00+00:00","0.209","0.619","0.0166419"
"2011-12-17 09:30:00+00:00","0.474","0.675","0.01861605"
"2011-12-17 10:00:00+00:00","0.216","0.719","0.0162237"
"2011-12-17 10:30:00+00:00","0.138","0.806","0.0160884"
"2011-12-17 11:00:00+00:00","0.247","0.869","0.0162237"
"2011-12-17 11:30:00+00:00","0.393","0.894","0.01584855"
"2011-12-17 12:00:00+00:00","0.402","0.913","0.0159654"
"2011-12-17 12:30:00+00:00","0.614","0.9","0.0161007"
"2011-12-17 13:00:00+00:00","0.602","0.969","0.01582395"
"2011-12-17 13:30:00+00:00","0.233","0.956","0.0159162"
"2011-12-17 14:00:00+00:00","0.237","0.919","0.01565175"
"2011-12-17 14:30:00+00:00","0.161","0.894","0.0151167"
"2011-12-17 15:00:00+00:00","0.192","0.838","0.01593465"
"2011-12-17 15:30:00+00:00","0.364","0.744","0.015621"
"2011-12-17 16:00:00+00:00","0.227","0.713","0.0165927"
"2011-12-17 16:30:00+00:00","0.118","0.525","0.0162237"
"2011-12-17 17:00:00+00:00","0.089","0.381","0.0162237"
"2011-12-17 17:30:00+00:00","0.279","0.2","0.0150675"
"2011-12-17 18:00:00+00:00","0.236","0.038","0.0151659"
"2011-12-17 18:30:00+00:00","0.217","0.031","0.01476615"
"2011-12-17 19:00:00+00:00","0.247","0.038","0.01482765"
"2011-12-17 19:30:00+00:00","0.19","0.013","0.0159777"
"2011-12-17 20:00:00+00:00","0.286","0.0","0.01766895"
"2011-12-17 20:30:00+00:00","0.282","0.0","0.0153873"
"2011-12-17 21:00:00+00:00","0.28","0.0","0.0158916"
"2011-12-17 21:30:00+00:00","0.263","0.0","0.01528275"
"2011-12-17 22:00:00+00:00","0.225","0.0","0.01522125"
"2011-12-17 22:30:00+00:00","0.257","0.0","0.01567635"
"2011-12-17 23:00:00+00:00","0.196","0.0","0.01475385"
"2011-12-17 23:30:00+00:00","0.171","0.0","0.01474155"
"2011-12-18 00:00:00+00:00","0.929","0.0","0.0145632"
"2011-12-18 00:30:00+00:00","0.227","0.0","0.0141327"
"2011-12-18 01:00:00+00:00","0.109","0.0","0.01353615"
"2011-12-18 01:30:00+00:00","0.179","0.0","0.013284"
"2011-12-18 02:00:00+00:00","0.146","0.0","0.01325325"
"2011-12-18 02:30:00+00:00","0.077","0.0","0.01396665"
"2011-12-18 03:00:00+00:00","0.133","0.0","0.0125952"
"2011-12-18 03:30:00+00:00","0.204","0.0","0.01298265"
"2011-12-18 04:00:00+00:00","0.122","0.0","0.01338855"
"2011-12-18 04:30:00+00:00","0.069","0.0","0.0129519"
"2011-12-18 05:00:00+00:00","0.162","0.0","0.01215855"
"2011-12-18 05:30:00+00:00","0.17","0.0","0.0129765"
"2011-12-18 06:00:00+00:00","0.107","0.0","0.01311795"
"2011-12-18 06:30:00+00:00","0.113","0.006","0.01349925"
"2011-12-18 07:00:00+00:00","0.227","0.025","0.0147846"
"2011-12-18 07:30:00+00:00","0.179","0.081","0.01476"
"2011-12-18 08:00:00+00:00","0.302","0.138","0.01493835"
"2011-12-18 08:30:00+00:00","0.103","0.219","0.01582395"
"2011-12-18 09:00:00+00:00","0.14","0.338","0.015867"
"2011-12-18 09:30:00+00:00","0.17","0.381","0.01621755"
"2011-12-18 10:00:00+00:00","0.157","0.5","0.01591005"
"2011-12-18 10:30:00+00:00","0.13","0.681","0.0154242"
"2011-12-18 11:00:00+00:00","0.181","0.506","0.01488915"
"2011-12-18 11:30:00+00:00","0.178","0.769","0.0148338"
"2011-12-18 12:00:00+00:00","0.106","0.831","0.01477845"
"2011-12-18 12:30:00+00:00","0.198","0.856","0.01479075"
"2011-12-18 13:00:00+00:00","0.218","0.719","0.01513515"
"2011-12-18 13:30:00+00:00","0.227","0.744","0.014637"
"2011-12-18 14:00:00+00:00","0.232","0.775","0.01486455"
"2011-12-18 14:30:00+00:00","0.143","0.644","0.0148215"
"2011-12-18 15:00:00+00:00","0.064","0.531","0.01506135"
"2011-12-18 15:30:00+00:00","0.151","0.494","0.0148215"
"2011-12-18 16:00:00+00:00","0.209","0.563","0.01479075"
"2011-12-18 16:30:00+00:00","0.281","0.375","0.01504905"
"2011-12-18 17:00:00+00:00","0.488","0.288","0.01544265"
"2011-12-18 17:30:00+00:00","0.343","0.3","0.0160023"
"2011-12-18 18:00:00+00:00","0.558","0.169","0.01546725"
"2011-12-18 18:30:00+00:00","0.228","0.088","0.01479075"
"2011-12-18 19:00:00+00:00","0.285","0.056","0.01586085"
"2011-12-18 19:30:00+00:00","0.24","0.025","0.01646355"
"2011-12-18 20:00:00+00:00","0.302","0.0","0.0169002"
"2011-12-18 20:30:00+00:00","0.221","0.0","0.01583625"
"2011-12-18 21:00:00+00:00","0.165","0.0","0.0154611"
"2011-12-18 21:30:00+00:00","0.298","0.0","0.01476615"
"2011-12-18 22:00:00+00:00","0.436","0.0","0.01459395"
"2011-12-18 22:30:00+00:00","0.149","0.0","0.01624215"
"2011-12-18 23:00:00+00:00","0.214","0.0","0.01518435"
"2011-12-18 23:30:00+00:00","0.204","0.0","0.0149814"
"2011-12-19 00:00:00+00:00","0.116","0.0","0.0158301"
"2011-12-19 00:30:00+00:00","0.159","0.0","0.01549185"
"2011-12-19 01:00:00+00:00","0.223","0.0","0.01460625"
"2011-12-19 01:30:00+00:00","0.07","0.0","0.01458165"
"2011-12-19 02:00:00+00:00","0.088","0.0","0.01381905"
"2011-12-19 02:30:00+00:00","0.2","0.0","0.0127059"
"2011-12-19 03:00:00+00:00","0.148","0.0","0.0122508"
"2011-12-19 03:30:00+00:00","0.149","0.0","0.01342545"
"2011-12-19 04:00:00+00:00","0.191","0.0","0.0140097"
"2011-12-19 04:30:00+00:00","0.17","0.0","0.0146616"
"2011-12-19 05:00:00+00:00","0.142","0.0","0.0149199"
"2011-12-19 05:30:00+00:00","0.124","0.0","0.0171462"
"2011-12-19 06:00:00+00:00","0.118","0.0","0.01782885"
"2011-12-19 06:30:00+00:00","0.177","0.0","0.02097765"
"2011-12-19 07:00:00+00:00","0.296","0.019","0.0182409"
"2011-12-19 07:30:00+00:00","0.215","0.038","0.0155718"
"2011-12-19 08:00:00+00:00","0.211","0.056","0.0166542"
"2011-12-19 08:30:00+00:00","0.261","0.063","0.0188682"
"2011-12-19 09:00:00+00:00","0.126","0.025","0.0183885"
"2011-12-19 09:30:00+00:00","0.133","0.05","0.01837005"
"2011-12-19 10:00:00+00:00","0.172","0.15","0.0189174"
"2011-12-19 10:30:00+00:00","0.115","0.113","0.0205041"
"2011-12-19 11:00:00+00:00","0.177","0.075","0.02020275"
"2011-12-19 11:30:00+00:00","0.135","0.231","0.0199875"
"2011-12-19 12:00:00+00:00","0.062","0.188","0.0192372"
"2011-12-19 12:30:00+00:00","0.182","0.138","0.0180564"
"2011-12-19 13:00:00+00:00","0.209","0.156","0.01834545"
"2011-12-19 13:30:00+00:00","0.086","0.138","0.01834545"
"2011-12-19 14:00:00+00:00","0.095","0.4","0.0177366"
"2011-12-19 14:30:00+00:00","0.338","0.125","0.0172938"
"2011-12-19 15:00:00+00:00","0.207","0.1","0.01753365"
"2011-12-19 15:30:00+00:00","0.151","0.15","0.01747215"
"2011-12-19 16:00:00+00:00","0.265","0.2","0.0174537"
"2011-12-19 16:30:00+00:00","0.23","0.175","0.0173307"
"2011-12-19 17:00:00+00:00","0.201","0.125","0.0178473"
"2011-12-19 17:30:00+00:00","0.521","0.044","0.0173061"
"2011-12-19 18:00:00+00:00","0.716","0.05","0.01566405"
"2011-12-19 18:30:00+00:00","0.371","0.006","0.0154365"
"2011-12-19 19:00:00+00:00","0.255","0.0","0.016482"
"2011-12-19 19:30:00+00:00","0.356","0.0","0.016236"
"2011-12-19 20:00:00+00:00","0.287","0.0","0.01611915"
"2011-12-19 20:30:00+00:00","0.14","0.0","0.0154365"
"2011-12-19 21:00:00+00:00","0.221","0.0","0.0154365"
"2011-12-19 21:30:00+00:00","0.193","0.0","0.0154365"
"2011-12-19 22:00:00+00:00","0.138","0.0","0.01512285"
"2011-12-19 22:30:00+00:00","0.135","0.0","0.01669725"
"2011-12-19 23:00:00+00:00","0.199","0.0","0.01680795"
"2011-12-19 23:30:00+00:00","0.086","0.0","0.0169617"
"2011-12-20 00:00:00+00:00","0.947","0.0","0.017097"
"2011-12-20 00:30:00+00:00","0.185","0.0","0.0169617"
"2011-12-20 01:00:00+00:00","0.156","0.0","0.01666035"
"2011-12-20 01:30:00+00:00","0.116","0.0","0.01531965"
"2011-12-20 02:00:00+00:00","0.09","0.0","0.01471695"
"2011-12-20 02:30:00+00:00","0.152","0.0","0.01412655"
"2011-12-20 03:00:00+00:00","0.178","0.0","0.0137637"
"2011-12-20 03:30:00+00:00","0.128","0.0","0.0135915"
"2011-12-20 04:00:00+00:00","0.096","0.0","0.014022"
"2011-12-20 04:30:00+00:00","0.148","0.0","0.01428645"
"2011-12-20 05:00:00+00:00","0.146","0.0","0.0147477"
"2011-12-20 05:30:00+00:00","0.134","0.0","0.01539345"
"2011-12-20 06:00:00+00:00","0.176","0.0","0.015867"
"2011-12-20 06:30:00+00:00","0.211","0.006","0.0166296"
"2011-12-20 07:00:00+00:00","0.151","0.013","0.01712775"
"2011-12-20 07:30:00+00:00","0.284","0.05","0.0153381"
"2011-12-20 08:00:00+00:00","0.172","0.131","0.01543035"
"2011-12-20 08:30:00+00:00","0.224","0.194","0.01625445"
"2011-12-20 09:00:00+00:00","0.243","0.238","0.016113"
"2011-12-20 09:30:00+00:00","0.308","0.4","0.0169494"
"2011-12-20 10:00:00+00:00","0.161","0.2","0.01689405"
"2011-12-20 10:30:00+00:00","0.224","0.3","0.0162975"
"2011-12-20 11:00:00+00:00","0.177","0.4","0.01664805"
"2011-12-20 11:30:00+00:00","0.115","0.331","0.0161745"
"2011-12-20 12:00:00+00:00","0.169","0.525","0.01595925"
"2011-12-20 12:30:00+00:00","0.206","0.756","0.0177243"
"2011-12-20 13:00:00+00:00","0.217","0.756","0.01882515"
"2011-12-20 13:30:00+00:00","0.642","0.919","0.0176997"
"2011-12-20 14:00:00+00:00","0.276","0.65","0.0160884"
"2011-12-20 14:30:00+00:00","0.203","0.9","0.0158424"
"2011-12-20 15:00:00+00:00","0.323","0.831","0.01630365"
"2011-12-20 15:30:00+00:00","0.352","0.763","0.01546725"
"2011-12-20 16:00:00+00:00","0.206","0.7","0.0173799"
"2011-12-20 16:30:00+00:00","0.109","0.494","0.01583625"
"2011-12-20 17:00:00+00:00","0.221","0.294","0.01694325"
"2011-12-20 17:30:00+00:00","0.296","0.238","0.01497525"
"2011-12-20 18:00:00+00:00","0.576","0.081","0.0151536"
"2011-12-20 18:30:00+00:00","0.254","0.075","0.01530735"
"2011-12-20 19:00:00+00:00","0.229","0.038","0.0154365"
"2011-12-20 19:30:00+00:00","0.245","0.013","0.0165189"
"2011-12-20 20:00:00+00:00","0.276","0.0","0.01615605"
"2011-12-20 20:30:00+00:00","0.327","0.0","0.01595925"
"2011-12-20 21:00:00+00:00","0.323","0.0","0.0154365"
"2011-12-20 21:30:00+00:00","0.168","0.0","0.0152028"
"2011-12-20 22:00:00+00:00","0.119","0.0","0.01460625"
"2011-12-20 22:30:00+00:00","0.219","0.0","0.0165927"
"2011-12-20 23:00:00+00:00","0.167","0.0","0.01736145"
"2011-12-20 23:30:00+00:00","0.075","0.0","0.01631595"
"2011-12-21 00:00:00+00:00","0.119","0.0","0.01565175"
"2011-12-21 00:30:00+00:00","0.168","0.0","0.0144648"
"2011-12-21 01:00:00+00:00","0.139","0.0","0.0139359"
"2011-12-21 01:30:00+00:00","0.161","0.0","0.0137022"
"2011-12-21 02:00:00+00:00","0.117","0.0","0.00801345"
"2011-12-21 02:30:00+00:00","0.126","0.0","0.0074415"
"2011-12-21 03:00:00+00:00","0.172","0.0","0.0109839"
"2011-12-21 03:30:00+00:00","0.126","0.0","0.00921885"
"2011-12-21 04:00:00+00:00","0.152","0.0","0.01167885"
"2011-12-21 04:30:00+00:00","0.142","0.0","0.01432335"
"2011-12-21 05:00:00+00:00","0.079","0.0","0.0147354"
"2011-12-21 05:30:00+00:00","0.153","0.0","0.0162729"
"2011-12-21 06:00:00+00:00","0.226","0.0","0.017097"
"2011-12-21 06:30:00+00:00","0.078","0.0","0.0176382"
"2011-12-21 07:00:00+00:00","0.203","0.025","0.0169986"
"2011-12-21 07:30:00+00:00","0.343","0.056","0.0155964"
"2011-12-21 08:00:00+00:00","0.199","0.138","0.0163221"
"2011-12-21 08:30:00+00:00","0.128","0.225","0.0167772"
"2011-12-21 09:00:00+00:00","0.224","0.238","0.01739835"
"2011-12-21 09:30:00+00:00","0.192","0.256","0.01860375"
"2011-12-21 10:00:00+00:00","0.165","0.306","0.0188928"
"2011-12-21 10:30:00+00:00","0.16","0.338","0.0188436"
"2011-12-21 11:00:00+00:00","0.083","0.6","0.0191757"
"2011-12-21 11:30:00+00:00","0.127","0.8","0.01909575"
"2011-12-21 12:00:00+00:00","0.234","1.019","0.01994445"
"2011-12-21 12:30:00+00:00","0.18","0.856","0.0181548"
"2011-12-21 13:00:00+00:00","0.112","0.806","0.0191142"
"2011-12-21 13:30:00+00:00","0.208","0.844","0.0195201"
"2011-12-21 14:00:00+00:00","0.223","0.856","0.01819785"
"2011-12-21 14:30:00+00:00","0.102","0.75","0.01838235"
"2011-12-21 15:00:00+00:00","0.095","0.769","0.0191388"
"2011-12-21 15:30:00+00:00","0.182","0.713","0.0193848"
"2011-12-21 16:00:00+00:00","0.17","0.606","0.0198399"
"2011-12-21 16:30:00+00:00","0.109","0.531","0.0215004"
"2011-12-21 17:00:00+00:00","0.223","0.35","0.02343765"
"2011-12-21 17:30:00+00:00","0.228","0.225","0.0191757"
"2011-12-21 18:00:00+00:00","0.11","0.075","0.0175767"
"2011-12-21 18:30:00+00:00","0.14","0.144","0.01726305"
"2011-12-21 19:00:00+00:00","0.236","0.05","0.0169002"
"2011-12-21 19:30:00+00:00","0.17","0.019","0.0187083"
"2011-12-21 20:00:00+00:00","0.304","0.0","0.0184008"
"2011-12-21 20:30:00+00:00","0.46","0.0","0.0164943"
"2011-12-21 21:00:00+00:00","0.405","0.0","0.0158178"
"2011-12-21 21:30:00+00:00","0.215","0.0","0.0153504"
"2011-12-21 22:00:00+00:00","0.297","0.0","0.01468005"
"2011-12-21 22:30:00+00:00","1.156","0.0","0.0173799"
"2011-12-21 23:00:00+00:00","0.208","0.0","0.01684485"
"2011-12-21 23:30:00+00:00","0.152","0.0","0.01803795"
"2011-12-22 00:00:00+00:00","0.17","0.0","0.01715235"
"2011-12-22 00:30:00+00:00","0.168","0.0","0.0171585"
"2011-12-22 01:00:00+00:00","0.192","0.006","0.01459395"
"2011-12-22 01:30:00+00:00","0.199","0.0","0.0137883"
"2011-12-22 02:00:00+00:00","0.111","0.0","0.0126321"
"2011-12-22 02:30:00+00:00","0.145","0.0","0.01244145"
"2011-12-22 03:00:00+00:00","0.235","0.0","0.0129642"
"2011-12-22 03:30:00+00:00","0.153","0.0","0.01336395"
"2011-12-22 04:00:00+00:00","0.121","0.0","0.0134931"
"2011-12-22 04:30:00+00:00","0.186","0.0","0.01400355"
"2011-12-22 05:00:00+00:00","0.184","0.0","0.0144894"
"2011-12-22 05:30:00+00:00","0.155","0.0","0.0147846"
"2011-12-22 06:00:00+00:00","0.181","0.0","0.01509825"
"2011-12-22 06:30:00+00:00","0.141","0.0","0.0175644"
"2011-12-22 07:00:00+00:00","0.314","0.031","0.0167403"
"2011-12-22 07:30:00+00:00","0.239","0.044","0.01519665"
"2011-12-22 08:00:00+00:00","0.118","0.038","0.01573785"
"2011-12-22 08:30:00+00:00","0.34","0.056","0.01576245"
"2011-12-22 09:00:00+00:00","0.333","0.081","0.0175152"
"2011-12-22 09:30:00+00:00","0.449","0.088","0.01797645"
"2011-12-22 10:00:00+00:00","0.081","0.063","0.018081"
"2011-12-22 10:30:00+00:00","0.251","0.031","0.01798875"
"2011-12-22 11:00:00+00:00","0.205","0.063","0.01821015"
"2011-12-22 11:30:00+00:00","0.224","0.088","0.0187575"
"2011-12-22 12:00:00+00:00","0.177","0.088","0.0189789"
"2011-12-22 12:30:00+00:00","0.34","0.119","0.01776735"
"2011-12-22 13:00:00+00:00","0.258","0.288","0.0179088"
"2011-12-22 13:30:00+00:00","0.212","0.244","0.0181794"
"2011-12-22 14:00:00+00:00","0.186","0.175","0.01795185"
"2011-12-22 14:30:00+00:00","0.264","0.456","0.0175644"
"2011-12-22 15:00:00+00:00","0.279","0.288","0.0182286"
"2011-12-22 15:30:00+00:00","0.328","0.1","0.0181056"
"2011-12-22 16:00:00+00:00","0.285","0.15","0.01865295"
"2011-12-22 16:30:00+00:00","0.451","0.213","0.0184992"
"2011-12-22 17:00:00+00:00","0.261","0.294","0.01850535"
"2011-12-22 17:30:00+00:00","0.244","0.194","0.01754595"
"2011-12-22 18:00:00+00:00","0.311","0.144","0.01829625"
"2011-12-22 18:30:00+00:00","0.453","0.063","0.01796415"
"2011-12-22 19:00:00+00:00","0.422","0.025","0.01766895"
"2011-12-22 19:30:00+00:00","0.385","0.006","0.01673415"
"2011-12-22 20:00:00+00:00","0.544","0.0","0.01678335"
"2011-12-22 20:30:00+00:00","0.298","0.0","0.0162729"
"2011-12-22 21:00:00+00:00","0.237","0.0","0.01688175"
"2011-12-22 21:30:00+00:00","0.113","0.0","0.0158793"
"2011-12-22 22:00:00+00:00","0.383","0.0","0.01543035"
"2011-12-22 22:30:00+00:00","0.264","0.0","0.0188436"
"2011-12-22 23:00:00+00:00","0.155","0.0","0.0188682"
"2011-12-22 23:30:00+00:00","0.128","0.0","0.01892355"
"2011-12-23 00:00:00+00:00","0.209","0.0","0.01892355"
"2011-12-23 00:30:00+00:00","0.192","0.0","0.018819"
"2011-12-23 01:00:00+00:00","0.09","0.0","0.01702935"
"2011-12-23 01:30:00+00:00","0.11","0.0","0.01533195"
"2011-12-23 02:00:00+00:00","0.116","0.0","0.01461855"
"2011-12-23 02:30:00+00:00","0.175","0.0","0.0147354"
"2011-12-23 03:00:00+00:00","0.184","0.0","0.0142803"
"2011-12-23 03:30:00+00:00","0.135","0.0","0.0144894"
"2011-12-23 04:00:00+00:00","0.151","0.0","0.0144525"
"2011-12-23 04:30:00+00:00","0.209","0.0","0.0147108"
"2011-12-23 05:00:00+00:00","0.078","0.0","0.01476615"
"2011-12-23 05:30:00+00:00","0.064","0.0","0.0173061"
"2011-12-23 06:00:00+00:00","0.205","0.0","0.01774275"
"2011-12-23 06:30:00+00:00","0.197","0.0","0.0177735"
"2011-12-23 07:00:00+00:00","0.83","0.025","0.01780425"
"2011-12-23 07:30:00+00:00","0.458","0.081","0.0154365"
"2011-12-23 08:00:00+00:00","0.113","0.113","0.0155103"
"2011-12-23 08:30:00+00:00","0.25","0.131","0.0164697"
"2011-12-23 09:00:00+00:00","0.213","0.275","0.0171585"
"2011-12-23 09:30:00+00:00","0.205","0.463","0.01774275"
"2011-12-23 10:00:00+00:00","0.331","0.656","0.0182778"
"2011-12-23 10:30:00+00:00","0.522","0.8","0.01784115"
"2011-12-23 11:00:00+00:00","0.339","0.725","0.0169617"
"2011-12-23 11:30:00+00:00","0.235","0.538","0.01661115"
"2011-12-23 12:00:00+00:00","0.283","0.713","0.0165681"
"2011-12-23 12:30:00+00:00","0.565","0.806","0.01739835"
"2011-12-23 13:00:00+00:00","0.327","0.969","0.017466"
"2011-12-23 13:30:00+00:00","0.216","0.763","0.0173553"
"2011-12-23 14:00:00+00:00","0.292","0.85","0.0170232"
"2011-12-23 14:30:00+00:00","0.425","0.85","0.01753365"
"2011-12-23 15:00:00+00:00","0.274","0.456","0.01807485"
"2011-12-23 15:30:00+00:00","0.199","0.244","0.01816095"
"2011-12-23 16:00:00+00:00","0.253","0.294","0.0180318"
"2011-12-23 16:30:00+00:00","0.292","0.325","0.0185361"
"2011-12-23 17:00:00+00:00","0.265","0.375","0.0183639"
"2011-12-23 17:30:00+00:00","0.232","0.281","0.01645125"
"2011-12-23 18:00:00+00:00","0.227","0.163","0.0165804"
"2011-12-23 18:30:00+00:00","0.247","0.119","0.01556565"
"2011-12-23 19:00:00+00:00","0.264","0.044","0.0163836"
"2011-12-23 19:30:00+00:00","0.296","0.019","0.016236"
"2011-12-23 20:00:00+00:00","0.251","0.0","0.01631595"
"2011-12-23 20:30:00+00:00","0.232","0.0","0.0162975"
"2011-12-23 21:00:00+00:00","0.23","0.0","0.01543035"
"2011-12-23 21:30:00+00:00","0.224","0.0","0.0154242"
"2011-12-23 22:00:00+00:00","0.272","0.0","0.01523355"
"2011-12-23 22:30:00+00:00","0.522","0.0","0.01827165"
"2011-12-23 23:00:00+00:00","0.634","0.0","0.0184131"
"2011-12-23 23:30:00+00:00","0.174","0.0","0.0180195"
"2011-12-24 00:00:00+00:00","0.188","0.0","0.0167034"
"2011-12-24 00:30:00+00:00","0.179","0.0","0.01546725"
"2011-12-24 01:00:00+00:00","0.203","0.0","0.0153873"
"2011-12-24 01:30:00+00:00","0.175","0.0","0.01584855"
"2011-12-24 02:00:00+00:00","0.066","0.0","0.01480305"
"2011-12-24 02:30:00+00:00","0.148","0.0","0.01476615"
"2011-12-24 03:00:00+00:00","0.231","0.0","0.0147354"
"2011-12-24 03:30:00+00:00","0.131","0.0","0.01449555"
"2011-12-24 04:00:00+00:00","0.136","0.0","0.0147354"
"2011-12-24 04:30:00+00:00","0.226","0.0","0.0147354"
"2011-12-24 05:00:00+00:00","0.161","0.0","0.0147354"
"2011-12-24 05:30:00+00:00","0.072","0.0","0.01476615"
"2011-12-24 06:00:00+00:00","0.151","0.0","0.0147354"
"2011-12-24 06:30:00+00:00","0.214","0.038","0.01413885"
"2011-12-24 07:00:00+00:00","0.179","0.131","0.0147477"
"2011-12-24 07:30:00+00:00","0.205","0.244","0.0151536"
"2011-12-24 08:00:00+00:00","0.098","0.444","0.01619295"
"2011-12-24 08:30:00+00:00","0.233","0.313","0.01868985"
"2011-12-24 09:00:00+00:00","0.22","0.456","0.0189543"
"2011-12-24 09:30:00+00:00","0.448","0.713","0.01882515"
"2011-12-24 10:00:00+00:00","0.251","0.788","0.01856685"
"2011-12-24 10:30:00+00:00","0.376","0.85","0.01864065"
"2011-12-24 11:00:00+00:00","0.294","0.838","0.01909575"
"2011-12-24 11:30:00+00:00","0.254","0.538","0.01909575"
"2011-12-24 12:00:00+00:00","0.104","0.944","0.01951395"
"2011-12-24 12:30:00+00:00","0.189","0.906","0.0191265"
"2011-12-24 13:00:00+00:00","0.221","0.913","0.01968"
"2011-12-24 13:30:00+00:00","0.212","0.894","0.01988295"
"2011-12-24 14:00:00+00:00","0.336","0.881","0.01928025"
"2011-12-24 14:30:00+00:00","0.214","0.85","0.0193602"
"2011-12-24 15:00:00+00:00","0.249","0.813","0.01940325"
"2011-12-24 15:30:00+00:00","0.196","0.756","0.01935405"
"2011-12-24 16:00:00+00:00","0.174","0.681","0.0193602"
"2011-12-24 16:30:00+00:00","0.26","0.606","0.0187575"
"2011-12-24 17:00:00+00:00","0.262","0.394","0.01946475"
"2011-12-24 17:30:00+00:00","0.294","0.2","0.01817325"
"2011-12-24 18:00:00+00:00","0.33","0.031","0.0176751"
"2011-12-24 18:30:00+00:00","0.237","0.031","0.0160392"
"2011-12-24 19:00:00+00:00","0.172","0.025","0.01567635"
"2011-12-24 19:30:00+00:00","0.173","0.006","0.01579935"
"2011-12-24 20:00:00+00:00","0.206","0.0","0.0162237"
"2011-12-24 20:30:00+00:00","0.338","0.0","0.0162237"
"2011-12-24 21:00:00+00:00","0.284","0.0","0.01604535"
"2011-12-24 21:30:00+00:00","0.562","0.0","0.01600845"
"2011-12-24 22:00:00+00:00","0.315","0.0","0.01523355"
"2011-12-24 22:30:00+00:00","0.178","0.0","0.01624215"
"2011-12-24 23:00:00+00:00","0.182","0.0","0.0153381"
"2011-12-24 23:30:00+00:00","0.122","0.0","0.01476615"
"2011-12-25 00:00:00+00:00","0.146","0.0","0.01492605"
"2011-12-25 00:30:00+00:00","0.193","0.0","0.0138744"
"2011-12-25 01:00:00+00:00","0.961","0.0","0.0131979"
"2011-12-25 01:30:00+00:00","0.304","0.0","0.0103443"
"2011-12-25 02:00:00+00:00","0.073","0.0","0.013284"
"2011-12-25 02:30:00+00:00","0.122","0.0","0.0122631"
"2011-12-25 03:00:00+00:00","0.214","0.0","0.0095325"
"2011-12-25 03:30:00+00:00","0.188","0.0","0.0102951"
"2011-12-25 04:00:00+00:00","0.155","0.0","0.0133824"
"2011-12-25 04:30:00+00:00","0.183","0.0","0.0114513"
"2011-12-25 05:00:00+00:00","0.121","0.0","0.01133445"
"2011-12-25 05:30:00+00:00","0.144","0.0","0.0121278"
"2011-12-25 06:00:00+00:00","0.175","0.0","0.01206015"
"2011-12-25 06:30:00+00:00","0.153","0.006","0.0116727"
"2011-12-25 07:00:00+00:00","0.162","0.031","0.0142803"
"2011-12-25 07:30:00+00:00","0.364","0.113","0.01316715"
"2011-12-25 08:00:00+00:00","0.161","0.269","0.0147477"
"2011-12-25 08:30:00+00:00","0.247","0.444","0.0147354"
"2011-12-25 09:00:00+00:00","0.298","0.263","0.0147477"
"2011-12-25 09:30:00+00:00","0.227","0.588","0.0146862"
"2011-12-25 10:00:00+00:00","0.139","0.65","0.0147477"
"2011-12-25 10:30:00+00:00","0.155","0.8","0.01491375"
"2011-12-25 11:00:00+00:00","0.171","0.806","0.01493835"
"2011-12-25 11:30:00+00:00","0.167","0.881","0.01474155"
"2011-12-25 12:00:00+00:00","0.115","0.906","0.0146862"
"2011-12-25 12:30:00+00:00","0.184","0.931","0.01470465"
"2011-12-25 13:00:00+00:00","0.229","0.938","0.0146862"
"2011-12-25 13:30:00+00:00","0.208","0.919","0.0147354"
"2011-12-25 14:00:00+00:00","0.102","0.906","0.0147354"
"2011-12-25 14:30:00+00:00","0.131","0.888","0.0147354"
"2011-12-25 15:00:00+00:00","0.199","0.831","0.0147354"
"2011-12-25 15:30:00+00:00","0.209","0.781","0.0147354"
"2011-12-25 16:00:00+00:00","0.143","0.694","0.0147354"
"2011-12-25 16:30:00+00:00","0.163","0.613","0.0147354"
"2011-12-25 17:00:00+00:00","0.238","0.419","0.0147354"
"2011-12-25 17:30:00+00:00","0.182","0.263","0.0147354"
"2011-12-25 18:00:00+00:00","0.094","0.038","0.0146616"
"2011-12-25 18:30:00+00:00","0.129","0.031","0.0142557"
"2011-12-25 19:00:00+00:00","0.221","0.019","0.0144525"
"2011-12-25 19:30:00+00:00","0.377","0.006","0.01472925"
"2011-12-25 20:00:00+00:00","0.453","0.0","0.0147477"
"2011-12-25 20:30:00+00:00","0.261","0.0","0.0147354"
"2011-12-25 21:00:00+00:00","0.271","0.0","0.0147354"
"2011-12-25 21:30:00+00:00","0.379","0.0","0.0147354"
"2011-12-25 22:00:00+00:00","0.282","0.0","0.015006"
"2011-12-25 22:30:00+00:00","0.181","0.0","0.01501215"
"2011-12-25 23:00:00+00:00","0.227","0.0","0.01468005"
"2011-12-25 23:30:00+00:00","0.245","0.0","0.0147354"
"2011-12-26 00:00:00+00:00","0.182","0.0","0.0147108"
"2011-12-26 00:30:00+00:00","0.125","0.0","0.0113529"
"2011-12-26 01:00:00+00:00","0.201","0.0","0.00931725"
"2011-12-26 01:30:00+00:00","0.202","0.0","0.0085731"
"2011-12-26 02:00:00+00:00","0.189","0.0","0.0093603"
"2011-12-26 02:30:00+00:00","0.21","0.0","0.00990765"
"2011-12-26 03:00:00+00:00","0.211","0.0","0.0074169"
"2011-12-26 03:30:00+00:00","0.214","0.0","0.0085485"
"2011-12-26 04:00:00+00:00","0.158","0.0","0.00867765"
"2011-12-26 04:30:00+00:00","0.127","0.0","0.0070479"
"2011-12-26 05:00:00+00:00","0.157","0.0","0.0044649"
"2011-12-26 05:30:00+00:00","0.207","0.0","0.00675885"
"2011-12-26 06:00:00+00:00","0.175","0.0","0.0056949"
"2011-12-26 06:30:00+00:00","0.141","0.0","0.0105042"
"2011-12-26 07:00:00+00:00","0.148","0.025","0.01176495"
"2011-12-26 07:30:00+00:00","0.22","0.088","0.0112176"
"2011-12-26 08:00:00+00:00","0.229","0.181","0.01272435"
"2011-12-26 08:30:00+00:00","0.239","0.425","0.01465545"
"2011-12-26 09:00:00+00:00","0.229","0.525","0.0147354"
"2011-12-26 09:30:00+00:00","0.329","0.631","0.0147354"
"2011-12-26 10:00:00+00:00","0.411","0.738","0.0147354"
"2011-12-26 10:30:00+00:00","0.246","0.419","0.0147354"
"2011-12-26 11:00:00+00:00","0.378","0.531","0.0147354"
"2011-12-26 11:30:00+00:00","0.283","0.356","0.0147354"
"2011-12-26 12:00:00+00:00","0.153","0.356","0.0147354"
"2011-12-26 12:30:00+00:00","0.251","0.475","0.0147354"
"2011-12-26 13:00:00+00:00","0.276","0.3","0.0147354"
"2011-12-26 13:30:00+00:00","0.392","0.325","0.0147354"
"2011-12-26 14:00:00+00:00","0.219","0.363","0.0147354"
"2011-12-26 14:30:00+00:00","0.187","0.438","0.0147354"
"2011-12-26 15:00:00+00:00","0.133","0.313","0.0147354"
"2011-12-26 15:30:00+00:00","0.322","0.381","0.0147354"
"2011-12-26 16:00:00+00:00","0.306","0.244","0.0147354"
"2011-12-26 16:30:00+00:00","0.321","0.263","0.0147477"
"2011-12-26 17:00:00+00:00","0.231","0.131","0.01496295"
"2011-12-26 17:30:00+00:00","0.334","0.113","0.01479075"
"2011-12-26 18:00:00+00:00","0.336","0.05","0.0149076"
"2011-12-26 18:30:00+00:00","0.213","0.069","0.0146985"
"2011-12-26 19:00:00+00:00","0.239","0.044","0.0147354"
"2011-12-26 19:30:00+00:00","0.254","0.025","0.0149322"
"2011-12-26 20:00:00+00:00","0.439","0.0","0.0149322"
"2011-12-26 20:30:00+00:00","0.286","0.0","0.0147723"
"2011-12-26 21:00:00+00:00","0.255","0.0","0.01464315"
"2011-12-26 21:30:00+00:00","0.228","0.0","0.01474155"
"2011-12-26 22:00:00+00:00","0.211","0.0","0.0144648"
"2011-12-26 22:30:00+00:00","0.216","0.0","0.01536885"
"2011-12-26 23:00:00+00:00","0.194","0.0","0.01460625"
"2011-12-26 23:30:00+00:00","0.139","0.0","0.0145755"
"2011-12-27 00:00:00+00:00","0.681","0.0","0.0141942"
"2011-12-27 00:30:00+00:00","0.6","0.0","0.0142188"
"2011-12-27 01:00:00+00:00","0.167","0.0","0.01395435"
"2011-12-27 01:30:00+00:00","0.066","0.0","0.0124476"
"2011-12-27 02:00:00+00:00","0.178","0.0","0.01113765"
"2011-12-27 02:30:00+00:00","0.228","0.0","0.0130749"
"2011-12-27 03:00:00+00:00","0.176","0.0","0.01235535"
"2011-12-27 03:30:00+00:00","0.164","0.0","0.0118941"
"2011-12-27 04:00:00+00:00","0.174","0.0","0.0116604"
"2011-12-27 04:30:00+00:00","0.122","0.0","0.01171575"
"2011-12-27 05:00:00+00:00","0.165","0.0","0.01158045"
"2011-12-27 05:30:00+00:00","0.191","0.0","0.01273665"
"2011-12-27 06:00:00+00:00","0.166","0.0","0.0119064"
"2011-12-27 06:30:00+00:00","0.212","0.0","0.0115989"
"2011-12-27 07:00:00+00:00","0.297","0.0","0.0130626"
"2011-12-27 07:30:00+00:00","0.123","0.013","0.01459395"
"2011-12-27 08:00:00+00:00","0.139","0.119","0.0147354"
"2011-12-27 08:30:00+00:00","0.257","0.144","0.0147354"
"2011-12-27 09:00:00+00:00","0.28","0.156","0.0147477"
"2011-12-27 09:30:00+00:00","0.112","0.369","0.0147354"
"2011-12-27 10:00:00+00:00","0.119","0.1","0.0147354"
"2011-12-27 10:30:00+00:00","0.259","0.281","0.0147354"
"2011-12-27 11:00:00+00:00","0.155","0.55","0.0147231"
"2011-12-27 11:30:00+00:00","0.143","0.519","0.0147354"
"2011-12-27 12:00:00+00:00","0.225","0.675","0.0147354"
"2011-12-27 12:30:00+00:00","0.153","0.731","0.0146985"
"2011-12-27 13:00:00+00:00","0.099","0.713","0.0147354"
"2011-12-27 13:30:00+00:00","0.238","0.394","0.0147354"
"2011-12-27 14:00:00+00:00","0.261","0.313","0.0147354"
"2011-12-27 14:30:00+00:00","0.794","0.344","0.0147354"
"2011-12-27 15:00:00+00:00","0.523","0.456","0.0147354"
"2011-12-27 15:30:00+00:00","0.619","0.575","0.0147354"
"2011-12-27 16:00:00+00:00","0.624","0.588","0.0147354"
"2011-12-27 16:30:00+00:00","0.543","0.444","0.0146862"
"2011-12-27 17:00:00+00:00","0.281","0.206","0.01477845"
"2011-12-27 17:30:00+00:00","0.213","0.281","0.01527045"
"2011-12-27 18:00:00+00:00","0.277","0.2","0.01488915"
"2011-12-27 18:30:00+00:00","0.382","0.125","0.01464315"
"2011-12-27 19:00:00+00:00","0.405","0.081","0.0147354"
"2011-12-27 19:30:00+00:00","0.325","0.025","0.0147477"
"2011-12-27 20:00:00+00:00","0.357","0.0","0.0147354"
"2011-12-27 20:30:00+00:00","0.395","0.0","0.0146985"
"2011-12-27 21:00:00+00:00","0.403","0.0","0.01464315"
"2011-12-27 21:30:00+00:00","0.306","0.0","0.0146862"
"2011-12-27 22:00:00+00:00","0.28","0.0","0.01459395"
"2011-12-27 22:30:00+00:00","0.274","0.0","0.01482765"
"2011-12-27 23:00:00+00:00","0.266","0.0","0.01455705"
"2011-12-27 23:30:00+00:00","0.176","0.0","0.0146739"
"2011-12-28 00:00:00+00:00","0.158","0.0","0.0143049"
"2011-12-28 00:30:00+00:00","0.225","0.0","0.0143418"
"2011-12-28 01:00:00+00:00","0.228","0.0","0.0140097"
"2011-12-28 01:30:00+00:00","0.172","0.0","0.01274895"
"2011-12-28 02:00:00+00:00","1.045","0.0","0.0080688"
"2011-12-28 02:30:00+00:00","0.12","0.0","0.00786585"
"2011-12-28 03:00:00+00:00","0.132","0.0","0.0098523"
"2011-12-28 03:30:00+00:00","0.196","0.0","0.0107502"
"2011-12-28 04:00:00+00:00","0.235","0.0","0.01081785"
"2011-12-28 04:30:00+00:00","0.149","0.0","0.01132215"
"2011-12-28 05:00:00+00:00","0.164","0.0","0.01235535"
"2011-12-28 05:30:00+00:00","0.212","0.0","0.0147354"
"2011-12-28 06:00:00+00:00","0.143","0.0","0.01394205"
"2011-12-28 06:30:00+00:00","0.095","0.006","0.0141696"
"2011-12-28 07:00:00+00:00","0.36","0.044","0.0147477"
"2011-12-28 07:30:00+00:00","0.252","0.175","0.01502445"
"2011-12-28 08:00:00+00:00","0.16","0.313","0.0147354"
"2011-12-28 08:30:00+00:00","0.252","0.375","0.01503675"
"2011-12-28 09:00:00+00:00","0.24","0.563","0.0161376"
"2011-12-28 09:30:00+00:00","0.216","0.606","0.0163959"
"2011-12-28 10:00:00+00:00","0.142","0.688","0.0156579"
"2011-12-28 10:30:00+00:00","0.147","0.681","0.0157809"
"2011-12-28 11:00:00+00:00","0.201","0.844","0.0154611"
"2011-12-28 11:30:00+00:00","0.173","0.938","0.01545495"
"2011-12-28 12:00:00+00:00","0.072","0.956","0.01576245"
"2011-12-28 12:30:00+00:00","0.168","0.894","0.0156825"
"2011-12-28 13:00:00+00:00","0.207","0.719","0.01561485"
"2011-12-28 13:30:00+00:00","0.21","0.856","0.0160761"
"2011-12-28 14:00:00+00:00","0.124","0.95","0.0160884"
"2011-12-28 14:30:00+00:00","0.123","0.906","0.01624215"
"2011-12-28 15:00:00+00:00","0.177","0.869","0.0160761"
"2011-12-28 15:30:00+00:00","0.192","0.813","0.0161991"
"2011-12-28 16:00:00+00:00","0.145","0.731","0.0162237"
"2011-12-28 16:30:00+00:00","0.176","0.581","0.0162237"
"2011-12-28 17:00:00+00:00","0.275","0.438","0.0160515"
"2011-12-28 17:30:00+00:00","0.272","0.206","0.01507365"
"2011-12-28 18:00:00+00:00","0.228","0.044","0.0149445"
"2011-12-28 18:30:00+00:00","0.256","0.056","0.0147846"
"2011-12-28 19:00:00+00:00","0.309","0.025","0.0147846"
"2011-12-28 19:30:00+00:00","0.467","0.013","0.015006"
"2011-12-28 20:00:00+00:00","0.278","0.0","0.0150798"
"2011-12-28 20:30:00+00:00","0.311","0.0","0.0148338"
"2011-12-28 21:00:00+00:00","0.341","0.0","0.0147354"
"2011-12-28 21:30:00+00:00","0.365","0.0","0.01476"
"2011-12-28 22:00:00+00:00","0.32","0.0","0.0144402"
"2011-12-28 22:30:00+00:00","0.208","0.0","0.01509825"
"2011-12-28 23:00:00+00:00","0.168","0.0","0.01546725"
"2011-12-28 23:30:00+00:00","0.22","0.0","0.01527045"
"2011-12-29 00:00:00+00:00","0.119","0.0","0.01460625"
"2011-12-29 00:30:00+00:00","0.079","0.0","0.0147354"
"2011-12-29 01:00:00+00:00","0.171","0.0","0.01415115"
"2011-12-29 01:30:00+00:00","0.206","0.0","0.0137637"
"2011-12-29 02:00:00+00:00","0.239","0.0","0.01220775"
"2011-12-29 02:30:00+00:00","0.189","0.0","0.01292115"
"2011-12-29 03:00:00+00:00","0.072","0.0","0.0131733"
"2011-12-29 03:30:00+00:00","0.084","0.0","0.01326555"
"2011-12-29 04:00:00+00:00","0.235","0.0","0.0137637"
"2011-12-29 04:30:00+00:00","0.188","0.0","0.0147477"
"2011-12-29 05:00:00+00:00","0.153","0.0","0.0147477"
"2011-12-29 05:30:00+00:00","0.123","0.0","0.01492605"
"2011-12-29 06:00:00+00:00","0.167","0.0","0.01481535"
"2011-12-29 06:30:00+00:00","0.148","0.013","0.0147969"
"2011-12-29 07:00:00+00:00","0.184","0.044","0.0147477"
"2011-12-29 07:30:00+00:00","0.162","0.188","0.0147354"
"2011-12-29 08:00:00+00:00","0.207","0.288","0.0149937"
"2011-12-29 08:30:00+00:00","0.23","0.425","0.01599"
"2011-12-29 09:00:00+00:00","0.219","0.556","0.01622985"
"2011-12-29 09:30:00+00:00","0.281","0.631","0.01622985"
"2011-12-29 10:00:00+00:00","0.296","0.588","0.01622985"
"2011-12-29 10:30:00+00:00","0.388","0.363","0.01613145"
"2011-12-29 11:00:00+00:00","0.352","0.344","0.01613145"
"2011-12-29 11:30:00+00:00","0.296","0.469","0.01624215"
"2011-12-29 12:00:00+00:00","0.216","0.925","0.016236"
"2011-12-29 12:30:00+00:00","0.472","0.938","0.01620525"
"2011-12-29 13:00:00+00:00","0.488","0.894","0.016236"
"2011-12-29 13:30:00+00:00","0.519","0.863","0.01622985"
"2011-12-29 14:00:00+00:00","0.249","0.644","0.0162237"
"2011-12-29 14:30:00+00:00","0.516","0.281","0.016236"
"2011-12-29 15:00:00+00:00","0.245","0.413","0.016236"
"2011-12-29 15:30:00+00:00","0.25","0.763","0.0166542"
"2011-12-29 16:00:00+00:00","0.26","0.531","0.01822245"
"2011-12-29 16:30:00+00:00","0.272","0.613","0.018819"
"2011-12-29 17:00:00+00:00","0.427","0.444","0.01899735"
"2011-12-29 17:30:00+00:00","0.225","0.263","0.01650045"
"2011-12-29 18:00:00+00:00","0.2","0.094","0.01741065"
"2011-12-29 18:30:00+00:00","0.24","0.044","0.0162483"
"2011-12-29 19:00:00+00:00","0.287","0.031","0.0162483"
"2011-12-29 19:30:00+00:00","0.218","0.025","0.016236"
"2011-12-29 20:00:00+00:00","0.36","0.0","0.0162237"
"2011-12-29 20:30:00+00:00","0.377","0.0","0.0161499"
"2011-12-29 21:00:00+00:00","0.247","0.0","0.01592235"
"2011-12-29 21:30:00+00:00","0.268","0.0","0.0157317"
"2011-12-29 22:00:00+00:00","0.287","0.0","0.01487685"
"2011-12-29 22:30:00+00:00","0.336","0.0","0.0171339"
"2011-12-29 23:00:00+00:00","0.369","0.0","0.0165804"
"2011-12-29 23:30:00+00:00","0.861","0.006","0.0166911"
"2011-12-30 00:00:00+00:00","0.167","0.0","0.01696785"
"2011-12-30 00:30:00+00:00","0.251","0.0","0.01584855"
"2011-12-30 01:00:00+00:00","0.177","0.0","0.01515975"
"2011-12-30 01:30:00+00:00","0.136","0.0","0.0149076"
"2011-12-30 02:00:00+00:00","0.122","0.0","0.0133947"
"2011-12-30 02:30:00+00:00","0.187","0.0","0.01352385"
"2011-12-30 03:00:00+00:00","0.195","0.0","0.0121524"
"2011-12-30 03:30:00+00:00","0.191","0.0","0.01255215"
"2011-12-30 04:00:00+00:00","0.175","0.0","0.0128412"
"2011-12-30 04:30:00+00:00","0.097","0.0","0.0136776"
"2011-12-30 05:00:00+00:00","0.171","0.0","0.0142434"
"2011-12-30 05:30:00+00:00","0.212","0.0","0.0147354"
"2011-12-30 06:00:00+00:00","0.346","0.0","0.0147354"
"2011-12-30 06:30:00+00:00","0.236","0.019","0.01487685"
"2011-12-30 07:00:00+00:00","0.235","0.038","0.0155103"
"2011-12-30 07:30:00+00:00","0.355","0.056","0.0156333"
"2011-12-30 08:00:00+00:00","0.259","0.106","0.01624215"
"2011-12-30 08:30:00+00:00","0.125","0.138","0.01624215"
"2011-12-30 09:00:00+00:00","0.185","0.156","0.0162483"
"2011-12-30 09:30:00+00:00","0.174","0.219","0.0162483"
"2011-12-30 10:00:00+00:00","0.156","0.525","0.0174291"
"2011-12-30 10:30:00+00:00","0.125","0.556","0.0166542"
"2011-12-30 11:00:00+00:00","0.215","0.638","0.0177612"
"2011-12-30 11:30:00+00:00","0.525","0.906","0.01870215"
"2011-12-30 12:00:00+00:00","0.581","0.913","0.0165927"
"2011-12-30 12:30:00+00:00","0.835","0.931","0.0166542"
"2011-12-30 13:00:00+00:00","0.884","0.938","0.01755825"
"2011-12-30 13:30:00+00:00","0.666","0.919","0.01773045"
"2011-12-30 14:00:00+00:00","0.5","0.913","0.0177858"
"2011-12-30 14:30:00+00:00","0.26","0.9","0.0183147"
"2011-12-30 15:00:00+00:00","0.218","0.663","0.01825935"
"2011-12-30 15:30:00+00:00","0.236","0.663","0.0188682"
"2011-12-30 16:00:00+00:00","0.747","0.706","0.01866525"
"2011-12-30 16:30:00+00:00","0.817","0.444","0.0191388"
"2011-12-30 17:00:00+00:00","0.853","0.413","0.0193233"
"2011-12-30 17:30:00+00:00","0.882","0.25","0.01947705"
"2011-12-30 18:00:00+00:00","0.698","0.044","0.0190404"
"2011-12-30 18:30:00+00:00","0.487","0.044","0.0164943"
"2011-12-30 19:00:00+00:00","0.269","0.019","0.0162483"
"2011-12-30 19:30:00+00:00","0.206","0.013","0.01674645"
"2011-12-30 20:00:00+00:00","0.247","0.0","0.01728765"
"2011-12-30 20:30:00+00:00","0.404","0.0","0.0179211"
"2011-12-30 21:00:00+00:00","0.368","0.0","0.01624215"
"2011-12-30 21:30:00+00:00","0.149","0.0","0.01600845"
"2011-12-30 22:00:00+00:00","0.353","0.0","0.01568865"
"2011-12-30 22:30:00+00:00","0.568","0.0","0.017835"
"2011-12-30 23:00:00+00:00","0.753","0.0","0.0168879"
"2011-12-30 23:30:00+00:00","0.176","0.0","0.0166173"
"2011-12-31 00:00:00+00:00","0.156","0.0","0.0172938"
"2011-12-31 00:30:00+00:00","0.15","0.0","0.01619295"
"2011-12-31 01:00:00+00:00","0.141","0.0","0.0156702"
"2011-12-31 01:30:00+00:00","0.179","0.0","0.015006"
"2011-12-31 02:00:00+00:00","0.187","0.0","0.0141327"
"2011-12-31 02:30:00+00:00","0.24","0.0","0.0147354"
"2011-12-31 03:00:00+00:00","0.156","0.0","0.0144033"
"2011-12-31 03:30:00+00:00","0.093","0.0","0.0147354"
"2011-12-31 04:00:00+00:00","0.116","0.0","0.0147354"
"2011-12-31 04:30:00+00:00","0.25","0.0","0.0147354"
"2011-12-31 05:00:00+00:00","0.178","0.0","0.0147354"
"2011-12-31 05:30:00+00:00","0.131","0.0","0.0148215"
"2011-12-31 06:00:00+00:00","0.133","0.0","0.0147354"
"2011-12-31 06:30:00+00:00","0.328","0.044","0.01474155"
"2011-12-31 07:00:00+00:00","0.175","0.063","0.01474155"
"2011-12-31 07:30:00+00:00","0.134","0.125","0.0149814"
"2011-12-31 08:00:00+00:00","0.184","0.081","0.01609455"
"2011-12-31 08:30:00+00:00","0.211","0.431","0.0167895"
"2011-12-31 09:00:00+00:00","0.232","0.438","0.01625445"
"2011-12-31 09:30:00+00:00","0.113","0.438","0.0162852"
"2011-12-31 10:00:00+00:00","0.125","0.188","0.0179949"
"2011-12-31 10:30:00+00:00","0.291","0.694","0.01907115"
"2011-12-31 11:00:00+00:00","0.276","0.669","0.0188682"
"2011-12-31 11:30:00+00:00","0.15","0.863","0.01909575"
"2011-12-31 12:00:00+00:00","0.129","0.819","0.01909575"
"2011-12-31 12:30:00+00:00","0.216","0.663","0.01909575"
"2011-12-31 13:00:00+00:00","0.254","0.9","0.01875135"
"2011-12-31 13:30:00+00:00","0.322","0.938","0.01909575"
"2011-12-31 14:00:00+00:00","0.182","0.913","0.0190035"
"2011-12-31 14:30:00+00:00","0.159","0.875","0.01909575"
"2011-12-31 15:00:00+00:00","0.342","0.838","0.01909575"
"2011-12-31 15:30:00+00:00","0.557","0.781","0.0190773"
"2011-12-31 16:00:00+00:00","0.223","0.713","0.0190773"
"2011-12-31 16:30:00+00:00","0.261","0.575","0.0189297"
"2011-12-31 17:00:00+00:00","0.246","0.369","0.01909575"
"2011-12-31 17:30:00+00:00","0.268","0.25","0.01902195"
"2011-12-31 18:00:00+00:00","0.264","0.031","0.0175152"
"2011-12-31 18:30:00+00:00","0.419","0.025","0.01656195"
"2011-12-31 19:00:00+00:00","0.337","0.019","0.016113"
"2011-12-31 19:30:00+00:00","0.237","0.006","0.0162237"
"2011-12-31 20:00:00+00:00","0.26","0.0","0.01610685"
"2011-12-31 20:30:00+00:00","0.353","0.0","0.01605765"
"2011-12-31 21:00:00+00:00","0.308","0.0","0.0155472"
"2011-12-31 21:30:00+00:00","0.428","0.0","0.0161376"
"2011-12-31 22:00:00+00:00","0.397","0.0","0.0160269"
"2011-12-31 22:30:00+00:00","0.384","0.0","0.01729995"
"2011-12-31 23:00:00+00:00","0.347","0.0","0.0157932"
"2011-12-31 23:30:00+00:00","0.316","0.0","0.0159531"
"2012-01-01 00:00:00+00:00","0.268","0.0","0.0161007"
"2012-01-01 00:30:00+00:00","0.159","0.0","0.01507365"
"2012-01-01 01:00:00+00:00","0.169","0.0","0.01417575"
"2012-01-01 01:30:00+00:00","0.177","0.0","0.01383135"
"2012-01-01 02:00:00+00:00","0.141","0.0","0.0110823"
"2012-01-01 02:30:00+00:00","0.118","0.0","0.0110085"
"2012-01-01 03:00:00+00:00","0.138","0.0","0.0112668"
"2012-01-01 03:30:00+00:00","0.184","0.0","0.0109962"
"2012-01-01 04:00:00+00:00","0.178","0.0","0.0110085"
"2012-01-01 04:30:00+00:00","0.123","0.0","0.01123605"
"2012-01-01 05:00:00+00:00","0.089","0.0","0.0102705"
"2012-01-01 05:30:00+00:00","0.19","0.0","0.01105155"
"2012-01-01 06:00:00+00:00","0.176","0.0","0.0110085"
"2012-01-01 06:30:00+00:00","0.125","0.0","0.0110085"
"2012-01-01 07:00:00+00:00","0.219","0.025","0.011193"
"2012-01-01 07:30:00+00:00","0.188","0.1","0.01135905"
"2012-01-01 08:00:00+00:00","0.173","0.275","0.0113652"
"2012-01-01 08:30:00+00:00","0.146","0.438","0.01171575"
"2012-01-01 09:00:00+00:00","0.362","0.556","0.0126813"
"2012-01-01 09:30:00+00:00","0.165","0.663","0.0148338"
"2012-01-01 10:00:00+00:00","0.241","0.744","0.01610685"
"2012-01-01 10:30:00+00:00","0.146","0.825","0.01622985"
"2012-01-01 11:00:00+00:00","0.319","0.869","0.0162237"
"2012-01-01 11:30:00+00:00","0.248","0.9","0.0162237"
"2012-01-01 12:00:00+00:00","0.227","0.925","0.01608225"
"2012-01-01 12:30:00+00:00","0.252","0.944","0.01621755"
"2012-01-01 13:00:00+00:00","0.291","0.95","0.01621755"
"2012-01-01 13:30:00+00:00","0.344","0.938","0.0162237"
"2012-01-01 14:00:00+00:00","0.258","0.919","0.016236"
"2012-01-01 14:30:00+00:00","0.158","0.894","0.016236"
"2012-01-01 15:00:00+00:00","0.141","0.85","0.016482"
"2012-01-01 15:30:00+00:00","0.261","0.794","0.01791495"
"2012-01-01 16:00:00+00:00","0.34","0.719","0.0173061"
"2012-01-01 16:30:00+00:00","0.266","0.644","0.01828395"
"2012-01-01 17:00:00+00:00","0.265","0.413","0.01957545"
"2012-01-01 17:30:00+00:00","0.506","0.269","0.01887435"
"2012-01-01 18:00:00+00:00","0.402","0.025","0.0191019"
"2012-01-01 18:30:00+00:00","0.246","0.019","0.0172938"
"2012-01-01 19:00:00+00:00","0.287","0.013","0.01621755"
"2012-01-01 19:30:00+00:00","0.232","0.006","0.0163713"
"2012-01-01 20:00:00+00:00","0.131","0.0","0.01672185"
"2012-01-01 20:30:00+00:00","0.322","0.0","0.01630365"
"2012-01-01 21:00:00+00:00","0.267","0.0","0.01566405"
"2012-01-01 21:30:00+00:00","0.282","0.0","0.0161745"
"2012-01-01 22:00:00+00:00","0.22","0.0","0.01522125"
"2012-01-01 22:30:00+00:00","0.157","0.0","0.0173184"
"2012-01-01 23:00:00+00:00","0.18","0.0","0.0164697"
"2012-01-01 23:30:00+00:00","0.175","0.0","0.0155595"
"2012-01-02 00:00:00+00:00","0.314","0.0","0.0151905"
"2012-01-02 00:30:00+00:00","0.885","0.0","0.01418805"
"2012-01-02 01:00:00+00:00","0.203","0.0","0.01237995"
"2012-01-02 01:30:00+00:00","0.124","0.0","0.0139728"
"2012-01-02 02:00:00+00:00","0.118","0.0","0.01199865"
"2012-01-02 02:30:00+00:00","0.163","0.0","0.01255215"
"2012-01-02 03:00:00+00:00","0.185","0.0","0.0111807"
"2012-01-02 03:30:00+00:00","0.17","0.0","0.01057185"
"2012-01-02 04:00:00+00:00","0.124","0.0","0.01057185"
"2012-01-02 04:30:00+00:00","0.11","0.0","0.0116481"
"2012-01-02 05:00:00+00:00","0.163","0.0","0.0110331"
"2012-01-02 05:30:00+00:00","0.179","0.0","0.01122375"
"2012-01-02 06:00:00+00:00","0.296","0.0","0.0111684"
"2012-01-02 06:30:00+00:00","0.122","0.0","0.011193"
"2012-01-02 07:00:00+00:00","0.103","0.025","0.0123"
"2012-01-02 07:30:00+00:00","0.274","0.094","0.0118326"
"2012-01-02 08:00:00+00:00","0.295","0.263","0.0137514"
"2012-01-02 08:30:00+00:00","0.216","0.419","0.0146985"
"2012-01-02 09:00:00+00:00","0.13","0.538","0.0161499"
"2012-01-02 09:30:00+00:00","0.178","0.644","0.01624215"
"2012-01-02 10:00:00+00:00","0.196","0.713","0.01651275"
"2012-01-02 10:30:00+00:00","0.121","0.788","0.01606995"
"2012-01-02 11:00:00+00:00","0.152","0.85","0.01702935"
"2012-01-02 11:30:00+00:00","0.254","0.875","0.02048565"
"2012-01-02 12:00:00+00:00","0.239","0.9","0.01993215"
"2012-01-02 12:30:00+00:00","0.244","0.919","0.01934175"
"2012-01-02 13:00:00+00:00","0.114","0.919","0.0191634"
"2012-01-02 13:30:00+00:00","0.157","0.919","0.02006745"
"2012-01-02 14:00:00+00:00","0.293","0.906","0.01988295"
"2012-01-02 14:30:00+00:00","0.358","0.894","0.0197907"
"2012-01-02 15:00:00+00:00","0.591","0.844","0.01941555"
"2012-01-02 15:30:00+00:00","0.205","0.775","0.02028885"
"2012-01-02 16:00:00+00:00","0.181","0.738","0.0254733"
"2012-01-02 16:30:00+00:00","0.239","0.638","0.0256947"
"2012-01-02 17:00:00+00:00","0.403","0.444","0.0265557"
"2012-01-02 17:30:00+00:00","0.209","0.288","0.0239358"
"2012-01-02 18:00:00+00:00","0.195","0.031","0.0243048"
"2012-01-02 18:30:00+00:00","0.228","0.019","0.01988295"
"2012-01-02 19:00:00+00:00","0.294","0.013","0.0194955"
"2012-01-02 19:30:00+00:00","0.277","0.006","0.01987065"
"2012-01-02 20:00:00+00:00","0.346","0.0","0.02058405"
"2012-01-02 20:30:00+00:00","0.276","0.0","0.0212667"
"2012-01-02 21:00:00+00:00","0.359","0.0","0.01864065"
"2012-01-02 21:30:00+00:00","0.309","0.0","0.01876365"
"2012-01-02 22:00:00+00:00","0.253","0.0","0.0168141"
"2012-01-02 22:30:00+00:00","0.202","0.0","0.01851765"
"2012-01-02 23:00:00+00:00","0.291","0.0","0.0183885"
"2012-01-02 23:30:00+00:00","0.311","0.0","0.0164574"
"2012-01-03 00:00:00+00:00","0.166","0.0","0.01618065"
"2012-01-03 00:30:00+00:00","0.116","0.0","0.01578705"
"2012-01-03 01:00:00+00:00","0.233","0.0","0.016605"
"2012-01-03 01:30:00+00:00","0.214","0.0","0.0155349"
"2012-01-03 02:00:00+00:00","0.148","0.0","0.0131364"
"2012-01-03 02:30:00+00:00","0.074","0.0","0.01431105"
"2012-01-03 03:00:00+00:00","0.163","0.0","0.0130626"
"2012-01-03 03:30:00+00:00","0.218","0.0","0.0131856"
"2012-01-03 04:00:00+00:00","0.181","0.0","0.01322865"
"2012-01-03 04:30:00+00:00","0.139","0.0","0.0130257"
"2012-01-03 05:00:00+00:00","0.167","0.0","0.0139728"
"2012-01-03 05:30:00+00:00","0.143","0.0","0.01493835"
"2012-01-03 06:00:00+00:00","0.143","0.0","0.0165927"
"2012-01-03 06:30:00+00:00","0.169","0.0","0.0159531"
"2012-01-03 07:00:00+00:00","0.206","0.025","0.01741065"
"2012-01-03 07:30:00+00:00","0.202","0.088","0.01498755"
"2012-01-03 08:00:00+00:00","0.122","0.25","0.01609455"
"2012-01-03 08:30:00+00:00","0.183","0.406","0.01950165"
"2012-01-03 09:00:00+00:00","0.394","0.525","0.02026425"
"2012-01-03 09:30:00+00:00","0.252","0.625","0.02098995"
"2012-01-03 10:00:00+00:00","0.231","0.713","0.02201085"
"2012-01-03 10:30:00+00:00","0.384","0.781","0.02153115"
"2012-01-03 11:00:00+00:00","0.249","0.825","0.02407725"
"2012-01-03 11:30:00+00:00","0.386","0.863","0.0264696"
"2012-01-03 12:00:00+00:00","0.584","0.894","0.02600835"
"2012-01-03 12:30:00+00:00","0.752","0.913","0.0267402"
"2012-01-03 13:00:00+00:00","0.424","0.925","0.0268386"
"2012-01-03 13:30:00+00:00","0.339","0.931","0.02656185"
"2012-01-03 14:00:00+00:00","0.328","0.906","0.02684475"
"2012-01-03 14:30:00+00:00","0.357","0.881","0.02785335"
"2012-01-03 15:00:00+00:00","0.506","0.838","0.0287328"
"2012-01-03 15:30:00+00:00","0.586","0.775","0.03130965"
"2012-01-03 16:00:00+00:00","0.326","0.713","0.0282531"
"2012-01-03 16:30:00+00:00","0.356","0.625","0.02737365"
"2012-01-03 17:00:00+00:00","0.29","0.444","0.02376975"
"2012-01-03 17:30:00+00:00","0.308","0.288","0.02091615"
"2012-01-03 18:00:00+00:00","0.328","0.038","0.01923105"
"2012-01-03 18:30:00+00:00","0.294","0.025","0.0192864"
"2012-01-03 19:00:00+00:00","0.411","0.013","0.01777965"
"2012-01-03 19:30:00+00:00","0.297","0.006","0.01765665"
"2012-01-03 20:00:00+00:00","0.273","0.0","0.018942"
"2012-01-03 20:30:00+00:00","0.345","0.0","0.0187698"
"2012-01-03 21:00:00+00:00","0.256","0.0","0.0158916"
"2012-01-03 21:30:00+00:00","0.313","0.0","0.0160269"
"2012-01-03 22:00:00+00:00","0.352","0.0","0.0151167"
"2012-01-03 22:30:00+00:00","0.097","0.0","0.02003055"
"2012-01-03 23:00:00+00:00","0.182","0.0","0.01725075"
"2012-01-03 23:30:00+00:00","0.194","0.0","0.01602075"
"2012-01-04 00:00:00+00:00","0.238","0.0","0.0151905"
"2012-01-04 00:30:00+00:00","0.225","0.0","0.0147108"
"2012-01-04 01:00:00+00:00","0.087","0.0","0.0131241"
"2012-01-04 01:30:00+00:00","0.096","0.0","0.0121647"
"2012-01-04 02:00:00+00:00","0.164","0.0","0.0108978"
"2012-01-04 02:30:00+00:00","0.252","0.0","0.011193"
"2012-01-04 03:00:00+00:00","0.21","0.0","0.010947"
"2012-01-04 03:30:00+00:00","0.131","0.0","0.0110946"
"2012-01-04 04:00:00+00:00","0.1","0.0","0.0110946"
"2012-01-04 04:30:00+00:00","0.152","0.0","0.0118695"
"2012-01-04 05:00:00+00:00","0.439","0.0","0.01202325"
"2012-01-04 05:30:00+00:00","0.407","0.0","0.0118941"
"2012-01-04 06:00:00+00:00","0.382","0.0","0.0130011"
"2012-01-04 06:30:00+00:00","0.166","0.006","0.0134808"
"2012-01-04 07:00:00+00:00","0.324","0.025","0.01336395"
"2012-01-04 07:30:00+00:00","0.156","0.081","0.01424955"
"2012-01-04 08:00:00+00:00","0.209","0.231","0.01517205"
"2012-01-04 08:30:00+00:00","0.209","0.388","0.0158424"
"2012-01-04 09:00:00+00:00","0.308","0.494","0.01602075"
"2012-01-04 09:30:00+00:00","0.187","0.588","0.01609455"
"2012-01-04 10:00:00+00:00","0.182","0.656","0.0161622"
"2012-01-04 10:30:00+00:00","0.128","0.606","0.01621755"
"2012-01-04 11:00:00+00:00","0.12","0.656","0.0162852"
"2012-01-04 11:30:00+00:00","0.212","0.844","0.01694325"
"2012-01-04 12:00:00+00:00","0.236","0.781","0.01829625"
"2012-01-04 12:30:00+00:00","0.316","0.681","0.0197907"
"2012-01-04 13:00:00+00:00","0.387","0.881","0.01800105"
"2012-01-04 13:30:00+00:00","0.307","0.825","0.0187083"
"2012-01-04 14:00:00+00:00","0.263","0.838","0.0190035"
"2012-01-04 14:30:00+00:00","0.303","0.588","0.0187698"
"2012-01-04 15:00:00+00:00","0.335","0.25","0.0184377"
"2012-01-04 15:30:00+00:00","0.353","0.219","0.0177366"
"2012-01-04 16:00:00+00:00","0.441","0.25","0.01849305"
"2012-01-04 16:30:00+00:00","0.35","0.313","0.01786575"
"2012-01-04 17:00:00+00:00","0.289","0.263","0.01669725"
"2012-01-04 17:30:00+00:00","0.617","0.144","0.01625445"
"2012-01-04 18:00:00+00:00","0.364","0.194","0.0160392"
"2012-01-04 18:30:00+00:00","0.214","0.131","0.01573785"
"2012-01-04 19:00:00+00:00","0.229","0.038","0.01529505"
"2012-01-04 19:30:00+00:00","0.219","0.019","0.01573785"
"2012-01-04 20:00:00+00:00","0.274","0.0","0.0157563"
"2012-01-04 20:30:00+00:00","0.431","0.0","0.01512285"
"2012-01-04 21:00:00+00:00","0.386","0.006","0.01460625"
"2012-01-04 21:30:00+00:00","0.187","0.0","0.0144648"
"2012-01-04 22:00:00+00:00","0.071","0.0","0.0133701"
"2012-01-04 22:30:00+00:00","0.123","0.0","0.0147723"
"2012-01-04 23:00:00+00:00","0.248","0.0","0.014022"
"2012-01-04 23:30:00+00:00","0.26","0.0","0.0141327"
"2012-01-05 00:00:00+00:00","0.52","0.0","0.01420035"
"2012-01-05 00:30:00+00:00","0.72","0.0","0.0139605"
"2012-01-05 01:00:00+00:00","0.164","0.0","0.0123861"
"2012-01-05 01:30:00+00:00","0.178","0.0","0.0115866"
"2012-01-05 02:00:00+00:00","0.161","0.0","0.0108609"
"2012-01-05 02:30:00+00:00","0.114","0.0","0.01100235"
"2012-01-05 03:00:00+00:00","0.178","0.0","0.0110085"
"2012-01-05 03:30:00+00:00","0.202","0.0","0.0110085"
"2012-01-05 04:00:00+00:00","0.231","0.0","0.0109962"
"2012-01-05 04:30:00+00:00","0.127","0.0","0.0110085"
"2012-01-05 05:00:00+00:00","0.075","0.0","0.01188795"
"2012-01-05 05:30:00+00:00","0.138","0.0","0.01374525"
"2012-01-05 06:00:00+00:00","0.234","0.0","0.0124722"
"2012-01-05 06:30:00+00:00","0.347","0.0","0.01322865"
"2012-01-05 07:00:00+00:00","0.159","0.006","0.0140589"
"2012-01-05 07:30:00+00:00","0.18","0.025","0.0133086"
"2012-01-05 08:00:00+00:00","0.202","0.044","0.0145263"
"2012-01-05 08:30:00+00:00","0.313","0.056","0.01531965"
"2012-01-05 09:00:00+00:00","0.312","0.113","0.0158424"
"2012-01-05 09:30:00+00:00","0.195","0.1","0.01581165"
"2012-01-05 10:00:00+00:00","0.181","0.144","0.01619295"
"2012-01-05 10:30:00+00:00","0.171","0.238","0.0160392"
"2012-01-05 11:00:00+00:00","0.194","0.306","0.01637745"
"2012-01-05 11:30:00+00:00","0.227","0.469","0.0165312"
"2012-01-05 12:00:00+00:00","0.132","0.556","0.0161253"
"2012-01-05 12:30:00+00:00","0.13","0.413","0.01504905"
"2012-01-05 13:00:00+00:00","0.229","0.519","0.01520895"
"2012-01-05 13:30:00+00:00","0.178","0.863","0.0160146"
"2012-01-05 14:00:00+00:00","0.191","0.906","0.0159654"
"2012-01-05 14:30:00+00:00","0.169","0.556","0.01685715"
"2012-01-05 15:00:00+00:00","0.136","0.463","0.0171954"
"2012-01-05 15:30:00+00:00","0.184","0.506","0.0171339"
"2012-01-05 16:00:00+00:00","0.254","0.494","0.01712775"
"2012-01-05 16:30:00+00:00","0.173","0.406","0.016236"
"2012-01-05 17:00:00+00:00","0.137","0.325","0.01572555"
"2012-01-05 17:30:00+00:00","0.17","0.256","0.01605765"
"2012-01-05 18:00:00+00:00","0.194","0.194","0.01570095"
"2012-01-05 18:30:00+00:00","0.189","0.1","0.01479075"
"2012-01-05 19:00:00+00:00","0.183","0.05","0.01475385"
"2012-01-05 19:30:00+00:00","0.227","0.013","0.01512285"
"2012-01-05 20:00:00+00:00","0.171","0.0","0.0155349"
"2012-01-05 20:30:00+00:00","0.166","0.0","0.0145632"
"2012-01-05 21:00:00+00:00","0.143","0.0","0.0142803"
"2012-01-05 21:30:00+00:00","0.161","0.0","0.01405275"
"2012-01-05 22:00:00+00:00","0.188","0.0","0.01274895"
"2012-01-05 22:30:00+00:00","0.229","0.0","0.01546725"
"2012-01-05 23:00:00+00:00","0.205","0.0","0.0146247"
"2012-01-05 23:30:00+00:00","0.275","0.0","0.01407735"
"2012-01-06 00:00:00+00:00","0.24","0.0","0.01406505"
"2012-01-06 00:30:00+00:00","0.219","0.0","0.0126321"
"2012-01-06 01:00:00+00:00","0.248","0.0","0.011439"
"2012-01-06 01:30:00+00:00","0.171","0.0","0.01171575"
"2012-01-06 02:00:00+00:00","0.134","0.0","0.01128525"
"2012-01-06 02:30:00+00:00","0.154","0.006","0.0113775"
"2012-01-06 03:00:00+00:00","0.254","0.0","0.0110085"
"2012-01-06 03:30:00+00:00","0.245","0.0","0.0106887"
"2012-01-06 04:00:00+00:00","0.139","0.0","0.0109962"
"2012-01-06 04:30:00+00:00","0.131","0.0","0.0110085"
"2012-01-06 05:00:00+00:00","0.198","0.0","0.01175265"
"2012-01-06 05:30:00+00:00","0.366","0.0","0.01340085"
"2012-01-06 06:00:00+00:00","0.196","0.0","0.0118941"
"2012-01-06 06:30:00+00:00","0.13","0.0","0.01293345"
"2012-01-06 07:00:00+00:00","0.132","0.0","0.01359765"
"2012-01-06 07:30:00+00:00","0.253","0.0","0.01335165"
"2012-01-06 08:00:00+00:00","0.199","0.0","0.0146862"
"2012-01-06 08:30:00+00:00","0.151","0.006","0.0150675"
"2012-01-06 09:00:00+00:00","0.208","0.006","0.0160146"
"2012-01-06 09:30:00+00:00","0.294","0.013","0.01618065"
"2012-01-06 10:00:00+00:00","0.248","0.019","0.016236"
"2012-01-06 10:30:00+00:00","0.305","0.044","0.0160269"
"2012-01-06 11:00:00+00:00","0.35","0.044","0.01572555"
"2012-01-06 11:30:00+00:00","0.17","0.056","0.0160638"
"2012-01-06 12:00:00+00:00","0.171","0.106","0.0165435"
"2012-01-06 12:30:00+00:00","0.193","0.375","0.01638975"
"2012-01-06 13:00:00+00:00","0.262","0.65","0.0162975"
"2012-01-06 13:30:00+00:00","0.341","0.706","0.01619295"
"2012-01-06 14:00:00+00:00","0.246","0.613","0.01636515"
"2012-01-06 14:30:00+00:00","0.161","0.231","0.01634055"
"2012-01-06 15:00:00+00:00","0.219","0.138","0.0162852"
"2012-01-06 15:30:00+00:00","0.246","0.113","0.01584855"
"2012-01-06 16:00:00+00:00","0.346","0.188","0.0162483"
"2012-01-06 16:30:00+00:00","0.282","0.138","0.01606995"
"2012-01-06 17:00:00+00:00","0.305","0.056","0.01604535"
"2012-01-06 17:30:00+00:00","0.277","0.031","0.0147354"
"2012-01-06 18:00:00+00:00","0.203","0.038","0.01412655"
"2012-01-06 18:30:00+00:00","0.287","0.044","0.01391745"
"2012-01-06 19:00:00+00:00","0.364","0.038","0.0139359"
"2012-01-06 19:30:00+00:00","0.416","0.019","0.01386825"
"2012-01-06 20:00:00+00:00","0.288","0.0","0.0142434"
"2012-01-06 20:30:00+00:00","0.183","0.0","0.0138621"
"2012-01-06 21:00:00+00:00","0.226","0.0","0.0138252"
"2012-01-06 21:30:00+00:00","0.368","0.0","0.0133455"
"2012-01-06 22:00:00+00:00","0.259","0.0","0.0130503"
"2012-01-06 22:30:00+00:00","0.144","0.0","0.01488915"
"2012-01-06 23:00:00+00:00","0.07","0.0","0.0154734"
"2012-01-06 23:30:00+00:00","0.146","0.0","0.01562715"
"2012-01-07 00:00:00+00:00","0.185","0.0","0.01501215"
"2012-01-07 00:30:00+00:00","0.138","0.0","0.01498755"
"2012-01-07 01:00:00+00:00","0.078","0.0","0.0135546"
"2012-01-07 01:30:00+00:00","0.127","0.0","0.0131241"
"2012-01-07 02:00:00+00:00","0.134","0.0","0.01068255"
"2012-01-07 02:30:00+00:00","0.184","0.0","0.01057185"
"2012-01-07 03:00:00+00:00","0.182","0.0","0.01031355"
"2012-01-07 03:30:00+00:00","0.196","0.0","0.0106272"
"2012-01-07 04:00:00+00:00","0.146","0.0","0.0099261"
"2012-01-07 04:30:00+00:00","0.13","0.0","0.01099005"
"2012-01-07 05:00:00+00:00","0.136","0.0","0.0107625"
"2012-01-07 05:30:00+00:00","0.174","0.0","0.0110085"
"2012-01-07 06:00:00+00:00","0.059","0.0","0.01101465"
"2012-01-07 06:30:00+00:00","0.119","0.006","0.0113037"
"2012-01-07 07:00:00+00:00","0.483","0.031","0.01183875"
"2012-01-07 07:30:00+00:00","0.272","0.088","0.0117588"
"2012-01-07 08:00:00+00:00","0.208","0.238","0.0123861"
"2012-01-07 08:30:00+00:00","0.477","0.381","0.01396665"
"2012-01-07 09:00:00+00:00","0.508","0.494","0.01433565"
"2012-01-07 09:30:00+00:00","0.552","0.588","0.0147354"
"2012-01-07 10:00:00+00:00","0.778","0.681","0.0146001"
"2012-01-07 10:30:00+00:00","0.734","0.85","0.0146739"
"2012-01-07 11:00:00+00:00","0.705","0.888","0.01527045"
"2012-01-07 11:30:00+00:00","0.677","0.713","0.01470465"
"2012-01-07 12:00:00+00:00","0.834","0.913","0.0155841"
"2012-01-07 12:30:00+00:00","1.417","0.875","0.0142065"
"2012-01-07 13:00:00+00:00","0.269","0.888","0.013407"
"2012-01-07 13:30:00+00:00","0.203","0.931","0.01335165"
"2012-01-07 14:00:00+00:00","0.253","0.919","0.01357305"
"2012-01-07 14:30:00+00:00","0.302","0.888","0.0135669"
"2012-01-07 15:00:00+00:00","0.181","0.806","0.0138129"
"2012-01-07 15:30:00+00:00","0.181","0.788","0.013899"
"2012-01-07 16:00:00+00:00","0.418","0.731","0.01443405"
"2012-01-07 16:30:00+00:00","0.2","0.656","0.0141696"
"2012-01-07 17:00:00+00:00","0.183","0.4","0.0147354"
"2012-01-07 17:30:00+00:00","0.178","0.269","0.01415115"
"2012-01-07 18:00:00+00:00","0.27","0.144","0.0136776"
"2012-01-07 18:30:00+00:00","0.701","0.125","0.01331475"
"2012-01-07 19:00:00+00:00","0.479","0.05","0.0135669"
"2012-01-07 19:30:00+00:00","0.285","0.006","0.0146124"
"2012-01-07 20:00:00+00:00","0.209","0.0","0.0147846"
"2012-01-07 20:30:00+00:00","0.309","0.0","0.01470465"
"2012-01-07 21:00:00+00:00","0.637","0.0","0.01438485"
"2012-01-07 21:30:00+00:00","0.59","0.0","0.0144771"
"2012-01-07 22:00:00+00:00","0.521","0.0","0.01351155"
"2012-01-07 22:30:00+00:00","0.858","0.006","0.01417575"
"2012-01-07 23:00:00+00:00","0.841","0.0","0.01305645"
"2012-01-07 23:30:00+00:00","0.319","0.0","0.01316715"
"2012-01-08 00:00:00+00:00","0.187","0.0","0.01327785"
"2012-01-08 00:30:00+00:00","0.222","0.0","0.01442175"
"2012-01-08 01:00:00+00:00","0.178","0.0","0.0124599"
"2012-01-08 01:30:00+00:00","0.186","0.0","0.0108609"
"2012-01-08 02:00:00+00:00","0.182","0.0","0.0101352"
"2012-01-08 02:30:00+00:00","0.183","0.0","0.0106149"
"2012-01-08 03:00:00+00:00","0.143","0.0","0.01006755"
"2012-01-08 03:30:00+00:00","0.168","0.0","0.0084747"
"2012-01-08 04:00:00+00:00","0.189","0.0","0.0104673"
"2012-01-08 04:30:00+00:00","0.155","0.0","0.0084993"
"2012-01-08 05:00:00+00:00","0.173","0.0","0.0078105"
"2012-01-08 05:30:00+00:00","0.204","0.0","0.00937875"
"2012-01-08 06:00:00+00:00","0.132","0.0","0.007872"
"2012-01-08 06:30:00+00:00","0.249","0.0","0.01038735"
"2012-01-08 07:00:00+00:00","0.199","0.019","0.01117455"
"2012-01-08 07:30:00+00:00","0.244","0.075","0.0105288"
"2012-01-08 08:00:00+00:00","0.152","0.25","0.01126065"
"2012-01-08 08:30:00+00:00","0.126","0.288","0.01158045"
"2012-01-08 09:00:00+00:00","0.452","0.494","0.0118449"
"2012-01-08 09:30:00+00:00","0.242","0.288","0.0120663"
"2012-01-08 10:00:00+00:00","0.195","0.413","0.01271205"
"2012-01-08 10:30:00+00:00","0.253","0.569","0.01246605"
"2012-01-08 11:00:00+00:00","0.179","0.55","0.01208475"
"2012-01-08 11:30:00+00:00","0.168","0.444","0.01245375"
"2012-01-08 12:00:00+00:00","0.136","0.681","0.0126936"
"2012-01-08 12:30:00+00:00","0.131","0.694","0.0136284"
"2012-01-08 13:00:00+00:00","0.236","0.488","0.01352385"
"2012-01-08 13:30:00+00:00","0.178","0.563","0.01351155"
"2012-01-08 14:00:00+00:00","0.177","0.331","0.01314255"
"2012-01-08 14:30:00+00:00","0.223","0.35","0.01266285"
"2012-01-08 15:00:00+00:00","0.201","0.469","0.01335165"
"2012-01-08 15:30:00+00:00","0.17","0.356","0.01360995"
"2012-01-08 16:00:00+00:00","0.208","0.381","0.01476"
"2012-01-08 16:30:00+00:00","0.163","0.256","0.01486455"
"2012-01-08 17:00:00+00:00","0.129","0.369","0.01523355"
"2012-01-08 17:30:00+00:00","0.235","0.238","0.0155595"
"2012-01-08 18:00:00+00:00","0.239","0.069","0.0155472"
"2012-01-08 18:30:00+00:00","0.212","0.075","0.01480305"
"2012-01-08 19:00:00+00:00","0.245","0.088","0.0144648"
"2012-01-08 19:30:00+00:00","0.408","0.0","0.0149691"
"2012-01-08 20:00:00+00:00","0.218","0.0","0.01501215"
"2012-01-08 20:30:00+00:00","0.241","0.0","0.01410195"
"2012-01-08 21:00:00+00:00","0.215","0.0","0.01281045"
"2012-01-08 21:30:00+00:00","0.216","0.0","0.01316715"
"2012-01-08 22:00:00+00:00","0.123","0.0","0.01159275"
"2012-01-08 22:30:00+00:00","0.149","0.0","0.01281045"
"2012-01-08 23:00:00+00:00","0.183","0.0","0.012177"
"2012-01-08 23:30:00+00:00","0.176","0.0","0.01133445"
"2012-01-09 00:00:00+00:00","0.165","0.0","0.0106026"
"2012-01-09 00:30:00+00:00","0.144","0.0","0.01145745"
"2012-01-09 01:00:00+00:00","0.099","0.0","0.01060875"
"2012-01-09 01:30:00+00:00","0.075","0.0","0.010332"
"2012-01-09 02:00:00+00:00","0.107","0.0","0.0102828"
"2012-01-09 02:30:00+00:00","0.155","0.0","0.00871455"
"2012-01-09 03:00:00+00:00","0.165","0.006","0.00775515"
"2012-01-09 03:30:00+00:00","0.162","0.0","0.00782895"
"2012-01-09 04:00:00+00:00","0.16","0.0","0.00881295"
"2012-01-09 04:30:00+00:00","0.056","0.0","0.00840705"
"2012-01-09 05:00:00+00:00","0.044","0.0","0.01084245"
"2012-01-09 05:30:00+00:00","0.162","0.0","0.01244145"
"2012-01-09 06:00:00+00:00","0.165","0.0","0.0139236"
"2012-01-09 06:30:00+00:00","0.173","0.0","0.0160761"
"2012-01-09 07:00:00+00:00","0.266","0.0","0.01567635"
"2012-01-09 07:30:00+00:00","0.054","0.013","0.01385595"
"2012-01-09 08:00:00+00:00","0.255","0.05","0.0151905"
"2012-01-09 08:30:00+00:00","0.214","0.244","0.01546725"
"2012-01-09 09:00:00+00:00","0.431","0.45","0.01608225"
"2012-01-09 09:30:00+00:00","0.3","0.6","0.0162483"
"2012-01-09 10:00:00+00:00","0.31","0.681","0.01627905"
"2012-01-09 10:30:00+00:00","0.325","0.775","0.0162114"
"2012-01-09 11:00:00+00:00","0.41","0.781","0.01626675"
"2012-01-09 11:30:00+00:00","0.653","0.881","0.01610685"
"2012-01-09 12:00:00+00:00","0.396","0.819","0.0159777"
"2012-01-09 12:30:00+00:00","0.339","0.838","0.01603305"
"2012-01-09 13:00:00+00:00","0.244","0.894","0.01560255"
"2012-01-09 13:30:00+00:00","0.235","0.881","0.01608225"
"2012-01-09 14:00:00+00:00","0.189","0.869","0.0161499"
"2012-01-09 14:30:00+00:00","0.18","0.838","0.01570095"
"2012-01-09 15:00:00+00:00","0.293","0.813","0.0162483"
"2012-01-09 15:30:00+00:00","0.372","0.738","0.01626675"
"2012-01-09 16:00:00+00:00","0.31","0.7","0.0162606"
"2012-01-09 16:30:00+00:00","0.395","0.6","0.01602075"
"2012-01-09 17:00:00+00:00","0.332","0.369","0.0162483"
"2012-01-09 17:30:00+00:00","0.233","0.288","0.01490145"
"2012-01-09 18:00:00+00:00","0.241","0.175","0.01481535"
"2012-01-09 18:30:00+00:00","0.288","0.081","0.0149937"
"2012-01-09 19:00:00+00:00","0.286","0.081","0.01507365"
"2012-01-09 19:30:00+00:00","0.275","0.025","0.0149937"
"2012-01-09 20:00:00+00:00","0.405","0.006","0.0162237"
"2012-01-09 20:30:00+00:00","0.295","0.0","0.0156825"
"2012-01-09 21:00:00+00:00","0.225","0.0","0.014883"
"2012-01-09 21:30:00+00:00","0.204","0.0","0.0145386"
"2012-01-09 22:00:00+00:00","0.23","0.0","0.0137391"
"2012-01-09 22:30:00+00:00","0.639","0.0","0.01583625"
"2012-01-09 23:00:00+00:00","0.549","0.0","0.01557795"
"2012-01-09 23:30:00+00:00","0.205","0.0","0.0167526"
"2012-01-10 00:00:00+00:00","0.129","0.0","0.01698015"
"2012-01-10 00:30:00+00:00","0.124","0.0","0.01515975"
"2012-01-10 01:00:00+00:00","0.23","0.0","0.0149322"
"2012-01-10 01:30:00+00:00","0.222","0.0","0.0142065"
"2012-01-10 02:00:00+00:00","0.184","0.0","0.01274895"
"2012-01-10 02:30:00+00:00","0.079","0.0","0.0107871"
"2012-01-10 03:00:00+00:00","0.109","0.0","0.0102459"
"2012-01-10 03:30:00+00:00","0.208","0.0","0.01107615"
"2012-01-10 04:00:00+00:00","0.182","0.0","0.01016595"
"2012-01-10 04:30:00+00:00","0.166","0.0","0.0110085"
"2012-01-10 05:00:00+00:00","0.207","0.0","0.01063335"
"2012-01-10 05:30:00+00:00","0.099","0.0","0.0140466"
"2012-01-10 06:00:00+00:00","0.146","0.0","0.01452015"
"2012-01-10 06:30:00+00:00","0.243","0.0","0.0158424"
"2012-01-10 07:00:00+00:00","0.239","0.013","0.01605765"
"2012-01-10 07:30:00+00:00","0.185","0.069","0.0146862"
"2012-01-10 08:00:00+00:00","0.231","0.144","0.01508595"
"2012-01-10 08:30:00+00:00","0.235","0.25","0.01606995"
"2012-01-10 09:00:00+00:00","0.233","0.419","0.01600845"
"2012-01-10 09:30:00+00:00","0.197","0.569","0.01517205"
"2012-01-10 10:00:00+00:00","0.162","0.706","0.01549185"
"2012-01-10 10:30:00+00:00","0.173","0.731","0.01675875"
"2012-01-10 11:00:00+00:00","0.147","0.831","0.01600845"
"2012-01-10 11:30:00+00:00","0.113","0.869","0.01589775"
"2012-01-10 12:00:00+00:00","0.158","0.869","0.0153012"
"2012-01-10 12:30:00+00:00","0.23","0.925","0.01608225"
"2012-01-10 13:00:00+00:00","0.186","0.794","0.01568865"
"2012-01-10 13:30:00+00:00","0.407","0.894","0.01591005"
"2012-01-10 14:00:00+00:00","0.33","0.756","0.0155841"
"2012-01-10 14:30:00+00:00","0.313","0.631","0.0130749"
"2012-01-10 15:00:00+00:00","0.302","0.425","0.01573785"
"2012-01-10 15:30:00+00:00","0.407","0.469","0.0156825"
"2012-01-10 16:00:00+00:00","0.456","0.319","0.01620525"
"2012-01-10 16:30:00+00:00","0.832","0.3","0.01608225"
"2012-01-10 17:00:00+00:00","1.219","0.331","0.0157809"
"2012-01-10 17:30:00+00:00","0.631","0.263","0.0149568"
"2012-01-10 18:00:00+00:00","0.794","0.194","0.01547955"
"2012-01-10 18:30:00+00:00","0.284","0.138","0.01449555"
"2012-01-10 19:00:00+00:00","0.436","0.075","0.01449555"
"2012-01-10 19:30:00+00:00","0.327","0.013","0.0150306"
"2012-01-10 20:00:00+00:00","0.445","0.0","0.01603305"
"2012-01-10 20:30:00+00:00","0.391","0.0","0.0153504"
"2012-01-10 21:00:00+00:00","0.301","0.0","0.013899"
"2012-01-10 21:30:00+00:00","0.392","0.0","0.0130626"
"2012-01-10 22:00:00+00:00","0.46","0.0","0.01218315"
"2012-01-10 22:30:00+00:00","0.253","0.0","0.01593465"
"2012-01-10 23:00:00+00:00","0.192","0.0","0.0132717"
"2012-01-10 23:30:00+00:00","0.143","0.0","0.01348695"
"2012-01-11 00:00:00+00:00","0.937","0.006","0.0128166"
"2012-01-11 00:30:00+00:00","0.23","0.0","0.01445865"
"2012-01-11 01:00:00+00:00","0.229","0.0","0.01099005"
"2012-01-11 01:30:00+00:00","0.226","0.0","0.0099015"
"2012-01-11 02:00:00+00:00","0.188","0.0","0.0091143"
"2012-01-11 02:30:00+00:00","0.172","0.0","0.0104796"
"2012-01-11 03:00:00+00:00","0.215","0.0","0.0107871"
"2012-01-11 03:30:00+00:00","0.228","0.0","0.0106641"
"2012-01-11 04:00:00+00:00","0.181","0.0","0.00996915"
"2012-01-11 04:30:00+00:00","0.11","0.0","0.01121145"
"2012-01-11 05:00:00+00:00","0.158","0.0","0.0097293"
"2012-01-11 05:30:00+00:00","0.233","0.0","0.0108363"
"2012-01-11 06:00:00+00:00","0.188","0.0","0.0139851"
"2012-01-11 06:30:00+00:00","0.167","0.0","0.0148584"
"2012-01-11 07:00:00+00:00","0.316","0.019","0.0155841"
"2012-01-11 07:30:00+00:00","0.256","0.119","0.0130134"
"2012-01-11 08:00:00+00:00","0.273","0.238","0.01293345"
"2012-01-11 08:30:00+00:00","0.345","0.463","0.01370835"
"2012-01-11 09:00:00+00:00","0.219","0.475","0.01501215"
"2012-01-11 09:30:00+00:00","0.222","0.538","0.01527045"
"2012-01-11 10:00:00+00:00","0.136","0.763","0.0151782"
"2012-01-11 10:30:00+00:00","0.192","0.819","0.0147846"
"2012-01-11 11:00:00+00:00","0.218","0.881","0.01487685"
"2012-01-11 11:30:00+00:00","0.238","0.919","0.01389285"
"2012-01-11 12:00:00+00:00","0.193","0.944","0.01325325"
"2012-01-11 12:30:00+00:00","0.173","0.975","0.01316715"
"2012-01-11 13:00:00+00:00","0.196","0.969","0.01359765"
"2012-01-11 13:30:00+00:00","0.174","0.931","0.01453245"
"2012-01-11 14:00:00+00:00","0.144","0.931","0.0149445"
"2012-01-11 14:30:00+00:00","0.184","0.906","0.01504905"
"2012-01-11 15:00:00+00:00","0.215","0.863","0.0149568"
"2012-01-11 15:30:00+00:00","0.233","0.806","0.0146001"
"2012-01-11 16:00:00+00:00","0.214","0.75","0.01497525"
"2012-01-11 16:30:00+00:00","0.176","0.675","0.01485225"
"2012-01-11 17:00:00+00:00","0.174","0.45","0.01527045"
"2012-01-11 17:30:00+00:00","0.167","0.288","0.01486455"
"2012-01-11 18:00:00+00:00","0.172","0.05","0.0148584"
"2012-01-11 18:30:00+00:00","0.255","0.025","0.01448325"
"2012-01-11 19:00:00+00:00","0.248","0.019","0.0132594"
"2012-01-11 19:30:00+00:00","0.283","0.006","0.0137637"
"2012-01-11 20:00:00+00:00","0.469","0.0","0.0147477"
"2012-01-11 20:30:00+00:00","0.282","0.0","0.0148707"
"2012-01-11 21:00:00+00:00","0.19","0.0","0.0136284"
"2012-01-11 21:30:00+00:00","0.243","0.0","0.01269975"
"2012-01-11 22:00:00+00:00","0.23","0.0","0.01151895"
"2012-01-11 22:30:00+00:00","0.233","0.0","0.01375755"
"2012-01-11 23:00:00+00:00","0.192","0.0","0.01301955"
"2012-01-11 23:30:00+00:00","0.162","0.0","0.01292115"
"2012-01-12 00:00:00+00:00","0.117","0.0","0.0128781"
"2012-01-12 00:30:00+00:00","0.114","0.0","0.0114759"
"2012-01-12 01:00:00+00:00","0.128","0.0","0.0105411"
"2012-01-12 01:30:00+00:00","0.171","0.0","0.01059645"
"2012-01-12 02:00:00+00:00","0.21","0.0","0.0106026"
"2012-01-12 02:30:00+00:00","0.188","0.0","0.01079325"
"2012-01-12 03:00:00+00:00","0.053","0.0","0.0108609"
"2012-01-12 03:30:00+00:00","0.069","0.0","0.01070715"
"2012-01-12 04:00:00+00:00","0.215","0.0","0.01097775"
"2012-01-12 04:30:00+00:00","0.205","0.0","0.01102695"
"2012-01-12 05:00:00+00:00","0.114","0.0","0.0110454"
"2012-01-12 05:30:00+00:00","0.108","0.0","0.01124835"
"2012-01-12 06:00:00+00:00","0.151","0.0","0.0128412"
"2012-01-12 06:30:00+00:00","0.14","0.0","0.01531965"
"2012-01-12 07:00:00+00:00","0.293","0.013","0.0160884"
"2012-01-12 07:30:00+00:00","0.257","0.069","0.01349925"
"2012-01-12 08:00:00+00:00","0.219","0.225","0.013161"
"2012-01-12 08:30:00+00:00","0.073","0.413","0.0148215"
"2012-01-12 09:00:00+00:00","0.17","0.538","0.01479075"
"2012-01-12 09:30:00+00:00","0.146","0.644","0.0148215"
"2012-01-12 10:00:00+00:00","0.201","0.738","0.010209"
"2012-01-12 10:30:00+00:00","0.137","0.819","0.01325325"
"2012-01-12 11:00:00+00:00","0.124","0.875","0.01370835"
"2012-01-12 11:30:00+00:00","0.176","0.919","0.0144279"
"2012-01-12 12:00:00+00:00","0.08","0.963","0.0141081"
"2012-01-12 12:30:00+00:00","0.132","0.963","0.01477845"
"2012-01-12 13:00:00+00:00","0.226","0.95","0.01445865"
"2012-01-12 13:30:00+00:00","0.158","0.925","0.0147477"
"2012-01-12 14:00:00+00:00","0.132","0.938","0.0141081"
"2012-01-12 14:30:00+00:00","0.142","0.906","0.0121524"
"2012-01-12 15:00:00+00:00","0.118","0.869","0.0126075"
"2012-01-12 15:30:00+00:00","0.129","0.806","0.01550415"
"2012-01-12 16:00:00+00:00","0.176","0.738","0.0162483"
"2012-01-12 16:30:00+00:00","0.18","0.644","0.01582395"
"2012-01-12 17:00:00+00:00","0.18","0.4","0.0151413"
"2012-01-12 17:30:00+00:00","0.166","0.3","0.01428645"
"2012-01-12 18:00:00+00:00","0.258","0.038","0.0136653"
"2012-01-12 18:30:00+00:00","0.289","0.025","0.0146985"
"2012-01-12 19:00:00+00:00","0.259","0.013","0.01477845"
"2012-01-12 19:30:00+00:00","0.179","0.006","0.01549185"
"2012-01-12 20:00:00+00:00","0.349","0.0","0.0162483"
"2012-01-12 20:30:00+00:00","0.277","0.0","0.0153873"
"2012-01-12 21:00:00+00:00","0.217","0.0","0.01379445"
"2012-01-12 21:30:00+00:00","0.173","0.0","0.0132102"
"2012-01-12 22:00:00+00:00","0.309","0.0","0.01159275"
"2012-01-12 22:30:00+00:00","0.19","0.0","0.0131118"
"2012-01-12 23:00:00+00:00","0.119","0.0","0.01231845"
"2012-01-12 23:30:00+00:00","0.149","0.0","0.0129396"
"2012-01-13 00:00:00+00:00","0.127","0.0","0.01338855"
"2012-01-13 00:30:00+00:00","0.104","0.0","0.0122262"
"2012-01-13 01:00:00+00:00","0.181","0.0","0.01099005"
"2012-01-13 01:30:00+00:00","0.145","0.0","0.0108363"
"2012-01-13 02:00:00+00:00","0.19","0.0","0.01068255"
"2012-01-13 02:30:00+00:00","0.169","0.0","0.0106641"
"2012-01-13 03:00:00+00:00","0.053","0.0","0.0107379"
"2012-01-13 03:30:00+00:00","0.137","0.0","0.01054725"
"2012-01-13 04:00:00+00:00","0.183","0.0","0.01071945"
"2012-01-13 04:30:00+00:00","0.113","0.0","0.0109593"
"2012-01-13 05:00:00+00:00","0.178","0.0","0.01105155"
"2012-01-13 05:30:00+00:00","0.161","0.0","0.01241685"
"2012-01-13 06:00:00+00:00","0.059","0.0","0.01389285"
"2012-01-13 06:30:00+00:00","0.147","0.0","0.0157194"
"2012-01-13 07:00:00+00:00","0.184","0.013","0.01694325"
"2012-01-13 07:30:00+00:00","0.167","0.069","0.01540575"
"2012-01-13 08:00:00+00:00","0.174","0.219","0.0160392"
"2012-01-13 08:30:00+00:00","0.131","0.388","0.01625445"
"2012-01-13 09:00:00+00:00","0.315","0.513","0.016113"
"2012-01-13 09:30:00+00:00","0.202","0.619","0.01578705"
"2012-01-13 10:00:00+00:00","0.193","0.706","0.0160269"
"2012-01-13 10:30:00+00:00","0.198","0.563","0.0146862"
"2012-01-13 11:00:00+00:00","0.27","0.906","0.01565175"
"2012-01-13 11:30:00+00:00","0.103","0.894","0.01592235"
"2012-01-13 12:00:00+00:00","0.062","0.888","0.0158055"
"2012-01-13 12:30:00+00:00","0.22","0.906","0.0162483"
"2012-01-13 13:00:00+00:00","0.516","0.925","0.0156087"
"2012-01-13 13:30:00+00:00","0.238","0.925","0.0149814"
"2012-01-13 14:00:00+00:00","0.223","0.838","0.0148092"
"2012-01-13 14:30:00+00:00","0.289","0.838","0.0152151"
"2012-01-13 15:00:00+00:00","0.201","0.681","0.01546725"
"2012-01-13 15:30:00+00:00","0.219","0.625","0.0150552"
"2012-01-13 16:00:00+00:00","0.277","0.444","0.01608225"
"2012-01-13 16:30:00+00:00","0.369","0.431","0.0154857"
"2012-01-13 17:00:00+00:00","0.366","0.531","0.01490145"
"2012-01-13 17:30:00+00:00","0.945","0.319","0.0145755"
"2012-01-13 18:00:00+00:00","0.63","0.075","0.01397895"
"2012-01-13 18:30:00+00:00","0.699","0.038","0.0136161"
"2012-01-13 19:00:00+00:00","0.414","0.031","0.01329015"
"2012-01-13 19:30:00+00:00","0.255","0.019","0.01374525"
"2012-01-13 20:00:00+00:00","0.13","0.0","0.01456935"
"2012-01-13 20:30:00+00:00","0.237","0.0","0.0135669"
"2012-01-13 21:00:00+00:00","0.26","0.0","0.0120171"
"2012-01-13 21:30:00+00:00","0.407","0.0","0.0122262"
"2012-01-13 22:00:00+00:00","0.144","0.0","0.01139595"
"2012-01-13 22:30:00+00:00","0.214","0.0","0.0135177"
"2012-01-13 23:00:00+00:00","0.351","0.0","0.01349925"
"2012-01-13 23:30:00+00:00","0.2","0.0","0.0131733"
"2012-01-14 00:00:00+00:00","0.125","0.0","0.012915"
"2012-01-14 00:30:00+00:00","0.197","0.0","0.0121893"
"2012-01-14 01:00:00+00:00","0.227","0.0","0.0106641"
"2012-01-14 01:30:00+00:00","0.212","0.0","0.01044885"
"2012-01-14 02:00:00+00:00","0.084","0.0","0.0099261"
"2012-01-14 02:30:00+00:00","0.098","0.0","0.0080565"
"2012-01-14 03:00:00+00:00","0.154","0.0","0.0087699"
"2012-01-14 03:30:00+00:00","0.151","0.0","0.00829635"
"2012-01-14 04:00:00+00:00","0.147","0.0","0.00846855"
"2012-01-14 04:30:00+00:00","0.177","0.0","0.00837015"
"2012-01-14 05:00:00+00:00","0.237","0.0","0.01030125"
"2012-01-14 05:30:00+00:00","0.244","0.0","0.01020285"
"2012-01-14 06:00:00+00:00","0.196","0.0","0.01095315"
"2012-01-14 06:30:00+00:00","0.337","0.0","0.01123605"
"2012-01-14 07:00:00+00:00","0.173","0.0","0.0119187"
"2012-01-14 07:30:00+00:00","0.179","0.0","0.01145745"
"2012-01-14 08:00:00+00:00","0.177","0.0","0.0132348"
"2012-01-14 08:30:00+00:00","0.14","0.094","0.01479075"
"2012-01-14 09:00:00+00:00","0.242","0.306","0.01417575"
"2012-01-14 09:30:00+00:00","0.257","0.119","0.01416345"
"2012-01-14 10:00:00+00:00","0.206","0.219","0.01298265"
"2012-01-14 10:30:00+00:00","0.126","0.056","0.01325325"
"2012-01-14 11:00:00+00:00","0.283","0.05","0.01305645"
"2012-01-14 11:30:00+00:00","0.191","0.094","0.0131733"
"2012-01-14 12:00:00+00:00","0.126","0.031","0.0131364"
"2012-01-14 12:30:00+00:00","0.2","0.119","0.01281045"
"2012-01-14 13:00:00+00:00","0.411","0.15","0.01236765"
"2012-01-14 13:30:00+00:00","0.224","0.1","0.01219545"
"2012-01-14 14:00:00+00:00","0.984","0.038","0.012423"
"2012-01-14 14:30:00+00:00","0.53","0.194","0.0130503"
"2012-01-14 15:00:00+00:00","0.215","0.2","0.01287195"
"2012-01-14 15:30:00+00:00","0.188","0.319","0.01199865"
"2012-01-14 16:00:00+00:00","0.16","0.106","0.0120417"
"2012-01-14 16:30:00+00:00","0.211","0.213","0.01214625"
"2012-01-14 17:00:00+00:00","0.222","0.494","0.01289655"
"2012-01-14 17:30:00+00:00","0.265","0.238","0.0121032"
"2012-01-14 18:00:00+00:00","0.204","0.05","0.01191255"
"2012-01-14 18:30:00+00:00","0.185","0.075","0.0118695"
"2012-01-14 19:00:00+00:00","0.254","0.044","0.0116112"
"2012-01-14 19:30:00+00:00","0.207","0.038","0.0117834"
"2012-01-14 20:00:00+00:00","0.127","0.0","0.0117834"
"2012-01-14 20:30:00+00:00","0.242","0.0","0.0117219"
"2012-01-14 21:00:00+00:00","0.232","0.0","0.0113037"
"2012-01-14 21:30:00+00:00","0.296","0.0","0.0113406"
"2012-01-14 22:00:00+00:00","0.209","0.0","0.0109962"
"2012-01-14 22:30:00+00:00","0.19","0.0","0.01207245"
"2012-01-14 23:00:00+00:00","0.145","0.0","0.0116604"
"2012-01-14 23:30:00+00:00","0.219","0.0","0.01100235"
"2012-01-15 00:00:00+00:00","0.139","0.0","0.0110085"
"2012-01-15 00:30:00+00:00","0.052","0.0","0.01071945"
"2012-01-15 01:00:00+00:00","0.116","0.0","0.01070715"
"2012-01-15 01:30:00+00:00","0.19","0.0","0.0105657"
"2012-01-15 02:00:00+00:00","0.137","0.0","0.00902205"
"2012-01-15 02:30:00+00:00","0.164","0.0","0.0094956"
"2012-01-15 03:00:00+00:00","0.158","0.0","0.0094587"
"2012-01-15 03:30:00+00:00","0.167","0.0","0.0089544"
"2012-01-15 04:00:00+00:00","0.21","0.0","0.0090036"
"2012-01-15 04:30:00+00:00","0.071","0.0","0.0089421"
"2012-01-15 05:00:00+00:00","0.072","0.0","0.009225"
"2012-01-15 05:30:00+00:00","0.176","0.0","0.0100122"
"2012-01-15 06:00:00+00:00","0.135","0.0","0.00958785"
"2012-01-15 06:30:00+00:00","0.12","0.0","0.01004295"
"2012-01-15 07:00:00+00:00","0.269","0.006","0.01043655"
"2012-01-15 07:30:00+00:00","0.201","0.019","0.0110085"
"2012-01-15 08:00:00+00:00","0.149","0.038","0.0111069"
"2012-01-15 08:30:00+00:00","0.16","0.1","0.01134675"
"2012-01-15 09:00:00+00:00","0.22","0.1","0.01202325"
"2012-01-15 09:30:00+00:00","0.154","0.131","0.01172805"
"2012-01-15 10:00:00+00:00","0.126","0.231","0.01253985"
"2012-01-15 10:30:00+00:00","0.112","0.219","0.01185105"
"2012-01-15 11:00:00+00:00","0.179","0.388","0.01202325"
"2012-01-15 11:30:00+00:00","0.212","0.706","0.01209705"
"2012-01-15 12:00:00+00:00","0.123","0.675","0.01202325"
"2012-01-15 12:30:00+00:00","0.154","0.5","0.0120786"
"2012-01-15 13:00:00+00:00","0.148","0.294","0.0124476"
"2012-01-15 13:30:00+00:00","0.102","0.906","0.0118695"
"2012-01-15 14:00:00+00:00","0.11","0.988","0.0123738"
"2012-01-15 14:30:00+00:00","0.151","0.838","0.0121524"
"2012-01-15 15:00:00+00:00","0.153","0.4","0.0121155"
"2012-01-15 15:30:00+00:00","0.215","0.306","0.01210935"
"2012-01-15 16:00:00+00:00","0.248","0.256","0.01258905"
"2012-01-15 16:30:00+00:00","0.303","0.244","0.01282275"
"2012-01-15 17:00:00+00:00","0.199","0.269","0.012915"
"2012-01-15 17:30:00+00:00","0.256","0.294","0.01381905"
"2012-01-15 18:00:00+00:00","0.268","0.181","0.01343775"
"2012-01-15 18:30:00+00:00","0.172","0.131","0.0127182"
"2012-01-15 19:00:00+00:00","0.231","0.069","0.0130257"
"2012-01-15 19:30:00+00:00","0.28","0.025","0.013284"
"2012-01-15 20:00:00+00:00","0.365","0.0","0.01362225"
"2012-01-15 20:30:00+00:00","0.15","0.0","0.0126198"
"2012-01-15 21:00:00+00:00","0.134","0.0","0.0116112"
"2012-01-15 21:30:00+00:00","0.255","0.0","0.0113529"
"2012-01-15 22:00:00+00:00","0.224","0.0","0.01084245"
"2012-01-15 22:30:00+00:00","0.639","0.0","0.0111684"
"2012-01-15 23:00:00+00:00","0.685","0.0","0.0107871"
"2012-01-15 23:30:00+00:00","0.218","0.0","0.01074405"
"2012-01-16 00:00:00+00:00","0.154","0.0","0.01089165"
"2012-01-16 00:30:00+00:00","0.183","0.0","0.01031355"
"2012-01-16 01:00:00+00:00","0.157","0.0","0.01085475"
"2012-01-16 01:30:00+00:00","0.111","0.0","0.01138365"
"2012-01-16 02:00:00+00:00","0.139","0.0","0.0102582"
"2012-01-16 02:30:00+00:00","0.078","0.0","0.0113775"
"2012-01-16 03:00:00+00:00","0.143","0.0","0.01064565"
"2012-01-16 03:30:00+00:00","0.238","0.0","0.0104427"
"2012-01-16 04:00:00+00:00","0.15","0.0","0.0106149"
"2012-01-16 04:30:00+00:00","0.115","0.0","0.01059645"
"2012-01-16 05:00:00+00:00","0.22","0.0","0.01108845"
"2012-01-16 05:30:00+00:00","0.168","0.0","0.01404045"
"2012-01-16 06:00:00+00:00","0.07","0.0","0.0162975"
"2012-01-16 06:30:00+00:00","0.135","0.0","0.0152766"
"2012-01-16 07:00:00+00:00","0.127","0.006","0.01556565"
"2012-01-16 07:30:00+00:00","0.319","0.031","0.0146739"
"2012-01-16 08:00:00+00:00","0.185","0.163","0.01547955"
"2012-01-16 08:30:00+00:00","0.123","0.125","0.0165312"
"2012-01-16 09:00:00+00:00","0.375","0.381","0.0160761"
"2012-01-16 09:30:00+00:00","0.266","0.238","0.01536885"
"2012-01-16 10:00:00+00:00","0.148","0.044","0.01546725"
"2012-01-16 10:30:00+00:00","0.161","0.219","0.01563945"
"2012-01-16 11:00:00+00:00","0.183","0.125","0.0158055"
"2012-01-16 11:30:00+00:00","0.078","0.256","0.01567635"
"2012-01-16 12:00:00+00:00","0.148","0.556","0.01557795"
"2012-01-16 12:30:00+00:00","0.208","0.95","0.01586085"
"2012-01-16 13:00:00+00:00","0.165","0.988","0.01621755"
"2012-01-16 13:30:00+00:00","0.16","0.956","0.01650045"
"2012-01-16 14:00:00+00:00","0.176","0.863","0.01618065"
"2012-01-16 14:30:00+00:00","0.161","0.888","0.01621755"
"2012-01-16 15:00:00+00:00","0.296","0.894","0.01722"
"2012-01-16 15:30:00+00:00","0.259","0.844","0.0172077"
"2012-01-16 16:00:00+00:00","0.286","0.756","0.0174045"
"2012-01-16 16:30:00+00:00","0.222","0.656","0.01661115"
"2012-01-16 17:00:00+00:00","0.354","0.513","0.0162483"
"2012-01-16 17:30:00+00:00","0.172","0.319","0.01603305"
"2012-01-16 18:00:00+00:00","0.134","0.094","0.01625445"
"2012-01-16 18:30:00+00:00","0.17","0.038","0.0158178"
"2012-01-16 19:00:00+00:00","0.255","0.025","0.01626675"
"2012-01-16 19:30:00+00:00","0.291","0.006","0.01620525"
"2012-01-16 20:00:00+00:00","0.334","0.0","0.01593465"
"2012-01-16 20:30:00+00:00","0.221","0.0","0.015744"
"2012-01-16 21:00:00+00:00","0.225","0.0","0.0153135"
"2012-01-16 21:30:00+00:00","0.274","0.0","0.01530735"
"2012-01-16 22:00:00+00:00","0.478","0.0","0.01396665"
"2012-01-16 22:30:00+00:00","0.166","0.0","0.0152274"
"2012-01-16 23:00:00+00:00","0.107","0.0","0.0148707"
"2012-01-16 23:30:00+00:00","0.178","0.0","0.01449555"
"2012-01-17 00:00:00+00:00","0.109","0.0","0.0133947"
"2012-01-17 00:30:00+00:00","0.129","0.0","0.01442175"
"2012-01-17 01:00:00+00:00","0.214","0.0","0.01276125"
"2012-01-17 01:30:00+00:00","0.197","0.0","0.0101598"
"2012-01-17 02:00:00+00:00","0.143","0.0","0.0093849"
"2012-01-17 02:30:00+00:00","0.172","0.0","0.00809955"
"2012-01-17 03:00:00+00:00","0.159","0.0","0.0074415"
"2012-01-17 03:30:00+00:00","0.137","0.0","0.0080319"
"2012-01-17 04:00:00+00:00","0.127","0.0","0.0074907"
"2012-01-17 04:30:00+00:00","0.057","0.0","0.0093726"
"2012-01-17 05:00:00+00:00","0.148","0.0","0.01081785"
"2012-01-17 05:30:00+00:00","0.223","0.0","0.0125829"
"2012-01-17 06:00:00+00:00","0.122","0.0","0.013899"
"2012-01-17 06:30:00+00:00","0.295","0.0","0.01556565"
"2012-01-17 07:00:00+00:00","0.209","0.019","0.01625445"
"2012-01-17 07:30:00+00:00","0.18","0.05","0.01559025"
"2012-01-17 08:00:00+00:00","0.133","0.163","0.0161253"
"2012-01-17 08:30:00+00:00","0.261","0.363","0.0165804"
"2012-01-17 09:00:00+00:00","0.173","0.5","0.0166788"
"2012-01-17 09:30:00+00:00","0.453","0.625","0.0162729"
"2012-01-17 10:00:00+00:00","0.249","0.719","0.0165558"
"2012-01-17 10:30:00+00:00","0.339","0.794","0.01667265"
"2012-01-17 11:00:00+00:00","0.248","0.863","0.0166419"
"2012-01-17 11:30:00+00:00","0.162","0.888","0.01638975"
"2012-01-17 12:00:00+00:00","0.136","0.925","0.01685715"
"2012-01-17 12:30:00+00:00","0.175","0.931","0.0165435"
"2012-01-17 13:00:00+00:00","0.141","0.944","0.01791495"
"2012-01-17 13:30:00+00:00","0.309","0.919","0.01841925"
"2012-01-17 14:00:00+00:00","0.152","0.919","0.0190035"
"2012-01-17 14:30:00+00:00","0.166","0.881","0.01773045"
"2012-01-17 15:00:00+00:00","0.149","0.856","0.0214881"
"2012-01-17 15:30:00+00:00","0.204","0.813","0.01926795"
"2012-01-17 16:00:00+00:00","0.224","0.663","0.01925565"
"2012-01-17 16:30:00+00:00","0.168","0.594","0.01925565"
"2012-01-17 17:00:00+00:00","0.125","0.5","0.0187821"
"2012-01-17 17:30:00+00:00","0.313","0.313","0.018573"
"2012-01-17 18:00:00+00:00","0.334","0.181","0.01721385"
"2012-01-17 18:30:00+00:00","0.291","0.094","0.01635285"
"2012-01-17 19:00:00+00:00","0.228","0.038","0.01654965"
"2012-01-17 19:30:00+00:00","0.244","0.013","0.0163098"
"2012-01-17 20:00:00+00:00","0.365","0.0","0.01686945"
"2012-01-17 20:30:00+00:00","0.252","0.0","0.016974"
"2012-01-17 21:00:00+00:00","0.226","0.0","0.0157932"
"2012-01-17 21:30:00+00:00","0.215","0.0","0.01577475"
"2012-01-17 22:00:00+00:00","0.14","0.0","0.01525815"
"2012-01-17 22:30:00+00:00","0.132","0.0","0.01759515"
"2012-01-17 23:00:00+00:00","0.167","0.0","0.0166173"
"2012-01-17 23:30:00+00:00","0.176","0.0","0.0161745"
"2012-01-18 00:00:00+00:00","0.723","0.0","0.0150306"
"2012-01-18 00:30:00+00:00","0.509","0.0","0.0150798"
"2012-01-18 01:00:00+00:00","0.21","0.0","0.0154119"
"2012-01-18 01:30:00+00:00","0.118","0.0","0.01499985"
"2012-01-18 02:00:00+00:00","0.152","0.0","0.01282275"
"2012-01-18 02:30:00+00:00","0.233","0.0","0.0096432"
"2012-01-18 03:00:00+00:00","0.171","0.0","0.010578"
"2012-01-18 03:30:00+00:00","0.058","0.0","0.01083015"
"2012-01-18 04:00:00+00:00","0.118","0.006","0.01101465"
"2012-01-18 04:30:00+00:00","0.154","0.0","0.01116225"
"2012-01-18 05:00:00+00:00","0.148","0.0","0.0137637"
"2012-01-18 05:30:00+00:00","0.179","0.0","0.0163713"
"2012-01-18 06:00:00+00:00","0.158","0.0","0.0155718"
"2012-01-18 06:30:00+00:00","0.169","0.0","0.01769355"
"2012-01-18 07:00:00+00:00","0.223","0.019","0.01798875"
"2012-01-18 07:30:00+00:00","0.375","0.031","0.0165681"
"2012-01-18 08:00:00+00:00","0.126","0.094","0.0181917"
"2012-01-18 08:30:00+00:00","0.142","0.131","0.01915725"
"2012-01-18 09:00:00+00:00","0.189","0.269","0.01988295"
"2012-01-18 09:30:00+00:00","0.22","0.3","0.0201228"
"2012-01-18 10:00:00+00:00","0.256","0.55","0.01960005"
"2012-01-18 10:30:00+00:00","0.671","0.669","0.0187083"
"2012-01-18 11:00:00+00:00","0.668","0.606","0.01919415"
"2012-01-18 11:30:00+00:00","0.452","0.844","0.01897275"
"2012-01-18 12:00:00+00:00","0.344","0.444","0.0189174"
"2012-01-18 12:30:00+00:00","0.332","0.638","0.0190527"
"2012-01-18 13:00:00+00:00","0.33","0.831","0.0191142"
"2012-01-18 13:30:00+00:00","0.456","0.906","0.02348685"
"2012-01-18 14:00:00+00:00","0.283","0.894","0.02142045"
"2012-01-18 14:30:00+00:00","0.218","0.85","0.01924335"
"2012-01-18 15:00:00+00:00","0.221","0.806","0.02727525"
"2012-01-18 15:30:00+00:00","0.224","0.763","0.0196062"
"2012-01-18 16:00:00+00:00","0.098","0.7","0.0190527"
"2012-01-18 16:30:00+00:00","0.156","0.625","0.0195816"
"2012-01-18 17:00:00+00:00","0.272","0.5","0.01956315"
"2012-01-18 17:30:00+00:00","0.287","0.294","0.0169863"
"2012-01-18 18:00:00+00:00","0.479","0.063","0.0173307"
"2012-01-18 18:30:00+00:00","0.377","0.013","0.0164451"
"2012-01-18 19:00:00+00:00","0.34","0.013","0.01659885"
"2012-01-18 19:30:00+00:00","0.22","0.006","0.0166173"
"2012-01-18 20:00:00+00:00","0.188","0.0","0.01679565"
"2012-01-18 20:30:00+00:00","0.181","0.0","0.0164082"
"2012-01-18 21:00:00+00:00","0.229","0.0","0.0151536"
"2012-01-18 21:30:00+00:00","0.137","0.0","0.01557795"
"2012-01-18 22:00:00+00:00","0.078","0.0","0.01453245"
"2012-01-18 22:30:00+00:00","0.205","0.0","0.01647585"
"2012-01-18 23:00:00+00:00","0.212","0.0","0.0159654"
"2012-01-18 23:30:00+00:00","0.242","0.0","0.01588545"
"2012-01-19 00:00:00+00:00","0.123","0.0","0.0152643"
"2012-01-19 00:30:00+00:00","0.137","0.0","0.01480305"
"2012-01-19 01:00:00+00:00","0.214","0.0","0.0131979"
"2012-01-19 01:30:00+00:00","0.203","0.0","0.0100614"
"2012-01-19 02:00:00+00:00","0.157","0.0","0.0087453"
"2012-01-19 02:30:00+00:00","0.155","0.0","0.00944025"
"2012-01-19 03:00:00+00:00","0.173","0.0","0.00978465"
"2012-01-19 03:30:00+00:00","0.168","0.0","0.0089667"
"2012-01-19 04:00:00+00:00","0.119","0.0","0.0117219"
"2012-01-19 04:30:00+00:00","0.132","0.0","0.0100614"
"2012-01-19 05:00:00+00:00","0.086","0.0","0.0112299"
"2012-01-19 05:30:00+00:00","0.122","0.0","0.01431105"
"2012-01-19 06:00:00+00:00","0.225","0.0","0.01545495"
"2012-01-19 06:30:00+00:00","0.219","0.0","0.01793955"
"2012-01-19 07:00:00+00:00","0.122","0.019","0.01736145"
"2012-01-19 07:30:00+00:00","0.16","0.05","0.01587315"
"2012-01-19 08:00:00+00:00","0.378","0.181","0.0162606"
"2012-01-19 08:30:00+00:00","0.287","0.263","0.0162975"
"2012-01-19 09:00:00+00:00","0.17","0.388","0.01663575"
"2012-01-19 09:30:00+00:00","0.091","0.45","0.0166173"
"2012-01-19 10:00:00+00:00","0.172","0.669","0.0170109"
"2012-01-19 10:30:00+00:00","0.298","0.725","0.0166911"
"2012-01-19 11:00:00+00:00","0.207","0.844","0.0171216"
"2012-01-19 11:30:00+00:00","0.163","0.55","0.01666035"
"2012-01-19 12:00:00+00:00","0.247","0.363","0.01663575"
"2012-01-19 12:30:00+00:00","0.372","0.831","0.01673415"
"2012-01-19 13:00:00+00:00","0.404","0.956","0.01918185"
"2012-01-19 13:30:00+00:00","0.276","0.938","0.01931715"
"2012-01-19 14:00:00+00:00","0.207","0.863","0.01930485"
"2012-01-19 14:30:00+00:00","0.247","0.419","0.02166645"
"2012-01-19 15:00:00+00:00","0.393","0.531","0.0191265"
"2012-01-19 15:30:00+00:00","0.267","0.288","0.01902195"
"2012-01-19 16:00:00+00:00","0.16","0.369","0.01875135"
"2012-01-19 16:30:00+00:00","0.254","0.738","0.01928025"
"2012-01-19 17:00:00+00:00","0.228","0.5","0.01747215"
"2012-01-19 17:30:00+00:00","0.257","0.206","0.01716465"
"2012-01-19 18:00:00+00:00","0.329","0.125","0.01715235"
"2012-01-19 18:30:00+00:00","0.28","0.056","0.01646355"
"2012-01-19 19:00:00+00:00","0.279","0.025","0.0167526"
"2012-01-19 19:30:00+00:00","0.265","0.006","0.01652505"
"2012-01-19 20:00:00+00:00","0.364","0.006","0.0170847"
"2012-01-19 20:30:00+00:00","0.264","0.0","0.01640205"
"2012-01-19 21:00:00+00:00","0.269","0.0","0.01599"
"2012-01-19 21:30:00+00:00","0.179","0.0","0.01561485"
"2012-01-19 22:00:00+00:00","0.205","0.0","0.0141942"
"2012-01-19 22:30:00+00:00","0.74","0.0","0.0174537"
"2012-01-19 23:00:00+00:00","0.544","0.0","0.0158301"
"2012-01-19 23:30:00+00:00","0.125","0.0","0.0158916"
"2012-01-20 00:00:00+00:00","0.112","0.0","0.0152274"
"2012-01-20 00:30:00+00:00","0.153","0.0","0.01480305"
"2012-01-20 01:00:00+00:00","0.221","0.0","0.01233075"
"2012-01-20 01:30:00+00:00","0.167","0.0","0.0111192"
"2012-01-20 02:00:00+00:00","0.124","0.0","0.01047345"
"2012-01-20 02:30:00+00:00","0.217","0.0","0.0090282"
"2012-01-20 03:00:00+00:00","0.228","0.0","0.0087699"
"2012-01-20 03:30:00+00:00","0.141","0.0","0.00873915"
"2012-01-20 04:00:00+00:00","0.108","0.0","0.01038735"
"2012-01-20 04:30:00+00:00","0.239","0.0","0.0110577"
"2012-01-20 05:00:00+00:00","0.183","0.0","0.01228155"
"2012-01-20 05:30:00+00:00","0.055","0.0","0.0157809"
"2012-01-20 06:00:00+00:00","0.09","0.0","0.0159531"
"2012-01-20 06:30:00+00:00","0.197","0.0","0.01807485"
"2012-01-20 07:00:00+00:00","0.206","0.006","0.0191757"
"2012-01-20 07:30:00+00:00","0.134","0.044","0.01632825"
"2012-01-20 08:00:00+00:00","0.412","0.194","0.0172692"
"2012-01-20 08:30:00+00:00","0.316","0.225","0.0188559"
"2012-01-20 09:00:00+00:00","0.375","0.2","0.0184254"
"2012-01-20 09:30:00+00:00","0.295","0.25","0.0191757"
"2012-01-20 10:00:00+00:00","0.194","0.319","0.01875135"
"2012-01-20 10:30:00+00:00","0.306","0.375","0.0176136"
"2012-01-20 11:00:00+00:00","0.172","0.531","0.0176013"
"2012-01-20 11:30:00+00:00","0.118","0.513","0.0177612"
"2012-01-20 12:00:00+00:00","0.133","0.544","0.01715235"
"2012-01-20 12:30:00+00:00","0.172","0.375","0.01747215"
"2012-01-20 13:00:00+00:00","0.176","0.425","0.01748445"
"2012-01-20 13:30:00+00:00","0.181","0.688","0.01919415"
"2012-01-20 14:00:00+00:00","0.204","0.863","0.0194094"
"2012-01-20 14:30:00+00:00","0.401","0.863","0.019311"
"2012-01-20 15:00:00+00:00","0.286","0.819","0.0190035"
"2012-01-20 15:30:00+00:00","0.319","0.763","0.0192249"
"2012-01-20 16:00:00+00:00","0.279","0.7","0.0192249"
"2012-01-20 16:30:00+00:00","0.238","0.625","0.0191757"
"2012-01-20 17:00:00+00:00","0.238","0.456","0.0180564"
"2012-01-20 17:30:00+00:00","0.257","0.275","0.01629135"
"2012-01-20 18:00:00+00:00","0.32","0.119","0.01689405"
"2012-01-20 18:30:00+00:00","0.373","0.088","0.0163467"
"2012-01-20 19:00:00+00:00","0.484","0.05","0.0162852"
"2012-01-20 19:30:00+00:00","0.455","0.025","0.0162852"
"2012-01-20 20:00:00+00:00","0.211","0.0","0.0163467"
"2012-01-20 20:30:00+00:00","0.329","0.0","0.01629135"
"2012-01-20 21:00:00+00:00","0.305","0.0","0.0158547"
"2012-01-20 21:30:00+00:00","0.369","0.0","0.015744"
"2012-01-20 22:00:00+00:00","0.25","0.0","0.01455705"
"2012-01-20 22:30:00+00:00","0.222","0.0","0.0173553"
"2012-01-20 23:00:00+00:00","0.212","0.0","0.01573785"
"2012-01-20 23:30:00+00:00","0.233","0.0","0.01509825"
"2012-01-21 00:00:00+00:00","0.199","0.0","0.01555335"
"2012-01-21 00:30:00+00:00","0.172","0.0","0.0152151"
"2012-01-21 01:00:00+00:00","0.184","0.0","0.01485225"
"2012-01-21 01:30:00+00:00","0.163","0.0","0.0140589"
"2012-01-21 02:00:00+00:00","0.117","0.0","0.0111315"
"2012-01-21 02:30:00+00:00","0.139","0.0","0.01103925"
"2012-01-21 03:00:00+00:00","0.137","0.0","0.01035045"
"2012-01-21 03:30:00+00:00","0.106","0.0","0.01105155"
"2012-01-21 04:00:00+00:00","0.18","0.0","0.01105155"
"2012-01-21 04:30:00+00:00","0.235","0.0","0.01107615"
"2012-01-21 05:00:00+00:00","0.168","0.0","0.0110946"
"2012-01-21 05:30:00+00:00","0.107","0.0","0.0110577"
"2012-01-21 06:00:00+00:00","0.22","0.0","0.0112791"
"2012-01-21 06:30:00+00:00","0.226","0.0","0.013776"
"2012-01-21 07:00:00+00:00","0.143","0.006","0.01485225"
"2012-01-21 07:30:00+00:00","0.121","0.05","0.0146739"
"2012-01-21 08:00:00+00:00","0.159","0.044","0.01511055"
"2012-01-21 08:30:00+00:00","0.207","0.3","0.01622985"
"2012-01-21 09:00:00+00:00","0.29","0.444","0.01679565"
"2012-01-21 09:30:00+00:00","0.176","0.175","0.01606995"
"2012-01-21 10:00:00+00:00","0.149","0.25","0.0163344"
"2012-01-21 10:30:00+00:00","0.215","0.319","0.0161745"
"2012-01-21 11:00:00+00:00","0.506","0.388","0.01642665"
"2012-01-21 11:30:00+00:00","0.405","0.35","0.0162975"
"2012-01-21 12:00:00+00:00","0.179","0.306","0.01619295"
"2012-01-21 12:30:00+00:00","0.234","0.225","0.0168141"
"2012-01-21 13:00:00+00:00","0.409","0.238","0.01643895"
"2012-01-21 13:30:00+00:00","0.412","0.475","0.0173553"
"2012-01-21 14:00:00+00:00","0.724","0.463","0.01807485"
"2012-01-21 14:30:00+00:00","0.415","0.331","0.0176136"
"2012-01-21 15:00:00+00:00","0.208","0.325","0.01668495"
"2012-01-21 15:30:00+00:00","0.279","0.181","0.0174045"
"2012-01-21 16:00:00+00:00","0.249","0.125","0.0168264"
"2012-01-21 16:30:00+00:00","0.243","0.175","0.01559025"
"2012-01-21 17:00:00+00:00","0.286","0.175","0.01699245"
"2012-01-21 17:30:00+00:00","0.254","0.206","0.01622985"
"2012-01-21 18:00:00+00:00","0.175","0.194","0.0164943"
"2012-01-21 18:30:00+00:00","0.268","0.056","0.0163344"
"2012-01-21 19:00:00+00:00","0.349","0.025","0.0158178"
"2012-01-21 19:30:00+00:00","0.351","0.013","0.01566405"
"2012-01-21 20:00:00+00:00","0.186","0.0","0.01604535"
"2012-01-21 20:30:00+00:00","0.187","0.0","0.01717695"
"2012-01-21 21:00:00+00:00","0.186","0.0","0.0155841"
"2012-01-21 21:30:00+00:00","0.194","0.0","0.01598385"
"2012-01-21 22:00:00+00:00","0.374","0.0","0.01535655"
"2012-01-21 22:30:00+00:00","0.177","0.0","0.015621"
"2012-01-21 23:00:00+00:00","0.126","0.0","0.01479075"
"2012-01-21 23:30:00+00:00","0.222","0.0","0.0149814"
"2012-01-22 00:00:00+00:00","0.236","0.0","0.0148953"
"2012-01-22 00:30:00+00:00","0.144","0.0","0.01378215"
"2012-01-22 01:00:00+00:00","0.13","0.0","0.01092855"
"2012-01-22 01:30:00+00:00","0.155","0.0","0.0109224"
"2012-01-22 02:00:00+00:00","0.124","0.0","0.0108486"
"2012-01-22 02:30:00+00:00","0.096","0.0","0.01095315"
"2012-01-22 03:00:00+00:00","0.133","0.0","0.00907125"
"2012-01-22 03:30:00+00:00","0.166","0.0","0.0086838"
"2012-01-22 04:00:00+00:00","0.165","0.0","0.00819795"
"2012-01-22 04:30:00+00:00","0.203","0.0","0.0109101"
"2012-01-22 05:00:00+00:00","0.151","0.0","0.0091143"
"2012-01-22 05:30:00+00:00","0.219","0.0","0.00816105"
"2012-01-22 06:00:00+00:00","0.231","0.0","0.0100737"
"2012-01-22 06:30:00+00:00","0.298","0.0","0.0110577"
"2012-01-22 07:00:00+00:00","0.098","0.019","0.0125214"
"2012-01-22 07:30:00+00:00","0.15","0.025","0.0121032"
"2012-01-22 08:00:00+00:00","0.249","0.138","0.01321635"
"2012-01-22 08:30:00+00:00","0.154","0.206","0.01471695"
"2012-01-22 09:00:00+00:00","0.119","0.238","0.0151413"
"2012-01-22 09:30:00+00:00","0.296","0.175","0.01609455"
"2012-01-22 10:00:00+00:00","0.354","0.413","0.0170847"
"2012-01-22 10:30:00+00:00","0.335","0.875","0.01663575"
"2012-01-22 11:00:00+00:00","0.283","0.844","0.01693095"
"2012-01-22 11:30:00+00:00","0.213","0.819","0.0164205"
"2012-01-22 12:00:00+00:00","0.169","0.906","0.01729995"
"2012-01-22 12:30:00+00:00","0.179","0.919","0.01642665"
"2012-01-22 13:00:00+00:00","0.127","0.913","0.01791495"
"2012-01-22 13:30:00+00:00","0.095","0.956","0.01855455"
"2012-01-22 14:00:00+00:00","0.108","0.619","0.018327"
"2012-01-22 14:30:00+00:00","0.193","0.338","0.0172938"
"2012-01-22 15:00:00+00:00","0.202","0.481","0.0166296"
"2012-01-22 15:30:00+00:00","0.119","0.656","0.01668495"
"2012-01-22 16:00:00+00:00","0.149","0.713","0.01678335"
"2012-01-22 16:30:00+00:00","0.234","0.656","0.0174537"
"2012-01-22 17:00:00+00:00","0.228","0.494","0.017835"
"2012-01-22 17:30:00+00:00","0.116","0.394","0.0184008"
"2012-01-22 18:00:00+00:00","0.126","0.156","0.0196185"
"2012-01-22 18:30:00+00:00","0.223","0.125","0.01813635"
"2012-01-22 19:00:00+00:00","0.176","0.05","0.0171216"
"2012-01-22 19:30:00+00:00","0.081","0.013","0.018696"
"2012-01-22 20:00:00+00:00","0.087","0.006","0.0188436"
"2012-01-22 20:30:00+00:00","0.402","0.0","0.0188928"
"2012-01-22 21:00:00+00:00","0.315","0.0","0.016974"
"2012-01-22 21:30:00+00:00","0.231","0.0","0.01618065"
"2012-01-22 22:00:00+00:00","0.193","0.0","0.0163344"
"2012-01-22 22:30:00+00:00","0.245","0.0","0.01579935"
"2012-01-22 23:00:00+00:00","0.239","0.0","0.0149445"
"2012-01-22 23:30:00+00:00","0.181","0.0","0.01513515"
"2012-01-23 00:00:00+00:00","0.162","0.0","0.0152151"
"2012-01-23 00:30:00+00:00","0.171","0.0","0.0150306"
"2012-01-23 01:00:00+00:00","0.163","0.0","0.01434795"
"2012-01-23 01:30:00+00:00","0.182","0.0","0.0139359"
"2012-01-23 02:00:00+00:00","0.192","0.0","0.01084245"
"2012-01-23 02:30:00+00:00","0.132","0.0","0.01099005"
"2012-01-23 03:00:00+00:00","0.143","0.0","0.01101465"
"2012-01-23 03:30:00+00:00","0.235","0.0","0.01095315"
"2012-01-23 04:00:00+00:00","0.176","0.0","0.01103925"
"2012-01-23 04:30:00+00:00","0.097","0.0","0.0110577"
"2012-01-23 05:00:00+00:00","0.125","0.0","0.01114995"
"2012-01-23 05:30:00+00:00","0.155","0.0","0.01501215"
"2012-01-23 06:00:00+00:00","0.094","0.0","0.01560255"
"2012-01-23 06:30:00+00:00","0.123","0.0","0.0181056"
"2012-01-23 07:00:00+00:00","0.191","0.013","0.0192864"
"2012-01-23 07:30:00+00:00","0.317","0.031","0.01710315"
"2012-01-23 08:00:00+00:00","0.265","0.069","0.01859145"
"2012-01-23 08:30:00+00:00","0.171","0.106","0.0203565"
"2012-01-23 09:00:00+00:00","0.131","0.2","0.02047335"
"2012-01-23 09:30:00+00:00","0.181","0.138","0.0208608"
"2012-01-23 10:00:00+00:00","0.218","0.125","0.02140815"
"2012-01-23 10:30:00+00:00","0.204","0.238","0.0223983"
"2012-01-23 11:00:00+00:00","0.139","0.288","0.02549175"
"2012-01-23 11:30:00+00:00","0.173","0.294","0.0233577"
"2012-01-23 12:00:00+00:00","0.357","0.594","0.01966155"
"2012-01-23 12:30:00+00:00","0.392","0.794","0.01920645"
"2012-01-23 13:00:00+00:00","0.247","0.844","0.0192003"
"2012-01-23 13:30:00+00:00","0.277","0.356","0.01952625"
"2012-01-23 14:00:00+00:00","0.276","0.525","0.020049"
"2012-01-23 14:30:00+00:00","0.301","0.456","0.02142045"
"2012-01-23 15:00:00+00:00","0.217","0.781","0.0187821"
"2012-01-23 15:30:00+00:00","0.27","0.419","0.0192126"
"2012-01-23 16:00:00+00:00","0.287","0.306","0.0193848"
"2012-01-23 16:30:00+00:00","0.319","0.4","0.0193479"
"2012-01-23 17:00:00+00:00","0.143","0.081","0.01899735"
"2012-01-23 17:30:00+00:00","0.093","0.163","0.01720155"
"2012-01-23 18:00:00+00:00","0.316","0.206","0.01862835"
"2012-01-23 18:30:00+00:00","0.453","0.106","0.0165804"
"2012-01-23 19:00:00+00:00","0.223","0.031","0.01685715"
"2012-01-23 19:30:00+00:00","0.199","0.013","0.01650045"
"2012-01-23 20:00:00+00:00","0.332","0.0","0.0165066"
"2012-01-23 20:30:00+00:00","0.304","0.0","0.0171708"
"2012-01-23 21:00:00+00:00","0.217","0.0","0.0160023"
"2012-01-23 21:30:00+00:00","0.128","0.0","0.01610685"
"2012-01-23 22:00:00+00:00","0.195","0.0","0.0159162"
"2012-01-23 22:30:00+00:00","0.159","0.0","0.01741065"
"2012-01-23 23:00:00+00:00","0.324","0.0","0.0180564"
"2012-01-23 23:30:00+00:00","0.817","0.0","0.0186345"
"2012-01-24 00:00:00+00:00","0.235","0.0","0.0172692"
"2012-01-24 00:30:00+00:00","0.164","0.0","0.0161499"
"2012-01-24 01:00:00+00:00","0.133","0.0","0.0154242"
"2012-01-24 01:30:00+00:00","0.172","0.0","0.0145017"
"2012-01-24 02:00:00+00:00","0.125","0.0","0.0146124"
"2012-01-24 02:30:00+00:00","0.122","0.0","0.01319175"
"2012-01-24 03:00:00+00:00","0.122","0.0","0.0123"
"2012-01-24 03:30:00+00:00","0.135","0.0","0.01390515"
"2012-01-24 04:00:00+00:00","0.165","0.0","0.0136161"
"2012-01-24 04:30:00+00:00","0.238","0.0","0.0148215"
"2012-01-24 05:00:00+00:00","0.154","0.0","0.0158547"
"2012-01-24 05:30:00+00:00","0.111","0.0","0.01824705"
"2012-01-24 06:00:00+00:00","0.214","0.0","0.016851"
"2012-01-24 06:30:00+00:00","0.151","0.0","0.01832085"
"2012-01-24 07:00:00+00:00","0.079","0.0","0.01877595"
"2012-01-24 07:30:00+00:00","0.119","0.031","0.0167649"
"2012-01-24 08:00:00+00:00","0.389","0.05","0.0176505"
"2012-01-24 08:30:00+00:00","0.297","0.056","0.0194586"
"2012-01-24 09:00:00+00:00","0.159","0.069","0.01998135"
"2012-01-24 09:30:00+00:00","0.172","0.131","0.0192003"
"2012-01-24 10:00:00+00:00","0.16","0.281","0.01897275"
"2012-01-24 10:30:00+00:00","0.139","0.125","0.0191757"
"2012-01-24 11:00:00+00:00","0.13","0.219","0.0191757"
"2012-01-24 11:30:00+00:00","0.065","0.3","0.0191757"
"2012-01-24 12:00:00+00:00","0.157","0.25","0.01856685"
"2012-01-24 12:30:00+00:00","0.232","0.306","0.01920645"
"2012-01-24 13:00:00+00:00","0.165","0.35","0.0200736"
"2012-01-24 13:30:00+00:00","0.108","0.338","0.01936635"
"2012-01-24 14:00:00+00:00","0.195","0.463","0.0192618"
"2012-01-24 14:30:00+00:00","0.208","0.463","0.0190896"
"2012-01-24 15:00:00+00:00","0.109","0.244","0.0191757"
"2012-01-24 15:30:00+00:00","0.101","0.181","0.017589"
"2012-01-24 16:00:00+00:00","0.114","0.113","0.0183639"
"2012-01-24 16:30:00+00:00","0.167","0.219","0.01974765"
"2012-01-24 17:00:00+00:00","0.195","0.163","0.0192618"
"2012-01-24 17:30:00+00:00","0.196","0.231","0.0173061"
"2012-01-24 18:00:00+00:00","0.129","0.156","0.01811175"
"2012-01-24 18:30:00+00:00","0.143","0.056","0.0172446"
"2012-01-24 19:00:00+00:00","0.279","0.025","0.0176874"
"2012-01-24 19:30:00+00:00","0.264","0.006","0.01791495"
"2012-01-24 20:00:00+00:00","0.377","0.0","0.0163098"
"2012-01-24 20:30:00+00:00","0.276","0.0","0.0165189"
"2012-01-24 21:00:00+00:00","0.217","0.0","0.01611915"
"2012-01-24 21:30:00+00:00","0.142","0.0","0.0157563"
"2012-01-24 22:00:00+00:00","0.255","0.0","0.01487685"
"2012-01-24 22:30:00+00:00","0.184","0.0","0.01797645"
"2012-01-24 23:00:00+00:00","0.128","0.0","0.0165681"
"2012-01-24 23:30:00+00:00","0.097","0.0","0.01555335"
"2012-01-25 00:00:00+00:00","0.209","0.0","0.01474155"
"2012-01-25 00:30:00+00:00","0.195","0.0","0.0142065"
"2012-01-25 01:00:00+00:00","0.163","0.0","0.01332705"
"2012-01-25 01:30:00+00:00","0.195","0.0","0.0134193"
"2012-01-25 02:00:00+00:00","0.149","0.0","0.00982155"
"2012-01-25 02:30:00+00:00","0.14","0.0","0.0096801"
"2012-01-25 03:00:00+00:00","0.209","0.0","0.01022745"
"2012-01-25 03:30:00+00:00","0.224","0.0","0.01096545"
"2012-01-25 04:00:00+00:00","0.066","0.0","0.010824"
"2012-01-25 04:30:00+00:00","0.075","0.0","0.011193"
"2012-01-25 05:00:00+00:00","0.177","0.0","0.01383135"
"2012-01-25 05:30:00+00:00","0.155","0.0","0.0190527"
"2012-01-25 06:00:00+00:00","0.169","0.0","0.01651275"
"2012-01-25 06:30:00+00:00","0.246","0.0","0.01864065"
"2012-01-25 07:00:00+00:00","0.244","0.0","0.0192618"
"2012-01-25 07:30:00+00:00","0.175","0.0","0.0161868"
"2012-01-25 08:00:00+00:00","0.236","0.0","0.0173307"
"2012-01-25 08:30:00+00:00","0.194","0.0","0.0185361"
"2012-01-25 09:00:00+00:00","0.153","0.0","0.0191757"
"2012-01-25 09:30:00+00:00","0.135","0.006","0.0188559"
"2012-01-25 10:00:00+00:00","0.197","0.0","0.0191511"
"2012-01-25 10:30:00+00:00","0.17","0.0","0.0190404"
"2012-01-25 11:00:00+00:00","0.153","0.0","0.0193848"
"2012-01-25 11:30:00+00:00","0.167","0.0","0.0192126"
"2012-01-25 12:00:00+00:00","0.163","0.0","0.0191388"
"2012-01-25 12:30:00+00:00","0.185","0.0","0.0191757"
"2012-01-25 13:00:00+00:00","0.186","0.0","0.0191757"
"2012-01-25 13:30:00+00:00","0.073","0.0","0.0188928"
"2012-01-25 14:00:00+00:00","0.084","0.0","0.016728"
"2012-01-25 14:30:00+00:00","0.336","0.0","0.01638975"
"2012-01-25 15:00:00+00:00","0.279","0.0","0.0166173"
"2012-01-25 15:30:00+00:00","0.322","0.0","0.01770585"
"2012-01-25 16:00:00+00:00","0.27","0.0","0.0174906"
"2012-01-25 16:30:00+00:00","0.525","0.0","0.01661115"
"2012-01-25 17:00:00+00:00","0.354","0.0","0.016851"
"2012-01-25 17:30:00+00:00","0.278","0.0","0.0155964"
"2012-01-25 18:00:00+00:00","0.379","0.0","0.016236"
"2012-01-25 18:30:00+00:00","0.165","0.0","0.0155349"
"2012-01-25 19:00:00+00:00","0.191","0.0","0.0161253"
"2012-01-25 19:30:00+00:00","0.342","0.0","0.0160269"
"2012-01-25 20:00:00+00:00","0.213","0.0","0.0157317"
"2012-01-25 20:30:00+00:00","0.234","0.0","0.01593465"
"2012-01-25 21:00:00+00:00","0.232","0.0","0.0148584"
"2012-01-25 21:30:00+00:00","0.219","0.0","0.0147108"
"2012-01-25 22:00:00+00:00","0.269","0.0","0.0145509"
"2012-01-25 22:30:00+00:00","0.314","0.0","0.01589775"
"2012-01-25 23:00:00+00:00","0.251","0.0","0.01534425"
"2012-01-25 23:30:00+00:00","0.128","0.0","0.01533195"
"2012-01-26 00:00:00+00:00","0.069","0.0","0.01619295"
"2012-01-26 00:30:00+00:00","0.141","0.0","0.01459395"
"2012-01-26 01:00:00+00:00","0.214","0.0","0.0124968"
"2012-01-26 01:30:00+00:00","0.118","0.0","0.0118326"
"2012-01-26 02:00:00+00:00","0.14","0.0","0.00878835"
"2012-01-26 02:30:00+00:00","0.219","0.0","0.00861"
"2012-01-26 03:00:00+00:00","0.166","0.0","0.0084501"
"2012-01-26 03:30:00+00:00","0.152","0.0","0.00786585"
"2012-01-26 04:00:00+00:00","0.114","0.0","0.0071217"
"2012-01-26 04:30:00+00:00","0.09","0.0","0.0074169"
"2012-01-26 05:00:00+00:00","0.128","0.0","0.00837015"
"2012-01-26 05:30:00+00:00","0.223","0.0","0.00853005"
"2012-01-26 06:00:00+00:00","0.116","0.0","0.0087576"
"2012-01-26 06:30:00+00:00","0.135","0.0","0.01107"
"2012-01-26 07:00:00+00:00","0.346","0.006","0.01284735"
"2012-01-26 07:30:00+00:00","0.194","0.044","0.0131733"
"2012-01-26 08:00:00+00:00","0.102","0.081","0.0144648"
"2012-01-26 08:30:00+00:00","0.247","0.225","0.01481535"
"2012-01-26 09:00:00+00:00","0.223","0.3","0.01492605"
"2012-01-26 09:30:00+00:00","0.173","0.169","0.01557795"
"2012-01-26 10:00:00+00:00","1.015","0.125","0.01636515"
"2012-01-26 10:30:00+00:00","0.173","0.125","0.01640205"
"2012-01-26 11:00:00+00:00","0.173","0.356","0.01654965"
"2012-01-26 11:30:00+00:00","0.339","0.444","0.01622985"
"2012-01-26 12:00:00+00:00","0.284","0.669","0.0164697"
"2012-01-26 12:30:00+00:00","0.368","0.544","0.0164205"
"2012-01-26 13:00:00+00:00","0.307","0.488","0.01629135"
"2012-01-26 13:30:00+00:00","0.251","0.5","0.01621755"
"2012-01-26 14:00:00+00:00","0.228","0.494","0.01642665"
"2012-01-26 14:30:00+00:00","1.016","0.613","0.0165681"
"2012-01-26 15:00:00+00:00","0.646","0.813","0.0164697"
"2012-01-26 15:30:00+00:00","0.744","0.65","0.0166419"
"2012-01-26 16:00:00+00:00","0.793","0.556","0.0165189"
"2012-01-26 16:30:00+00:00","0.807","0.463","0.01662345"
"2012-01-26 17:00:00+00:00","0.714","0.363","0.0165804"
"2012-01-26 17:30:00+00:00","0.495","0.206","0.0163467"
"2012-01-26 18:00:00+00:00","0.446","0.169","0.01664805"
"2012-01-26 18:30:00+00:00","0.392","0.119","0.0161745"
"2012-01-26 19:00:00+00:00","0.264","0.088","0.01610685"
"2012-01-26 19:30:00+00:00","0.265","0.031","0.0162483"
"2012-01-26 20:00:00+00:00","0.21","0.0","0.0161745"
"2012-01-26 20:30:00+00:00","0.38","0.0","0.0162606"
"2012-01-26 21:00:00+00:00","0.356","0.0","0.0151167"
"2012-01-26 21:30:00+00:00","0.248","0.0","0.01578705"
"2012-01-26 22:00:00+00:00","0.157","0.0","0.0150183"
"2012-01-26 22:30:00+00:00","0.164","0.0","0.0161991"
"2012-01-26 23:00:00+00:00","0.246","0.0","0.01452015"
"2012-01-26 23:30:00+00:00","0.241","0.0","0.0148092"
"2012-01-27 00:00:00+00:00","0.216","0.0","0.0146247"
"2012-01-27 00:30:00+00:00","0.944","0.0","0.01493835"
"2012-01-27 01:00:00+00:00","0.098","0.0","0.01308105"
"2012-01-27 01:30:00+00:00","0.182","0.0","0.01095315"
"2012-01-27 02:00:00+00:00","0.234","0.0","0.0098154"
"2012-01-27 02:30:00+00:00","0.179","0.0","0.0094587"
"2012-01-27 03:00:00+00:00","0.124","0.0","0.0100245"
"2012-01-27 03:30:00+00:00","0.21","0.0","0.0093849"
"2012-01-27 04:00:00+00:00","0.226","0.0","0.0093849"
"2012-01-27 04:30:00+00:00","0.167","0.0","0.0090774"
"2012-01-27 05:00:00+00:00","0.18","0.0","0.01101465"
"2012-01-27 05:30:00+00:00","0.111","0.0","0.01235535"
"2012-01-27 06:00:00+00:00","0.112","0.0","0.0146862"
"2012-01-27 06:30:00+00:00","0.132","0.0","0.0152151"
"2012-01-27 07:00:00+00:00","0.255","0.006","0.01647585"
"2012-01-27 07:30:00+00:00","0.164","0.063","0.0148953"
"2012-01-27 08:00:00+00:00","0.124","0.181","0.01737375"
"2012-01-27 08:30:00+00:00","0.423","0.325","0.01861605"
"2012-01-27 09:00:00+00:00","0.248","0.469","0.01748445"
"2012-01-27 09:30:00+00:00","0.231","0.538","0.01830855"
"2012-01-27 10:00:00+00:00","0.247","0.6","0.01680795"
"2012-01-27 10:30:00+00:00","0.152","0.613","0.0168141"
"2012-01-27 11:00:00+00:00","0.213","0.756","0.0188313"
"2012-01-27 11:30:00+00:00","0.21","0.713","0.0180195"
"2012-01-27 12:00:00+00:00","0.179","0.281","0.0167772"
"2012-01-27 12:30:00+00:00","0.213","0.969","0.01833315"
"2012-01-27 13:00:00+00:00","0.247","0.863","0.0172323"
"2012-01-27 13:30:00+00:00","0.193","0.631","0.01837005"
"2012-01-27 14:00:00+00:00","0.192","0.388","0.01882515"
"2012-01-27 14:30:00+00:00","0.254","0.163","0.01907115"
"2012-01-27 15:00:00+00:00","0.208","0.244","0.01900965"
"2012-01-27 15:30:00+00:00","0.345","0.213","0.0199875"
"2012-01-27 16:00:00+00:00","0.219","0.081","0.0187452"
"2012-01-27 16:30:00+00:00","0.184","0.081","0.01789035"
"2012-01-27 17:00:00+00:00","0.272","0.038","0.0168264"
"2012-01-27 17:30:00+00:00","0.272","0.025","0.01722615"
"2012-01-27 18:00:00+00:00","0.245","0.106","0.01716465"
"2012-01-27 18:30:00+00:00","0.188","0.069","0.01638975"
"2012-01-27 19:00:00+00:00","0.143","0.025","0.0170109"
"2012-01-27 19:30:00+00:00","0.183","0.013","0.01663575"
"2012-01-27 20:00:00+00:00","0.22","0.0","0.016851"
"2012-01-27 20:30:00+00:00","0.175","0.0","0.0161007"
"2012-01-27 21:00:00+00:00","0.141","0.0","0.0156702"
"2012-01-27 21:30:00+00:00","0.157","0.0","0.01765665"
"2012-01-27 22:00:00+00:00","0.095","0.0","0.0160269"
"2012-01-27 22:30:00+00:00","0.117","0.0","0.017835"
"2012-01-27 23:00:00+00:00","0.466","0.0","0.0173553"
"2012-01-27 23:30:00+00:00","0.301","0.0","0.0168879"
"2012-01-28 00:00:00+00:00","0.204","0.0","0.01586085"
"2012-01-28 00:30:00+00:00","0.222","0.0","0.0151536"
"2012-01-28 01:00:00+00:00","0.211","0.0","0.01501215"
"2012-01-28 01:30:00+00:00","0.185","0.0","0.0148584"
"2012-01-28 02:00:00+00:00","0.107","0.006","0.0131979"
"2012-01-28 02:30:00+00:00","0.117","0.0","0.0109593"
"2012-01-28 03:00:00+00:00","0.093","0.0","0.01071945"
"2012-01-28 03:30:00+00:00","0.165","0.0","0.0107625"
"2012-01-28 04:00:00+00:00","0.219","0.0","0.0110946"
"2012-01-28 04:30:00+00:00","0.21","0.0","0.01113765"
"2012-01-28 05:00:00+00:00","0.111","0.0","0.01134675"
"2012-01-28 05:30:00+00:00","0.14","0.0","0.0132963"
"2012-01-28 06:00:00+00:00","0.231","0.0","0.0147231"
"2012-01-28 06:30:00+00:00","0.155","0.0","0.01508595"
"2012-01-28 07:00:00+00:00","0.208","0.0","0.0165681"
"2012-01-28 07:30:00+00:00","0.132","0.031","0.0153627"
"2012-01-28 08:00:00+00:00","0.163","0.081","0.0179088"
"2012-01-28 08:30:00+00:00","0.193","0.206","0.01894815"
"2012-01-28 09:00:00+00:00","0.38","0.231","0.01951395"
"2012-01-28 09:30:00+00:00","0.223","0.438","0.0202581"
"2012-01-28 10:00:00+00:00","0.237","0.663","0.0197292"
"2012-01-28 10:30:00+00:00","0.243","0.625","0.0190158"
"2012-01-28 11:00:00+00:00","0.412","0.7","0.019557"
"2012-01-28 11:30:00+00:00","0.151","0.513","0.01904655"
"2012-01-28 12:00:00+00:00","0.092","0.519","0.02059635"
"2012-01-28 12:30:00+00:00","0.372","0.688","0.0187083"
"2012-01-28 13:00:00+00:00","0.276","0.763","0.02118675"
"2012-01-28 13:30:00+00:00","0.318","0.656","0.020295"
"2012-01-28 14:00:00+00:00","0.31","0.706","0.0224106"
"2012-01-28 14:30:00+00:00","0.152","0.65","0.02237985"
"2012-01-28 15:00:00+00:00","0.272","0.594","0.02074395"
"2012-01-28 15:30:00+00:00","0.292","0.469","0.020049"
"2012-01-28 16:00:00+00:00","0.302","0.419","0.02178945"
"2012-01-28 16:30:00+00:00","0.262","0.388","0.02114985"
"2012-01-28 17:00:00+00:00","0.15","0.256","0.0208731"
"2012-01-28 17:30:00+00:00","0.163","0.194","0.0194709"
"2012-01-28 18:00:00+00:00","0.346","0.163","0.0187944"
"2012-01-28 18:30:00+00:00","0.285","0.119","0.0181179"
"2012-01-28 19:00:00+00:00","0.278","0.063","0.01666035"
"2012-01-28 19:30:00+00:00","0.365","0.031","0.01664805"
"2012-01-28 20:00:00+00:00","0.34","0.0","0.0166788"
"2012-01-28 20:30:00+00:00","0.263","0.0","0.01661115"
"2012-01-28 21:00:00+00:00","0.234","0.0","0.01654965"
"2012-01-28 21:30:00+00:00","0.214","0.0","0.01683255"
"2012-01-28 22:00:00+00:00","0.16","0.0","0.01557795"
"2012-01-28 22:30:00+00:00","0.11","0.0","0.0176628"
"2012-01-28 23:00:00+00:00","0.207","0.0","0.0159162"
"2012-01-28 23:30:00+00:00","1.02","0.0","0.0156087"
"2012-01-29 00:00:00+00:00","0.193","0.0","0.0153627"
"2012-01-29 00:30:00+00:00","0.123","0.0","0.01517205"
"2012-01-29 01:00:00+00:00","0.164","0.0","0.01483995"
"2012-01-29 01:30:00+00:00","0.24","0.0","0.0142803"
"2012-01-29 02:00:00+00:00","0.2","0.0","0.0123738"
"2012-01-29 02:30:00+00:00","0.08","0.0","0.01199865"
"2012-01-29 03:00:00+00:00","0.103","0.0","0.01405275"
"2012-01-29 03:30:00+00:00","0.171","0.0","0.01198635"
"2012-01-29 04:00:00+00:00","0.137","0.0","0.012915"
"2012-01-29 04:30:00+00:00","0.159","0.0","0.0109962"
"2012-01-29 05:00:00+00:00","0.181","0.0","0.0110577"
"2012-01-29 05:30:00+00:00","0.174","0.0","0.0124722"
"2012-01-29 06:00:00+00:00","0.165","0.0","0.01151895"
"2012-01-29 06:30:00+00:00","0.207","0.0","0.0125214"
"2012-01-29 07:00:00+00:00","0.172","0.006","0.01472925"
"2012-01-29 07:30:00+00:00","0.204","0.044","0.01480305"
"2012-01-29 08:00:00+00:00","0.159","0.075","0.0150798"
"2012-01-29 08:30:00+00:00","0.25","0.169","0.01661115"
"2012-01-29 09:00:00+00:00","0.243","0.194","0.018204"
"2012-01-29 09:30:00+00:00","0.139","0.206","0.0191757"
"2012-01-29 10:00:00+00:00","0.253","0.3","0.0192741"
"2012-01-29 10:30:00+00:00","0.282","0.494","0.01909575"
"2012-01-29 11:00:00+00:00","0.227","0.556","0.0210945"
"2012-01-29 11:30:00+00:00","0.13","0.65","0.0256578"
"2012-01-29 12:00:00+00:00","0.154","0.788","0.02044875"
"2012-01-29 12:30:00+00:00","0.211","1.0","0.02436015"
"2012-01-29 13:00:00+00:00","0.181","0.888","0.02119905"
"2012-01-29 13:30:00+00:00","0.11","0.938","0.0258546"
"2012-01-29 14:00:00+00:00","0.111","0.931","0.03119895"
"2012-01-29 14:30:00+00:00","0.15","0.619","0.0237636"
"2012-01-29 15:00:00+00:00","0.201","0.281","0.02399115"
"2012-01-29 15:30:00+00:00","0.176","0.319","0.0213651"
"2012-01-29 16:00:00+00:00","0.176","0.169","0.0196923"
"2012-01-29 16:30:00+00:00","0.202","0.088","0.01947705"
"2012-01-29 17:00:00+00:00","0.167","0.144","0.0192126"
"2012-01-29 17:30:00+00:00","0.13","0.175","0.0195078"
"2012-01-29 18:00:00+00:00","0.194","0.163","0.02311785"
"2012-01-29 18:30:00+00:00","0.207","0.075","0.0233577"
"2012-01-29 19:00:00+00:00","0.145","0.069","0.0236283"
"2012-01-29 19:30:00+00:00","0.051","0.038","0.02470455"
"2012-01-29 20:00:00+00:00","0.284","0.0","0.0222753"
"2012-01-29 20:30:00+00:00","0.32","0.0","0.01983375"
"2012-01-29 21:00:00+00:00","0.288","0.0","0.01867755"
"2012-01-29 21:30:00+00:00","0.178","0.0","0.01905885"
"2012-01-29 22:00:00+00:00","0.137","0.0","0.01710315"
"2012-01-29 22:30:00+00:00","0.194","0.0","0.0182655"
"2012-01-29 23:00:00+00:00","0.245","0.0","0.0160761"
"2012-01-29 23:30:00+00:00","0.186","0.0","0.0163221"
"2012-01-30 00:00:00+00:00","0.197","0.0","0.0160392"
"2012-01-30 00:30:00+00:00","0.193","0.0","0.01640205"
"2012-01-30 01:00:00+00:00","0.155","0.0","0.01539345"
"2012-01-30 01:30:00+00:00","0.14","0.0","0.01567635"
"2012-01-30 02:00:00+00:00","0.214","0.0","0.01488915"
"2012-01-30 02:30:00+00:00","0.228","0.0","0.01456935"
"2012-01-30 03:00:00+00:00","0.144","0.0","0.0133578"
"2012-01-30 03:30:00+00:00","0.107","0.0","0.01177725"
"2012-01-30 04:00:00+00:00","0.206","0.0","0.01210935"
"2012-01-30 04:30:00+00:00","0.214","0.0","0.01509825"
"2012-01-30 05:00:00+00:00","0.108","0.0","0.01527045"
"2012-01-30 05:30:00+00:00","0.106","0.0","0.02210925"
"2012-01-30 06:00:00+00:00","0.111","0.0","0.01768125"
"2012-01-30 06:30:00+00:00","0.171","0.0","0.0212298"
"2012-01-30 07:00:00+00:00","0.185","0.0","0.02153115"
"2012-01-30 07:30:00+00:00","0.232","0.025","0.0204426"
"2012-01-30 08:00:00+00:00","0.387","0.044","0.02060865"
"2012-01-30 08:30:00+00:00","0.195","0.138","0.02662335"
"2012-01-30 09:00:00+00:00","0.138","0.156","0.02819775"
"2012-01-30 09:30:00+00:00","0.191","0.475","0.02833305"
"2012-01-30 10:00:00+00:00","0.212","0.631","0.029274"
"2012-01-30 10:30:00+00:00","0.116","0.575","0.0301596"
"2012-01-30 11:00:00+00:00","0.151","0.688","0.0311928"
"2012-01-30 11:30:00+00:00","0.158","0.825","0.03175245"
"2012-01-30 12:00:00+00:00","0.235","0.869","0.02953845"
"2012-01-30 12:30:00+00:00","0.192","0.606","0.0263958"
"2012-01-30 13:00:00+00:00","0.159","0.525","0.02817315"
"2012-01-30 13:30:00+00:00","0.34","0.925","0.03089145"
"2012-01-30 14:00:00+00:00","0.438","0.844","0.0262605"
"2012-01-30 14:30:00+00:00","0.314","0.694","0.02539335"
"2012-01-30 15:00:00+00:00","0.358","0.713","0.025584"
"2012-01-30 15:30:00+00:00","0.385","0.788","0.02682015"
"2012-01-30 16:00:00+00:00","0.378","0.669","0.05012865"
"2012-01-30 16:30:00+00:00","0.452","0.55","0.03087915"
"2012-01-30 17:00:00+00:00","0.378","0.375","0.0238497"
"2012-01-30 17:30:00+00:00","0.312","0.294","0.02118675"
"2012-01-30 18:00:00+00:00","0.264","0.131","0.0226935"
"2012-01-30 18:30:00+00:00","0.408","0.05","0.01824705"
"2012-01-30 19:00:00+00:00","0.288","0.05","0.01734915"
"2012-01-30 19:30:00+00:00","0.286","0.013","0.023862"
"2012-01-30 20:00:00+00:00","0.418","0.0","0.0201966"
"2012-01-30 20:30:00+00:00","0.354","0.0","0.01759515"
"2012-01-30 21:00:00+00:00","0.394","0.0","0.01630365"
"2012-01-30 21:30:00+00:00","0.299","0.0","0.0173553"
"2012-01-30 22:00:00+00:00","0.243","0.0","0.0151905"
"2012-01-30 22:30:00+00:00","0.216","0.0","0.01805025"
"2012-01-30 23:00:00+00:00","0.174","0.0","0.0167772"
"2012-01-30 23:30:00+00:00","0.115","0.0","0.01645125"
"2012-01-31 00:00:00+00:00","0.15","0.0","0.0157809"
"2012-01-31 00:30:00+00:00","0.241","0.0","0.01513515"
"2012-01-31 01:00:00+00:00","0.231","0.006","0.01488915"
"2012-01-31 01:30:00+00:00","0.228","0.0","0.0146739"
"2012-01-31 02:00:00+00:00","0.226","0.0","0.0142311"
"2012-01-31 02:30:00+00:00","0.18","0.0","0.01099005"
"2012-01-31 03:00:00+00:00","0.125","0.0","0.0109839"
"2012-01-31 03:30:00+00:00","0.126","0.0","0.01105155"
"2012-01-31 04:00:00+00:00","0.224","0.0","0.01111305"
"2012-01-31 04:30:00+00:00","0.217","0.0","0.0126075"
"2012-01-31 05:00:00+00:00","0.177","0.0","0.0149691"
"2012-01-31 05:30:00+00:00","0.154","0.0","0.01800105"
"2012-01-31 06:00:00+00:00","0.117","0.0","0.016974"
"2012-01-31 06:30:00+00:00","0.239","0.0","0.0219186"
"2012-01-31 07:00:00+00:00","0.252","0.006","0.02269965"
"2012-01-31 07:30:00+00:00","0.245","0.038","0.0191388"
"2012-01-31 08:00:00+00:00","0.322","0.063","0.01968"
"2012-01-31 08:30:00+00:00","0.186","0.094","0.02020275"
"2012-01-31 09:00:00+00:00","0.194","0.188","0.02737365"
"2012-01-31 09:30:00+00:00","0.17","0.2","0.0264696"
"2012-01-31 10:00:00+00:00","0.143","0.263","0.0266418"
"2012-01-31 10:30:00+00:00","0.147","0.244","0.0239973"
"2012-01-31 11:00:00+00:00","0.189","0.281","0.02412645"
"2012-01-31 11:30:00+00:00","0.293","0.231","0.02035035"
"2012-01-31 12:00:00+00:00","0.301","0.288","0.0199014"
"2012-01-31 12:30:00+00:00","0.455","0.325","0.0221769"
"2012-01-31 13:00:00+00:00","0.228","0.375","0.02410185"
"2012-01-31 13:30:00+00:00","0.309","0.319","0.02455695"
"2012-01-31 14:00:00+00:00","1.135","0.3","0.0233085"
"2012-01-31 14:30:00+00:00","0.275","0.275","0.01913265"
"2012-01-31 15:00:00+00:00","0.277","0.294","0.01857915"
"2012-01-31 15:30:00+00:00","0.269","0.15","0.01875135"
"2012-01-31 16:00:00+00:00","0.238","0.044","0.0164328"
"2012-01-31 16:30:00+00:00","0.381","0.038","0.0178596"
"2012-01-31 17:00:00+00:00","0.288","0.013","0.01706625"
"2012-01-31 17:30:00+00:00","0.292","0.013","0.0160515"
"2012-01-31 18:00:00+00:00","0.362","0.006","0.0169125"
"2012-01-31 18:30:00+00:00","0.393","0.0","0.0171954"
"2012-01-31 19:00:00+00:00","0.491","0.0","0.01658655"
"2012-01-31 19:30:00+00:00","0.339","0.0","0.01663575"
"2012-01-31 20:00:00+00:00","0.357","0.0","0.0162729"
"2012-01-31 20:30:00+00:00","0.292","0.0","0.0158055"
"2012-01-31 21:00:00+00:00","0.307","0.0","0.01493835"
"2012-01-31 21:30:00+00:00","0.451","0.0","0.0148707"
"2012-01-31 22:00:00+00:00","0.141","0.0","0.014145"
"2012-01-31 22:30:00+00:00","0.173","0.0","0.01531965"
"2012-01-31 23:00:00+00:00","0.169","0.0","0.0149199"
"2012-01-31 23:30:00+00:00","0.231","0.0","0.0148584"
"2012-02-01 00:00:00+00:00","0.225","0.0","0.0154365"
"2012-02-01 00:30:00+00:00","0.224","0.0","0.01480305"
"2012-02-01 01:00:00+00:00","0.186","0.0","0.0137145"
"2012-02-01 01:30:00+00:00","0.097","0.0","0.012177"
"2012-02-01 02:00:00+00:00","0.108","0.0","0.0107994"
"2012-02-01 02:30:00+00:00","0.116","0.0","0.0095817"
"2012-02-01 03:00:00+00:00","0.164","0.0","0.01053495"
"2012-02-01 03:30:00+00:00","0.229","0.0","0.010578"
"2012-02-01 04:00:00+00:00","0.186","0.0","0.01105155"
"2012-02-01 04:30:00+00:00","0.169","0.0","0.0112176"
"2012-02-01 05:00:00+00:00","0.217","0.0","0.01333935"
"2012-02-01 05:30:00+00:00","0.176","0.0","0.018819"
"2012-02-01 06:00:00+00:00","0.174","0.0","0.0169986"
"2012-02-01 06:30:00+00:00","0.486","0.0","0.01910805"
"2012-02-01 07:00:00+00:00","0.385","0.0","0.0179457"
"2012-02-01 07:30:00+00:00","0.25","0.0","0.0158547"
"2012-02-01 08:00:00+00:00","0.212","0.006","0.01663575"
"2012-02-01 08:30:00+00:00","0.153","0.006","0.0168879"
"2012-02-01 09:00:00+00:00","0.146","0.013","0.017835"
"2012-02-01 09:30:00+00:00","0.244","0.075","0.01824705"
"2012-02-01 10:00:00+00:00","0.291","0.05","0.0166665"
"2012-02-01 10:30:00+00:00","0.289","0.056","0.01714005"
"2012-02-01 11:00:00+00:00","0.223","0.031","0.01701705"
"2012-02-01 11:30:00+00:00","0.168","0.044","0.01705395"
"2012-02-01 12:00:00+00:00","0.233","0.113","0.01668495"
"2012-02-01 12:30:00+00:00","0.249","0.088","0.01662345"
"2012-02-01 13:00:00+00:00","0.197","0.069","0.0165189"
"2012-02-01 13:30:00+00:00","0.166","0.063","0.01684485"
"2012-02-01 14:00:00+00:00","0.197","0.056","0.0165066"
"2012-02-01 14:30:00+00:00","0.219","0.038","0.0165804"
"2012-02-01 15:00:00+00:00","0.225","0.05","0.01693095"
"2012-02-01 15:30:00+00:00","0.194","0.063","0.01705395"
"2012-02-01 16:00:00+00:00","0.233","0.044","0.0170109"
"2012-02-01 16:30:00+00:00","0.289","0.075","0.0166296"
"2012-02-01 17:00:00+00:00","0.293","0.05","0.01685715"
"2012-02-01 17:30:00+00:00","0.255","0.025","0.01562715"
"2012-02-01 18:00:00+00:00","0.163","0.019","0.01646355"
"2012-02-01 18:30:00+00:00","0.331","0.013","0.0166296"
"2012-02-01 19:00:00+00:00","0.331","0.0","0.0162483"
"2012-02-01 19:30:00+00:00","0.329","0.0","0.0169002"
"2012-02-01 20:00:00+00:00","0.343","0.0","0.0165558"
"2012-02-01 20:30:00+00:00","0.17","0.0","0.016236"
"2012-02-01 21:00:00+00:00","0.166","0.0","0.0154365"
"2012-02-01 21:30:00+00:00","0.104","0.0","0.0156333"
"2012-02-01 22:00:00+00:00","0.095","0.0","0.01463085"
"2012-02-01 22:30:00+00:00","0.173","0.0","0.01578705"
"2012-02-01 23:00:00+00:00","0.222","0.0","0.01483995"
"2012-02-01 23:30:00+00:00","0.204","0.0","0.01497525"
"2012-02-02 00:00:00+00:00","0.116","0.0","0.0149937"
"2012-02-02 00:30:00+00:00","0.104","0.0","0.01504905"
"2012-02-02 01:00:00+00:00","0.164","0.0","0.01369605"
"2012-02-02 01:30:00+00:00","0.229","0.0","0.0117834"
"2012-02-02 02:00:00+00:00","0.184","0.0","0.0091512"
"2012-02-02 02:30:00+00:00","0.095","0.0","0.00837015"
"2012-02-02 03:00:00+00:00","0.078","0.0","0.0083271"
"2012-02-02 03:30:00+00:00","0.113","0.0","0.0079827"
"2012-02-02 04:00:00+00:00","0.128","0.0","0.0111684"
"2012-02-02 04:30:00+00:00","0.176","0.0","0.0112176"
"2012-02-02 05:00:00+00:00","0.171","0.0","0.0112176"
"2012-02-02 05:30:00+00:00","0.224","0.0","0.0154488"
"2012-02-02 06:00:00+00:00","0.178","0.0","0.01578705"
"2012-02-02 06:30:00+00:00","0.117","0.0","0.01797645"
"2012-02-02 07:00:00+00:00","0.123","0.0","0.0204672"
"2012-02-02 07:30:00+00:00","0.195","0.006","0.0165804"
"2012-02-02 08:00:00+00:00","0.292","0.006","0.01669725"
"2012-02-02 08:30:00+00:00","0.119","0.019","0.01673415"
"2012-02-02 09:00:00+00:00","0.14","0.038","0.0176997"
"2012-02-02 09:30:00+00:00","0.169","0.038","0.0187083"
"2012-02-02 10:00:00+00:00","0.141","0.05","0.01852995"
"2012-02-02 10:30:00+00:00","0.124","0.056","0.01717695"
"2012-02-02 11:00:00+00:00","0.192","0.106","0.0166542"
"2012-02-02 11:30:00+00:00","0.226","0.163","0.01707855"
"2012-02-02 12:00:00+00:00","0.192","0.2","0.0168756"
"2012-02-02 12:30:00+00:00","0.078","0.175","0.01662345"
"2012-02-02 13:00:00+00:00","0.073","0.188","0.0170109"
"2012-02-02 13:30:00+00:00","0.127","0.138","0.0170232"
"2012-02-02 14:00:00+00:00","0.327","0.138","0.01748445"
"2012-02-02 14:30:00+00:00","0.263","0.138","0.0199506"
"2012-02-02 15:00:00+00:00","0.248","0.138","0.0188313"
"2012-02-02 15:30:00+00:00","0.253","0.106","0.0191511"
"2012-02-02 16:00:00+00:00","0.232","0.038","0.02021505"
"2012-02-02 16:30:00+00:00","0.316","0.038","0.01979685"
"2012-02-02 17:00:00+00:00","0.286","0.044","0.01674645"
"2012-02-02 17:30:00+00:00","0.157","0.019","0.0165681"
"2012-02-02 18:00:00+00:00","0.314","0.006","0.01630365"
"2012-02-02 18:30:00+00:00","0.277","0.0","0.0150675"
"2012-02-02 19:00:00+00:00","0.206","0.0","0.01567635"
"2012-02-02 19:30:00+00:00","0.228","0.0","0.01654965"
"2012-02-02 20:00:00+00:00","0.403","0.0","0.0160269"
"2012-02-02 20:30:00+00:00","0.348","0.0","0.0151905"
"2012-02-02 21:00:00+00:00","0.299","0.0","0.01463085"
"2012-02-02 21:30:00+00:00","0.23","0.0","0.01464315"
"2012-02-02 22:00:00+00:00","0.159","0.0","0.0137883"
"2012-02-02 22:30:00+00:00","0.185","0.0","0.0152028"
"2012-02-02 23:00:00+00:00","0.161","0.0","0.0149937"
"2012-02-02 23:30:00+00:00","0.162","0.0","0.0150306"
"2012-02-03 00:00:00+00:00","0.582","0.0","0.0149445"
"2012-02-03 00:30:00+00:00","0.561","0.0","0.01498755"
"2012-02-03 01:00:00+00:00","0.113","0.0","0.012915"
"2012-02-03 01:30:00+00:00","0.073","0.0","0.0107748"
"2012-02-03 02:00:00+00:00","0.126","0.0","0.010947"
"2012-02-03 02:30:00+00:00","0.223","0.0","0.0092742"
"2012-02-03 03:00:00+00:00","0.222","0.006","0.00908355"
"2012-02-03 03:30:00+00:00","0.174","0.0","0.009348"
"2012-02-03 04:00:00+00:00","0.128","0.0","0.01014135"
"2012-02-03 04:30:00+00:00","0.179","0.0","0.0111684"
"2012-02-03 05:00:00+00:00","0.107","0.0","0.01240455"
"2012-02-03 05:30:00+00:00","0.104","0.0","0.01845"
"2012-02-03 06:00:00+00:00","0.108","0.0","0.0173553"
"2012-02-03 06:30:00+00:00","0.235","0.0","0.01801335"
"2012-02-03 07:00:00+00:00","0.256","0.0","0.0198153"
"2012-02-03 07:30:00+00:00","0.226","0.0","0.01512285"
"2012-02-03 08:00:00+00:00","0.334","0.013","0.01534425"
"2012-02-03 08:30:00+00:00","0.248","0.031","0.01615605"
"2012-02-03 09:00:00+00:00","0.214","0.094","0.01672185"
"2012-02-03 09:30:00+00:00","0.1","0.113","0.0176382"
"2012-02-03 10:00:00+00:00","0.053","0.119","0.016974"
"2012-02-03 10:30:00+00:00","0.108","0.094","0.0171462"
"2012-02-03 11:00:00+00:00","0.149","0.094","0.0172077"
"2012-02-03 11:30:00+00:00","0.156","0.213","0.01646355"
"2012-02-03 12:00:00+00:00","0.166","0.256","0.016605"
"2012-02-03 12:30:00+00:00","0.177","0.363","0.01864065"
"2012-02-03 13:00:00+00:00","0.169","0.363","0.0183147"
"2012-02-03 13:30:00+00:00","0.106","0.331","0.01539345"
"2012-02-03 14:00:00+00:00","0.161","0.313","0.0160146"
"2012-02-03 14:30:00+00:00","0.198","0.244","0.0163467"
"2012-02-03 15:00:00+00:00","0.159","0.269","0.0166419"
"2012-02-03 15:30:00+00:00","0.094","0.281","0.0165681"
"2012-02-03 16:00:00+00:00","0.044","0.2","0.01658655"
"2012-02-03 16:30:00+00:00","0.14","0.163","0.0166665"
"2012-02-03 17:00:00+00:00","0.201","0.163","0.0169002"
"2012-02-03 17:30:00+00:00","0.207","0.15","0.01645125"
"2012-02-03 18:00:00+00:00","0.166","0.069","0.01657425"
"2012-02-03 18:30:00+00:00","0.163","0.038","0.015129"
"2012-02-03 19:00:00+00:00","0.178","0.019","0.0155718"
"2012-02-03 19:30:00+00:00","0.165","0.0","0.0154242"
"2012-02-03 20:00:00+00:00","0.11","0.0","0.01625445"
"2012-02-03 20:30:00+00:00","0.264","0.0","0.01555335"
"2012-02-03 21:00:00+00:00","0.18","0.0","0.0149814"
"2012-02-03 21:30:00+00:00","0.239","0.0","0.0150675"
"2012-02-03 22:00:00+00:00","0.198","0.0","0.0155103"
"2012-02-03 22:30:00+00:00","0.169","0.0","0.01808715"
"2012-02-03 23:00:00+00:00","0.186","0.0","0.0163959"
"2012-02-03 23:30:00+00:00","0.183","0.0","0.0163713"
"2012-02-04 00:00:00+00:00","0.176","0.0","0.01650045"
"2012-02-04 00:30:00+00:00","0.177","0.0","0.01498755"
"2012-02-04 01:00:00+00:00","0.207","0.0","0.01499985"
"2012-02-04 01:30:00+00:00","0.22","0.0","0.01452015"
"2012-02-04 02:00:00+00:00","0.171","0.0","0.01472925"
"2012-02-04 02:30:00+00:00","0.102","0.0","0.0112668"
"2012-02-04 03:00:00+00:00","0.13","0.0","0.0119064"
"2012-02-04 03:30:00+00:00","0.182","0.0","0.01083015"
"2012-02-04 04:00:00+00:00","0.151","0.0","0.01107615"
"2012-02-04 04:30:00+00:00","0.104","0.0","0.01169115"
"2012-02-04 05:00:00+00:00","0.076","0.0","0.0110823"
"2012-02-04 05:30:00+00:00","0.175","0.0","0.016359"
"2012-02-04 06:00:00+00:00","0.17","0.0","0.01276125"
"2012-02-04 06:30:00+00:00","0.349","0.0","0.0136899"
"2012-02-04 07:00:00+00:00","0.197","0.013","0.01549185"
"2012-02-04 07:30:00+00:00","0.237","0.025","0.01598385"
"2012-02-04 08:00:00+00:00","0.173","0.144","0.01717695"
"2012-02-04 08:30:00+00:00","0.122","0.181","0.0167157"
"2012-02-04 09:00:00+00:00","0.064","0.344","0.01664805"
"2012-02-04 09:30:00+00:00","0.288","0.425","0.0166542"
"2012-02-04 10:00:00+00:00","0.279","0.344","0.01668495"
"2012-02-04 10:30:00+00:00","0.241","0.319","0.01663575"
"2012-02-04 11:00:00+00:00","0.322","0.325","0.016605"
"2012-02-04 11:30:00+00:00","0.292","0.206","0.0166296"
"2012-02-04 12:00:00+00:00","0.74","0.181","0.0166419"
"2012-02-04 12:30:00+00:00","0.331","0.194","0.01675875"
"2012-02-04 13:00:00+00:00","0.233","0.344","0.01817325"
"2012-02-04 13:30:00+00:00","0.261","0.663","0.0167526"
"2012-02-04 14:00:00+00:00","0.281","0.606","0.01664805"
"2012-02-04 14:30:00+00:00","0.214","0.413","0.01673415"
"2012-02-04 15:00:00+00:00","0.163","0.744","0.01726305"
"2012-02-04 15:30:00+00:00","0.214","0.675","0.017712"
"2012-02-04 16:00:00+00:00","0.165","0.713","0.01909575"
"2012-02-04 16:30:00+00:00","0.259","0.631","0.0192249"
"2012-02-04 17:00:00+00:00","0.221","0.531","0.0219555"
"2012-02-04 17:30:00+00:00","0.272","0.319","0.01945245"
"2012-02-04 18:00:00+00:00","0.468","0.113","0.01899735"
"2012-02-04 18:30:00+00:00","0.606","0.019","0.0177489"
"2012-02-04 19:00:00+00:00","0.381","0.006","0.01791495"
"2012-02-04 19:30:00+00:00","0.319","0.0","0.01924335"
"2012-02-04 20:00:00+00:00","0.122","0.0","0.0195816"
"2012-02-04 20:30:00+00:00","0.274","0.0","0.01816095"
"2012-02-04 21:00:00+00:00","0.203","0.0","0.01731225"
"2012-02-04 21:30:00+00:00","0.443","0.0","0.01683255"
"2012-02-04 22:00:00+00:00","0.217","0.0","0.0160638"
"2012-02-04 22:30:00+00:00","0.198","0.0","0.01696785"
"2012-02-04 23:00:00+00:00","0.168","0.0","0.0156948"
"2012-02-04 23:30:00+00:00","0.178","0.0","0.0161007"
"2012-02-05 00:00:00+00:00","0.436","0.0","0.01579935"
"2012-02-05 00:30:00+00:00","0.757","0.0","0.0150306"
"2012-02-05 01:00:00+00:00","0.164","0.0","0.0146616"
"2012-02-05 01:30:00+00:00","0.155","0.0","0.0146493"
"2012-02-05 02:00:00+00:00","0.157","0.0","0.0130257"
"2012-02-05 02:30:00+00:00","0.17","0.0","0.01129755"
"2012-02-05 03:00:00+00:00","0.164","0.0","0.0116112"
"2012-02-05 03:30:00+00:00","0.106","0.0","0.01112535"
"2012-02-05 04:00:00+00:00","0.076","0.0","0.01110075"
"2012-02-05 04:30:00+00:00","0.13","0.0","0.0111684"
"2012-02-05 05:00:00+00:00","0.215","0.0","0.0111684"
"2012-02-05 05:30:00+00:00","0.223","0.0","0.01236765"
"2012-02-05 06:00:00+00:00","0.174","0.0","0.01252755"
"2012-02-05 06:30:00+00:00","0.165","0.0","0.0118818"
"2012-02-05 07:00:00+00:00","0.325","0.0","0.0148707"
"2012-02-05 07:30:00+00:00","0.146","0.0","0.01408965"
"2012-02-05 08:00:00+00:00","0.109","0.0","0.01514745"
"2012-02-05 08:30:00+00:00","0.083","0.0","0.0162237"
"2012-02-05 09:00:00+00:00","0.3","0.0","0.01648815"
"2012-02-05 09:30:00+00:00","0.252","0.0","0.01669725"
"2012-02-05 10:00:00+00:00","0.227","0.0","0.0163713"
"2012-02-05 10:30:00+00:00","0.232","0.0","0.01616835"
"2012-02-05 11:00:00+00:00","0.271","0.0","0.0164328"
"2012-02-05 11:30:00+00:00","0.144","0.006","0.0168387"
"2012-02-05 12:00:00+00:00","0.213","0.0","0.01664805"
"2012-02-05 12:30:00+00:00","0.199","0.0","0.0167649"
"2012-02-05 13:00:00+00:00","0.397","0.0","0.01678335"
"2012-02-05 13:30:00+00:00","0.418","0.0","0.0170601"
"2012-02-05 14:00:00+00:00","0.247","0.0","0.02054715"
"2012-02-05 14:30:00+00:00","0.236","0.0","0.01656195"
"2012-02-05 15:00:00+00:00","0.07","0.0","0.0165558"
"2012-02-05 15:30:00+00:00","0.148","0.0","0.01645125"
"2012-02-05 16:00:00+00:00","0.482","0.0","0.01683255"
"2012-02-05 16:30:00+00:00","0.281","0.0","0.01662345"
"2012-02-05 17:00:00+00:00","0.299","0.0","0.01738605"
"2012-02-05 17:30:00+00:00","0.353","0.0","0.016851"
"2012-02-05 18:00:00+00:00","0.424","0.0","0.01654965"
"2012-02-05 18:30:00+00:00","0.244","0.0","0.0165681"
"2012-02-05 19:00:00+00:00","0.312","0.0","0.0166419"
"2012-02-05 19:30:00+00:00","0.215","0.0","0.0166419"
"2012-02-05 20:00:00+00:00","0.238","0.0","0.01844385"
"2012-02-05 20:30:00+00:00","0.413","0.0","0.0161253"
"2012-02-05 21:00:00+00:00","0.276","0.0","0.01603305"
"2012-02-05 21:30:00+00:00","0.162","0.0","0.01577475"
"2012-02-05 22:00:00+00:00","0.119","0.0","0.0150183"
"2012-02-05 22:30:00+00:00","0.106","0.0","0.0153873"
"2012-02-05 23:00:00+00:00","0.136","0.0","0.01502445"
"2012-02-05 23:30:00+00:00","0.171","0.0","0.01503675"
"2012-02-06 00:00:00+00:00","0.405","0.0","0.0149445"
"2012-02-06 00:30:00+00:00","0.815","0.0","0.0147723"
"2012-02-06 01:00:00+00:00","0.153","0.0","0.01199865"
"2012-02-06 01:30:00+00:00","0.195","0.0","0.0111807"
"2012-02-06 02:00:00+00:00","0.22","0.0","0.0112914"
"2012-02-06 02:30:00+00:00","0.165","0.0","0.01103925"
"2012-02-06 03:00:00+00:00","0.142","0.0","0.0110823"
"2012-02-06 03:30:00+00:00","0.089","0.0","0.01114995"
"2012-02-06 04:00:00+00:00","0.122","0.0","0.0111684"
"2012-02-06 04:30:00+00:00","0.165","0.0","0.01145745"
"2012-02-06 05:00:00+00:00","0.163","0.0","0.0155472"
"2012-02-06 05:30:00+00:00","0.157","0.0","0.0206394"
"2012-02-06 06:00:00+00:00","0.11","0.0","0.0188928"
"2012-02-06 06:30:00+00:00","0.132","0.0","0.0199998"
"2012-02-06 07:00:00+00:00","0.365","0.0","0.0196185"
"2012-02-06 07:30:00+00:00","0.249","0.019","0.01654965"
"2012-02-06 08:00:00+00:00","0.218","0.063","0.01813635"
"2012-02-06 08:30:00+00:00","0.197","0.194","0.01963695"
"2012-02-06 09:00:00+00:00","0.144","0.394","0.0215127"
"2012-02-06 09:30:00+00:00","0.13","0.45","0.0224721"
"2012-02-06 10:00:00+00:00","0.112","0.144","0.02225685"
"2012-02-06 10:30:00+00:00","0.135","0.144","0.01918185"
"2012-02-06 11:00:00+00:00","0.203","0.169","0.02051025"
"2012-02-06 11:30:00+00:00","0.215","0.331","0.0209223"
"2012-02-06 12:00:00+00:00","0.221","0.881","0.01936635"
"2012-02-06 12:30:00+00:00","0.212","0.975","0.01937865"
"2012-02-06 13:00:00+00:00","0.405","0.869","0.0192249"
"2012-02-06 13:30:00+00:00","0.22","0.975","0.0184008"
"2012-02-06 14:00:00+00:00","0.213","0.806","0.018327"
"2012-02-06 14:30:00+00:00","0.235","0.481","0.01771815"
"2012-02-06 15:00:00+00:00","0.186","0.338","0.01870215"
"2012-02-06 15:30:00+00:00","0.173","0.231","0.017835"
"2012-02-06 16:00:00+00:00","0.22","0.188","0.02043645"
"2012-02-06 16:30:00+00:00","0.171","0.181","0.01935405"
"2012-02-06 17:00:00+00:00","0.124","0.15","0.01690635"
"2012-02-06 17:30:00+00:00","0.182","0.063","0.0163098"
"2012-02-06 18:00:00+00:00","0.171","0.063","0.0162975"
"2012-02-06 18:30:00+00:00","0.15","0.0","0.0166788"
"2012-02-06 19:00:00+00:00","0.153","0.0","0.01642665"
"2012-02-06 19:30:00+00:00","0.188","0.0","0.0173061"
"2012-02-06 20:00:00+00:00","0.178","0.0","0.01663575"
"2012-02-06 20:30:00+00:00","0.313","0.0","0.01640205"
"2012-02-06 21:00:00+00:00","0.319","0.0","0.0155718"
"2012-02-06 21:30:00+00:00","0.338","0.0","0.015867"
"2012-02-06 22:00:00+00:00","0.194","0.0","0.01501215"
"2012-02-06 22:30:00+00:00","0.191","0.0","0.0180195"
"2012-02-06 23:00:00+00:00","0.185","0.0","0.0165435"
"2012-02-06 23:30:00+00:00","0.103","0.0","0.01704165"
"2012-02-07 00:00:00+00:00","0.108","0.0","0.016236"
"2012-02-07 00:30:00+00:00","0.125","0.0","0.0155349"
"2012-02-07 01:00:00+00:00","0.17","0.0","0.01512285"
"2012-02-07 01:30:00+00:00","0.197","0.0","0.01522125"
"2012-02-07 02:00:00+00:00","0.15","0.0","0.0149937"
"2012-02-07 02:30:00+00:00","0.113","0.0","0.0149691"
"2012-02-07 03:00:00+00:00","0.163","0.0","0.0144402"
"2012-02-07 03:30:00+00:00","0.23","0.0","0.01476615"
"2012-02-07 04:00:00+00:00","0.23","0.0","0.01497525"
"2012-02-07 04:30:00+00:00","0.309","0.0","0.0154734"
"2012-02-07 05:00:00+00:00","0.122","0.0","0.01632825"
"2012-02-07 05:30:00+00:00","0.162","0.0","0.02014125"
"2012-02-07 06:00:00+00:00","0.143","0.0","0.0186468"
"2012-02-07 06:30:00+00:00","0.175","0.0","0.0195939"
"2012-02-07 07:00:00+00:00","0.121","0.0","0.01972305"
"2012-02-07 07:30:00+00:00","0.218","0.006","0.018081"
"2012-02-07 08:00:00+00:00","0.27","0.044","0.01918185"
"2012-02-07 08:30:00+00:00","0.237","0.075","0.01931715"
"2012-02-07 09:00:00+00:00","0.202","0.125","0.0193725"
"2012-02-07 09:30:00+00:00","0.122","0.181","0.0192003"
"2012-02-07 10:00:00+00:00","0.167","0.219","0.0194094"
"2012-02-07 10:30:00+00:00","0.23","0.344","0.0193602"
"2012-02-07 11:00:00+00:00","0.224","0.375","0.0193233"
"2012-02-07 11:30:00+00:00","0.2","0.6","0.01939095"
"2012-02-07 12:00:00+00:00","0.11","0.631","0.0193479"
"2012-02-07 12:30:00+00:00","0.085","0.5","0.0192987"
"2012-02-07 13:00:00+00:00","0.132","0.431","0.0192618"
"2012-02-07 13:30:00+00:00","0.35","0.456","0.01800105"
"2012-02-07 14:00:00+00:00","0.208","0.438","0.01829625"
"2012-02-07 14:30:00+00:00","0.289","0.244","0.016482"
"2012-02-07 15:00:00+00:00","0.307","0.275","0.0169863"
"2012-02-07 15:30:00+00:00","0.309","0.4","0.01685715"
"2012-02-07 16:00:00+00:00","0.289","0.35","0.01733685"
"2012-02-07 16:30:00+00:00","0.335","0.444","0.01764435"
"2012-02-07 17:00:00+00:00","0.272","0.213","0.01750905"
"2012-02-07 17:30:00+00:00","0.294","0.113","0.0161991"
"2012-02-07 18:00:00+00:00","0.264","0.138","0.01653735"
"2012-02-07 18:30:00+00:00","0.247","0.156","0.0159285"
"2012-02-07 19:00:00+00:00","0.374","0.05","0.01578705"
"2012-02-07 19:30:00+00:00","0.393","0.006","0.01599"
"2012-02-07 20:00:00+00:00","0.327","0.0","0.01625445"
"2012-02-07 20:30:00+00:00","0.296","0.0","0.01619295"
"2012-02-07 21:00:00+00:00","0.232","0.0","0.0152397"
"2012-02-07 21:30:00+00:00","0.48","0.0","0.015867"
"2012-02-07 22:00:00+00:00","0.419","0.0","0.01486455"
"2012-02-07 22:30:00+00:00","0.169","0.0","0.01699245"
"2012-02-07 23:00:00+00:00","0.144","0.0","0.015867"
"2012-02-07 23:30:00+00:00","0.119","0.0","0.01587315"
"2012-02-08 00:00:00+00:00","0.176","0.0","0.01626675"
"2012-02-08 00:30:00+00:00","0.237","0.0","0.01557795"
"2012-02-08 01:00:00+00:00","0.223","0.0","0.01497525"
"2012-02-08 01:30:00+00:00","0.237","0.0","0.01491375"
"2012-02-08 02:00:00+00:00","0.205","0.0","0.0126936"
"2012-02-08 02:30:00+00:00","0.106","0.006","0.0109101"
"2012-02-08 03:00:00+00:00","0.132","0.0","0.0111438"
"2012-02-08 03:30:00+00:00","0.145","0.0","0.0109347"
"2012-02-08 04:00:00+00:00","0.182","0.0","0.0111684"
"2012-02-08 04:30:00+00:00","0.162","0.0","0.013038"
"2012-02-08 05:00:00+00:00","0.121","0.0","0.01529505"
"2012-02-08 05:30:00+00:00","0.276","0.0","0.0192372"
"2012-02-08 06:00:00+00:00","0.385","0.0","0.01809945"
"2012-02-08 06:30:00+00:00","0.243","0.0","0.0182532"
"2012-02-08 07:00:00+00:00","0.19","0.0","0.01960005"
"2012-02-08 07:30:00+00:00","0.185","0.025","0.0162237"
"2012-02-08 08:00:00+00:00","0.234","0.05","0.0168264"
"2012-02-08 08:30:00+00:00","0.165","0.188","0.0168387"
"2012-02-08 09:00:00+00:00","0.105","0.15","0.0165927"
"2012-02-08 09:30:00+00:00","0.11","0.156","0.01816095"
"2012-02-08 10:00:00+00:00","0.147","0.3","0.0194832"
"2012-02-08 10:30:00+00:00","0.124","0.281","0.0185115"
"2012-02-08 11:00:00+00:00","0.159","0.456","0.01812405"
"2012-02-08 11:30:00+00:00","0.243","0.931","0.01867755"
"2012-02-08 12:00:00+00:00","0.164","0.894","0.01721385"
"2012-02-08 12:30:00+00:00","0.122","0.875","0.01774275"
"2012-02-08 13:00:00+00:00","0.167","0.875","0.0181302"
"2012-02-08 13:30:00+00:00","0.233","0.875","0.0193725"
"2012-02-08 14:00:00+00:00","0.216","0.931","0.01928025"
"2012-02-08 14:30:00+00:00","0.17","0.819","0.01942785"
"2012-02-08 15:00:00+00:00","0.212","0.575","0.0192618"
"2012-02-08 15:30:00+00:00","0.223","0.706","0.01845615"
"2012-02-08 16:00:00+00:00","0.124","0.644","0.0193602"
"2012-02-08 16:30:00+00:00","0.071","0.563","0.01663575"
"2012-02-08 17:00:00+00:00","0.099","0.513","0.01711545"
"2012-02-08 17:30:00+00:00","0.178","0.406","0.01645125"
"2012-02-08 18:00:00+00:00","0.258","0.206","0.0165681"
"2012-02-08 18:30:00+00:00","0.389","0.113","0.01539345"
"2012-02-08 19:00:00+00:00","0.309","0.038","0.01587315"
"2012-02-08 19:30:00+00:00","0.372","0.006","0.0165681"
"2012-02-08 20:00:00+00:00","0.29","0.0","0.01621755"
"2012-02-08 20:30:00+00:00","0.24","0.0","0.0158301"
"2012-02-08 21:00:00+00:00","0.311","0.0","0.0149814"
"2012-02-08 21:30:00+00:00","0.192","0.0","0.0152151"
"2012-02-08 22:00:00+00:00","0.238","0.0","0.01539345"
"2012-02-08 22:30:00+00:00","0.24","0.0","0.017712"
"2012-02-08 23:00:00+00:00","0.2","0.0","0.0156333"
"2012-02-08 23:30:00+00:00","0.84","0.0","0.0157932"
"2012-02-09 00:00:00+00:00","0.18","0.0","0.0164943"
"2012-02-09 00:30:00+00:00","0.15","0.0","0.015375"
"2012-02-09 01:00:00+00:00","0.173","0.0","0.0149691"
"2012-02-09 01:30:00+00:00","0.179","0.0","0.01501215"
"2012-02-09 02:00:00+00:00","0.201","0.0","0.0140343"
"2012-02-09 02:30:00+00:00","0.234","0.0","0.01126065"
"2012-02-09 03:00:00+00:00","0.152","0.0","0.01065795"
"2012-02-09 03:30:00+00:00","0.103","0.0","0.0111684"
"2012-02-09 04:00:00+00:00","0.184","0.0","0.0111684"
"2012-02-09 04:30:00+00:00","0.232","0.0","0.0137514"
"2012-02-09 05:00:00+00:00","0.188","0.0","0.0161745"
"2012-02-09 05:30:00+00:00","0.228","0.0","0.0184992"
"2012-02-09 06:00:00+00:00","0.268","0.0","0.01945245"
"2012-02-09 06:30:00+00:00","0.144","0.0","0.0190035"
"2012-02-09 07:00:00+00:00","0.185","0.006","0.0194094"
"2012-02-09 07:30:00+00:00","0.136","0.019","0.01636515"
"2012-02-09 08:00:00+00:00","0.285","0.094","0.01725075"
"2012-02-09 08:30:00+00:00","0.243","0.094","0.01707855"
"2012-02-09 09:00:00+00:00","0.215","0.438","0.0178965"
"2012-02-09 09:30:00+00:00","0.213","0.531","0.01918185"
"2012-02-09 10:00:00+00:00","0.205","0.588","0.01888665"
"2012-02-09 10:30:00+00:00","0.14","0.356","0.01851765"
"2012-02-09 11:00:00+00:00","0.182","0.669","0.0168141"
"2012-02-09 11:30:00+00:00","0.188","0.75","0.0180933"
"2012-02-09 12:00:00+00:00","0.216","0.669","0.01807485"
"2012-02-09 12:30:00+00:00","0.12","0.725","0.01771815"
"2012-02-09 13:00:00+00:00","0.256","0.619","0.0185115"
"2012-02-09 13:30:00+00:00","0.238","0.8","0.01775505"
"2012-02-09 14:00:00+00:00","0.198","0.856","0.0194709"
"2012-02-09 14:30:00+00:00","0.242","0.825","0.0184377"
"2012-02-09 15:00:00+00:00","0.291","0.781","0.01898505"
"2012-02-09 15:30:00+00:00","0.395","0.756","0.0172569"
"2012-02-09 16:00:00+00:00","0.758","0.525","0.01638975"
"2012-02-09 16:30:00+00:00","0.788","0.281","0.0164328"
"2012-02-09 17:00:00+00:00","0.623","0.356","0.0179088"
"2012-02-09 17:30:00+00:00","0.521","0.231","0.0164574"
"2012-02-09 18:00:00+00:00","0.54","0.094","0.01673415"
"2012-02-09 18:30:00+00:00","0.233","0.031","0.0163713"
"2012-02-09 19:00:00+00:00","0.247","0.006","0.0160761"
"2012-02-09 19:30:00+00:00","0.243","0.0","0.01621755"
"2012-02-09 20:00:00+00:00","0.174","0.0","0.0161868"
"2012-02-09 20:30:00+00:00","0.42","0.0","0.01611915"
"2012-02-09 21:00:00+00:00","0.288","0.0","0.01567635"
"2012-02-09 21:30:00+00:00","0.314","0.0","0.0158793"
"2012-02-09 22:00:00+00:00","0.188","0.0","0.0150921"
"2012-02-09 22:30:00+00:00","0.148","0.0","0.01710315"
"2012-02-09 23:00:00+00:00","0.161","0.0","0.01609455"
"2012-02-09 23:30:00+00:00","0.18","0.0","0.01600845"
"2012-02-10 00:00:00+00:00","0.221","0.0","0.01667265"
"2012-02-10 00:30:00+00:00","1.029","0.0","0.0163344"
"2012-02-10 01:00:00+00:00","0.213","0.0","0.0149937"
"2012-02-10 01:30:00+00:00","0.195","0.0","0.01497525"
"2012-02-10 02:00:00+00:00","0.143","0.0","0.01461855"
"2012-02-10 02:30:00+00:00","0.202","0.0","0.01085475"
"2012-02-10 03:00:00+00:00","0.17","0.0","0.01067025"
"2012-02-10 03:30:00+00:00","0.211","0.0","0.01105155"
"2012-02-10 04:00:00+00:00","0.083","0.0","0.0111684"
"2012-02-10 04:30:00+00:00","0.11","0.0","0.0111684"
"2012-02-10 05:00:00+00:00","0.155","0.0","0.01268745"
"2012-02-10 05:30:00+00:00","0.133","0.0","0.01662345"
"2012-02-10 06:00:00+00:00","0.146","0.0","0.01679565"
"2012-02-10 06:30:00+00:00","0.209","0.0","0.01668495"
"2012-02-10 07:00:00+00:00","0.339","0.0","0.01722615"
"2012-02-10 07:30:00+00:00","0.161","0.031","0.0164328"
"2012-02-10 08:00:00+00:00","0.216","0.063","0.01694325"
"2012-02-10 08:30:00+00:00","0.248","0.069","0.01720155"
"2012-02-10 09:00:00+00:00","0.353","0.313","0.0166665"
"2012-02-10 09:30:00+00:00","0.186","0.431","0.017466"
"2012-02-10 10:00:00+00:00","0.113","0.269","0.01691865"
"2012-02-10 10:30:00+00:00","0.269","0.081","0.0164205"
"2012-02-10 11:00:00+00:00","0.134","0.294","0.01684485"
"2012-02-10 11:30:00+00:00","0.111","0.663","0.01663575"
"2012-02-10 12:00:00+00:00","0.203","0.688","0.0169002"
"2012-02-10 12:30:00+00:00","0.215","0.644","0.01721385"
"2012-02-10 13:00:00+00:00","0.177","0.719","0.01936635"
"2012-02-10 13:30:00+00:00","0.168","0.469","0.0177366"
"2012-02-10 14:00:00+00:00","0.199","0.625","0.0183024"
"2012-02-10 14:30:00+00:00","0.208","0.438","0.01654965"
"2012-02-10 15:00:00+00:00","0.195","0.531","0.0165681"
"2012-02-10 15:30:00+00:00","0.122","0.106","0.01701705"
"2012-02-10 16:00:00+00:00","0.221","0.0","0.0166173"
"2012-02-10 16:30:00+00:00","0.154","0.031","0.0165189"
"2012-02-10 17:00:00+00:00","0.084","0.056","0.01602075"
"2012-02-10 17:30:00+00:00","0.123","0.038","0.0150798"
"2012-02-10 18:00:00+00:00","0.178","0.056","0.01514745"
"2012-02-10 18:30:00+00:00","0.554","0.131","0.0149814"
"2012-02-10 19:00:00+00:00","0.347","0.05","0.01497525"
"2012-02-10 19:30:00+00:00","0.27","0.0","0.0155226"
"2012-02-10 20:00:00+00:00","0.387","0.0","0.0157194"
"2012-02-10 20:30:00+00:00","0.357","0.0","0.0154365"
"2012-02-10 21:00:00+00:00","0.29","0.0","0.01475385"
"2012-02-10 21:30:00+00:00","0.292","0.0","0.01480305"
"2012-02-10 22:00:00+00:00","0.213","0.0","0.01379445"
"2012-02-10 22:30:00+00:00","0.197","0.0","0.015006"
"2012-02-10 23:00:00+00:00","0.231","0.0","0.0152274"
"2012-02-10 23:30:00+00:00","0.194","0.0","0.0154488"
"2012-02-11 00:00:00+00:00","0.161","0.0","0.01543035"
"2012-02-11 00:30:00+00:00","0.211","0.0","0.0150552"
"2012-02-11 01:00:00+00:00","0.162","0.0","0.01470465"
"2012-02-11 01:30:00+00:00","0.07","0.0","0.0145755"
"2012-02-11 02:00:00+00:00","0.143","0.0","0.01145745"
"2012-02-11 02:30:00+00:00","0.149","0.0","0.01071945"
"2012-02-11 03:00:00+00:00","0.084","0.0","0.01099005"
"2012-02-11 03:30:00+00:00","0.202","0.0","0.0111069"
"2012-02-11 04:00:00+00:00","0.212","0.0","0.0111069"
"2012-02-11 04:30:00+00:00","0.134","0.0","0.0111684"
"2012-02-11 05:00:00+00:00","0.172","0.0","0.0111684"
"2012-02-11 05:30:00+00:00","0.222","0.0","0.0143787"
"2012-02-11 06:00:00+00:00","0.139","0.0","0.0149568"
"2012-02-11 06:30:00+00:00","0.157","0.0","0.01326555"
"2012-02-11 07:00:00+00:00","0.227","0.006","0.01513515"
"2012-02-11 07:30:00+00:00","0.086","0.019","0.0158178"
"2012-02-11 08:00:00+00:00","0.097","0.019","0.01650045"
"2012-02-11 08:30:00+00:00","0.142","0.025","0.0163836"
"2012-02-11 09:00:00+00:00","0.116","0.244","0.01642665"
"2012-02-11 09:30:00+00:00","0.3","0.331","0.01652505"
"2012-02-11 10:00:00+00:00","0.222","0.563","0.0162729"
"2012-02-11 10:30:00+00:00","0.306","0.631","0.01597155"
"2012-02-11 11:00:00+00:00","0.286","0.713","0.01611915"
"2012-02-11 11:30:00+00:00","0.316","0.875","0.01608225"
"2012-02-11 12:00:00+00:00","0.311","0.913","0.01589775"
"2012-02-11 12:30:00+00:00","0.292","0.913","0.01568865"
"2012-02-11 13:00:00+00:00","0.322","0.919","0.01584855"
"2012-02-11 13:30:00+00:00","0.244","0.913","0.01599615"
"2012-02-11 14:00:00+00:00","0.302","0.713","0.01587315"
"2012-02-11 14:30:00+00:00","0.164","0.5","0.01536885"
"2012-02-11 15:00:00+00:00","0.261","0.356","0.0152766"
"2012-02-11 15:30:00+00:00","0.325","0.056","0.0151905"
"2012-02-11 16:00:00+00:00","0.201","0.288","0.01508595"
"2012-02-11 16:30:00+00:00","0.26","0.344","0.01502445"
"2012-02-11 17:00:00+00:00","0.302","0.288","0.01508595"
"2012-02-11 17:30:00+00:00","0.26","0.388","0.01504905"
"2012-02-11 18:00:00+00:00","0.297","0.131","0.0150306"
"2012-02-11 18:30:00+00:00","0.363","0.019","0.0147969"
"2012-02-11 19:00:00+00:00","0.255","0.013","0.0149568"
"2012-02-11 19:30:00+00:00","0.214","0.0","0.01575015"
"2012-02-11 20:00:00+00:00","0.209","0.0","0.0156456"
"2012-02-11 20:30:00+00:00","0.203","0.0","0.0147969"
"2012-02-11 21:00:00+00:00","0.184","0.0","0.0147354"
"2012-02-11 21:30:00+00:00","0.336","0.0","0.0147108"
"2012-02-11 22:00:00+00:00","0.15","0.0","0.0139359"
"2012-02-11 22:30:00+00:00","0.224","0.0","0.0149814"
"2012-02-11 23:00:00+00:00","0.201","0.006","0.01486455"
"2012-02-11 23:30:00+00:00","0.166","0.0","0.0148461"
"2012-02-12 00:00:00+00:00","0.395","0.0","0.0143664"
"2012-02-12 00:30:00+00:00","0.8","0.0","0.0135177"
"2012-02-12 01:00:00+00:00","0.128","0.0","0.0113775"
"2012-02-12 01:30:00+00:00","0.074","0.0","0.01170345"
"2012-02-12 02:00:00+00:00","0.133","0.0","0.0099015"
"2012-02-12 02:30:00+00:00","0.113","0.0","0.01112535"
"2012-02-12 03:00:00+00:00","0.159","0.0","0.01073175"
"2012-02-12 03:30:00+00:00","0.165","0.0","0.00990765"
"2012-02-12 04:00:00+00:00","0.183","0.0","0.0083517"
"2012-02-12 04:30:00+00:00","0.145","0.0","0.00902205"
"2012-02-12 05:00:00+00:00","0.148","0.0","0.009963"
"2012-02-12 05:30:00+00:00","0.186","0.0","0.01292115"
"2012-02-12 06:00:00+00:00","0.083","0.0","0.01197405"
"2012-02-12 06:30:00+00:00","0.106","0.0","0.0111438"
"2012-02-12 07:00:00+00:00","0.279","0.0","0.0138498"
"2012-02-12 07:30:00+00:00","0.132","0.006","0.01342545"
"2012-02-12 08:00:00+00:00","0.153","0.038","0.0149199"
"2012-02-12 08:30:00+00:00","0.226","0.169","0.0149568"
"2012-02-12 09:00:00+00:00","0.259","0.388","0.0149568"
"2012-02-12 09:30:00+00:00","0.17","0.575","0.0149568"
"2012-02-12 10:00:00+00:00","0.225","0.663","0.0149568"
"2012-02-12 10:30:00+00:00","0.197","0.744","0.0149568"
"2012-02-12 11:00:00+00:00","0.294","0.813","0.0149568"
"2012-02-12 11:30:00+00:00","0.108","0.863","0.01499985"
"2012-02-12 12:00:00+00:00","0.15","0.894","0.0152643"
"2012-02-12 12:30:00+00:00","0.181","0.906","0.0152766"
"2012-02-12 13:00:00+00:00","0.109","0.906","0.01552875"
"2012-02-12 13:30:00+00:00","0.206","0.906","0.0156579"
"2012-02-12 14:00:00+00:00","0.204","0.875","0.0161745"
"2012-02-12 14:30:00+00:00","0.157","0.856","0.0159531"
"2012-02-12 15:00:00+00:00","0.133","0.825","0.0162852"
"2012-02-12 15:30:00+00:00","0.213","0.775","0.01629135"
"2012-02-12 16:00:00+00:00","0.18","0.706","0.01621755"
"2012-02-12 16:30:00+00:00","0.137","0.625","0.01545495"
"2012-02-12 17:00:00+00:00","0.083","0.338","0.01605765"
"2012-02-12 17:30:00+00:00","0.126","0.063","0.0150798"
"2012-02-12 18:00:00+00:00","0.128","0.006","0.01497525"
"2012-02-12 18:30:00+00:00","0.193","0.069","0.01483995"
"2012-02-12 19:00:00+00:00","0.139","0.031","0.0149814"
"2012-02-12 19:30:00+00:00","0.16","0.006","0.015129"
"2012-02-12 20:00:00+00:00","0.25","0.0","0.0151536"
"2012-02-12 20:30:00+00:00","0.38","0.0","0.01498755"
"2012-02-12 21:00:00+00:00","0.217","0.0","0.0149568"
"2012-02-12 21:30:00+00:00","0.27","0.0","0.01490145"
"2012-02-12 22:00:00+00:00","0.309","0.0","0.01345005"
"2012-02-12 22:30:00+00:00","0.158","0.0","0.01469235"
"2012-02-12 23:00:00+00:00","0.157","0.0","0.01487685"
"2012-02-12 23:30:00+00:00","0.2","0.0","0.0147846"
"2012-02-13 00:00:00+00:00","0.205","0.006","0.01408965"
"2012-02-13 00:30:00+00:00","0.124","0.0","0.0124845"
"2012-02-13 01:00:00+00:00","0.152","0.0","0.01161735"
"2012-02-13 01:30:00+00:00","0.203","0.0","0.01316715"
"2012-02-13 02:00:00+00:00","0.162","0.0","0.010455"
"2012-02-13 02:30:00+00:00","0.127","0.0","0.01052265"
"2012-02-13 03:00:00+00:00","0.097","0.0","0.00929265"
"2012-02-13 03:30:00+00:00","0.136","0.0","0.00945255"
"2012-02-13 04:00:00+00:00","0.107","0.0","0.00978465"
"2012-02-13 04:30:00+00:00","0.126","0.0","0.0112176"
"2012-02-13 05:00:00+00:00","0.16","0.0","0.01196175"
"2012-02-13 05:30:00+00:00","0.22","0.0","0.0162114"
"2012-02-13 06:00:00+00:00","0.138","0.0","0.0159408"
"2012-02-13 06:30:00+00:00","0.184","0.0","0.0170601"
"2012-02-13 07:00:00+00:00","0.297","0.0","0.0180318"
"2012-02-13 07:30:00+00:00","0.337","0.031","0.01635285"
"2012-02-13 08:00:00+00:00","0.221","0.069","0.01608225"
"2012-02-13 08:30:00+00:00","0.169","0.144","0.0167526"
"2012-02-13 09:00:00+00:00","0.145","0.4","0.0172569"
"2012-02-13 09:30:00+00:00","0.114","0.556","0.01698015"
"2012-02-13 10:00:00+00:00","0.169","0.575","0.01755825"
"2012-02-13 10:30:00+00:00","0.161","0.381","0.0182655"
"2012-02-13 11:00:00+00:00","0.276","0.2","0.0183516"
"2012-02-13 11:30:00+00:00","0.311","0.413","0.0176259"
"2012-02-13 12:00:00+00:00","0.423","0.35","0.0168879"
"2012-02-13 12:30:00+00:00","0.327","0.4","0.0186591"
"2012-02-13 13:00:00+00:00","0.22","0.431","0.0177858"
"2012-02-13 13:30:00+00:00","0.118","0.719","0.01806255"
"2012-02-13 14:00:00+00:00","0.15","0.325","0.01651275"
"2012-02-13 14:30:00+00:00","0.211","0.313","0.0183393"
"2012-02-13 15:00:00+00:00","0.135","0.919","0.01897275"
"2012-02-13 15:30:00+00:00","0.125","0.769","0.01725075"
"2012-02-13 16:00:00+00:00","0.085","0.406","0.0166296"
"2012-02-13 16:30:00+00:00","0.231","0.219","0.0166173"
"2012-02-13 17:00:00+00:00","0.281","0.206","0.01656195"
"2012-02-13 17:30:00+00:00","0.235","0.106","0.01663575"
"2012-02-13 18:00:00+00:00","0.188","0.05","0.0162852"
"2012-02-13 18:30:00+00:00","0.218","0.006","0.0163467"
"2012-02-13 19:00:00+00:00","0.237","0.0","0.01652505"
"2012-02-13 19:30:00+00:00","0.261","0.0","0.01641435"
"2012-02-13 20:00:00+00:00","0.394","0.0","0.01613145"
"2012-02-13 20:30:00+00:00","0.228","0.0","0.01592235"
"2012-02-13 21:00:00+00:00","0.213","0.0","0.01568865"
"2012-02-13 21:30:00+00:00","0.3","0.006","0.01575015"
"2012-02-13 22:00:00+00:00","0.325","0.0","0.014883"
"2012-02-13 22:30:00+00:00","0.221","0.0","0.01599615"
"2012-02-13 23:00:00+00:00","0.141","0.0","0.0158916"
"2012-02-13 23:30:00+00:00","1.099","0.0","0.01608225"
"2012-02-14 00:00:00+00:00","0.192","0.0","0.01528275"
"2012-02-14 00:30:00+00:00","0.144","0.0","0.01503675"
"2012-02-14 01:00:00+00:00","0.123","0.0","0.01408965"
"2012-02-14 01:30:00+00:00","0.152","0.0","0.0134562"
"2012-02-14 02:00:00+00:00","0.1","0.0","0.00880065"
"2012-02-14 02:30:00+00:00","0.096","0.0","0.00931725"
"2012-02-14 03:00:00+00:00","0.209","0.0","0.0108855"
"2012-02-14 03:30:00+00:00","0.179","0.0","0.00996915"
"2012-02-14 04:00:00+00:00","0.168","0.0","0.01114995"
"2012-02-14 04:30:00+00:00","0.168","0.0","0.0111684"
"2012-02-14 05:00:00+00:00","0.199","0.0","0.0112176"
"2012-02-14 05:30:00+00:00","0.164","0.0","0.01603305"
"2012-02-14 06:00:00+00:00","0.159","0.0","0.0155226"
"2012-02-14 06:30:00+00:00","0.192","0.0","0.01654965"
"2012-02-14 07:00:00+00:00","0.29","0.0","0.0180195"
"2012-02-14 07:30:00+00:00","0.098","0.013","0.0163344"
"2012-02-14 08:00:00+00:00","0.158","0.094","0.0171093"
"2012-02-14 08:30:00+00:00","0.149","0.175","0.0175398"
"2012-02-14 09:00:00+00:00","0.192","0.219","0.01871445"
"2012-02-14 09:30:00+00:00","0.215","0.344","0.0179949"
"2012-02-14 10:00:00+00:00","0.191","0.531","0.01784115"
"2012-02-14 10:30:00+00:00","0.204","0.488","0.0190281"
"2012-02-14 11:00:00+00:00","0.149","0.913","0.0187329"
"2012-02-14 11:30:00+00:00","0.185","0.45","0.0184746"
"2012-02-14 12:00:00+00:00","0.287","0.581","0.0176505"
"2012-02-14 12:30:00+00:00","0.283","0.575","0.0170232"
"2012-02-14 13:00:00+00:00","0.154","0.513","0.01750905"
"2012-02-14 13:30:00+00:00","0.113","0.625","0.01910805"
"2012-02-14 14:00:00+00:00","0.191","0.65","0.0189051"
"2012-02-14 14:30:00+00:00","0.246","0.569","0.0172446"
"2012-02-14 15:00:00+00:00","0.135","0.844","0.01854225"
"2012-02-14 15:30:00+00:00","0.267","0.731","0.01830855"
"2012-02-14 16:00:00+00:00","0.228","0.556","0.02197395"
"2012-02-14 16:30:00+00:00","0.207","0.556","0.01757055"
"2012-02-14 17:00:00+00:00","0.149","0.519","0.0172077"
"2012-02-14 17:30:00+00:00","0.216","0.394","0.01626675"
"2012-02-14 18:00:00+00:00","0.313","0.15","0.01661115"
"2012-02-14 18:30:00+00:00","0.269","0.038","0.0165066"
"2012-02-14 19:00:00+00:00","0.465","0.025","0.0164328"
"2012-02-14 19:30:00+00:00","0.331","0.0","0.01669725"
"2012-02-14 20:00:00+00:00","0.268","0.0","0.01662345"
"2012-02-14 20:30:00+00:00","0.191","0.0","0.01641435"
"2012-02-14 21:00:00+00:00","0.337","0.0","0.01589775"
"2012-02-14 21:30:00+00:00","0.19","0.0","0.0161745"
"2012-02-14 22:00:00+00:00","0.195","0.0","0.01540575"
"2012-02-14 22:30:00+00:00","0.139","0.0","0.01817325"
"2012-02-14 23:00:00+00:00","0.211","0.0","0.0168879"
"2012-02-14 23:30:00+00:00","0.201","0.0","0.0153258"
"2012-02-15 00:00:00+00:00","0.139","0.0","0.01557795"
"2012-02-15 00:30:00+00:00","0.147","0.0","0.01475385"
"2012-02-15 01:00:00+00:00","0.22","0.0","0.01368375"
"2012-02-15 01:30:00+00:00","0.159","0.0","0.0114144"
"2012-02-15 02:00:00+00:00","0.097","0.0","0.00968625"
"2012-02-15 02:30:00+00:00","0.141","0.0","0.01089165"
"2012-02-15 03:00:00+00:00","0.145","0.0","0.0083886"
"2012-02-15 03:30:00+00:00","0.055","0.0","0.00808725"
"2012-02-15 04:00:00+00:00","0.164","0.0","0.0108117"
"2012-02-15 04:30:00+00:00","0.213","0.0","0.0111684"
"2012-02-15 05:00:00+00:00","0.126","0.0","0.01150665"
"2012-02-15 05:30:00+00:00","0.152","0.0","0.01577475"
"2012-02-15 06:00:00+00:00","0.22","0.0","0.0161991"
"2012-02-15 06:30:00+00:00","0.214","0.0","0.0165189"
"2012-02-15 07:00:00+00:00","0.2","0.0","0.01677105"
"2012-02-15 07:30:00+00:00","0.34","0.019","0.01581165"
"2012-02-15 08:00:00+00:00","0.176","0.081","0.0163467"
"2012-02-15 08:30:00+00:00","0.214","0.063","0.0166542"
"2012-02-15 09:00:00+00:00","0.082","0.2","0.01672185"
"2012-02-15 09:30:00+00:00","0.18","0.181","0.01679565"
"2012-02-15 10:00:00+00:00","0.228","0.169","0.01658655"
"2012-02-15 10:30:00+00:00","0.23","0.213","0.01669725"
"2012-02-15 11:00:00+00:00","0.201","0.425","0.01664805"
"2012-02-15 11:30:00+00:00","0.236","0.538","0.016605"
"2012-02-15 12:00:00+00:00","0.184","0.588","0.01662345"
"2012-02-15 12:30:00+00:00","0.152","0.444","0.01689405"
"2012-02-15 13:00:00+00:00","0.152","0.319","0.0178842"
"2012-02-15 13:30:00+00:00","0.219","0.25","0.01918185"
"2012-02-15 14:00:00+00:00","0.12","0.369","0.0200244"
"2012-02-15 14:30:00+00:00","0.068","0.644","0.02015355"
"2012-02-15 15:00:00+00:00","0.138","0.875","0.01925565"
"2012-02-15 15:30:00+00:00","0.164","0.788","0.01780425"
"2012-02-15 16:00:00+00:00","0.143","0.663","0.0196431"
"2012-02-15 16:30:00+00:00","0.15","0.638","0.01861605"
"2012-02-15 17:00:00+00:00","0.266","0.525","0.01832085"
"2012-02-15 17:30:00+00:00","0.262","0.406","0.0171339"
"2012-02-15 18:00:00+00:00","0.274","0.144","0.01658655"
"2012-02-15 18:30:00+00:00","0.517","0.013","0.01661115"
"2012-02-15 19:00:00+00:00","0.229","0.019","0.01661115"
"2012-02-15 19:30:00+00:00","0.411","0.0","0.0167649"
"2012-02-15 20:00:00+00:00","0.413","0.0","0.01712775"
"2012-02-15 20:30:00+00:00","0.283","0.0","0.01720155"
"2012-02-15 21:00:00+00:00","0.301","0.0","0.0161622"
"2012-02-15 21:30:00+00:00","0.276","0.0","0.0163836"
"2012-02-15 22:00:00+00:00","0.307","0.0","0.01513515"
"2012-02-15 22:30:00+00:00","0.733","0.0","0.0168387"
"2012-02-15 23:00:00+00:00","0.408","0.0","0.0163344"
"2012-02-15 23:30:00+00:00","0.157","0.0","0.0152643"
"2012-02-16 00:00:00+00:00","0.158","0.0","0.015621"
"2012-02-16 00:30:00+00:00","0.116","0.0","0.01630365"
"2012-02-16 01:00:00+00:00","0.16","0.0","0.013776"
"2012-02-16 01:30:00+00:00","0.204","0.0","0.0144033"
"2012-02-16 02:00:00+00:00","0.181","0.0","0.0118695"
"2012-02-16 02:30:00+00:00","0.109","0.0","0.01081785"
"2012-02-16 03:00:00+00:00","0.219","0.0","0.01059645"
"2012-02-16 03:30:00+00:00","0.183","0.0","0.0107748"
"2012-02-16 04:00:00+00:00","0.126","0.0","0.0111684"
"2012-02-16 04:30:00+00:00","0.139","0.0","0.0111684"
"2012-02-16 05:00:00+00:00","0.154","0.0","0.01281045"
"2012-02-16 05:30:00+00:00","0.056","0.0","0.01849305"
"2012-02-16 06:00:00+00:00","0.198","0.0","0.01771815"
"2012-02-16 06:30:00+00:00","0.422","0.0","0.01722"
"2012-02-16 07:00:00+00:00","0.229","0.006","0.01777965"
"2012-02-16 07:30:00+00:00","0.135","0.019","0.01645125"
"2012-02-16 08:00:00+00:00","0.321","0.063","0.0167649"
"2012-02-16 08:30:00+00:00","0.225","0.188","0.0179457"
"2012-02-16 09:00:00+00:00","0.119","0.225","0.0195693"
"2012-02-16 09:30:00+00:00","0.192","0.506","0.02052255"
"2012-02-16 10:00:00+00:00","0.18","0.5","0.01781655"
"2012-02-16 10:30:00+00:00","0.088","0.3","0.01768125"
"2012-02-16 11:00:00+00:00","0.089","0.619","0.01824705"
"2012-02-16 11:30:00+00:00","0.169","0.881","0.0197415"
"2012-02-16 12:00:00+00:00","0.155","0.813","0.0196062"
"2012-02-16 12:30:00+00:00","0.163","0.969","0.0194955"
"2012-02-16 13:00:00+00:00","0.292","0.944","0.01944015"
"2012-02-16 13:30:00+00:00","0.19","0.888","0.02091615"
"2012-02-16 14:00:00+00:00","0.213","0.9","0.0193971"
"2012-02-16 14:30:00+00:00","0.235","0.856","0.0177981"
"2012-02-16 15:00:00+00:00","0.17","0.819","0.0174291"
"2012-02-16 15:30:00+00:00","0.25","0.781","0.0178227"
"2012-02-16 16:00:00+00:00","0.25","0.613","0.01752135"
"2012-02-16 16:30:00+00:00","0.412","0.456","0.0182286"
"2012-02-16 17:00:00+00:00","0.2","0.388","0.02149425"
"2012-02-16 17:30:00+00:00","0.206","0.525","0.01726305"
"2012-02-16 18:00:00+00:00","0.198","0.244","0.01662345"
"2012-02-16 18:30:00+00:00","0.626","0.063","0.01653735"
"2012-02-16 19:00:00+00:00","0.257","0.031","0.01659885"
"2012-02-16 19:30:00+00:00","0.2","0.006","0.0174906"
"2012-02-16 20:00:00+00:00","0.322","0.0","0.0175767"
"2012-02-16 20:30:00+00:00","0.214","0.0","0.0161007"
"2012-02-16 21:00:00+00:00","0.254","0.0","0.01616835"
"2012-02-16 21:30:00+00:00","0.186","0.0","0.01611915"
"2012-02-16 22:00:00+00:00","0.139","0.0","0.0152151"
"2012-02-16 22:30:00+00:00","0.206","0.0","0.0175029"
"2012-02-16 23:00:00+00:00","0.198","0.0","0.0157686"
"2012-02-16 23:30:00+00:00","0.17","0.0","0.01576245"
"2012-02-17 00:00:00+00:00","0.128","0.0","0.01670955"
"2012-02-17 00:30:00+00:00","0.213","0.0","0.015375"
"2012-02-17 01:00:00+00:00","0.193","0.0","0.0141942"
"2012-02-17 01:30:00+00:00","0.139","0.0","0.0135792"
"2012-02-17 02:00:00+00:00","0.16","0.0","0.00994455"
"2012-02-17 02:30:00+00:00","0.159","0.0","0.01000605"
"2012-02-17 03:00:00+00:00","0.155","0.0","0.00844395"
"2012-02-17 03:30:00+00:00","0.141","0.0","0.0090405"
"2012-02-17 04:00:00+00:00","0.159","0.0","0.0098523"
"2012-02-17 04:30:00+00:00","0.252","0.0","0.01105155"
"2012-02-17 05:00:00+00:00","0.175","0.0","0.01203555"
"2012-02-17 05:30:00+00:00","0.206","0.0","0.01668495"
"2012-02-17 06:00:00+00:00","0.192","0.0","0.01643895"
"2012-02-17 06:30:00+00:00","0.149","0.0","0.01673415"
"2012-02-17 07:00:00+00:00","0.18","0.0","0.0169494"
"2012-02-17 07:30:00+00:00","0.212","0.006","0.0157932"
"2012-02-17 08:00:00+00:00","0.075","0.025","0.01672185"
"2012-02-17 08:30:00+00:00","0.226","0.163","0.0167403"
"2012-02-17 09:00:00+00:00","0.17","0.369","0.0176505"
"2012-02-17 09:30:00+00:00","0.2","0.563","0.01656195"
"2012-02-17 10:00:00+00:00","0.144","0.675","0.01898505"
"2012-02-17 10:30:00+00:00","0.213","0.744","0.0180933"
"2012-02-17 11:00:00+00:00","0.181","0.813","0.0174537"
"2012-02-17 11:30:00+00:00","0.105","0.856","0.0184992"
"2012-02-17 12:00:00+00:00","0.208","0.869","0.0171216"
"2012-02-17 12:30:00+00:00","0.202","0.881","0.0173553"
"2012-02-17 13:00:00+00:00","0.15","0.881","0.0203196"
"2012-02-17 13:30:00+00:00","0.107","0.8","0.0186222"
"2012-02-17 14:00:00+00:00","0.162","0.763","0.0179826"
"2012-02-17 14:30:00+00:00","0.124","0.694","0.01640205"
"2012-02-17 15:00:00+00:00","0.112","0.738","0.0167772"
"2012-02-17 15:30:00+00:00","0.134","0.2","0.0158547"
"2012-02-17 16:00:00+00:00","0.196","0.244","0.01904655"
"2012-02-17 16:30:00+00:00","0.187","0.175","0.01632825"
"2012-02-17 17:00:00+00:00","0.201","0.169","0.0160884"
"2012-02-17 17:30:00+00:00","0.127","0.144","0.0160884"
"2012-02-17 18:00:00+00:00","0.187","0.175","0.0158301"
"2012-02-17 18:30:00+00:00","0.336","0.113","0.0160638"
"2012-02-17 19:00:00+00:00","0.429","0.031","0.0165927"
"2012-02-17 19:30:00+00:00","0.24","0.0","0.0178965"
"2012-02-17 20:00:00+00:00","0.363","0.0","0.0185361"
"2012-02-17 20:30:00+00:00","0.229","0.0","0.0180687"
"2012-02-17 21:00:00+00:00","0.219","0.0","0.0159531"
"2012-02-17 21:30:00+00:00","0.366","0.0","0.0167895"
"2012-02-17 22:00:00+00:00","0.212","0.0","0.015252"
"2012-02-17 22:30:00+00:00","0.184","0.0","0.0196677"
"2012-02-17 23:00:00+00:00","0.19","0.0","0.0166788"
"2012-02-17 23:30:00+00:00","0.212","0.0","0.0166173"
"2012-02-18 00:00:00+00:00","0.951","0.0","0.015867"
"2012-02-18 00:30:00+00:00","0.15","0.0","0.01589775"
"2012-02-18 01:00:00+00:00","0.102","0.0","0.0152151"
"2012-02-18 01:30:00+00:00","0.077","0.0","0.01502445"
"2012-02-18 02:00:00+00:00","0.156","0.0","0.01360995"
"2012-02-18 02:30:00+00:00","0.202","0.0","0.01381905"
"2012-02-18 03:00:00+00:00","0.145","0.0","0.01121145"
"2012-02-18 03:30:00+00:00","0.157","0.0","0.012792"
"2012-02-18 04:00:00+00:00","0.189","0.0","0.0115866"
"2012-02-18 04:30:00+00:00","0.192","0.0","0.0127797"
"2012-02-18 05:00:00+00:00","0.14","0.0","0.01187565"
"2012-02-18 05:30:00+00:00","0.176","0.0","0.01495065"
"2012-02-18 06:00:00+00:00","0.329","0.0","0.01507365"
"2012-02-18 06:30:00+00:00","0.234","0.0","0.01346235"
"2012-02-18 07:00:00+00:00","0.164","0.0","0.0158178"
"2012-02-18 07:30:00+00:00","0.14","0.025","0.01657425"
"2012-02-18 08:00:00+00:00","0.131","0.081","0.0174045"
"2012-02-18 08:30:00+00:00","0.122","0.169","0.01860375"
"2012-02-18 09:00:00+00:00","0.163","0.338","0.018696"
"2012-02-18 09:30:00+00:00","0.222","0.544","0.01942785"
"2012-02-18 10:00:00+00:00","0.156","0.625","0.01974765"
"2012-02-18 10:30:00+00:00","0.13","0.719","0.0194709"
"2012-02-18 11:00:00+00:00","0.206","0.763","0.01961235"
"2012-02-18 11:30:00+00:00","0.216","0.806","0.0199752"
"2012-02-18 12:00:00+00:00","0.127","0.863","0.0197784"
"2012-02-18 12:30:00+00:00","0.153","0.806","0.019434"
"2012-02-18 13:00:00+00:00","0.173","0.856","0.01964925"
"2012-02-18 13:30:00+00:00","0.127","0.875","0.02017815"
"2012-02-18 14:00:00+00:00","0.135","0.813","0.02004285"
"2012-02-18 14:30:00+00:00","0.097","0.725","0.0193602"
"2012-02-18 15:00:00+00:00","0.149","0.713","0.0193725"
"2012-02-18 15:30:00+00:00","0.211","0.725","0.01945245"
"2012-02-18 16:00:00+00:00","0.213","0.6","0.0197169"
"2012-02-18 16:30:00+00:00","0.184","0.531","0.0196923"
"2012-02-18 17:00:00+00:00","0.141","0.363","0.0193848"
"2012-02-18 17:30:00+00:00","0.175","0.125","0.0193602"
"2012-02-18 18:00:00+00:00","0.19","0.031","0.01934175"
"2012-02-18 18:30:00+00:00","0.288","0.013","0.01936635"
"2012-02-18 19:00:00+00:00","0.366","0.006","0.01937865"
"2012-02-18 19:30:00+00:00","0.417","0.0","0.0194832"
"2012-02-18 20:00:00+00:00","0.243","0.0","0.0193725"
"2012-02-18 20:30:00+00:00","0.319","0.0","0.0189666"
"2012-02-18 21:00:00+00:00","0.203","0.0","0.0165681"
"2012-02-18 21:30:00+00:00","0.214","0.0","0.01648815"
"2012-02-18 22:00:00+00:00","0.195","0.0","0.01615605"
"2012-02-18 22:30:00+00:00","0.146","0.0","0.0181917"
"2012-02-18 23:00:00+00:00","0.229","0.0","0.01654965"
"2012-02-18 23:30:00+00:00","0.244","0.0","0.01611915"
"2012-02-19 00:00:00+00:00","0.19","0.0","0.01668495"
"2012-02-19 00:30:00+00:00","0.16","0.0","0.01622985"
"2012-02-19 01:00:00+00:00","0.202","0.0","0.01624215"
"2012-02-19 01:30:00+00:00","0.213","0.0","0.0156333"
"2012-02-19 02:00:00+00:00","0.175","0.0","0.0149445"
"2012-02-19 02:30:00+00:00","0.16","0.0","0.0138252"
"2012-02-19 03:00:00+00:00","0.186","0.0","0.01091625"
"2012-02-19 03:30:00+00:00","0.19","0.0","0.01235535"
"2012-02-19 04:00:00+00:00","0.124","0.0","0.0108486"
"2012-02-19 04:30:00+00:00","0.089","0.0","0.01135905"
"2012-02-19 05:00:00+00:00","0.132","0.0","0.01380675"
"2012-02-19 05:30:00+00:00","0.18","0.0","0.01645125"
"2012-02-19 06:00:00+00:00","0.166","0.0","0.01263825"
"2012-02-19 06:30:00+00:00","0.142","0.0","0.0133701"
"2012-02-19 07:00:00+00:00","0.383","0.0","0.0150552"
"2012-02-19 07:30:00+00:00","0.2","0.019","0.0149937"
"2012-02-19 08:00:00+00:00","0.146","0.031","0.01610685"
"2012-02-19 08:30:00+00:00","0.327","0.163","0.01627905"
"2012-02-19 09:00:00+00:00","0.231","0.35","0.0165804"
"2012-02-19 09:30:00+00:00","0.202","0.55","0.01731225"
"2012-02-19 10:00:00+00:00","0.192","0.663","0.0168264"
"2012-02-19 10:30:00+00:00","0.164","0.725","0.0181179"
"2012-02-19 11:00:00+00:00","0.207","0.8","0.01838235"
"2012-02-19 11:30:00+00:00","0.267","0.831","0.01711545"
"2012-02-19 12:00:00+00:00","0.318","0.869","0.01812405"
"2012-02-19 12:30:00+00:00","0.259","0.825","0.0192372"
"2012-02-19 13:00:00+00:00","0.717","0.894","0.0197415"
"2012-02-19 13:30:00+00:00","0.554","0.806","0.01882515"
"2012-02-19 14:00:00+00:00","0.314","0.881","0.02001825"
"2012-02-19 14:30:00+00:00","0.384","0.819","0.02027655"
"2012-02-19 15:00:00+00:00","0.235","0.763","0.02228145"
"2012-02-19 15:30:00+00:00","0.21","0.731","0.01939095"
"2012-02-19 16:00:00+00:00","0.223","0.669","0.0200859"
"2012-02-19 16:30:00+00:00","0.306","0.525","0.01823475"
"2012-02-19 17:00:00+00:00","0.274","0.294","0.02006745"
"2012-02-19 17:30:00+00:00","0.211","0.35","0.01866525"
"2012-02-19 18:00:00+00:00","0.147","0.163","0.01939095"
"2012-02-19 18:30:00+00:00","0.272","0.038","0.01939095"
"2012-02-19 19:00:00+00:00","0.255","0.006","0.02016585"
"2012-02-19 19:30:00+00:00","0.251","0.0","0.01968"
"2012-02-19 20:00:00+00:00","0.275","0.0","0.01931715"
"2012-02-19 20:30:00+00:00","0.326","0.0","0.01862835"
"2012-02-19 21:00:00+00:00","0.242","0.0","0.0180564"
"2012-02-19 21:30:00+00:00","0.295","0.0","0.01715235"
"2012-02-19 22:00:00+00:00","0.256","0.0","0.0156087"
"2012-02-19 22:30:00+00:00","0.266","0.0","0.01581165"
"2012-02-19 23:00:00+00:00","0.231","0.0","0.0152643"
"2012-02-19 23:30:00+00:00","0.155","0.0","0.0158301"
"2012-02-20 00:00:00+00:00","0.688","0.0","0.0166911"
"2012-02-20 00:30:00+00:00","0.483","0.0","0.01624215"
"2012-02-20 01:00:00+00:00","0.133","0.0","0.0156333"
"2012-02-20 01:30:00+00:00","0.128","0.0","0.01523355"
"2012-02-20 02:00:00+00:00","0.101","0.0","0.0143172"
"2012-02-20 02:30:00+00:00","0.164","0.0","0.012054"
"2012-02-20 03:00:00+00:00","0.218","0.0","0.01105155"
"2012-02-20 03:30:00+00:00","0.197","0.0","0.0111807"
"2012-02-20 04:00:00+00:00","0.139","0.0","0.0117711"
"2012-02-20 04:30:00+00:00","0.167","0.0","0.01346235"
"2012-02-20 05:00:00+00:00","0.224","0.0","0.0155718"
"2012-02-20 05:30:00+00:00","0.188","0.0","0.01973535"
"2012-02-20 06:00:00+00:00","0.213","0.0","0.0190773"
"2012-02-20 06:30:00+00:00","0.276","0.0","0.01686945"
"2012-02-20 07:00:00+00:00","0.277","0.0","0.01797645"
"2012-02-20 07:30:00+00:00","0.271","0.006","0.01621755"
"2012-02-20 08:00:00+00:00","0.18","0.075","0.01765665"
"2012-02-20 08:30:00+00:00","0.16","0.106","0.0194094"
"2012-02-20 09:00:00+00:00","0.155","0.206","0.02138355"
"2012-02-20 09:30:00+00:00","0.159","0.463","0.0206886"
"2012-02-20 10:00:00+00:00","0.213","0.363","0.0201474"
"2012-02-20 10:30:00+00:00","0.185","0.413","0.0216111"
"2012-02-20 11:00:00+00:00","0.15","0.519","0.0214635"
"2012-02-20 11:30:00+00:00","0.183","0.563","0.02011665"
"2012-02-20 12:00:00+00:00","0.218","0.413","0.01963695"
"2012-02-20 12:30:00+00:00","0.319","0.569","0.02106375"
"2012-02-20 13:00:00+00:00","0.247","0.931","0.0237513"
"2012-02-20 13:30:00+00:00","0.235","0.9","0.02597145"
"2012-02-20 14:00:00+00:00","0.167","0.838","0.0259161"
"2012-02-20 14:30:00+00:00","0.174","0.494","0.02861595"
"2012-02-20 15:00:00+00:00","0.147","0.569","0.0270723"
"2012-02-20 15:30:00+00:00","0.154","0.356","0.02709075"
"2012-02-20 16:00:00+00:00","0.265","0.35","0.0262728"
"2012-02-20 16:30:00+00:00","0.448","0.263","0.0267033"
"2012-02-20 17:00:00+00:00","0.221","0.188","0.02143275"
"2012-02-20 17:30:00+00:00","0.24","0.088","0.02201085"
"2012-02-20 18:00:00+00:00","0.358","0.088","0.0200121"
"2012-02-20 18:30:00+00:00","0.217","0.038","0.016482"
"2012-02-20 19:00:00+00:00","0.402","0.006","0.01749675"
"2012-02-20 19:30:00+00:00","0.251","0.0","0.01865295"
"2012-02-20 20:00:00+00:00","0.398","0.0","0.02080545"
"2012-02-20 20:30:00+00:00","0.263","0.0","0.0192126"
"2012-02-20 21:00:00+00:00","0.298","0.0","0.0183762"
"2012-02-20 21:30:00+00:00","0.25","0.0","0.01942785"
"2012-02-20 22:00:00+00:00","0.243","0.0","0.01809945"
"2012-02-20 22:30:00+00:00","0.182","0.0","0.0207501"
"2012-02-20 23:00:00+00:00","0.682","0.0","0.0181794"
"2012-02-20 23:30:00+00:00","0.488","0.0","0.0190281"
"2012-02-21 00:00:00+00:00","0.216","0.0","0.0190527"
"2012-02-21 00:30:00+00:00","0.174","0.006","0.0160023"
"2012-02-21 01:00:00+00:00","0.121","0.0","0.0150183"
"2012-02-21 01:30:00+00:00","0.106","0.0","0.0152274"
"2012-02-21 02:00:00+00:00","0.147","0.0","0.01514745"
"2012-02-21 02:30:00+00:00","0.14","0.0","0.01332705"
"2012-02-21 03:00:00+00:00","0.142","0.0","0.0108117"
"2012-02-21 03:30:00+00:00","0.144","0.0","0.0126075"
"2012-02-21 04:00:00+00:00","0.219","0.0","0.010086"
"2012-02-21 04:30:00+00:00","0.186","0.0","0.01252755"
"2012-02-21 05:00:00+00:00","0.134","0.0","0.0165558"
"2012-02-21 05:30:00+00:00","0.302","0.0","0.0195693"
"2012-02-21 06:00:00+00:00","0.228","0.0","0.01851765"
"2012-02-21 06:30:00+00:00","0.156","0.0","0.01896045"
"2012-02-21 07:00:00+00:00","0.152","0.0","0.0222261"
"2012-02-21 07:30:00+00:00","0.184","0.0","0.01657425"
"2012-02-21 08:00:00+00:00","0.379","0.0","0.016728"
"2012-02-21 08:30:00+00:00","0.229","0.006","0.0165681"
"2012-02-21 09:00:00+00:00","0.193","0.019","0.0192741"
"2012-02-21 09:30:00+00:00","0.207","0.006","0.01928025"
"2012-02-21 10:00:00+00:00","0.165","0.0","0.02016585"
"2012-02-21 10:30:00+00:00","0.15","0.013","0.01903425"
"2012-02-21 11:00:00+00:00","0.248","0.4","0.01955085"
"2012-02-21 11:30:00+00:00","0.227","0.531","0.01780425"
"2012-02-21 12:00:00+00:00","0.481","0.438","0.0155472"
"2012-02-21 12:30:00+00:00","0.771","0.25","0.0191019"
"2012-02-21 13:00:00+00:00","0.886","0.269","0.0179949"
"2012-02-21 13:30:00+00:00","0.246","0.206","0.0203565"
"2012-02-21 14:00:00+00:00","0.293","0.4","0.01711545"
"2012-02-21 14:30:00+00:00","0.239","0.469","0.0165435"
"2012-02-21 15:00:00+00:00","0.255","0.575","0.0163836"
"2012-02-21 15:30:00+00:00","0.301","0.788","0.01645125"
"2012-02-21 16:00:00+00:00","0.19","0.688","0.0175767"
"2012-02-21 16:30:00+00:00","0.125","0.3","0.01680795"
"2012-02-21 17:00:00+00:00","0.22","0.406","0.01645125"
"2012-02-21 17:30:00+00:00","0.198","0.406","0.0164697"
"2012-02-21 18:00:00+00:00","0.233","0.15","0.01654965"
"2012-02-21 18:30:00+00:00","0.302","0.019","0.01702935"
"2012-02-21 19:00:00+00:00","0.734","0.025","0.0193971"
"2012-02-21 19:30:00+00:00","0.215","0.006","0.01801335"
"2012-02-21 20:00:00+00:00","0.322","0.0","0.01950165"
"2012-02-21 20:30:00+00:00","0.184","0.0","0.0173061"
"2012-02-21 21:00:00+00:00","0.231","0.0","0.0157317"
"2012-02-21 21:30:00+00:00","0.326","0.0","0.0181671"
"2012-02-21 22:00:00+00:00","0.155","0.0","0.0156456"
"2012-02-21 22:30:00+00:00","0.077","0.0","0.0214758"
"2012-02-21 23:00:00+00:00","0.416","0.0","0.01721385"
"2012-02-21 23:30:00+00:00","0.704","0.0","0.0167526"
"2012-02-22 00:00:00+00:00","0.093","0.0","0.0162483"
"2012-02-22 00:30:00+00:00","0.111","0.0","0.0156948"
"2012-02-22 01:00:00+00:00","0.186","0.0","0.0139482"
"2012-02-22 01:30:00+00:00","0.151","0.0","0.0129519"
"2012-02-22 02:00:00+00:00","0.113","0.0","0.0111315"
"2012-02-22 02:30:00+00:00","0.154","0.0","0.00963705"
"2012-02-22 03:00:00+00:00","0.188","0.0","0.0111438"
"2012-02-22 03:30:00+00:00","0.099","0.0","0.01010445"
"2012-02-22 04:00:00+00:00","0.153","0.0","0.0112176"
"2012-02-22 04:30:00+00:00","0.148","0.0","0.0111807"
"2012-02-22 05:00:00+00:00","0.061","0.0","0.0155103"
"2012-02-22 05:30:00+00:00","0.074","0.0","0.02750895"
"2012-02-22 06:00:00+00:00","0.112","0.0","0.0198153"
"2012-02-22 06:30:00+00:00","0.094","0.0","0.01774275"
"2012-02-22 07:00:00+00:00","0.199","0.0","0.02255205"
"2012-02-22 07:30:00+00:00","0.233","0.031","0.0169371"
"2012-02-22 08:00:00+00:00","0.135","0.069","0.01818555"
"2012-02-22 08:30:00+00:00","0.24","0.175","0.02021505"
"2012-02-22 09:00:00+00:00","0.168","0.344","0.0196185"
"2012-02-22 09:30:00+00:00","0.161","0.256","0.01985835"
"2012-02-22 10:00:00+00:00","0.122","0.513","0.0201228"
"2012-02-22 10:30:00+00:00","0.271","0.7","0.01797645"
"2012-02-22 11:00:00+00:00","0.189","0.763","0.01855455"
"2012-02-22 11:30:00+00:00","0.112","0.719","0.0179211"
"2012-02-22 12:00:00+00:00","0.175","0.631","0.01877595"
"2012-02-22 12:30:00+00:00","0.251","0.681","0.01827165"
"2012-02-22 13:00:00+00:00","0.208","0.675","0.0195816"
"2012-02-22 13:30:00+00:00","0.324","0.488","0.019188"
"2012-02-22 14:00:00+00:00","0.12","0.419","0.02166645"
"2012-02-22 14:30:00+00:00","0.223","0.638","0.0206886"
"2012-02-22 15:00:00+00:00","0.253","0.513","0.018819"
"2012-02-22 15:30:00+00:00","0.303","0.481","0.01871445"
"2012-02-22 16:00:00+00:00","0.237","0.438","0.02022735"
"2012-02-22 16:30:00+00:00","0.261","0.506","0.0228165"
"2012-02-22 17:00:00+00:00","0.227","0.444","0.01818555"
"2012-02-22 17:30:00+00:00","0.294","0.394","0.01721385"
"2012-02-22 18:00:00+00:00","0.359","0.188","0.0168633"
"2012-02-22 18:30:00+00:00","0.149","0.075","0.01683255"
"2012-02-22 19:00:00+00:00","0.151","0.019","0.01816095"
"2012-02-22 19:30:00+00:00","0.196","0.0","0.01891125"
"2012-02-22 20:00:00+00:00","0.348","0.0","0.01855455"
"2012-02-22 20:30:00+00:00","0.214","0.0","0.0171093"
"2012-02-22 21:00:00+00:00","0.135","0.0","0.01599615"
"2012-02-22 21:30:00+00:00","0.257","0.0","0.01577475"
"2012-02-22 22:00:00+00:00","0.238","0.0","0.01545495"
"2012-02-22 22:30:00+00:00","0.181","0.0","0.02169105"
"2012-02-22 23:00:00+00:00","0.098","0.0","0.0176874"
"2012-02-22 23:30:00+00:00","0.167","0.0","0.01591005"
"2012-02-23 00:00:00+00:00","0.132","0.0","0.01567635"
"2012-02-23 00:30:00+00:00","0.112","0.006","0.01573785"
"2012-02-23 01:00:00+00:00","0.041","0.0","0.0150675"
"2012-02-23 01:30:00+00:00","0.108","0.0","0.0151905"
"2012-02-23 02:00:00+00:00","0.13","0.0","0.01196175"
"2012-02-23 02:30:00+00:00","0.139","0.0","0.0109716"
"2012-02-23 03:00:00+00:00","0.118","0.0","0.0111684"
"2012-02-23 03:30:00+00:00","0.182","0.0","0.0111684"
"2012-02-23 04:00:00+00:00","0.141","0.0","0.0111684"
"2012-02-23 04:30:00+00:00","0.11","0.0","0.0122754"
"2012-02-23 05:00:00+00:00","0.16","0.0","0.0153135"
"2012-02-23 05:30:00+00:00","0.154","0.0","0.0188928"
"2012-02-23 06:00:00+00:00","0.393","0.0","0.01888665"
"2012-02-23 06:30:00+00:00","0.309","0.0","0.0198276"
"2012-02-23 07:00:00+00:00","0.136","0.0","0.02284725"
"2012-02-23 07:30:00+00:00","0.054","0.006","0.0173184"
"2012-02-23 08:00:00+00:00","0.194","0.013","0.01741065"
"2012-02-23 08:30:00+00:00","0.17","0.119","0.0189912"
"2012-02-23 09:00:00+00:00","0.138","0.363","0.0194094"
"2012-02-23 09:30:00+00:00","0.119","0.556","0.0196677"
"2012-02-23 10:00:00+00:00","0.181","0.656","0.0195201"
"2012-02-23 10:30:00+00:00","0.14","0.744","0.0194586"
"2012-02-23 11:00:00+00:00","0.109","0.813","0.02005515"
"2012-02-23 11:30:00+00:00","0.162","0.85","0.02091"
"2012-02-23 12:00:00+00:00","0.21","0.856","0.01931715"
"2012-02-23 12:30:00+00:00","0.267","0.869","0.01939095"
"2012-02-23 13:00:00+00:00","0.153","0.881","0.0212421"
"2012-02-23 13:30:00+00:00","0.383","0.888","0.02130975"
"2012-02-23 14:00:00+00:00","0.143","0.869","0.02246595"
"2012-02-23 14:30:00+00:00","0.117","0.856","0.0216111"
"2012-02-23 15:00:00+00:00","0.18","0.819","0.02134665"
"2012-02-23 15:30:00+00:00","0.244","0.756","0.0203073"
"2012-02-23 16:00:00+00:00","0.309","0.694","0.021525"
"2012-02-23 16:30:00+00:00","0.414","0.606","0.02146965"
"2012-02-23 17:00:00+00:00","0.459","0.513","0.0225582"
"2012-02-23 17:30:00+00:00","0.393","0.388","0.0194586"
"2012-02-23 18:00:00+00:00","0.341","0.144","0.02158035"
"2012-02-23 18:30:00+00:00","0.199","0.013","0.0186345"
"2012-02-23 19:00:00+00:00","0.215","0.013","0.01811175"
"2012-02-23 19:30:00+00:00","0.258","0.0","0.0192372"
"2012-02-23 20:00:00+00:00","0.196","0.0","0.0192372"
"2012-02-23 20:30:00+00:00","0.304","0.0","0.0182532"
"2012-02-23 21:00:00+00:00","0.192","0.0","0.01688175"
"2012-02-23 21:30:00+00:00","0.225","0.0","0.0161007"
"2012-02-23 22:00:00+00:00","0.201","0.0","0.01533195"
"2012-02-23 22:30:00+00:00","0.102","0.0","0.0154611"
"2012-02-23 23:00:00+00:00","0.129","0.0","0.01611915"
"2012-02-23 23:30:00+00:00","0.11","0.0","0.01582395"
"2012-02-24 00:00:00+00:00","0.658","0.0","0.0161376"
"2012-02-24 00:30:00+00:00","0.493","0.0","0.01442175"
"2012-02-24 01:00:00+00:00","0.188","0.0","0.0134439"
"2012-02-24 01:30:00+00:00","0.116","0.0","0.01321635"
"2012-02-24 02:00:00+00:00","0.142","0.0","0.010209"
"2012-02-24 02:30:00+00:00","0.176","0.0","0.00983385"
"2012-02-24 03:00:00+00:00","0.163","0.0","0.01069485"
"2012-02-24 03:30:00+00:00","0.108","0.0","0.0111684"
"2012-02-24 04:00:00+00:00","0.137","0.0","0.0111684"
"2012-02-24 04:30:00+00:00","0.116","0.0","0.0111684"
"2012-02-24 05:00:00+00:00","0.066","0.0","0.01180185"
"2012-02-24 05:30:00+00:00","0.079","0.0","0.01605765"
"2012-02-24 06:00:00+00:00","0.303","0.0","0.0167034"
"2012-02-24 06:30:00+00:00","0.135","0.0","0.01748445"
"2012-02-24 07:00:00+00:00","0.187","0.0","0.01859145"
"2012-02-24 07:30:00+00:00","0.239","0.006","0.0163467"
"2012-02-24 08:00:00+00:00","0.155","0.019","0.017589"
"2012-02-24 08:30:00+00:00","0.117","0.094","0.0172938"
"2012-02-24 09:00:00+00:00","0.401","0.363","0.0190527"
"2012-02-24 09:30:00+00:00","0.202","0.563","0.01864065"
"2012-02-24 10:00:00+00:00","0.108","0.656","0.02112525"
"2012-02-24 10:30:00+00:00","0.197","0.738","0.01872675"
"2012-02-24 11:00:00+00:00","0.182","0.794","0.019188"
"2012-02-24 11:30:00+00:00","0.163","0.831","0.01923105"
"2012-02-24 12:00:00+00:00","0.169","0.863","0.0194217"
"2012-02-24 12:30:00+00:00","0.242","0.875","0.01944015"
"2012-02-24 13:00:00+00:00","0.353","0.888","0.02138355"
"2012-02-24 13:30:00+00:00","0.261","0.894","0.0209838"
"2012-02-24 14:00:00+00:00","0.137","0.881","0.02042415"
"2012-02-24 14:30:00+00:00","0.121","0.85","0.0208977"
"2012-02-24 15:00:00+00:00","0.151","0.825","0.0209715"
"2012-02-24 15:30:00+00:00","0.18","0.763","0.02495055"
"2012-02-24 16:00:00+00:00","0.156","0.7","0.03016575"
"2012-02-24 16:30:00+00:00","0.115","0.619","0.0252888"
"2012-02-24 17:00:00+00:00","0.192","0.519","0.01979685"
"2012-02-24 17:30:00+00:00","0.273","0.4","0.01921875"
"2012-02-24 18:00:00+00:00","0.163","0.156","0.01792725"
"2012-02-24 18:30:00+00:00","0.173","0.013","0.0168264"
"2012-02-24 19:00:00+00:00","0.2","0.006","0.016728"
"2012-02-24 19:30:00+00:00","0.187","0.0","0.0189051"
"2012-02-24 20:00:00+00:00","0.226","0.0","0.01941555"
"2012-02-24 20:30:00+00:00","0.266","0.0","0.01873905"
"2012-02-24 21:00:00+00:00","0.249","0.0","0.01796415"
"2012-02-24 21:30:00+00:00","0.289","0.0","0.01700475"
"2012-02-24 22:00:00+00:00","0.122","0.0","0.01728765"
"2012-02-24 22:30:00+00:00","0.183","0.0","0.02015355"
"2012-02-24 23:00:00+00:00","0.182","0.0","0.0175521"
"2012-02-24 23:30:00+00:00","0.142","0.0","0.01604535"
"2012-02-25 00:00:00+00:00","0.106","0.0","0.01498755"
"2012-02-25 00:30:00+00:00","0.118","0.0","0.0124476"
"2012-02-25 01:00:00+00:00","0.127","0.0","0.01096545"
"2012-02-25 01:30:00+00:00","0.06","0.0","0.0109839"
"2012-02-25 02:00:00+00:00","0.088","0.0","0.00994455"
"2012-02-25 02:30:00+00:00","0.169","0.0","0.0119802"
"2012-02-25 03:00:00+00:00","0.175","0.0","0.01047345"
"2012-02-25 03:30:00+00:00","0.104","0.0","0.01213395"
"2012-02-25 04:00:00+00:00","0.181","0.0","0.0111684"
"2012-02-25 04:30:00+00:00","0.157","0.0","0.0111684"
"2012-02-25 05:00:00+00:00","0.109","0.0","0.0111684"
"2012-02-25 05:30:00+00:00","0.136","0.0","0.0111684"
"2012-02-25 06:00:00+00:00","0.166","0.0","0.01381905"
"2012-02-25 06:30:00+00:00","0.077","0.0","0.01170345"
"2012-02-25 07:00:00+00:00","0.046","0.0","0.01497525"
"2012-02-25 07:30:00+00:00","0.159","0.0","0.01573785"
"2012-02-25 08:00:00+00:00","0.263","0.0","0.01657425"
"2012-02-25 08:30:00+00:00","0.13","0.0","0.016974"
"2012-02-25 09:00:00+00:00","0.121","0.0","0.0170232"
"2012-02-25 09:30:00+00:00","0.18","0.0","0.0185361"
"2012-02-25 10:00:00+00:00","0.127","0.0","0.01850535"
"2012-02-25 10:30:00+00:00","0.117","0.0","0.0192618"
"2012-02-25 11:00:00+00:00","0.174","0.0","0.01924335"
"2012-02-25 11:30:00+00:00","0.16","0.0","0.01930485"
"2012-02-25 12:00:00+00:00","0.131","0.0","0.02006745"
"2012-02-25 12:30:00+00:00","0.091","0.0","0.0190773"
"2012-02-25 13:00:00+00:00","0.135","0.0","0.0197538"
"2012-02-25 13:30:00+00:00","0.201","0.0","0.01897275"
"2012-02-25 14:00:00+00:00","0.275","0.0","0.01939095"
"2012-02-25 14:30:00+00:00","0.242","0.0","0.01967385"
"2012-02-25 15:00:00+00:00","0.215","0.0","0.01857915"
"2012-02-25 15:30:00+00:00","0.221","0.0","0.01865295"
"2012-02-25 16:00:00+00:00","0.26","0.0","0.0197169"
"2012-02-25 16:30:00+00:00","0.269","0.0","0.01878825"
"2012-02-25 17:00:00+00:00","0.279","0.0","0.0185238"
"2012-02-25 17:30:00+00:00","0.268","0.0","0.01930485"
"2012-02-25 18:00:00+00:00","0.497","0.0","0.01939095"
"2012-02-25 18:30:00+00:00","0.28","0.0","0.0193602"
"2012-02-25 19:00:00+00:00","0.235","0.0","0.01946475"
"2012-02-25 19:30:00+00:00","0.161","0.0","0.0195693"
"2012-02-25 20:00:00+00:00","0.338","0.0","0.0196923"
"2012-02-25 20:30:00+00:00","0.234","0.0","0.02005515"
"2012-02-25 21:00:00+00:00","0.253","0.0","0.01918185"
"2012-02-25 21:30:00+00:00","0.184","0.0","0.01711545"
"2012-02-25 22:00:00+00:00","0.217","0.0","0.01657425"
"2012-02-25 22:30:00+00:00","0.189","0.0","0.01656195"
"2012-02-25 23:00:00+00:00","0.173","0.0","0.01693095"
"2012-02-25 23:30:00+00:00","0.216","0.0","0.0160146"
"2012-02-26 00:00:00+00:00","0.834","0.0","0.015621"
"2012-02-26 00:30:00+00:00","0.188","0.0","0.01557795"
"2012-02-26 01:00:00+00:00","0.152","0.0","0.01235535"
"2012-02-26 01:30:00+00:00","0.133","0.0","0.0121647"
"2012-02-26 02:00:00+00:00","0.165","0.006","0.0110454"
"2012-02-26 02:30:00+00:00","0.198","0.0","0.0106149"
"2012-02-26 03:00:00+00:00","0.134","0.0","0.01127295"
"2012-02-26 03:30:00+00:00","0.136","0.0","0.00931725"
"2012-02-26 04:00:00+00:00","0.178","0.0","0.01003065"
"2012-02-26 04:30:00+00:00","0.189","0.0","0.01123605"
"2012-02-26 05:00:00+00:00","0.094","0.0","0.0111684"
"2012-02-26 05:30:00+00:00","0.094","0.0","0.01191255"
"2012-02-26 06:00:00+00:00","0.121","0.0","0.01186335"
"2012-02-26 06:30:00+00:00","0.112","0.0","0.01140825"
"2012-02-26 07:00:00+00:00","0.077","0.0","0.01504905"
"2012-02-26 07:30:00+00:00","0.192","0.0","0.01279815"
"2012-02-26 08:00:00+00:00","0.338","0.044","0.0147846"
"2012-02-26 08:30:00+00:00","0.162","0.1","0.01651275"
"2012-02-26 09:00:00+00:00","0.36","0.306","0.01651275"
"2012-02-26 09:30:00+00:00","0.257","0.35","0.01668495"
"2012-02-26 10:00:00+00:00","0.249","0.681","0.01678335"
"2012-02-26 10:30:00+00:00","0.194","0.688","0.01776735"
"2012-02-26 11:00:00+00:00","0.267","0.663","0.01856685"
"2012-02-26 11:30:00+00:00","0.224","0.663","0.01889895"
"2012-02-26 12:00:00+00:00","0.221","0.563","0.0190896"
"2012-02-26 12:30:00+00:00","0.151","0.375","0.01937865"
"2012-02-26 13:00:00+00:00","0.139","0.306","0.0194094"
"2012-02-26 13:30:00+00:00","0.157","0.288","0.01939095"
"2012-02-26 14:00:00+00:00","0.15","0.244","0.01939095"
"2012-02-26 14:30:00+00:00","0.113","0.381","0.0198891"
"2012-02-26 15:00:00+00:00","0.113","0.469","0.0196923"
"2012-02-26 15:30:00+00:00","0.16","0.306","0.0202827"
"2012-02-26 16:00:00+00:00","0.209","0.238","0.01939095"
"2012-02-26 16:30:00+00:00","0.186","0.281","0.01941555"
"2012-02-26 17:00:00+00:00","0.148","0.119","0.0194586"
"2012-02-26 17:30:00+00:00","0.119","0.081","0.0194094"
"2012-02-26 18:00:00+00:00","0.207","0.044","0.01939095"
"2012-02-26 18:30:00+00:00","0.206","0.031","0.0199875"
"2012-02-26 19:00:00+00:00","0.252","0.013","0.01983375"
"2012-02-26 19:30:00+00:00","0.22","0.0","0.01958775"
"2012-02-26 20:00:00+00:00","0.377","0.0","0.01817325"
"2012-02-26 20:30:00+00:00","0.285","0.0","0.01736145"
"2012-02-26 21:00:00+00:00","0.302","0.0","0.01686945"
"2012-02-26 21:30:00+00:00","0.183","0.0","0.01707855"
"2012-02-26 22:00:00+00:00","0.15","0.0","0.01615605"
"2012-02-26 22:30:00+00:00","0.181","0.0","0.0166419"
"2012-02-26 23:00:00+00:00","0.184","0.0","0.01709085"
"2012-02-26 23:30:00+00:00","0.103","0.0","0.01571325"
"2012-02-27 00:00:00+00:00","0.075","0.0","0.01586085"
"2012-02-27 00:30:00+00:00","0.141","0.0","0.0148707"
"2012-02-27 01:00:00+00:00","0.204","0.0","0.0150798"
"2012-02-27 01:30:00+00:00","0.142","0.0","0.0138498"
"2012-02-27 02:00:00+00:00","0.133","0.0","0.0114021"
"2012-02-27 02:30:00+00:00","0.182","0.0","0.0113652"
"2012-02-27 03:00:00+00:00","0.196","0.0","0.01126065"
"2012-02-27 03:30:00+00:00","0.135","0.0","0.0111684"
"2012-02-27 04:00:00+00:00","0.125","0.0","0.0112545"
"2012-02-27 04:30:00+00:00","0.145","0.0","0.0142188"
"2012-02-27 05:00:00+00:00","0.123","0.0","0.01769355"
"2012-02-27 05:30:00+00:00","0.071","0.0","0.0210945"
"2012-02-27 06:00:00+00:00","0.128","0.0","0.01915725"
"2012-02-27 06:30:00+00:00","0.214","0.0","0.01924335"
"2012-02-27 07:00:00+00:00","0.178","0.0","0.02030115"
"2012-02-27 07:30:00+00:00","0.27","0.006","0.0184623"
"2012-02-27 08:00:00+00:00","0.219","0.006","0.02028885"
"2012-02-27 08:30:00+00:00","0.207","0.056","0.0199014"
"2012-02-27 09:00:00+00:00","0.107","0.1","0.0203688"
"2012-02-27 09:30:00+00:00","0.078","0.219","0.0230994"
"2012-02-27 10:00:00+00:00","0.126","0.244","0.0214512"
"2012-02-27 10:30:00+00:00","0.149","0.3","0.02087925"
"2012-02-27 11:00:00+00:00","0.21","0.35","0.02067015"
"2012-02-27 11:30:00+00:00","0.218","0.35","0.02032575"
"2012-02-27 12:00:00+00:00","0.181","0.519","0.0203565"
"2012-02-27 12:30:00+00:00","0.171","0.65","0.02110065"
"2012-02-27 13:00:00+00:00","0.113","0.838","0.0231609"
"2012-02-27 13:30:00+00:00","0.178","0.825","0.0244893"
"2012-02-27 14:00:00+00:00","0.18","0.788","0.02186325"
"2012-02-27 14:30:00+00:00","0.166","0.581","0.02365905"
"2012-02-27 15:00:00+00:00","0.076","0.525","0.02209695"
"2012-02-27 15:30:00+00:00","0.075","0.456","0.0238374"
"2012-02-27 16:00:00+00:00","0.234","0.344","0.0241941"
"2012-02-27 16:30:00+00:00","0.478","0.394","0.02127285"
"2012-02-27 17:00:00+00:00","0.301","0.356","0.02000595"
"2012-02-27 17:30:00+00:00","0.244","0.231","0.0193848"
"2012-02-27 18:00:00+00:00","0.556","0.125","0.01936635"
"2012-02-27 18:30:00+00:00","0.511","0.044","0.0197784"
"2012-02-27 19:00:00+00:00","0.224","0.0","0.02031345"
"2012-02-27 19:30:00+00:00","0.356","0.0","0.02016585"
"2012-02-27 20:00:00+00:00","0.243","0.0","0.01952625"
"2012-02-27 20:30:00+00:00","0.303","0.0","0.0192618"
"2012-02-27 21:00:00+00:00","0.283","0.0","0.01945245"
"2012-02-27 21:30:00+00:00","0.188","0.0","0.01893585"
"2012-02-27 22:00:00+00:00","0.166","0.0","0.01602075"
"2012-02-27 22:30:00+00:00","0.189","0.0","0.018327"
"2012-02-27 23:00:00+00:00","0.133","0.0","0.0182901"
"2012-02-27 23:30:00+00:00","0.136","0.0","0.01737375"
"2012-02-28 00:00:00+00:00","0.076","0.0","0.0178965"
"2012-02-28 00:30:00+00:00","0.149","0.0","0.01684485"
"2012-02-28 01:00:00+00:00","0.193","0.0","0.0149568"
"2012-02-28 01:30:00+00:00","0.198","0.0","0.01469235"
"2012-02-28 02:00:00+00:00","0.16","0.0","0.01310565"
"2012-02-28 02:30:00+00:00","0.137","0.0","0.01156815"
"2012-02-28 03:00:00+00:00","0.175","0.0","0.01049805"
"2012-02-28 03:30:00+00:00","0.201","0.0","0.01283505"
"2012-02-28 04:00:00+00:00","0.153","0.0","0.01204785"
"2012-02-28 04:30:00+00:00","0.121","0.0","0.01353615"
"2012-02-28 05:00:00+00:00","0.106","0.0","0.01643895"
"2012-02-28 05:30:00+00:00","0.144","0.0","0.0171831"
"2012-02-28 06:00:00+00:00","0.107","0.0","0.0172692"
"2012-02-28 06:30:00+00:00","0.149","0.0","0.0197661"
"2012-02-28 07:00:00+00:00","0.369","0.0","0.019434"
"2012-02-28 07:30:00+00:00","0.266","0.019","0.0170232"
"2012-02-28 08:00:00+00:00","0.268","0.044","0.0193848"
"2012-02-28 08:30:00+00:00","0.32","0.106","0.01937865"
"2012-02-28 09:00:00+00:00","0.182","0.175","0.0195324"
"2012-02-28 09:30:00+00:00","0.216","0.325","0.019557"
"2012-02-28 10:00:00+00:00","0.12","0.6","0.01939095"
"2012-02-28 10:30:00+00:00","0.124","0.663","0.01939095"
"2012-02-28 11:00:00+00:00","0.177","0.606","0.020049"
"2012-02-28 11:30:00+00:00","0.176","0.681","0.0193848"
"2012-02-28 12:00:00+00:00","0.189","0.513","0.0193848"
"2012-02-28 12:30:00+00:00","0.174","0.806","0.019434"
"2012-02-28 13:00:00+00:00","0.135","0.838","0.0201474"
"2012-02-28 13:30:00+00:00","0.173","0.806","0.0207255"
"2012-02-28 14:00:00+00:00","0.206","0.706","0.0217464"
"2012-02-28 14:30:00+00:00","0.18","0.619","0.0237513"
"2012-02-28 15:00:00+00:00","0.205","0.463","0.02174025"
"2012-02-28 15:30:00+00:00","0.186","0.406","0.02288415"
"2012-02-28 16:00:00+00:00","0.205","0.263","0.02262585"
"2012-02-28 16:30:00+00:00","0.149","0.2","0.0229149"
"2012-02-28 17:00:00+00:00","0.08","0.181","0.02159265"
"2012-02-28 17:30:00+00:00","0.094","0.15","0.0176874"
"2012-02-28 18:00:00+00:00","0.186","0.119","0.0192864"
"2012-02-28 18:30:00+00:00","0.206","0.05","0.0176505"
"2012-02-28 19:00:00+00:00","0.188","0.019","0.01851765"
"2012-02-28 19:30:00+00:00","0.212","0.0","0.0195816"
"2012-02-28 20:00:00+00:00","0.183","0.0","0.01962465"
"2012-02-28 20:30:00+00:00","0.139","0.0","0.0185976"
"2012-02-28 21:00:00+00:00","0.128","0.0","0.01785345"
"2012-02-28 21:30:00+00:00","0.415","0.0","0.01878825"
"2012-02-28 22:00:00+00:00","0.242","0.0","0.0154734"
"2012-02-28 22:30:00+00:00","0.985","0.0","0.02269965"
"2012-02-28 23:00:00+00:00","0.291","0.0","0.01850535"
"2012-02-28 23:30:00+00:00","0.156","0.0","0.0171831"
"2012-02-29 00:00:00+00:00","0.144","0.0","0.01696785"
"2012-02-29 00:30:00+00:00","0.201","0.0","0.01582395"
"2012-02-29 01:00:00+00:00","0.208","0.0","0.01450785"
"2012-02-29 01:30:00+00:00","0.187","0.0","0.0146616"
"2012-02-29 02:00:00+00:00","0.178","0.0","0.0148707"
"2012-02-29 02:30:00+00:00","0.135","0.0","0.0137637"
"2012-02-29 03:00:00+00:00","0.197","0.0","0.01293345"
"2012-02-29 03:30:00+00:00","0.187","0.0","0.01223235"
"2012-02-29 04:00:00+00:00","0.205","0.0","0.0124107"
"2012-02-29 04:30:00+00:00","0.136","0.0","0.0143172"
"2012-02-29 05:00:00+00:00","0.148","0.0","0.01621755"
"2012-02-29 05:30:00+00:00","0.193","0.0","0.01688175"
"2012-02-29 06:00:00+00:00","0.394","0.0","0.01745985"
"2012-02-29 06:30:00+00:00","0.231","0.0","0.01755825"
"2012-02-29 07:00:00+00:00","0.159","0.0","0.0190527"
"2012-02-29 07:30:00+00:00","0.177","0.006","0.0158547"
"2012-02-29 08:00:00+00:00","0.154","0.0","0.0171216"
"2012-02-29 08:30:00+00:00","0.193","0.006","0.01663575"
"2012-02-29 09:00:00+00:00","0.121","0.013","0.01663575"
"2012-02-29 09:30:00+00:00","0.139","0.069","0.0168018"
"2012-02-29 10:00:00+00:00","0.186","0.056","0.0169002"
"2012-02-29 10:30:00+00:00","0.233","0.113","0.0170109"
"2012-02-29 11:00:00+00:00","0.181","0.2","0.01736145"
"2012-02-29 11:30:00+00:00","0.294","0.15","0.01663575"
"2012-02-29 12:00:00+00:00","0.52","0.125","0.0165435"
"2012-02-29 12:30:00+00:00","0.37","0.138","0.0170109"
"2012-02-29 13:00:00+00:00","0.438","0.194","0.01663575"
"2012-02-29 13:30:00+00:00","0.145","0.194","0.01663575"
"2012-02-29 14:00:00+00:00","0.081","0.431","0.01663575"
"2012-02-29 14:30:00+00:00","0.147","0.469","0.0165927"
"2012-02-29 15:00:00+00:00","0.227","0.413","0.01653735"
"2012-02-29 15:30:00+00:00","0.237","0.263","0.01672185"
"2012-02-29 16:00:00+00:00","0.191","0.188","0.01683255"
"2012-02-29 16:30:00+00:00","0.301","0.181","0.01807485"
"2012-02-29 17:00:00+00:00","0.349","0.094","0.01782885"
"2012-02-29 17:30:00+00:00","0.363","0.038","0.01634055"
"2012-02-29 18:00:00+00:00","0.267","0.031","0.01667265"
"2012-02-29 18:30:00+00:00","0.432","0.0","0.01651275"
"2012-02-29 19:00:00+00:00","0.439","0.0","0.01686945"
"2012-02-29 19:30:00+00:00","0.394","0.0","0.01828395"
"2012-02-29 20:00:00+00:00","0.311","0.0","0.01880055"
"2012-02-29 20:30:00+00:00","0.262","0.0","0.0166173"
"2012-02-29 21:00:00+00:00","0.309","0.0","0.01578705"
"2012-02-29 21:30:00+00:00","0.256","0.0","0.0153381"
"2012-02-29 22:00:00+00:00","0.175","0.0","0.0150183"
"2012-02-29 22:30:00+00:00","0.211","0.0","0.0167772"
"2012-02-29 23:00:00+00:00","0.226","0.0","0.01635285"
"2012-02-29 23:30:00+00:00","0.242","0.0","0.01579935"
"2012-03-01 00:00:00+00:00","0.206","0.0","0.01624215"
"2012-03-01 00:30:00+00:00","0.172","0.006","0.01565175"
"2012-03-01 01:00:00+00:00","0.155","0.0","0.0128904"
"2012-03-01 01:30:00+00:00","0.189","0.0","0.0105411"
"2012-03-01 02:00:00+00:00","0.162","0.0","0.00821025"
"2012-03-01 02:30:00+00:00","0.18","0.0","0.0093603"
"2012-03-01 03:00:00+00:00","0.197","0.0","0.008241"
"2012-03-01 03:30:00+00:00","0.247","0.0","0.009594"
"2012-03-01 04:00:00+00:00","0.221","0.0","0.01083015"
"2012-03-01 04:30:00+00:00","0.181","0.0","0.01038735"
"2012-03-01 05:00:00+00:00","0.189","0.0","0.012669"
"2012-03-01 05:30:00+00:00","0.251","0.0","0.0162237"
"2012-03-01 06:00:00+00:00","0.267","0.0","0.016728"
"2012-03-01 06:30:00+00:00","0.142","0.0","0.01733685"
"2012-03-01 07:00:00+00:00","0.295","0.0","0.0182655"
"2012-03-01 07:30:00+00:00","0.25","0.013","0.0163836"
"2012-03-01 08:00:00+00:00","0.383","0.044","0.016851"
"2012-03-01 08:30:00+00:00","0.202","0.081","0.01761975"
"2012-03-01 09:00:00+00:00","0.185","0.3","0.0177735"
"2012-03-01 09:30:00+00:00","0.202","0.538","0.01786575"
"2012-03-01 10:00:00+00:00","0.126","0.55","0.01809945"
"2012-03-01 10:30:00+00:00","0.15","0.719","0.01797645"
"2012-03-01 11:00:00+00:00","0.184","0.719","0.017712"
"2012-03-01 11:30:00+00:00","0.202","0.425","0.0166296"
"2012-03-01 12:00:00+00:00","0.12","0.638","0.01661115"
"2012-03-01 12:30:00+00:00","0.081","0.575","0.01661115"
"2012-03-01 13:00:00+00:00","0.091","0.494","0.01650045"
"2012-03-01 13:30:00+00:00","0.25","0.638","0.0163344"
"2012-03-01 14:00:00+00:00","0.276","0.638","0.01647585"
"2012-03-01 14:30:00+00:00","0.28","0.794","0.01661115"
"2012-03-01 15:00:00+00:00","0.286","0.813","0.0171093"
"2012-03-01 15:30:00+00:00","0.298","0.494","0.0165189"
"2012-03-01 16:00:00+00:00","0.268","0.2","0.0165681"
"2012-03-01 16:30:00+00:00","0.324","0.156","0.0167403"
"2012-03-01 17:00:00+00:00","0.459","0.069","0.0165066"
"2012-03-01 17:30:00+00:00","0.307","0.025","0.01645125"
"2012-03-01 18:00:00+00:00","0.279","0.0","0.01652505"
"2012-03-01 18:30:00+00:00","0.363","0.0","0.01635285"
"2012-03-01 19:00:00+00:00","0.348","0.0","0.01652505"
"2012-03-01 19:30:00+00:00","0.364","0.0","0.01650045"
"2012-03-01 20:00:00+00:00","0.492","0.0","0.0161253"
"2012-03-01 20:30:00+00:00","0.341","0.0","0.0160884"
"2012-03-01 21:00:00+00:00","0.332","0.0","0.01402815"
"2012-03-01 21:30:00+00:00","0.249","0.0","0.0131979"
"2012-03-01 22:00:00+00:00","0.155","0.0","0.0113775"
"2012-03-01 22:30:00+00:00","0.099","0.0","0.01436025"
"2012-03-01 23:00:00+00:00","0.09","0.0","0.0125952"
"2012-03-01 23:30:00+00:00","0.636","0.0","0.0114021"
"2012-03-02 00:00:00+00:00","0.616","0.0","0.01360995"
"2012-03-02 00:30:00+00:00","0.199","0.0","0.00868995"
"2012-03-02 01:00:00+00:00","0.195","0.0","0.00897285"
"2012-03-02 01:30:00+00:00","0.193","0.006","0.0103935"
"2012-03-02 02:00:00+00:00","0.181","0.0","0.00789045"
"2012-03-02 02:30:00+00:00","0.125","0.0","0.00688185"
"2012-03-02 03:00:00+00:00","0.154","0.0","0.00597165"
"2012-03-02 03:30:00+00:00","0.177","0.0","0.00495075"
"2012-03-02 04:00:00+00:00","0.135","0.0","0.0076137"
"2012-03-02 04:30:00+00:00","0.118","0.0","0.01224465"
"2012-03-02 05:00:00+00:00","0.074","0.0","0.01247835"
"2012-03-02 05:30:00+00:00","0.174","0.0","0.01389285"
"2012-03-02 06:00:00+00:00","0.184","0.0","0.01615605"
"2012-03-02 06:30:00+00:00","0.225","0.0","0.01592235"
"2012-03-02 07:00:00+00:00","0.272","0.0","0.0162606"
"2012-03-02 07:30:00+00:00","0.166","0.0","0.01615605"
"2012-03-02 08:00:00+00:00","0.199","0.0","0.0126567"
"2012-03-02 08:30:00+00:00","0.254","0.0","0.0140589"
"2012-03-02 09:00:00+00:00","0.087","0.013","0.01483995"
"2012-03-02 09:30:00+00:00","0.087","0.031","0.01391745"
"2012-03-02 10:00:00+00:00","0.122","0.038","0.01332705"
"2012-03-02 10:30:00+00:00","0.296","0.069","0.01233075"
"2012-03-02 11:00:00+00:00","0.399","0.075","0.01225695"
"2012-03-02 11:30:00+00:00","0.283","0.2","0.012423"
"2012-03-02 12:00:00+00:00","0.194","0.2","0.0121893"
"2012-03-02 12:30:00+00:00","0.879","0.194","0.01067025"
"2012-03-02 13:00:00+00:00","0.854","0.144","0.01279815"
"2012-03-02 13:30:00+00:00","0.408","0.106","0.01440945"
"2012-03-02 14:00:00+00:00","0.166","0.063","0.0122016"
"2012-03-02 14:30:00+00:00","0.251","0.163","0.01353615"
"2012-03-02 15:00:00+00:00","0.189","0.188","0.01513515"
"2012-03-02 15:30:00+00:00","0.163","0.106","0.01305645"
"2012-03-02 16:00:00+00:00","0.382","0.038","0.0130503"
"2012-03-02 16:30:00+00:00","0.168","0.056","0.0133701"
"2012-03-02 17:00:00+00:00","0.264","0.056","0.0129396"
"2012-03-02 17:30:00+00:00","0.231","0.013","0.01305645"
"2012-03-02 18:00:00+00:00","0.251","0.013","0.01410195"
"2012-03-02 18:30:00+00:00","0.179","0.006","0.01375755"
"2012-03-02 19:00:00+00:00","0.175","0.0","0.01373295"
"2012-03-02 19:30:00+00:00","0.173","0.0","0.01391745"
"2012-03-02 20:00:00+00:00","0.334","0.0","0.0131733"
"2012-03-02 20:30:00+00:00","0.175","0.0","0.01215855"
"2012-03-02 21:00:00+00:00","0.239","0.0","0.01210935"
"2012-03-02 21:30:00+00:00","0.297","0.0","0.0116727"
"2012-03-02 22:00:00+00:00","0.159","0.0","0.01112535"
"2012-03-02 22:30:00+00:00","0.192","0.0","0.01342545"
"2012-03-02 23:00:00+00:00","0.123","0.0","0.0114636"
"2012-03-02 23:30:00+00:00","0.981","0.0","0.01203555"
"2012-03-03 00:00:00+00:00","0.102","0.0","0.0144402"
"2012-03-03 00:30:00+00:00","0.076","0.0","0.01033815"
"2012-03-03 01:00:00+00:00","0.175","0.0","0.01367145"
"2012-03-03 01:30:00+00:00","0.15","0.0","0.01278585"
"2012-03-03 02:00:00+00:00","0.134","0.0","0.00974775"
"2012-03-03 02:30:00+00:00","0.182","0.0","0.0116112"
"2012-03-03 03:00:00+00:00","0.118","0.0","0.01133445"
"2012-03-03 03:30:00+00:00","0.142","0.0","0.011808"
"2012-03-03 04:00:00+00:00","0.109","0.0","0.0105165"
"2012-03-03 04:30:00+00:00","0.054","0.0","0.01197405"
"2012-03-03 05:00:00+00:00","0.151","0.0","0.0125337"
"2012-03-03 05:30:00+00:00","0.131","0.0","0.010455"
"2012-03-03 06:00:00+00:00","0.146","0.0","0.01272435"
"2012-03-03 06:30:00+00:00","0.298","0.0","0.0133578"
"2012-03-03 07:00:00+00:00","0.148","0.0","0.01440945"
"2012-03-03 07:30:00+00:00","0.186","0.0","0.0121893"
"2012-03-03 08:00:00+00:00","0.126","0.013","0.0149199"
"2012-03-03 08:30:00+00:00","0.084","0.056","0.01531965"
"2012-03-03 09:00:00+00:00","0.326","0.025","0.0162606"
"2012-03-03 09:30:00+00:00","0.178","0.05","0.01645125"
"2012-03-03 10:00:00+00:00","0.219","0.081","0.01616835"
"2012-03-03 10:30:00+00:00","0.159","0.056","0.0161376"
"2012-03-03 11:00:00+00:00","0.257","0.119","0.0160269"
"2012-03-03 11:30:00+00:00","0.161","0.156","0.0156948"
"2012-03-03 12:00:00+00:00","0.175","0.163","0.01549185"
"2012-03-03 12:30:00+00:00","0.437","0.081","0.0153873"
"2012-03-03 13:00:00+00:00","0.147","0.125","0.0151167"
"2012-03-03 13:30:00+00:00","0.108","0.113","0.01479075"
"2012-03-03 14:00:00+00:00","0.232","0.125","0.01450785"
"2012-03-03 14:30:00+00:00","0.191","0.138","0.0136653"
"2012-03-03 15:00:00+00:00","0.187","0.094","0.0130626"
"2012-03-03 15:30:00+00:00","0.335","0.113","0.01360995"
"2012-03-03 16:00:00+00:00","0.388","0.081","0.0145386"
"2012-03-03 16:30:00+00:00","0.303","0.056","0.01471695"
"2012-03-03 17:00:00+00:00","0.165","0.038","0.0149076"
"2012-03-03 17:30:00+00:00","0.239","0.013","0.01443405"
"2012-03-03 18:00:00+00:00","0.269","0.0","0.0121401"
"2012-03-03 18:30:00+00:00","0.24","0.0","0.01421265"
"2012-03-03 19:00:00+00:00","0.209","0.0","0.0149322"
"2012-03-03 19:30:00+00:00","0.158","0.0","0.0154242"
"2012-03-03 20:00:00+00:00","0.235","0.0","0.0145017"
"2012-03-03 20:30:00+00:00","0.412","0.0","0.0129396"
"2012-03-03 21:00:00+00:00","0.156","0.0","0.0133209"
"2012-03-03 21:30:00+00:00","0.101","0.0","0.01235535"
"2012-03-03 22:00:00+00:00","0.14","0.0","0.0115128"
"2012-03-03 22:30:00+00:00","0.127","0.0","0.0135546"
"2012-03-03 23:00:00+00:00","0.185","0.0","0.0120909"
"2012-03-03 23:30:00+00:00","0.166","0.0","0.0109716"
"2012-03-04 00:00:00+00:00","0.125","0.0","0.01016595"
"2012-03-04 00:30:00+00:00","0.194","0.0","0.00935415"
"2012-03-04 01:00:00+00:00","0.087","0.0","0.0083025"
"2012-03-04 01:30:00+00:00","0.084","0.0","0.0081672"
"2012-03-04 02:00:00+00:00","0.119","0.0","0.00637755"
"2012-03-04 02:30:00+00:00","0.108","0.0","0.0038253"
"2012-03-04 03:00:00+00:00","0.15","0.0","0.0050676"
"2012-03-04 03:30:00+00:00","0.17","0.0","0.00504915"
"2012-03-04 04:00:00+00:00","0.135","0.0","0.00408975"
"2012-03-04 04:30:00+00:00","0.143","0.0","0.0051291"
"2012-03-04 05:00:00+00:00","0.176","0.0","0.0066297"
"2012-03-04 05:30:00+00:00","0.058","0.0","0.0071832"
"2012-03-04 06:00:00+00:00","0.122","0.0","0.00758295"
"2012-03-04 06:30:00+00:00","0.308","0.0","0.00980925"
"2012-03-04 07:00:00+00:00","0.13","0.0","0.0129273"
"2012-03-04 07:30:00+00:00","0.195","0.006","0.01067025"
"2012-03-04 08:00:00+00:00","0.153","0.013","0.01185105"
"2012-03-04 08:30:00+00:00","0.27","0.031","0.0131118"
"2012-03-04 09:00:00+00:00","0.233","0.275","0.0136161"
"2012-03-04 09:30:00+00:00","0.295","0.538","0.01385595"
"2012-03-04 10:00:00+00:00","0.298","0.644","0.0138006"
"2012-03-04 10:30:00+00:00","0.198","0.731","0.01351155"
"2012-03-04 11:00:00+00:00","0.096","0.788","0.01369605"
"2012-03-04 11:30:00+00:00","1.137","0.844","0.0135792"
"2012-03-04 12:00:00+00:00","0.42","0.875","0.01337625"
"2012-03-04 12:30:00+00:00","0.239","0.888","0.01477845"
"2012-03-04 13:00:00+00:00","0.395","0.869","0.0118818"
"2012-03-04 13:30:00+00:00","0.22","0.875","0.0130503"
"2012-03-04 14:00:00+00:00","0.246","0.856","0.0136653"
"2012-03-04 14:30:00+00:00","0.159","0.819","0.01310565"
"2012-03-04 15:00:00+00:00","0.198","0.8","0.015498"
"2012-03-04 15:30:00+00:00","0.212","0.756","0.0161499"
"2012-03-04 16:00:00+00:00","0.205","0.669","0.0159408"
"2012-03-04 16:30:00+00:00","0.287","0.581","0.01627905"
"2012-03-04 17:00:00+00:00","0.312","0.475","0.0166911"
"2012-03-04 17:30:00+00:00","0.269","0.338","0.01638975"
"2012-03-04 18:00:00+00:00","0.223","0.075","0.01648815"
"2012-03-04 18:30:00+00:00","0.291","0.05","0.0163836"
"2012-03-04 19:00:00+00:00","0.264","0.0","0.01736145"
"2012-03-04 19:30:00+00:00","0.245","0.0","0.0164574"
"2012-03-04 20:00:00+00:00","0.481","0.0","0.01630365"
"2012-03-04 20:30:00+00:00","0.194","0.0","0.0153012"
"2012-03-04 21:00:00+00:00","0.076","0.0","0.015252"
"2012-03-04 21:30:00+00:00","0.282","0.0","0.0149322"
"2012-03-04 22:00:00+00:00","0.203","0.0","0.01257675"
"2012-03-04 22:30:00+00:00","0.164","0.0","0.01611915"
"2012-03-04 23:00:00+00:00","0.184","0.0","0.01518435"
"2012-03-04 23:30:00+00:00","0.231","0.0","0.01529505"
"2012-03-05 00:00:00+00:00","0.126","0.0","0.01626675"
"2012-03-05 00:30:00+00:00","0.164","0.0","0.0150798"
"2012-03-05 01:00:00+00:00","0.178","0.0","0.0160884"
"2012-03-05 01:30:00+00:00","0.113","0.0","0.0152643"
"2012-03-05 02:00:00+00:00","0.071","0.0","0.01138365"
"2012-03-05 02:30:00+00:00","0.143","0.0","0.0082656"
"2012-03-05 03:00:00+00:00","0.113","0.0","0.0084009"
"2012-03-05 03:30:00+00:00","0.134","0.0","0.00861615"
"2012-03-05 04:00:00+00:00","0.189","0.0","0.00861"
"2012-03-05 04:30:00+00:00","0.16","0.0","0.0124722"
"2012-03-05 05:00:00+00:00","0.127","0.0","0.0134193"
"2012-03-05 05:30:00+00:00","0.174","0.0","0.01683255"
"2012-03-05 06:00:00+00:00","0.168","0.0","0.0162975"
"2012-03-05 06:30:00+00:00","0.231","0.0","0.0168018"
"2012-03-05 07:00:00+00:00","0.36","0.0","0.01694325"
"2012-03-05 07:30:00+00:00","0.145","0.0","0.0160269"
"2012-03-05 08:00:00+00:00","0.209","0.0","0.0165558"
"2012-03-05 08:30:00+00:00","0.202","0.031","0.01663575"
"2012-03-05 09:00:00+00:00","0.151","0.044","0.0167157"
"2012-03-05 09:30:00+00:00","0.132","0.094","0.01723845"
"2012-03-05 10:00:00+00:00","0.209","0.138","0.01645125"
"2012-03-05 10:30:00+00:00","0.336","0.169","0.0163959"
"2012-03-05 11:00:00+00:00","0.132","0.244","0.01650045"
"2012-03-05 11:30:00+00:00","0.152","0.406","0.01609455"
"2012-03-05 12:00:00+00:00","0.139","0.831","0.0163344"
"2012-03-05 12:30:00+00:00","0.059","0.9","0.01599615"
"2012-03-05 13:00:00+00:00","0.104","0.9","0.0159408"
"2012-03-05 13:30:00+00:00","0.231","0.9","0.01581165"
"2012-03-05 14:00:00+00:00","0.384","0.875","0.015867"
"2012-03-05 14:30:00+00:00","0.227","0.863","0.01581165"
"2012-03-05 15:00:00+00:00","0.29","0.825","0.0163713"
"2012-03-05 15:30:00+00:00","0.261","0.756","0.01610685"
"2012-03-05 16:00:00+00:00","0.304","0.681","0.01527045"
"2012-03-05 16:30:00+00:00","0.241","0.594","0.0165681"
"2012-03-05 17:00:00+00:00","0.312","0.481","0.01588545"
"2012-03-05 17:30:00+00:00","0.217","0.369","0.0162237"
"2012-03-05 18:00:00+00:00","0.213","0.131","0.01619295"
"2012-03-05 18:30:00+00:00","0.316","0.019","0.01618065"
"2012-03-05 19:00:00+00:00","0.251","0.0","0.0162852"
"2012-03-05 19:30:00+00:00","0.233","0.0","0.01603305"
"2012-03-05 20:00:00+00:00","0.32","0.0","0.0159654"
"2012-03-05 20:30:00+00:00","0.215","0.0","0.01597155"
"2012-03-05 21:00:00+00:00","0.317","0.0","0.0155841"
"2012-03-05 21:30:00+00:00","0.176","0.0","0.01524585"
"2012-03-05 22:00:00+00:00","0.18","0.0","0.0149199"
"2012-03-05 22:30:00+00:00","0.721","0.006","0.0161868"
"2012-03-05 23:00:00+00:00","0.494","0.0","0.0162483"
"2012-03-05 23:30:00+00:00","0.075","0.0","0.01594695"
"2012-03-06 00:00:00+00:00","0.123","0.0","0.01452015"
"2012-03-06 00:30:00+00:00","0.158","0.0","0.0130257"
"2012-03-06 01:00:00+00:00","0.123","0.0","0.0116481"
"2012-03-06 01:30:00+00:00","0.194","0.0","0.01206015"
"2012-03-06 02:00:00+00:00","0.175","0.0","0.0093849"
"2012-03-06 02:30:00+00:00","0.138","0.0","0.00833325"
"2012-03-06 03:00:00+00:00","0.182","0.0","0.00918195"
"2012-03-06 03:30:00+00:00","0.171","0.0","0.0092619"
"2012-03-06 04:00:00+00:00","0.125","0.0","0.00984"
"2012-03-06 04:30:00+00:00","0.147","0.0","0.0119433"
"2012-03-06 05:00:00+00:00","0.087","0.0","0.01234305"
"2012-03-06 05:30:00+00:00","0.095","0.0","0.0166173"
"2012-03-06 06:00:00+00:00","0.185","0.0","0.0165312"
"2012-03-06 06:30:00+00:00","0.202","0.0","0.016851"
"2012-03-06 07:00:00+00:00","0.317","0.0","0.01663575"
"2012-03-06 07:30:00+00:00","0.464","0.013","0.01436025"
"2012-03-06 08:00:00+00:00","0.163","0.044","0.01439715"
"2012-03-06 08:30:00+00:00","0.174","0.069","0.0161253"
"2012-03-06 09:00:00+00:00","0.135","0.306","0.0163098"
"2012-03-06 09:30:00+00:00","0.074","0.463","0.0155718"
"2012-03-06 10:00:00+00:00","0.128","0.556","0.01477845"
"2012-03-06 10:30:00+00:00","0.16","0.713","0.013776"
"2012-03-06 11:00:00+00:00","0.132","0.825","0.0138744"
"2012-03-06 11:30:00+00:00","0.197","0.644","0.0129396"
"2012-03-06 12:00:00+00:00","0.161","0.813","0.0130872"
"2012-03-06 12:30:00+00:00","0.136","0.894","0.01241685"
"2012-03-06 13:00:00+00:00","0.197","0.9","0.01262595"
"2012-03-06 13:30:00+00:00","0.151","1.013","0.0139482"
"2012-03-06 14:00:00+00:00","0.082","0.919","0.0135177"
"2012-03-06 14:30:00+00:00","0.13","0.888","0.01265055"
"2012-03-06 15:00:00+00:00","0.144","0.663","0.01226925"
"2012-03-06 15:30:00+00:00","0.123","0.644","0.0151413"
"2012-03-06 16:00:00+00:00","0.204","0.544","0.01481535"
"2012-03-06 16:30:00+00:00","0.326","0.475","0.0154119"
"2012-03-06 17:00:00+00:00","0.332","0.438","0.0146985"
"2012-03-06 17:30:00+00:00","0.255","0.369","0.0131979"
"2012-03-06 18:00:00+00:00","0.321","0.181","0.0141204"
"2012-03-06 18:30:00+00:00","0.26","0.038","0.01433565"
"2012-03-06 19:00:00+00:00","0.218","0.013","0.0154734"
"2012-03-06 19:30:00+00:00","0.289","0.0","0.01495065"
"2012-03-06 20:00:00+00:00","0.266","0.0","0.0139482"
"2012-03-06 20:30:00+00:00","0.389","0.0","0.01359765"
"2012-03-06 21:00:00+00:00","0.171","0.0","0.0127059"
"2012-03-06 21:30:00+00:00","0.386","0.0","0.0120171"
"2012-03-06 22:00:00+00:00","0.233","0.0","0.0114021"
"2012-03-06 22:30:00+00:00","0.151","0.0","0.01487685"
"2012-03-06 23:00:00+00:00","0.164","0.0","0.01352385"
"2012-03-06 23:30:00+00:00","0.184","0.0","0.0134685"
"2012-03-07 00:00:00+00:00","0.118","0.0","0.0123369"
"2012-03-07 00:30:00+00:00","0.118","0.0","0.0120663"
"2012-03-07 01:00:00+00:00","0.109","0.0","0.00976005"
"2012-03-07 01:30:00+00:00","0.074","0.0","0.0100983"
"2012-03-07 02:00:00+00:00","0.171","0.0","0.00689415"
"2012-03-07 02:30:00+00:00","0.163","0.0","0.00236775"
"2012-03-07 03:00:00+00:00","0.13","0.0","0.00672195"
"2012-03-07 03:30:00+00:00","0.167","0.0","0.006765"
"2012-03-07 04:00:00+00:00","0.167","0.0","0.0068388"
"2012-03-07 04:30:00+00:00","0.108","0.0","0.00761985"
"2012-03-07 05:00:00+00:00","0.155","0.0","0.0095325"
"2012-03-07 05:30:00+00:00","0.077","0.0","0.01490145"
"2012-03-07 06:00:00+00:00","0.236","0.0","0.01619295"
"2012-03-07 06:30:00+00:00","0.194","0.0","0.01629135"
"2012-03-07 07:00:00+00:00","0.135","0.0","0.0165804"
"2012-03-07 07:30:00+00:00","0.296","0.0","0.01520895"
"2012-03-07 08:00:00+00:00","0.208","0.013","0.01561485"
"2012-03-07 08:30:00+00:00","0.172","0.031","0.01386825"
"2012-03-07 09:00:00+00:00","0.158","0.056","0.01536885"
"2012-03-07 09:30:00+00:00","0.103","0.131","0.0151905"
"2012-03-07 10:00:00+00:00","0.053","0.094","0.0138867"
"2012-03-07 10:30:00+00:00","0.16","0.306","0.01194945"
"2012-03-07 11:00:00+00:00","0.144","0.406","0.0133209"
"2012-03-07 11:30:00+00:00","0.141","0.5","0.0140835"
"2012-03-07 12:00:00+00:00","0.188","0.65","0.01332705"
"2012-03-07 12:30:00+00:00","0.371","0.725","0.01182645"
"2012-03-07 13:00:00+00:00","0.62","0.331","0.01245375"
"2012-03-07 13:30:00+00:00","0.633","0.694","0.0135915"
"2012-03-07 14:00:00+00:00","0.214","0.55","0.0153504"
"2012-03-07 14:30:00+00:00","0.181","0.838","0.01511055"
"2012-03-07 15:00:00+00:00","0.133","0.719","0.0146493"
"2012-03-07 15:30:00+00:00","0.183","0.694","0.0135546"
"2012-03-07 16:00:00+00:00","0.191","0.6","0.0157932"
"2012-03-07 16:30:00+00:00","0.26","0.588","0.01511055"
"2012-03-07 17:00:00+00:00","0.19","0.344","0.01509825"
"2012-03-07 17:30:00+00:00","0.237","0.3","0.01468005"
"2012-03-07 18:00:00+00:00","0.263","0.238","0.0156333"
"2012-03-07 18:30:00+00:00","0.291","0.05","0.0163221"
"2012-03-07 19:00:00+00:00","0.336","0.0","0.01650045"
"2012-03-07 19:30:00+00:00","0.203","0.0","0.01586085"
"2012-03-07 20:00:00+00:00","0.282","0.0","0.01573785"
"2012-03-07 20:30:00+00:00","0.144","0.0","0.01499985"
"2012-03-07 21:00:00+00:00","0.428","0.0","0.01386825"
"2012-03-07 21:30:00+00:00","0.178","0.0","0.01320405"
"2012-03-07 22:00:00+00:00","0.188","0.0","0.01225695"
"2012-03-07 22:30:00+00:00","0.137","0.0","0.01662345"
"2012-03-07 23:00:00+00:00","0.13","0.0","0.01638975"
"2012-03-07 23:30:00+00:00","0.213","0.0","0.0162483"
"2012-03-08 00:00:00+00:00","0.899","0.0","0.01609455"
"2012-03-08 00:30:00+00:00","0.105","0.0","0.0137145"
"2012-03-08 01:00:00+00:00","0.089","0.0","0.01119915"
"2012-03-08 01:30:00+00:00","0.136","0.0","0.0099384"
"2012-03-08 02:00:00+00:00","0.167","0.0","0.00668505"
"2012-03-08 02:30:00+00:00","0.136","0.0","0.00547965"
"2012-03-08 03:00:00+00:00","0.127","0.0","0.0080319"
"2012-03-08 03:30:00+00:00","0.172","0.0","0.0085977"
"2012-03-08 04:00:00+00:00","0.085","0.0","0.0069372"
"2012-03-08 04:30:00+00:00","0.079","0.0","0.00926805"
"2012-03-08 05:00:00+00:00","0.109","0.0","0.01235535"
"2012-03-08 05:30:00+00:00","0.087","0.0","0.01622985"
"2012-03-08 06:00:00+00:00","0.184","0.0","0.01650045"
"2012-03-08 06:30:00+00:00","0.168","0.0","0.01648815"
"2012-03-08 07:00:00+00:00","0.291","0.0","0.0167895"
"2012-03-08 07:30:00+00:00","0.209","0.0","0.01504905"
"2012-03-08 08:00:00+00:00","0.085","0.006","0.0154611"
"2012-03-08 08:30:00+00:00","0.288","0.044","0.0157071"
"2012-03-08 09:00:00+00:00","0.106","0.05","0.01586085"
"2012-03-08 09:30:00+00:00","0.129","0.0","0.0158916"
"2012-03-08 10:00:00+00:00","0.192","0.031","0.01575015"
"2012-03-08 10:30:00+00:00","0.124","0.006","0.0156087"
"2012-03-08 11:00:00+00:00","0.147","0.0","0.0160884"
"2012-03-08 11:30:00+00:00","0.129","0.063","0.0163344"
"2012-03-08 12:00:00+00:00","0.06","0.281","0.0157317"
"2012-03-08 12:30:00+00:00","0.099","0.575","0.01622985"
"2012-03-08 13:00:00+00:00","0.16","0.356","0.015498"
"2012-03-08 13:30:00+00:00","0.132","0.294","0.0151659"
"2012-03-08 14:00:00+00:00","0.532","0.125","0.01555335"
"2012-03-08 14:30:00+00:00","0.56","0.438","0.01739835"
"2012-03-08 15:00:00+00:00","0.245","0.638","0.01530735"
"2012-03-08 15:30:00+00:00","0.295","0.744","0.01598385"
"2012-03-08 16:00:00+00:00","0.446","0.581","0.015867"
"2012-03-08 16:30:00+00:00","0.207","0.288","0.0161499"
"2012-03-08 17:00:00+00:00","0.311","0.313","0.0161499"
"2012-03-08 17:30:00+00:00","0.187","0.206","0.0154734"
"2012-03-08 18:00:00+00:00","0.407","0.163","0.0161622"
"2012-03-08 18:30:00+00:00","0.253","0.038","0.01630365"
"2012-03-08 19:00:00+00:00","0.212","0.006","0.01650045"
"2012-03-08 19:30:00+00:00","0.377","0.0","0.01650045"
"2012-03-08 20:00:00+00:00","0.189","0.0","0.0159654"
"2012-03-08 20:30:00+00:00","0.232","0.0","0.01507365"
"2012-03-08 21:00:00+00:00","0.274","0.0","0.0157686"
"2012-03-08 21:30:00+00:00","0.083","0.0","0.01549185"
"2012-03-08 22:00:00+00:00","0.126","0.0","0.0144156"
"2012-03-08 22:30:00+00:00","0.127","0.0","0.01648815"
"2012-03-08 23:00:00+00:00","0.169","0.0","0.01657425"
"2012-03-08 23:30:00+00:00","0.171","0.0","0.0164574"
"2012-03-09 00:00:00+00:00","0.128","0.0","0.01606995"
"2012-03-09 00:30:00+00:00","0.151","0.0","0.0145632"
"2012-03-09 01:00:00+00:00","0.104","0.0","0.01343775"
"2012-03-09 01:30:00+00:00","0.058","0.0","0.01338855"
"2012-03-09 02:00:00+00:00","0.104","0.0","0.00973545"
"2012-03-09 02:30:00+00:00","0.123","0.0","0.008241"
"2012-03-09 03:00:00+00:00","0.115","0.006","0.0084624"
"2012-03-09 03:30:00+00:00","0.194","0.0","0.0081918"
"2012-03-09 04:00:00+00:00","0.112","0.0","0.00930495"
"2012-03-09 04:30:00+00:00","0.121","0.0","0.01231845"
"2012-03-09 05:00:00+00:00","0.143","0.0","0.01365915"
"2012-03-09 05:30:00+00:00","0.117","0.0","0.0169002"
"2012-03-09 06:00:00+00:00","0.464","0.0","0.0164943"
"2012-03-09 06:30:00+00:00","0.163","0.0","0.01714005"
"2012-03-09 07:00:00+00:00","0.128","0.0","0.0169125"
"2012-03-09 07:30:00+00:00","0.266","0.0","0.01528275"
"2012-03-09 08:00:00+00:00","0.146","0.006","0.01622985"
"2012-03-09 08:30:00+00:00","0.242","0.019","0.0163959"
"2012-03-09 09:00:00+00:00","0.169","0.294","0.016605"
"2012-03-09 09:30:00+00:00","0.136","0.55","0.01634055"
"2012-03-09 10:00:00+00:00","0.106","0.656","0.01594695"
"2012-03-09 10:30:00+00:00","0.143","0.731","0.01604535"
"2012-03-09 11:00:00+00:00","0.189","0.8","0.0164082"
"2012-03-09 11:30:00+00:00","0.214","0.85","0.01643895"
"2012-03-09 12:00:00+00:00","0.127","0.881","0.01511055"
"2012-03-09 12:30:00+00:00","0.435","0.9","0.0160146"
"2012-03-09 13:00:00+00:00","0.29","0.906","0.01508595"
"2012-03-09 13:30:00+00:00","0.267","0.881","0.0142311"
"2012-03-09 14:00:00+00:00","0.249","0.844","0.01611915"
"2012-03-09 14:30:00+00:00","0.136","0.725","0.01390515"
"2012-03-09 15:00:00+00:00","0.129","0.556","0.0150675"
"2012-03-09 15:30:00+00:00","0.346","0.463","0.01611915"
"2012-03-09 16:00:00+00:00","0.241","0.263","0.01614375"
"2012-03-09 16:30:00+00:00","0.269","0.344","0.01627905"
"2012-03-09 17:00:00+00:00","0.252","0.331","0.01538115"
"2012-03-09 17:30:00+00:00","0.251","0.344","0.0155349"
"2012-03-09 18:00:00+00:00","0.229","0.094","0.01635285"
"2012-03-09 18:30:00+00:00","0.277","0.019","0.01629135"
"2012-03-09 19:00:00+00:00","0.235","0.013","0.0165066"
"2012-03-09 19:30:00+00:00","0.161","0.0","0.016482"
"2012-03-09 20:00:00+00:00","0.384","0.0","0.0164328"
"2012-03-09 20:30:00+00:00","0.179","0.0","0.01624215"
"2012-03-09 21:00:00+00:00","0.18","0.0","0.01588545"
"2012-03-09 21:30:00+00:00","0.138","0.0","0.0161253"
"2012-03-09 22:00:00+00:00","0.176","0.0","0.01485225"
"2012-03-09 22:30:00+00:00","0.156","0.0","0.01659885"
"2012-03-09 23:00:00+00:00","0.188","0.0","0.0162852"
"2012-03-09 23:30:00+00:00","0.163","0.0","0.01636515"
"2012-03-10 00:00:00+00:00","0.152","0.0","0.01566405"
"2012-03-10 00:30:00+00:00","0.692","0.0","0.01400355"
"2012-03-10 01:00:00+00:00","0.466","0.0","0.0133086"
"2012-03-10 01:30:00+00:00","0.161","0.0","0.0138129"
"2012-03-10 02:00:00+00:00","0.114","0.0","0.01183875"
"2012-03-10 02:30:00+00:00","0.1","0.0","0.01042425"
"2012-03-10 03:00:00+00:00","0.094","0.0","0.0106887"
"2012-03-10 03:30:00+00:00","0.076","0.0","0.0095079"
"2012-03-10 04:00:00+00:00","0.146","0.0","0.0086592"
"2012-03-10 04:30:00+00:00","0.127","0.0","0.0119679"
"2012-03-10 05:00:00+00:00","0.186","0.0","0.01246605"
"2012-03-10 05:30:00+00:00","0.11","0.0","0.01331475"
"2012-03-10 06:00:00+00:00","0.178","0.0","0.0132594"
"2012-03-10 06:30:00+00:00","0.122","0.0","0.015006"
"2012-03-10 07:00:00+00:00","0.15","0.0","0.01578705"
"2012-03-10 07:30:00+00:00","0.089","0.0","0.0157317"
"2012-03-10 08:00:00+00:00","0.093","0.006","0.0164943"
"2012-03-10 08:30:00+00:00","0.218","0.025","0.0165189"
"2012-03-10 09:00:00+00:00","0.177","0.3","0.01638975"
"2012-03-10 09:30:00+00:00","0.289","0.544","0.0164328"
"2012-03-10 10:00:00+00:00","0.209","0.638","0.0156948"
"2012-03-10 10:30:00+00:00","0.253","0.719","0.01597155"
"2012-03-10 11:00:00+00:00","0.294","0.781","0.0162237"
"2012-03-10 11:30:00+00:00","0.218","0.819","0.01551645"
"2012-03-10 12:00:00+00:00","0.199","0.85","0.0154365"
"2012-03-10 12:30:00+00:00","0.268","0.881","0.0146493"
"2012-03-10 13:00:00+00:00","0.695","0.888","0.01394205"
"2012-03-10 13:30:00+00:00","0.752","0.881","0.014268"
"2012-03-10 14:00:00+00:00","0.493","0.869","0.01560255"
"2012-03-10 14:30:00+00:00","0.234","0.844","0.01524585"
"2012-03-10 15:00:00+00:00","0.274","0.8","0.0136899"
"2012-03-10 15:30:00+00:00","0.226","0.738","0.01432335"
"2012-03-10 16:00:00+00:00","0.315","0.65","0.01613145"
"2012-03-10 16:30:00+00:00","0.389","0.444","0.0159777"
"2012-03-10 17:00:00+00:00","0.385","0.456","0.01520895"
"2012-03-10 17:30:00+00:00","0.219","0.275","0.0157317"
"2012-03-10 18:00:00+00:00","0.145","0.144","0.0163098"
"2012-03-10 18:30:00+00:00","0.187","0.038","0.0164574"
"2012-03-10 19:00:00+00:00","0.134","0.013","0.01714005"
"2012-03-10 19:30:00+00:00","0.096","0.0","0.0163713"
"2012-03-10 20:00:00+00:00","0.116","0.0","0.01637745"
"2012-03-10 20:30:00+00:00","0.081","0.0","0.0158547"
"2012-03-10 21:00:00+00:00","0.156","0.0","0.0159777"
"2012-03-10 21:30:00+00:00","0.14","0.0","0.0161499"
"2012-03-10 22:00:00+00:00","0.347","0.0","0.01593465"
"2012-03-10 22:30:00+00:00","0.166","0.0","0.0162852"
"2012-03-10 23:00:00+00:00","0.166","0.0","0.0160515"
"2012-03-10 23:30:00+00:00","0.171","0.0","0.0159777"
"2012-03-11 00:00:00+00:00","0.209","0.0","0.01625445"
"2012-03-11 00:30:00+00:00","0.141","0.0","0.015867"
"2012-03-11 01:00:00+00:00","0.13","0.0","0.01357305"
"2012-03-11 01:30:00+00:00","0.087","0.0","0.0132471"
"2012-03-11 02:00:00+00:00","0.099","0.0","0.00924345"
"2012-03-11 02:30:00+00:00","0.082","0.0","0.01133445"
"2012-03-11 03:00:00+00:00","0.145","0.0","0.01177725"
"2012-03-11 03:30:00+00:00","0.145","0.0","0.0116112"
"2012-03-11 04:00:00+00:00","0.16","0.0","0.01148205"
"2012-03-11 04:30:00+00:00","0.143","0.0","0.01224465"
"2012-03-11 05:00:00+00:00","0.157","0.0","0.01224465"
"2012-03-11 05:30:00+00:00","0.14","0.0","0.012177"
"2012-03-11 06:00:00+00:00","0.159","0.0","0.012177"
"2012-03-11 06:30:00+00:00","0.227","0.0","0.010332"
"2012-03-11 07:00:00+00:00","0.123","0.0","0.01389285"
"2012-03-11 07:30:00+00:00","0.116","0.019","0.0148215"
"2012-03-11 08:00:00+00:00","0.084","0.025","0.01584855"
"2012-03-11 08:30:00+00:00","0.279","0.038","0.01632825"
"2012-03-11 09:00:00+00:00","0.415","0.288","0.01648815"
"2012-03-11 09:30:00+00:00","0.22","0.525","0.01608225"
"2012-03-11 10:00:00+00:00","0.158","0.625","0.0156087"
"2012-03-11 10:30:00+00:00","0.29","0.706","0.01468005"
"2012-03-11 11:00:00+00:00","0.126","0.775","0.01502445"
"2012-03-11 11:30:00+00:00","0.186","0.819","0.0143172"
"2012-03-11 12:00:00+00:00","0.111","0.863","0.01431105"
"2012-03-11 12:30:00+00:00","0.341","0.869","0.01442175"
"2012-03-11 13:00:00+00:00","0.126","0.888","0.0145632"
"2012-03-11 13:30:00+00:00","0.079","0.881","0.0148707"
"2012-03-11 14:00:00+00:00","0.159","0.85","0.01550415"
"2012-03-11 14:30:00+00:00","0.172","0.825","0.0148953"
"2012-03-11 15:00:00+00:00","0.137","0.781","0.0161745"
"2012-03-11 15:30:00+00:00","0.185","0.719","0.0140466"
"2012-03-11 16:00:00+00:00","0.121","0.644","0.01578705"
"2012-03-11 16:30:00+00:00","0.182","0.556","0.0162237"
"2012-03-11 17:00:00+00:00","0.145","0.456","0.01602075"
"2012-03-11 17:30:00+00:00","0.149","0.338","0.0164082"
"2012-03-11 18:00:00+00:00","0.175","0.15","0.01624215"
"2012-03-11 18:30:00+00:00","0.065","0.031","0.01634055"
"2012-03-11 19:00:00+00:00","0.133","0.006","0.01673415"
"2012-03-11 19:30:00+00:00","0.335","0.0","0.01627905"
"2012-03-11 20:00:00+00:00","0.313","0.0","0.0162975"
"2012-03-11 20:30:00+00:00","0.259","0.0","0.016359"
"2012-03-11 21:00:00+00:00","0.285","0.0","0.01586085"
"2012-03-11 21:30:00+00:00","0.269","0.0","0.0158055"
"2012-03-11 22:00:00+00:00","0.21","0.0","0.0161499"
"2012-03-11 22:30:00+00:00","0.247","0.0","0.0163098"
"2012-03-11 23:00:00+00:00","0.607","0.0","0.0158793"
"2012-03-11 23:30:00+00:00","0.606","0.0","0.01620525"
"2012-03-12 00:00:00+00:00","0.141","0.0","0.01567635"
"2012-03-12 00:30:00+00:00","0.16","0.0","0.0136161"
"2012-03-12 01:00:00+00:00","0.143","0.0","0.01338855"
"2012-03-12 01:30:00+00:00","0.163","0.0","0.01367145"
"2012-03-12 02:00:00+00:00","0.136","0.0","0.01224465"
"2012-03-12 02:30:00+00:00","0.159","0.0","0.01099005"
"2012-03-12 03:00:00+00:00","0.134","0.0","0.009963"
"2012-03-12 03:30:00+00:00","0.17","0.0","0.01043655"
"2012-03-12 04:00:00+00:00","0.127","0.0","0.01075635"
"2012-03-12 04:30:00+00:00","0.126","0.0","0.01246605"
"2012-03-12 05:00:00+00:00","0.074","0.0","0.0138375"
"2012-03-12 05:30:00+00:00","0.106","0.0","0.01648815"
"2012-03-12 06:00:00+00:00","0.07","0.0","0.01645125"
"2012-03-12 06:30:00+00:00","0.181","0.0","0.0163221"
"2012-03-12 07:00:00+00:00","0.225","0.0","0.01643895"
"2012-03-12 07:30:00+00:00","0.24","0.013","0.01691865"
"2012-03-12 08:00:00+00:00","0.218","0.044","0.01729995"
"2012-03-12 08:30:00+00:00","0.145","0.1","0.0193725"
"2012-03-12 09:00:00+00:00","0.148","0.181","0.01987065"
"2012-03-12 09:30:00+00:00","0.134","0.381","0.01916955"
"2012-03-12 10:00:00+00:00","0.156","0.381","0.0193233"
"2012-03-12 10:30:00+00:00","0.076","0.138","0.01855455"
"2012-03-12 11:00:00+00:00","0.111","0.113","0.01915725"
"2012-03-12 11:30:00+00:00","0.093","0.281","0.019434"
"2012-03-12 12:00:00+00:00","0.183","0.494","0.01855455"
"2012-03-12 12:30:00+00:00","0.182","0.406","0.0184254"
"2012-03-12 13:00:00+00:00","0.33","0.7","0.0175644"
"2012-03-12 13:30:00+00:00","0.202","0.788","0.0187575"
"2012-03-12 14:00:00+00:00","0.156","0.825","0.01857915"
"2012-03-12 14:30:00+00:00","0.198","0.856","0.01851765"
"2012-03-12 15:00:00+00:00","0.174","0.775","0.01745985"
"2012-03-12 15:30:00+00:00","0.161","0.725","0.0184131"
"2012-03-12 16:00:00+00:00","0.239","0.675","0.01839465"
"2012-03-12 16:30:00+00:00","0.233","0.594","0.0189666"
"2012-03-12 17:00:00+00:00","0.403","0.413","0.01957545"
"2012-03-12 17:30:00+00:00","0.262","0.275","0.0188313"
"2012-03-12 18:00:00+00:00","0.47","0.113","0.01883745"
"2012-03-12 18:30:00+00:00","0.294","0.031","0.01830855"
"2012-03-12 19:00:00+00:00","0.201","0.013","0.0193971"
"2012-03-12 19:30:00+00:00","0.543","0.0","0.0199014"
"2012-03-12 20:00:00+00:00","0.273","0.0","0.0188928"
"2012-03-12 20:30:00+00:00","0.177","0.0","0.01809945"
"2012-03-12 21:00:00+00:00","0.23","0.0","0.01640205"
"2012-03-12 21:30:00+00:00","0.146","0.0","0.01611915"
"2012-03-12 22:00:00+00:00","0.166","0.0","0.0158301"
"2012-03-12 22:30:00+00:00","0.103","0.0","0.016359"
"2012-03-12 23:00:00+00:00","0.137","0.0","0.0163836"
"2012-03-12 23:30:00+00:00","0.159","0.0","0.0165066"
"2012-03-13 00:00:00+00:00","0.176","0.0","0.0163098"
"2012-03-13 00:30:00+00:00","0.166","0.0","0.0160392"
"2012-03-13 01:00:00+00:00","0.167","0.0","0.01413885"
"2012-03-13 01:30:00+00:00","0.164","0.0","0.0157809"
"2012-03-13 02:00:00+00:00","0.149","0.0","0.014514"
"2012-03-13 02:30:00+00:00","0.167","0.0","0.0133578"
"2012-03-13 03:00:00+00:00","0.127","0.0","0.01230615"
"2012-03-13 03:30:00+00:00","0.121","0.0","0.01229385"
"2012-03-13 04:00:00+00:00","0.068","0.0","0.0128289"
"2012-03-13 04:30:00+00:00","0.126","0.0","0.0146247"
"2012-03-13 05:00:00+00:00","0.076","0.0","0.01600845"
"2012-03-13 05:30:00+00:00","0.19","0.0","0.01686945"
"2012-03-13 06:00:00+00:00","0.13","0.0","0.0174783"
"2012-03-13 06:30:00+00:00","0.188","0.0","0.01738605"
"2012-03-13 07:00:00+00:00","0.282","0.0","0.0181179"
"2012-03-13 07:30:00+00:00","0.174","0.006","0.0160392"
"2012-03-13 08:00:00+00:00","0.329","0.013","0.01642665"
"2012-03-13 08:30:00+00:00","0.262","0.031","0.01651275"
"2012-03-13 09:00:00+00:00","0.103","0.294","0.0167649"
"2012-03-13 09:30:00+00:00","0.113","0.519","0.01666035"
"2012-03-13 10:00:00+00:00","0.094","0.619","0.01663575"
"2012-03-13 10:30:00+00:00","0.116","0.706","0.0169494"
"2012-03-13 11:00:00+00:00","0.152","0.775","0.01880055"
"2012-03-13 11:30:00+00:00","0.319","0.825","0.01915725"
"2012-03-13 12:00:00+00:00","0.221","0.85","0.01867755"
"2012-03-13 12:30:00+00:00","0.175","0.85","0.0180564"
"2012-03-13 13:00:00+00:00","0.161","0.869","0.01712775"
"2012-03-13 13:30:00+00:00","0.169","0.863","0.01672185"
"2012-03-13 14:00:00+00:00","0.408","0.85","0.01666035"
"2012-03-13 14:30:00+00:00","0.309","0.813","0.01679565"
"2012-03-13 15:00:00+00:00","0.256","0.769","0.01750905"
"2012-03-13 15:30:00+00:00","0.274","0.713","0.01808715"
"2012-03-13 16:00:00+00:00","0.251","0.644","0.01805025"
"2012-03-13 16:30:00+00:00","0.234","0.556","0.01843155"
"2012-03-13 17:00:00+00:00","0.267","0.431","0.0190158"
"2012-03-13 17:30:00+00:00","0.386","0.213","0.01803795"
"2012-03-13 18:00:00+00:00","0.242","0.15","0.0179703"
"2012-03-13 18:30:00+00:00","0.16","0.031","0.01785345"
"2012-03-13 19:00:00+00:00","0.13","0.0","0.0194463"
"2012-03-13 19:30:00+00:00","0.397","0.0","0.01978455"
"2012-03-13 20:00:00+00:00","0.259","0.0","0.0188313"
"2012-03-13 20:30:00+00:00","0.191","0.0","0.0170109"
"2012-03-13 21:00:00+00:00","0.245","0.0","0.01642665"
"2012-03-13 21:30:00+00:00","0.278","0.0","0.01626675"
"2012-03-13 22:00:00+00:00","0.199","0.0","0.0151044"
"2012-03-13 22:30:00+00:00","0.153","0.0","0.01624215"
"2012-03-13 23:00:00+00:00","0.893","0.0","0.01608225"
"2012-03-13 23:30:00+00:00","0.234","0.0","0.01604535"
"2012-03-14 00:00:00+00:00","0.122","0.0","0.0155103"
"2012-03-14 00:30:00+00:00","0.097","0.0","0.01415115"
"2012-03-14 01:00:00+00:00","0.083","0.0","0.01277355"
"2012-03-14 01:30:00+00:00","0.168","0.0","0.01151895"
"2012-03-14 02:00:00+00:00","0.131","0.0","0.0088191"
"2012-03-14 02:30:00+00:00","0.166","0.0","0.0121401"
"2012-03-14 03:00:00+00:00","0.155","0.0","0.00819795"
"2012-03-14 03:30:00+00:00","0.136","0.0","0.01188795"
"2012-03-14 04:00:00+00:00","0.167","0.0","0.0092004"
"2012-03-14 04:30:00+00:00","0.122","0.0","0.01224465"
"2012-03-14 05:00:00+00:00","0.151","0.0","0.01353615"
"2012-03-14 05:30:00+00:00","0.056","0.0","0.01750905"
"2012-03-14 06:00:00+00:00","0.116","0.0","0.0168387"
"2012-03-14 06:30:00+00:00","0.08","0.0","0.0165312"
"2012-03-14 07:00:00+00:00","0.271","0.0","0.0171216"
"2012-03-14 07:30:00+00:00","0.171","0.006","0.01615605"
"2012-03-14 08:00:00+00:00","0.149","0.013","0.0164943"
"2012-03-14 08:30:00+00:00","0.269","0.025","0.01650045"
"2012-03-14 09:00:00+00:00","0.234","0.294","0.0166419"
"2012-03-14 09:30:00+00:00","0.157","0.531","0.01668495"
"2012-03-14 10:00:00+00:00","0.136","0.594","0.01807485"
"2012-03-14 10:30:00+00:00","0.133","0.688","0.0178227"
"2012-03-14 11:00:00+00:00","0.211","0.644","0.0186222"
"2012-03-14 11:30:00+00:00","0.175","0.763","0.0199998"
"2012-03-14 12:00:00+00:00","0.197","0.663","0.01924335"
"2012-03-14 12:30:00+00:00","0.209","0.669","0.0178842"
"2012-03-14 13:00:00+00:00","0.204","0.663","0.0194832"
"2012-03-14 13:30:00+00:00","0.309","0.656","0.01967385"
"2012-03-14 14:00:00+00:00","0.259","0.669","0.02192475"
"2012-03-14 14:30:00+00:00","0.139","0.488","0.02182635"
"2012-03-14 15:00:00+00:00","0.255","0.613","0.02533185"
"2012-03-14 15:30:00+00:00","0.217","0.494","0.0199629"
"2012-03-14 16:00:00+00:00","0.196","0.4","0.0198645"
"2012-03-14 16:30:00+00:00","0.225","0.331","0.0197538"
"2012-03-14 17:00:00+00:00","0.203","0.319","0.01950165"
"2012-03-14 17:30:00+00:00","0.206","0.263","0.0169248"
"2012-03-14 18:00:00+00:00","0.435","0.2","0.01680795"
"2012-03-14 18:30:00+00:00","0.198","0.044","0.0170601"
"2012-03-14 19:00:00+00:00","0.405","0.0","0.01816095"
"2012-03-14 19:30:00+00:00","0.344","0.0","0.0176997"
"2012-03-14 20:00:00+00:00","0.285","0.0","0.0165066"
"2012-03-14 20:30:00+00:00","0.404","0.0","0.0163836"
"2012-03-14 21:00:00+00:00","0.244","0.0","0.01641435"
"2012-03-14 21:30:00+00:00","0.246","0.0","0.0164574"
"2012-03-14 22:00:00+00:00","0.2","0.0","0.0158547"
"2012-03-14 22:30:00+00:00","0.154","0.0","0.0182901"
"2012-03-14 23:00:00+00:00","0.184","0.0","0.0178473"
"2012-03-14 23:30:00+00:00","0.109","0.0","0.0168879"
"2012-03-15 00:00:00+00:00","0.12","0.0","0.01614375"
"2012-03-15 00:30:00+00:00","0.084","0.0","0.014514"
"2012-03-15 01:00:00+00:00","0.103","0.006","0.0134562"
"2012-03-15 01:30:00+00:00","0.139","0.0","0.0145878"
"2012-03-15 02:00:00+00:00","0.152","0.0","0.0146862"
"2012-03-15 02:30:00+00:00","0.168","0.0","0.01464315"
"2012-03-15 03:00:00+00:00","0.139","0.0","0.0125829"
"2012-03-15 03:30:00+00:00","0.16","0.0","0.01252755"
"2012-03-15 04:00:00+00:00","0.129","0.0","0.01406505"
"2012-03-15 04:30:00+00:00","0.181","0.0","0.01620525"
"2012-03-15 05:00:00+00:00","0.136","0.0","0.018081"
"2012-03-15 05:30:00+00:00","0.115","0.0","0.01741065"
"2012-03-15 06:00:00+00:00","0.08","0.0","0.01886205"
"2012-03-15 06:30:00+00:00","0.157","0.0","0.01880055"
"2012-03-15 07:00:00+00:00","0.101","0.0","0.02052255"
"2012-03-15 07:30:00+00:00","0.187","0.0","0.0163098"
"2012-03-15 08:00:00+00:00","0.473","0.025","0.01717695"
"2012-03-15 08:30:00+00:00","0.21","0.106","0.01878825"
"2012-03-15 09:00:00+00:00","0.19","0.3","0.0191265"
"2012-03-15 09:30:00+00:00","0.159","0.394","0.0185607"
"2012-03-15 10:00:00+00:00","0.134","0.488","0.01789035"
"2012-03-15 10:30:00+00:00","0.179","0.719","0.0172692"
"2012-03-15 11:00:00+00:00","0.096","0.631","0.0195447"
"2012-03-15 11:30:00+00:00","0.139","0.619","0.018696"
"2012-03-15 12:00:00+00:00","0.069","0.744","0.01924335"
"2012-03-15 12:30:00+00:00","0.128","0.763","0.01999365"
"2012-03-15 13:00:00+00:00","0.368","0.756","0.02080545"
"2012-03-15 13:30:00+00:00","0.231","0.806","0.02003055"
"2012-03-15 14:00:00+00:00","0.708","0.825","0.0213528"
"2012-03-15 14:30:00+00:00","0.237","0.806","0.01745985"
"2012-03-15 15:00:00+00:00","0.209","0.75","0.0194832"
"2012-03-15 15:30:00+00:00","0.223","0.669","0.01945245"
"2012-03-15 16:00:00+00:00","0.278","0.656","0.0189912"
"2012-03-15 16:30:00+00:00","0.2","0.55","0.0197538"
"2012-03-15 17:00:00+00:00","0.283","0.488","0.0196308"
"2012-03-15 17:30:00+00:00","0.183","0.338","0.01732455"
"2012-03-15 18:00:00+00:00","0.223","0.188","0.0192126"
"2012-03-15 18:30:00+00:00","0.226","0.05","0.01944015"
"2012-03-15 19:00:00+00:00","0.576","0.0","0.01968615"
"2012-03-15 19:30:00+00:00","0.313","0.0","0.01932945"
"2012-03-15 20:00:00+00:00","0.451","0.0","0.01841925"
"2012-03-15 20:30:00+00:00","0.612","0.0","0.01698015"
"2012-03-15 21:00:00+00:00","0.355","0.0","0.0163467"
"2012-03-15 21:30:00+00:00","0.224","0.0","0.01615605"
"2012-03-15 22:00:00+00:00","0.176","0.0","0.01568865"
"2012-03-15 22:30:00+00:00","0.53","0.0","0.0167526"
"2012-03-15 23:00:00+00:00","0.701","0.0","0.01705395"
"2012-03-15 23:30:00+00:00","0.186","0.0","0.01650045"
"2012-03-16 00:00:00+00:00","0.114","0.0","0.0164943"
"2012-03-16 00:30:00+00:00","0.195","0.0","0.0159531"
"2012-03-16 01:00:00+00:00","0.174","0.0","0.01465545"
"2012-03-16 01:30:00+00:00","0.192","0.0","0.01534425"
"2012-03-16 02:00:00+00:00","0.151","0.0","0.01372065"
"2012-03-16 02:30:00+00:00","0.147","0.0","0.012792"
"2012-03-16 03:00:00+00:00","0.167","0.0","0.01224465"
"2012-03-16 03:30:00+00:00","0.132","0.0","0.01224465"
"2012-03-16 04:00:00+00:00","0.078","0.0","0.01260135"
"2012-03-16 04:30:00+00:00","0.113","0.0","0.0146985"
"2012-03-16 05:00:00+00:00","0.16","0.0","0.0166665"
"2012-03-16 05:30:00+00:00","0.465","0.0","0.01905885"
"2012-03-16 06:00:00+00:00","0.262","0.0","0.0190896"
"2012-03-16 06:30:00+00:00","0.173","0.0","0.0190527"
"2012-03-16 07:00:00+00:00","0.133","0.0","0.0199137"
"2012-03-16 07:30:00+00:00","0.196","0.0","0.01627905"
"2012-03-16 08:00:00+00:00","0.122","0.013","0.017343"
"2012-03-16 08:30:00+00:00","0.169","0.025","0.01855455"
"2012-03-16 09:00:00+00:00","0.094","0.269","0.01823475"
"2012-03-16 09:30:00+00:00","0.091","0.531","0.0194832"
"2012-03-16 10:00:00+00:00","0.118","0.606","0.0190527"
"2012-03-16 10:30:00+00:00","0.1","0.688","0.01827165"
"2012-03-16 11:00:00+00:00","0.18","0.744","0.01915725"
"2012-03-16 11:30:00+00:00","0.182","0.781","0.01937865"
"2012-03-16 12:00:00+00:00","0.119","0.813","0.0187206"
"2012-03-16 12:30:00+00:00","0.177","0.844","0.0181671"
"2012-03-16 13:00:00+00:00","0.184","0.85","0.0187452"
"2012-03-16 13:30:00+00:00","0.141","0.844","0.02023965"
"2012-03-16 14:00:00+00:00","0.169","0.831","0.019803"
"2012-03-16 14:30:00+00:00","0.177","0.813","0.02010435"
"2012-03-16 15:00:00+00:00","0.151","0.763","0.0201597"
"2012-03-16 15:30:00+00:00","0.122","0.7","0.0208608"
"2012-03-16 16:00:00+00:00","0.134","0.638","0.0229518"
"2012-03-16 16:30:00+00:00","0.25","0.506","0.02060865"
"2012-03-16 17:00:00+00:00","0.354","0.413","0.01928025"
"2012-03-16 17:30:00+00:00","0.391","0.306","0.0183885"
"2012-03-16 18:00:00+00:00","0.436","0.15","0.0188436"
"2012-03-16 18:30:00+00:00","0.466","0.019","0.0189174"
"2012-03-16 19:00:00+00:00","0.49","0.0","0.01964925"
"2012-03-16 19:30:00+00:00","0.22","0.0","0.01955085"
"2012-03-16 20:00:00+00:00","0.262","0.0","0.01903425"
"2012-03-16 20:30:00+00:00","0.446","0.0","0.01843155"
"2012-03-16 21:00:00+00:00","0.277","0.0","0.0179334"
"2012-03-16 21:30:00+00:00","0.285","0.0","0.0181425"
"2012-03-16 22:00:00+00:00","0.282","0.0","0.01693095"
"2012-03-16 22:30:00+00:00","0.251","0.0","0.02062095"
"2012-03-16 23:00:00+00:00","0.19","0.0","0.02022735"
"2012-03-16 23:30:00+00:00","0.174","0.0","0.01988295"
"2012-03-17 00:00:00+00:00","0.201","0.0","0.01952625"
"2012-03-17 00:30:00+00:00","0.206","0.0","0.02011665"
"2012-03-17 01:00:00+00:00","0.161","0.0","0.0175398"
"2012-03-17 01:30:00+00:00","0.176","0.0","0.0186837"
"2012-03-17 02:00:00+00:00","0.21","0.0","0.01718925"
"2012-03-17 02:30:00+00:00","0.195","0.0","0.01678335"
"2012-03-17 03:00:00+00:00","0.14","0.0","0.0165804"
"2012-03-17 03:30:00+00:00","0.207","0.0","0.0166419"
"2012-03-17 04:00:00+00:00","0.2","0.0","0.01642665"
"2012-03-17 04:30:00+00:00","0.122","0.0","0.0165927"
"2012-03-17 05:00:00+00:00","0.141","0.0","0.01624215"
"2012-03-17 05:30:00+00:00","0.14","0.0","0.01613145"
"2012-03-17 06:00:00+00:00","0.093","0.0","0.0160515"
"2012-03-17 06:30:00+00:00","0.166","0.0","0.01529505"
"2012-03-17 07:00:00+00:00","0.208","0.0","0.0164205"
"2012-03-17 07:30:00+00:00","0.26","0.0","0.0169617"
"2012-03-17 08:00:00+00:00","0.263","0.0","0.0169248"
"2012-03-17 08:30:00+00:00","0.196","0.0","0.0190158"
"2012-03-17 09:00:00+00:00","0.387","0.0","0.0195324"
"2012-03-17 09:30:00+00:00","0.359","0.006","0.01920645"
"2012-03-17 10:00:00+00:00","0.325","0.05","0.01921875"
"2012-03-17 10:30:00+00:00","0.528","0.05","0.01844385"
"2012-03-17 11:00:00+00:00","0.766","0.05","0.01777965"
"2012-03-17 11:30:00+00:00","0.295","0.056","0.0178965"
"2012-03-17 12:00:00+00:00","0.169","0.038","0.0167649"
"2012-03-17 12:30:00+00:00","0.144","0.05","0.0169617"
"2012-03-17 13:00:00+00:00","0.205","0.119","0.01664805"
"2012-03-17 13:30:00+00:00","0.132","0.088","0.0166296"
"2012-03-17 14:00:00+00:00","0.189","0.075","0.0164943"
"2012-03-17 14:30:00+00:00","0.193","0.069","0.01650045"
"2012-03-17 15:00:00+00:00","0.13","0.094","0.01650045"
"2012-03-17 15:30:00+00:00","0.196","0.106","0.0163467"
"2012-03-17 16:00:00+00:00","0.169","0.063","0.0165804"
"2012-03-17 16:30:00+00:00","0.109","0.1","0.0158916"
"2012-03-17 17:00:00+00:00","0.141","0.069","0.01666035"
"2012-03-17 17:30:00+00:00","0.099","0.019","0.016359"
"2012-03-17 18:00:00+00:00","0.554","0.025","0.01700475"
"2012-03-17 18:30:00+00:00","1.016","0.006","0.018327"
"2012-03-17 19:00:00+00:00","1.346","0.0","0.01980915"
"2012-03-17 19:30:00+00:00","0.987","0.0","0.01947705"
"2012-03-17 20:00:00+00:00","0.287","0.0","0.01822245"
"2012-03-17 20:30:00+00:00","0.448","0.0","0.01688175"
"2012-03-17 21:00:00+00:00","0.464","0.0","0.01645125"
"2012-03-17 21:30:00+00:00","0.27","0.0","0.01650045"
"2012-03-17 22:00:00+00:00","0.41","0.0","0.0164697"
"2012-03-17 22:30:00+00:00","0.327","0.0","0.01723845"
"2012-03-17 23:00:00+00:00","0.203","0.0","0.016359"
"2012-03-17 23:30:00+00:00","0.192","0.0","0.015621"
"2012-03-18 00:00:00+00:00","0.062","0.0","0.0160515"
"2012-03-18 00:30:00+00:00","0.12","0.0","0.01385595"
"2012-03-18 01:00:00+00:00","0.115","0.0","0.01305645"
"2012-03-18 01:30:00+00:00","0.099","0.0","0.01311795"
"2012-03-18 02:00:00+00:00","0.209","0.0","0.0099138"
"2012-03-18 02:30:00+00:00","0.146","0.0","0.01217085"
"2012-03-18 03:00:00+00:00","0.151","0.0","0.0117957"
"2012-03-18 03:30:00+00:00","0.177","0.0","0.01224465"
"2012-03-18 04:00:00+00:00","0.132","0.0","0.01258905"
"2012-03-18 04:30:00+00:00","0.155","0.0","0.01224465"
"2012-03-18 05:00:00+00:00","0.167","0.0","0.01224465"
"2012-03-18 05:30:00+00:00","0.068","0.0","0.0123492"
"2012-03-18 06:00:00+00:00","0.133","0.0","0.0153504"
"2012-03-18 06:30:00+00:00","0.311","0.0","0.01197405"
"2012-03-18 07:00:00+00:00","0.449","0.0","0.01572555"
"2012-03-18 07:30:00+00:00","0.176","0.006","0.0167034"
"2012-03-18 08:00:00+00:00","0.685","0.019","0.01613145"
"2012-03-18 08:30:00+00:00","0.549","0.025","0.0168018"
"2012-03-18 09:00:00+00:00","0.153","0.05","0.019311"
"2012-03-18 09:30:00+00:00","0.202","0.344","0.01768125"
"2012-03-18 10:00:00+00:00","0.157","0.238","0.0176874"
"2012-03-18 10:30:00+00:00","0.089","0.294","0.01659885"
"2012-03-18 11:00:00+00:00","0.123","0.363","0.0163098"
"2012-03-18 11:30:00+00:00","0.142","0.2","0.0159531"
"2012-03-18 12:00:00+00:00","0.579","0.106","0.01651275"
"2012-03-18 12:30:00+00:00","0.265","0.55","0.01611915"
"2012-03-18 13:00:00+00:00","0.265","0.744","0.01555335"
"2012-03-18 13:30:00+00:00","0.216","0.888","0.01498755"
"2012-03-18 14:00:00+00:00","0.224","0.944","0.01503675"
"2012-03-18 14:30:00+00:00","0.281","0.556","0.01354845"
"2012-03-18 15:00:00+00:00","0.14","0.5","0.01543035"
"2012-03-18 15:30:00+00:00","0.177","0.638","0.0149691"
"2012-03-18 16:00:00+00:00","0.133","0.65","0.01557795"
"2012-03-18 16:30:00+00:00","0.175","0.369","0.01589775"
"2012-03-18 17:00:00+00:00","0.236","0.138","0.0162852"
"2012-03-18 17:30:00+00:00","0.22","0.181","0.01699245"
"2012-03-18 18:00:00+00:00","0.169","0.038","0.01664805"
"2012-03-18 18:30:00+00:00","0.394","0.025","0.01670955"
"2012-03-18 19:00:00+00:00","0.284","0.0","0.0167895"
"2012-03-18 19:30:00+00:00","0.239","0.0","0.01613145"
"2012-03-18 20:00:00+00:00","0.325","0.0","0.01560255"
"2012-03-18 20:30:00+00:00","0.337","0.0","0.0141696"
"2012-03-18 21:00:00+00:00","0.184","0.0","0.0123615"
"2012-03-18 21:30:00+00:00","0.229","0.0","0.01486455"
"2012-03-18 22:00:00+00:00","0.168","0.0","0.0129027"
"2012-03-18 22:30:00+00:00","0.181","0.0","0.01543035"
"2012-03-18 23:00:00+00:00","0.189","0.0","0.014391"
"2012-03-18 23:30:00+00:00","0.139","0.0","0.01460625"
"2012-03-19 00:00:00+00:00","0.18","0.0","0.0139113"
"2012-03-19 00:30:00+00:00","0.15","0.0","0.0136161"
"2012-03-19 01:00:00+00:00","0.142","0.0","0.0117465"
"2012-03-19 01:30:00+00:00","0.171","0.0","0.0104796"
"2012-03-19 02:00:00+00:00","0.135","0.0","0.01009215"
"2012-03-19 02:30:00+00:00","0.166","0.0","0.0082041"
"2012-03-19 03:00:00+00:00","0.151","0.0","0.0063714"
"2012-03-19 03:30:00+00:00","0.129","0.0","0.0064821"
"2012-03-19 04:00:00+00:00","0.179","0.0","0.007503"
"2012-03-19 04:30:00+00:00","0.12","0.0","0.0116604"
"2012-03-19 05:00:00+00:00","0.08","0.0","0.01396665"
"2012-03-19 05:30:00+00:00","0.118","0.0","0.017835"
"2012-03-19 06:00:00+00:00","0.064","0.0","0.0202581"
"2012-03-19 06:30:00+00:00","0.186","0.0","0.01806255"
"2012-03-19 07:00:00+00:00","0.285","0.0","0.0176259"
"2012-03-19 07:30:00+00:00","0.164","0.0","0.01594695"
"2012-03-19 08:00:00+00:00","0.237","0.025","0.0163098"
"2012-03-19 08:30:00+00:00","0.341","0.056","0.0165435"
"2012-03-19 09:00:00+00:00","0.271","0.1","0.0166542"
"2012-03-19 09:30:00+00:00","0.109","0.169","0.0167649"
"2012-03-19 10:00:00+00:00","0.305","0.256","0.01637745"
"2012-03-19 10:30:00+00:00","0.286","0.369","0.01707855"
"2012-03-19 11:00:00+00:00","0.629","0.481","0.01646355"
"2012-03-19 11:30:00+00:00","0.427","0.606","0.01646355"
"2012-03-19 12:00:00+00:00","0.109","0.681","0.01688175"
"2012-03-19 12:30:00+00:00","0.119","0.519","0.01752135"
"2012-03-19 13:00:00+00:00","0.191","0.456","0.0176628"
"2012-03-19 13:30:00+00:00","0.416","0.519","0.01777965"
"2012-03-19 14:00:00+00:00","0.176","0.463","0.01696785"
"2012-03-19 14:30:00+00:00","0.232","0.325","0.01682025"
"2012-03-19 15:00:00+00:00","0.143","0.306","0.01709085"
"2012-03-19 15:30:00+00:00","0.196","0.256","0.01782885"
"2012-03-19 16:00:00+00:00","0.179","0.144","0.01822245"
"2012-03-19 16:30:00+00:00","0.132","0.069","0.01894815"
"2012-03-19 17:00:00+00:00","0.438","0.075","0.0177735"
"2012-03-19 17:30:00+00:00","0.169","0.081","0.01696785"
"2012-03-19 18:00:00+00:00","0.181","0.044","0.01731225"
"2012-03-19 18:30:00+00:00","0.238","0.019","0.0178596"
"2012-03-19 19:00:00+00:00","0.264","0.0","0.01892355"
"2012-03-19 19:30:00+00:00","0.383","0.0","0.0178842"
"2012-03-19 20:00:00+00:00","0.562","0.0","0.0164697"
"2012-03-19 20:30:00+00:00","0.259","0.0","0.01598385"
"2012-03-19 21:00:00+00:00","0.212","0.0","0.01530735"
"2012-03-19 21:30:00+00:00","0.249","0.0","0.0155964"
"2012-03-19 22:00:00+00:00","0.258","0.0","0.0139113"
"2012-03-19 22:30:00+00:00","0.163","0.0","0.0167034"
"2012-03-19 23:00:00+00:00","0.197","0.0","0.01618065"
"2012-03-19 23:30:00+00:00","0.773","0.0","0.01583625"
"2012-03-20 00:00:00+00:00","0.301","0.0","0.01573785"
"2012-03-20 00:30:00+00:00","0.12","0.0","0.01434795"
"2012-03-20 01:00:00+00:00","0.114","0.0","0.0123369"
"2012-03-20 01:30:00+00:00","0.183","0.0","0.0112791"
"2012-03-20 02:00:00+00:00","0.171","0.0","0.00894825"
"2012-03-20 02:30:00+00:00","0.141","0.0","0.0066789"
"2012-03-20 03:00:00+00:00","0.212","0.0","0.0066051"
"2012-03-20 03:30:00+00:00","0.128","0.0","0.00704175"
"2012-03-20 04:00:00+00:00","0.175","0.0","0.00721395"
"2012-03-20 04:30:00+00:00","0.169","0.0","0.0116727"
"2012-03-20 05:00:00+00:00","0.086","0.0","0.01239225"
"2012-03-20 05:30:00+00:00","0.128","0.0","0.0176628"
"2012-03-20 06:00:00+00:00","0.121","0.0","0.0206025"
"2012-03-20 06:30:00+00:00","0.124","0.0","0.01743525"
"2012-03-20 07:00:00+00:00","0.37","0.0","0.01931715"
"2012-03-20 07:30:00+00:00","0.323","0.0","0.01621755"
"2012-03-20 08:00:00+00:00","0.301","0.025","0.0165435"
"2012-03-20 08:30:00+00:00","0.18","0.1","0.0176259"
"2012-03-20 09:00:00+00:00","0.107","0.294","0.01664805"
"2012-03-20 09:30:00+00:00","0.173","0.513","0.01645125"
"2012-03-20 10:00:00+00:00","0.12","0.625","0.0169863"
"2012-03-20 10:30:00+00:00","0.061","0.719","0.01652505"
"2012-03-20 11:00:00+00:00","0.133","0.781","0.01668495"
"2012-03-20 11:30:00+00:00","0.097","0.825","0.016605"
"2012-03-20 12:00:00+00:00","0.13","0.856","0.0169863"
"2012-03-20 12:30:00+00:00","0.164","0.875","0.0175029"
"2012-03-20 13:00:00+00:00","0.187","0.881","0.0185607"
"2012-03-20 13:30:00+00:00","0.121","0.706","0.01757055"
"2012-03-20 14:00:00+00:00","0.144","0.381","0.0166911"
"2012-03-20 14:30:00+00:00","0.175","0.506","0.01647585"
"2012-03-20 15:00:00+00:00","0.189","0.425","0.0169248"
"2012-03-20 15:30:00+00:00","0.111","0.419","0.0165804"
"2012-03-20 16:00:00+00:00","0.132","0.363","0.01947705"
"2012-03-20 16:30:00+00:00","0.125","0.313","0.0202581"
"2012-03-20 17:00:00+00:00","0.092","0.169","0.02098995"
"2012-03-20 17:30:00+00:00","0.062","0.1","0.0183639"
"2012-03-20 18:00:00+00:00","0.291","0.069","0.01918185"
"2012-03-20 18:30:00+00:00","0.284","0.019","0.0197169"
"2012-03-20 19:00:00+00:00","0.259","0.0","0.02052255"
"2012-03-20 19:30:00+00:00","0.419","0.0","0.01909575"
"2012-03-20 20:00:00+00:00","0.231","0.0","0.0168387"
"2012-03-20 20:30:00+00:00","0.212","0.0","0.01634055"
"2012-03-20 21:00:00+00:00","0.21","0.0","0.01599615"
"2012-03-20 21:30:00+00:00","0.329","0.0","0.01589775"
"2012-03-20 22:00:00+00:00","0.175","0.0","0.0157317"
"2012-03-20 22:30:00+00:00","0.119","0.0","0.01705395"
"2012-03-20 23:00:00+00:00","0.204","0.0","0.0164082"
"2012-03-20 23:30:00+00:00","0.145","0.0","0.01630365"
"2012-03-21 00:00:00+00:00","0.123","0.0","0.0169494"
"2012-03-21 00:30:00+00:00","0.163","0.0","0.01554105"
"2012-03-21 01:00:00+00:00","0.155","0.0","0.0146616"
"2012-03-21 01:30:00+00:00","0.106","0.0","0.01415115"
"2012-03-21 02:00:00+00:00","0.127","0.0","0.0123492"
"2012-03-21 02:30:00+00:00","0.086","0.006","0.0102951"
"2012-03-21 03:00:00+00:00","0.065","0.0","0.00913275"
"2012-03-21 03:30:00+00:00","0.137","0.0","0.00907125"
"2012-03-21 04:00:00+00:00","0.162","0.0","0.0088068"
"2012-03-21 04:30:00+00:00","0.106","0.0","0.01234305"
"2012-03-21 05:00:00+00:00","0.18","0.0","0.01240455"
"2012-03-21 05:30:00+00:00","0.137","0.0","0.01781655"
"2012-03-21 06:00:00+00:00","0.127","0.0","0.0195939"
"2012-03-21 06:30:00+00:00","0.182","0.0","0.01793955"
"2012-03-21 07:00:00+00:00","0.319","0.0","0.0188313"
"2012-03-21 07:30:00+00:00","0.128","0.0","0.0162114"
"2012-03-21 08:00:00+00:00","0.452","0.025","0.0162729"
"2012-03-21 08:30:00+00:00","0.246","0.119","0.01685715"
"2012-03-21 09:00:00+00:00","0.636","0.144","0.0174537"
"2012-03-21 09:30:00+00:00","0.265","0.175","0.0181179"
"2012-03-21 10:00:00+00:00","0.168","0.131","0.016482"
"2012-03-21 10:30:00+00:00","0.11","0.219","0.016605"
"2012-03-21 11:00:00+00:00","0.173","0.281","0.01747215"
"2012-03-21 11:30:00+00:00","0.161","0.263","0.0180441"
"2012-03-21 12:00:00+00:00","0.192","0.288","0.01763205"
"2012-03-21 12:30:00+00:00","0.345","0.438","0.01844385"
"2012-03-21 13:00:00+00:00","0.144","0.563","0.01921875"
"2012-03-21 13:30:00+00:00","0.069","0.569","0.0181056"
"2012-03-21 14:00:00+00:00","0.089","0.419","0.0185361"
"2012-03-21 14:30:00+00:00","0.132","0.494","0.0179703"
"2012-03-21 15:00:00+00:00","0.133","0.469","0.01862835"
"2012-03-21 15:30:00+00:00","0.239","0.381","0.01948935"
"2012-03-21 16:00:00+00:00","0.235","0.6","0.01923105"
"2012-03-21 16:30:00+00:00","0.286","0.544","0.0208854"
"2012-03-21 17:00:00+00:00","0.211","0.319","0.0206271"
"2012-03-21 17:30:00+00:00","0.255","0.188","0.01798875"
"2012-03-21 18:00:00+00:00","1.17","0.194","0.0210945"
"2012-03-21 18:30:00+00:00","0.35","0.025","0.02234295"
"2012-03-21 19:00:00+00:00","0.162","0.0","0.02263815"
"2012-03-21 19:30:00+00:00","0.299","0.0","0.01955085"
"2012-03-21 20:00:00+00:00","0.373","0.0","0.020664"
"2012-03-21 20:30:00+00:00","0.207","0.0","0.01848075"
"2012-03-21 21:00:00+00:00","0.216","0.0","0.01688175"
"2012-03-21 21:30:00+00:00","0.319","0.0","0.0167895"
"2012-03-21 22:00:00+00:00","0.238","0.0","0.0158916"
"2012-03-21 22:30:00+00:00","0.679","0.0","0.0197046"
"2012-03-21 23:00:00+00:00","0.508","0.0","0.01800105"
"2012-03-21 23:30:00+00:00","0.14","0.0","0.0179703"
"2012-03-22 00:00:00+00:00","0.145","0.0","0.01824705"
"2012-03-22 00:30:00+00:00","0.164","0.0","0.0173799"
"2012-03-22 01:00:00+00:00","0.092","0.0","0.0161007"
"2012-03-22 01:30:00+00:00","0.063","0.0","0.0163344"
"2012-03-22 02:00:00+00:00","0.131","0.0","0.0151782"
"2012-03-22 02:30:00+00:00","0.102","0.0","0.01408965"
"2012-03-22 03:00:00+00:00","0.159","0.0","0.01233075"
"2012-03-22 03:30:00+00:00","0.171","0.0","0.0139359"
"2012-03-22 04:00:00+00:00","0.129","0.0","0.0133209"
"2012-03-22 04:30:00+00:00","0.141","0.0","0.0160515"
"2012-03-22 05:00:00+00:00","0.183","0.0","0.01693095"
"2012-03-22 05:30:00+00:00","0.109","0.0","0.0206148"
"2012-03-22 06:00:00+00:00","0.162","0.0","0.0236406"
"2012-03-22 06:30:00+00:00","0.156","0.0","0.021033"
"2012-03-22 07:00:00+00:00","0.213","0.0","0.0228903"
"2012-03-22 07:30:00+00:00","0.119","0.0","0.0173307"
"2012-03-22 08:00:00+00:00","0.102","0.0","0.01710315"
"2012-03-22 08:30:00+00:00","0.141","0.006","0.0198276"
"2012-03-22 09:00:00+00:00","0.218","0.019","0.01856685"
"2012-03-22 09:30:00+00:00","0.112","0.031","0.02033805"
"2012-03-22 10:00:00+00:00","0.148","0.094","0.01848075"
"2012-03-22 10:30:00+00:00","0.162","0.2","0.01715235"
"2012-03-22 11:00:00+00:00","0.191","0.181","0.01691865"
"2012-03-22 11:30:00+00:00","0.165","0.313","0.0176382"
"2012-03-22 12:00:00+00:00","0.12","0.181","0.01658655"
"2012-03-22 12:30:00+00:00","0.057","0.169","0.0174906"
"2012-03-22 13:00:00+00:00","0.124","0.188","0.01827165"
"2012-03-22 13:30:00+00:00","0.085","0.2","0.01846845"
"2012-03-22 14:00:00+00:00","0.444","0.144","0.01797645"
"2012-03-22 14:30:00+00:00","0.239","0.094","0.0180933"
"2012-03-22 15:00:00+00:00","0.222","0.15","0.01650045"
"2012-03-22 15:30:00+00:00","0.174","0.131","0.01686945"
"2012-03-22 16:00:00+00:00","0.301","0.113","0.0173184"
"2012-03-22 16:30:00+00:00","0.26","0.156","0.01727535"
"2012-03-22 17:00:00+00:00","0.232","0.056","0.0180933"
"2012-03-22 17:30:00+00:00","0.193","0.019","0.01780425"
"2012-03-22 18:00:00+00:00","0.195","0.013","0.01888665"
"2012-03-22 18:30:00+00:00","0.294","0.0","0.01941555"
"2012-03-22 19:00:00+00:00","0.257","0.0","0.019557"
"2012-03-22 19:30:00+00:00","0.323","0.0","0.01852995"
"2012-03-22 20:00:00+00:00","0.166","0.0","0.0176751"
"2012-03-22 20:30:00+00:00","0.142","0.0","0.01626675"
"2012-03-22 21:00:00+00:00","0.203","0.0","0.0158424"
"2012-03-22 21:30:00+00:00","0.286","0.0","0.0161499"
"2012-03-22 22:00:00+00:00","0.138","0.0","0.01394205"
"2012-03-22 22:30:00+00:00","0.178","0.0","0.0164082"
"2012-03-22 23:00:00+00:00","0.143","0.0","0.01616835"
"2012-03-22 23:30:00+00:00","0.135","0.0","0.0162729"
"2012-03-23 00:00:00+00:00","0.181","0.0","0.0159162"
"2012-03-23 00:30:00+00:00","0.114","0.0","0.0146247"
"2012-03-23 01:00:00+00:00","0.08","0.0","0.01378215"
"2012-03-23 01:30:00+00:00","0.125","0.0","0.0162606"
"2012-03-23 02:00:00+00:00","0.056","0.0","0.01085475"
"2012-03-23 02:30:00+00:00","0.131","0.0","0.0093726"
"2012-03-23 03:00:00+00:00","0.157","0.0","0.008856"
"2012-03-23 03:30:00+00:00","0.111","0.0","0.0087945"
"2012-03-23 04:00:00+00:00","0.186","0.0","0.00964935"
"2012-03-23 04:30:00+00:00","0.118","0.0","0.01224465"
"2012-03-23 05:00:00+00:00","0.152","0.0","0.0125706"
"2012-03-23 05:30:00+00:00","0.153","0.0","0.01845"
"2012-03-23 06:00:00+00:00","0.121","0.0","0.01926795"
"2012-03-23 06:30:00+00:00","0.227","0.0","0.01774275"
"2012-03-23 07:00:00+00:00","0.159","0.0","0.0189789"
"2012-03-23 07:30:00+00:00","0.068","0.0","0.01749675"
"2012-03-23 08:00:00+00:00","0.159","0.013","0.0172815"
"2012-03-23 08:30:00+00:00","0.142","0.038","0.01792725"
"2012-03-23 09:00:00+00:00","0.363","0.3","0.01886205"
"2012-03-23 09:30:00+00:00","0.203","0.5","0.01931715"
"2012-03-23 10:00:00+00:00","0.128","0.606","0.01935405"
"2012-03-23 10:30:00+00:00","0.199","0.7","0.01745985"
"2012-03-23 11:00:00+00:00","0.223","0.763","0.01618065"
"2012-03-23 11:30:00+00:00","0.206","0.819","0.01669725"
"2012-03-23 12:00:00+00:00","0.129","0.788","0.01594695"
"2012-03-23 12:30:00+00:00","0.246","0.813","0.0171339"
"2012-03-23 13:00:00+00:00","0.455","0.831","0.0158916"
"2012-03-23 13:30:00+00:00","0.189","0.906","0.01568865"
"2012-03-23 14:00:00+00:00","0.182","0.881","0.0165681"
"2012-03-23 14:30:00+00:00","0.258","0.85","0.01629135"
"2012-03-23 15:00:00+00:00","0.228","0.8","0.01606995"
"2012-03-23 15:30:00+00:00","0.314","0.731","0.02025195"
"2012-03-23 16:00:00+00:00","0.229","0.65","0.01546725"
"2012-03-23 16:30:00+00:00","0.24","0.544","0.014391"
"2012-03-23 17:00:00+00:00","0.176","0.431","0.01453245"
"2012-03-23 17:30:00+00:00","0.621","0.3","0.0151413"
"2012-03-23 18:00:00+00:00","0.656","0.156","0.0155103"
"2012-03-23 18:30:00+00:00","0.202","0.019","0.01832085"
"2012-03-23 19:00:00+00:00","0.19","0.0","0.0218448"
"2012-03-23 19:30:00+00:00","0.388","0.0","0.0192987"
"2012-03-23 20:00:00+00:00","0.193","0.0","0.0184992"
"2012-03-23 20:30:00+00:00","0.247","0.0","0.0172077"
"2012-03-23 21:00:00+00:00","0.181","0.0","0.0158916"
"2012-03-23 21:30:00+00:00","0.209","0.0","0.01599"
"2012-03-23 22:00:00+00:00","0.187","0.0","0.0150675"
"2012-03-23 22:30:00+00:00","0.141","0.0","0.0177243"
"2012-03-23 23:00:00+00:00","0.18","0.0","0.0163098"
"2012-03-23 23:30:00+00:00","1.038","0.0","0.0162852"
"2012-03-24 00:00:00+00:00","0.108","0.0","0.0156087"
"2012-03-24 00:30:00+00:00","0.11","0.0","0.0145263"
"2012-03-24 01:00:00+00:00","0.1","0.0","0.014268"
"2012-03-24 01:30:00+00:00","0.071","0.0","0.01573785"
"2012-03-24 02:00:00+00:00","0.167","0.0","0.01354845"
"2012-03-24 02:30:00+00:00","0.153","0.0","0.0132348"
"2012-03-24 03:00:00+00:00","0.139","0.0","0.01090395"
"2012-03-24 03:30:00+00:00","0.177","0.0","0.0117342"
"2012-03-24 04:00:00+00:00","0.116","0.0","0.01110075"
"2012-03-24 04:30:00+00:00","0.168","0.0","0.01224465"
"2012-03-24 05:00:00+00:00","0.096","0.0","0.01247835"
"2012-03-24 05:30:00+00:00","0.07","0.0","0.0140466"
"2012-03-24 06:00:00+00:00","0.107","0.0","0.0135423"
"2012-03-24 06:30:00+00:00","0.063","0.0","0.01529505"
"2012-03-24 07:00:00+00:00","0.134","0.0","0.01641435"
"2012-03-24 07:30:00+00:00","0.171","0.0","0.0164697"
"2012-03-24 08:00:00+00:00","0.124","0.006","0.01666035"
"2012-03-24 08:30:00+00:00","0.18","0.025","0.01642665"
"2012-03-24 09:00:00+00:00","0.13","0.338","0.0180687"
"2012-03-24 09:30:00+00:00","0.21","0.55","0.0173676"
"2012-03-24 10:00:00+00:00","0.174","0.656","0.01635285"
"2012-03-24 10:30:00+00:00","0.067","0.75","0.01551645"
"2012-03-24 11:00:00+00:00","0.125","0.813","0.01581165"
"2012-03-24 11:30:00+00:00","0.091","0.869","0.01606995"
"2012-03-24 12:00:00+00:00","0.156","0.888","0.01603305"
"2012-03-24 12:30:00+00:00","0.167","0.913","0.0151413"
"2012-03-24 13:00:00+00:00","0.119","0.919","0.0148338"
"2012-03-24 13:30:00+00:00","0.156","0.9","0.0143295"
"2012-03-24 14:00:00+00:00","0.292","0.875","0.0137637"
"2012-03-24 14:30:00+00:00","0.166","0.844","0.01247835"
"2012-03-24 15:00:00+00:00","0.207","0.788","0.01338855"
"2012-03-24 15:30:00+00:00","0.205","0.713","0.0133578"
"2012-03-24 16:00:00+00:00","0.16","0.631","0.0137391"
"2012-03-24 16:30:00+00:00","0.191","0.544","0.01385595"
"2012-03-24 17:00:00+00:00","0.172","0.425","0.01413885"
"2012-03-24 17:30:00+00:00","0.312","0.3","0.01396665"
"2012-03-24 18:00:00+00:00","0.392","0.15","0.01474155"
"2012-03-24 18:30:00+00:00","0.321","0.013","0.01721385"
"2012-03-24 19:00:00+00:00","0.163","0.0","0.0177243"
"2012-03-24 19:30:00+00:00","0.249","0.0","0.01619295"
"2012-03-24 20:00:00+00:00","0.315","0.0","0.0162237"
"2012-03-24 20:30:00+00:00","0.177","0.0","0.0158055"
"2012-03-24 21:00:00+00:00","0.242","0.0","0.0153135"
"2012-03-24 21:30:00+00:00","0.206","0.0","0.0156825"
"2012-03-24 22:00:00+00:00","0.248","0.0","0.0147108"
"2012-03-24 22:30:00+00:00","0.124","0.0","0.01658655"
"2012-03-24 23:00:00+00:00","0.075","0.0","0.01471695"
"2012-03-24 23:30:00+00:00","0.118","0.0","0.0154242"
"2012-03-25 00:00:00+00:00","0.127","0.0","0.0144156"
"2012-03-25 00:30:00+00:00","0.147","0.0","0.01401585"
"2012-03-25 01:00:00+00:00","0.15","0.0","0.01340085"
"2012-03-25 01:30:00+00:00","0.121","0.0","0.0135669"
"2012-03-25 02:00:00+00:00","0.164","0.0","0.0097293"
"2012-03-25 02:30:00+00:00","0.125","0.0","0.0115005"
"2012-03-25 03:00:00+00:00","0.116","0.0","0.01123605"
"2012-03-25 03:30:00+00:00","0.089","0.0","0.01153125"
"2012-03-25 04:00:00+00:00","0.061","0.0","0.0116112"
"2012-03-25 04:30:00+00:00","0.112","0.0","0.0121893"
"2012-03-25 05:00:00+00:00","0.116","0.0","0.01224465"
"2012-03-25 05:30:00+00:00","0.147","0.0","0.01247835"
"2012-03-25 06:00:00+00:00","0.223","0.0","0.0122016"
"2012-03-25 06:30:00+00:00","0.129","0.0","0.0113898"
"2012-03-25 07:00:00+00:00","0.174","0.0","0.01388055"
"2012-03-25 07:30:00+00:00","0.124","0.0","0.0148215"
"2012-03-25 08:00:00+00:00","0.12","0.019","0.01455705"
"2012-03-25 08:30:00+00:00","0.061","0.056","0.01588545"
"2012-03-25 09:00:00+00:00","0.451","0.313","0.01701705"
"2012-03-25 09:30:00+00:00","0.092","0.206","0.0164205"
"2012-03-25 10:00:00+00:00","0.131","0.206","0.01582395"
"2012-03-25 10:30:00+00:00","0.232","0.25","0.01629135"
"2012-03-25 11:00:00+00:00","0.188","0.3","0.01432335"
"2012-03-25 11:30:00+00:00","0.177","0.763","0.01373295"
"2012-03-25 12:00:00+00:00","0.128","0.881","0.0144033"
"2012-03-25 12:30:00+00:00","0.133","0.888","0.01340085"
"2012-03-25 13:00:00+00:00","0.176","0.888","0.01364685"
"2012-03-25 13:30:00+00:00","0.044","0.875","0.01360995"
"2012-03-25 14:00:00+00:00","0.114","0.775","0.0136161"
"2012-03-25 14:30:00+00:00","0.09","0.819","0.0135792"
"2012-03-25 15:00:00+00:00","0.099","0.75","0.01386825"
"2012-03-25 15:30:00+00:00","0.165","0.725","0.0143664"
"2012-03-25 16:00:00+00:00","0.173","0.631","0.0153381"
"2012-03-25 16:30:00+00:00","0.106","0.338","0.0157194"
"2012-03-25 17:00:00+00:00","0.169","0.063","0.01641435"
"2012-03-25 17:30:00+00:00","0.155","0.063","0.016359"
"2012-03-25 18:00:00+00:00","0.305","0.025","0.01657425"
"2012-03-25 18:30:00+00:00","0.25","0.019","0.0163467"
"2012-03-25 19:00:00+00:00","0.216","0.0","0.0166419"
"2012-03-25 19:30:00+00:00","0.312","0.0","0.0164451"
"2012-03-25 20:00:00+00:00","0.238","0.0","0.01573785"
"2012-03-25 20:30:00+00:00","0.245","0.0","0.01560255"
"2012-03-25 21:00:00+00:00","0.255","0.0","0.01416345"
"2012-03-25 21:30:00+00:00","0.208","0.0","0.013899"
"2012-03-25 22:00:00+00:00","0.088","0.0","0.01412655"
"2012-03-25 22:30:00+00:00","0.1","0.0","0.014637"
"2012-03-25 23:00:00+00:00","0.126","0.0","0.01428645"
"2012-03-25 23:30:00+00:00","0.085","0.0","0.01448325"
"2012-03-26 00:00:00+00:00","0.161","0.0","0.0142803"
"2012-03-26 00:30:00+00:00","0.152","0.0","0.0131241"
"2012-03-26 01:00:00+00:00","0.112","0.0","0.01210935"
"2012-03-26 01:30:00+00:00","0.178","0.0","0.0121278"
"2012-03-26 02:00:00+00:00","0.136","0.0","0.0106887"
"2012-03-26 02:30:00+00:00","0.123","0.0","0.00939105"
"2012-03-26 03:00:00+00:00","0.178","0.0","0.0096063"
"2012-03-26 03:30:00+00:00","0.065","0.0","0.01170345"
"2012-03-26 04:00:00+00:00","0.083","0.0","0.0122139"
"2012-03-26 04:30:00+00:00","0.098","0.0","0.01283505"
"2012-03-26 05:00:00+00:00","0.066","0.0","0.0152028"
"2012-03-26 05:30:00+00:00","0.16","0.0","0.01920645"
"2012-03-26 06:00:00+00:00","0.143","0.0","0.01910805"
"2012-03-26 06:30:00+00:00","0.107","0.0","0.01932945"
"2012-03-26 07:00:00+00:00","0.199","0.0","0.0188805"
"2012-03-26 07:30:00+00:00","0.132","0.0","0.0167895"
"2012-03-26 08:00:00+00:00","0.303","0.019","0.019311"
"2012-03-26 08:30:00+00:00","0.1","0.081","0.0186591"
"2012-03-26 09:00:00+00:00","0.066","0.15","0.01916955"
"2012-03-26 09:30:00+00:00","0.086","0.369","0.019065"
"2012-03-26 10:00:00+00:00","0.139","0.569","0.01921875"
"2012-03-26 10:30:00+00:00","0.203","0.763","0.0192003"
"2012-03-26 11:00:00+00:00","0.186","0.588","0.0192495"
"2012-03-26 11:30:00+00:00","0.175","0.475","0.01905885"
"2012-03-26 12:00:00+00:00","0.22","0.663","0.0187083"
"2012-03-26 12:30:00+00:00","0.274","0.838","0.01876365"
"2012-03-26 13:00:00+00:00","0.458","0.813","0.01845615"
"2012-03-26 13:30:00+00:00","1.012","0.65","0.01864065"
"2012-03-26 14:00:00+00:00","0.256","0.681","0.0181671"
"2012-03-26 14:30:00+00:00","0.181","0.369","0.0177489"
"2012-03-26 15:00:00+00:00","0.164","0.538","0.0184746"
"2012-03-26 15:30:00+00:00","0.08","0.294","0.01924335"
"2012-03-26 16:00:00+00:00","0.184","0.306","0.01928025"
"2012-03-26 16:30:00+00:00","0.176","0.238","0.0195693"
"2012-03-26 17:00:00+00:00","0.27","0.125","0.0194463"
"2012-03-26 17:30:00+00:00","0.18","0.231","0.0189297"
"2012-03-26 18:00:00+00:00","0.26","0.1","0.01980915"
"2012-03-26 18:30:00+00:00","0.308","0.019","0.02037495"
"2012-03-26 19:00:00+00:00","0.3","0.0","0.0212667"
"2012-03-26 19:30:00+00:00","0.199","0.0","0.019311"
"2012-03-26 20:00:00+00:00","0.301","0.0","0.01780425"
"2012-03-26 20:30:00+00:00","0.164","0.0","0.01616835"
"2012-03-26 21:00:00+00:00","0.17","0.0","0.01575015"
"2012-03-26 21:30:00+00:00","0.301","0.0","0.0159654"
"2012-03-26 22:00:00+00:00","0.178","0.0","0.01550415"
"2012-03-26 22:30:00+00:00","0.144","0.0","0.01705395"
"2012-03-26 23:00:00+00:00","0.177","0.0","0.01604535"
"2012-03-26 23:30:00+00:00","0.147","0.0","0.01606995"
"2012-03-27 00:00:00+00:00","0.127","0.0","0.01588545"
"2012-03-27 00:30:00+00:00","0.161","0.0","0.0150429"
"2012-03-27 01:00:00+00:00","0.074","0.0","0.01353615"
"2012-03-27 01:30:00+00:00","0.082","0.0","0.0138252"
"2012-03-27 02:00:00+00:00","0.102","0.0","0.01193715"
"2012-03-27 02:30:00+00:00","0.084","0.0","0.01197405"
"2012-03-27 03:00:00+00:00","0.184","0.0","0.0124722"
"2012-03-27 03:30:00+00:00","0.133","0.0","0.01234305"
"2012-03-27 04:00:00+00:00","0.137","0.0","0.0128166"
"2012-03-27 04:30:00+00:00","0.177","0.0","0.014514"
"2012-03-27 05:00:00+00:00","0.105","0.0","0.0180933"
"2012-03-27 05:30:00+00:00","0.151","0.0","0.01827165"
"2012-03-27 06:00:00+00:00","0.074","0.0","0.0182532"
"2012-03-27 06:30:00+00:00","0.221","0.0","0.0185361"
"2012-03-27 07:00:00+00:00","0.116","0.0","0.01932945"
"2012-03-27 07:30:00+00:00","0.116","0.0","0.01919415"
"2012-03-27 08:00:00+00:00","0.237","0.05","0.0188805"
"2012-03-27 08:30:00+00:00","0.272","0.05","0.01931715"
"2012-03-27 09:00:00+00:00","0.121","0.213","0.0193479"
"2012-03-27 09:30:00+00:00","0.162","0.5","0.0187944"
"2012-03-27 10:00:00+00:00","0.14","0.531","0.0192495"
"2012-03-27 10:30:00+00:00","0.081","0.694","0.0186837"
"2012-03-27 11:00:00+00:00","0.117","0.575","0.01915725"
"2012-03-27 11:30:00+00:00","0.081","0.563","0.01937865"
"2012-03-27 12:00:00+00:00","0.091","0.694","0.01937865"
"2012-03-27 12:30:00+00:00","0.187","0.713","0.01931715"
"2012-03-27 13:00:00+00:00","0.137","0.85","0.01923105"
"2012-03-27 13:30:00+00:00","0.303","0.831","0.0193479"
"2012-03-27 14:00:00+00:00","0.319","0.825","0.01921875"
"2012-03-27 14:30:00+00:00","0.239","0.788","0.0192372"
"2012-03-27 15:00:00+00:00","0.19","0.719","0.0190773"
"2012-03-27 15:30:00+00:00","0.223","0.675","0.0192618"
"2012-03-27 16:00:00+00:00","0.232","0.425","0.01859145"
"2012-03-27 16:30:00+00:00","0.195","0.513","0.0185115"
"2012-03-27 17:00:00+00:00","0.212","0.406","0.0189912"
"2012-03-27 17:30:00+00:00","0.403","0.269","0.01752135"
"2012-03-27 18:00:00+00:00","0.375","0.069","0.01785345"
"2012-03-27 18:30:00+00:00","0.197","0.013","0.01884975"
"2012-03-27 19:00:00+00:00","0.239","0.0","0.0190404"
"2012-03-27 19:30:00+00:00","0.216","0.0","0.0181302"
"2012-03-27 20:00:00+00:00","0.324","0.0","0.0182163"
"2012-03-27 20:30:00+00:00","0.21","0.0","0.0164451"
"2012-03-27 21:00:00+00:00","0.215","0.0","0.0160761"
"2012-03-27 21:30:00+00:00","0.136","0.0","0.01600845"
"2012-03-27 22:00:00+00:00","0.206","0.0","0.0156456"
"2012-03-27 22:30:00+00:00","0.135","0.0","0.01684485"
"2012-03-27 23:00:00+00:00","0.147","0.0","0.0163098"
"2012-03-27 23:30:00+00:00","0.176","0.0","0.0164328"
"2012-03-28 00:00:00+00:00","0.322","0.0","0.0160761"
"2012-03-28 00:30:00+00:00","0.782","0.0","0.0159408"
"2012-03-28 01:00:00+00:00","0.118","0.0","0.01575015"
"2012-03-28 01:30:00+00:00","0.051","0.0","0.016113"
"2012-03-28 02:00:00+00:00","0.113","0.0","0.01416345"
"2012-03-28 02:30:00+00:00","0.136","0.0","0.0133086"
"2012-03-28 03:00:00+00:00","0.134","0.0","0.01269975"
"2012-03-28 03:30:00+00:00","0.183","0.0","0.01224465"
"2012-03-28 04:00:00+00:00","0.136","0.0","0.0144402"
"2012-03-28 04:30:00+00:00","0.138","0.0","0.0138621"
"2012-03-28 05:00:00+00:00","0.174","0.0","0.0156825"
"2012-03-28 05:30:00+00:00","0.107","0.0","0.0176382"
"2012-03-28 06:00:00+00:00","0.132","0.0","0.01824705"
"2012-03-28 06:30:00+00:00","0.102","0.0","0.01830855"
"2012-03-28 07:00:00+00:00","0.295","0.0","0.0189174"
"2012-03-28 07:30:00+00:00","0.228","0.0","0.0163098"
"2012-03-28 08:00:00+00:00","0.228","0.013","0.01631595"
"2012-03-28 08:30:00+00:00","0.201","0.1","0.01757055"
"2012-03-28 09:00:00+00:00","0.167","0.175","0.0181425"
"2012-03-28 09:30:00+00:00","0.185","0.213","0.0190896"
"2012-03-28 10:00:00+00:00","0.114","0.456","0.0192495"
"2012-03-28 10:30:00+00:00","0.156","0.544","0.0191388"
"2012-03-28 11:00:00+00:00","0.16","0.281","0.01838235"
"2012-03-28 11:30:00+00:00","0.091","0.275","0.0177981"
"2012-03-28 12:00:00+00:00","0.09","0.456","0.0177489"
"2012-03-28 12:30:00+00:00","0.115","0.494","0.01749675"
"2012-03-28 13:00:00+00:00","0.071","0.656","0.0166173"
"2012-03-28 13:30:00+00:00","0.165","0.556","0.01765665"
"2012-03-28 14:00:00+00:00","0.187","0.9","0.01755825"
"2012-03-28 14:30:00+00:00","0.12","0.713","0.01619295"
"2012-03-28 15:00:00+00:00","0.168","0.275","0.01757055"
"2012-03-28 15:30:00+00:00","0.166","0.463","0.017343"
"2012-03-28 16:00:00+00:00","0.13","0.394","0.01764435"
"2012-03-28 16:30:00+00:00","0.141","0.375","0.0177489"
"2012-03-28 17:00:00+00:00","0.163","0.238","0.01785345"
"2012-03-28 17:30:00+00:00","0.063","0.106","0.0162852"
"2012-03-28 18:00:00+00:00","0.139","0.05","0.01699245"
"2012-03-28 18:30:00+00:00","0.251","0.019","0.01860375"
"2012-03-28 19:00:00+00:00","0.258","0.0","0.01969845"
"2012-03-28 19:30:00+00:00","0.398","0.0","0.01957545"
"2012-03-28 20:00:00+00:00","0.274","0.0","0.0196677"
"2012-03-28 20:30:00+00:00","0.231","0.0","0.0173799"
"2012-03-28 21:00:00+00:00","0.417","0.0","0.0165066"
"2012-03-28 21:30:00+00:00","0.294","0.0","0.01709085"
"2012-03-28 22:00:00+00:00","0.136","0.0","0.0159285"
"2012-03-28 22:30:00+00:00","0.19","0.0","0.0182286"
"2012-03-28 23:00:00+00:00","0.157","0.0","0.0161622"
"2012-03-28 23:30:00+00:00","0.129","0.0","0.01654965"
"2012-03-29 00:00:00+00:00","0.179","0.0","0.015744"
"2012-03-29 00:30:00+00:00","0.167","0.0","0.015129"
"2012-03-29 01:00:00+00:00","0.084","0.0","0.01522125"
"2012-03-29 01:30:00+00:00","0.135","0.0","0.01493835"
"2012-03-29 02:00:00+00:00","0.084","0.0","0.011808"
"2012-03-29 02:30:00+00:00","0.087","0.0","0.01044885"
"2012-03-29 03:00:00+00:00","0.184","0.0","0.00900975"
"2012-03-29 03:30:00+00:00","0.141","0.0","0.0107994"
"2012-03-29 04:00:00+00:00","0.146","0.0","0.0112176"
"2012-03-29 04:30:00+00:00","0.175","0.0","0.01353"
"2012-03-29 05:00:00+00:00","0.117","0.0","0.0160392"
"2012-03-29 05:30:00+00:00","0.18","0.0","0.01989525"
"2012-03-29 06:00:00+00:00","0.112","0.0","0.01953855"
"2012-03-29 06:30:00+00:00","0.094","0.0","0.0209469"
"2012-03-29 07:00:00+00:00","0.122","0.0","0.0258669"
"2012-03-29 07:30:00+00:00","0.373","0.0","0.01884975"
"2012-03-29 08:00:00+00:00","0.472","0.006","0.01915725"
"2012-03-29 08:30:00+00:00","0.2","0.044","0.01952625"
"2012-03-29 09:00:00+00:00","0.11","0.325","0.0193479"
"2012-03-29 09:30:00+00:00","0.178","0.494","0.0193356"
"2012-03-29 10:00:00+00:00","0.131","0.538","0.0193356"
"2012-03-29 10:30:00+00:00","0.138","0.663","0.01934175"
"2012-03-29 11:00:00+00:00","0.167","0.744","0.01940325"
"2012-03-29 11:30:00+00:00","0.048","0.775","0.0197784"
"2012-03-29 12:00:00+00:00","0.101","0.806","0.01908345"
"2012-03-29 12:30:00+00:00","0.116","0.825","0.0192987"
"2012-03-29 13:00:00+00:00","0.103","0.825","0.0193725"
"2012-03-29 13:30:00+00:00","0.157","0.825","0.02005515"
"2012-03-29 14:00:00+00:00","0.187","0.8","0.0212298"
"2012-03-29 14:30:00+00:00","0.126","0.769","0.02106375"
"2012-03-29 15:00:00+00:00","0.145","0.725","0.01961235"
"2012-03-29 15:30:00+00:00","0.179","0.669","0.01936635"
"2012-03-29 16:00:00+00:00","0.147","0.588","0.02032575"
"2012-03-29 16:30:00+00:00","0.113","0.4","0.0193479"
"2012-03-29 17:00:00+00:00","0.161","0.063","0.0193479"
"2012-03-29 17:30:00+00:00","0.808","0.05","0.01729995"
"2012-03-29 18:00:00+00:00","0.542","0.019","0.01868985"
"2012-03-29 18:30:00+00:00","0.851","0.006","0.0198399"
"2012-03-29 19:00:00+00:00","0.519","0.0","0.01899735"
"2012-03-29 19:30:00+00:00","0.223","0.0","0.01699245"
"2012-03-29 20:00:00+00:00","0.357","0.0","0.01656195"
"2012-03-29 20:30:00+00:00","0.345","0.0","0.01572555"
"2012-03-29 21:00:00+00:00","0.282","0.0","0.01640205"
"2012-03-29 21:30:00+00:00","0.238","0.0","0.01706625"
"2012-03-29 22:00:00+00:00","0.203","0.0","0.01602075"
"2012-03-29 22:30:00+00:00","0.185","0.0","0.0168387"
"2012-03-29 23:00:00+00:00","0.11","0.0","0.01575015"
"2012-03-29 23:30:00+00:00","0.188","0.0","0.0158424"
"2012-03-30 00:00:00+00:00","0.146","0.0","0.0150306"
"2012-03-30 00:30:00+00:00","0.115","0.0","0.01380675"
"2012-03-30 01:00:00+00:00","0.174","0.0","0.0148461"
"2012-03-30 01:30:00+00:00","0.162","0.0","0.01431105"
"2012-03-30 02:00:00+00:00","0.106","0.0","0.0123615"
"2012-03-30 02:30:00+00:00","0.121","0.0","0.01006755"
"2012-03-30 03:00:00+00:00","0.089","0.0","0.01213395"
"2012-03-30 03:30:00+00:00","0.059","0.0","0.0122262"
"2012-03-30 04:00:00+00:00","0.166","0.0","0.00980925"
"2012-03-30 04:30:00+00:00","0.129","0.0","0.0133947"
"2012-03-30 05:00:00+00:00","0.142","0.0","0.0157317"
"2012-03-30 05:30:00+00:00","0.172","0.0","0.01908345"
"2012-03-30 06:00:00+00:00","0.125","0.0","0.02004285"
"2012-03-30 06:30:00+00:00","0.153","0.0","0.02001825"
"2012-03-30 07:00:00+00:00","0.326","0.0","0.02317935"
"2012-03-30 07:30:00+00:00","0.087","0.0","0.01937865"
"2012-03-30 08:00:00+00:00","0.131","0.019","0.0199752"
"2012-03-30 08:30:00+00:00","0.185","0.05","0.02080545"
"2012-03-30 09:00:00+00:00","0.238","0.294","0.02142045"
"2012-03-30 09:30:00+00:00","0.258","0.413","0.0234684"
"2012-03-30 10:00:00+00:00","0.247","0.531","0.0197292"
"2012-03-30 10:30:00+00:00","0.185","0.55","0.01945245"
"2012-03-30 11:00:00+00:00","0.325","0.719","0.02101455"
"2012-03-30 11:30:00+00:00","0.261","0.531","0.02108835"
"2012-03-30 12:00:00+00:00","0.432","0.856","0.019065"
"2012-03-30 12:30:00+00:00","0.909","0.85","0.0177612"
"2012-03-30 13:00:00+00:00","0.631","0.775","0.0182163"
"2012-03-30 13:30:00+00:00","0.359","0.656","0.0176382"
"2012-03-30 14:00:00+00:00","0.419","0.713","0.01754595"
"2012-03-30 14:30:00+00:00","0.431","0.794","0.01819785"
"2012-03-30 15:00:00+00:00","0.333","0.606","0.01864065"
"2012-03-30 15:30:00+00:00","0.209","0.631","0.01819785"
"2012-03-30 16:00:00+00:00","0.19","0.138","0.01835775"
"2012-03-30 16:30:00+00:00","0.147","0.213","0.0180564"
"2012-03-30 17:00:00+00:00","0.252","0.275","0.0178965"
"2012-03-30 17:30:00+00:00","0.225","0.169","0.0172323"
"2012-03-30 18:00:00+00:00","0.264","0.138","0.0179334"
"2012-03-30 18:30:00+00:00","0.208","0.025","0.0186099"
"2012-03-30 19:00:00+00:00","0.238","0.0","0.01761975"
"2012-03-30 19:30:00+00:00","0.305","0.0","0.0174783"
"2012-03-30 20:00:00+00:00","0.236","0.0","0.01696785"
"2012-03-30 20:30:00+00:00","0.274","0.0","0.0166419"
"2012-03-30 21:00:00+00:00","0.116","0.0","0.01630365"
"2012-03-30 21:30:00+00:00","0.145","0.0","0.0164697"
"2012-03-30 22:00:00+00:00","0.128","0.0","0.01599615"
"2012-03-30 22:30:00+00:00","0.235","0.0","0.0229887"
"2012-03-30 23:00:00+00:00","0.996","0.0","0.0183639"
"2012-03-30 23:30:00+00:00","0.177","0.0","0.0172938"
"2012-03-31 00:00:00+00:00","0.123","0.0","0.01512285"
"2012-03-31 00:30:00+00:00","0.174","0.0","0.0141327"
"2012-03-31 01:00:00+00:00","0.136","0.0","0.0129396"
"2012-03-31 01:30:00+00:00","0.13","0.0","0.01421265"
"2012-03-31 02:00:00+00:00","0.147","0.0","0.0104919"
"2012-03-31 02:30:00+00:00","0.093","0.0","0.0101352"
"2012-03-31 03:00:00+00:00","0.092","0.0","0.01092855"
"2012-03-31 03:30:00+00:00","0.083","0.0","0.0103074"
"2012-03-31 04:00:00+00:00","0.118","0.0","0.008733"
"2012-03-31 04:30:00+00:00","0.177","0.0","0.011193"
"2012-03-31 05:00:00+00:00","0.113","0.0","0.0125706"
"2012-03-31 05:30:00+00:00","0.173","0.0","0.01583625"
"2012-03-31 06:00:00+00:00","0.178","0.0","0.01555335"
"2012-03-31 06:30:00+00:00","0.105","0.0","0.01499985"
"2012-03-31 07:00:00+00:00","0.139","0.0","0.01726305"
"2012-03-31 07:30:00+00:00","0.084","0.0","0.01663575"
"2012-03-31 08:00:00+00:00","0.08","0.006","0.0176874"
"2012-03-31 08:30:00+00:00","0.146","0.031","0.02138355"
"2012-03-31 09:00:00+00:00","0.323","0.35","0.01742295"
"2012-03-31 09:30:00+00:00","0.21","0.531","0.01636515"
"2012-03-31 10:00:00+00:00","0.163","0.55","0.01650045"
"2012-03-31 10:30:00+00:00","0.144","0.644","0.0160392"
"2012-03-31 11:00:00+00:00","0.172","0.75","0.01620525"
"2012-03-31 11:30:00+00:00","0.128","0.769","0.01621755"
"2012-03-31 12:00:00+00:00","0.187","0.838","0.01624215"
"2012-03-31 12:30:00+00:00","0.194","0.831","0.01673415"
"2012-03-31 13:00:00+00:00","0.079","0.838","0.01705395"
"2012-03-31 13:30:00+00:00","0.082","0.744","0.0169125"
"2012-03-31 14:00:00+00:00","0.114","0.731","0.01645125"
"2012-03-31 14:30:00+00:00","0.135","0.8","0.01651275"
"2012-03-31 15:00:00+00:00","0.118","0.719","0.01643895"
"2012-03-31 15:30:00+00:00","0.214","0.663","0.0160761"
"2012-03-31 16:00:00+00:00","0.204","0.575","0.0162483"
"2012-03-31 16:30:00+00:00","0.336","0.463","0.01609455"
"2012-03-31 17:00:00+00:00","0.31","0.381","0.0163098"
"2012-03-31 17:30:00+00:00","0.229","0.256","0.01629135"
"2012-03-31 18:00:00+00:00","0.244","0.106","0.0165927"
"2012-03-31 18:30:00+00:00","0.234","0.006","0.01768125"
"2012-03-31 19:00:00+00:00","0.246","0.0","0.0175521"
"2012-03-31 19:30:00+00:00","0.182","0.0","0.01691865"
"2012-03-31 20:00:00+00:00","0.286","0.0","0.0158055"
"2012-03-31 20:30:00+00:00","0.263","0.0","0.0159039"
"2012-03-31 21:00:00+00:00","0.347","0.0","0.0162114"
"2012-03-31 21:30:00+00:00","0.135","0.0","0.01691865"
"2012-03-31 22:00:00+00:00","0.177","0.0","0.0160269"
"2012-03-31 22:30:00+00:00","0.166","0.0","0.01670955"
"2012-03-31 23:00:00+00:00","0.057","0.0","0.01615605"
"2012-03-31 23:30:00+00:00","0.112","0.0","0.0161007"
"2012-04-01 00:00:00+00:00","0.119","0.006","0.0156825"
"2012-04-01 00:30:00+00:00","0.109","0.0","0.01546725"
"2012-04-01 01:00:00+00:00","0.177","0.0","0.0141942"
"2012-04-01 01:30:00+00:00","0.121","0.0","0.014145"
"2012-04-01 02:00:00+00:00","0.139","0.0","0.009225"
"2012-04-01 02:30:00+00:00","0.36","0.0","0.01281045"
"2012-04-01 03:00:00+00:00","0.222","0.0","0.01135905"
"2012-04-01 03:30:00+00:00","0.068","0.0","0.01014135"
"2012-04-01 04:00:00+00:00","0.097","0.0","0.0117711"
"2012-04-01 04:30:00+00:00","0.05","0.0","0.01429875"
"2012-04-01 05:00:00+00:00","0.147","0.0","0.01481535"
"2012-04-01 05:30:00+00:00","0.314","0.0","0.01504905"
"2012-04-01 06:00:00+00:00","0.157","0.0","0.00908355"
"2012-04-01 06:30:00+00:00","0.174","0.0","0.0142434"
"2012-04-01 07:00:00+00:00","0.149","0.006","0.01493835"
"2012-04-01 07:30:00+00:00","0.116","0.031","0.0154857"
"2012-04-01 08:00:00+00:00","0.24","0.344","0.0157932"
"2012-04-01 08:30:00+00:00","0.242","0.494","0.0165066"
"2012-04-01 09:00:00+00:00","0.123","0.588","0.0165681"
"2012-04-01 09:30:00+00:00","0.215","0.663","0.01669725"
"2012-04-01 10:00:00+00:00","0.267","0.725","0.0165804"
"2012-04-01 10:30:00+00:00","0.133","0.769","0.0167526"
"2012-04-01 11:00:00+00:00","0.266","0.8","0.01691865"
"2012-04-01 11:30:00+00:00","0.302","0.813","0.0170232"
"2012-04-01 12:00:00+00:00","0.23","0.813","0.0174783"
"2012-04-01 12:30:00+00:00","0.209","0.806","0.01620525"
"2012-04-01 13:00:00+00:00","0.497","0.788","0.01654965"
"2012-04-01 13:30:00+00:00","0.369","0.756","0.01619295"
"2012-04-01 14:00:00+00:00","0.195","0.7","0.01616835"
"2012-04-01 14:30:00+00:00","0.194","0.644","0.016236"
"2012-04-01 15:00:00+00:00","0.272","0.575","0.01626675"
"2012-04-01 15:30:00+00:00","0.29","0.488","0.01647585"
"2012-04-01 16:00:00+00:00","0.351","0.388","0.01626675"
"2012-04-01 16:30:00+00:00","0.24","0.194","0.0164082"
"2012-04-01 17:00:00+00:00","0.185","0.056","0.0171462"
"2012-04-01 17:30:00+00:00","0.263","0.025","0.0184131"
"2012-04-01 18:00:00+00:00","0.274","0.0","0.02006745"
"2012-04-01 18:30:00+00:00","0.274","0.0","0.02360985"
"2012-04-01 19:00:00+00:00","0.475","0.0","0.02182635"
"2012-04-01 19:30:00+00:00","0.397","0.0","0.0188067"
"2012-04-01 20:00:00+00:00","0.175","0.0","0.01784115"
"2012-04-01 20:30:00+00:00","0.208","0.0","0.0165435"
"2012-04-01 21:00:00+00:00","0.334","0.0","0.01599615"
"2012-04-01 21:30:00+00:00","0.109","0.0","0.01576245"
"2012-04-01 22:00:00+00:00","0.212","0.0","0.01609455"
"2012-04-01 22:30:00+00:00","0.182","0.0","0.01752135"
"2012-04-01 23:00:00+00:00","0.277","0.0","0.01635285"
"2012-04-01 23:30:00+00:00","0.893","0.0","0.01714005"
"2012-04-02 00:00:00+00:00","0.127","0.0","0.0165804"
"2012-04-02 00:30:00+00:00","0.126","0.0","0.01600845"
"2012-04-02 01:00:00+00:00","0.165","0.0","0.01588545"
"2012-04-02 01:30:00+00:00","0.129","0.0","0.016482"
"2012-04-02 02:00:00+00:00","0.112","0.0","0.01568865"
"2012-04-02 02:30:00+00:00","0.11","0.0","0.01575015"
"2012-04-02 03:00:00+00:00","0.057","0.0","0.0153996"
"2012-04-02 03:30:00+00:00","0.135","0.0","0.015375"
"2012-04-02 04:00:00+00:00","0.158","0.0","0.01511055"
"2012-04-02 04:30:00+00:00","0.134","0.0","0.0145386"
"2012-04-02 05:00:00+00:00","0.196","0.0","0.01566405"
"2012-04-02 05:30:00+00:00","0.156","0.0","0.016851"
"2012-04-02 06:00:00+00:00","0.183","0.0","0.0163959"
"2012-04-02 06:30:00+00:00","0.455","0.0","0.01651275"
"2012-04-02 07:00:00+00:00","0.139","0.013","0.0174045"
"2012-04-02 07:30:00+00:00","0.094","0.05","0.0180933"
"2012-04-02 08:00:00+00:00","0.115","0.163","0.0189789"
"2012-04-02 08:30:00+00:00","0.07","0.438","0.02030115"
"2012-04-02 09:00:00+00:00","0.125","0.613","0.0205533"
"2012-04-02 09:30:00+00:00","0.176","0.488","0.0216849"
"2012-04-02 10:00:00+00:00","0.128","0.281","0.02372055"
"2012-04-02 10:30:00+00:00","0.155","0.325","0.0227058"
"2012-04-02 11:00:00+00:00","0.202","0.463","0.0241818"
"2012-04-02 11:30:00+00:00","0.125","0.831","0.0220416"
"2012-04-02 12:00:00+00:00","0.117","0.85","0.0254364"
"2012-04-02 12:30:00+00:00","0.123","0.838","0.0224352"
"2012-04-02 13:00:00+00:00","0.086","0.8","0.0209961"
"2012-04-02 13:30:00+00:00","0.086","0.763","0.02156805"
"2012-04-02 14:00:00+00:00","0.184","0.713","0.02416335"
"2012-04-02 14:30:00+00:00","0.221","0.65","0.02260125"
"2012-04-02 15:00:00+00:00","0.115","0.575","0.0237144"
"2012-04-02 15:30:00+00:00","0.138","0.469","0.0209838"
"2012-04-02 16:00:00+00:00","0.311","0.363","0.0199629"
"2012-04-02 16:30:00+00:00","0.2","0.244","0.0214512"
"2012-04-02 17:00:00+00:00","0.156","0.094","0.0233823"
"2012-04-02 17:30:00+00:00","0.216","0.006","0.02101455"
"2012-04-02 18:00:00+00:00","0.239","0.0","0.0199998"
"2012-04-02 18:30:00+00:00","0.198","0.0","0.02187555"
"2012-04-02 19:00:00+00:00","0.244","0.0","0.0213651"
"2012-04-02 19:30:00+00:00","0.257","0.0","0.0184623"
"2012-04-02 20:00:00+00:00","0.31","0.0","0.01830855"
"2012-04-02 20:30:00+00:00","0.232","0.0","0.0184746"
"2012-04-02 21:00:00+00:00","0.37","0.0","0.0190773"
"2012-04-02 21:30:00+00:00","0.264","0.0","0.01825935"
"2012-04-02 22:00:00+00:00","0.186","0.0","0.01850535"
"2012-04-02 22:30:00+00:00","0.219","0.0","0.02044875"
"2012-04-02 23:00:00+00:00","0.127","0.0","0.01947705"
"2012-04-02 23:30:00+00:00","0.098","0.0","0.0207624"
"2012-04-03 00:00:00+00:00","0.109","0.0","0.0192495"
"2012-04-03 00:30:00+00:00","0.099","0.0","0.01834545"
"2012-04-03 01:00:00+00:00","0.1","0.0","0.01666035"
"2012-04-03 01:30:00+00:00","0.155","0.0","0.01710315"
"2012-04-03 02:00:00+00:00","0.116","0.0","0.01527045"
"2012-04-03 02:30:00+00:00","0.147","0.0","0.01581165"
"2012-04-03 03:00:00+00:00","0.154","0.0","0.01562715"
"2012-04-03 03:30:00+00:00","0.123","0.0","0.01570095"
"2012-04-03 04:00:00+00:00","0.197","0.0","0.0155718"
"2012-04-03 04:30:00+00:00","0.138","0.0","0.0160146"
"2012-04-03 05:00:00+00:00","0.07","0.0","0.01598385"
"2012-04-03 05:30:00+00:00","0.114","0.0","0.01760745"
"2012-04-03 06:00:00+00:00","0.056","0.0","0.01843155"
"2012-04-03 06:30:00+00:00","0.083","0.006","0.01980915"
"2012-04-03 07:00:00+00:00","0.2","0.025","0.0203565"
"2012-04-03 07:30:00+00:00","0.145","0.081","0.02073165"
"2012-04-03 08:00:00+00:00","0.332","0.2","0.02397885"
"2012-04-03 08:30:00+00:00","0.21","0.231","0.0229887"
"2012-04-03 09:00:00+00:00","0.251","0.406","0.02207235"
"2012-04-03 09:30:00+00:00","0.117","0.538","0.02106375"
"2012-04-03 10:00:00+00:00","0.216","0.631","0.0218694"
"2012-04-03 10:30:00+00:00","0.129","0.781","0.0215619"
"2012-04-03 11:00:00+00:00","0.236","0.825","0.0217587"
"2012-04-03 11:30:00+00:00","0.183","0.775","0.02347455"
"2012-04-03 12:00:00+00:00","0.323","0.519","0.0236529"
"2012-04-03 12:30:00+00:00","0.186","0.581","0.02313015"
"2012-04-03 13:00:00+00:00","0.212","0.631","0.02344995"
"2012-04-03 13:30:00+00:00","0.186","0.775","0.0288558"
"2012-04-03 14:00:00+00:00","0.149","0.719","0.0295692"
"2012-04-03 14:30:00+00:00","0.18","0.6","0.02613135"
"2012-04-03 15:00:00+00:00","0.172","0.556","0.04117425"
"2012-04-03 15:30:00+00:00","0.13","0.463","0.03284715"
"2012-04-03 16:00:00+00:00","0.127","0.35","0.02529495"
"2012-04-03 16:30:00+00:00","0.333","0.219","0.0256947"
"2012-04-03 17:00:00+00:00","0.262","0.081","0.02527035"
"2012-04-03 17:30:00+00:00","0.435","0.0","0.0203688"
"2012-04-03 18:00:00+00:00","0.338","0.0","0.0198768"
"2012-04-03 18:30:00+00:00","0.293","0.0","0.0238374"
"2012-04-03 19:00:00+00:00","0.658","0.006","0.02472915"
"2012-04-03 19:30:00+00:00","0.377","0.0","0.020418"
"2012-04-03 20:00:00+00:00","0.21","0.0","0.0196554"
"2012-04-03 20:30:00+00:00","0.229","0.0","0.01950165"
"2012-04-03 21:00:00+00:00","0.234","0.0","0.02127285"
"2012-04-03 21:30:00+00:00","0.202","0.0","0.01962465"
"2012-04-03 22:00:00+00:00","0.089","0.0","0.01807485"
"2012-04-03 22:30:00+00:00","0.096","0.0","0.02132205"
"2012-04-03 23:00:00+00:00","0.116","0.0","0.01960005"
"2012-04-03 23:30:00+00:00","0.957","0.0","0.0204549"
"2012-04-04 00:00:00+00:00","0.149","0.0","0.0210084"
"2012-04-04 00:30:00+00:00","0.212","0.0","0.01957545"
"2012-04-04 01:00:00+00:00","0.158","0.0","0.0185484"
"2012-04-04 01:30:00+00:00","0.111","0.0","0.0186714"
"2012-04-04 02:00:00+00:00","0.172","0.0","0.0184746"
"2012-04-04 02:30:00+00:00","0.149","0.0","0.01865295"
"2012-04-04 03:00:00+00:00","0.115","0.0","0.01686945"
"2012-04-04 03:30:00+00:00","0.197","0.0","0.0163467"
"2012-04-04 04:00:00+00:00","0.121","0.0","0.01656195"
"2012-04-04 04:30:00+00:00","0.062","0.0","0.0167649"
"2012-04-04 05:00:00+00:00","0.165","0.0","0.0169617"
"2012-04-04 05:30:00+00:00","0.17","0.0","0.0186222"
"2012-04-04 06:00:00+00:00","0.121","0.0","0.018819"
"2012-04-04 06:30:00+00:00","0.185","0.0","0.01960005"
"2012-04-04 07:00:00+00:00","0.168","0.006","0.0218571"
"2012-04-04 07:30:00+00:00","0.351","0.038","0.0191388"
"2012-04-04 08:00:00+00:00","0.287","0.313","0.01946475"
"2012-04-04 08:30:00+00:00","0.303","0.463","0.02155575"
"2012-04-04 09:00:00+00:00","0.259","0.563","0.0224967"
"2012-04-04 09:30:00+00:00","0.299","0.638","0.0238866"
"2012-04-04 10:00:00+00:00","0.243","0.675","0.02442165"
"2012-04-04 10:30:00+00:00","0.184","0.619","0.02490135"
"2012-04-04 11:00:00+00:00","0.425","0.819","0.02754585"
"2012-04-04 11:30:00+00:00","0.488","0.819","0.023493"
"2012-04-04 12:00:00+00:00","0.329","0.813","0.0234315"
"2012-04-04 12:30:00+00:00","0.38","0.806","0.02381895"
"2012-04-04 13:00:00+00:00","0.389","0.781","0.0239235"
"2012-04-04 13:30:00+00:00","0.202","0.744","0.02658645"
"2012-04-04 14:00:00+00:00","0.237","0.7","0.02594685"
"2012-04-04 14:30:00+00:00","0.222","0.644","0.02467995"
"2012-04-04 15:00:00+00:00","0.314","0.569","0.03784095"
"2012-04-04 15:30:00+00:00","0.254","0.469","0.0246123"
"2012-04-04 16:00:00+00:00","0.206","0.363","0.02344995"
"2012-04-04 16:30:00+00:00","0.28","0.231","0.0233823"
"2012-04-04 17:00:00+00:00","0.295","0.088","0.0233823"
"2012-04-04 17:30:00+00:00","0.335","0.0","0.024108"
"2012-04-04 18:00:00+00:00","0.245","0.0","0.0292125"
"2012-04-04 18:30:00+00:00","0.152","0.0","0.0299013"
"2012-04-04 19:00:00+00:00","0.195","0.0","0.02690625"
"2012-04-04 19:30:00+00:00","0.179","0.0","0.02432325"
"2012-04-04 20:00:00+00:00","0.117","0.0","0.022263"
"2012-04-04 20:30:00+00:00","0.133","0.0","0.02301945"
"2012-04-04 21:00:00+00:00","0.177","0.0","0.02122365"
"2012-04-04 21:30:00+00:00","0.161","0.0","0.019434"
"2012-04-04 22:00:00+00:00","0.187","0.0","0.01900965"
"2012-04-04 22:30:00+00:00","0.157","0.0","0.0263835"
"2012-04-04 23:00:00+00:00","0.07","0.0","0.02300715"
"2012-04-04 23:30:00+00:00","0.066","0.0","0.02427405"
"2012-04-05 00:00:00+00:00","0.151","0.0","0.02244135"
"2012-04-05 00:30:00+00:00","0.168","0.0","0.01969845"
"2012-04-05 01:00:00+00:00","0.145","0.006","0.01935405"
"2012-04-05 01:30:00+00:00","0.174","0.0","0.01923105"
"2012-04-05 02:00:00+00:00","0.122","0.0","0.01934175"
"2012-04-05 02:30:00+00:00","0.129","0.0","0.0185853"
"2012-04-05 03:00:00+00:00","0.181","0.0","0.0162606"
"2012-04-05 03:30:00+00:00","0.153","0.0","0.01613145"
"2012-04-05 04:00:00+00:00","0.133","0.0","0.01621755"
"2012-04-05 04:30:00+00:00","0.102","0.0","0.0162114"
"2012-04-05 05:00:00+00:00","0.052","0.0","0.0163221"
"2012-04-05 05:30:00+00:00","0.096","0.0","0.01744755"
"2012-04-05 06:00:00+00:00","0.17","0.0","0.01926795"
"2012-04-05 06:30:00+00:00","0.222","0.0","0.01958775"
"2012-04-05 07:00:00+00:00","0.2","0.006","0.0214758"
"2012-04-05 07:30:00+00:00","0.214","0.044","0.01931715"
"2012-04-05 08:00:00+00:00","0.212","0.269","0.02337615"
"2012-04-05 08:30:00+00:00","0.171","0.231","0.02611905"
"2012-04-05 09:00:00+00:00","0.101","0.413","0.0253995"
"2012-04-05 09:30:00+00:00","0.192","0.619","0.0262359"
"2012-04-05 10:00:00+00:00","0.152","0.5","0.0271953"
"2012-04-05 10:30:00+00:00","0.055","0.55","0.02758275"
"2012-04-05 11:00:00+00:00","0.097","0.594","0.0253995"
"2012-04-05 11:30:00+00:00","0.165","0.838","0.0223245"
"2012-04-05 12:00:00+00:00","0.118","0.838","0.0236775"
"2012-04-05 12:30:00+00:00","0.24","0.819","0.0274536"
"2012-04-05 13:00:00+00:00","0.389","0.794","0.0251289"
"2012-04-05 13:30:00+00:00","0.29","0.756","0.02395425"
"2012-04-05 14:00:00+00:00","0.429","0.713","0.02701695"
"2012-04-05 14:30:00+00:00","0.252","0.638","0.0307992"
"2012-04-05 15:00:00+00:00","0.196","0.569","0.02413875"
"2012-04-05 15:30:00+00:00","0.203","0.469","0.0244032"
"2012-04-05 16:00:00+00:00","0.386","0.356","0.02685705"
"2012-04-05 16:30:00+00:00","0.192","0.219","0.02388045"
"2012-04-05 17:00:00+00:00","0.197","0.088","0.02372055"
"2012-04-05 17:30:00+00:00","0.221","0.0","0.02101455"
"2012-04-05 18:00:00+00:00","0.301","0.0","0.02290875"
"2012-04-05 18:30:00+00:00","0.351","0.0","0.02429865"
"2012-04-05 19:00:00+00:00","0.258","0.0","0.02201085"
"2012-04-05 19:30:00+00:00","0.381","0.0","0.01935405"
"2012-04-05 20:00:00+00:00","0.346","0.0","0.0186468"
"2012-04-05 20:30:00+00:00","0.25","0.0","0.0190404"
"2012-04-05 21:00:00+00:00","0.113","0.0","0.0181917"
"2012-04-05 21:30:00+00:00","0.225","0.0","0.01830855"
"2012-04-05 22:00:00+00:00","0.199","0.0","0.0159654"
"2012-04-05 22:30:00+00:00","0.155","0.0","0.01871445"
"2012-04-05 23:00:00+00:00","0.183","0.0","0.0202704"
"2012-04-05 23:30:00+00:00","0.173","0.0","0.02094075"
"2012-04-06 00:00:00+00:00","0.113","0.0","0.02062095"
"2012-04-06 00:30:00+00:00","0.137","0.0","0.01985835"
"2012-04-06 01:00:00+00:00","0.159","0.0","0.0170478"
"2012-04-06 01:30:00+00:00","0.067","0.0","0.01634055"
"2012-04-06 02:00:00+00:00","0.127","0.0","0.0163344"
"2012-04-06 02:30:00+00:00","0.116","0.0","0.0156333"
"2012-04-06 03:00:00+00:00","0.09","0.0","0.0154857"
"2012-04-06 03:30:00+00:00","0.16","0.0","0.01545495"
"2012-04-06 04:00:00+00:00","0.143","0.0","0.01540575"
"2012-04-06 04:30:00+00:00","1.014","0.0","0.01552875"
"2012-04-06 05:00:00+00:00","0.212","0.0","0.01544265"
"2012-04-06 05:30:00+00:00","0.138","0.0","0.0154857"
"2012-04-06 06:00:00+00:00","0.303","0.0","0.01515975"
"2012-04-06 06:30:00+00:00","0.677","0.0","0.0155349"
"2012-04-06 07:00:00+00:00","0.689","0.019","0.01568865"
"2012-04-06 07:30:00+00:00","0.324","0.063","0.01543035"
"2012-04-06 08:00:00+00:00","0.221","0.294","0.0157563"
"2012-04-06 08:30:00+00:00","0.263","0.413","0.017712"
"2012-04-06 09:00:00+00:00","0.245","0.588","0.0169125"
"2012-04-06 09:30:00+00:00","0.201","0.656","0.01670955"
"2012-04-06 10:00:00+00:00","0.216","0.731","0.01760745"
"2012-04-06 10:30:00+00:00","0.299","0.756","0.0178719"
"2012-04-06 11:00:00+00:00","0.324","0.644","0.01696785"
"2012-04-06 11:30:00+00:00","0.261","0.831","0.01689405"
"2012-04-06 12:00:00+00:00","0.274","0.831","0.0176259"
"2012-04-06 12:30:00+00:00","0.197","0.588","0.01841925"
"2012-04-06 13:00:00+00:00","0.225","0.738","0.01823475"
"2012-04-06 13:30:00+00:00","0.189","0.769","0.01995675"
"2012-04-06 14:00:00+00:00","0.065","0.544","0.01844385"
"2012-04-06 14:30:00+00:00","0.192","0.656","0.0169494"
"2012-04-06 15:00:00+00:00","0.2","0.575","0.0171708"
"2012-04-06 15:30:00+00:00","0.248","0.469","0.0165804"
"2012-04-06 16:00:00+00:00","0.13","0.356","0.0184131"
"2012-04-06 16:30:00+00:00","0.186","0.231","0.0192003"
"2012-04-06 17:00:00+00:00","0.225","0.081","0.0191019"
"2012-04-06 17:30:00+00:00","0.197","0.0","0.019926"
"2012-04-06 18:00:00+00:00","0.196","0.0","0.026445"
"2012-04-06 18:30:00+00:00","0.234","0.0","0.02704155"
"2012-04-06 19:00:00+00:00","0.233","0.0","0.0198645"
"2012-04-06 19:30:00+00:00","0.305","0.0","0.0156579"
"2012-04-06 20:00:00+00:00","0.181","0.0","0.015867"
"2012-04-06 20:30:00+00:00","0.086","0.0","0.01683255"
"2012-04-06 21:00:00+00:00","0.107","0.0","0.0162729"
"2012-04-06 21:30:00+00:00","0.189","0.0","0.01578705"
"2012-04-06 22:00:00+00:00","0.122","0.0","0.0156087"
"2012-04-06 22:30:00+00:00","0.176","0.0","0.01663575"
"2012-04-06 23:00:00+00:00","0.203","0.0","0.01714005"
"2012-04-06 23:30:00+00:00","0.138","0.0","0.0201597"
"2012-04-07 00:00:00+00:00","0.161","0.0","0.0190281"
"2012-04-07 00:30:00+00:00","0.126","0.0","0.01657425"
"2012-04-07 01:00:00+00:00","0.059","0.0","0.01554105"
"2012-04-07 01:30:00+00:00","0.11","0.0","0.01589775"
"2012-04-07 02:00:00+00:00","0.062","0.0","0.01503675"
"2012-04-07 02:30:00+00:00","0.165","0.0","0.0145263"
"2012-04-07 03:00:00+00:00","0.2","0.0","0.01356075"
"2012-04-07 03:30:00+00:00","0.118","0.0","0.01151895"
"2012-04-07 04:00:00+00:00","0.159","0.0","0.01062105"
"2012-04-07 04:30:00+00:00","0.132","0.006","0.013038"
"2012-04-07 05:00:00+00:00","0.116","0.0","0.01492605"
"2012-04-07 05:30:00+00:00","0.145","0.0","0.01480305"
"2012-04-07 06:00:00+00:00","0.076","0.0","0.0151044"
"2012-04-07 06:30:00+00:00","0.281","0.0","0.0153996"
"2012-04-07 07:00:00+00:00","0.08","0.019","0.0154857"
"2012-04-07 07:30:00+00:00","0.13","0.1","0.01568865"
"2012-04-07 08:00:00+00:00","0.187","0.169","0.01667265"
"2012-04-07 08:30:00+00:00","0.127","0.163","0.0174168"
"2012-04-07 09:00:00+00:00","0.475","0.294","0.0183762"
"2012-04-07 09:30:00+00:00","0.278","0.456","0.01870215"
"2012-04-07 10:00:00+00:00","0.239","0.475","0.01859145"
"2012-04-07 10:30:00+00:00","0.129","0.775","0.0188436"
"2012-04-07 11:00:00+00:00","0.733","0.806","0.01811175"
"2012-04-07 11:30:00+00:00","0.414","0.788","0.01743525"
"2012-04-07 12:00:00+00:00","0.273","0.8","0.01712775"
"2012-04-07 12:30:00+00:00","0.351","0.781","0.01672185"
"2012-04-07 13:00:00+00:00","0.436","0.8","0.01690635"
"2012-04-07 13:30:00+00:00","0.289","0.781","0.01693095"
"2012-04-07 14:00:00+00:00","0.203","0.713","0.0169248"
"2012-04-07 14:30:00+00:00","0.191","0.406","0.01711545"
"2012-04-07 15:00:00+00:00","0.23","0.175","0.01689405"
"2012-04-07 15:30:00+00:00","0.231","0.1","0.01723845"
"2012-04-07 16:00:00+00:00","0.256","0.106","0.01780425"
"2012-04-07 16:30:00+00:00","0.478","0.056","0.01825935"
"2012-04-07 17:00:00+00:00","0.379","0.019","0.018696"
"2012-04-07 17:30:00+00:00","0.352","0.0","0.01886205"
"2012-04-07 18:00:00+00:00","0.22","0.0","0.0196677"
"2012-04-07 18:30:00+00:00","0.353","0.0","0.02081775"
"2012-04-07 19:00:00+00:00","0.301","0.0","0.0195078"
"2012-04-07 19:30:00+00:00","0.349","0.0","0.019188"
"2012-04-07 20:00:00+00:00","0.212","0.0","0.0181917"
"2012-04-07 20:30:00+00:00","0.214","0.0","0.0164328"
"2012-04-07 21:00:00+00:00","0.23","0.0","0.01618065"
"2012-04-07 21:30:00+00:00","0.452","0.0","0.01625445"
"2012-04-07 22:00:00+00:00","0.14","0.0","0.01595925"
"2012-04-07 22:30:00+00:00","0.14","0.0","0.01675875"
"2012-04-07 23:00:00+00:00","0.122","0.0","0.01766895"
"2012-04-07 23:30:00+00:00","0.108","0.0","0.0183516"
"2012-04-08 00:00:00+00:00","0.153","0.0","0.0170847"
"2012-04-08 00:30:00+00:00","0.176","0.0","0.01629135"
"2012-04-08 01:00:00+00:00","0.126","0.0","0.01599615"
"2012-04-08 01:30:00+00:00","0.196","0.0","0.0163836"
"2012-04-08 02:00:00+00:00","0.207","0.0","0.01613145"
"2012-04-08 02:30:00+00:00","0.124","0.0","0.01524585"
"2012-04-08 03:00:00+00:00","0.156","0.0","0.01517205"
"2012-04-08 03:30:00+00:00","0.097","0.0","0.01483995"
"2012-04-08 04:00:00+00:00","0.064","0.0","0.01405275"
"2012-04-08 04:30:00+00:00","0.127","0.0","0.014514"
"2012-04-08 05:00:00+00:00","0.386","0.0","0.0141819"
"2012-04-08 05:30:00+00:00","0.776","0.0","0.01495065"
"2012-04-08 06:00:00+00:00","0.676","0.0","0.01454475"
"2012-04-08 06:30:00+00:00","0.474","0.0","0.01539345"
"2012-04-08 07:00:00+00:00","0.199","0.0","0.015498"
"2012-04-08 07:30:00+00:00","0.144","0.0","0.01545495"
"2012-04-08 08:00:00+00:00","0.215","0.013","0.0159162"
"2012-04-08 08:30:00+00:00","0.325","0.025","0.01654965"
"2012-04-08 09:00:00+00:00","0.09","0.019","0.0167526"
"2012-04-08 09:30:00+00:00","0.048","0.088","0.01684485"
"2012-04-08 10:00:00+00:00","0.229","0.081","0.0168264"
"2012-04-08 10:30:00+00:00","0.232","0.4","0.0167649"
"2012-04-08 11:00:00+00:00","0.258","0.306","0.01619295"
"2012-04-08 11:30:00+00:00","0.184","0.638","0.01582395"
"2012-04-08 12:00:00+00:00","0.108","0.263","0.01584855"
"2012-04-08 12:30:00+00:00","0.172","0.256","0.0161253"
"2012-04-08 13:00:00+00:00","0.217","0.431","0.01618065"
"2012-04-08 13:30:00+00:00","0.388","0.3","0.01597155"
"2012-04-08 14:00:00+00:00","0.173","0.406","0.0154611"
"2012-04-08 14:30:00+00:00","0.158","0.388","0.0155349"
"2012-04-08 15:00:00+00:00","0.173","0.475","0.01568865"
"2012-04-08 15:30:00+00:00","0.297","0.369","0.0158793"
"2012-04-08 16:00:00+00:00","0.186","0.156","0.01620525"
"2012-04-08 16:30:00+00:00","0.204","0.044","0.01641435"
"2012-04-08 17:00:00+00:00","0.262","0.013","0.0168633"
"2012-04-08 17:30:00+00:00","0.225","0.0","0.0169494"
"2012-04-08 18:00:00+00:00","0.38","0.0","0.01733685"
"2012-04-08 18:30:00+00:00","0.273","0.0","0.0192003"
"2012-04-08 19:00:00+00:00","0.254","0.0","0.01844385"
"2012-04-08 19:30:00+00:00","0.185","0.0","0.01706625"
"2012-04-08 20:00:00+00:00","0.198","0.0","0.01638975"
"2012-04-08 20:30:00+00:00","0.151","0.0","0.0162606"
"2012-04-08 21:00:00+00:00","0.249","0.0","0.01587315"
"2012-04-08 21:30:00+00:00","0.187","0.0","0.0161622"
"2012-04-08 22:00:00+00:00","0.13","0.0","0.01556565"
"2012-04-08 22:30:00+00:00","0.217","0.0","0.0164943"
"2012-04-08 23:00:00+00:00","0.196","0.0","0.0163959"
"2012-04-08 23:30:00+00:00","0.144","0.0","0.01622985"
"2012-04-09 00:00:00+00:00","0.973","0.0","0.0165435"
"2012-04-09 00:30:00+00:00","0.127","0.0","0.0155841"
"2012-04-09 01:00:00+00:00","0.111","0.0","0.01544265"
"2012-04-09 01:30:00+00:00","0.1","0.0","0.0153627"
"2012-04-09 02:00:00+00:00","0.152","0.0","0.01498755"
"2012-04-09 02:30:00+00:00","0.138","0.0","0.013899"
"2012-04-09 03:00:00+00:00","0.133","0.0","0.0107256"
"2012-04-09 03:30:00+00:00","0.174","0.0","0.01049805"
"2012-04-09 04:00:00+00:00","0.144","0.0","0.01107"
"2012-04-09 04:30:00+00:00","0.167","0.0","0.01340085"
"2012-04-09 05:00:00+00:00","0.12","0.0","0.01499985"
"2012-04-09 05:30:00+00:00","0.199","0.0","0.01544265"
"2012-04-09 06:00:00+00:00","0.162","0.0","0.0152397"
"2012-04-09 06:30:00+00:00","0.081","0.0","0.01544265"
"2012-04-09 07:00:00+00:00","0.208","0.006","0.0153873"
"2012-04-09 07:30:00+00:00","0.157","0.031","0.01514745"
"2012-04-09 08:00:00+00:00","0.136","0.35","0.01586085"
"2012-04-09 08:30:00+00:00","0.163","0.519","0.01686945"
"2012-04-09 09:00:00+00:00","0.382","0.625","0.01685715"
"2012-04-09 09:30:00+00:00","0.182","0.706","0.0168141"
"2012-04-09 10:00:00+00:00","0.311","0.775","0.01680795"
"2012-04-09 10:30:00+00:00","0.297","0.825","0.01693095"
"2012-04-09 11:00:00+00:00","0.117","0.85","0.017097"
"2012-04-09 11:30:00+00:00","0.29","0.869","0.01701705"
"2012-04-09 12:00:00+00:00","0.206","0.869","0.0169002"
"2012-04-09 12:30:00+00:00","0.22","0.856","0.01695555"
"2012-04-09 13:00:00+00:00","0.452","0.831","0.01640205"
"2012-04-09 13:30:00+00:00","0.254","0.781","0.0164697"
"2012-04-09 14:00:00+00:00","0.242","0.731","0.0161991"
"2012-04-09 14:30:00+00:00","0.251","0.656","0.01592235"
"2012-04-09 15:00:00+00:00","0.22","0.575","0.01626675"
"2012-04-09 15:30:00+00:00","0.18","0.475","0.01650045"
"2012-04-09 16:00:00+00:00","0.186","0.356","0.01677105"
"2012-04-09 16:30:00+00:00","0.222","0.194","0.0171339"
"2012-04-09 17:00:00+00:00","0.314","0.056","0.01821015"
"2012-04-09 17:30:00+00:00","0.33","0.0","0.01893585"
"2012-04-09 18:00:00+00:00","0.297","0.0","0.02031345"
"2012-04-09 18:30:00+00:00","0.262","0.0","0.0227919"
"2012-04-09 19:00:00+00:00","0.306","0.0","0.02091"
"2012-04-09 19:30:00+00:00","0.196","0.0","0.01916955"
"2012-04-09 20:00:00+00:00","0.196","0.0","0.01876365"
"2012-04-09 20:30:00+00:00","0.166","0.0","0.01871445"
"2012-04-09 21:00:00+00:00","0.232","0.0","0.01784115"
"2012-04-09 21:30:00+00:00","0.186","0.0","0.0180318"
"2012-04-09 22:00:00+00:00","0.119","0.0","0.0163221"
"2012-04-09 22:30:00+00:00","0.163","0.0","0.0165066"
"2012-04-09 23:00:00+00:00","0.183","0.0","0.01710315"
"2012-04-09 23:30:00+00:00","0.992","0.0","0.0183393"
"2012-04-10 00:00:00+00:00","0.141","0.0","0.0179334"
"2012-04-10 00:30:00+00:00","0.065","0.0","0.0195693"
"2012-04-10 01:00:00+00:00","0.066","0.0","0.01807485"
"2012-04-10 01:30:00+00:00","0.125","0.0","0.01738605"
"2012-04-10 02:00:00+00:00","0.124","0.0","0.0165558"
"2012-04-10 02:30:00+00:00","0.196","0.0","0.01638975"
"2012-04-10 03:00:00+00:00","0.125","0.0","0.01561485"
"2012-04-10 03:30:00+00:00","0.129","0.0","0.0155718"
"2012-04-10 04:00:00+00:00","0.144","0.0","0.0153012"
"2012-04-10 04:30:00+00:00","0.053","0.0","0.01544265"
"2012-04-10 05:00:00+00:00","0.116","0.0","0.0155718"
"2012-04-10 05:30:00+00:00","0.086","0.0","0.0168633"
"2012-04-10 06:00:00+00:00","0.197","0.0","0.01670955"
"2012-04-10 06:30:00+00:00","0.173","0.0","0.0187206"
"2012-04-10 07:00:00+00:00","0.123","0.006","0.01980915"
"2012-04-10 07:30:00+00:00","0.155","0.031","0.0174168"
"2012-04-10 08:00:00+00:00","0.147","0.344","0.01881285"
"2012-04-10 08:30:00+00:00","0.166","0.513","0.01991985"
"2012-04-10 09:00:00+00:00","0.132","0.619","0.01888665"
"2012-04-10 09:30:00+00:00","0.192","0.713","0.020172"
"2012-04-10 10:00:00+00:00","0.216","0.781","0.0195693"
"2012-04-10 10:30:00+00:00","0.153","0.794","0.0194094"
"2012-04-10 11:00:00+00:00","0.157","0.856","0.0194832"
"2012-04-10 11:30:00+00:00","0.154","0.888","0.01929255"
"2012-04-10 12:00:00+00:00","0.104","0.869","0.0192987"
"2012-04-10 12:30:00+00:00","0.117","0.738","0.01934175"
"2012-04-10 13:00:00+00:00","0.095","0.225","0.0193233"
"2012-04-10 13:30:00+00:00","0.088","0.244","0.0193602"
"2012-04-10 14:00:00+00:00","0.379","0.231","0.0194832"
"2012-04-10 14:30:00+00:00","0.185","0.581","0.0194217"
"2012-04-10 15:00:00+00:00","0.145","0.419","0.0192987"
"2012-04-10 15:30:00+00:00","0.212","0.344","0.0195447"
"2012-04-10 16:00:00+00:00","0.151","0.206","0.0191388"
"2012-04-10 16:30:00+00:00","0.156","0.15","0.0187329"
"2012-04-10 17:00:00+00:00","0.219","0.075","0.01857915"
"2012-04-10 17:30:00+00:00","0.246","0.006","0.01878825"
"2012-04-10 18:00:00+00:00","0.483","0.0","0.0216357"
"2012-04-10 18:30:00+00:00","0.641","0.0","0.02551635"
"2012-04-10 19:00:00+00:00","0.399","0.0","0.02449545"
"2012-04-10 19:30:00+00:00","0.265","0.0","0.0210576"
"2012-04-10 20:00:00+00:00","0.415","0.0","0.01989525"
"2012-04-10 20:30:00+00:00","0.21","0.0","0.0187821"
"2012-04-10 21:00:00+00:00","0.213","0.0","0.01833315"
"2012-04-10 21:30:00+00:00","0.239","0.0","0.01710315"
"2012-04-10 22:00:00+00:00","0.148","0.0","0.0163467"
"2012-04-10 22:30:00+00:00","1.017","0.0","0.0192003"
"2012-04-10 23:00:00+00:00","0.149","0.0","0.0176751"
"2012-04-10 23:30:00+00:00","0.105","0.0","0.0195324"
"2012-04-11 00:00:00+00:00","0.166","0.0","0.01926795"
"2012-04-11 00:30:00+00:00","0.117","0.0","0.019188"
"2012-04-11 01:00:00+00:00","0.174","0.0","0.019311"
"2012-04-11 01:30:00+00:00","0.144","0.0","0.0190158"
"2012-04-11 02:00:00+00:00","0.077","0.0","0.01758285"
"2012-04-11 02:30:00+00:00","0.095","0.0","0.016974"
"2012-04-11 03:00:00+00:00","0.07","0.0","0.01627905"
"2012-04-11 03:30:00+00:00","0.152","0.0","0.01545495"
"2012-04-11 04:00:00+00:00","0.113","0.0","0.0157194"
"2012-04-11 04:30:00+00:00","0.148","0.0","0.0151413"
"2012-04-11 05:00:00+00:00","0.126","0.0","0.0155718"
"2012-04-11 05:30:00+00:00","0.16","0.0","0.0169494"
"2012-04-11 06:00:00+00:00","0.092","0.0","0.0172323"
"2012-04-11 06:30:00+00:00","0.06","0.0","0.0182901"
"2012-04-11 07:00:00+00:00","0.127","0.0","0.01892355"
"2012-04-11 07:30:00+00:00","0.101","0.038","0.01768125"
"2012-04-11 08:00:00+00:00","0.203","0.25","0.0193725"
"2012-04-11 08:30:00+00:00","0.176","0.463","0.01940325"
"2012-04-11 09:00:00+00:00","0.425","0.363","0.0193479"
"2012-04-11 09:30:00+00:00","0.212","0.475","0.0206886"
"2012-04-11 10:00:00+00:00","0.138","0.763","0.01920645"
"2012-04-11 10:30:00+00:00","0.272","0.394","0.0193479"
"2012-04-11 11:00:00+00:00","0.127","0.106","0.0195201"
"2012-04-11 11:30:00+00:00","0.17","0.156","0.0192495"
"2012-04-11 12:00:00+00:00","0.188","0.125","0.0193479"
"2012-04-11 12:30:00+00:00","0.172","0.288","0.0194217"
"2012-04-11 13:00:00+00:00","0.419","0.563","0.01940325"
"2012-04-11 13:30:00+00:00","0.225","0.369","0.0190281"
"2012-04-11 14:00:00+00:00","0.304","0.331","0.01859145"
"2012-04-11 14:30:00+00:00","0.436","0.663","0.0198399"
"2012-04-11 15:00:00+00:00","0.414","0.544","0.0189789"
"2012-04-11 15:30:00+00:00","0.416","0.163","0.01904655"
"2012-04-11 16:00:00+00:00","0.246","0.094","0.01896045"
"2012-04-11 16:30:00+00:00","0.264","0.131","0.01914495"
"2012-04-11 17:00:00+00:00","0.256","0.1","0.0192003"
"2012-04-11 17:30:00+00:00","0.317","0.056","0.01980915"
"2012-04-11 18:00:00+00:00","0.56","0.0","0.0201474"
"2012-04-11 18:30:00+00:00","0.366","0.0","0.0219801"
"2012-04-11 19:00:00+00:00","0.113","0.0","0.01975995"
"2012-04-11 19:30:00+00:00","0.33","0.0","0.01828395"
"2012-04-11 20:00:00+00:00","0.251","0.0","0.0181425"
"2012-04-11 20:30:00+00:00","0.229","0.0","0.0179211"
"2012-04-11 21:00:00+00:00","0.184","0.0","0.01800105"
"2012-04-11 21:30:00+00:00","0.118","0.0","0.01736145"
"2012-04-11 22:00:00+00:00","0.126","0.0","0.01758285"
"2012-04-11 22:30:00+00:00","0.093","0.0","0.0197046"
"2012-04-11 23:00:00+00:00","0.102","0.0","0.0197046"
"2012-04-11 23:30:00+00:00","0.127","0.0","0.02043645"
"2012-04-12 00:00:00+00:00","0.127","0.0","0.0197046"
"2012-04-12 00:30:00+00:00","0.143","0.0","0.0194832"
"2012-04-12 01:00:00+00:00","0.129","0.0","0.0189789"
"2012-04-12 01:30:00+00:00","0.152","0.0","0.0186591"
"2012-04-12 02:00:00+00:00","0.117","0.0","0.01855455"
"2012-04-12 02:30:00+00:00","0.05","0.0","0.01828395"
"2012-04-12 03:00:00+00:00","0.09","0.0","0.01662345"
"2012-04-12 03:30:00+00:00","0.081","0.0","0.01586085"
"2012-04-12 04:00:00+00:00","0.151","0.0","0.01621755"
"2012-04-12 04:30:00+00:00","0.167","0.0","0.01570095"
"2012-04-12 05:00:00+00:00","0.104","0.0","0.0161622"
"2012-04-12 05:30:00+00:00","0.154","0.0","0.0171462"
"2012-04-12 06:00:00+00:00","0.064","0.0","0.01715235"
"2012-04-12 06:30:00+00:00","0.097","0.0","0.01729995"
"2012-04-12 07:00:00+00:00","0.298","0.006","0.01932945"
"2012-04-12 07:30:00+00:00","0.271","0.044","0.01824705"
"2012-04-12 08:00:00+00:00","0.396","0.206","0.0193848"
"2012-04-12 08:30:00+00:00","0.231","0.494","0.01958775"
"2012-04-12 09:00:00+00:00","0.227","0.419","0.0202827"
"2012-04-12 09:30:00+00:00","0.387","0.531","0.01940325"
"2012-04-12 10:00:00+00:00","0.115","0.581","0.0193479"
"2012-04-12 10:30:00+00:00","0.099","0.469","0.0193479"
"2012-04-12 11:00:00+00:00","0.048","0.781","0.0193971"
"2012-04-12 11:30:00+00:00","0.143","0.625","0.0193479"
"2012-04-12 12:00:00+00:00","0.165","0.644","0.0195693"
"2012-04-12 12:30:00+00:00","0.127","0.394","0.0192987"
"2012-04-12 13:00:00+00:00","0.159","0.613","0.01903425"
"2012-04-12 13:30:00+00:00","0.11","0.675","0.01934175"
"2012-04-12 14:00:00+00:00","0.118","0.719","0.01934175"
"2012-04-12 14:30:00+00:00","0.127","0.531","0.01864065"
"2012-04-12 15:00:00+00:00","0.046","0.419","0.01859145"
"2012-04-12 15:30:00+00:00","0.131","0.45","0.01859145"
"2012-04-12 16:00:00+00:00","0.136","0.438","0.0193479"
"2012-04-12 16:30:00+00:00","0.138","0.075","0.019311"
"2012-04-12 17:00:00+00:00","0.193","0.019","0.0193479"
"2012-04-12 17:30:00+00:00","0.132","0.0","0.020049"
"2012-04-12 18:00:00+00:00","0.117","0.0","0.0204918"
"2012-04-12 18:30:00+00:00","0.113","0.0","0.0242064"
"2012-04-12 19:00:00+00:00","0.082","0.0","0.02255205"
"2012-04-12 19:30:00+00:00","0.093","0.0","0.02000595"
"2012-04-12 20:00:00+00:00","0.358","0.0","0.01897275"
"2012-04-12 20:30:00+00:00","0.161","0.0","0.01983375"
"2012-04-12 21:00:00+00:00","0.27","0.0","0.0197415"
"2012-04-12 21:30:00+00:00","0.203","0.0","0.01932945"
"2012-04-12 22:00:00+00:00","0.145","0.0","0.0185238"
"2012-04-12 22:30:00+00:00","0.171","0.0","0.0197415"
"2012-04-12 23:00:00+00:00","0.114","0.0","0.0199752"
"2012-04-12 23:30:00+00:00","0.127","0.0","0.0206148"
"2012-04-13 00:00:00+00:00","0.169","0.0","0.0198153"
"2012-04-13 00:30:00+00:00","0.055","0.0","0.01951395"
"2012-04-13 01:00:00+00:00","0.104","0.0","0.01921875"
"2012-04-13 01:30:00+00:00","0.062","0.0","0.01921875"
"2012-04-13 02:00:00+00:00","0.132","0.0","0.01926795"
"2012-04-13 02:30:00+00:00","0.174","0.0","0.01963695"
"2012-04-13 03:00:00+00:00","0.123","0.0","0.01859145"
"2012-04-13 03:30:00+00:00","0.16","0.0","0.01711545"
"2012-04-13 04:00:00+00:00","0.114","0.0","0.01602075"
"2012-04-13 04:30:00+00:00","0.107","0.0","0.0164082"
"2012-04-13 05:00:00+00:00","0.094","0.0","0.0167403"
"2012-04-13 05:30:00+00:00","0.079","0.0","0.01855455"
"2012-04-13 06:00:00+00:00","0.1","0.0","0.01913265"
"2012-04-13 06:30:00+00:00","0.126","0.0","0.0194709"
"2012-04-13 07:00:00+00:00","0.288","0.006","0.0201351"
"2012-04-13 07:30:00+00:00","0.137","0.038","0.0206394"
"2012-04-13 08:00:00+00:00","0.239","0.331","0.0251043"
"2012-04-13 08:30:00+00:00","0.239","0.494","0.0262482"
"2012-04-13 09:00:00+00:00","0.072","0.581","0.02641425"
"2012-04-13 09:30:00+00:00","0.086","0.663","0.02493825"
"2012-04-13 10:00:00+00:00","0.092","0.719","0.02285955"
"2012-04-13 10:30:00+00:00","0.149","0.575","0.0227427"
"2012-04-13 11:00:00+00:00","0.188","0.831","0.02236755"
"2012-04-13 11:30:00+00:00","0.11","0.531","0.0239112"
"2012-04-13 12:00:00+00:00","0.146","0.469","0.02246595"
"2012-04-13 12:30:00+00:00","0.25","0.794","0.0218325"
"2012-04-13 13:00:00+00:00","0.185","0.675","0.0223491"
"2012-04-13 13:30:00+00:00","0.319","0.688","0.02022735"
"2012-04-13 14:00:00+00:00","0.191","0.694","0.0215619"
"2012-04-13 14:30:00+00:00","0.128","0.619","0.0207378"
"2012-04-13 15:00:00+00:00","0.245","0.538","0.0197046"
"2012-04-13 15:30:00+00:00","0.23","0.438","0.0199998"
"2012-04-13 16:00:00+00:00","0.314","0.325","0.0207255"
"2012-04-13 16:30:00+00:00","0.265","0.194","0.02326545"
"2012-04-13 17:00:00+00:00","0.245","0.063","0.02459385"
"2012-04-13 17:30:00+00:00","0.286","0.0","0.02736135"
"2012-04-13 18:00:00+00:00","0.353","0.0","0.0333576"
"2012-04-13 18:30:00+00:00","0.27","0.0","0.0290034"
"2012-04-13 19:00:00+00:00","0.349","0.0","0.0279456"
"2012-04-13 19:30:00+00:00","0.163","0.0","0.0240219"
"2012-04-13 20:00:00+00:00","0.141","0.0","0.0240465"
"2012-04-13 20:30:00+00:00","0.176","0.0","0.022878"
"2012-04-13 21:00:00+00:00","0.122","0.0","0.02129745"
"2012-04-13 21:30:00+00:00","0.214","0.0","0.01966155"
"2012-04-13 22:00:00+00:00","0.135","0.0","0.0191388"
"2012-04-13 22:30:00+00:00","0.146","0.0","0.02661105"
"2012-04-13 23:00:00+00:00","0.169","0.0","0.0247599"
"2012-04-13 23:30:00+00:00","0.756","0.0","0.0268386"
"2012-04-14 00:00:00+00:00","0.688","0.0","0.02622975"
"2012-04-14 00:30:00+00:00","0.064","0.0","0.02304405"
"2012-04-14 01:00:00+00:00","0.114","0.0","0.02186325"
"2012-04-14 01:30:00+00:00","0.156","0.0","0.0217341"
"2012-04-14 02:00:00+00:00","0.141","0.0","0.01956315"
"2012-04-14 02:30:00+00:00","0.196","0.0","0.01857915"
"2012-04-14 03:00:00+00:00","0.111","0.0","0.01887435"
"2012-04-14 03:30:00+00:00","0.151","0.0","0.01812405"
"2012-04-14 04:00:00+00:00","0.138","0.0","0.01710315"
"2012-04-14 04:30:00+00:00","0.16","0.0","0.0155226"
"2012-04-14 05:00:00+00:00","0.175","0.0","0.016728"
"2012-04-14 05:30:00+00:00","0.108","0.0","0.01870215"
"2012-04-14 06:00:00+00:00","0.13","0.0","0.0171954"
"2012-04-14 06:30:00+00:00","0.064","0.0","0.01716465"
"2012-04-14 07:00:00+00:00","0.095","0.006","0.01768125"
"2012-04-14 07:30:00+00:00","0.166","0.038","0.01795185"
"2012-04-14 08:00:00+00:00","0.278","0.325","0.0187821"
"2012-04-14 08:30:00+00:00","0.232","0.369","0.0206763"
"2012-04-14 09:00:00+00:00","0.248","0.469","0.0217587"
"2012-04-14 09:30:00+00:00","0.265","0.525","0.0243909"
"2012-04-14 10:00:00+00:00","0.182","0.494","0.0241449"
"2012-04-14 10:30:00+00:00","0.122","0.606","0.0234438"
"2012-04-14 11:00:00+00:00","0.167","0.763","0.0228288"
"2012-04-14 11:30:00+00:00","0.094","0.756","0.02137125"
"2012-04-14 12:00:00+00:00","0.069","0.788","0.02097765"
"2012-04-14 12:30:00+00:00","0.148","0.706","0.02041185"
"2012-04-14 13:00:00+00:00","0.154","0.563","0.0207993"
"2012-04-14 13:30:00+00:00","0.114","0.775","0.02027655"
"2012-04-14 14:00:00+00:00","0.143","0.625","0.01980915"
"2012-04-14 14:30:00+00:00","0.198","0.306","0.01948935"
"2012-04-14 15:00:00+00:00","0.166","0.363","0.02058405"
"2012-04-14 15:30:00+00:00","0.112","0.263","0.01991985"
"2012-04-14 16:00:00+00:00","0.169","0.119","0.02055945"
"2012-04-14 16:30:00+00:00","0.119","0.031","0.0206394"
"2012-04-14 17:00:00+00:00","0.068","0.006","0.0218571"
"2012-04-14 17:30:00+00:00","0.136","0.0","0.02221995"
"2012-04-14 18:00:00+00:00","0.127","0.0","0.02894805"
"2012-04-14 18:30:00+00:00","0.172","0.0","0.03630345"
"2012-04-14 19:00:00+00:00","0.271","0.0","0.03116205"
"2012-04-14 19:30:00+00:00","0.25","0.0","0.0265434"
"2012-04-14 20:00:00+00:00","0.336","0.0","0.02378205"
"2012-04-14 20:30:00+00:00","0.175","0.0","0.0248091"
"2012-04-14 21:00:00+00:00","0.248","0.0","0.02303175"
"2012-04-14 21:30:00+00:00","0.144","0.0","0.0226074"
"2012-04-14 22:00:00+00:00","0.138","0.0","0.02208465"
"2012-04-14 22:30:00+00:00","0.21","0.0","0.0241326"
"2012-04-14 23:00:00+00:00","0.109","0.0","0.02458155"
"2012-04-14 23:30:00+00:00","0.15","0.0","0.02535645"
"2012-04-15 00:00:00+00:00","0.137","0.0","0.0217464"
"2012-04-15 00:30:00+00:00","0.114","0.0","0.02051025"
"2012-04-15 01:00:00+00:00","0.175","0.0","0.01964925"
"2012-04-15 01:30:00+00:00","0.057","0.0","0.0199014"
"2012-04-15 02:00:00+00:00","0.09","0.0","0.0192126"
"2012-04-15 02:30:00+00:00","0.099","0.0","0.01786575"
"2012-04-15 03:00:00+00:00","0.12","0.0","0.0168387"
"2012-04-15 03:30:00+00:00","0.208","0.0","0.01839465"
"2012-04-15 04:00:00+00:00","0.117","0.0","0.01859145"
"2012-04-15 04:30:00+00:00","0.16","0.0","0.01881285"
"2012-04-15 05:00:00+00:00","0.128","0.006","0.01883745"
"2012-04-15 05:30:00+00:00","0.134","0.0","0.01930485"
"2012-04-15 06:00:00+00:00","0.257","0.0","0.017835"
"2012-04-15 06:30:00+00:00","0.101","0.0","0.0176136"
"2012-04-15 07:00:00+00:00","0.106","0.0","0.01819785"
"2012-04-15 07:30:00+00:00","0.108","0.025","0.01757055"
"2012-04-15 08:00:00+00:00","0.149","0.156","0.01793955"
"2012-04-15 08:30:00+00:00","0.226","0.131","0.01892355"
"2012-04-15 09:00:00+00:00","0.251","0.175","0.0197169"
"2012-04-15 09:30:00+00:00","0.214","0.331","0.01979685"
"2012-04-15 10:00:00+00:00","0.164","0.281","0.0210576"
"2012-04-15 10:30:00+00:00","0.329","0.413","0.02235525"
"2012-04-15 11:00:00+00:00","0.224","0.444","0.02167875"
"2012-04-15 11:30:00+00:00","0.163","0.563","0.0205533"
"2012-04-15 12:00:00+00:00","0.298","0.706","0.02091615"
"2012-04-15 12:30:00+00:00","0.331","0.394","0.0214758"
"2012-04-15 13:00:00+00:00","0.216","0.306","0.02317935"
"2012-04-15 13:30:00+00:00","0.234","0.206","0.02262585"
"2012-04-15 14:00:00+00:00","0.394","0.131","0.0201105"
"2012-04-15 14:30:00+00:00","0.485","0.144","0.01946475"
"2012-04-15 15:00:00+00:00","0.25","0.2","0.0194709"
"2012-04-15 15:30:00+00:00","0.125","0.131","0.02030115"
"2012-04-15 16:00:00+00:00","0.162","0.031","0.020049"
"2012-04-15 16:30:00+00:00","0.163","0.006","0.01936635"
"2012-04-15 17:00:00+00:00","0.17","0.013","0.02026425"
"2012-04-15 17:30:00+00:00","0.244","0.0","0.02016585"
"2012-04-15 18:00:00+00:00","0.254","0.0","0.027552"
"2012-04-15 18:30:00+00:00","0.285","0.0","0.03025185"
"2012-04-15 19:00:00+00:00","0.349","0.0","0.0289542"
"2012-04-15 19:30:00+00:00","0.613","0.0","0.024477"
"2012-04-15 20:00:00+00:00","0.269","0.0","0.0204549"
"2012-04-15 20:30:00+00:00","0.171","0.0","0.0191388"
"2012-04-15 21:00:00+00:00","0.173","0.0","0.01909575"
"2012-04-15 21:30:00+00:00","0.131","0.0","0.01982145"
"2012-04-15 22:00:00+00:00","0.137","0.0","0.0191019"
"2012-04-15 22:30:00+00:00","0.266","0.0","0.0247722"
"2012-04-15 23:00:00+00:00","0.932","0.0","0.0241572"
"2012-04-15 23:30:00+00:00","0.123","0.0","0.02487675"
"2012-04-16 00:00:00+00:00","0.137","0.0","0.0252519"
"2012-04-16 00:30:00+00:00","0.213","0.0","0.0217464"
"2012-04-16 01:00:00+00:00","0.077","0.0","0.01931715"
"2012-04-16 01:30:00+00:00","0.087","0.0","0.0202335"
"2012-04-16 02:00:00+00:00","0.101","0.0","0.0202581"
"2012-04-16 02:30:00+00:00","0.066","0.0","0.01865295"
"2012-04-16 03:00:00+00:00","0.185","0.0","0.0184746"
"2012-04-16 03:30:00+00:00","0.172","0.0","0.0175644"
"2012-04-16 04:00:00+00:00","0.103","0.0","0.0175152"
"2012-04-16 04:30:00+00:00","0.23","0.0","0.01877595"
"2012-04-16 05:00:00+00:00","0.413","0.0","0.01875135"
"2012-04-16 05:30:00+00:00","0.215","0.0","0.0199014"
"2012-04-16 06:00:00+00:00","0.117","0.0","0.0204549"
"2012-04-16 06:30:00+00:00","0.057","0.0","0.0253503"
"2012-04-16 07:00:00+00:00","0.091","0.006","0.02855445"
"2012-04-16 07:30:00+00:00","0.168","0.019","0.02101455"
"2012-04-16 08:00:00+00:00","0.122","0.094","0.0237759"
"2012-04-16 08:30:00+00:00","0.164","0.35","0.0240219"
"2012-04-16 09:00:00+00:00","0.12","0.513","0.02449545"
"2012-04-16 09:30:00+00:00","0.151","0.481","0.02445855"
"2012-04-16 10:00:00+00:00","0.184","0.331","0.02450775"
"2012-04-16 10:30:00+00:00","0.047","0.369","0.0247845"
"2012-04-16 11:00:00+00:00","0.089","0.369","0.02618055"
"2012-04-16 11:30:00+00:00","0.107","0.55","0.02518425"
"2012-04-16 12:00:00+00:00","0.129","0.525","0.02415105"
"2012-04-16 12:30:00+00:00","0.154","0.438","0.02474145"
"2012-04-16 13:00:00+00:00","0.153","0.369","0.02674635"
"2012-04-16 13:30:00+00:00","0.1","0.238","0.023862"
"2012-04-16 14:00:00+00:00","0.203","0.563","0.02465535"
"2012-04-16 14:30:00+00:00","0.154","0.419","0.0227181"
"2012-04-16 15:00:00+00:00","0.09","0.594","0.02274885"
"2012-04-16 15:30:00+00:00","0.109","0.463","0.0221031"
"2012-04-16 16:00:00+00:00","0.107","0.244","0.0220539"
"2012-04-16 16:30:00+00:00","0.091","0.144","0.02256435"
"2012-04-16 17:00:00+00:00","0.173","0.038","0.02470455"
"2012-04-16 17:30:00+00:00","0.15","0.006","0.0243294"
"2012-04-16 18:00:00+00:00","0.121","0.0","0.03197385"
"2012-04-16 18:30:00+00:00","0.203","0.0","0.0313035"
"2012-04-16 19:00:00+00:00","0.155","0.0","0.0281547"
"2012-04-16 19:30:00+00:00","0.119","0.0","0.02153115"
"2012-04-16 20:00:00+00:00","0.147","0.0","0.02022735"
"2012-04-16 20:30:00+00:00","0.063","0.0","0.02149425"
"2012-04-16 21:00:00+00:00","0.105","0.0","0.02038725"
"2012-04-16 21:30:00+00:00","0.125","0.0","0.0223737"
"2012-04-16 22:00:00+00:00","0.117","0.0","0.0216234"
"2012-04-16 22:30:00+00:00","0.138","0.0","0.0273675"
"2012-04-16 23:00:00+00:00","0.155","0.0","0.02479065"
"2012-04-16 23:30:00+00:00","0.139","0.0","0.0254487"
"2012-04-17 00:00:00+00:00","0.175","0.0","0.02453235"
"2012-04-17 00:30:00+00:00","0.128","0.0","0.0215004"
"2012-04-17 01:00:00+00:00","0.052","0.0","0.0200121"
"2012-04-17 01:30:00+00:00","0.112","0.0","0.0193233"
"2012-04-17 02:00:00+00:00","0.095","0.0","0.01930485"
"2012-04-17 02:30:00+00:00","0.121","0.0","0.01884975"
"2012-04-17 03:00:00+00:00","0.161","0.0","0.01877595"
"2012-04-17 03:30:00+00:00","0.105","0.0","0.01812405"
"2012-04-17 04:00:00+00:00","0.159","0.0","0.01709085"
"2012-04-17 04:30:00+00:00","0.161","0.0","0.01661115"
"2012-04-17 05:00:00+00:00","0.14","0.0","0.01726305"
"2012-04-17 05:30:00+00:00","0.117","0.0","0.01855455"
"2012-04-17 06:00:00+00:00","0.051","0.0","0.0181179"
"2012-04-17 06:30:00+00:00","0.085","0.0","0.02005515"
"2012-04-17 07:00:00+00:00","0.135","0.0","0.02550405"
"2012-04-17 07:30:00+00:00","0.122","0.019","0.02175255"
"2012-04-17 08:00:00+00:00","0.171","0.031","0.02237985"
"2012-04-17 08:30:00+00:00","0.112","0.181","0.02237985"
"2012-04-17 09:00:00+00:00","0.126","0.194","0.021771"
"2012-04-17 09:30:00+00:00","0.182","0.131","0.02427405"
"2012-04-17 10:00:00+00:00","0.08","0.125","0.0255471"
"2012-04-17 10:30:00+00:00","0.108","0.05","0.0240957"
"2012-04-17 11:00:00+00:00","0.063","0.063","0.0230379"
"2012-04-17 11:30:00+00:00","0.08","0.056","0.0236898"
"2012-04-17 12:00:00+00:00","0.2","0.063","0.0251412"
"2012-04-17 12:30:00+00:00","0.126","0.056","0.024231"
"2012-04-17 13:00:00+00:00","0.149","0.075","0.02458155"
"2012-04-17 13:30:00+00:00","0.135","0.038","0.02503665"
"2012-04-17 14:00:00+00:00","0.108","0.031","0.0247722"
"2012-04-17 14:30:00+00:00","0.157","0.019","0.02480295"
"2012-04-17 15:00:00+00:00","0.077","0.013","0.0242433"
"2012-04-17 15:30:00+00:00","0.073","0.006","0.02225685"
"2012-04-17 16:00:00+00:00","0.104","0.019","0.022755"
"2012-04-17 16:30:00+00:00","0.114","0.0","0.02412645"
"2012-04-17 17:00:00+00:00","0.179","0.0","0.0254733"
"2012-04-17 17:30:00+00:00","0.153","0.0","0.02630355"
"2012-04-17 18:00:00+00:00","0.118","0.0","0.02887425"
"2012-04-17 18:30:00+00:00","0.165","0.0","0.02852985"
"2012-04-17 19:00:00+00:00","0.071","0.0","0.0248214"
"2012-04-17 19:30:00+00:00","0.095","0.0","0.0237513"
"2012-04-17 20:00:00+00:00","0.111","0.0","0.0251289"
"2012-04-17 20:30:00+00:00","0.066","0.0","0.02739825"
"2012-04-17 21:00:00+00:00","0.174","0.0","0.02736135"
"2012-04-17 21:30:00+00:00","0.111","0.0","0.0261129"
"2012-04-17 22:00:00+00:00","0.137","0.0","0.02341305"
"2012-04-17 22:30:00+00:00","0.187","0.0","0.0328041"
"2012-04-17 23:00:00+00:00","0.103","0.0","0.02952"
"2012-04-17 23:30:00+00:00","0.106","0.0","0.02679555"
"2012-04-18 00:00:00+00:00","0.064","0.0","0.0255471"
"2012-04-18 00:30:00+00:00","0.054","0.0","0.02085465"
"2012-04-18 01:00:00+00:00","0.173","0.0","0.0208485"
"2012-04-18 01:30:00+00:00","0.147","0.0","0.02005515"
"2012-04-18 02:00:00+00:00","0.141","0.0","0.01915725"
"2012-04-18 02:30:00+00:00","0.137","0.0","0.0182901"
"2012-04-18 03:00:00+00:00","0.11","0.0","0.01792725"
"2012-04-18 03:30:00+00:00","0.195","0.0","0.0168018"
"2012-04-18 04:00:00+00:00","0.068","0.0","0.0161745"
"2012-04-18 04:30:00+00:00","0.072","0.0","0.0170847"
"2012-04-18 05:00:00+00:00","0.083","0.0","0.0178104"
"2012-04-18 05:30:00+00:00","0.107","0.0","0.0196677"
"2012-04-18 06:00:00+00:00","0.204","0.0","0.01984605"
"2012-04-18 06:30:00+00:00","0.138","0.0","0.0245016"
"2012-04-18 07:00:00+00:00","0.131","0.0","0.02609445"
"2012-04-18 07:30:00+00:00","0.141","0.0","0.02472915"
"2012-04-18 08:00:00+00:00","0.086","0.013","0.0272937"
"2012-04-18 08:30:00+00:00","0.115","0.119","0.0253134"
"2012-04-18 09:00:00+00:00","0.093","0.031","0.0233823"
"2012-04-18 09:30:00+00:00","0.064","0.131","0.02460615"
"2012-04-18 10:00:00+00:00","0.155","0.319","0.02427405"
"2012-04-18 10:30:00+00:00","0.113","0.313","0.02594685"
"2012-04-18 11:00:00+00:00","0.163","0.019","0.02666025"
"2012-04-18 11:30:00+00:00","0.162","0.019","0.0286467"
"2012-04-18 12:00:00+00:00","0.121","0.1","0.02632815"
"2012-04-18 12:30:00+00:00","0.132","0.175","0.02816085"
"2012-04-18 13:00:00+00:00","0.052","0.013","0.03196155"
"2012-04-18 13:30:00+00:00","0.092","0.013","0.0272937"
"2012-04-18 14:00:00+00:00","0.118","0.006","0.02835765"
"2012-04-18 14:30:00+00:00","0.122","0.0","0.02793945"
"2012-04-18 15:00:00+00:00","0.174","0.013","0.0264696"
"2012-04-18 15:30:00+00:00","0.105","0.019","0.0273798"
"2012-04-18 16:00:00+00:00","0.142","0.013","0.03415095"
"2012-04-18 16:30:00+00:00","0.185","0.0","0.03240435"
"2012-04-18 17:00:00+00:00","0.07","0.0","0.0237513"
"2012-04-18 17:30:00+00:00","0.154","0.0","0.02813625"
"2012-04-18 18:00:00+00:00","0.18","0.0","0.031734"
"2012-04-18 18:30:00+00:00","0.278","0.006","0.0293601"
"2012-04-18 19:00:00+00:00","0.331","0.0","0.02463075"
"2012-04-18 19:30:00+00:00","0.255","0.0","0.02470455"
"2012-04-18 20:00:00+00:00","0.305","0.0","0.0218817"
"2012-04-18 20:30:00+00:00","0.236","0.0","0.0232593"
"2012-04-18 21:00:00+00:00","0.221","0.0","0.0215988"
"2012-04-18 21:30:00+00:00","0.133","0.0","0.0240957"
"2012-04-18 22:00:00+00:00","0.064","0.0","0.02068245"
"2012-04-18 22:30:00+00:00","0.183","0.0","0.03064545"
"2012-04-18 23:00:00+00:00","0.132","0.0","0.0232716"
"2012-04-18 23:30:00+00:00","0.129","0.0","0.0250428"
"2012-04-19 00:00:00+00:00","0.168","0.0","0.02282265"
"2012-04-19 00:30:00+00:00","0.135","0.0","0.0215373"
"2012-04-19 01:00:00+00:00","0.152","0.0","0.0209223"
"2012-04-19 01:30:00+00:00","0.121","0.0","0.02135895"
"2012-04-19 02:00:00+00:00","0.07","0.0","0.0193479"
"2012-04-19 02:30:00+00:00","0.11","0.0","0.01913265"
"2012-04-19 03:00:00+00:00","0.079","0.0","0.01866525"
"2012-04-19 03:30:00+00:00","0.134","0.0","0.01937865"
"2012-04-19 04:00:00+00:00","0.129","0.0","0.0193725"
"2012-04-19 04:30:00+00:00","0.127","0.0","0.0194586"
"2012-04-19 05:00:00+00:00","0.164","0.0","0.0188313"
"2012-04-19 05:30:00+00:00","0.142","0.0","0.0196554"
"2012-04-19 06:00:00+00:00","0.127","0.0","0.01946475"
"2012-04-19 06:30:00+00:00","0.065","0.0","0.0203073"
"2012-04-19 07:00:00+00:00","0.072","0.0","0.02315475"
"2012-04-19 07:30:00+00:00","0.085","0.013","0.0182532"
"2012-04-19 08:00:00+00:00","0.149","0.113","0.0201228"
"2012-04-19 08:30:00+00:00","0.173","0.194","0.0214758"
"2012-04-19 09:00:00+00:00","0.111","0.206","0.02338845"
"2012-04-19 09:30:00+00:00","0.125","0.481","0.0246615"
"2012-04-19 10:00:00+00:00","0.156","0.594","0.0276381"
"2012-04-19 10:30:00+00:00","0.104","0.531","0.02400345"
"2012-04-19 11:00:00+00:00","0.118","0.681","0.02309325"
"2012-04-19 11:30:00+00:00","0.071","0.488","0.02297025"
"2012-04-19 12:00:00+00:00","0.068","0.431","0.0233823"
"2012-04-19 12:30:00+00:00","0.184","0.563","0.02763195"
"2012-04-19 13:00:00+00:00","0.151","0.525","0.0224721"
"2012-04-19 13:30:00+00:00","0.16","0.375","0.02290875"
"2012-04-19 14:00:00+00:00","0.157","0.188","0.0234315"
"2012-04-19 14:30:00+00:00","0.109","0.194","0.02487675"
"2012-04-19 15:00:00+00:00","0.154","0.238","0.0280317"
"2012-04-19 15:30:00+00:00","0.125","0.138","0.0227796"
"2012-04-19 16:00:00+00:00","0.064","0.063","0.02175255"
"2012-04-19 16:30:00+00:00","0.114","0.056","0.0225828"
"2012-04-19 17:00:00+00:00","0.11","0.038","0.02782875"
"2012-04-19 17:30:00+00:00","0.13","0.0","0.02317935"
"2012-04-19 18:00:00+00:00","0.205","0.0","0.02873895"
"2012-04-19 18:30:00+00:00","0.123","0.0","0.0312543"
"2012-04-19 19:00:00+00:00","0.153","0.0","0.0232347"
"2012-04-19 19:30:00+00:00","0.138","0.0","0.0213651"
"2012-04-19 20:00:00+00:00","0.084","0.0","0.02217075"
"2012-04-19 20:30:00+00:00","0.148","0.0","0.02636505"
"2012-04-19 21:00:00+00:00","0.073","0.0","0.02331465"
"2012-04-19 21:30:00+00:00","0.077","0.0","0.0211929"
"2012-04-19 22:00:00+00:00","0.163","0.0","0.01936635"
"2012-04-19 22:30:00+00:00","0.103","0.0","0.0310083"
"2012-04-19 23:00:00+00:00","0.195","0.0","0.0317463"
"2012-04-19 23:30:00+00:00","0.14","0.0","0.0316725"
"2012-04-20 00:00:00+00:00","0.121","0.0","0.0275643"
"2012-04-20 00:30:00+00:00","0.149","0.0","0.02111295"
"2012-04-20 01:00:00+00:00","0.053","0.0","0.01945245"
"2012-04-20 01:30:00+00:00","0.12","0.0","0.01985835"
"2012-04-20 02:00:00+00:00","0.103","0.0","0.0188928"
"2012-04-20 02:30:00+00:00","0.103","0.0","0.0200613"
"2012-04-20 03:00:00+00:00","0.173","0.0","0.0186222"
"2012-04-20 03:30:00+00:00","0.112","0.0","0.01852995"
"2012-04-20 04:00:00+00:00","0.159","0.0","0.0175521"
"2012-04-20 04:30:00+00:00","0.182","0.0","0.0169248"
"2012-04-20 05:00:00+00:00","0.114","0.0","0.0181179"
"2012-04-20 05:30:00+00:00","0.124","0.0","0.0192249"
"2012-04-20 06:00:00+00:00","0.046","0.0","0.0189543"
"2012-04-20 06:30:00+00:00","0.094","0.0","0.02083005"
"2012-04-20 07:00:00+00:00","0.145","0.006","0.0207993"
"2012-04-20 07:30:00+00:00","0.11","0.05","0.01813635"
"2012-04-20 08:00:00+00:00","0.173","0.313","0.0227919"
"2012-04-20 08:30:00+00:00","0.107","0.444","0.0251412"
"2012-04-20 09:00:00+00:00","0.147","0.538","0.02645115"
"2012-04-20 09:30:00+00:00","0.188","0.619","0.02520885"
"2012-04-20 10:00:00+00:00","0.089","0.675","0.0252642"
"2012-04-20 10:30:00+00:00","0.106","0.75","0.02801325"
"2012-04-20 11:00:00+00:00","0.085","0.763","0.0303933"
"2012-04-20 11:30:00+00:00","0.073","0.719","0.02340075"
"2012-04-20 12:00:00+00:00","0.223","0.769","0.0261006"
"2012-04-20 12:30:00+00:00","0.151","0.644","0.03786555"
"2012-04-20 13:00:00+00:00","0.122","0.725","0.0232839"
"2012-04-20 13:30:00+00:00","0.169","0.688","0.0241941"
"2012-04-20 14:00:00+00:00","0.154","0.538","0.03180165"
"2012-04-20 14:30:00+00:00","0.147","0.569","0.0307131"
"2012-04-20 15:00:00+00:00","0.188","0.519","0.03622965"
"2012-04-20 15:30:00+00:00","0.097","0.413","0.0293847"
"2012-04-20 16:00:00+00:00","0.05","0.288","0.02704155"
"2012-04-20 16:30:00+00:00","0.112","0.156","0.03198615"
"2012-04-20 17:00:00+00:00","0.188","0.013","0.0297045"
"2012-04-20 17:30:00+00:00","0.143","0.0","0.0285729"
"2012-04-20 18:00:00+00:00","0.162","0.0","0.0330747"
"2012-04-20 18:30:00+00:00","0.159","0.0","0.03348675"
"2012-04-20 19:00:00+00:00","0.114","0.0","0.0295077"
"2012-04-20 19:30:00+00:00","0.201","0.0","0.03336375"
"2012-04-20 20:00:00+00:00","0.168","0.0","0.04421235"
"2012-04-20 20:30:00+00:00","0.079","0.0","0.03743505"
"2012-04-20 21:00:00+00:00","0.115","0.0","0.02666025"
"2012-04-20 21:30:00+00:00","0.074","0.0","0.0289788"
"2012-04-20 22:00:00+00:00","0.111","0.0","0.02241675"
"2012-04-20 22:30:00+00:00","0.203","0.0","0.04951365"
"2012-04-20 23:00:00+00:00","0.105","0.0","0.0378594"
"2012-04-20 23:30:00+00:00","0.159","0.0","0.04267485"
"2012-04-21 00:00:00+00:00","0.143","0.006","0.03340065"
"2012-04-21 00:30:00+00:00","0.129","0.0","0.03098985"
"2012-04-21 01:00:00+00:00","0.213","0.0","0.0249321"
"2012-04-21 01:30:00+00:00","0.17","0.0","0.0226074"
"2012-04-21 02:00:00+00:00","0.121","0.0","0.01931715"
"2012-04-21 02:30:00+00:00","0.097","0.0","0.02224455"
"2012-04-21 03:00:00+00:00","0.159","0.0","0.01975995"
"2012-04-21 03:30:00+00:00","0.154","0.0","0.01803795"
"2012-04-21 04:00:00+00:00","0.191","0.0","0.0184377"
"2012-04-21 04:30:00+00:00","0.129","0.0","0.01819785"
"2012-04-21 05:00:00+00:00","0.159","0.0","0.01867755"
"2012-04-21 05:30:00+00:00","0.179","0.0","0.01948935"
"2012-04-21 06:00:00+00:00","0.137","0.0","0.0198153"
"2012-04-21 06:30:00+00:00","0.127","0.0","0.0191265"
"2012-04-21 07:00:00+00:00","0.076","0.0","0.0205287"
"2012-04-21 07:30:00+00:00","0.097","0.038","0.0191265"
"2012-04-21 08:00:00+00:00","0.162","0.081","0.02114985"
"2012-04-21 08:30:00+00:00","0.173","0.094","0.02191245"
"2012-04-21 09:00:00+00:00","0.196","0.163","0.0258054"
"2012-04-21 09:30:00+00:00","0.117","0.369","0.02698005"
"2012-04-21 10:00:00+00:00","0.17","0.494","0.0240834"
"2012-04-21 10:30:00+00:00","0.116","0.619","0.02392965"
"2012-04-21 11:00:00+00:00","0.121","0.575","0.02432325"
"2012-04-21 11:30:00+00:00","0.12","0.775","0.02337615"
"2012-04-21 12:00:00+00:00","0.054","0.794","0.0227427"
"2012-04-21 12:30:00+00:00","0.134","0.8","0.0221646"
"2012-04-21 13:00:00+00:00","0.16","0.413","0.0225213"
"2012-04-21 13:30:00+00:00","0.148","0.738","0.02362215"
"2012-04-21 14:00:00+00:00","0.202","0.669","0.0230502"
"2012-04-21 14:30:00+00:00","0.145","0.588","0.02276115"
"2012-04-21 15:00:00+00:00","0.11","0.494","0.0237759"
"2012-04-21 15:30:00+00:00","0.172","0.394","0.02381895"
"2012-04-21 16:00:00+00:00","0.158","0.263","0.0224721"
"2012-04-21 16:30:00+00:00","0.089","0.044","0.0210576"
"2012-04-21 17:00:00+00:00","0.107","0.013","0.02114985"
"2012-04-21 17:30:00+00:00","0.093","0.0","0.02108835"
"2012-04-21 18:00:00+00:00","0.111","0.0","0.0254856"
"2012-04-21 18:30:00+00:00","0.186","0.0","0.0270723"
"2012-04-21 19:00:00+00:00","0.185","0.0","0.02191245"
"2012-04-21 19:30:00+00:00","0.121","0.0","0.01932945"
"2012-04-21 20:00:00+00:00","0.175","0.0","0.01942785"
"2012-04-21 20:30:00+00:00","0.118","0.0","0.0193971"
"2012-04-21 21:00:00+00:00","0.133","0.0","0.018696"
"2012-04-21 21:30:00+00:00","0.147","0.0","0.0189789"
"2012-04-21 22:00:00+00:00","0.058","0.0","0.0191511"
"2012-04-21 22:30:00+00:00","0.101","0.0","0.0254733"
"2012-04-21 23:00:00+00:00","0.116","0.0","0.02100225"
"2012-04-21 23:30:00+00:00","0.122","0.0","0.0214881"
"2012-04-22 00:00:00+00:00","0.203","0.0","0.01877595"
"2012-04-22 00:30:00+00:00","0.141","0.0","0.01819785"
"2012-04-22 01:00:00+00:00","0.143","0.0","0.0165066"
"2012-04-22 01:30:00+00:00","0.143","0.0","0.01677105"
"2012-04-22 02:00:00+00:00","0.081","0.0","0.0158301"
"2012-04-22 02:30:00+00:00","0.134","0.0","0.01541805"
"2012-04-22 03:00:00+00:00","0.085","0.0","0.0153258"
"2012-04-22 03:30:00+00:00","0.084","0.0","0.0153873"
"2012-04-22 04:00:00+00:00","0.147","0.0","0.01543035"
"2012-04-22 04:30:00+00:00","0.123","0.0","0.01535655"
"2012-04-22 05:00:00+00:00","0.178","0.0","0.01544265"
"2012-04-22 05:30:00+00:00","0.145","0.0","0.01544265"
"2012-04-22 06:00:00+00:00","0.148","0.0","0.01534425"
"2012-04-22 06:30:00+00:00","0.103","0.0","0.0154611"
"2012-04-22 07:00:00+00:00","0.064","0.013","0.0156333"
"2012-04-22 07:30:00+00:00","0.098","0.081","0.015375"
"2012-04-22 08:00:00+00:00","0.083","0.138","0.0162237"
"2012-04-22 08:30:00+00:00","0.17","0.2","0.01689405"
"2012-04-22 09:00:00+00:00","0.125","0.531","0.01689405"
"2012-04-22 09:30:00+00:00","0.118","0.613","0.0178104"
"2012-04-22 10:00:00+00:00","0.168","0.45","0.01817325"
"2012-04-22 10:30:00+00:00","0.134","0.356","0.018573"
"2012-04-22 11:00:00+00:00","0.168","0.294","0.01833315"
"2012-04-22 11:30:00+00:00","0.086","0.463","0.01859145"
"2012-04-22 12:00:00+00:00","0.052","0.338","0.01859145"
"2012-04-22 12:30:00+00:00","0.111","0.356","0.01765665"
"2012-04-22 13:00:00+00:00","0.134","0.319","0.01731225"
"2012-04-22 13:30:00+00:00","0.153","0.488","0.0180072"
"2012-04-22 14:00:00+00:00","0.172","0.263","0.01852995"
"2012-04-22 14:30:00+00:00","0.109","0.206","0.01859145"
"2012-04-22 15:00:00+00:00","0.145","0.15","0.01824705"
"2012-04-22 15:30:00+00:00","0.183","0.075","0.0187206"
"2012-04-22 16:00:00+00:00","0.135","0.019","0.01945245"
"2012-04-22 16:30:00+00:00","0.107","0.006","0.01957545"
"2012-04-22 17:00:00+00:00","0.111","0.006","0.01945245"
"2012-04-22 17:30:00+00:00","0.131","0.0","0.02022735"
"2012-04-22 18:00:00+00:00","0.528","0.0","0.02593455"
"2012-04-22 18:30:00+00:00","0.308","0.0","0.0259407"
"2012-04-22 19:00:00+00:00","0.514","0.0","0.0226812"
"2012-04-22 19:30:00+00:00","0.282","0.0","0.0205533"
"2012-04-22 20:00:00+00:00","0.215","0.0","0.01912035"
"2012-04-22 20:30:00+00:00","0.284","0.0","0.01928025"
"2012-04-22 21:00:00+00:00","0.191","0.0","0.01904655"
"2012-04-22 21:30:00+00:00","0.127","0.0","0.01926795"
"2012-04-22 22:00:00+00:00","0.193","0.0","0.0185976"
"2012-04-22 22:30:00+00:00","0.127","0.0","0.0208485"
"2012-04-22 23:00:00+00:00","0.142","0.0","0.018819"
"2012-04-22 23:30:00+00:00","0.21","0.0","0.0195447"
"2012-04-23 00:00:00+00:00","0.103","0.0","0.01791495"
"2012-04-23 00:30:00+00:00","0.145","0.0","0.01605765"
"2012-04-23 01:00:00+00:00","0.148","0.0","0.01543035"
"2012-04-23 01:30:00+00:00","0.082","0.0","0.01626675"
"2012-04-23 02:00:00+00:00","0.157","0.0","0.015621"
"2012-04-23 02:30:00+00:00","0.063","0.0","0.01591005"
"2012-04-23 03:00:00+00:00","0.09","0.0","0.01545495"
"2012-04-23 03:30:00+00:00","0.153","0.0","0.015252"
"2012-04-23 04:00:00+00:00","0.114","0.0","0.01540575"
"2012-04-23 04:30:00+00:00","0.208","0.0","0.01541805"
"2012-04-23 05:00:00+00:00","0.13","0.0","0.01576245"
"2012-04-23 05:30:00+00:00","0.142","0.0","0.0162114"
"2012-04-23 06:00:00+00:00","0.142","0.0","0.0169371"
"2012-04-23 06:30:00+00:00","0.077","0.0","0.02004285"
"2012-04-23 07:00:00+00:00","0.154","0.0","0.02311785"
"2012-04-23 07:30:00+00:00","0.104","0.0","0.02207235"
"2012-04-23 08:00:00+00:00","0.152","0.0","0.0283146"
"2012-04-23 08:30:00+00:00","0.519","0.013","0.02619285"
"2012-04-23 09:00:00+00:00","0.4","0.013","0.0251781"
"2012-04-23 09:30:00+00:00","0.286","0.019","0.0296922"
"2012-04-23 10:00:00+00:00","0.252","0.031","0.02651265"
"2012-04-23 10:30:00+00:00","0.512","0.038","0.0253872"
"2012-04-23 11:00:00+00:00","0.226","0.038","0.02388045"
"2012-04-23 11:30:00+00:00","0.15","0.05","0.0231363"
"2012-04-23 12:00:00+00:00","0.134","0.044","0.02375745"
"2012-04-23 12:30:00+00:00","0.265","0.038","0.02400345"
"2012-04-23 13:00:00+00:00","0.258","0.05","0.02316705"
"2012-04-23 13:30:00+00:00","0.191","0.056","0.0243417"
"2012-04-23 14:00:00+00:00","0.161","0.044","0.0258054"
"2012-04-23 14:30:00+00:00","0.214","0.044","0.02648805"
"2012-04-23 15:00:00+00:00","0.19","0.025","0.0267279"
"2012-04-23 15:30:00+00:00","0.208","0.013","0.025338"
"2012-04-23 16:00:00+00:00","0.319","0.006","0.02160495"
"2012-04-23 16:30:00+00:00","0.081","0.0","0.02097765"
"2012-04-23 17:00:00+00:00","0.209","0.0","0.022263"
"2012-04-23 17:30:00+00:00","0.283","0.0","0.0219924"
"2012-04-23 18:00:00+00:00","0.635","0.0","0.03030105"
"2012-04-23 18:30:00+00:00","0.29","0.0","0.0358914"
"2012-04-23 19:00:00+00:00","0.254","0.0","0.0278472"
"2012-04-23 19:30:00+00:00","0.298","0.0","0.02036265"
"2012-04-23 20:00:00+00:00","0.24","0.0","0.0210822"
"2012-04-23 20:30:00+00:00","0.202","0.0","0.02295795"
"2012-04-23 21:00:00+00:00","0.121","0.0","0.02420025"
"2012-04-23 21:30:00+00:00","0.09","0.0","0.02583"
"2012-04-23 22:00:00+00:00","0.048","0.0","0.0239112"
"2012-04-23 22:30:00+00:00","0.181","0.0","0.0290403"
"2012-04-23 23:00:00+00:00","0.496","0.0","0.02678325"
"2012-04-23 23:30:00+00:00","0.668","0.0","0.0272199"
"2012-04-24 00:00:00+00:00","0.131","0.0","0.02613135"
"2012-04-24 00:30:00+00:00","0.117","0.0","0.02367135"
"2012-04-24 01:00:00+00:00","0.123","0.0","0.0219063"
"2012-04-24 01:30:00+00:00","0.045","0.0","0.0216849"
"2012-04-24 02:00:00+00:00","0.135","0.0","0.01942785"
"2012-04-24 02:30:00+00:00","0.083","0.0","0.0173184"
"2012-04-24 03:00:00+00:00","0.138","0.0","0.0157317"
"2012-04-24 03:30:00+00:00","0.143","0.0","0.0173676"
"2012-04-24 04:00:00+00:00","0.113","0.0","0.0168756"
"2012-04-24 04:30:00+00:00","0.178","0.0","0.0174414"
"2012-04-24 05:00:00+00:00","0.14","0.0","0.01805025"
"2012-04-24 05:30:00+00:00","0.116","0.0","0.01859145"
"2012-04-24 06:00:00+00:00","0.054","0.0","0.02087925"
"2012-04-24 06:30:00+00:00","0.1","0.0","0.02597145"
"2012-04-24 07:00:00+00:00","0.283","0.006","0.03137115"
"2012-04-24 07:30:00+00:00","0.249","0.05","0.023493"
"2012-04-24 08:00:00+00:00","0.232","0.288","0.0281178"
"2012-04-24 08:30:00+00:00","0.116","0.444","0.02702925"
"2012-04-24 09:00:00+00:00","0.165","0.544","0.02579925"
"2012-04-24 09:30:00+00:00","0.111","0.631","0.02768115"
"2012-04-24 10:00:00+00:00","0.142","0.694","0.0248214"
"2012-04-24 10:30:00+00:00","0.119","0.763","0.02488905"
"2012-04-24 11:00:00+00:00","0.105","0.763","0.0265557"
"2012-04-24 11:30:00+00:00","0.252","0.513","0.0257808"
"2012-04-24 12:00:00+00:00","0.263","0.725","0.02466765"
"2012-04-24 12:30:00+00:00","0.33","0.838","0.02786565"
"2012-04-24 13:00:00+00:00","0.234","0.625","0.02944005"
"2012-04-24 13:30:00+00:00","0.194","0.581","0.02674635"
"2012-04-24 14:00:00+00:00","0.122","0.35","0.02480295"
"2012-04-24 14:30:00+00:00","0.186","0.094","0.0238005"
"2012-04-24 15:00:00+00:00","0.173","0.313","0.02261355"
"2012-04-24 15:30:00+00:00","0.153","0.238","0.02079315"
"2012-04-24 16:00:00+00:00","0.319","0.2","0.02075625"
"2012-04-24 16:30:00+00:00","0.183","0.025","0.0198153"
"2012-04-24 17:00:00+00:00","0.205","0.038","0.0206517"
"2012-04-24 17:30:00+00:00","0.27","0.0","0.0212421"
"2012-04-24 18:00:00+00:00","0.381","0.0","0.02631585"
"2012-04-24 18:30:00+00:00","0.34","0.0","0.02509815"
"2012-04-24 19:00:00+00:00","0.205","0.0","0.022878"
"2012-04-24 19:30:00+00:00","0.36","0.0","0.0200244"
"2012-04-24 20:00:00+00:00","0.218","0.0","0.0193848"
"2012-04-24 20:30:00+00:00","0.2","0.0","0.02185095"
"2012-04-24 21:00:00+00:00","0.296","0.0","0.0215619"
"2012-04-24 21:30:00+00:00","0.107","0.0","0.02208465"
"2012-04-24 22:00:00+00:00","0.076","0.0","0.0215004"
"2012-04-24 22:30:00+00:00","0.122","0.0","0.03448305"
"2012-04-24 23:00:00+00:00","0.135","0.0","0.0285483"
"2012-04-24 23:30:00+00:00","0.196","0.0","0.03100215"
"2012-04-25 00:00:00+00:00","0.13","0.0","0.0266664"
"2012-04-25 00:30:00+00:00","0.157","0.0","0.02249055"
"2012-04-25 01:00:00+00:00","0.154","0.0","0.0218817"
"2012-04-25 01:30:00+00:00","0.058","0.0","0.0214389"
"2012-04-25 02:00:00+00:00","0.12","0.0","0.0187083"
"2012-04-25 02:30:00+00:00","0.062","0.0","0.01830855"
"2012-04-25 03:00:00+00:00","0.129","0.0","0.01940325"
"2012-04-25 03:30:00+00:00","0.111","0.0","0.0169494"
"2012-04-25 04:00:00+00:00","0.148","0.0","0.01587315"
"2012-04-25 04:30:00+00:00","0.115","0.0","0.01621755"
"2012-04-25 05:00:00+00:00","0.161","0.0","0.01690635"
"2012-04-25 05:30:00+00:00","0.081","0.0","0.01646355"
"2012-04-25 06:00:00+00:00","0.044","0.0","0.0164574"
"2012-04-25 06:30:00+00:00","0.107","0.0","0.01737375"
"2012-04-25 07:00:00+00:00","0.275","0.0","0.0163713"
"2012-04-25 07:30:00+00:00","0.362","0.075","0.0165558"
"2012-04-25 08:00:00+00:00","0.407","0.344","0.01795185"
"2012-04-25 08:30:00+00:00","0.137","0.475","0.01854225"
"2012-04-25 09:00:00+00:00","0.12","0.581","0.0190404"
"2012-04-25 09:30:00+00:00","0.078","0.675","0.01926795"
"2012-04-25 10:00:00+00:00","0.09","0.738","0.0192495"
"2012-04-25 10:30:00+00:00","0.084","0.794","0.01912035"
"2012-04-25 11:00:00+00:00","0.115","0.825","0.01958775"
"2012-04-25 11:30:00+00:00","0.123","0.844","0.0194463"
"2012-04-25 12:00:00+00:00","0.132","0.844","0.0197907"
"2012-04-25 12:30:00+00:00","0.148","0.838","0.0196062"
"2012-04-25 13:00:00+00:00","0.143","0.813","0.0188805"
"2012-04-25 13:30:00+00:00","0.188","0.769","0.0192495"
"2012-04-25 14:00:00+00:00","0.145","0.706","0.01894815"
"2012-04-25 14:30:00+00:00","0.134","0.631","0.0185607"
"2012-04-25 15:00:00+00:00","0.169","0.538","0.0185853"
"2012-04-25 15:30:00+00:00","0.316","0.431","0.018573"
"2012-04-25 16:00:00+00:00","0.245","0.294","0.0185976"
"2012-04-25 16:30:00+00:00","0.246","0.163","0.01859145"
"2012-04-25 17:00:00+00:00","0.216","0.025","0.019803"
"2012-04-25 17:30:00+00:00","0.512","0.0","0.02223225"
"2012-04-25 18:00:00+00:00","0.366","0.0","0.0391878"
"2012-04-25 18:30:00+00:00","0.305","0.0","0.0377856"
"2012-04-25 19:00:00+00:00","0.156","0.0","0.0260022"
"2012-04-25 19:30:00+00:00","0.423","0.0","0.0214635"
"2012-04-25 20:00:00+00:00","0.215","0.0","0.02032575"
"2012-04-25 20:30:00+00:00","0.118","0.0","0.02065785"
"2012-04-25 21:00:00+00:00","0.171","0.0","0.0207009"
"2012-04-25 21:30:00+00:00","0.128","0.0","0.0215619"
"2012-04-25 22:00:00+00:00","0.196","0.0","0.0212298"
"2012-04-25 22:30:00+00:00","0.113","0.0","0.02190015"
"2012-04-25 23:00:00+00:00","0.152","0.0","0.0218817"
"2012-04-25 23:30:00+00:00","0.063","0.0","0.0222999"
"2012-04-26 00:00:00+00:00","0.086","0.0","0.0216972"
"2012-04-26 00:30:00+00:00","0.111","0.0","0.0211191"
"2012-04-26 01:00:00+00:00","0.082","0.0","0.0189051"
"2012-04-26 01:30:00+00:00","0.157","0.0","0.0188436"
"2012-04-26 02:00:00+00:00","0.104","0.0","0.01757055"
"2012-04-26 02:30:00+00:00","0.154","0.0","0.0159777"
"2012-04-26 03:00:00+00:00","0.126","0.0","0.0154857"
"2012-04-26 03:30:00+00:00","0.61","0.0","0.01835775"
"2012-04-26 04:00:00+00:00","0.471","0.0","0.01621755"
"2012-04-26 04:30:00+00:00","0.064","0.0","0.0148461"
"2012-04-26 05:00:00+00:00","0.089","0.0","0.0156456"
"2012-04-26 05:30:00+00:00","0.118","0.0","0.0192372"
"2012-04-26 06:00:00+00:00","0.18","0.0","0.0169125"
"2012-04-26 06:30:00+00:00","0.135","0.0","0.0188682"
"2012-04-26 07:00:00+00:00","0.258","0.006","0.02233065"
"2012-04-26 07:30:00+00:00","0.215","0.075","0.020541"
"2012-04-26 08:00:00+00:00","0.251","0.313","0.0224352"
"2012-04-26 08:30:00+00:00","0.21","0.388","0.01953855"
"2012-04-26 09:00:00+00:00","0.128","0.506","0.01932945"
"2012-04-26 09:30:00+00:00","0.133","0.606","0.0197046"
"2012-04-26 10:00:00+00:00","0.156","0.669","0.02035035"
"2012-04-26 10:30:00+00:00","0.107","0.719","0.01919415"
"2012-04-26 11:00:00+00:00","0.164","0.8","0.01913265"
"2012-04-26 11:30:00+00:00","0.14","0.813","0.01932945"
"2012-04-26 12:00:00+00:00","0.339","0.813","0.01957545"
"2012-04-26 12:30:00+00:00","0.236","0.813","0.0193479"
"2012-04-26 13:00:00+00:00","0.182","0.8","0.0194586"
"2012-04-26 13:30:00+00:00","0.122","0.756","0.01935405"
"2012-04-26 14:00:00+00:00","0.158","0.681","0.01935405"
"2012-04-26 14:30:00+00:00","0.193","0.5","0.0194094"
"2012-04-26 15:00:00+00:00","0.152","0.131","0.01937865"
"2012-04-26 15:30:00+00:00","0.182","0.313","0.01930485"
"2012-04-26 16:00:00+00:00","0.225","0.194","0.0194955"
"2012-04-26 16:30:00+00:00","0.188","0.163","0.0193356"
"2012-04-26 17:00:00+00:00","0.336","0.025","0.01924335"
"2012-04-26 17:30:00+00:00","0.277","0.0","0.0208116"
"2012-04-26 18:00:00+00:00","0.374","0.0","0.0249198"
"2012-04-26 18:30:00+00:00","0.273","0.0","0.0269124"
"2012-04-26 19:00:00+00:00","0.207","0.0","0.02444625"
"2012-04-26 19:30:00+00:00","0.218","0.0","0.0218571"
"2012-04-26 20:00:00+00:00","0.394","0.0","0.0223983"
"2012-04-26 20:30:00+00:00","0.26","0.0","0.02049795"
"2012-04-26 21:00:00+00:00","0.175","0.0","0.02106375"
"2012-04-26 21:30:00+00:00","0.136","0.0","0.0194586"
"2012-04-26 22:00:00+00:00","0.12","0.0","0.0186714"
"2012-04-26 22:30:00+00:00","0.146","0.0","0.02117445"
"2012-04-26 23:00:00+00:00","0.082","0.0","0.0200982"
"2012-04-26 23:30:00+00:00","0.119","0.0","0.02153115"
"2012-04-27 00:00:00+00:00","0.042","0.0","0.0214389"
"2012-04-27 00:30:00+00:00","0.141","0.0","0.0204549"
"2012-04-27 01:00:00+00:00","0.115","0.0","0.0204303"
"2012-04-27 01:30:00+00:00","0.174","0.0","0.02025195"
"2012-04-27 02:00:00+00:00","0.139","0.0","0.0211191"
"2012-04-27 02:30:00+00:00","0.147","0.0","0.0182532"
"2012-04-27 03:00:00+00:00","0.087","0.0","0.01792725"
"2012-04-27 03:30:00+00:00","0.077","0.0","0.01616835"
"2012-04-27 04:00:00+00:00","0.067","0.0","0.01599615"
"2012-04-27 04:30:00+00:00","0.317","0.0","0.0168387"
"2012-04-27 05:00:00+00:00","0.377","0.0","0.01776735"
"2012-04-27 05:30:00+00:00","0.124","0.0","0.01994445"
"2012-04-27 06:00:00+00:00","0.153","0.006","0.01877595"
"2012-04-27 06:30:00+00:00","0.102","0.0","0.0224229"
"2012-04-27 07:00:00+00:00","0.13","0.006","0.02684475"
"2012-04-27 07:30:00+00:00","0.066","0.038","0.0232224"
"2012-04-27 08:00:00+00:00","0.117","0.138","0.0257685"
"2012-04-27 08:30:00+00:00","0.051","0.35","0.0266541"
"2012-04-27 09:00:00+00:00","0.13","0.45","0.02491365"
"2012-04-27 09:30:00+00:00","0.123","0.544","0.02502435"
"2012-04-27 10:00:00+00:00","0.132","0.663","0.02437245"
"2012-04-27 10:30:00+00:00","0.175","0.681","0.0239973"
"2012-04-27 11:00:00+00:00","0.127","0.769","0.0195078"
"2012-04-27 11:30:00+00:00","0.146","0.781","0.0189297"
"2012-04-27 12:00:00+00:00","0.048","0.775","0.01985835"
"2012-04-27 12:30:00+00:00","0.089","0.775","0.02052255"
"2012-04-27 13:00:00+00:00","0.106","0.75","0.01994445"
"2012-04-27 13:30:00+00:00","0.157","0.606","0.0221154"
"2012-04-27 14:00:00+00:00","0.174","0.494","0.02359755"
"2012-04-27 14:30:00+00:00","0.113","0.381","0.01952625"
"2012-04-27 15:00:00+00:00","0.145","0.3","0.0196923"
"2012-04-27 15:30:00+00:00","0.157","0.281","0.01909575"
"2012-04-27 16:00:00+00:00","0.141","0.188","0.01952625"
"2012-04-27 16:30:00+00:00","0.127","0.094","0.01983375"
"2012-04-27 17:00:00+00:00","0.068","0.006","0.0200367"
"2012-04-27 17:30:00+00:00","0.146","0.0","0.02095305"
"2012-04-27 18:00:00+00:00","0.294","0.0","0.02603295"
"2012-04-27 18:30:00+00:00","0.218","0.0","0.0277119"
"2012-04-27 19:00:00+00:00","0.221","0.0","0.02421255"
"2012-04-27 19:30:00+00:00","0.307","0.0","0.0204672"
"2012-04-27 20:00:00+00:00","0.21","0.0","0.0202458"
"2012-04-27 20:30:00+00:00","0.205","0.0","0.0191019"
"2012-04-27 21:00:00+00:00","0.137","0.0","0.0199875"
"2012-04-27 21:30:00+00:00","0.099","0.0","0.0190035"
"2012-04-27 22:00:00+00:00","0.112","0.0","0.0187698"
"2012-04-27 22:30:00+00:00","0.043","0.0","0.02202315"
"2012-04-27 23:00:00+00:00","0.154","0.0","0.02159265"
"2012-04-27 23:30:00+00:00","0.111","0.0","0.0239112"
"2012-04-28 00:00:00+00:00","0.143","0.0","0.0220539"
"2012-04-28 00:30:00+00:00","0.18","0.0","0.0211068"
"2012-04-28 01:00:00+00:00","0.131","0.0","0.0203196"
"2012-04-28 01:30:00+00:00","0.11","0.0","0.022509"
"2012-04-28 02:00:00+00:00","0.052","0.0","0.02491365"
"2012-04-28 02:30:00+00:00","0.103","0.0","0.01632825"
"2012-04-28 03:00:00+00:00","0.065","0.0","0.0163467"
"2012-04-28 03:30:00+00:00","0.185","0.0","0.0168264"
"2012-04-28 04:00:00+00:00","0.127","0.0","0.01941555"
"2012-04-28 04:30:00+00:00","0.129","0.0","0.0162729"
"2012-04-28 05:00:00+00:00","0.14","0.0","0.01631595"
"2012-04-28 05:30:00+00:00","0.095","0.0","0.0172815"
"2012-04-28 06:00:00+00:00","0.118","0.0","0.0185607"
"2012-04-28 06:30:00+00:00","0.226","0.0","0.0175398"
"2012-04-28 07:00:00+00:00","0.155","0.0","0.0181425"
"2012-04-28 07:30:00+00:00","0.174","0.025","0.01918185"
"2012-04-28 08:00:00+00:00","0.24","0.05","0.0220908"
"2012-04-28 08:30:00+00:00","0.233","0.106","0.0239358"
"2012-04-28 09:00:00+00:00","0.252","0.144","0.021894"
"2012-04-28 09:30:00+00:00","0.401","0.138","0.02333925"
"2012-04-28 10:00:00+00:00","0.592","0.269","0.02118675"
"2012-04-28 10:30:00+00:00","0.658","0.394","0.0209223"
"2012-04-28 11:00:00+00:00","0.147","0.463","0.0197907"
"2012-04-28 11:30:00+00:00","0.19","0.344","0.0209223"
"2012-04-28 12:00:00+00:00","0.269","0.3","0.0214635"
"2012-04-28 12:30:00+00:00","0.247","0.306","0.01975995"
"2012-04-28 13:00:00+00:00","0.472","0.344","0.0220785"
"2012-04-28 13:30:00+00:00","0.269","0.331","0.0204426"
"2012-04-28 14:00:00+00:00","0.177","0.238","0.0190896"
"2012-04-28 14:30:00+00:00","0.232","0.188","0.01920645"
"2012-04-28 15:00:00+00:00","0.186","0.175","0.0191757"
"2012-04-28 15:30:00+00:00","0.14","0.156","0.0191388"
"2012-04-28 16:00:00+00:00","0.394","0.106","0.01947705"
"2012-04-28 16:30:00+00:00","0.21","0.056","0.01888665"
"2012-04-28 17:00:00+00:00","0.309","0.013","0.01931715"
"2012-04-28 17:30:00+00:00","0.33","0.0","0.0204549"
"2012-04-28 18:00:00+00:00","0.262","0.0","0.02527035"
"2012-04-28 18:30:00+00:00","0.214","0.0","0.02485215"
"2012-04-28 19:00:00+00:00","0.389","0.0","0.0195324"
"2012-04-28 19:30:00+00:00","0.163","0.0","0.01859145"
"2012-04-28 20:00:00+00:00","0.191","0.0","0.0189174"
"2012-04-28 20:30:00+00:00","0.188","0.0","0.01866525"
"2012-04-28 21:00:00+00:00","0.124","0.0","0.0186222"
"2012-04-28 21:30:00+00:00","0.162","0.0","0.01987065"
"2012-04-28 22:00:00+00:00","0.119","0.0","0.01908345"
"2012-04-28 22:30:00+00:00","0.175","0.0","0.02064555"
"2012-04-28 23:00:00+00:00","0.129","0.0","0.019926"
"2012-04-28 23:30:00+00:00","0.172","0.0","0.01982145"
"2012-04-29 00:00:00+00:00","0.058","0.0","0.01923105"
"2012-04-29 00:30:00+00:00","0.083","0.0","0.0185361"
"2012-04-29 01:00:00+00:00","0.067","0.0","0.018327"
"2012-04-29 01:30:00+00:00","0.115","0.0","0.01883745"
"2012-04-29 02:00:00+00:00","0.167","0.0","0.02023965"
"2012-04-29 02:30:00+00:00","0.138","0.0","0.01707855"
"2012-04-29 03:00:00+00:00","0.152","0.0","0.01572555"
"2012-04-29 03:30:00+00:00","0.101","0.0","0.01496295"
"2012-04-29 04:00:00+00:00","0.113","0.006","0.0149322"
"2012-04-29 04:30:00+00:00","0.051","0.0","0.0154119"
"2012-04-29 05:00:00+00:00","0.123","0.0","0.0152274"
"2012-04-29 05:30:00+00:00","0.075","0.0","0.0155226"
"2012-04-29 06:00:00+00:00","0.158","0.0","0.0153504"
"2012-04-29 06:30:00+00:00","0.112","0.0","0.01544265"
"2012-04-29 07:00:00+00:00","0.138","0.0","0.0165681"
"2012-04-29 07:30:00+00:00","0.314","0.069","0.01679565"
"2012-04-29 08:00:00+00:00","0.155","0.3","0.0170724"
"2012-04-29 08:30:00+00:00","0.117","0.438","0.01866525"
"2012-04-29 09:00:00+00:00","0.266","0.538","0.01980915"
"2012-04-29 09:30:00+00:00","0.183","0.625","0.0199014"
"2012-04-29 10:00:00+00:00","0.235","0.688","0.020295"
"2012-04-29 10:30:00+00:00","0.226","0.138","0.0203319"
"2012-04-29 11:00:00+00:00","0.201","0.025","0.02049795"
"2012-04-29 11:30:00+00:00","0.203","0.038","0.02052255"
"2012-04-29 12:00:00+00:00","0.152","0.038","0.02039955"
"2012-04-29 12:30:00+00:00","0.144","0.044","0.0205041"
"2012-04-29 13:00:00+00:00","0.246","0.069","0.01957545"
"2012-04-29 13:30:00+00:00","0.195","0.088","0.0192987"
"2012-04-29 14:00:00+00:00","0.218","0.169","0.01928025"
"2012-04-29 14:30:00+00:00","0.198","0.081","0.0192495"
"2012-04-29 15:00:00+00:00","0.242","0.063","0.0192864"
"2012-04-29 15:30:00+00:00","0.445","0.056","0.0193233"
"2012-04-29 16:00:00+00:00","0.18","0.113","0.01921875"
"2012-04-29 16:30:00+00:00","0.367","0.063","0.0189051"
"2012-04-29 17:00:00+00:00","0.175","0.006","0.0202458"
"2012-04-29 17:30:00+00:00","0.219","0.0","0.02214"
"2012-04-29 18:00:00+00:00","0.554","0.0","0.030258"
"2012-04-29 18:30:00+00:00","0.294","0.0","0.0412665"
"2012-04-29 19:00:00+00:00","0.427","0.0","0.02266275"
"2012-04-29 19:30:00+00:00","0.208","0.0","0.02144505"
"2012-04-29 20:00:00+00:00","0.326","0.0","0.01930485"
"2012-04-29 20:30:00+00:00","0.231","0.0","0.0191634"
"2012-04-29 21:00:00+00:00","0.118","0.0","0.0194955"
"2012-04-29 21:30:00+00:00","0.071","0.0","0.0194217"
"2012-04-29 22:00:00+00:00","0.078","0.0","0.01878825"
"2012-04-29 22:30:00+00:00","0.09","0.0","0.0193725"
"2012-04-29 23:00:00+00:00","1.019","0.0","0.0186837"
"2012-04-29 23:30:00+00:00","0.137","0.0","0.0195816"
"2012-04-30 00:00:00+00:00","0.118","0.0","0.0191511"
"2012-04-30 00:30:00+00:00","0.137","0.0","0.01912035"
"2012-04-30 01:00:00+00:00","0.087","0.0","0.01941555"
"2012-04-30 01:30:00+00:00","0.109","0.0","0.01937865"
"2012-04-30 02:00:00+00:00","0.069","0.0","0.0184746"
"2012-04-30 02:30:00+00:00","0.092","0.0","0.01529505"
"2012-04-30 03:00:00+00:00","0.094","0.0","0.01520895"
"2012-04-30 03:30:00+00:00","0.155","0.0","0.0157194"
"2012-04-30 04:00:00+00:00","0.104","0.0","0.0152889"
"2012-04-30 04:30:00+00:00","0.151","0.0","0.01508595"
"2012-04-30 05:00:00+00:00","0.117","0.0","0.01594695"
"2012-04-30 05:30:00+00:00","0.071","0.0","0.017835"
"2012-04-30 06:00:00+00:00","0.064","0.0","0.0188682"
"2012-04-30 06:30:00+00:00","0.265","0.0","0.0204426"
"2012-04-30 07:00:00+00:00","0.135","0.0","0.02118675"
"2012-04-30 07:30:00+00:00","0.155","0.006","0.0221523"
"2012-04-30 08:00:00+00:00","0.493","0.163","0.02669715"
"2012-04-30 08:30:00+00:00","0.127","0.325","0.0265434"
"2012-04-30 09:00:00+00:00","0.16","0.506","0.0248706"
"2012-04-30 09:30:00+00:00","0.077","0.656","0.0247599"
"2012-04-30 10:00:00+00:00","0.209","0.694","0.02367135"
"2012-04-30 10:30:00+00:00","0.088","0.6","0.0237513"
"2012-04-30 11:00:00+00:00","0.171","0.625","0.02234295"
"2012-04-30 11:30:00+00:00","0.202","0.675","0.02197395"
"2012-04-30 12:00:00+00:00","0.182","0.7","0.02267505"
"2012-04-30 12:30:00+00:00","0.188","0.538","0.02223225"
"2012-04-30 13:00:00+00:00","0.311","0.513","0.02213385"
"2012-04-30 13:30:00+00:00","0.239","0.494","0.0219678"
"2012-04-30 14:00:00+00:00","0.096","0.419","0.02210925"
"2012-04-30 14:30:00+00:00","0.353","0.388","0.0221892"
"2012-04-30 15:00:00+00:00","0.286","0.363","0.02209695"
"2012-04-30 15:30:00+00:00","0.256","0.119","0.02194935"
"2012-04-30 16:00:00+00:00","0.27","0.194","0.0219801"
"2012-04-30 16:30:00+00:00","0.23","0.15","0.02204775"
"2012-04-30 17:00:00+00:00","0.31","0.025","0.0227427"
"2012-04-30 17:30:00+00:00","0.234","0.0","0.022386"
"2012-04-30 18:00:00+00:00","0.42","0.0","0.04472895"
"2012-04-30 18:30:00+00:00","0.306","0.0","0.02904645"
"2012-04-30 19:00:00+00:00","0.149","0.0","0.02512275"
"2012-04-30 19:30:00+00:00","0.208","0.0","0.02121135"
"2012-04-30 20:00:00+00:00","0.351","0.0","0.02102685"
"2012-04-30 20:30:00+00:00","0.19","0.0","0.02033805"
"2012-04-30 21:00:00+00:00","0.251","0.0","0.0197538"
"2012-04-30 21:30:00+00:00","0.239","0.0","0.0208362"
"2012-04-30 22:00:00+00:00","0.183","0.0","0.01850535"
"2012-04-30 22:30:00+00:00","0.151","0.0","0.0226812"
"2012-04-30 23:00:00+00:00","0.063","0.0","0.0177612"
"2012-04-30 23:30:00+00:00","0.08","0.0","0.02021505"
"2012-05-01 00:00:00+00:00","0.043","0.0","0.01980915"
"2012-05-01 00:30:00+00:00","0.134","0.0","0.0196554"
"2012-05-01 01:00:00+00:00","0.135","0.0","0.01947705"
"2012-05-01 01:30:00+00:00","0.17","0.0","0.02129745"
"2012-05-01 02:00:00+00:00","0.101","0.0","0.01862835"
"2012-05-01 02:30:00+00:00","0.134","0.0","0.01841925"
"2012-05-01 03:00:00+00:00","0.074","0.0","0.0162852"
"2012-05-01 03:30:00+00:00","0.068","0.0","0.01503675"
"2012-05-01 04:00:00+00:00","0.094","0.0","0.0161253"
"2012-05-01 04:30:00+00:00","0.089","0.0","0.01533195"
"2012-05-01 05:00:00+00:00","0.168","0.0","0.01726305"
"2012-05-01 05:30:00+00:00","0.113","0.0","0.0184746"
"2012-05-01 06:00:00+00:00","0.159","0.0","0.0176751"
"2012-05-01 06:30:00+00:00","0.109","0.0","0.0192618"
"2012-05-01 07:00:00+00:00","0.267","0.0","0.02247825"
"2012-05-01 07:30:00+00:00","0.128","0.075","0.0187206"
"2012-05-01 08:00:00+00:00","0.302","0.306","0.0215619"
"2012-05-01 08:30:00+00:00","0.512","0.431","0.0208854"
"2012-05-01 09:00:00+00:00","0.222","0.538","0.0196677"
"2012-05-01 09:30:00+00:00","0.21","0.613","0.0196923"
"2012-05-01 10:00:00+00:00","0.191","0.644","0.0196431"
"2012-05-01 10:30:00+00:00","0.236","0.738","0.02156805"
"2012-05-01 11:00:00+00:00","0.263","0.775","0.02221995"
"2012-05-01 11:30:00+00:00","0.237","0.806","0.0215127"
"2012-05-01 12:00:00+00:00","0.292","0.806","0.02049795"
"2012-05-01 12:30:00+00:00","0.103","0.813","0.0216603"
"2012-05-01 13:00:00+00:00","0.151","0.556","0.02316705"
"2012-05-01 13:30:00+00:00","0.094","0.719","0.0220662"
"2012-05-01 14:00:00+00:00","0.155","0.675","0.02158035"
"2012-05-01 14:30:00+00:00","0.177","0.606","0.0215373"
"2012-05-01 15:00:00+00:00","0.118","0.525","0.021894"
"2012-05-01 15:30:00+00:00","0.209","0.3","0.0226689"
"2012-05-01 16:00:00+00:00","0.242","0.15","0.02204775"
"2012-05-01 16:30:00+00:00","0.173","0.144","0.020049"
"2012-05-01 17:00:00+00:00","0.203","0.013","0.01948935"
"2012-05-01 17:30:00+00:00","0.201","0.0","0.02169105"
"2012-05-01 18:00:00+00:00","0.3","0.0","0.02918175"
"2012-05-01 18:30:00+00:00","0.256","0.0","0.02745975"
"2012-05-01 19:00:00+00:00","0.296","0.0","0.02437245"
"2012-05-01 19:30:00+00:00","0.247","0.0","0.02076855"
"2012-05-01 20:00:00+00:00","0.319","0.0","0.0192126"
"2012-05-01 20:30:00+00:00","0.137","0.0","0.01950165"
"2012-05-01 21:00:00+00:00","0.217","0.0","0.02126055"
"2012-05-01 21:30:00+00:00","0.073","0.0","0.02235525"
"2012-05-01 22:00:00+00:00","0.106","0.0","0.0192372"
"2012-05-01 22:30:00+00:00","0.862","0.0","0.0246615"
"2012-05-01 23:00:00+00:00","0.145","0.0","0.02177715"
"2012-05-01 23:30:00+00:00","0.149","0.0","0.0248214"
"2012-05-02 00:00:00+00:00","0.165","0.0","0.0232839"
"2012-05-02 00:30:00+00:00","0.124","0.0","0.01942785"
"2012-05-02 01:00:00+00:00","0.124","0.0","0.0193356"
"2012-05-02 01:30:00+00:00","0.121","0.0","0.02009205"
"2012-05-02 02:00:00+00:00","0.064","0.0","0.0195693"
"2012-05-02 02:30:00+00:00","0.12","0.0","0.01732455"
"2012-05-02 03:00:00+00:00","0.071","0.0","0.0156579"
"2012-05-02 03:30:00+00:00","0.136","0.0","0.0150306"
"2012-05-02 04:00:00+00:00","0.107","0.0","0.015006"
"2012-05-02 04:30:00+00:00","0.156","0.0","0.0151659"
"2012-05-02 05:00:00+00:00","0.098","0.0","0.0154857"
"2012-05-02 05:30:00+00:00","0.183","0.0","0.01732455"
"2012-05-02 06:00:00+00:00","0.057","0.0","0.018327"
"2012-05-02 06:30:00+00:00","0.096","0.0","0.0193356"
"2012-05-02 07:00:00+00:00","0.055","0.0","0.0196554"
"2012-05-02 07:30:00+00:00","0.117","0.081","0.0177981"
"2012-05-02 08:00:00+00:00","0.294","0.3","0.0188805"
"2012-05-02 08:30:00+00:00","0.417","0.425","0.0190527"
"2012-05-02 09:00:00+00:00","0.228","0.531","0.0187452"
"2012-05-02 09:30:00+00:00","0.128","0.606","0.01850535"
"2012-05-02 10:00:00+00:00","0.269","0.669","0.01843155"
"2012-05-02 10:30:00+00:00","0.171","0.706","0.0186468"
"2012-05-02 11:00:00+00:00","0.11","0.744","0.0184254"
"2012-05-02 11:30:00+00:00","0.113","0.756","0.0186345"
"2012-05-02 12:00:00+00:00","0.117","0.75","0.01872675"
"2012-05-02 12:30:00+00:00","0.171","0.744","0.0189789"
"2012-05-02 13:00:00+00:00","0.111","0.713","0.0187698"
"2012-05-02 13:30:00+00:00","0.152","0.675","0.01947705"
"2012-05-02 14:00:00+00:00","0.314","0.631","0.0192618"
"2012-05-02 14:30:00+00:00","0.212","0.444","0.0189543"
"2012-05-02 15:00:00+00:00","0.185","0.288","0.01896045"
"2012-05-02 15:30:00+00:00","0.067","0.306","0.0185484"
"2012-05-02 16:00:00+00:00","0.096","0.088","0.01919415"
"2012-05-02 16:30:00+00:00","0.152","0.056","0.0189297"
"2012-05-02 17:00:00+00:00","0.156","0.006","0.0187329"
"2012-05-02 17:30:00+00:00","0.272","0.0","0.0201105"
"2012-05-02 18:00:00+00:00","0.461","0.0","0.0249321"
"2012-05-02 18:30:00+00:00","0.321","0.0","0.02669715"
"2012-05-02 19:00:00+00:00","0.272","0.0","0.0207624"
"2012-05-02 19:30:00+00:00","0.339","0.0","0.0189789"
"2012-05-02 20:00:00+00:00","0.23","0.0","0.0191511"
"2012-05-02 20:30:00+00:00","0.202","0.0","0.0193233"
"2012-05-02 21:00:00+00:00","0.316","0.0","0.0187329"
"2012-05-02 21:30:00+00:00","0.088","0.0","0.0195693"
"2012-05-02 22:00:00+00:00","0.235","0.0","0.0195447"
"2012-05-02 22:30:00+00:00","0.165","0.0","0.0244524"
"2012-05-02 23:00:00+00:00","0.164","0.0","0.02032575"
"2012-05-02 23:30:00+00:00","0.146","0.006","0.02164185"
"2012-05-03 00:00:00+00:00","0.15","0.0","0.0197169"
"2012-05-03 00:30:00+00:00","0.153","0.0","0.0194832"
"2012-05-03 01:00:00+00:00","0.109","0.0","0.019434"
"2012-05-03 01:30:00+00:00","0.13","0.0","0.01950165"
"2012-05-03 02:00:00+00:00","0.053","0.0","0.01937865"
"2012-05-03 02:30:00+00:00","0.137","0.0","0.0192987"
"2012-05-03 03:00:00+00:00","0.133","0.0","0.0160761"
"2012-05-03 03:30:00+00:00","0.169","0.0","0.01554105"
"2012-05-03 04:00:00+00:00","0.168","0.0","0.0154611"
"2012-05-03 04:30:00+00:00","0.133","0.0","0.01629135"
"2012-05-03 05:00:00+00:00","0.156","0.0","0.0176505"
"2012-05-03 05:30:00+00:00","0.074","0.0","0.01893585"
"2012-05-03 06:00:00+00:00","0.115","0.0","0.0188928"
"2012-05-03 06:30:00+00:00","0.195","0.0","0.01969845"
"2012-05-03 07:00:00+00:00","0.217","0.0","0.01953855"
"2012-05-03 07:30:00+00:00","0.154","0.006","0.01908345"
"2012-05-03 08:00:00+00:00","0.213","0.006","0.0196431"
"2012-05-03 08:30:00+00:00","0.294","0.019","0.0198153"
"2012-05-03 09:00:00+00:00","0.12","0.025","0.0196431"
"2012-05-03 09:30:00+00:00","0.279","0.075","0.0196431"
"2012-05-03 10:00:00+00:00","0.131","0.163","0.0194832"
"2012-05-03 10:30:00+00:00","0.124","0.238","0.0199998"
"2012-05-03 11:00:00+00:00","0.142","0.475","0.02033805"
"2012-05-03 11:30:00+00:00","0.294","0.675","0.02030115"
"2012-05-03 12:00:00+00:00","0.246","0.663","0.0197169"
"2012-05-03 12:30:00+00:00","0.179","0.781","0.0196062"
"2012-05-03 13:00:00+00:00","0.157","0.563","0.0196431"
"2012-05-03 13:30:00+00:00","0.081","0.0","0.0196554"
"2012-05-03 14:00:00+00:00","0.263","0.513","0.0196431"
"2012-05-03 14:30:00+00:00","0.403","0.488","0.0196431"
"2012-05-03 15:00:00+00:00","0.204","0.256","0.0196431"
"2012-05-03 15:30:00+00:00","0.243","0.113","0.0196431"
"2012-05-03 16:00:00+00:00","0.248","0.05","0.0196431"
"2012-05-03 16:30:00+00:00","0.228","0.125","0.01956315"
"2012-05-03 17:00:00+00:00","0.092","0.013","0.0196431"
"2012-05-03 17:30:00+00:00","0.229","0.0","0.0202581"
"2012-05-03 18:00:00+00:00","0.171","0.0","0.0272691"
"2012-05-03 18:30:00+00:00","0.317","0.0","0.02709075"
"2012-05-03 19:00:00+00:00","0.376","0.0","0.0236283"
"2012-05-03 19:30:00+00:00","0.21","0.0","0.0205779"
"2012-05-03 20:00:00+00:00","0.3","0.0","0.01952625"
"2012-05-03 20:30:00+00:00","0.306","0.0","0.0196431"
"2012-05-03 21:00:00+00:00","0.359","0.0","0.0198276"
"2012-05-03 21:30:00+00:00","0.18","0.0","0.0196431"
"2012-05-03 22:00:00+00:00","0.067","0.0","0.0193848"
"2012-05-03 22:30:00+00:00","0.404","0.0","0.0242433"
"2012-05-03 23:00:00+00:00","0.695","0.0","0.01968"
"2012-05-03 23:30:00+00:00","0.124","0.0","0.0209715"
"2012-05-04 00:00:00+00:00","0.195","0.0","0.02114985"
"2012-05-04 00:30:00+00:00","0.125","0.0","0.0193848"
"2012-05-04 01:00:00+00:00","0.164","0.0","0.0193602"
"2012-05-04 01:30:00+00:00","0.145","0.0","0.01958775"
"2012-05-04 02:00:00+00:00","0.097","0.0","0.01937865"
"2012-05-04 02:30:00+00:00","0.105","0.0","0.0179334"
"2012-05-04 03:00:00+00:00","0.057","0.0","0.0176751"
"2012-05-04 03:30:00+00:00","0.148","0.0","0.01624215"
"2012-05-04 04:00:00+00:00","0.121","0.0","0.0159162"
"2012-05-04 04:30:00+00:00","0.166","0.0","0.01618065"
"2012-05-04 05:00:00+00:00","0.161","0.0","0.01777965"
"2012-05-04 05:30:00+00:00","0.103","0.0","0.01903425"
"2012-05-04 06:00:00+00:00","0.11","0.0","0.0189297"
"2012-05-04 06:30:00+00:00","0.223","0.0","0.0196308"
"2012-05-04 07:00:00+00:00","0.113","0.006","0.0196431"
"2012-05-04 07:30:00+00:00","0.178","0.019","0.01903425"
"2012-05-04 08:00:00+00:00","0.258","0.238","0.01994445"
"2012-05-04 08:30:00+00:00","0.167","0.419","0.02010435"
"2012-05-04 09:00:00+00:00","0.113","0.525","0.0194955"
"2012-05-04 09:30:00+00:00","0.137","0.613","0.0196923"
"2012-05-04 10:00:00+00:00","0.065","0.681","0.0195078"
"2012-05-04 10:30:00+00:00","0.13","0.719","0.0194217"
"2012-05-04 11:00:00+00:00","0.182","0.75","0.01936635"
"2012-05-04 11:30:00+00:00","0.21","0.769","0.0194463"
"2012-05-04 12:00:00+00:00","0.224","0.763","0.01931715"
"2012-05-04 12:30:00+00:00","0.418","0.688","0.01875135"
"2012-05-04 13:00:00+00:00","0.181","0.744","0.01897275"
"2012-05-04 13:30:00+00:00","0.342","0.688","0.01868985"
"2012-05-04 14:00:00+00:00","0.283","0.638","0.01880055"
"2012-05-04 14:30:00+00:00","0.056","0.569","0.0186714"
"2012-05-04 15:00:00+00:00","0.113","0.488","0.01848075"
"2012-05-04 15:30:00+00:00","0.204","0.369","0.0184623"
"2012-05-04 16:00:00+00:00","0.373","0.244","0.0185361"
"2012-05-04 16:30:00+00:00","0.135","0.113","0.01861605"
"2012-05-04 17:00:00+00:00","0.353","0.013","0.0192864"
"2012-05-04 17:30:00+00:00","0.261","0.0","0.0207378"
"2012-05-04 18:00:00+00:00","0.229","0.0","0.0207378"
"2012-05-04 18:30:00+00:00","0.258","0.0","0.0196431"
"2012-05-04 19:00:00+00:00","0.36","0.0","0.0187821"
"2012-05-04 19:30:00+00:00","0.168","0.0","0.01849305"
"2012-05-04 20:00:00+00:00","0.235","0.0","0.01841925"
"2012-05-04 20:30:00+00:00","0.187","0.0","0.01807485"
"2012-05-04 21:00:00+00:00","0.208","0.0","0.01844385"
"2012-05-04 21:30:00+00:00","0.216","0.0","0.01848075"
"2012-05-04 22:00:00+00:00","0.153","0.0","0.01840695"
"2012-05-04 22:30:00+00:00","0.078","0.0","0.01963695"
"2012-05-04 23:00:00+00:00","0.636","0.0","0.0196431"
"2012-05-04 23:30:00+00:00","0.391","0.0","0.02156805"
"2012-05-05 00:00:00+00:00","0.115","0.0","0.0205041"
"2012-05-05 00:30:00+00:00","0.159","0.0","0.02069475"
"2012-05-05 01:00:00+00:00","0.13","0.0","0.0195693"
"2012-05-05 01:30:00+00:00","0.127","0.0","0.01963695"
"2012-05-05 02:00:00+00:00","0.123","0.0","0.01946475"
"2012-05-05 02:30:00+00:00","0.091","0.0","0.01829625"
"2012-05-05 03:00:00+00:00","0.074","0.0","0.0169986"
"2012-05-05 03:30:00+00:00","0.131","0.0","0.01682025"
"2012-05-05 04:00:00+00:00","0.082","0.0","0.01593465"
"2012-05-05 04:30:00+00:00","0.161","0.0","0.0161376"
"2012-05-05 05:00:00+00:00","0.131","0.0","0.01621755"
"2012-05-05 05:30:00+00:00","0.159","0.0","0.0173553"
"2012-05-05 06:00:00+00:00","0.116","0.0","0.0168879"
"2012-05-05 06:30:00+00:00","0.124","0.0","0.0173676"
"2012-05-05 07:00:00+00:00","0.214","0.0","0.0175152"
"2012-05-05 07:30:00+00:00","0.118","0.019","0.0183885"
"2012-05-05 08:00:00+00:00","0.177","0.031","0.01896045"
"2012-05-05 08:30:00+00:00","0.338","0.113","0.01894815"
"2012-05-05 09:00:00+00:00","0.165","0.269","0.0189543"
"2012-05-05 09:30:00+00:00","0.245","0.269","0.018942"
"2012-05-05 10:00:00+00:00","0.286","0.288","0.0187821"
"2012-05-05 10:30:00+00:00","0.247","0.675","0.01878825"
"2012-05-05 11:00:00+00:00","0.344","0.775","0.01878825"
"2012-05-05 11:30:00+00:00","0.164","0.788","0.01878825"
"2012-05-05 12:00:00+00:00","0.837","0.794","0.0189297"
"2012-05-05 12:30:00+00:00","0.628","0.738","0.01878825"
"2012-05-05 13:00:00+00:00","0.495","0.713","0.0187821"
"2012-05-05 13:30:00+00:00","0.339","0.513","0.01870215"
"2012-05-05 14:00:00+00:00","0.163","0.556","0.01877595"
"2012-05-05 14:30:00+00:00","0.124","0.4","0.0187329"
"2012-05-05 15:00:00+00:00","0.196","0.513","0.01868985"
"2012-05-05 15:30:00+00:00","0.104","0.238","0.0189297"
"2012-05-05 16:00:00+00:00","0.335","0.038","0.01892355"
"2012-05-05 16:30:00+00:00","0.217","0.025","0.01902195"
"2012-05-05 17:00:00+00:00","0.159","0.019","0.01883745"
"2012-05-05 17:30:00+00:00","0.421","0.0","0.0199137"
"2012-05-05 18:00:00+00:00","0.314","0.0","0.0231978"
"2012-05-05 18:30:00+00:00","0.141","0.0","0.0199875"
"2012-05-05 19:00:00+00:00","0.19","0.0","0.0187698"
"2012-05-05 19:30:00+00:00","0.148","0.0","0.0187821"
"2012-05-05 20:00:00+00:00","0.303","0.0","0.0187575"
"2012-05-05 20:30:00+00:00","0.185","0.0","0.01892355"
"2012-05-05 21:00:00+00:00","0.172","0.0","0.01878825"
"2012-05-05 21:30:00+00:00","0.132","0.0","0.02084235"
"2012-05-05 22:00:00+00:00","0.12","0.0","0.0188067"
"2012-05-05 22:30:00+00:00","0.073","0.0","0.02073165"
"2012-05-05 23:00:00+00:00","0.073","0.0","0.01950165"
"2012-05-05 23:30:00+00:00","0.116","0.0","0.01983375"
"2012-05-06 00:00:00+00:00","0.098","0.0","0.0191019"
"2012-05-06 00:30:00+00:00","0.149","0.0","0.01937865"
"2012-05-06 01:00:00+00:00","0.107","0.0","0.01937865"
"2012-05-06 01:30:00+00:00","0.152","0.0","0.01884975"
"2012-05-06 02:00:00+00:00","0.07","0.0","0.01758285"
"2012-05-06 02:30:00+00:00","0.131","0.0","0.01581165"
"2012-05-06 03:00:00+00:00","0.052","0.0","0.01557795"
"2012-05-06 03:30:00+00:00","0.092","0.0","0.0146616"
"2012-05-06 04:00:00+00:00","0.126","0.0","0.0139728"
"2012-05-06 04:30:00+00:00","0.126","0.0","0.01420035"
"2012-05-06 05:00:00+00:00","0.127","0.0","0.0131733"
"2012-05-06 05:30:00+00:00","0.125","0.0","0.0143664"
"2012-05-06 06:00:00+00:00","0.098","0.0","0.01427415"
"2012-05-06 06:30:00+00:00","0.227","0.0","0.0152766"
"2012-05-06 07:00:00+00:00","0.114","0.0","0.01572555"
"2012-05-06 07:30:00+00:00","0.117","0.094","0.01618065"
"2012-05-06 08:00:00+00:00","0.178","0.306","0.01721385"
"2012-05-06 08:30:00+00:00","0.233","0.438","0.01775505"
"2012-05-06 09:00:00+00:00","0.391","0.55","0.01843155"
"2012-05-06 09:30:00+00:00","0.372","0.631","0.0182409"
"2012-05-06 10:00:00+00:00","0.904","0.694","0.0183024"
"2012-05-06 10:30:00+00:00","0.273","0.744","0.01862835"
"2012-05-06 11:00:00+00:00","0.118","0.769","0.0183762"
"2012-05-06 11:30:00+00:00","0.24","0.781","0.0178596"
"2012-05-06 12:00:00+00:00","0.213","0.781","0.0172938"
"2012-05-06 12:30:00+00:00","0.159","0.744","0.0169986"
"2012-05-06 13:00:00+00:00","0.199","0.75","0.0169617"
"2012-05-06 13:30:00+00:00","0.149","0.644","0.0170847"
"2012-05-06 14:00:00+00:00","0.152","0.638","0.0170355"
"2012-05-06 14:30:00+00:00","0.169","0.569","0.0170355"
"2012-05-06 15:00:00+00:00","0.112","0.481","0.01701705"
"2012-05-06 15:30:00+00:00","0.222","0.406","0.0170355"
"2012-05-06 16:00:00+00:00","0.337","0.275","0.01700475"
"2012-05-06 16:30:00+00:00","0.127","0.125","0.01749675"
"2012-05-06 17:00:00+00:00","0.27","0.013","0.0189543"
"2012-05-06 17:30:00+00:00","0.183","0.0","0.0198891"
"2012-05-06 18:00:00+00:00","0.249","0.0","0.02311785"
"2012-05-06 18:30:00+00:00","0.284","0.0","0.02067015"
"2012-05-06 19:00:00+00:00","0.141","0.0","0.0191634"
"2012-05-06 19:30:00+00:00","0.294","0.0","0.01877595"
"2012-05-06 20:00:00+00:00","0.269","0.0","0.01876365"
"2012-05-06 20:30:00+00:00","0.239","0.0","0.01921875"
"2012-05-06 21:00:00+00:00","0.224","0.0","0.01898505"
"2012-05-06 21:30:00+00:00","0.116","0.0","0.0195078"
"2012-05-06 22:00:00+00:00","0.097","0.0","0.0186714"
"2012-05-06 22:30:00+00:00","0.082","0.0","0.018819"
"2012-05-06 23:00:00+00:00","0.121","0.0","0.0183024"
"2012-05-06 23:30:00+00:00","0.13","0.0","0.01825935"
"2012-05-07 00:00:00+00:00","0.155","0.0","0.01893585"
"2012-05-07 00:30:00+00:00","0.109","0.0","0.01872675"
"2012-05-07 01:00:00+00:00","0.151","0.0","0.0160269"
"2012-05-07 01:30:00+00:00","0.063","0.0","0.0170232"
"2012-05-07 02:00:00+00:00","0.126","0.0","0.01529505"
"2012-05-07 02:30:00+00:00","0.048","0.0","0.01392975"
"2012-05-07 03:00:00+00:00","0.13","0.0","0.01406505"
"2012-05-07 03:30:00+00:00","0.119","0.0","0.0127428"
"2012-05-07 04:00:00+00:00","0.16","0.0","0.01105155"
"2012-05-07 04:30:00+00:00","0.114","0.0","0.0131241"
"2012-05-07 05:00:00+00:00","0.164","0.0","0.0128535"
"2012-05-07 05:30:00+00:00","0.065","0.0","0.015498"
"2012-05-07 06:00:00+00:00","0.074","0.0","0.0166419"
"2012-05-07 06:30:00+00:00","0.08","0.0","0.0181302"
"2012-05-07 07:00:00+00:00","0.32","0.0","0.01892355"
"2012-05-07 07:30:00+00:00","0.213","0.013","0.01823475"
"2012-05-07 08:00:00+00:00","0.191","0.038","0.01942785"
"2012-05-07 08:30:00+00:00","0.242","0.113","0.020664"
"2012-05-07 09:00:00+00:00","0.175","0.156","0.01936635"
"2012-05-07 09:30:00+00:00","0.337","0.156","0.01939095"
"2012-05-07 10:00:00+00:00","0.105","0.175","0.019188"
"2012-05-07 10:30:00+00:00","0.193","0.294","0.0188313"
"2012-05-07 11:00:00+00:00","0.126","0.319","0.01878825"
"2012-05-07 11:30:00+00:00","0.214","0.238","0.01878825"
"2012-05-07 12:00:00+00:00","0.183","0.438","0.01873905"
"2012-05-07 12:30:00+00:00","0.147","0.556","0.01862835"
"2012-05-07 13:00:00+00:00","0.142","0.494","0.01852995"
"2012-05-07 13:30:00+00:00","0.093","0.469","0.0184623"
"2012-05-07 14:00:00+00:00","0.172","0.5","0.018327"
"2012-05-07 14:30:00+00:00","0.209","0.369","0.01839465"
"2012-05-07 15:00:00+00:00","0.151","0.175","0.0183393"
"2012-05-07 15:30:00+00:00","0.351","0.125","0.0183762"
"2012-05-07 16:00:00+00:00","0.226","0.05","0.01845615"
"2012-05-07 16:30:00+00:00","0.13","0.05","0.0179457"
"2012-05-07 17:00:00+00:00","0.171","0.006","0.01785345"
"2012-05-07 17:30:00+00:00","0.159","0.0","0.01931715"
"2012-05-07 18:00:00+00:00","0.348","0.0","0.0216972"
"2012-05-07 18:30:00+00:00","1.362","0.0","0.02103915"
"2012-05-07 19:00:00+00:00","0.884","0.0","0.01942785"
"2012-05-07 19:30:00+00:00","1.049","0.0","0.0185361"
"2012-05-07 20:00:00+00:00","0.914","0.0","0.0184008"
"2012-05-07 20:30:00+00:00","0.452","0.0","0.0170478"
"2012-05-07 21:00:00+00:00","0.107","0.0","0.0170601"
"2012-05-07 21:30:00+00:00","0.065","0.0","0.01742295"
"2012-05-07 22:00:00+00:00","0.139","0.0","0.017466"
"2012-05-07 22:30:00+00:00","0.267","0.0","0.01958775"
"2012-05-07 23:00:00+00:00","0.866","0.0","0.01915725"
"2012-05-07 23:30:00+00:00","0.133","0.0","0.0191634"
"2012-05-08 00:00:00+00:00","0.101","0.0","0.0189912"
"2012-05-08 00:30:00+00:00","0.051","0.0","0.01865295"
"2012-05-08 01:00:00+00:00","0.09","0.0","0.01864065"
"2012-05-08 01:30:00+00:00","0.079","0.0","0.0186345"
"2012-05-08 02:00:00+00:00","0.126","0.0","0.0174783"
"2012-05-08 02:30:00+00:00","0.164","0.0","0.0156087"
"2012-05-08 03:00:00+00:00","0.117","0.0","0.0152151"
"2012-05-08 03:30:00+00:00","0.095","0.0","0.01529505"
"2012-05-08 04:00:00+00:00","0.044","0.0","0.01464315"
"2012-05-08 04:30:00+00:00","0.091","0.0","0.0146001"
"2012-05-08 05:00:00+00:00","0.051","0.0","0.0158793"
"2012-05-08 05:30:00+00:00","0.168","0.0","0.0165681"
"2012-05-08 06:00:00+00:00","0.133","0.0","0.0168387"
"2012-05-08 06:30:00+00:00","0.225","0.0","0.0185607"
"2012-05-08 07:00:00+00:00","0.271","0.006","0.01870215"
"2012-05-08 07:30:00+00:00","0.179","0.088","0.01726305"
"2012-05-08 08:00:00+00:00","0.447","0.288","0.01805025"
"2012-05-08 08:30:00+00:00","0.236","0.419","0.0175521"
"2012-05-08 09:00:00+00:00","0.164","0.519","0.01670955"
"2012-05-08 09:30:00+00:00","0.125","0.6","0.0167157"
"2012-05-08 10:00:00+00:00","0.149","0.669","0.0166665"
"2012-05-08 10:30:00+00:00","0.081","0.719","0.0165558"
"2012-05-08 11:00:00+00:00","0.098","0.738","0.01667265"
"2012-05-08 11:30:00+00:00","0.13","0.756","0.0168879"
"2012-05-08 12:00:00+00:00","0.17","0.75","0.0166296"
"2012-05-08 12:30:00+00:00","0.22","0.738","0.0169371"
"2012-05-08 13:00:00+00:00","0.193","0.706","0.01642665"
"2012-05-08 13:30:00+00:00","0.285","0.669","0.0164082"
"2012-05-08 14:00:00+00:00","0.238","0.606","0.01637745"
"2012-05-08 14:30:00+00:00","0.201","0.544","0.01690635"
"2012-05-08 15:00:00+00:00","0.111","0.45","0.01657425"
"2012-05-08 15:30:00+00:00","0.075","0.35","0.01659885"
"2012-05-08 16:00:00+00:00","0.094","0.238","0.01656195"
"2012-05-08 16:30:00+00:00","0.18","0.106","0.01722"
"2012-05-08 17:00:00+00:00","0.149","0.013","0.01907115"
"2012-05-08 17:30:00+00:00","0.51","0.0","0.02081775"
"2012-05-08 18:00:00+00:00","0.705","0.0","0.02428635"
"2012-05-08 18:30:00+00:00","0.701","0.0","0.019557"
"2012-05-08 19:00:00+00:00","1.023","0.0","0.01832085"
"2012-05-08 19:30:00+00:00","0.93","0.0","0.0182778"
"2012-05-08 20:00:00+00:00","0.886","0.0","0.017097"
"2012-05-08 20:30:00+00:00","0.116","0.0","0.0167772"
"2012-05-08 21:00:00+00:00","0.101","0.0","0.0163713"
"2012-05-08 21:30:00+00:00","0.08","0.0","0.0164697"
"2012-05-08 22:00:00+00:00","0.17","0.0","0.01651275"
"2012-05-08 22:30:00+00:00","0.151","0.0","0.018204"
"2012-05-08 23:00:00+00:00","0.164","0.0","0.01789035"
"2012-05-08 23:30:00+00:00","0.1","0.0","0.0191388"
"2012-05-09 00:00:00+00:00","0.116","0.0","0.01819785"
"2012-05-09 00:30:00+00:00","0.049","0.0","0.01743525"
"2012-05-09 01:00:00+00:00","0.079","0.0","0.0168141"
"2012-05-09 01:30:00+00:00","0.119","0.0","0.0170232"
"2012-05-09 02:00:00+00:00","0.128","0.0","0.0161376"
"2012-05-09 02:30:00+00:00","0.134","0.0","0.0149691"
"2012-05-09 03:00:00+00:00","0.108","0.0","0.01373295"
"2012-05-09 03:30:00+00:00","0.13","0.0","0.0138006"
"2012-05-09 04:00:00+00:00","0.045","0.0","0.0139359"
"2012-05-09 04:30:00+00:00","0.121","0.0","0.01395435"
"2012-05-09 05:00:00+00:00","0.048","0.0","0.0139359"
"2012-05-09 05:30:00+00:00","0.139","0.0","0.01482765"
"2012-05-09 06:00:00+00:00","0.104","0.0","0.01637745"
"2012-05-09 06:30:00+00:00","0.153","0.0","0.01796415"
"2012-05-09 07:00:00+00:00","0.304","0.006","0.01845"
"2012-05-09 07:30:00+00:00","0.089","0.088","0.0179334"
"2012-05-09 08:00:00+00:00","0.228","0.281","0.0188682"
"2012-05-09 08:30:00+00:00","0.335","0.413","0.0179088"
"2012-05-09 09:00:00+00:00","0.262","0.519","0.0183024"
"2012-05-09 09:30:00+00:00","0.129","0.6","0.0184992"
"2012-05-09 10:00:00+00:00","0.223","0.663","0.01793955"
"2012-05-09 10:30:00+00:00","0.177","0.706","0.01789035"
"2012-05-09 11:00:00+00:00","0.233","0.738","0.017343"
"2012-05-09 11:30:00+00:00","0.116","0.744","0.0170355"
"2012-05-09 12:00:00+00:00","0.126","0.738","0.0170109"
"2012-05-09 12:30:00+00:00","0.188","0.719","0.0169371"
"2012-05-09 13:00:00+00:00","0.425","0.694","0.0170232"
"2012-05-09 13:30:00+00:00","0.301","0.65","0.0171954"
"2012-05-09 14:00:00+00:00","0.186","0.6","0.01707855"
"2012-05-09 14:30:00+00:00","0.214","0.525","0.0170109"
"2012-05-09 15:00:00+00:00","0.202","0.438","0.01689405"
"2012-05-09 15:30:00+00:00","0.116","0.344","0.01699245"
"2012-05-09 16:00:00+00:00","0.301","0.219","0.01700475"
"2012-05-09 16:30:00+00:00","0.137","0.1","0.01677105"
"2012-05-09 17:00:00+00:00","0.466","0.013","0.0169617"
"2012-05-09 17:30:00+00:00","0.481","0.0","0.01769355"
"2012-05-09 18:00:00+00:00","0.381","0.0","0.0198645"
"2012-05-09 18:30:00+00:00","0.415","0.0","0.01931715"
"2012-05-09 19:00:00+00:00","0.221","0.0","0.01862835"
"2012-05-09 19:30:00+00:00","0.113","0.0","0.0180441"
"2012-05-09 20:00:00+00:00","0.126","0.0","0.01723845"
"2012-05-09 20:30:00+00:00","0.079","0.0","0.01662345"
"2012-05-09 21:00:00+00:00","0.109","0.0","0.0170724"
"2012-05-09 21:30:00+00:00","0.185","0.0","0.0176013"
"2012-05-09 22:00:00+00:00","0.146","0.0","0.01622985"
"2012-05-09 22:30:00+00:00","0.366","0.0","0.01865295"
"2012-05-09 23:00:00+00:00","0.98","0.0","0.01845615"
"2012-05-09 23:30:00+00:00","0.145","0.0","0.01882515"
"2012-05-10 00:00:00+00:00","0.049","0.0","0.0186591"
"2012-05-10 00:30:00+00:00","0.123","0.0","0.0177489"
"2012-05-10 01:00:00+00:00","0.076","0.0","0.0171093"
"2012-05-10 01:30:00+00:00","0.154","0.0","0.01963695"
"2012-05-10 02:00:00+00:00","0.121","0.0","0.0192741"
"2012-05-10 02:30:00+00:00","0.14","0.0","0.01683255"
"2012-05-10 03:00:00+00:00","0.125","0.0","0.0143541"
"2012-05-10 03:30:00+00:00","0.103","0.0","0.0139605"
"2012-05-10 04:00:00+00:00","0.113","0.0","0.0139359"
"2012-05-10 04:30:00+00:00","0.049","0.0","0.01383135"
"2012-05-10 05:00:00+00:00","0.098","0.0","0.013899"
"2012-05-10 05:30:00+00:00","0.11","0.0","0.01485225"
"2012-05-10 06:00:00+00:00","0.153","0.0","0.01706625"
"2012-05-10 06:30:00+00:00","0.109","0.0","0.01737375"
"2012-05-10 07:00:00+00:00","0.195","0.0","0.01860375"
"2012-05-10 07:30:00+00:00","0.176","0.081","0.0182778"
"2012-05-10 08:00:00+00:00","0.193","0.275","0.0196431"
"2012-05-10 08:30:00+00:00","0.163","0.388","0.018327"
"2012-05-10 09:00:00+00:00","0.085","0.494","0.01905885"
"2012-05-10 09:30:00+00:00","0.167","0.575","0.0190404"
"2012-05-10 10:00:00+00:00","0.146","0.638","0.0187329"
"2012-05-10 10:30:00+00:00","0.164","0.688","0.01891125"
"2012-05-10 11:00:00+00:00","0.122","0.713","0.01775505"
"2012-05-10 11:30:00+00:00","0.113","0.725","0.0181056"
"2012-05-10 12:00:00+00:00","0.107","0.719","0.01742295"
"2012-05-10 12:30:00+00:00","0.147","0.706","0.01734915"
"2012-05-10 13:00:00+00:00","0.218","0.681","0.01718925"
"2012-05-10 13:30:00+00:00","0.342","0.644","0.01727535"
"2012-05-10 14:00:00+00:00","0.276","0.588","0.01725075"
"2012-05-10 14:30:00+00:00","0.216","0.531","0.0172815"
"2012-05-10 15:00:00+00:00","0.123","0.438","0.0173307"
"2012-05-10 15:30:00+00:00","0.209","0.344","0.01753365"
"2012-05-10 16:00:00+00:00","0.179","0.225","0.01723845"
"2012-05-10 16:30:00+00:00","0.089","0.094","0.01795185"
"2012-05-10 17:00:00+00:00","0.084","0.006","0.0180564"
"2012-05-10 17:30:00+00:00","0.133","0.0","0.0179211"
"2012-05-10 18:00:00+00:00","0.163","0.0","0.0194586"
"2012-05-10 18:30:00+00:00","0.184","0.0","0.01957545"
"2012-05-10 19:00:00+00:00","0.295","0.0","0.01875135"
"2012-05-10 19:30:00+00:00","0.211","0.0","0.0187452"
"2012-05-10 20:00:00+00:00","0.321","0.0","0.0184623"
"2012-05-10 20:30:00+00:00","0.216","0.0","0.01752135"
"2012-05-10 21:00:00+00:00","0.187","0.0","0.01748445"
"2012-05-10 21:30:00+00:00","0.127","0.0","0.0177735"
"2012-05-10 22:00:00+00:00","0.115","0.0","0.01752135"
"2012-05-10 22:30:00+00:00","0.106","0.0","0.0187452"
"2012-05-10 23:00:00+00:00","0.188","0.0","0.01871445"
"2012-05-10 23:30:00+00:00","0.119","0.0","0.01897275"
"2012-05-11 00:00:00+00:00","0.16","0.0","0.01841925"
"2012-05-11 00:30:00+00:00","0.155","0.0","0.0172077"
"2012-05-11 01:00:00+00:00","0.057","0.0","0.01587315"
"2012-05-11 01:30:00+00:00","0.101","0.0","0.01609455"
"2012-05-11 02:00:00+00:00","0.047","0.0","0.0153258"
"2012-05-11 02:30:00+00:00","0.162","0.0","0.0139851"
"2012-05-11 03:00:00+00:00","0.129","0.0","0.01073175"
"2012-05-11 03:30:00+00:00","0.179","0.0","0.0099999"
"2012-05-11 04:00:00+00:00","0.117","0.0","0.00919425"
"2012-05-11 04:30:00+00:00","0.102","0.0","0.0090528"
"2012-05-11 05:00:00+00:00","0.078","0.006","0.0113406"
"2012-05-11 05:30:00+00:00","0.056","0.0","0.0130995"
"2012-05-11 06:00:00+00:00","0.11","0.0","0.0149076"
"2012-05-11 06:30:00+00:00","0.293","0.0","0.0166788"
"2012-05-11 07:00:00+00:00","0.182","0.006","0.01706625"
"2012-05-11 07:30:00+00:00","0.118","0.081","0.0165189"
"2012-05-11 08:00:00+00:00","0.664","0.213","0.0177981"
"2012-05-11 08:30:00+00:00","0.097","0.213","0.0178719"
"2012-05-11 09:00:00+00:00","0.227","0.5","0.0172938"
"2012-05-11 09:30:00+00:00","0.139","0.569","0.0170355"
"2012-05-11 10:00:00+00:00","0.073","0.65","0.01691865"
"2012-05-11 10:30:00+00:00","0.166","0.738","0.0165804"
"2012-05-11 11:00:00+00:00","0.132","0.738","0.01645125"
"2012-05-11 11:30:00+00:00","0.254","0.588","0.01658655"
"2012-05-11 12:00:00+00:00","0.299","0.225","0.0165558"
"2012-05-11 12:30:00+00:00","0.357","0.294","0.0164328"
"2012-05-11 13:00:00+00:00","0.196","0.356","0.016236"
"2012-05-11 13:30:00+00:00","0.415","0.519","0.01627905"
"2012-05-11 14:00:00+00:00","0.154","0.413","0.01626675"
"2012-05-11 14:30:00+00:00","0.145","0.444","0.01659885"
"2012-05-11 15:00:00+00:00","0.283","0.213","0.0162606"
"2012-05-11 15:30:00+00:00","0.273","0.369","0.01621755"
"2012-05-11 16:00:00+00:00","0.26","0.188","0.0163467"
"2012-05-11 16:30:00+00:00","0.228","0.088","0.0167895"
"2012-05-11 17:00:00+00:00","0.291","0.006","0.01696785"
"2012-05-11 17:30:00+00:00","0.188","0.0","0.01722"
"2012-05-11 18:00:00+00:00","0.251","0.0","0.0188928"
"2012-05-11 18:30:00+00:00","0.158","0.0","0.01734915"
"2012-05-11 19:00:00+00:00","0.191","0.0","0.0171339"
"2012-05-11 19:30:00+00:00","0.167","0.0","0.01662345"
"2012-05-11 20:00:00+00:00","1.049","0.0","0.016236"
"2012-05-11 20:30:00+00:00","0.6","0.0","0.0162237"
"2012-05-11 21:00:00+00:00","0.358","0.0","0.0161745"
"2012-05-11 21:30:00+00:00","0.209","0.0","0.01648815"
"2012-05-11 22:00:00+00:00","0.272","0.0","0.01570095"
"2012-05-11 22:30:00+00:00","0.221","0.0","0.01838235"
"2012-05-11 23:00:00+00:00","0.125","0.0","0.0188313"
"2012-05-11 23:30:00+00:00","0.148","0.0","0.01963695"
"2012-05-12 00:00:00+00:00","0.162","0.0","0.0193233"
"2012-05-12 00:30:00+00:00","0.152","0.0","0.01833315"
"2012-05-12 01:00:00+00:00","0.191","0.0","0.01776735"
"2012-05-12 01:30:00+00:00","0.15","0.0","0.01769355"
"2012-05-12 02:00:00+00:00","0.185","0.0","0.0158301"
"2012-05-12 02:30:00+00:00","0.242","0.0","0.01470465"
"2012-05-12 03:00:00+00:00","0.112","0.0","0.01406505"
"2012-05-12 03:30:00+00:00","0.15","0.0","0.0117096"
"2012-05-12 04:00:00+00:00","0.086","0.0","0.0112545"
"2012-05-12 04:30:00+00:00","0.126","0.0","0.01113765"
"2012-05-12 05:00:00+00:00","0.134","0.0","0.01234305"
"2012-05-12 05:30:00+00:00","0.175","0.0","0.0135423"
"2012-05-12 06:00:00+00:00","0.164","0.0","0.0147477"
"2012-05-12 06:30:00+00:00","0.109","0.0","0.015498"
"2012-05-12 07:00:00+00:00","0.29","0.0","0.01552875"
"2012-05-12 07:30:00+00:00","0.676","0.075","0.0157071"
"2012-05-12 08:00:00+00:00","0.717","0.256","0.0168879"
"2012-05-12 08:30:00+00:00","0.204","0.394","0.01866525"
"2012-05-12 09:00:00+00:00","0.155","0.494","0.01844385"
"2012-05-12 09:30:00+00:00","0.209","0.6","0.01884975"
"2012-05-12 10:00:00+00:00","0.116","0.581","0.0179703"
"2012-05-12 10:30:00+00:00","0.161","0.706","0.01757055"
"2012-05-12 11:00:00+00:00","0.252","0.731","0.01636515"
"2012-05-12 11:30:00+00:00","0.146","0.756","0.0161253"
"2012-05-12 12:00:00+00:00","0.288","0.756","0.0161253"
"2012-05-12 12:30:00+00:00","0.27","0.744","0.0161376"
"2012-05-12 13:00:00+00:00","0.291","0.725","0.01621755"
"2012-05-12 13:30:00+00:00","0.29","0.706","0.0162114"
"2012-05-12 14:00:00+00:00","0.257","0.494","0.01604535"
"2012-05-12 14:30:00+00:00","0.287","0.538","0.0158547"
"2012-05-12 15:00:00+00:00","0.213","0.463","0.0160884"
"2012-05-12 15:30:00+00:00","0.167","0.344","0.0159777"
"2012-05-12 16:00:00+00:00","0.33","0.206","0.01629135"
"2012-05-12 16:30:00+00:00","0.124","0.094","0.0162114"
"2012-05-12 17:00:00+00:00","0.177","0.006","0.0171339"
"2012-05-12 17:30:00+00:00","0.393","0.0","0.01725075"
"2012-05-12 18:00:00+00:00","0.257","0.0","0.0198768"
"2012-05-12 18:30:00+00:00","0.25","0.0","0.0193233"
"2012-05-12 19:00:00+00:00","0.223","0.0","0.0189912"
"2012-05-12 19:30:00+00:00","0.188","0.0","0.01829625"
"2012-05-12 20:00:00+00:00","0.298","0.0","0.01768125"
"2012-05-12 20:30:00+00:00","0.075","0.0","0.016359"
"2012-05-12 21:00:00+00:00","0.135","0.0","0.0167895"
"2012-05-12 21:30:00+00:00","0.128","0.0","0.01575015"
"2012-05-12 22:00:00+00:00","0.173","0.0","0.0158301"
"2012-05-12 22:30:00+00:00","0.123","0.0","0.017097"
"2012-05-12 23:00:00+00:00","0.869","0.0","0.01610685"
"2012-05-12 23:30:00+00:00","0.463","0.0","0.0170847"
"2012-05-13 00:00:00+00:00","0.204","0.0","0.01683255"
"2012-05-13 00:30:00+00:00","0.105","0.0","0.01594695"
"2012-05-13 01:00:00+00:00","0.055","0.0","0.0149814"
"2012-05-13 01:30:00+00:00","0.136","0.0","0.0146001"
"2012-05-13 02:00:00+00:00","0.125","0.0","0.01456935"
"2012-05-13 02:30:00+00:00","0.117","0.0","0.01149435"
"2012-05-13 03:00:00+00:00","0.157","0.0","0.00865305"
"2012-05-13 03:30:00+00:00","0.073","0.0","0.0084255"
"2012-05-13 04:00:00+00:00","0.094","0.0","0.00823485"
"2012-05-13 04:30:00+00:00","0.044","0.0","0.00876375"
"2012-05-13 05:00:00+00:00","0.109","0.0","0.00877605"
"2012-05-13 05:30:00+00:00","0.127","0.0","0.0101229"
"2012-05-13 06:00:00+00:00","0.112","0.0","0.0089421"
"2012-05-13 06:30:00+00:00","0.152","0.0","0.01028895"
"2012-05-13 07:00:00+00:00","0.16","0.006","0.0119556"
"2012-05-13 07:30:00+00:00","0.108","0.088","0.01417575"
"2012-05-13 08:00:00+00:00","0.049","0.288","0.01572555"
"2012-05-13 08:30:00+00:00","0.242","0.413","0.0161991"
"2012-05-13 09:00:00+00:00","0.319","0.525","0.0165066"
"2012-05-13 09:30:00+00:00","0.153","0.613","0.01635285"
"2012-05-13 10:00:00+00:00","0.674","0.681","0.01635285"
"2012-05-13 10:30:00+00:00","0.468","0.731","0.0163344"
"2012-05-13 11:00:00+00:00","0.577","0.756","0.0161376"
"2012-05-13 11:30:00+00:00","0.143","0.788","0.01602075"
"2012-05-13 12:00:00+00:00","0.292","0.794","0.0159162"
"2012-05-13 12:30:00+00:00","0.317","0.781","0.0155718"
"2012-05-13 13:00:00+00:00","0.193","0.756","0.01547955"
"2012-05-13 13:30:00+00:00","0.213","0.713","0.0154242"
"2012-05-13 14:00:00+00:00","0.258","0.656","0.0154734"
"2012-05-13 14:30:00+00:00","0.978","0.581","0.0154734"
"2012-05-13 15:00:00+00:00","0.262","0.406","0.01552875"
"2012-05-13 15:30:00+00:00","0.797","0.306","0.0157809"
"2012-05-13 16:00:00+00:00","0.54","0.225","0.01621755"
"2012-05-13 16:30:00+00:00","0.619","0.088","0.0172569"
"2012-05-13 17:00:00+00:00","0.514","0.0","0.016605"
"2012-05-13 17:30:00+00:00","0.627","0.0","0.017835"
"2012-05-13 18:00:00+00:00","0.223","0.0","0.0208608"
"2012-05-13 18:30:00+00:00","0.787","0.0","0.0194955"
"2012-05-13 19:00:00+00:00","0.808","0.0","0.01950165"
"2012-05-13 19:30:00+00:00","0.153","0.0","0.0196062"
"2012-05-13 20:00:00+00:00","0.17","0.0","0.0192741"
"2012-05-13 20:30:00+00:00","0.188","0.0","0.01960005"
"2012-05-13 21:00:00+00:00","0.153","0.0","0.0190404"
"2012-05-13 21:30:00+00:00","0.191","0.0","0.0180564"
"2012-05-13 22:00:00+00:00","0.085","0.0","0.0180441"
"2012-05-13 22:30:00+00:00","0.099","0.0","0.01779195"
"2012-05-13 23:00:00+00:00","0.05","0.0","0.0160884"
"2012-05-13 23:30:00+00:00","0.129","0.0","0.0176751"
"2012-05-14 00:00:00+00:00","0.085","0.0","0.0174168"
"2012-05-14 00:30:00+00:00","0.145","0.0","0.015867"
"2012-05-14 01:00:00+00:00","0.106","0.0","0.0157932"
"2012-05-14 01:30:00+00:00","0.136","0.0","0.01575015"
"2012-05-14 02:00:00+00:00","0.057","0.0","0.0160638"
"2012-05-14 02:30:00+00:00","0.113","0.0","0.01416345"
"2012-05-14 03:00:00+00:00","0.061","0.0","0.01341315"
"2012-05-14 03:30:00+00:00","0.084","0.0","0.0106764"
"2012-05-14 04:00:00+00:00","0.136","0.0","0.01150665"
"2012-05-14 04:30:00+00:00","0.114","0.006","0.01026435"
"2012-05-14 05:00:00+00:00","0.136","0.0","0.01305645"
"2012-05-14 05:30:00+00:00","0.066","0.0","0.0142311"
"2012-05-14 06:00:00+00:00","0.116","0.0","0.0161007"
"2012-05-14 06:30:00+00:00","0.038","0.0","0.01920645"
"2012-05-14 07:00:00+00:00","0.27","0.0","0.02057175"
"2012-05-14 07:30:00+00:00","0.122","0.088","0.01972305"
"2012-05-14 08:00:00+00:00","0.238","0.275","0.01989525"
"2012-05-14 08:30:00+00:00","0.236","0.413","0.0196431"
"2012-05-14 09:00:00+00:00","0.169","0.519","0.01928025"
"2012-05-14 09:30:00+00:00","0.077","0.613","0.0196431"
"2012-05-14 10:00:00+00:00","0.131","0.681","0.0196431"
"2012-05-14 10:30:00+00:00","0.12","0.719","0.0190281"
"2012-05-14 11:00:00+00:00","0.173","0.763","0.0191388"
"2012-05-14 11:30:00+00:00","0.238","0.769","0.01953855"
"2012-05-14 12:00:00+00:00","0.266","0.775","0.01920645"
"2012-05-14 12:30:00+00:00","0.389","0.756","0.0186714"
"2012-05-14 13:00:00+00:00","0.095","0.731","0.0184869"
"2012-05-14 13:30:00+00:00","0.097","0.681","0.0183516"
"2012-05-14 14:00:00+00:00","0.083","0.606","0.017958"
"2012-05-14 14:30:00+00:00","0.132","0.5","0.0175644"
"2012-05-14 15:00:00+00:00","0.202","0.369","0.0171462"
"2012-05-14 15:30:00+00:00","0.275","0.156","0.0176136"
"2012-05-14 16:00:00+00:00","0.771","0.25","0.0182163"
"2012-05-14 16:30:00+00:00","0.778","0.056","0.01907115"
"2012-05-14 17:00:00+00:00","0.915","0.0","0.01935405"
"2012-05-14 17:30:00+00:00","1.073","0.0","0.02057175"
"2012-05-14 18:00:00+00:00","0.228","0.0","0.02700465"
"2012-05-14 18:30:00+00:00","0.388","0.0","0.0271092"
"2012-05-14 19:00:00+00:00","0.282","0.0","0.0230748"
"2012-05-14 19:30:00+00:00","0.297","0.0","0.01969845"
"2012-05-14 20:00:00+00:00","0.248","0.0","0.0196185"
"2012-05-14 20:30:00+00:00","0.129","0.0","0.01994445"
"2012-05-14 21:00:00+00:00","0.12","0.0","0.01953855"
"2012-05-14 21:30:00+00:00","0.061","0.0","0.01980915"
"2012-05-14 22:00:00+00:00","0.094","0.0","0.01795185"
"2012-05-14 22:30:00+00:00","0.103","0.0","0.02064555"
"2012-05-14 23:00:00+00:00","0.147","0.0","0.01935405"
"2012-05-14 23:30:00+00:00","0.141","0.0","0.0192741"
"2012-05-15 00:00:00+00:00","0.133","0.0","0.01921875"
"2012-05-15 00:30:00+00:00","0.047","0.0","0.0161745"
"2012-05-15 01:00:00+00:00","0.081","0.0","0.0186345"
"2012-05-15 01:30:00+00:00","0.054","0.006","0.0187329"
"2012-05-15 02:00:00+00:00","0.122","0.0","0.01889895"
"2012-05-15 02:30:00+00:00","0.129","0.0","0.01594695"
"2012-05-15 03:00:00+00:00","0.165","0.0","0.0155595"
"2012-05-15 03:30:00+00:00","0.107","0.0","0.0146739"
"2012-05-15 04:00:00+00:00","0.077","0.0","0.01357305"
"2012-05-15 04:30:00+00:00","0.051","0.0","0.01390515"
"2012-05-15 05:00:00+00:00","0.077","0.0","0.0139359"
"2012-05-15 05:30:00+00:00","0.075","0.0","0.01488915"
"2012-05-15 06:00:00+00:00","0.153","0.0","0.0164451"
"2012-05-15 06:30:00+00:00","0.389","0.0","0.01888665"
"2012-05-15 07:00:00+00:00","0.208","0.0","0.0194955"
"2012-05-15 07:30:00+00:00","0.086","0.081","0.01964925"
"2012-05-15 08:00:00+00:00","0.342","0.269","0.02036265"
"2012-05-15 08:30:00+00:00","0.263","0.394","0.01920645"
"2012-05-15 09:00:00+00:00","0.871","0.5","0.01871445"
"2012-05-15 09:30:00+00:00","0.325","0.588","0.01841925"
"2012-05-15 10:00:00+00:00","0.182","0.663","0.01776735"
"2012-05-15 10:30:00+00:00","0.151","0.706","0.01734915"
"2012-05-15 11:00:00+00:00","0.221","0.731","0.0169125"
"2012-05-15 11:30:00+00:00","0.043","0.75","0.0161622"
"2012-05-15 12:00:00+00:00","0.111","0.756","0.01610685"
"2012-05-15 12:30:00+00:00","0.155","0.738","0.0161499"
"2012-05-15 13:00:00+00:00","0.208","0.706","0.01606995"
"2012-05-15 13:30:00+00:00","0.134","0.663","0.0161622"
"2012-05-15 14:00:00+00:00","0.139","0.606","0.0161499"
"2012-05-15 14:30:00+00:00","0.302","0.506","0.0166296"
"2012-05-15 15:00:00+00:00","0.142","0.419","0.0169002"
"2012-05-15 15:30:00+00:00","0.108","0.263","0.0161868"
"2012-05-15 16:00:00+00:00","0.042","0.194","0.01609455"
"2012-05-15 16:30:00+00:00","0.097","0.063","0.01715235"
"2012-05-15 17:00:00+00:00","0.282","0.0","0.01797645"
"2012-05-15 17:30:00+00:00","0.947","0.0","0.019434"
"2012-05-15 18:00:00+00:00","0.694","0.0","0.022386"
"2012-05-15 18:30:00+00:00","0.764","0.0","0.0217956"
"2012-05-15 19:00:00+00:00","1.03","0.0","0.0193356"
"2012-05-15 19:30:00+00:00","0.909","0.0","0.0190404"
"2012-05-15 20:00:00+00:00","0.849","0.0","0.0184377"
"2012-05-15 20:30:00+00:00","0.321","0.0","0.01873905"
"2012-05-15 21:00:00+00:00","0.188","0.0","0.0180072"
"2012-05-15 21:30:00+00:00","0.161","0.0","0.0174537"
"2012-05-15 22:00:00+00:00","0.136","0.0","0.01577475"
"2012-05-15 22:30:00+00:00","0.093","0.0","0.01711545"
"2012-05-15 23:00:00+00:00","0.064","0.0","0.01638975"
"2012-05-15 23:30:00+00:00","0.102","0.0","0.01658655"
"2012-05-16 00:00:00+00:00","0.071","0.0","0.0167403"
"2012-05-16 00:30:00+00:00","0.155","0.0","0.0155226"
"2012-05-16 01:00:00+00:00","0.103","0.0","0.0161622"
"2012-05-16 01:30:00+00:00","0.151","0.0","0.015621"
"2012-05-16 02:00:00+00:00","0.102","0.0","0.01560255"
"2012-05-16 02:30:00+00:00","0.113","0.0","0.0136407"
"2012-05-16 03:00:00+00:00","0.268","0.0","0.0111069"
"2012-05-16 03:30:00+00:00","0.097","0.0","0.01047345"
"2012-05-16 04:00:00+00:00","0.096","0.0","0.0092127"
"2012-05-16 04:30:00+00:00","0.153","0.0","0.0095202"
"2012-05-16 05:00:00+00:00","0.12","0.0","0.012546"
"2012-05-16 05:30:00+00:00","0.161","0.0","0.0140343"
"2012-05-16 06:00:00+00:00","0.042","0.0","0.0155226"
"2012-05-16 06:30:00+00:00","0.086","0.0","0.01710315"
"2012-05-16 07:00:00+00:00","0.065","0.0","0.01878825"
"2012-05-16 07:30:00+00:00","0.144","0.044","0.018327"
"2012-05-16 08:00:00+00:00","0.135","0.238","0.01925565"
"2012-05-16 08:30:00+00:00","0.308","0.375","0.0178719"
"2012-05-16 09:00:00+00:00","0.424","0.469","0.0173184"
"2012-05-16 09:30:00+00:00","0.181","0.5","0.01757055"
"2012-05-16 10:00:00+00:00","0.582","0.269","0.01726305"
"2012-05-16 10:30:00+00:00","0.466","0.588","0.01714005"
"2012-05-16 11:00:00+00:00","0.182","0.731","0.01723845"
"2012-05-16 11:30:00+00:00","0.247","0.638","0.01648815"
"2012-05-16 12:00:00+00:00","0.291","0.494","0.0167157"
"2012-05-16 12:30:00+00:00","0.131","0.525","0.01728765"
"2012-05-16 13:00:00+00:00","0.762","0.481","0.01720155"
"2012-05-16 13:30:00+00:00","0.693","0.375","0.01715235"
"2012-05-16 14:00:00+00:00","0.151","0.281","0.01705395"
"2012-05-16 14:30:00+00:00","0.154","0.444","0.0170724"
"2012-05-16 15:00:00+00:00","0.355","0.425","0.01704165"
"2012-05-16 15:30:00+00:00","0.131","0.181","0.0170355"
"2012-05-16 16:00:00+00:00","0.186","0.163","0.0170355"
"2012-05-16 16:30:00+00:00","0.501","0.025","0.0170355"
"2012-05-16 17:00:00+00:00","0.786","0.0","0.01781655"
"2012-05-16 17:30:00+00:00","0.934","0.0","0.02035035"
"2012-05-16 18:00:00+00:00","0.952","0.0","0.02615595"
"2012-05-16 18:30:00+00:00","1.095","0.0","0.0272568"
"2012-05-16 19:00:00+00:00","0.937","0.0","0.0269616"
"2012-05-16 19:30:00+00:00","0.893","0.0","0.021894"
"2012-05-16 20:00:00+00:00","0.99","0.0","0.0199014"
"2012-05-16 20:30:00+00:00","0.345","0.0","0.0213774"
"2012-05-16 21:00:00+00:00","0.237","0.0","0.02037495"
"2012-05-16 21:30:00+00:00","0.086","0.0","0.0189789"
"2012-05-16 22:00:00+00:00","0.122","0.0","0.0175152"
"2012-05-16 22:30:00+00:00","0.116","0.0","0.01963695"
"2012-05-16 23:00:00+00:00","0.129","0.0","0.01769355"
"2012-05-16 23:30:00+00:00","0.798","0.0","0.01709085"
"2012-05-17 00:00:00+00:00","0.296","0.0","0.0171462"
"2012-05-17 00:30:00+00:00","0.091","0.0","0.015867"
"2012-05-17 01:00:00+00:00","0.043","0.0","0.01640205"
"2012-05-17 01:30:00+00:00","0.112","0.0","0.0165312"
"2012-05-17 02:00:00+00:00","0.106","0.0","0.01480305"
"2012-05-17 02:30:00+00:00","0.15","0.0","0.0138867"
"2012-05-17 03:00:00+00:00","0.134","0.0","0.0135915"
"2012-05-17 03:30:00+00:00","0.097","0.0","0.0128658"
"2012-05-17 04:00:00+00:00","0.057","0.0","0.0137637"
"2012-05-17 04:30:00+00:00","0.062","0.0","0.013161"
"2012-05-17 05:00:00+00:00","0.086","0.0","0.0131364"
"2012-05-17 05:30:00+00:00","0.12","0.0","0.0142803"
"2012-05-17 06:00:00+00:00","0.18","0.0","0.0159531"
"2012-05-17 06:30:00+00:00","0.114","0.0","0.0176874"
"2012-05-17 07:00:00+00:00","0.275","0.006","0.01828395"
"2012-05-17 07:30:00+00:00","0.122","0.075","0.0182163"
"2012-05-17 08:00:00+00:00","0.388","0.256","0.01945245"
"2012-05-17 08:30:00+00:00","0.17","0.381","0.01830855"
"2012-05-17 09:00:00+00:00","0.189","0.494","0.01707855"
"2012-05-17 09:30:00+00:00","0.139","0.569","0.0170109"
"2012-05-17 10:00:00+00:00","0.114","0.638","0.016482"
"2012-05-17 10:30:00+00:00","0.109","0.675","0.01575015"
"2012-05-17 11:00:00+00:00","0.054","0.713","0.01588545"
"2012-05-17 11:30:00+00:00","0.184","0.725","0.01573785"
"2012-05-17 12:00:00+00:00","0.178","0.513","0.0156948"
"2012-05-17 12:30:00+00:00","0.206","0.725","0.01566405"
"2012-05-17 13:00:00+00:00","0.237","0.669","0.0156948"
"2012-05-17 13:30:00+00:00","0.265","0.644","0.0156948"
"2012-05-17 14:00:00+00:00","0.215","0.581","0.0157071"
"2012-05-17 14:30:00+00:00","0.128","0.5","0.0156948"
"2012-05-17 15:00:00+00:00","0.074","0.419","0.0157932"
"2012-05-17 15:30:00+00:00","0.115","0.306","0.01577475"
"2012-05-17 16:00:00+00:00","0.06","0.181","0.0157686"
"2012-05-17 16:30:00+00:00","0.199","0.075","0.01621755"
"2012-05-17 17:00:00+00:00","0.342","0.0","0.0166419"
"2012-05-17 17:30:00+00:00","0.785","0.0","0.0178719"
"2012-05-17 18:00:00+00:00","0.872","0.0","0.0222507"
"2012-05-17 18:30:00+00:00","0.961","0.0","0.02282265"
"2012-05-17 19:00:00+00:00","1.083","0.0","0.01946475"
"2012-05-17 19:30:00+00:00","0.857","0.0","0.0187698"
"2012-05-17 20:00:00+00:00","0.61","0.006","0.01852995"
"2012-05-17 20:30:00+00:00","0.222","0.0","0.0185853"
"2012-05-17 21:00:00+00:00","0.121","0.0","0.01753365"
"2012-05-17 21:30:00+00:00","0.156","0.0","0.0161991"
"2012-05-17 22:00:00+00:00","0.135","0.0","0.0155595"
"2012-05-17 22:30:00+00:00","0.063","0.0","0.0171093"
"2012-05-17 23:00:00+00:00","0.078","0.0","0.01588545"
"2012-05-17 23:30:00+00:00","0.049","0.0","0.01632825"
"2012-05-18 00:00:00+00:00","0.159","0.0","0.0167526"
"2012-05-18 00:30:00+00:00","0.127","0.0","0.01573785"
"2012-05-18 01:00:00+00:00","0.171","0.0","0.0154488"
"2012-05-18 01:30:00+00:00","0.08","0.0","0.0153258"
"2012-05-18 02:00:00+00:00","0.073","0.0","0.0154119"
"2012-05-18 02:30:00+00:00","0.061","0.0","0.0137022"
"2012-05-18 03:00:00+00:00","0.058","0.0","0.0108978"
"2012-05-18 03:30:00+00:00","0.161","0.0","0.0089298"
"2012-05-18 04:00:00+00:00","0.12","0.0","0.0088191"
"2012-05-18 04:30:00+00:00","0.156","0.0","0.0120294"
"2012-05-18 05:00:00+00:00","0.078","0.0","0.01178955"
"2012-05-18 05:30:00+00:00","0.082","0.0","0.0134439"
"2012-05-18 06:00:00+00:00","0.046","0.0","0.01474155"
"2012-05-18 06:30:00+00:00","0.113","0.0","0.017343"
"2012-05-18 07:00:00+00:00","0.171","0.0","0.01805025"
"2012-05-18 07:30:00+00:00","0.127","0.063","0.0170355"
"2012-05-18 08:00:00+00:00","0.293","0.244","0.0183147"
"2012-05-18 08:30:00+00:00","0.244","0.369","0.0194709"
"2012-05-18 09:00:00+00:00","0.23","0.475","0.0196185"
"2012-05-18 09:30:00+00:00","0.089","0.569","0.01786575"
"2012-05-18 10:00:00+00:00","0.091","0.631","0.0170478"
"2012-05-18 10:30:00+00:00","0.141","0.675","0.01702935"
"2012-05-18 11:00:00+00:00","0.112","0.694","0.0170478"
"2012-05-18 11:30:00+00:00","0.163","0.719","0.017097"
"2012-05-18 12:00:00+00:00","0.122","0.719","0.0170355"
"2012-05-18 12:30:00+00:00","0.099","0.644","0.0169986"
"2012-05-18 13:00:00+00:00","0.073","0.513","0.016482"
"2012-05-18 13:30:00+00:00","0.059","0.656","0.01686945"
"2012-05-18 14:00:00+00:00","0.155","0.475","0.0169002"
"2012-05-18 14:30:00+00:00","0.146","0.519","0.0165189"
"2012-05-18 15:00:00+00:00","0.159","0.425","0.0158301"
"2012-05-18 15:30:00+00:00","0.133","0.325","0.01566405"
"2012-05-18 16:00:00+00:00","0.082","0.206","0.01578705"
"2012-05-18 16:30:00+00:00","0.102","0.075","0.0161745"
"2012-05-18 17:00:00+00:00","0.092","0.0","0.01589775"
"2012-05-18 17:30:00+00:00","0.099","0.0","0.0169986"
"2012-05-18 18:00:00+00:00","0.13","0.0","0.0195324"
"2012-05-18 18:30:00+00:00","0.122","0.0","0.018327"
"2012-05-18 19:00:00+00:00","0.149","0.0","0.01773045"
"2012-05-18 19:30:00+00:00","0.142","0.0","0.01712775"
"2012-05-18 20:00:00+00:00","0.104","0.0","0.0170724"
"2012-05-18 20:30:00+00:00","0.046","0.0","0.01734915"
"2012-05-18 21:00:00+00:00","0.075","0.0","0.0171585"
"2012-05-18 21:30:00+00:00","0.114","0.0","0.0166788"
"2012-05-18 22:00:00+00:00","0.285","0.0","0.0160884"
"2012-05-18 22:30:00+00:00","0.212","0.0","0.0186222"
"2012-05-18 23:00:00+00:00","0.151","0.0","0.0191388"
"2012-05-18 23:30:00+00:00","0.306","0.0","0.01905885"
"2012-05-19 00:00:00+00:00","0.284","0.0","0.01940325"
"2012-05-19 00:30:00+00:00","0.102","0.0","0.019188"
"2012-05-19 01:00:00+00:00","0.096","0.0","0.01718925"
"2012-05-19 01:30:00+00:00","0.153","0.0","0.0193479"
"2012-05-19 02:00:00+00:00","0.16","0.0","0.01646355"
"2012-05-19 02:30:00+00:00","0.134","0.0","0.01422495"
"2012-05-19 03:00:00+00:00","0.086","0.0","0.01065795"
"2012-05-19 03:30:00+00:00","0.081","0.0","0.00899745"
"2012-05-19 04:00:00+00:00","0.108","0.0","0.0113283"
"2012-05-19 04:30:00+00:00","0.1","0.0","0.0110208"
"2012-05-19 05:00:00+00:00","0.114","0.0","0.0096063"
"2012-05-19 05:30:00+00:00","0.129","0.0","0.0103812"
"2012-05-19 06:00:00+00:00","0.122","0.0","0.01218315"
"2012-05-19 06:30:00+00:00","0.175","0.0","0.01342545"
"2012-05-19 07:00:00+00:00","0.103","0.0","0.0153873"
"2012-05-19 07:30:00+00:00","0.179","0.081","0.0159039"
"2012-05-19 08:00:00+00:00","0.141","0.238","0.01651275"
"2012-05-19 08:30:00+00:00","0.346","0.381","0.0170478"
"2012-05-19 09:00:00+00:00","0.425","0.381","0.0170355"
"2012-05-19 09:30:00+00:00","0.523","0.388","0.0182163"
"2012-05-19 10:00:00+00:00","1.06","0.531","0.0170355"
"2012-05-19 10:30:00+00:00","0.062","0.563","0.0170355"
"2012-05-19 11:00:00+00:00","0.105","0.538","0.01605765"
"2012-05-19 11:30:00+00:00","0.083","0.681","0.015498"
"2012-05-19 12:00:00+00:00","0.202","0.525","0.0159162"
"2012-05-19 12:30:00+00:00","0.112","0.588","0.0155841"
"2012-05-19 13:00:00+00:00","0.146","0.55","0.01524585"
"2012-05-19 13:30:00+00:00","0.08","0.681","0.01545495"
"2012-05-19 14:00:00+00:00","0.075","0.563","0.01565175"
"2012-05-19 14:30:00+00:00","0.116","0.4","0.0153381"
"2012-05-19 15:00:00+00:00","0.086","0.25","0.0154734"
"2012-05-19 15:30:00+00:00","0.161","0.163","0.0155595"
"2012-05-19 16:00:00+00:00","0.104","0.081","0.016236"
"2012-05-19 16:30:00+00:00","0.161","0.044","0.01710315"
"2012-05-19 17:00:00+00:00","0.121","0.0","0.0189051"
"2012-05-19 17:30:00+00:00","0.097","0.0","0.01991985"
"2012-05-19 18:00:00+00:00","0.064","0.0","0.01999365"
"2012-05-19 18:30:00+00:00","0.071","0.0","0.02021505"
"2012-05-19 19:00:00+00:00","0.138","0.0","0.01900965"
"2012-05-19 19:30:00+00:00","0.122","0.0","0.01862835"
"2012-05-19 20:00:00+00:00","0.18","0.0","0.01870215"
"2012-05-19 20:30:00+00:00","0.093","0.0","0.01878825"
"2012-05-19 21:00:00+00:00","0.127","0.006","0.01848075"
"2012-05-19 21:30:00+00:00","0.052","0.0","0.01845"
"2012-05-19 22:00:00+00:00","0.092","0.0","0.01862835"
"2012-05-19 22:30:00+00:00","0.492","0.0","0.01919415"
"2012-05-19 23:00:00+00:00","0.887","0.0","0.01848075"
"2012-05-19 23:30:00+00:00","1.315","0.0","0.01882515"
"2012-05-20 00:00:00+00:00","1.247","0.0","0.01971075"
"2012-05-20 00:30:00+00:00","0.994","0.0","0.0183516"
"2012-05-20 01:00:00+00:00","0.373","0.0","0.0174168"
"2012-05-20 01:30:00+00:00","0.169","0.0","0.0172323"
"2012-05-20 02:00:00+00:00","0.186","0.0","0.0156579"
"2012-05-20 02:30:00+00:00","0.206","0.0","0.01086705"
"2012-05-20 03:00:00+00:00","0.179","0.0","0.00937875"
"2012-05-20 03:30:00+00:00","0.201","0.0","0.00880065"
"2012-05-20 04:00:00+00:00","0.128","0.0","0.01132215"
"2012-05-20 04:30:00+00:00","0.184","0.0","0.008979"
"2012-05-20 05:00:00+00:00","0.121","0.0","0.0092004"
"2012-05-20 05:30:00+00:00","0.211","0.0","0.0114267"
"2012-05-20 06:00:00+00:00","0.175","0.0","0.00919425"
"2012-05-20 06:30:00+00:00","0.213","0.0","0.0112668"
"2012-05-20 07:00:00+00:00","0.143","0.0","0.01362225"
"2012-05-20 07:30:00+00:00","0.243","0.025","0.01405275"
"2012-05-20 08:00:00+00:00","0.428","0.181","0.0155964"
"2012-05-20 08:30:00+00:00","0.166","0.363","0.01605765"
"2012-05-20 09:00:00+00:00","0.193","0.394","0.0170601"
"2012-05-20 09:30:00+00:00","0.146","0.563","0.01835775"
"2012-05-20 10:00:00+00:00","0.134","0.513","0.0173799"
"2012-05-20 10:30:00+00:00","0.115","0.413","0.01732455"
"2012-05-20 11:00:00+00:00","0.12","0.438","0.0167157"
"2012-05-20 11:30:00+00:00","0.057","0.431","0.0161622"
"2012-05-20 12:00:00+00:00","0.119","0.444","0.0167157"
"2012-05-20 12:30:00+00:00","0.117","0.725","0.0156333"
"2012-05-20 13:00:00+00:00","0.159","0.413","0.0155595"
"2012-05-20 13:30:00+00:00","0.164","0.619","0.01577475"
"2012-05-20 14:00:00+00:00","0.147","0.688","0.01582395"
"2012-05-20 14:30:00+00:00","0.094","0.306","0.01565175"
"2012-05-20 15:00:00+00:00","0.059","0.156","0.0155841"
"2012-05-20 15:30:00+00:00","0.12","0.138","0.01587315"
"2012-05-20 16:00:00+00:00","0.114","0.063","0.0159162"
"2012-05-20 16:30:00+00:00","0.193","0.013","0.0172446"
"2012-05-20 17:00:00+00:00","0.141","0.0","0.01793955"
"2012-05-20 17:30:00+00:00","0.127","0.0","0.02124825"
"2012-05-20 18:00:00+00:00","0.205","0.0","0.02338845"
"2012-05-20 18:30:00+00:00","0.565","0.0","0.02442165"
"2012-05-20 19:00:00+00:00","0.31","0.0","0.02208465"
"2012-05-20 19:30:00+00:00","0.38","0.0","0.01971075"
"2012-05-20 20:00:00+00:00","0.857","0.0","0.021894"
"2012-05-20 20:30:00+00:00","0.645","0.0","0.0204303"
"2012-05-20 21:00:00+00:00","0.766","0.0","0.0194463"
"2012-05-20 21:30:00+00:00","1.177","0.0","0.018696"
"2012-05-20 22:00:00+00:00","0.929","0.0","0.01793955"
"2012-05-20 22:30:00+00:00","1.045","0.0","0.0196431"
"2012-05-20 23:00:00+00:00","0.854","0.0","0.01920645"
"2012-05-20 23:30:00+00:00","1.028","0.0","0.0192126"
"2012-05-21 00:00:00+00:00","0.888","0.0","0.01892355"
"2012-05-21 00:30:00+00:00","0.813","0.0","0.01843155"
"2012-05-21 01:00:00+00:00","0.869","0.0","0.01758285"
"2012-05-21 01:30:00+00:00","0.762","0.0","0.01786575"
"2012-05-21 02:00:00+00:00","0.821","0.0","0.0154488"
"2012-05-21 02:30:00+00:00","0.776","0.0","0.0129642"
"2012-05-21 03:00:00+00:00","0.904","0.0","0.01135905"
"2012-05-21 03:30:00+00:00","0.832","0.0","0.00966165"
"2012-05-21 04:00:00+00:00","0.885","0.0","0.0110946"
"2012-05-21 04:30:00+00:00","0.775","0.0","0.00987075"
"2012-05-21 05:00:00+00:00","0.774","0.0","0.0104304"
"2012-05-21 05:30:00+00:00","0.746","0.0","0.01400355"
"2012-05-21 06:00:00+00:00","0.809","0.0","0.01556565"
"2012-05-21 06:30:00+00:00","0.802","0.0","0.01942785"
"2012-05-21 07:00:00+00:00","0.914","0.0","0.0191019"
"2012-05-21 07:30:00+00:00","0.757","0.069","0.0185607"
"2012-05-21 08:00:00+00:00","0.253","0.244","0.02146965"
"2012-05-21 08:30:00+00:00","0.286","0.369","0.02119905"
"2012-05-21 09:00:00+00:00","0.098","0.475","0.01919415"
"2012-05-21 09:30:00+00:00","0.195","0.556","0.01829625"
"2012-05-21 10:00:00+00:00","0.527","0.625","0.0169986"
"2012-05-21 10:30:00+00:00","0.28","0.669","0.01705395"
"2012-05-21 11:00:00+00:00","0.389","0.469","0.0170355"
"2012-05-21 11:30:00+00:00","0.436","0.675","0.01701705"
"2012-05-21 12:00:00+00:00","0.977","0.3","0.01706625"
"2012-05-21 12:30:00+00:00","0.159","0.5","0.0172815"
"2012-05-21 13:00:00+00:00","0.083","0.644","0.01710315"
"2012-05-21 13:30:00+00:00","0.153","0.6","0.01636515"
"2012-05-21 14:00:00+00:00","0.425","0.613","0.0163959"
"2012-05-21 14:30:00+00:00","0.896","0.481","0.0162114"
"2012-05-21 15:00:00+00:00","0.147","0.413","0.0156948"
"2012-05-21 15:30:00+00:00","0.175","0.325","0.0168633"
"2012-05-21 16:00:00+00:00","0.178","0.194","0.0169863"
"2012-05-21 16:30:00+00:00","0.28","0.069","0.01710315"
"2012-05-21 17:00:00+00:00","0.796","0.0","0.0173184"
"2012-05-21 17:30:00+00:00","0.739","0.0","0.01865295"
"2012-05-21 18:00:00+00:00","0.931","0.0","0.02223225"
"2012-05-21 18:30:00+00:00","1.059","0.0","0.02032575"
"2012-05-21 19:00:00+00:00","0.535","0.0","0.01968615"
"2012-05-21 19:30:00+00:00","0.243","0.0","0.0189174"
"2012-05-21 20:00:00+00:00","0.447","0.0","0.0184992"
"2012-05-21 20:30:00+00:00","0.26","0.0","0.01867755"
"2012-05-21 21:00:00+00:00","0.249","0.0","0.0183762"
"2012-05-21 21:30:00+00:00","0.381","0.0","0.017466"
"2012-05-21 22:00:00+00:00","1.113","0.0","0.0155718"
"2012-05-21 22:30:00+00:00","0.854","0.0","0.01833315"
"2012-05-21 23:00:00+00:00","0.297","0.0","0.01672185"
"2012-05-21 23:30:00+00:00","0.167","0.0","0.0184992"
"2012-05-22 00:00:00+00:00","0.73","0.0","0.0182409"
"2012-05-22 00:30:00+00:00","0.761","0.0","0.01482765"
"2012-05-22 01:00:00+00:00","0.201","0.0","0.01471695"
"2012-05-22 01:30:00+00:00","0.277","0.0","0.016236"
"2012-05-22 02:00:00+00:00","0.265","0.0","0.0149076"
"2012-05-22 02:30:00+00:00","0.196","0.0","0.0110331"
"2012-05-22 03:00:00+00:00","0.082","0.0","0.00969855"
"2012-05-22 03:30:00+00:00","0.121","0.0","0.00993225"
"2012-05-22 04:00:00+00:00","0.091","0.0","0.0090159"
"2012-05-22 04:30:00+00:00","0.18","0.0","0.00896055"
"2012-05-22 05:00:00+00:00","0.161","0.0","0.0089667"
"2012-05-22 05:30:00+00:00","0.17","0.0","0.01256445"
"2012-05-22 06:00:00+00:00","0.113","0.0","0.0154611"
"2012-05-22 06:30:00+00:00","0.286","0.0","0.0169002"
"2012-05-22 07:00:00+00:00","0.087","0.0","0.01894815"
"2012-05-22 07:30:00+00:00","0.177","0.069","0.01828395"
"2012-05-22 08:00:00+00:00","0.211","0.244","0.01884975"
"2012-05-22 08:30:00+00:00","0.51","0.388","0.0186837"
"2012-05-22 09:00:00+00:00","0.172","0.488","0.01846845"
"2012-05-22 09:30:00+00:00","0.367","0.581","0.01883745"
"2012-05-22 10:00:00+00:00","0.392","0.65","0.0177981"
"2012-05-22 10:30:00+00:00","0.215","0.706","0.0171462"
"2012-05-22 11:00:00+00:00","0.259","0.738","0.01686945"
"2012-05-22 11:30:00+00:00","0.135","0.763","0.0163467"
"2012-05-22 12:00:00+00:00","0.18","0.756","0.01598385"
"2012-05-22 12:30:00+00:00","0.092","0.744","0.01578705"
"2012-05-22 13:00:00+00:00","0.118","0.725","0.0156948"
"2012-05-22 13:30:00+00:00","0.118","0.681","0.0156579"
"2012-05-22 14:00:00+00:00","0.217","0.619","0.0156948"
"2012-05-22 14:30:00+00:00","0.927","0.538","0.01566405"
"2012-05-22 15:00:00+00:00","0.257","0.45","0.01568865"
"2012-05-22 15:30:00+00:00","0.49","0.331","0.01582395"
"2012-05-22 16:00:00+00:00","0.215","0.219","0.0170109"
"2012-05-22 16:30:00+00:00","0.246","0.075","0.0169494"
"2012-05-22 17:00:00+00:00","0.309","0.0","0.01680795"
"2012-05-22 17:30:00+00:00","0.252","0.0","0.01912035"
"2012-05-22 18:00:00+00:00","0.569","0.0","0.02188785"
"2012-05-22 18:30:00+00:00","0.271","0.0","0.02097765"
"2012-05-22 19:00:00+00:00","0.323","0.0","0.01955085"
"2012-05-22 19:30:00+00:00","0.757","0.0","0.0194094"
"2012-05-22 20:00:00+00:00","0.755","0.0","0.01900965"
"2012-05-22 20:30:00+00:00","0.482","0.0","0.01892355"
"2012-05-22 21:00:00+00:00","0.288","0.0","0.01907115"
"2012-05-22 21:30:00+00:00","0.262","0.0","0.0195324"
"2012-05-22 22:00:00+00:00","0.291","0.0","0.01741065"
"2012-05-22 22:30:00+00:00","0.606","0.0","0.01963695"
"2012-05-22 23:00:00+00:00","0.479","0.0","0.0189174"
"2012-05-22 23:30:00+00:00","0.267","0.0","0.01921875"
"2012-05-23 00:00:00+00:00","0.17","0.0","0.01897275"
"2012-05-23 00:30:00+00:00","0.162","0.0","0.0156825"
"2012-05-23 01:00:00+00:00","0.22","0.0","0.01549185"
"2012-05-23 01:30:00+00:00","0.148","0.0","0.01616835"
"2012-05-23 02:00:00+00:00","0.207","0.0","0.01567635"
"2012-05-23 02:30:00+00:00","0.21","0.0","0.01320405"
"2012-05-23 03:00:00+00:00","0.161","0.0","0.01085475"
"2012-05-23 03:30:00+00:00","0.141","0.0","0.00861615"
"2012-05-23 04:00:00+00:00","0.176","0.0","0.0090528"
"2012-05-23 04:30:00+00:00","0.193","0.0","0.0088806"
"2012-05-23 05:00:00+00:00","0.162","0.0","0.0125091"
"2012-05-23 05:30:00+00:00","0.217","0.0","0.01443405"
"2012-05-23 06:00:00+00:00","0.196","0.0","0.01613145"
"2012-05-23 06:30:00+00:00","0.162","0.0","0.0182286"
"2012-05-23 07:00:00+00:00","0.116","0.0","0.02255205"
"2012-05-23 07:30:00+00:00","0.203","0.075","0.02070705"
"2012-05-23 08:00:00+00:00","0.36","0.256","0.0202581"
"2012-05-23 08:30:00+00:00","0.49","0.394","0.01963695"
"2012-05-23 09:00:00+00:00","0.282","0.494","0.01963695"
"2012-05-23 09:30:00+00:00","0.47","0.581","0.0192495"
"2012-05-23 10:00:00+00:00","0.277","0.644","0.01796415"
"2012-05-23 10:30:00+00:00","0.478","0.7","0.01825935"
"2012-05-23 11:00:00+00:00","0.29","0.731","0.0170355"
"2012-05-23 11:30:00+00:00","0.202","0.75","0.01712775"
"2012-05-23 12:00:00+00:00","0.426","0.744","0.01743525"
"2012-05-23 12:30:00+00:00","0.377","0.744","0.0175029"
"2012-05-23 13:00:00+00:00","0.232","0.713","0.01825935"
"2012-05-23 13:30:00+00:00","0.353","0.675","0.01848075"
"2012-05-23 14:00:00+00:00","0.19","0.613","0.0172569"
"2012-05-23 14:30:00+00:00","0.872","0.531","0.0160023"
"2012-05-23 15:00:00+00:00","0.512","0.45","0.0158793"
"2012-05-23 15:30:00+00:00","0.225","0.338","0.01816095"
"2012-05-23 16:00:00+00:00","0.205","0.213","0.0176136"
"2012-05-23 16:30:00+00:00","0.239","0.075","0.01716465"
"2012-05-23 17:00:00+00:00","0.216","0.0","0.0170847"
"2012-05-23 17:30:00+00:00","0.296","0.0","0.01940325"
"2012-05-23 18:00:00+00:00","0.288","0.0","0.02053485"
"2012-05-23 18:30:00+00:00","0.315","0.0","0.02006745"
"2012-05-23 19:00:00+00:00","0.475","0.0","0.0201966"
"2012-05-23 19:30:00+00:00","0.339","0.0","0.01896045"
"2012-05-23 20:00:00+00:00","0.323","0.0","0.01921875"
"2012-05-23 20:30:00+00:00","0.309","0.0","0.01854225"
"2012-05-23 21:00:00+00:00","0.703","0.0","0.01791495"
"2012-05-23 21:30:00+00:00","0.947","0.0","0.01809945"
"2012-05-23 22:00:00+00:00","1.002","0.0","0.01640205"
"2012-05-23 22:30:00+00:00","0.969","0.0","0.01732455"
"2012-05-23 23:00:00+00:00","0.838","0.0","0.0171831"
"2012-05-23 23:30:00+00:00","0.182","0.0","0.0180933"
"2012-05-24 00:00:00+00:00","0.235","0.0","0.01839465"
"2012-05-24 00:30:00+00:00","0.151","0.0","0.0156579"
"2012-05-24 01:00:00+00:00","0.208","0.0","0.0155103"
"2012-05-24 01:30:00+00:00","0.159","0.0","0.017589"
"2012-05-24 02:00:00+00:00","0.215","0.0","0.01450785"
"2012-05-24 02:30:00+00:00","0.114","0.0","0.01321635"
"2012-05-24 03:00:00+00:00","0.192","0.0","0.0094464"
"2012-05-24 03:30:00+00:00","0.177","0.0","0.0101475"
"2012-05-24 04:00:00+00:00","0.193","0.0","0.0089544"
"2012-05-24 04:30:00+00:00","0.14","0.0","0.00956325"
"2012-05-24 05:00:00+00:00","0.209","0.0","0.0101598"
"2012-05-24 05:30:00+00:00","0.157","0.0","0.0141081"
"2012-05-24 06:00:00+00:00","0.154","0.0","0.015744"
"2012-05-24 06:30:00+00:00","0.132","0.0","0.01840695"
"2012-05-24 07:00:00+00:00","0.376","0.0","0.0196431"
"2012-05-24 07:30:00+00:00","0.336","0.0","0.0194955"
"2012-05-24 08:00:00+00:00","0.419","0.031","0.0197415"
"2012-05-24 08:30:00+00:00","0.582","0.05","0.0206394"
"2012-05-24 09:00:00+00:00","0.639","0.094","0.01963695"
"2012-05-24 09:30:00+00:00","0.573","0.138","0.0196431"
"2012-05-24 10:00:00+00:00","0.719","0.531","0.0196431"
"2012-05-24 10:30:00+00:00","0.447","0.394","0.0196431"
"2012-05-24 11:00:00+00:00","0.325","0.1","0.0196431"
"2012-05-24 11:30:00+00:00","0.273","0.069","0.0196431"
"2012-05-24 12:00:00+00:00","0.517","0.081","0.0196431"
"2012-05-24 12:30:00+00:00","0.344","0.038","0.0196431"
"2012-05-24 13:00:00+00:00","0.219","0.05","0.02038725"
"2012-05-24 13:30:00+00:00","1.29","0.031","0.0227427"
"2012-05-24 14:00:00+00:00","1.467","0.025","0.022878"
"2012-05-24 14:30:00+00:00","1.345","0.019","0.02062095"
"2012-05-24 15:00:00+00:00","1.318","0.006","0.0216111"
"2012-05-24 15:30:00+00:00","1.019","0.0","0.0184008"
"2012-05-24 16:00:00+00:00","1.175","0.006","0.01878825"
"2012-05-24 16:30:00+00:00","1.549","0.0","0.0178104"
"2012-05-24 17:00:00+00:00","1.806","0.0","0.02098995"
"2012-05-24 17:30:00+00:00","1.543","0.0","0.0218325"
"2012-05-24 18:00:00+00:00","0.429","0.0","0.02263815"
"2012-05-24 18:30:00+00:00","0.931","0.0","0.0223491"
"2012-05-24 19:00:00+00:00","1.677","0.0","0.02130975"
"2012-05-24 19:30:00+00:00","1.085","0.0","0.0216234"
"2012-05-24 20:00:00+00:00","0.938","0.0","0.0204057"
"2012-05-24 20:30:00+00:00","1.002","0.0","0.0205656"
"2012-05-24 21:00:00+00:00","0.397","0.0","0.019065"
"2012-05-24 21:30:00+00:00","0.245","0.0","0.01759515"
"2012-05-24 22:00:00+00:00","0.249","0.0","0.01657425"
"2012-05-24 22:30:00+00:00","0.311","0.0","0.01757055"
"2012-05-24 23:00:00+00:00","0.251","0.0","0.01587315"
"2012-05-24 23:30:00+00:00","0.204","0.0","0.01711545"
"2012-05-25 00:00:00+00:00","0.152","0.0","0.0169371"
"2012-05-25 00:30:00+00:00","0.17","0.0","0.015498"
"2012-05-25 01:00:00+00:00","0.093","0.0","0.0154857"
"2012-05-25 01:30:00+00:00","0.13","0.0","0.0158055"
"2012-05-25 02:00:00+00:00","0.177","0.0","0.0144402"
"2012-05-25 02:30:00+00:00","0.157","0.0","0.0128658"
"2012-05-25 03:00:00+00:00","0.076","0.0","0.0118326"
"2012-05-25 03:30:00+00:00","0.167","0.0","0.0100614"
"2012-05-25 04:00:00+00:00","0.141","0.0","0.0092004"
"2012-05-25 04:30:00+00:00","0.11","0.0","0.0132348"
"2012-05-25 05:00:00+00:00","0.093","0.0","0.0138621"
"2012-05-25 05:30:00+00:00","0.186","0.0","0.0139728"
"2012-05-25 06:00:00+00:00","0.111","0.0","0.01463085"
"2012-05-25 06:30:00+00:00","0.178","0.0","0.0156333"
"2012-05-25 07:00:00+00:00","0.252","0.0","0.01642665"
"2012-05-25 07:30:00+00:00","0.243","0.0","0.0163344"
"2012-05-25 08:00:00+00:00","0.125","0.0","0.01828395"
"2012-05-25 08:30:00+00:00","0.19","0.0","0.01865295"
"2012-05-25 09:00:00+00:00","0.459","0.013","0.0183639"
"2012-05-25 09:30:00+00:00","0.262","0.019","0.01893585"
"2012-05-25 10:00:00+00:00","0.121","0.006","0.0188313"
"2012-05-25 10:30:00+00:00","0.282","0.013","0.0188805"
"2012-05-25 11:00:00+00:00","0.224","0.013","0.01947705"
"2012-05-25 11:30:00+00:00","0.328","0.075","0.0179334"
"2012-05-25 12:00:00+00:00","0.14","0.25","0.0181548"
"2012-05-25 12:30:00+00:00","0.285","0.344","0.01739835"
"2012-05-25 13:00:00+00:00","0.361","0.325","0.01722"
"2012-05-25 13:30:00+00:00","0.436","0.406","0.01714005"
"2012-05-25 14:00:00+00:00","0.222","0.45","0.01709085"
"2012-05-25 14:30:00+00:00","0.217","0.513","0.017097"
"2012-05-25 15:00:00+00:00","0.137","0.5","0.0170355"
"2012-05-25 15:30:00+00:00","0.253","0.356","0.0170355"
"2012-05-25 16:00:00+00:00","0.283","0.225","0.01744755"
"2012-05-25 16:30:00+00:00","0.174","0.081","0.01818555"
"2012-05-25 17:00:00+00:00","0.19","0.0","0.019065"
"2012-05-25 17:30:00+00:00","0.222","0.0","0.02044875"
"2012-05-25 18:00:00+00:00","0.161","0.0","0.025338"
"2012-05-25 18:30:00+00:00","0.495","0.0","0.04114965"
"2012-05-25 19:00:00+00:00","0.394","0.0","0.0302826"
"2012-05-25 19:30:00+00:00","0.497","0.0","0.02878815"
"2012-05-25 20:00:00+00:00","0.393","0.0","0.02383125"
"2012-05-25 20:30:00+00:00","0.459","0.0","0.02400345"
"2012-05-25 21:00:00+00:00","0.301","0.0","0.02041185"
"2012-05-25 21:30:00+00:00","0.41","0.0","0.0188067"
"2012-05-25 22:00:00+00:00","0.363","0.0","0.0186837"
"2012-05-25 22:30:00+00:00","0.218","0.0","0.02110065"
"2012-05-25 23:00:00+00:00","0.309","0.0","0.01963695"
"2012-05-25 23:30:00+00:00","0.316","0.0","0.02198625"
"2012-05-26 00:00:00+00:00","0.335","0.0","0.0204057"
"2012-05-26 00:30:00+00:00","0.474","0.0","0.01934175"
"2012-05-26 01:00:00+00:00","0.273","0.0","0.0184992"
"2012-05-26 01:30:00+00:00","0.091","0.0","0.01963695"
"2012-05-26 02:00:00+00:00","0.144","0.0","0.01908345"
"2012-05-26 02:30:00+00:00","0.142","0.0","0.0170724"
"2012-05-26 03:00:00+00:00","0.082","0.0","0.0157686"
"2012-05-26 03:30:00+00:00","0.129","0.0","0.01477845"
"2012-05-26 04:00:00+00:00","0.106","0.0","0.0141327"
"2012-05-26 04:30:00+00:00","0.102","0.0","0.01411425"
"2012-05-26 05:00:00+00:00","0.111","0.0","0.0138006"
"2012-05-26 05:30:00+00:00","0.169","0.0","0.01444635"
"2012-05-26 06:00:00+00:00","0.088","0.0","0.0153504"
"2012-05-26 06:30:00+00:00","0.125","0.0","0.0165435"
"2012-05-26 07:00:00+00:00","0.143","0.0","0.01680795"
"2012-05-26 07:30:00+00:00","0.242","0.063","0.01752135"
"2012-05-26 08:00:00+00:00","0.562","0.244","0.0202212"
"2012-05-26 08:30:00+00:00","0.361","0.381","0.0203196"
"2012-05-26 09:00:00+00:00","0.185","0.494","0.02288415"
"2012-05-26 09:30:00+00:00","0.5","0.581","0.02354835"
"2012-05-26 10:00:00+00:00","0.604","0.663","0.0235422"
"2012-05-26 10:30:00+00:00","0.13","0.713","0.0234561"
"2012-05-26 11:00:00+00:00","0.123","0.744","0.0203073"
"2012-05-26 11:30:00+00:00","0.388","0.763","0.01968"
"2012-05-26 12:00:00+00:00","0.145","0.769","0.01968"
"2012-05-26 12:30:00+00:00","0.596","0.744","0.01966155"
"2012-05-26 13:00:00+00:00","0.162","0.725","0.0196554"
"2012-05-26 13:30:00+00:00","0.332","0.681","0.01991985"
"2012-05-26 14:00:00+00:00","0.11","0.625","0.01968615"
"2012-05-26 14:30:00+00:00","0.173","0.513","0.01966155"
"2012-05-26 15:00:00+00:00","0.08","0.2","0.0196431"
"2012-05-26 15:30:00+00:00","0.154","0.219","0.01964925"
"2012-05-26 16:00:00+00:00","0.859","0.088","0.01985835"
"2012-05-26 16:30:00+00:00","0.552","0.063","0.02252745"
"2012-05-26 17:00:00+00:00","0.239","0.0","0.02372055"
"2012-05-26 17:30:00+00:00","0.899","0.0","0.02673405"
"2012-05-26 18:00:00+00:00","1.455","0.0","0.0418446"
"2012-05-26 18:30:00+00:00","1.156","0.0","0.02499975"
"2012-05-26 19:00:00+00:00","1.038","0.0","0.02285955"
"2012-05-26 19:30:00+00:00","1.36","0.0","0.0250551"
"2012-05-26 20:00:00+00:00","1.286","0.0","0.0226812"
"2012-05-26 20:30:00+00:00","0.942","0.0","0.0231486"
"2012-05-26 21:00:00+00:00","1.067","0.0","0.0226935"
"2012-05-26 21:30:00+00:00","0.472","0.0","0.01978455"
"2012-05-26 22:00:00+00:00","0.259","0.0","0.01887435"
"2012-05-26 22:30:00+00:00","0.437","0.0","0.0209592"
"2012-05-26 23:00:00+00:00","0.203","0.006","0.02341305"
"2012-05-26 23:30:00+00:00","0.122","0.0","0.02108835"
"2012-05-27 00:00:00+00:00","0.12","0.0","0.02204775"
"2012-05-27 00:30:00+00:00","0.074","0.0","0.0200613"
"2012-05-27 01:00:00+00:00","0.163","0.0","0.01899735"
"2012-05-27 01:30:00+00:00","0.094","0.0","0.01929255"
"2012-05-27 02:00:00+00:00","0.122","0.0","0.01691865"
"2012-05-27 02:30:00+00:00","0.142","0.0","0.01362225"
"2012-05-27 03:00:00+00:00","0.109","0.0","0.01391745"
"2012-05-27 03:30:00+00:00","0.081","0.0","0.01326555"
"2012-05-27 04:00:00+00:00","0.136","0.0","0.01337625"
"2012-05-27 04:30:00+00:00","0.125","0.0","0.01218315"
"2012-05-27 05:00:00+00:00","0.07","0.0","0.0137145"
"2012-05-27 05:30:00+00:00","0.173","0.0","0.0138129"
"2012-05-27 06:00:00+00:00","0.556","0.0","0.0138006"
"2012-05-27 06:30:00+00:00","1.153","0.0","0.0138498"
"2012-05-27 07:00:00+00:00","0.573","0.0","0.013899"
"2012-05-27 07:30:00+00:00","0.56","0.019","0.01463085"
"2012-05-27 08:00:00+00:00","0.57","0.144","0.01561485"
"2012-05-27 08:30:00+00:00","0.672","0.269","0.01647585"
"2012-05-27 09:00:00+00:00","0.462","0.481","0.01588545"
"2012-05-27 09:30:00+00:00","1.08","0.55","0.0174168"
"2012-05-27 10:00:00+00:00","1.321","0.638","0.01744755"
"2012-05-27 10:30:00+00:00","0.64","0.606","0.0170355"
"2012-05-27 11:00:00+00:00","0.832","0.563","0.0167526"
"2012-05-27 11:30:00+00:00","0.917","0.738","0.0159162"
"2012-05-27 12:00:00+00:00","0.725","0.744","0.01568865"
"2012-05-27 12:30:00+00:00","0.778","0.725","0.0155595"
"2012-05-27 13:00:00+00:00","0.825","0.706","0.0153135"
"2012-05-27 13:30:00+00:00","0.762","0.656","0.0152028"
"2012-05-27 14:00:00+00:00","0.5","0.606","0.01549185"
"2012-05-27 14:30:00+00:00","0.394","0.481","0.01502445"
"2012-05-27 15:00:00+00:00","0.287","0.313","0.015252"
"2012-05-27 15:30:00+00:00","0.251","0.325","0.0156456"
"2012-05-27 16:00:00+00:00","0.159","0.206","0.0162237"
"2012-05-27 16:30:00+00:00","0.269","0.063","0.01712775"
"2012-05-27 17:00:00+00:00","0.428","0.0","0.01887435"
"2012-05-27 17:30:00+00:00","0.332","0.0","0.0245139"
"2012-05-27 18:00:00+00:00","0.401","0.0","0.02696775"
"2012-05-27 18:30:00+00:00","1.005","0.0","0.0267648"
"2012-05-27 19:00:00+00:00","0.849","0.0","0.0252519"
"2012-05-27 19:30:00+00:00","0.406","0.0","0.0218202"
"2012-05-27 20:00:00+00:00","0.421","0.0","0.0202827"
"2012-05-27 20:30:00+00:00","0.305","0.0","0.0193602"
"2012-05-27 21:00:00+00:00","0.518","0.0","0.0186099"
"2012-05-27 21:30:00+00:00","0.367","0.0","0.016605"
"2012-05-27 22:00:00+00:00","0.389","0.0","0.01540575"
"2012-05-27 22:30:00+00:00","0.561","0.0","0.01663575"
"2012-05-27 23:00:00+00:00","0.427","0.0","0.01538115"
"2012-05-27 23:30:00+00:00","0.172","0.0","0.01722615"
"2012-05-28 00:00:00+00:00","0.235","0.0","0.01680795"
"2012-05-28 00:30:00+00:00","0.157","0.0","0.01465545"
"2012-05-28 01:00:00+00:00","0.151","0.0","0.01388055"
"2012-05-28 01:30:00+00:00","0.221","0.0","0.01353615"
"2012-05-28 02:00:00+00:00","0.215","0.0","0.01268745"
"2012-05-28 02:30:00+00:00","0.185","0.0","0.012792"
"2012-05-28 03:00:00+00:00","0.196","0.0","0.0135669"
"2012-05-28 03:30:00+00:00","0.195","0.0","0.0136776"
"2012-05-28 04:00:00+00:00","0.124","0.0","0.01160505"
"2012-05-28 04:30:00+00:00","0.176","0.0","0.01036275"
"2012-05-28 05:00:00+00:00","0.116","0.0","0.0138498"
"2012-05-28 05:30:00+00:00","0.161","0.0","0.0143418"
"2012-05-28 06:00:00+00:00","0.124","0.0","0.01584855"
"2012-05-28 06:30:00+00:00","0.161","0.0","0.01688175"
"2012-05-28 07:00:00+00:00","0.12","0.0","0.0196431"
"2012-05-28 07:30:00+00:00","0.257","0.05","0.01852995"
"2012-05-28 08:00:00+00:00","0.513","0.106","0.01966155"
"2012-05-28 08:30:00+00:00","0.244","0.313","0.0193479"
"2012-05-28 09:00:00+00:00","0.549","0.344","0.01931715"
"2012-05-28 09:30:00+00:00","0.387","0.444","0.0193479"
"2012-05-28 10:00:00+00:00","0.252","0.619","0.018942"
"2012-05-28 10:30:00+00:00","0.471","0.594","0.0185484"
"2012-05-28 11:00:00+00:00","0.765","0.281","0.01823475"
"2012-05-28 11:30:00+00:00","0.617","0.319","0.01806255"
"2012-05-28 12:00:00+00:00","0.363","0.625","0.01757055"
"2012-05-28 12:30:00+00:00","0.24","0.725","0.0177981"
"2012-05-28 13:00:00+00:00","0.203","0.694","0.01737375"
"2012-05-28 13:30:00+00:00","1.094","0.65","0.01784115"
"2012-05-28 14:00:00+00:00","1.151","0.6","0.01807485"
"2012-05-28 14:30:00+00:00","0.598","0.519","0.017958"
"2012-05-28 15:00:00+00:00","0.818","0.431","0.01781655"
"2012-05-28 15:30:00+00:00","0.633","0.319","0.01748445"
"2012-05-28 16:00:00+00:00","0.691","0.194","0.0181917"
"2012-05-28 16:30:00+00:00","0.626","0.063","0.01865295"
"2012-05-28 17:00:00+00:00","0.766","0.0","0.01932945"
"2012-05-28 17:30:00+00:00","1.865","0.0","0.02051025"
"2012-05-28 18:00:00+00:00","1.107","0.0","0.0237021"
"2012-05-28 18:30:00+00:00","0.715","0.0","0.02348685"
"2012-05-28 19:00:00+00:00","0.21","0.0","0.0206763"
"2012-05-28 19:30:00+00:00","0.242","0.0","0.02021505"
"2012-05-28 20:00:00+00:00","0.402","0.0","0.0196431"
"2012-05-28 20:30:00+00:00","0.474","0.0","0.01915725"
"2012-05-28 21:00:00+00:00","0.531","0.0","0.0188067"
"2012-05-28 21:30:00+00:00","1.236","0.0","0.01721385"
"2012-05-28 22:00:00+00:00","0.478","0.0","0.0161622"
"2012-05-28 22:30:00+00:00","0.182","0.0","0.01980915"
"2012-05-28 23:00:00+00:00","0.13","0.0","0.0187206"
"2012-05-28 23:30:00+00:00","0.203","0.0","0.0195078"
"2012-05-29 00:00:00+00:00","0.286","0.0","0.0194955"
"2012-05-29 00:30:00+00:00","0.17","0.0","0.0178104"
"2012-05-29 01:00:00+00:00","0.128","0.0","0.01599"
"2012-05-29 01:30:00+00:00","0.114","0.0","0.0164205"
"2012-05-29 02:00:00+00:00","0.093","0.0","0.01411425"
"2012-05-29 02:30:00+00:00","0.158","0.0","0.0138867"
"2012-05-29 03:00:00+00:00","0.082","0.0","0.01250295"
"2012-05-29 03:30:00+00:00","0.168","0.0","0.0110577"
"2012-05-29 04:00:00+00:00","0.158","0.0","0.0105903"
"2012-05-29 04:30:00+00:00","0.113","0.0","0.0129519"
"2012-05-29 05:00:00+00:00","0.095","0.0","0.0139605"
"2012-05-29 05:30:00+00:00","0.158","0.0","0.0140343"
"2012-05-29 06:00:00+00:00","0.089","0.0","0.01656195"
"2012-05-29 06:30:00+00:00","0.165","0.0","0.01841925"
"2012-05-29 07:00:00+00:00","0.247","0.0","0.01862835"
"2012-05-29 07:30:00+00:00","0.4","0.0","0.01886205"
"2012-05-29 08:00:00+00:00","0.14","0.038","0.0198153"
"2012-05-29 08:30:00+00:00","0.265","0.075","0.0197538"
"2012-05-29 09:00:00+00:00","0.599","0.438","0.01914495"
"2012-05-29 09:30:00+00:00","0.574","0.444","0.02011665"
"2012-05-29 10:00:00+00:00","0.597","0.613","0.01974765"
"2012-05-29 10:30:00+00:00","0.509","0.506","0.0196431"
"2012-05-29 11:00:00+00:00","0.306","0.269","0.0196431"
"2012-05-29 11:30:00+00:00","1.143","0.244","0.0192618"
"2012-05-29 12:00:00+00:00","0.339","0.131","0.01929255"
"2012-05-29 12:30:00+00:00","0.233","0.2","0.01871445"
"2012-05-29 13:00:00+00:00","0.242","0.331","0.01861605"
"2012-05-29 13:30:00+00:00","0.292","0.044","0.0194709"
"2012-05-29 14:00:00+00:00","0.226","0.238","0.0183393"
"2012-05-29 14:30:00+00:00","0.285","0.075","0.0178473"
"2012-05-29 15:00:00+00:00","0.242","0.156","0.01781655"
"2012-05-29 15:30:00+00:00","0.226","0.125","0.01774275"
"2012-05-29 16:00:00+00:00","0.232","0.044","0.0185484"
"2012-05-29 16:30:00+00:00","0.268","0.006","0.0184992"
"2012-05-29 17:00:00+00:00","0.217","0.0","0.0189912"
"2012-05-29 17:30:00+00:00","0.263","0.0","0.0217095"
"2012-05-29 18:00:00+00:00","0.277","0.0","0.02411415"
"2012-05-29 18:30:00+00:00","0.186","0.0","0.0235914"
"2012-05-29 19:00:00+00:00","0.287","0.0","0.02237985"
"2012-05-29 19:30:00+00:00","0.732","0.0","0.02019045"
"2012-05-29 20:00:00+00:00","0.268","0.0","0.0196431"
"2012-05-29 20:30:00+00:00","0.204","0.0","0.02038725"
"2012-05-29 21:00:00+00:00","0.616","0.0","0.01950165"
"2012-05-29 21:30:00+00:00","0.252","0.0","0.01905885"
"2012-05-29 22:00:00+00:00","0.345","0.0","0.0176751"
"2012-05-29 22:30:00+00:00","0.261","0.0","0.018942"
"2012-05-29 23:00:00+00:00","1.096","0.0","0.0184623"
"2012-05-29 23:30:00+00:00","1.212","0.0","0.0183516"
"2012-05-30 00:00:00+00:00","1.267","0.0","0.01924335"
"2012-05-30 00:30:00+00:00","1.369","0.0","0.0172323"
"2012-05-30 01:00:00+00:00","1.389","0.0","0.01539345"
"2012-05-30 01:30:00+00:00","1.256","0.0","0.01932945"
"2012-05-30 02:00:00+00:00","1.228","0.0","0.0162852"
"2012-05-30 02:30:00+00:00","1.223","0.0","0.0144402"
"2012-05-30 03:00:00+00:00","1.208","0.0","0.0141819"
"2012-05-30 03:30:00+00:00","1.212","0.0","0.01135905"
"2012-05-30 04:00:00+00:00","1.2","0.0","0.01122375"
"2012-05-30 04:30:00+00:00","1.196","0.0","0.0099138"
"2012-05-30 05:00:00+00:00","1.241","0.0","0.0138867"
"2012-05-30 05:30:00+00:00","1.148","0.0","0.01458165"
"2012-05-30 06:00:00+00:00","1.207","0.0","0.0159408"
"2012-05-30 06:30:00+00:00","1.186","0.0","0.0182901"
"2012-05-30 07:00:00+00:00","1.18","0.0","0.0186591"
"2012-05-30 07:30:00+00:00","1.222","0.0","0.01835775"
"2012-05-30 08:00:00+00:00","1.269","0.006","0.02224455"
"2012-05-30 08:30:00+00:00","1.006","0.05","0.0211191"
"2012-05-30 09:00:00+00:00","0.548","0.163","0.0196062"
"2012-05-30 09:30:00+00:00","0.553","0.45","0.0193479"
"2012-05-30 10:00:00+00:00","0.232","0.606","0.0193233"
"2012-05-30 10:30:00+00:00","1.063","0.606","0.01876365"
"2012-05-30 11:00:00+00:00","0.917","0.65","0.0187821"
"2012-05-30 11:30:00+00:00","0.241","0.363","0.0177243"
"2012-05-30 12:00:00+00:00","0.178","0.463","0.0171093"
"2012-05-30 12:30:00+00:00","0.274","0.394","0.0170724"
"2012-05-30 13:00:00+00:00","0.173","0.556","0.0171339"
"2012-05-30 13:30:00+00:00","0.866","0.538","0.0182901"
"2012-05-30 14:00:00+00:00","0.58","0.538","0.0179457"
"2012-05-30 14:30:00+00:00","0.279","0.5","0.0177735"
"2012-05-30 15:00:00+00:00","0.13","0.406","0.0172815"
"2012-05-30 15:30:00+00:00","0.369","0.306","0.01745985"
"2012-05-30 16:00:00+00:00","0.229","0.194","0.0181179"
"2012-05-30 16:30:00+00:00","0.443","0.075","0.01838235"
"2012-05-30 17:00:00+00:00","0.346","0.0","0.0184254"
"2012-05-30 17:30:00+00:00","0.388","0.0","0.02122365"
"2012-05-30 18:00:00+00:00","0.542","0.0","0.0243048"
"2012-05-30 18:30:00+00:00","0.35","0.0","0.0243048"
"2012-05-30 19:00:00+00:00","0.302","0.0","0.0243048"
"2012-05-30 19:30:00+00:00","0.291","0.0","0.02026425"
"2012-05-30 20:00:00+00:00","0.417","0.0","0.0200736"
"2012-05-30 20:30:00+00:00","0.268","0.0","0.02137125"
"2012-05-30 21:00:00+00:00","0.306","0.0","0.02249055"
"2012-05-30 21:30:00+00:00","0.248","0.0","0.0206148"
"2012-05-30 22:00:00+00:00","0.196","0.0","0.0181179"
"2012-05-30 22:30:00+00:00","0.27","0.0","0.01963695"
"2012-05-30 23:00:00+00:00","0.913","0.0","0.01930485"
"2012-05-30 23:30:00+00:00","0.329","0.0","0.0190896"
"2012-05-31 00:00:00+00:00","0.175","0.0","0.01961235"
"2012-05-31 00:30:00+00:00","0.161","0.0","0.0188436"
"2012-05-31 01:00:00+00:00","0.14","0.006","0.01843155"
"2012-05-31 01:30:00+00:00","0.104","0.0","0.0195816"
"2012-05-31 02:00:00+00:00","0.158","0.0","0.01912035"
"2012-05-31 02:30:00+00:00","0.159","0.0","0.01465545"
"2012-05-31 03:00:00+00:00","0.196","0.0","0.01383135"
"2012-05-31 03:30:00+00:00","0.16","0.0","0.01376985"
"2012-05-31 04:00:00+00:00","0.131","0.0","0.01376985"
"2012-05-31 04:30:00+00:00","0.156","0.0","0.013899"
"2012-05-31 05:00:00+00:00","0.17","0.0","0.0139605"
"2012-05-31 05:30:00+00:00","0.114","0.0","0.01466775"
"2012-05-31 06:00:00+00:00","0.136","0.0","0.01656195"
"2012-05-31 06:30:00+00:00","0.326","0.0","0.01806255"
"2012-05-31 07:00:00+00:00","0.367","0.0","0.01929255"
"2012-05-31 07:30:00+00:00","0.084","0.0","0.0193602"
"2012-05-31 08:00:00+00:00","0.355","0.031","0.0225582"
"2012-05-31 08:30:00+00:00","0.5","0.031","0.0223245"
"2012-05-31 09:00:00+00:00","0.433","0.038","0.019434"
"2012-05-31 09:30:00+00:00","0.263","0.063","0.01896045"
"2012-05-31 10:00:00+00:00","0.161","0.156","0.01950165"
"2012-05-31 10:30:00+00:00","0.152","0.181","0.0193479"
"2012-05-31 11:00:00+00:00","0.075","0.206","0.0192495"
"2012-05-31 11:30:00+00:00","0.162","0.3","0.01850535"
"2012-05-31 12:00:00+00:00","0.111","0.2","0.0175521"
"2012-05-31 12:30:00+00:00","0.115","0.075","0.0170355"
"2012-05-31 13:00:00+00:00","0.106","0.075","0.0170355"
"2012-05-31 13:30:00+00:00","0.167","0.206","0.0171093"
"2012-05-31 14:00:00+00:00","0.101","0.331","0.0171954"
"2012-05-31 14:30:00+00:00","0.121","0.2","0.0170355"
"2012-05-31 15:00:00+00:00","0.161","0.381","0.0169617"
"2012-05-31 15:30:00+00:00","0.063","0.3","0.01626675"
"2012-05-31 16:00:00+00:00","0.318","0.181","0.01621755"
"2012-05-31 16:30:00+00:00","0.327","0.056","0.017097"
"2012-05-31 17:00:00+00:00","0.152","0.0","0.0174168"
"2012-05-31 17:30:00+00:00","0.361","0.0","0.02059635"
"2012-05-31 18:00:00+00:00","0.348","0.0","0.02370825"
"2012-05-31 18:30:00+00:00","0.208","0.0","0.02164185"
"2012-05-31 19:00:00+00:00","0.137","0.0","0.0203934"
"2012-05-31 19:30:00+00:00","0.134","0.0","0.01928025"
"2012-05-31 20:00:00+00:00","0.126","0.0","0.01963695"
"2012-05-31 20:30:00+00:00","0.135","0.0","0.019803"
"2012-05-31 21:00:00+00:00","0.565","0.0","0.01852995"
"2012-05-31 21:30:00+00:00","1.458","0.0","0.0175029"
"2012-05-31 22:00:00+00:00","0.274","0.0","0.01604535"
"2012-05-31 22:30:00+00:00","1.217","0.0","0.01843155"
"2012-05-31 23:00:00+00:00","0.144","0.0","0.01787805"
"2012-05-31 23:30:00+00:00","0.377","0.0","0.017589"
"2012-06-01 00:00:00+00:00","0.221","0.0","0.01834545"
"2012-06-01 00:30:00+00:00","0.154","0.0","0.0163713"
"2012-06-01 01:00:00+00:00","0.114","0.0","0.0165558"
"2012-06-01 01:30:00+00:00","0.161","0.0","0.01913265"
"2012-06-01 02:00:00+00:00","0.267","0.0","0.01598385"
"2012-06-01 02:30:00+00:00","0.223","0.0","0.0146985"
"2012-06-01 03:00:00+00:00","0.159","0.0","0.0138498"
"2012-06-01 03:30:00+00:00","0.078","0.0","0.0102336"
"2012-06-01 04:00:00+00:00","0.146","0.0","0.00993225"
"2012-06-01 04:30:00+00:00","0.167","0.0","0.0098031"
"2012-06-01 05:00:00+00:00","0.131","0.0","0.01317945"
"2012-06-01 05:30:00+00:00","0.079","0.0","0.0139359"
"2012-06-01 06:00:00+00:00","0.167","0.0","0.01594695"
"2012-06-01 06:30:00+00:00","0.419","0.0","0.01672185"
"2012-06-01 07:00:00+00:00","0.093","0.0","0.01758285"
"2012-06-01 07:30:00+00:00","0.147","0.0","0.0166542"
"2012-06-01 08:00:00+00:00","0.197","0.019","0.01728765"
"2012-06-01 08:30:00+00:00","0.403","0.019","0.0176382"
"2012-06-01 09:00:00+00:00","0.489","0.056","0.01710315"
"2012-06-01 09:30:00+00:00","0.962","0.15","0.01710315"
"2012-06-01 10:00:00+00:00","1.285","0.069","0.017097"
"2012-06-01 10:30:00+00:00","1.321","0.113","0.01707855"
"2012-06-01 11:00:00+00:00","1.265","0.144","0.017097"
"2012-06-01 11:30:00+00:00","0.79","0.156","0.017097"
"2012-06-01 12:00:00+00:00","1.182","0.069","0.0172446"
"2012-06-01 12:30:00+00:00","1.484","0.163","0.017097"
"2012-06-01 13:00:00+00:00","1.031","0.194","0.01707855"
"2012-06-01 13:30:00+00:00","0.655","0.119","0.017097"
"2012-06-01 14:00:00+00:00","1.004","0.038","0.017097"
"2012-06-01 14:30:00+00:00","0.097","0.088","0.0170724"
"2012-06-01 15:00:00+00:00","0.15","0.094","0.0171339"
"2012-06-01 15:30:00+00:00","0.143","0.025","0.01720155"
"2012-06-01 16:00:00+00:00","0.138","0.013","0.0171708"
"2012-06-01 16:30:00+00:00","0.154","0.006","0.0170601"
"2012-06-01 17:00:00+00:00","0.135","0.0","0.01889895"
"2012-06-01 17:30:00+00:00","0.113","0.0","0.02100225"
"2012-06-01 18:00:00+00:00","0.098","0.0","0.0236037"
"2012-06-01 18:30:00+00:00","0.179","0.0","0.02415105"
"2012-06-01 19:00:00+00:00","0.067","0.0","0.02233065"
"2012-06-01 19:30:00+00:00","0.161","0.0","0.01988295"
"2012-06-01 20:00:00+00:00","0.168","0.0","0.0195447"
"2012-06-01 20:30:00+00:00","0.117","0.0","0.01860375"
"2012-06-01 21:00:00+00:00","0.105","0.0","0.01764435"
"2012-06-01 21:30:00+00:00","0.151","0.0","0.01715235"
"2012-06-01 22:00:00+00:00","0.106","0.0","0.01682025"
"2012-06-01 22:30:00+00:00","0.095","0.0","0.0193971"
"2012-06-01 23:00:00+00:00","0.181","0.0","0.0192126"
"2012-06-01 23:30:00+00:00","0.103","0.0","0.01930485"
"2012-06-02 00:00:00+00:00","0.147","0.0","0.01812405"
"2012-06-02 00:30:00+00:00","0.134","0.0","0.0184623"
"2012-06-02 01:00:00+00:00","0.112","0.0","0.01709085"
"2012-06-02 01:30:00+00:00","0.109","0.0","0.01811175"
"2012-06-02 02:00:00+00:00","0.134","0.0","0.01495065"
"2012-06-02 02:30:00+00:00","0.141","0.0","0.0140712"
"2012-06-02 03:00:00+00:00","0.074","0.0","0.01381905"
"2012-06-02 03:30:00+00:00","0.205","0.0","0.0137514"
"2012-06-02 04:00:00+00:00","0.117","0.0","0.0137637"
"2012-06-02 04:30:00+00:00","0.092","0.0","0.01374525"
"2012-06-02 05:00:00+00:00","0.16","0.0","0.0138006"
"2012-06-02 05:30:00+00:00","0.107","0.0","0.01383135"
"2012-06-02 06:00:00+00:00","0.117","0.0","0.013899"
"2012-06-02 06:30:00+00:00","0.124","0.0","0.01428645"
"2012-06-02 07:00:00+00:00","0.151","0.0","0.0154857"
"2012-06-02 07:30:00+00:00","0.122","0.0","0.01578705"
"2012-06-02 08:00:00+00:00","0.137","0.019","0.01670955"
"2012-06-02 08:30:00+00:00","0.145","0.056","0.01764435"
"2012-06-02 09:00:00+00:00","0.062","0.031","0.01866525"
"2012-06-02 09:30:00+00:00","0.163","0.025","0.0212175"
"2012-06-02 10:00:00+00:00","0.12","0.131","0.01985835"
"2012-06-02 10:30:00+00:00","0.095","0.175","0.01930485"
"2012-06-02 11:00:00+00:00","0.162","0.188","0.01856685"
"2012-06-02 11:30:00+00:00","0.153","0.225","0.0181671"
"2012-06-02 12:00:00+00:00","0.118","0.175","0.01736145"
"2012-06-02 12:30:00+00:00","0.107","0.163","0.017097"
"2012-06-02 13:00:00+00:00","0.148","0.231","0.01801335"
"2012-06-02 13:30:00+00:00","0.105","0.213","0.01709085"
"2012-06-02 14:00:00+00:00","0.103","0.088","0.0172077"
"2012-06-02 14:30:00+00:00","0.181","0.044","0.0173922"
"2012-06-02 15:00:00+00:00","0.111","0.031","0.01710315"
"2012-06-02 15:30:00+00:00","0.121","0.006","0.01818555"
"2012-06-02 16:00:00+00:00","0.17","0.013","0.0187083"
"2012-06-02 16:30:00+00:00","0.08","0.006","0.01937865"
"2012-06-02 17:00:00+00:00","0.141","0.0","0.02177715"
"2012-06-02 17:30:00+00:00","0.142","0.0","0.02395425"
"2012-06-02 18:00:00+00:00","0.09","0.0","0.0241572"
"2012-06-02 18:30:00+00:00","0.144","0.0","0.0223245"
"2012-06-02 19:00:00+00:00","0.155","0.0","0.0192987"
"2012-06-02 19:30:00+00:00","0.128","0.0","0.01888665"
"2012-06-02 20:00:00+00:00","0.096","0.0","0.0185361"
"2012-06-02 20:30:00+00:00","0.13","0.0","0.0184623"
"2012-06-02 21:00:00+00:00","0.158","0.0","0.01732455"
"2012-06-02 21:30:00+00:00","0.065","0.0","0.0170355"
"2012-06-02 22:00:00+00:00","0.152","0.0","0.01608225"
"2012-06-02 22:30:00+00:00","0.177","0.0","0.0170724"
"2012-06-02 23:00:00+00:00","0.077","0.0","0.01701705"
"2012-06-02 23:30:00+00:00","0.174","0.0","0.01770585"
"2012-06-03 00:00:00+00:00","0.123","0.0","0.0171216"
"2012-06-03 00:30:00+00:00","0.094","0.0","0.0158055"
"2012-06-03 01:00:00+00:00","0.134","0.0","0.01531965"
"2012-06-03 01:30:00+00:00","0.126","0.0","0.01434795"
"2012-06-03 02:00:00+00:00","0.148","0.0","0.0138006"
"2012-06-03 02:30:00+00:00","0.128","0.0","0.01116225"
"2012-06-03 03:00:00+00:00","0.156","0.0","0.00924345"
"2012-06-03 03:30:00+00:00","0.108","0.0","0.0091143"
"2012-06-03 04:00:00+00:00","0.09","0.0","0.00924345"
"2012-06-03 04:30:00+00:00","0.176","0.0","0.01321635"
"2012-06-03 05:00:00+00:00","0.085","0.0","0.0107625"
"2012-06-03 05:30:00+00:00","0.113","0.0","0.01315485"
"2012-06-03 06:00:00+00:00","0.199","0.0","0.01337625"
"2012-06-03 06:30:00+00:00","0.102","0.0","0.0133209"
"2012-06-03 07:00:00+00:00","0.128","0.0","0.01383135"
"2012-06-03 07:30:00+00:00","0.128","0.0","0.0139605"
"2012-06-03 08:00:00+00:00","0.142","0.0","0.01479075"
"2012-06-03 08:30:00+00:00","0.086","0.006","0.01679565"
"2012-06-03 09:00:00+00:00","0.126","0.025","0.01705395"
"2012-06-03 09:30:00+00:00","0.179","0.025","0.0179088"
"2012-06-03 10:00:00+00:00","0.099","0.044","0.01801335"
"2012-06-03 10:30:00+00:00","0.149","0.069","0.0192495"
"2012-06-03 11:00:00+00:00","0.129","0.031","0.01855455"
"2012-06-03 11:30:00+00:00","0.076","0.019","0.0184746"
"2012-06-03 12:00:00+00:00","0.159","0.019","0.01823475"
"2012-06-03 12:30:00+00:00","0.131","0.063","0.0184746"
"2012-06-03 13:00:00+00:00","0.111","0.081","0.01833315"
"2012-06-03 13:30:00+00:00","0.153","0.094","0.01817325"
"2012-06-03 14:00:00+00:00","0.145","0.05","0.017466"
"2012-06-03 14:30:00+00:00","0.121","0.05","0.01845615"
"2012-06-03 15:00:00+00:00","0.089","0.031","0.01803795"
"2012-06-03 15:30:00+00:00","0.173","0.013","0.01797645"
"2012-06-03 16:00:00+00:00","0.099","0.031","0.0184746"
"2012-06-03 16:30:00+00:00","0.092","0.013","0.0191388"
"2012-06-03 17:00:00+00:00","0.192","0.0","0.0201474"
"2012-06-03 17:30:00+00:00","0.122","0.0","0.0207501"
"2012-06-03 18:00:00+00:00","0.114","0.0","0.02416335"
"2012-06-03 18:30:00+00:00","0.138","0.0","0.0243048"
"2012-06-03 19:00:00+00:00","0.126","0.0","0.02162955"
"2012-06-03 19:30:00+00:00","0.213","0.006","0.01963695"
"2012-06-03 20:00:00+00:00","1.395","0.0","0.0195078"
"2012-06-03 20:30:00+00:00","1.262","0.0","0.0202581"
"2012-06-03 21:00:00+00:00","1.224","0.0","0.0198522"
"2012-06-03 21:30:00+00:00","1.283","0.0","0.0192003"
"2012-06-03 22:00:00+00:00","1.218","0.0","0.017835"
"2012-06-03 22:30:00+00:00","0.423","0.0","0.01760745"
"2012-06-03 23:00:00+00:00","0.465","0.0","0.01686945"
"2012-06-03 23:30:00+00:00","0.427","0.0","0.0181179"
"2012-06-04 00:00:00+00:00","0.188","0.0","0.0170478"
"2012-06-04 00:30:00+00:00","0.126","0.0","0.01496295"
"2012-06-04 01:00:00+00:00","0.18","0.0","0.0139359"
"2012-06-04 01:30:00+00:00","0.124","0.0","0.0140589"
"2012-06-04 02:00:00+00:00","0.075","0.0","0.0136284"
"2012-06-04 02:30:00+00:00","0.177","0.0","0.01297035"
"2012-06-04 03:00:00+00:00","0.098","0.0","0.0116358"
"2012-06-04 03:30:00+00:00","0.117","0.0","0.0089544"
"2012-06-04 04:00:00+00:00","0.14","0.0","0.00919425"
"2012-06-04 04:30:00+00:00","0.173","0.0","0.01011675"
"2012-06-04 05:00:00+00:00","0.108","0.0","0.0136653"
"2012-06-04 05:30:00+00:00","0.118","0.0","0.01431105"
"2012-06-04 06:00:00+00:00","0.151","0.0","0.0162237"
"2012-06-04 06:30:00+00:00","0.083","0.0","0.01672185"
"2012-06-04 07:00:00+00:00","0.332","0.0","0.01845615"
"2012-06-04 07:30:00+00:00","0.162","0.0","0.01784115"
"2012-06-04 08:00:00+00:00","0.194","0.013","0.01958775"
"2012-06-04 08:30:00+00:00","0.436","0.263","0.0203565"
"2012-06-04 09:00:00+00:00","0.39","0.25","0.01845615"
"2012-06-04 09:30:00+00:00","0.338","0.5","0.01881285"
"2012-06-04 10:00:00+00:00","0.365","0.55","0.0185484"
"2012-06-04 10:30:00+00:00","0.459","0.581","0.0179949"
"2012-06-04 11:00:00+00:00","0.193","0.719","0.017466"
"2012-06-04 11:30:00+00:00","0.222","0.669","0.01752135"
"2012-06-04 12:00:00+00:00","0.292","0.656","0.0176013"
"2012-06-04 12:30:00+00:00","0.34","0.556","0.0176136"
"2012-06-04 13:00:00+00:00","0.147","0.381","0.0179703"
"2012-06-04 13:30:00+00:00","0.229","0.613","0.01782885"
"2012-06-04 14:00:00+00:00","0.283","0.094","0.01802565"
"2012-06-04 14:30:00+00:00","0.077","0.088","0.0177243"
"2012-06-04 15:00:00+00:00","0.187","0.45","0.01728765"
"2012-06-04 15:30:00+00:00","0.201","0.269","0.017097"
"2012-06-04 16:00:00+00:00","0.148","0.188","0.017097"
"2012-06-04 16:30:00+00:00","0.292","0.056","0.0180564"
"2012-06-04 17:00:00+00:00","0.167","0.0","0.01910805"
"2012-06-04 17:30:00+00:00","0.783","0.0","0.0196431"
"2012-06-04 18:00:00+00:00","1.847","0.0","0.0204303"
"2012-06-04 18:30:00+00:00","1.14","0.0","0.0192618"
"2012-06-04 19:00:00+00:00","1.079","0.0","0.01805025"
"2012-06-04 19:30:00+00:00","0.855","0.0","0.0175521"
"2012-06-04 20:00:00+00:00","0.949","0.0","0.0174906"
"2012-06-04 20:30:00+00:00","0.851","0.0","0.01698015"
"2012-06-04 21:00:00+00:00","0.844","0.0","0.017097"
"2012-06-04 21:30:00+00:00","0.44","0.0","0.01640205"
"2012-06-04 22:00:00+00:00","0.28","0.0","0.01567635"
"2012-06-04 22:30:00+00:00","0.295","0.0","0.01812405"
"2012-06-04 23:00:00+00:00","0.258","0.0","0.0167403"
"2012-06-04 23:30:00+00:00","0.96","0.0","0.0169617"
"2012-06-05 00:00:00+00:00","0.394","0.0","0.01728765"
"2012-06-05 00:30:00+00:00","0.135","0.0","0.0159039"
"2012-06-05 01:00:00+00:00","0.152","0.0","0.01399125"
"2012-06-05 01:30:00+00:00","0.127","0.0","0.01431105"
"2012-06-05 02:00:00+00:00","0.133","0.0","0.0123"
"2012-06-05 02:30:00+00:00","0.152","0.0","0.0119556"
"2012-06-05 03:00:00+00:00","0.126","0.0","0.01122375"
"2012-06-05 03:30:00+00:00","0.079","0.0","0.0063468"
"2012-06-05 04:00:00+00:00","0.173","0.0","0.00924345"
"2012-06-05 04:30:00+00:00","0.099","0.0","0.00987075"
"2012-06-05 05:00:00+00:00","0.115","0.0","0.01054725"
"2012-06-05 05:30:00+00:00","0.131","0.0","0.01385595"
"2012-06-05 06:00:00+00:00","0.395","0.0","0.01445865"
"2012-06-05 06:30:00+00:00","0.105","0.0","0.01650045"
"2012-06-05 07:00:00+00:00","0.168","0.0","0.0172077"
"2012-06-05 07:30:00+00:00","0.122","0.031","0.01658655"
"2012-06-05 08:00:00+00:00","0.193","0.225","0.0171585"
"2012-06-05 08:30:00+00:00","0.18","0.356","0.0173184"
"2012-06-05 09:00:00+00:00","0.214","0.456","0.0169986"
"2012-06-05 09:30:00+00:00","0.129","0.531","0.0180933"
"2012-06-05 10:00:00+00:00","0.164","0.5","0.0183024"
"2012-06-05 10:30:00+00:00","0.133","0.55","0.0177366"
"2012-06-05 11:00:00+00:00","0.156","0.506","0.0172569"
"2012-06-05 11:30:00+00:00","0.158","0.644","0.01680795"
"2012-06-05 12:00:00+00:00","0.22","0.756","0.0169986"
"2012-06-05 12:30:00+00:00","0.13","0.738","0.01657425"
"2012-06-05 13:00:00+00:00","0.198","0.719","0.0164697"
"2012-06-05 13:30:00+00:00","0.416","0.588","0.0172323"
"2012-06-05 14:00:00+00:00","0.177","0.181","0.017097"
"2012-06-05 14:30:00+00:00","0.131","0.075","0.01734915"
"2012-06-05 15:00:00+00:00","0.224","0.075","0.016974"
"2012-06-05 15:30:00+00:00","0.486","0.038","0.01819785"
"2012-06-05 16:00:00+00:00","0.687","0.0","0.01948935"
"2012-06-05 16:30:00+00:00","1.077","0.0","0.0196554"
"2012-06-05 17:00:00+00:00","0.966","0.0","0.02166645"
"2012-06-05 17:30:00+00:00","0.882","0.0","0.0239481"
"2012-06-05 18:00:00+00:00","1.461","0.0","0.02669715"
"2012-06-05 18:30:00+00:00","1.059","0.0","0.02597145"
"2012-06-05 19:00:00+00:00","1.057","0.0","0.0235053"
"2012-06-05 19:30:00+00:00","1.012","0.0","0.02214615"
"2012-06-05 20:00:00+00:00","1.036","0.0","0.02229375"
"2012-06-05 20:30:00+00:00","0.785","0.0","0.0247968"
"2012-06-05 21:00:00+00:00","1.216","0.0","0.0187575"
"2012-06-05 21:30:00+00:00","1.368","0.0","0.018081"
"2012-06-05 22:00:00+00:00","1.345","0.0","0.01748445"
"2012-06-05 22:30:00+00:00","1.284","0.0","0.0207009"
"2012-06-05 23:00:00+00:00","0.573","0.0","0.0188805"
"2012-06-05 23:30:00+00:00","0.3","0.0","0.01834545"
"2012-06-06 00:00:00+00:00","0.306","0.0","0.0181179"
"2012-06-06 00:30:00+00:00","0.356","0.0","0.0177612"
"2012-06-06 01:00:00+00:00","0.263","0.0","0.01653735"
"2012-06-06 01:30:00+00:00","0.329","0.0","0.0179703"
"2012-06-06 02:00:00+00:00","0.323","0.0","0.01754595"
"2012-06-06 02:30:00+00:00","0.296","0.0","0.01459395"
"2012-06-06 03:00:00+00:00","0.27","0.0","0.01529505"
"2012-06-06 03:30:00+00:00","0.395","0.0","0.01470465"
"2012-06-06 04:00:00+00:00","0.213","0.006","0.0149322"
"2012-06-06 04:30:00+00:00","0.308","0.0","0.0151413"
"2012-06-06 05:00:00+00:00","0.311","0.0","0.0169002"
"2012-06-06 05:30:00+00:00","0.255","0.0","0.01936635"
"2012-06-06 06:00:00+00:00","0.249","0.0","0.01963695"
"2012-06-06 06:30:00+00:00","0.35","0.0","0.0218571"
"2012-06-06 07:00:00+00:00","0.293","0.0","0.0266295"
"2012-06-06 07:30:00+00:00","0.295","0.0","0.02761965"
"2012-06-06 08:00:00+00:00","0.474","0.056","0.02908335"
"2012-06-06 08:30:00+00:00","0.857","0.244","0.0272199"
"2012-06-06 09:00:00+00:00","0.829","0.081","0.02114985"
"2012-06-06 09:30:00+00:00","0.779","0.113","0.0259899"
"2012-06-06 10:00:00+00:00","1.823","0.069","0.0272322"
"2012-06-06 10:30:00+00:00","0.676","0.1","0.0252765"
"2012-06-06 11:00:00+00:00","0.645","0.306","0.0212544"
"2012-06-06 11:30:00+00:00","0.571","0.356","0.01940325"
"2012-06-06 12:00:00+00:00","1.182","0.419","0.0206025"
"2012-06-06 12:30:00+00:00","0.517","0.431","0.01955085"
"2012-06-06 13:00:00+00:00","0.153","0.175","0.02352375"
"2012-06-06 13:30:00+00:00","0.164","0.125","0.0234192"
"2012-06-06 14:00:00+00:00","0.597","0.231","0.0272691"
"2012-06-06 14:30:00+00:00","0.655","0.156","0.0250305"
"2012-06-06 15:00:00+00:00","0.57","0.263","0.02358525"
"2012-06-06 15:30:00+00:00","0.57","0.138","0.02424945"
"2012-06-06 16:00:00+00:00","0.69","0.044","0.025584"
"2012-06-06 16:30:00+00:00","0.613","0.031","0.0237759"
"2012-06-06 17:00:00+00:00","0.572","0.0","0.02711535"
"2012-06-06 17:30:00+00:00","0.607","0.0","0.0283392"
"2012-06-06 18:00:00+00:00","0.886","0.0","0.05145705"
"2012-06-06 18:30:00+00:00","1.421","0.0","0.03235515"
"2012-06-06 19:00:00+00:00","1.241","0.0","0.02955075"
"2012-06-06 19:30:00+00:00","1.146","0.0","0.02614365"
"2012-06-06 20:00:00+00:00","1.201","0.0","0.02645115"
"2012-06-06 20:30:00+00:00","0.973","0.0","0.02763195"
"2012-06-06 21:00:00+00:00","1.034","0.0","0.0250182"
"2012-06-06 21:30:00+00:00","1.229","0.0","0.02071935"
"2012-06-06 22:00:00+00:00","0.367","0.0","0.01821015"
"2012-06-06 22:30:00+00:00","0.151","0.0","0.02709075"
"2012-06-06 23:00:00+00:00","0.073","0.0","0.02675865"
"2012-06-06 23:30:00+00:00","0.107","0.0","0.0237021"
"2012-06-07 00:00:00+00:00","0.08","0.0","0.0222138"
"2012-06-07 00:30:00+00:00","0.102","0.0","0.02223225"
"2012-06-07 01:00:00+00:00","0.093","0.0","0.02076855"
"2012-06-07 01:30:00+00:00","0.076","0.0","0.01968"
"2012-06-07 02:00:00+00:00","0.11","0.0","0.0192249"
"2012-06-07 02:30:00+00:00","0.117","0.0","0.01900965"
"2012-06-07 03:00:00+00:00","0.101","0.0","0.0170724"
"2012-06-07 03:30:00+00:00","0.077","0.0","0.017097"
"2012-06-07 04:00:00+00:00","0.112","0.0","0.01887435"
"2012-06-07 04:30:00+00:00","0.07","0.006","0.01962465"
"2012-06-07 05:00:00+00:00","0.11","0.0","0.01962465"
"2012-06-07 05:30:00+00:00","0.053","0.0","0.0204057"
"2012-06-07 06:00:00+00:00","0.097","0.0","0.0215988"
"2012-06-07 06:30:00+00:00","0.094","0.0","0.02376975"
"2012-06-07 07:00:00+00:00","0.933","0.0","0.0268386"
"2012-06-07 07:30:00+00:00","0.763","0.0","0.0241941"
"2012-06-07 08:00:00+00:00","0.769","0.063","0.02605755"
"2012-06-07 08:30:00+00:00","1.153","0.088","0.0299628"
"2012-06-07 09:00:00+00:00","1.338","0.094","0.02225685"
"2012-06-07 09:30:00+00:00","1.329","0.225","0.03267495"
"2012-06-07 10:00:00+00:00","1.457","0.313","0.0221892"
"2012-06-07 10:30:00+00:00","0.95","0.094","0.02428635"
"2012-06-07 11:00:00+00:00","0.374","0.338","0.0246738"
"2012-06-07 11:30:00+00:00","0.389","0.275","0.0192864"
"2012-06-07 12:00:00+00:00","0.151","0.269","0.01909575"
"2012-06-07 12:30:00+00:00","0.119","0.513","0.0164574"
"2012-06-07 13:00:00+00:00","0.051","0.256","0.0169986"
"2012-06-07 13:30:00+00:00","0.079","0.356","0.017097"
"2012-06-07 14:00:00+00:00","0.068","0.606","0.01716465"
"2012-06-07 14:30:00+00:00","0.122","0.519","0.017097"
"2012-06-07 15:00:00+00:00","0.055","0.419","0.0169494"
"2012-06-07 15:30:00+00:00","0.069","0.306","0.017097"
"2012-06-07 16:00:00+00:00","0.073","0.188","0.01782885"
"2012-06-07 16:30:00+00:00","0.168","0.056","0.02165415"
"2012-06-07 17:00:00+00:00","0.174","0.0","0.02575005"
"2012-06-07 17:30:00+00:00","0.077","0.0","0.0255471"
"2012-06-07 18:00:00+00:00","0.104","0.0","0.02886195"
"2012-06-07 18:30:00+00:00","0.082","0.0","0.02752125"
"2012-06-07 19:00:00+00:00","0.088","0.0","0.0263835"
"2012-06-07 19:30:00+00:00","0.053","0.0","0.02614365"
"2012-06-07 20:00:00+00:00","0.098","0.0","0.02738595"
"2012-06-07 20:30:00+00:00","0.045","0.0","0.0284868"
"2012-06-07 21:00:00+00:00","1.268","0.0","0.02721375"
"2012-06-07 21:30:00+00:00","0.23","0.0","0.02668485"
"2012-06-07 22:00:00+00:00","0.234","0.0","0.02495055"
"2012-06-07 22:30:00+00:00","0.282","0.0","0.0300981"
"2012-06-07 23:00:00+00:00","0.093","0.0","0.02561475"
"2012-06-07 23:30:00+00:00","0.091","0.0","0.0267279"
"2012-06-08 00:00:00+00:00","0.076","0.0","0.0223614"
"2012-06-08 00:30:00+00:00","0.104","0.0","0.02148195"
"2012-06-08 01:00:00+00:00","0.061","0.0","0.02392965"
"2012-06-08 01:30:00+00:00","0.111","0.0","0.0225213"
"2012-06-08 02:00:00+00:00","0.081","0.0","0.01957545"
"2012-06-08 02:30:00+00:00","0.137","0.0","0.01946475"
"2012-06-08 03:00:00+00:00","0.063","0.0","0.0171831"
"2012-06-08 03:30:00+00:00","0.101","0.0","0.01509825"
"2012-06-08 04:00:00+00:00","0.079","0.0","0.0139359"
"2012-06-08 04:30:00+00:00","0.081","0.0","0.01395435"
"2012-06-08 05:00:00+00:00","0.067","0.0","0.01433565"
"2012-06-08 05:30:00+00:00","0.052","0.0","0.0161622"
"2012-06-08 06:00:00+00:00","0.082","0.0","0.01841925"
"2012-06-08 06:30:00+00:00","0.05","0.0","0.02273655"
"2012-06-08 07:00:00+00:00","0.283","0.0","0.0267648"
"2012-06-08 07:30:00+00:00","0.061","0.025","0.02801325"
"2012-06-08 08:00:00+00:00","0.094","0.219","0.0290772"
"2012-06-08 08:30:00+00:00","0.079","0.35","0.03055935"
"2012-06-08 09:00:00+00:00","0.16","0.463","0.03012885"
"2012-06-08 09:30:00+00:00","0.166","0.55","0.02905875"
"2012-06-08 10:00:00+00:00","0.263","0.619","0.0274782"
"2012-06-08 10:30:00+00:00","0.148","0.669","0.026445"
"2012-06-08 11:00:00+00:00","0.114","0.7","0.02463075"
"2012-06-08 11:30:00+00:00","0.087","0.713","0.02325315"
"2012-06-08 12:00:00+00:00","0.049","0.719","0.022263"
"2012-06-08 12:30:00+00:00","0.114","0.556","0.01919415"
"2012-06-08 13:00:00+00:00","0.06","0.656","0.01945245"
"2012-06-08 13:30:00+00:00","0.062","0.644","0.0199506"
"2012-06-08 14:00:00+00:00","0.189","0.581","0.0206148"
"2012-06-08 14:30:00+00:00","0.468","0.506","0.02162955"
"2012-06-08 15:00:00+00:00","0.162","0.419","0.0212667"
"2012-06-08 15:30:00+00:00","0.245","0.306","0.0206517"
"2012-06-08 16:00:00+00:00","0.235","0.188","0.02204775"
"2012-06-08 16:30:00+00:00","0.218","0.056","0.0229272"
"2012-06-08 17:00:00+00:00","0.277","0.0","0.0260514"
"2012-06-08 17:30:00+00:00","0.651","0.0","0.02975985"
"2012-06-08 18:00:00+00:00","0.827","0.0","0.0275766"
"2012-06-08 18:30:00+00:00","0.889","0.0","0.02678325"
"2012-06-08 19:00:00+00:00","0.808","0.0","0.02518425"
"2012-06-08 19:30:00+00:00","0.921","0.0","0.02354835"
"2012-06-08 20:00:00+00:00","0.88","0.0","0.02589765"
"2012-06-08 20:30:00+00:00","0.909","0.0","0.02843145"
"2012-06-08 21:00:00+00:00","1.252","0.0","0.02726295"
"2012-06-08 21:30:00+00:00","1.225","0.0","0.025707"
"2012-06-08 22:00:00+00:00","1.373","0.0","0.0225951"
"2012-06-08 22:30:00+00:00","1.539","0.0","0.0280932"
"2012-06-08 23:00:00+00:00","1.512","0.0","0.02460615"
"2012-06-08 23:30:00+00:00","1.412","0.0","0.0261498"
"2012-06-09 00:00:00+00:00","0.124","0.0","0.02557785"
"2012-06-09 00:30:00+00:00","0.056","0.0","0.026814"
"2012-06-09 01:00:00+00:00","0.09","0.0","0.0240711"
"2012-06-09 01:30:00+00:00","0.038","0.0","0.02271195"
"2012-06-09 02:00:00+00:00","0.109","0.0","0.0208485"
"2012-06-09 02:30:00+00:00","0.069","0.0","0.01963695"
"2012-06-09 03:00:00+00:00","0.088","0.0","0.0196308"
"2012-06-09 03:30:00+00:00","0.038","0.0","0.01818555"
"2012-06-09 04:00:00+00:00","0.083","0.0","0.0169617"
"2012-06-09 04:30:00+00:00","0.048","0.0","0.0162114"
"2012-06-09 05:00:00+00:00","0.094","0.0","0.01700475"
"2012-06-09 05:30:00+00:00","0.06","0.0","0.01680795"
"2012-06-09 06:00:00+00:00","0.077","0.0","0.0167034"
"2012-06-09 06:30:00+00:00","0.068","0.0","0.0172938"
"2012-06-09 07:00:00+00:00","0.109","0.0","0.01845"
"2012-06-09 07:30:00+00:00","0.072","0.025","0.0187575"
"2012-06-09 08:00:00+00:00","0.311","0.2","0.02284725"
"2012-06-09 08:30:00+00:00","0.365","0.338","0.0263712"
"2012-06-09 09:00:00+00:00","0.205","0.463","0.02744745"
"2012-06-09 09:30:00+00:00","0.247","0.544","0.0290895"
"2012-06-09 10:00:00+00:00","0.093","0.606","0.0266664"
"2012-06-09 10:30:00+00:00","0.173","0.663","0.02662335"
"2012-06-09 11:00:00+00:00","0.082","0.688","0.024846"
"2012-06-09 11:30:00+00:00","0.075","0.706","0.02143275"
"2012-06-09 12:00:00+00:00","0.056","0.713","0.0206025"
"2012-06-09 12:30:00+00:00","0.092","0.694","0.0221646"
"2012-06-09 13:00:00+00:00","0.055","0.663","0.0208977"
"2012-06-09 13:30:00+00:00","0.092","0.631","0.01985835"
"2012-06-09 14:00:00+00:00","0.092","0.581","0.021648"
"2012-06-09 14:30:00+00:00","0.151","0.506","0.02424945"
"2012-06-09 15:00:00+00:00","0.119","0.413","0.0222876"
"2012-06-09 15:30:00+00:00","0.097","0.313","0.02483985"
"2012-06-09 16:00:00+00:00","0.059","0.188","0.02625435"
"2012-06-09 16:30:00+00:00","0.077","0.05","0.02634045"
"2012-06-09 17:00:00+00:00","0.078","0.0","0.0293232"
"2012-06-09 17:30:00+00:00","0.917","0.0","0.03397875"
"2012-06-09 18:00:00+00:00","1.395","0.0","0.0312912"
"2012-06-09 18:30:00+00:00","1.373","0.0","0.02768115"
"2012-06-09 19:00:00+00:00","1.28","0.0","0.02745975"
"2012-06-09 19:30:00+00:00","1.449","0.0","0.02723835"
"2012-06-09 20:00:00+00:00","1.38","0.0","0.02725065"
"2012-06-09 20:30:00+00:00","1.516","0.0","0.03274875"
"2012-06-09 21:00:00+00:00","1.333","0.0","0.02860365"
"2012-06-09 21:30:00+00:00","2.079","0.0","0.02732445"
"2012-06-09 22:00:00+00:00","1.221","0.0","0.0271461"
"2012-06-09 22:30:00+00:00","1.238","0.0","0.02971065"
"2012-06-09 23:00:00+00:00","0.523","0.0","0.0303933"
"2012-06-09 23:30:00+00:00","0.211","0.0","0.0336651"
"2012-06-10 00:00:00+00:00","0.098","0.0","0.03439695"
"2012-06-10 00:30:00+00:00","0.073","0.0","0.0275397"
"2012-06-10 01:00:00+00:00","0.102","0.0","0.02679555"
"2012-06-10 01:30:00+00:00","0.105","0.0","0.027552"
"2012-06-10 02:00:00+00:00","0.072","0.0","0.02728755"
"2012-06-10 02:30:00+00:00","0.08","0.0","0.0260022"
"2012-06-10 03:00:00+00:00","0.077","0.0","0.0212298"
"2012-06-10 03:30:00+00:00","0.085","0.0","0.0201966"
"2012-06-10 04:00:00+00:00","0.057","0.0","0.01947705"
"2012-06-10 04:30:00+00:00","0.093","0.0","0.01962465"
"2012-06-10 05:00:00+00:00","0.062","0.0","0.01955085"
"2012-06-10 05:30:00+00:00","0.141","0.0","0.0193725"
"2012-06-10 06:00:00+00:00","0.062","0.0","0.01882515"
"2012-06-10 06:30:00+00:00","0.451","0.0","0.01952625"
"2012-06-10 07:00:00+00:00","0.192","0.0","0.0207132"
"2012-06-10 07:30:00+00:00","0.143","0.0","0.02039955"
"2012-06-10 08:00:00+00:00","0.126","0.013","0.02474145"
"2012-06-10 08:30:00+00:00","0.111","0.025","0.028167"
"2012-06-10 09:00:00+00:00","0.036","0.044","0.03119895"
"2012-06-10 09:30:00+00:00","0.09","0.063","0.0342801"
"2012-06-10 10:00:00+00:00","0.06","0.2","0.03395415"
"2012-06-10 10:30:00+00:00","0.059","0.319","0.0309099"
"2012-06-10 11:00:00+00:00","0.058","0.569","0.02892345"
"2012-06-10 11:30:00+00:00","0.047","0.213","0.0250428"
"2012-06-10 12:00:00+00:00","0.061","0.194","0.02514735"
"2012-06-10 12:30:00+00:00","0.041","0.156","0.0238374"
"2012-06-10 13:00:00+00:00","0.077","0.188","0.02389275"
"2012-06-10 13:30:00+00:00","0.054","0.15","0.0238374"
"2012-06-10 14:00:00+00:00","0.102","0.038","0.02625435"
"2012-06-10 14:30:00+00:00","0.037","0.05","0.0224721"
"2012-06-10 15:00:00+00:00","0.07","0.05","0.0216726"
"2012-06-10 15:30:00+00:00","0.049","0.088","0.0231978"
"2012-06-10 16:00:00+00:00","0.058","0.025","0.02586075"
"2012-06-10 16:30:00+00:00","0.051","0.013","0.0291018"
"2012-06-10 17:00:00+00:00","0.042","0.0","0.03015345"
"2012-06-10 17:30:00+00:00","0.092","0.0","0.03116205"
"2012-06-10 18:00:00+00:00","0.074","0.0","0.0309099"
"2012-06-10 18:30:00+00:00","0.073","0.0","0.02833305"
"2012-06-10 19:00:00+00:00","0.037","0.0","0.02652495"
"2012-06-10 19:30:00+00:00","0.072","0.0","0.024969"
"2012-06-10 20:00:00+00:00","0.046","0.0","0.02547945"
"2012-06-10 20:30:00+00:00","0.052","0.0","0.02565165"
"2012-06-10 21:00:00+00:00","0.059","0.0","0.02429865"
"2012-06-10 21:30:00+00:00","0.044","0.0","0.023493"
"2012-06-10 22:00:00+00:00","0.117","0.0","0.0226689"
"2012-06-10 22:30:00+00:00","0.042","0.0","0.0235791"
"2012-06-10 23:00:00+00:00","0.067","0.0","0.0219063"
"2012-06-10 23:30:00+00:00","0.045","0.0","0.02376975"
"2012-06-11 00:00:00+00:00","0.056","0.0","0.02175255"
"2012-06-11 00:30:00+00:00","0.061","0.0","0.01975995"
"2012-06-11 01:00:00+00:00","0.03","0.0","0.02037495"
"2012-06-11 01:30:00+00:00","0.05","0.0","0.019926"
"2012-06-11 02:00:00+00:00","0.111","0.0","0.01846845"
"2012-06-11 02:30:00+00:00","0.054","0.0","0.01568865"
"2012-06-11 03:00:00+00:00","0.042","0.0","0.01512285"
"2012-06-11 03:30:00+00:00","0.086","0.0","0.01450785"
"2012-06-11 04:00:00+00:00","0.039","0.0","0.0138498"
"2012-06-11 04:30:00+00:00","0.075","0.0","0.0140343"
"2012-06-11 05:00:00+00:00","0.043","0.0","0.01389285"
"2012-06-11 05:30:00+00:00","0.061","0.0","0.0144279"
"2012-06-11 06:00:00+00:00","0.072","0.0","0.01629135"
"2012-06-11 06:30:00+00:00","0.076","0.0","0.0168018"
"2012-06-11 07:00:00+00:00","0.066","0.0","0.016482"
"2012-06-11 07:30:00+00:00","0.08","0.0","0.01808715"
"2012-06-11 08:00:00+00:00","0.095","0.0","0.02160495"
"2012-06-11 08:30:00+00:00","0.043","0.025","0.02556555"
"2012-06-11 09:00:00+00:00","0.063","0.044","0.02745975"
"2012-06-11 09:30:00+00:00","0.048","0.019","0.0294462"
"2012-06-11 10:00:00+00:00","0.062","0.006","0.02733675"
"2012-06-11 10:30:00+00:00","0.102","0.013","0.0300735"
"2012-06-11 11:00:00+00:00","0.036","0.019","0.02999355"
"2012-06-11 11:30:00+00:00","0.077","0.081","0.02726295"
"2012-06-11 12:00:00+00:00","0.033","0.094","0.0273306"
"2012-06-11 12:30:00+00:00","0.084","0.063","0.02785335"
"2012-06-11 13:00:00+00:00","0.034","0.069","0.02987055"
"2012-06-11 13:30:00+00:00","0.07","0.044","0.0275151"
"2012-06-11 14:00:00+00:00","0.042","0.069","0.0269247"
"2012-06-11 14:30:00+00:00","0.098","0.081","0.0283392"
"2012-06-11 15:00:00+00:00","0.067","0.038","0.0278964"
"2012-06-11 15:30:00+00:00","0.042","0.019","0.0303072"
"2012-06-11 16:00:00+00:00","0.067","0.006","0.0324966"
"2012-06-11 16:30:00+00:00","0.043","0.0","0.03240435"
"2012-06-11 17:00:00+00:00","0.128","0.0","0.03713985"
"2012-06-11 17:30:00+00:00","0.039","0.0","0.04718895"
"2012-06-11 18:00:00+00:00","0.077","0.0","0.082164"
"2012-06-11 18:30:00+00:00","0.067","0.0","0.0590277"
"2012-06-11 19:00:00+00:00","0.136","0.0","0.04055925"
"2012-06-11 19:30:00+00:00","0.054","0.0","0.030996"
"2012-06-11 20:00:00+00:00","0.068","0.0","0.0278349"
"2012-06-11 20:30:00+00:00","0.083","0.0","0.0338127"
"2012-06-11 21:00:00+00:00","0.111","0.0","0.03319155"
"2012-06-11 21:30:00+00:00","0.077","0.0","0.0292863"
"2012-06-11 22:00:00+00:00","0.079","0.0","0.0266541"
"2012-06-11 22:30:00+00:00","0.088","0.0","0.0275028"
"2012-06-11 23:00:00+00:00","0.077","0.0","0.0266049"
"2012-06-11 23:30:00+00:00","0.1","0.0","0.0264942"
"2012-06-12 00:00:00+00:00","0.048","0.0","0.0242802"
"2012-06-12 00:30:00+00:00","0.075","0.0","0.0228534"
"2012-06-12 01:00:00+00:00","0.055","0.0","0.02233065"
"2012-06-12 01:30:00+00:00","0.071","0.0","0.0281178"
"2012-06-12 02:00:00+00:00","0.082","0.0","0.0270108"
"2012-06-12 02:30:00+00:00","0.086","0.0","0.02407725"
"2012-06-12 03:00:00+00:00","0.133","0.0","0.02041185"
"2012-06-12 03:30:00+00:00","0.049","0.0","0.0196308"
"2012-06-12 04:00:00+00:00","0.079","0.0","0.01958775"
"2012-06-12 04:30:00+00:00","0.079","0.0","0.0209223"
"2012-06-12 05:00:00+00:00","0.082","0.0","0.0206763"
"2012-06-12 05:30:00+00:00","0.084","0.0","0.0231363"
"2012-06-12 06:00:00+00:00","0.093","0.0","0.0247722"
"2012-06-12 06:30:00+00:00","0.144","0.0","0.02540565"
"2012-06-12 07:00:00+00:00","0.138","0.0","0.02985825"
"2012-06-12 07:30:00+00:00","0.057","0.013","0.0291264"
"2012-06-12 08:00:00+00:00","0.058","0.063","0.0346122"
"2012-06-12 08:30:00+00:00","0.063","0.275","0.03218295"
"2012-06-12 09:00:00+00:00","0.044","0.35","0.02984595"
"2012-06-12 09:30:00+00:00","0.069","0.25","0.0326073"
"2012-06-12 10:00:00+00:00","0.042","0.338","0.02953845"
"2012-06-12 10:30:00+00:00","0.103","0.194","0.02773035"
"2012-06-12 11:00:00+00:00","0.068","0.119","0.02707845"
"2012-06-12 11:30:00+00:00","0.081","0.363","0.02407725"
"2012-06-12 12:00:00+00:00","0.041","0.631","0.02370825"
"2012-06-12 12:30:00+00:00","0.067","0.644","0.02340075"
"2012-06-12 13:00:00+00:00","0.064","0.481","0.0232347"
"2012-06-12 13:30:00+00:00","0.058","0.5","0.02337"
"2012-06-12 14:00:00+00:00","0.068","0.263","0.0231486"
"2012-06-12 14:30:00+00:00","0.082","0.306","0.0224844"
"2012-06-12 15:00:00+00:00","0.098","0.363","0.02180175"
"2012-06-12 15:30:00+00:00","0.044","0.2","0.0227919"
"2012-06-12 16:00:00+00:00","0.087","0.194","0.02412645"
"2012-06-12 16:30:00+00:00","0.041","0.05","0.0257562"
"2012-06-12 17:00:00+00:00","0.074","0.0","0.02827155"
"2012-06-12 17:30:00+00:00","0.051","0.0","0.0358053"
"2012-06-12 18:00:00+00:00","0.101","0.0","0.04632795"
"2012-06-12 18:30:00+00:00","0.078","0.0","0.03509805"
"2012-06-12 19:00:00+00:00","0.049","0.0","0.0332592"
"2012-06-12 19:30:00+00:00","0.066","0.0","0.0293601"
"2012-06-12 20:00:00+00:00","0.041","0.0","0.0313527"
"2012-06-12 20:30:00+00:00","0.09","0.0","0.03187545"
"2012-06-12 21:00:00+00:00","0.04","0.0","0.03043635"
"2012-06-12 21:30:00+00:00","0.103","0.0","0.02536875"
"2012-06-12 22:00:00+00:00","0.065","0.0","0.02177715"
"2012-06-12 22:30:00+00:00","0.082","0.0","0.0283023"
"2012-06-12 23:00:00+00:00","0.041","0.0","0.0259653"
"2012-06-12 23:30:00+00:00","0.073","0.0","0.02450775"
"2012-06-13 00:00:00+00:00","0.052","0.0","0.0246492"
"2012-06-13 00:30:00+00:00","0.052","0.0","0.02461845"
"2012-06-13 01:00:00+00:00","0.069","0.0","0.02381895"
"2012-06-13 01:30:00+00:00","0.079","0.006","0.0219186"
"2012-06-13 02:00:00+00:00","0.087","0.0","0.020172"
"2012-06-13 02:30:00+00:00","0.043","0.0","0.0190527"
"2012-06-13 03:00:00+00:00","0.087","0.0","0.01717695"
"2012-06-13 03:30:00+00:00","0.039","0.0","0.01536885"
"2012-06-13 04:00:00+00:00","0.082","0.0","0.01431105"
"2012-06-13 04:30:00+00:00","0.045","0.0","0.01390515"
"2012-06-13 05:00:00+00:00","0.075","0.0","0.01395435"
"2012-06-13 05:30:00+00:00","0.067","0.0","0.0157932"
"2012-06-13 06:00:00+00:00","0.091","0.0","0.018573"
"2012-06-13 06:30:00+00:00","0.049","0.0","0.0237267"
"2012-06-13 07:00:00+00:00","0.065","0.0","0.0278103"
"2012-06-13 07:30:00+00:00","0.052","0.0","0.02333925"
"2012-06-13 08:00:00+00:00","0.059","0.006","0.0267402"
"2012-06-13 08:30:00+00:00","0.059","0.025","0.0262236"
"2012-06-13 09:00:00+00:00","0.05","0.044","0.0246"
"2012-06-13 09:30:00+00:00","0.099","0.219","0.0234807"
"2012-06-13 10:00:00+00:00","0.048","0.144","0.0218079"
"2012-06-13 10:30:00+00:00","0.088","0.15","0.0211683"
"2012-06-13 11:00:00+00:00","0.044","0.294","0.02224455"
"2012-06-13 11:30:00+00:00","0.076","0.413","0.02100225"
"2012-06-13 12:00:00+00:00","0.038","0.044","0.02084235"
"2012-06-13 12:30:00+00:00","0.08","0.719","0.01993215"
"2012-06-13 13:00:00+00:00","0.051","0.344","0.0222384"
"2012-06-13 13:30:00+00:00","0.109","0.356","0.02412645"
"2012-06-13 14:00:00+00:00","0.062","0.488","0.02538105"
"2012-06-13 14:30:00+00:00","0.046","0.125","0.02369595"
"2012-06-13 15:00:00+00:00","0.077","0.063","0.0215619"
"2012-06-13 15:30:00+00:00","0.043","0.081","0.0203811"
"2012-06-13 16:00:00+00:00","0.092","0.031","0.0202827"
"2012-06-13 16:30:00+00:00","0.029","0.013","0.0216234"
"2012-06-13 17:00:00+00:00","0.125","0.0","0.0223614"
"2012-06-13 17:30:00+00:00","0.054","0.0","0.0236406"
"2012-06-13 18:00:00+00:00","0.079","0.0","0.0262728"
"2012-06-13 18:30:00+00:00","0.044","0.0","0.02453235"
"2012-06-13 19:00:00+00:00","0.067","0.0","0.02346225"
"2012-06-13 19:30:00+00:00","0.061","0.0","0.02321625"
"2012-06-13 20:00:00+00:00","0.056","0.0","0.0222015"
"2012-06-13 20:30:00+00:00","0.079","0.0","0.0215004"
"2012-06-13 21:00:00+00:00","0.08","0.0","0.0242187"
"2012-06-13 21:30:00+00:00","0.077","0.0","0.02178945"
"2012-06-13 22:00:00+00:00","0.04","0.0","0.01849305"
"2012-06-13 22:30:00+00:00","0.078","0.0","0.0274044"
"2012-06-13 23:00:00+00:00","0.042","0.0","0.0226689"
"2012-06-13 23:30:00+00:00","0.082","0.0","0.02139585"
"2012-06-14 00:00:00+00:00","0.032","0.0","0.02102685"
"2012-06-14 00:30:00+00:00","0.079","0.0","0.01982145"
"2012-06-14 01:00:00+00:00","0.09","0.0","0.01950165"
"2012-06-14 01:30:00+00:00","0.059","0.0","0.01962465"
"2012-06-14 02:00:00+00:00","0.056","0.0","0.01921875"
"2012-06-14 02:30:00+00:00","0.047","0.0","0.01886205"
"2012-06-14 03:00:00+00:00","0.075","0.0","0.01701705"
"2012-06-14 03:30:00+00:00","0.038","0.0","0.0159039"
"2012-06-14 04:00:00+00:00","0.088","0.0","0.01522125"
"2012-06-14 04:30:00+00:00","0.03","0.0","0.01418805"
"2012-06-14 05:00:00+00:00","0.123","0.0","0.01502445"
"2012-06-14 05:30:00+00:00","0.052","0.0","0.01578705"
"2012-06-14 06:00:00+00:00","0.076","0.0","0.018573"
"2012-06-14 06:30:00+00:00","0.045","0.0","0.02467995"
"2012-06-14 07:00:00+00:00","0.065","0.0","0.02728755"
"2012-06-14 07:30:00+00:00","0.053","0.0","0.0244893"
"2012-06-14 08:00:00+00:00","0.055","0.081","0.02702925"
"2012-06-14 08:30:00+00:00","0.061","0.288","0.0262482"
"2012-06-14 09:00:00+00:00","0.071","0.431","0.0225828"
"2012-06-14 09:30:00+00:00","0.097","0.494","0.02044875"
"2012-06-14 10:00:00+00:00","0.039","0.55","0.0192864"
"2012-06-14 10:30:00+00:00","0.089","0.606","0.01914495"
"2012-06-14 11:00:00+00:00","0.035","0.688","0.0192618"
"2012-06-14 11:30:00+00:00","0.074","0.681","0.0192249"
"2012-06-14 12:00:00+00:00","0.059","0.669","0.0196308"
"2012-06-14 12:30:00+00:00","0.1","0.506","0.01930485"
"2012-06-14 13:00:00+00:00","0.079","0.656","0.019188"
"2012-06-14 13:30:00+00:00","0.046","0.244","0.0196308"
"2012-06-14 14:00:00+00:00","0.091","0.081","0.01946475"
"2012-06-14 14:30:00+00:00","0.041","0.106","0.0196308"
"2012-06-14 15:00:00+00:00","0.091","0.044","0.01930485"
"2012-06-14 15:30:00+00:00","0.039","0.05","0.01908345"
"2012-06-14 16:00:00+00:00","0.109","0.038","0.0196308"
"2012-06-14 16:30:00+00:00","0.072","0.0","0.0196308"
"2012-06-14 17:00:00+00:00","0.068","0.006","0.02112525"
"2012-06-14 17:30:00+00:00","0.065","0.0","0.02618055"
"2012-06-14 18:00:00+00:00","0.053","0.0","0.0310452"
"2012-06-14 18:30:00+00:00","0.073","0.0","0.02846835"
"2012-06-14 19:00:00+00:00","0.036","0.0","0.0274659"
"2012-06-14 19:30:00+00:00","0.102","0.0","0.02637735"
"2012-06-14 20:00:00+00:00","0.073","0.0","0.02565165"
"2012-06-14 20:30:00+00:00","0.092","0.0","0.02725065"
"2012-06-14 21:00:00+00:00","0.028","0.0","0.0248091"
"2012-06-14 21:30:00+00:00","0.086","0.0","0.02113755"
"2012-06-14 22:00:00+00:00","0.044","0.0","0.01904655"
"2012-06-14 22:30:00+00:00","0.07","0.0","0.02693085"
"2012-06-14 23:00:00+00:00","0.047","0.0","0.02174025"
"2012-06-14 23:30:00+00:00","0.085","0.0","0.0231117"
"2012-06-15 00:00:00+00:00","0.076","0.0","0.02252745"
"2012-06-15 00:30:00+00:00","0.055","0.0","0.0220662"
"2012-06-15 01:00:00+00:00","0.07","0.0","0.01904655"
"2012-06-15 01:30:00+00:00","0.034","0.0","0.01839465"
"2012-06-15 02:00:00+00:00","0.08","0.0","0.01699245"
"2012-06-15 02:30:00+00:00","0.036","0.0","0.01709085"
"2012-06-15 03:00:00+00:00","0.086","0.0","0.01452015"
"2012-06-15 03:30:00+00:00","0.036","0.0","0.01576245"
"2012-06-15 04:00:00+00:00","0.114","0.0","0.0154119"
"2012-06-15 04:30:00+00:00","0.042","0.0","0.0149937"
"2012-06-15 05:00:00+00:00","0.08","0.0","0.01605765"
"2012-06-15 05:30:00+00:00","0.029","0.0","0.01705395"
"2012-06-15 06:00:00+00:00","0.078","0.0","0.01790265"
"2012-06-15 06:30:00+00:00","0.049","0.0","0.0208239"
"2012-06-15 07:00:00+00:00","0.056","0.0","0.02520885"
"2012-06-15 07:30:00+00:00","0.052","0.0","0.02618055"
"2012-06-15 08:00:00+00:00","0.075","0.025","0.0272568"
"2012-06-15 08:30:00+00:00","0.086","0.075","0.0261252"
"2012-06-15 09:00:00+00:00","0.034","0.231","0.0232224"
"2012-06-15 09:30:00+00:00","0.076","0.469","0.0240588"
"2012-06-15 10:00:00+00:00","0.034","0.269","0.02292105"
"2012-06-15 10:30:00+00:00","0.089","0.225","0.02092845"
"2012-06-15 11:00:00+00:00","0.035","0.231","0.0188682"
"2012-06-15 11:30:00+00:00","0.072","0.4","0.01797645"
"2012-06-15 12:00:00+00:00","0.084","0.45","0.02021505"
"2012-06-15 12:30:00+00:00","0.068","0.431","0.01802565"
"2012-06-15 13:00:00+00:00","0.067","0.675","0.017712"
"2012-06-15 13:30:00+00:00","0.052","0.556","0.017097"
"2012-06-15 14:00:00+00:00","0.067","0.319","0.017097"
"2012-06-15 14:30:00+00:00","0.044","0.219","0.017097"
"2012-06-15 15:00:00+00:00","0.093","0.238","0.0170232"
"2012-06-15 15:30:00+00:00","0.066","0.081","0.01711545"
"2012-06-15 16:00:00+00:00","0.102","0.213","0.0177243"
"2012-06-15 16:30:00+00:00","0.045","0.081","0.01916955"
"2012-06-15 17:00:00+00:00","0.065","0.0","0.0203811"
"2012-06-15 17:30:00+00:00","0.07","0.0","0.0246984"
"2012-06-15 18:00:00+00:00","0.048","0.0","0.02962455"
"2012-06-15 18:30:00+00:00","0.081","0.0","0.02739825"
"2012-06-15 19:00:00+00:00","0.043","0.0","0.02700465"
"2012-06-15 19:30:00+00:00","0.126","0.0","0.0234561"
"2012-06-15 20:00:00+00:00","0.041","0.0","0.0231486"
"2012-06-15 20:30:00+00:00","0.079","0.0","0.02244135"
"2012-06-15 21:00:00+00:00","0.044","0.0","0.02007975"
"2012-06-15 21:30:00+00:00","0.069","0.0","0.0199629"
"2012-06-15 22:00:00+00:00","0.06","0.0","0.01753365"
"2012-06-15 22:30:00+00:00","0.054","0.0","0.0215127"
"2012-06-15 23:00:00+00:00","0.095","0.0","0.0200121"
"2012-06-15 23:30:00+00:00","0.061","0.0","0.02155575"
"2012-06-16 00:00:00+00:00","0.077","0.0","0.0217341"
"2012-06-16 00:30:00+00:00","0.035","0.0","0.0206148"
"2012-06-16 01:00:00+00:00","0.088","0.0","0.0196308"
"2012-06-16 01:30:00+00:00","0.042","0.0","0.0199014"
"2012-06-16 02:00:00+00:00","0.071","0.0","0.0203073"
"2012-06-16 02:30:00+00:00","0.043","0.0","0.01956315"
"2012-06-16 03:00:00+00:00","0.097","0.0","0.0184746"
"2012-06-16 03:30:00+00:00","0.068","0.0","0.01563945"
"2012-06-16 04:00:00+00:00","0.066","0.0","0.01440945"
"2012-06-16 04:30:00+00:00","0.048","0.0","0.01395435"
"2012-06-16 05:00:00+00:00","0.055","0.0","0.01395435"
"2012-06-16 05:30:00+00:00","0.064","0.0","0.01395435"
"2012-06-16 06:00:00+00:00","0.042","0.0","0.0150183"
"2012-06-16 06:30:00+00:00","0.08","0.0","0.0165312"
"2012-06-16 07:00:00+00:00","0.051","0.0","0.0164574"
"2012-06-16 07:30:00+00:00","0.111","0.0","0.0166419"
"2012-06-16 08:00:00+00:00","0.053","0.0","0.0181056"
"2012-06-16 08:30:00+00:00","0.066","0.006","0.0199998"
"2012-06-16 09:00:00+00:00","0.045","0.05","0.02117445"
"2012-06-16 09:30:00+00:00","0.066","0.081","0.02383125"
"2012-06-16 10:00:00+00:00","0.054","0.088","0.02354835"
"2012-06-16 10:30:00+00:00","0.049","0.263","0.02346225"
"2012-06-16 11:00:00+00:00","0.063","0.075","0.0235791"
"2012-06-16 11:30:00+00:00","0.092","0.088","0.02245365"
"2012-06-16 12:00:00+00:00","0.073","0.125","0.02161725"
"2012-06-16 12:30:00+00:00","0.039","0.056","0.02030115"
"2012-06-16 13:00:00+00:00","0.072","0.044","0.0196308"
"2012-06-16 13:30:00+00:00","0.043","0.119","0.0196308"
"2012-06-16 14:00:00+00:00","0.086","0.169","0.0196308"
"2012-06-16 14:30:00+00:00","0.037","0.088","0.0196308"
"2012-06-16 15:00:00+00:00","0.067","0.038","0.0196308"
"2012-06-16 15:30:00+00:00","0.095","0.031","0.0196185"
"2012-06-16 16:00:00+00:00","0.051","0.0","0.02016585"
"2012-06-16 16:30:00+00:00","0.077","0.006","0.0229395"
"2012-06-16 17:00:00+00:00","0.043","0.0","0.02268735"
"2012-06-16 17:30:00+00:00","0.072","0.0","0.02567625"
"2012-06-16 18:00:00+00:00","0.042","0.0","0.0279825"
"2012-06-16 18:30:00+00:00","0.083","0.0","0.02563935"
"2012-06-16 19:00:00+00:00","0.042","0.0","0.02128515"
"2012-06-16 19:30:00+00:00","0.111","0.0","0.0190773"
"2012-06-16 20:00:00+00:00","0.043","0.0","0.0185361"
"2012-06-16 20:30:00+00:00","0.059","0.0","0.0187821"
"2012-06-16 21:00:00+00:00","0.062","0.0","0.01850535"
"2012-06-16 21:30:00+00:00","0.051","0.0","0.0183516"
"2012-06-16 22:00:00+00:00","0.057","0.0","0.01711545"
"2012-06-16 22:30:00+00:00","0.043","0.0","0.01856685"
"2012-06-16 23:00:00+00:00","0.083","0.0","0.0191019"
"2012-06-16 23:30:00+00:00","0.077","0.0","0.0198891"
"2012-06-17 00:00:00+00:00","0.082","0.0","0.0199875"
"2012-06-17 00:30:00+00:00","0.036","0.0","0.01904655"
"2012-06-17 01:00:00+00:00","0.077","0.0","0.0184746"
"2012-06-17 01:30:00+00:00","0.053","0.0","0.0188805"
"2012-06-17 02:00:00+00:00","0.064","0.0","0.01615605"
"2012-06-17 02:30:00+00:00","0.052","0.0","0.0139482"
"2012-06-17 03:00:00+00:00","0.049","0.0","0.01351155"
"2012-06-17 03:30:00+00:00","0.099","0.0","0.01051035"
"2012-06-17 04:00:00+00:00","0.064","0.0","0.01267515"
"2012-06-17 04:30:00+00:00","0.073","0.0","0.0108978"
"2012-06-17 05:00:00+00:00","0.055","0.0","0.0110823"
"2012-06-17 05:30:00+00:00","0.103","0.0","0.0120048"
"2012-06-17 06:00:00+00:00","0.046","0.0","0.01391745"
"2012-06-17 06:30:00+00:00","0.064","0.0","0.0135546"
"2012-06-17 07:00:00+00:00","0.043","0.0","0.01383135"
"2012-06-17 07:30:00+00:00","0.071","0.013","0.0153996"
"2012-06-17 08:00:00+00:00","0.087","0.188","0.0163713"
"2012-06-17 08:30:00+00:00","0.05","0.325","0.01731225"
"2012-06-17 09:00:00+00:00","0.065","0.438","0.0176874"
"2012-06-17 09:30:00+00:00","0.036","0.525","0.0185238"
"2012-06-17 10:00:00+00:00","0.089","0.6","0.0183639"
"2012-06-17 10:30:00+00:00","0.024","0.656","0.0183516"
"2012-06-17 11:00:00+00:00","0.327","0.694","0.01776735"
"2012-06-17 11:30:00+00:00","0.095","0.719","0.0173922"
"2012-06-17 12:00:00+00:00","0.114","0.725","0.01732455"
"2012-06-17 12:30:00+00:00","0.093","0.706","0.01726305"
"2012-06-17 13:00:00+00:00","0.102","0.681","0.01716465"
"2012-06-17 13:30:00+00:00","0.055","0.538","0.0170478"
"2012-06-17 14:00:00+00:00","0.11","0.456","0.01695555"
"2012-06-17 14:30:00+00:00","0.316","0.456","0.017097"
"2012-06-17 15:00:00+00:00","0.062","0.419","0.017097"
"2012-06-17 15:30:00+00:00","0.126","0.319","0.0174783"
"2012-06-17 16:00:00+00:00","0.069","0.2","0.01887435"
"2012-06-17 16:30:00+00:00","0.148","0.056","0.01956315"
"2012-06-17 17:00:00+00:00","0.216","0.0","0.0223245"
"2012-06-17 17:30:00+00:00","1.229","0.0","0.0236283"
"2012-06-17 18:00:00+00:00","1.14","0.0","0.03158025"
"2012-06-17 18:30:00+00:00","1.06","0.0","0.0359775"
"2012-06-17 19:00:00+00:00","1.172","0.0","0.0290034"
"2012-06-17 19:30:00+00:00","1.101","0.0","0.0251781"
"2012-06-17 20:00:00+00:00","0.943","0.0","0.02346225"
"2012-06-17 20:30:00+00:00","0.391","0.0","0.0240096"
"2012-06-17 21:00:00+00:00","0.057","0.0","0.02269965"
"2012-06-17 21:30:00+00:00","0.101","0.0","0.02042415"
"2012-06-17 22:00:00+00:00","0.053","0.0","0.02033805"
"2012-06-17 22:30:00+00:00","0.102","0.0","0.02143275"
"2012-06-17 23:00:00+00:00","0.066","0.0","0.0205656"
"2012-06-17 23:30:00+00:00","0.082","0.0","0.02041185"
"2012-06-18 00:00:00+00:00","0.04","0.0","0.0192249"
"2012-06-18 00:30:00+00:00","0.103","0.0","0.01848075"
"2012-06-18 01:00:00+00:00","0.036","0.0","0.0177858"
"2012-06-18 01:30:00+00:00","0.081","0.0","0.01752135"
"2012-06-18 02:00:00+00:00","0.042","0.0","0.01630365"
"2012-06-18 02:30:00+00:00","0.107","0.0","0.0137022"
"2012-06-18 03:00:00+00:00","0.064","0.0","0.0132717"
"2012-06-18 03:30:00+00:00","0.079","0.0","0.011685"
"2012-06-18 04:00:00+00:00","0.066","0.0","0.012177"
"2012-06-18 04:30:00+00:00","0.088","0.0","0.01303185"
"2012-06-18 05:00:00+00:00","0.038","0.0","0.0140589"
"2012-06-18 05:30:00+00:00","0.077","0.0","0.01501215"
"2012-06-18 06:00:00+00:00","0.038","0.0","0.0176136"
"2012-06-18 06:30:00+00:00","0.086","0.0","0.020541"
"2012-06-18 07:00:00+00:00","0.094","0.0","0.02600835"
"2012-06-18 07:30:00+00:00","0.091","0.013","0.0248952"
"2012-06-18 08:00:00+00:00","0.063","0.194","0.02710305"
"2012-06-18 08:30:00+00:00","0.091","0.325","0.0266418"
"2012-06-18 09:00:00+00:00","0.286","0.444","0.02304405"
"2012-06-18 09:30:00+00:00","0.082","0.538","0.02244135"
"2012-06-18 10:00:00+00:00","0.222","0.606","0.0214881"
"2012-06-18 10:30:00+00:00","0.118","0.656","0.02010435"
"2012-06-18 11:00:00+00:00","0.127","0.694","0.0199383"
"2012-06-18 11:30:00+00:00","0.107","0.713","0.01915725"
"2012-06-18 12:00:00+00:00","0.05","0.719","0.01796415"
"2012-06-18 12:30:00+00:00","0.076","0.7","0.0175521"
"2012-06-18 13:00:00+00:00","0.07","0.681","0.017097"
"2012-06-18 13:30:00+00:00","0.227","0.638","0.01682025"
"2012-06-18 14:00:00+00:00","0.174","0.581","0.01659885"
"2012-06-18 14:30:00+00:00","0.069","0.513","0.0170478"
"2012-06-18 15:00:00+00:00","0.143","0.419","0.0169371"
"2012-06-18 15:30:00+00:00","0.174","0.319","0.016974"
"2012-06-18 16:00:00+00:00","0.181","0.2","0.0174906"
"2012-06-18 16:30:00+00:00","0.228","0.063","0.01851765"
"2012-06-18 17:00:00+00:00","0.349","0.0","0.0202212"
"2012-06-18 17:30:00+00:00","0.329","0.0","0.025953"
"2012-06-18 18:00:00+00:00","0.242","0.0","0.02887425"
"2012-06-18 18:30:00+00:00","0.201","0.0","0.02797635"
"2012-06-18 19:00:00+00:00","0.162","0.0","0.02677095"
"2012-06-18 19:30:00+00:00","0.937","0.0","0.02357295"
"2012-06-18 20:00:00+00:00","1.077","0.0","0.0241449"
"2012-06-18 20:30:00+00:00","1.214","0.0","0.02459385"
"2012-06-18 21:00:00+00:00","1.185","0.0","0.0213159"
"2012-06-18 21:30:00+00:00","1.205","0.0","0.02097765"
"2012-06-18 22:00:00+00:00","0.987","0.0","0.01872675"
"2012-06-18 22:30:00+00:00","0.908","0.0","0.02086695"
"2012-06-18 23:00:00+00:00","0.105","0.0","0.0201105"
"2012-06-18 23:30:00+00:00","0.066","0.0","0.0209592"
"2012-06-19 00:00:00+00:00","0.065","0.0","0.02160495"
"2012-06-19 00:30:00+00:00","0.066","0.0","0.0220662"
"2012-06-19 01:00:00+00:00","0.074","0.0","0.02266275"
"2012-06-19 01:30:00+00:00","0.079","0.0","0.02293335"
"2012-06-19 02:00:00+00:00","0.084","0.0","0.01963695"
"2012-06-19 02:30:00+00:00","0.061","0.0","0.01857915"
"2012-06-19 03:00:00+00:00","0.082","0.0","0.0151167"
"2012-06-19 03:30:00+00:00","0.044","0.0","0.01357305"
"2012-06-19 04:00:00+00:00","0.079","0.0","0.01347465"
"2012-06-19 04:30:00+00:00","0.039","0.0","0.01374525"
"2012-06-19 05:00:00+00:00","0.091","0.0","0.01395435"
"2012-06-19 05:30:00+00:00","0.097","0.0","0.0158424"
"2012-06-19 06:00:00+00:00","0.253","0.0","0.0178842"
"2012-06-19 06:30:00+00:00","0.05","0.0","0.0243171"
"2012-06-19 07:00:00+00:00","0.104","0.0","0.02790255"
"2012-06-19 07:30:00+00:00","0.075","0.013","0.02475375"
"2012-06-19 08:00:00+00:00","0.27","0.194","0.0273675"
"2012-06-19 08:30:00+00:00","0.378","0.325","0.0274044"
"2012-06-19 09:00:00+00:00","0.279","0.438","0.02543025"
"2012-06-19 09:30:00+00:00","0.327","0.531","0.0242556"
"2012-06-19 10:00:00+00:00","0.174","0.606","0.0212052"
"2012-06-19 10:30:00+00:00","0.26","0.65","0.0198645"
"2012-06-19 11:00:00+00:00","0.086","0.694","0.01935405"
"2012-06-19 11:30:00+00:00","0.143","0.706","0.01844385"
"2012-06-19 12:00:00+00:00","0.133","0.719","0.019803"
"2012-06-19 12:30:00+00:00","0.144","0.706","0.0182778"
"2012-06-19 13:00:00+00:00","0.133","0.681","0.019188"
"2012-06-19 13:30:00+00:00","0.189","0.644","0.01977225"
"2012-06-19 14:00:00+00:00","0.075","0.588","0.0196308"
"2012-06-19 14:30:00+00:00","0.094","0.481","0.01880055"
"2012-06-19 15:00:00+00:00","0.041","0.413","0.01925565"
"2012-06-19 15:30:00+00:00","0.22","0.313","0.01859145"
"2012-06-19 16:00:00+00:00","0.23","0.194","0.0207993"
"2012-06-19 16:30:00+00:00","0.127","0.063","0.0202704"
"2012-06-19 17:00:00+00:00","0.166","0.0","0.0240342"
"2012-06-19 17:30:00+00:00","0.101","0.0","0.0278964"
"2012-06-19 18:00:00+00:00","0.147","0.0","0.02999355"
"2012-06-19 18:30:00+00:00","0.118","0.0","0.02908335"
"2012-06-19 19:00:00+00:00","0.151","0.0","0.0277365"
"2012-06-19 19:30:00+00:00","0.405","0.0","0.0272937"
"2012-06-19 20:00:00+00:00","0.85","0.0","0.0272568"
"2012-06-19 20:30:00+00:00","0.717","0.0","0.02797635"
"2012-06-19 21:00:00+00:00","0.234","0.0","0.0269616"
"2012-06-19 21:30:00+00:00","0.147","0.0","0.03187545"
"2012-06-19 22:00:00+00:00","0.143","0.0","0.019434"
"2012-06-19 22:30:00+00:00","0.078","0.0","0.03043635"
"2012-06-19 23:00:00+00:00","0.132","0.0","0.0246984"
"2012-06-19 23:30:00+00:00","0.096","0.0","0.0306762"
"2012-06-20 00:00:00+00:00","0.144","0.0","0.03025185"
"2012-06-20 00:30:00+00:00","0.096","0.0","0.0286836"
"2012-06-20 01:00:00+00:00","0.09","0.0","0.02759505"
"2012-06-20 01:30:00+00:00","0.101","0.0","0.0271092"
"2012-06-20 02:00:00+00:00","0.073","0.0","0.0266295"
"2012-06-20 02:30:00+00:00","0.111","0.0","0.01979685"
"2012-06-20 03:00:00+00:00","0.068","0.0","0.01709085"
"2012-06-20 03:30:00+00:00","0.087","0.0","0.0139113"
"2012-06-20 04:00:00+00:00","0.091","0.0","0.0139359"
"2012-06-20 04:30:00+00:00","0.112","0.0","0.01415115"
"2012-06-20 05:00:00+00:00","0.069","0.0","0.0158547"
"2012-06-20 05:30:00+00:00","0.076","0.0","0.0187821"
"2012-06-20 06:00:00+00:00","0.078","0.0","0.0199137"
"2012-06-20 06:30:00+00:00","0.071","0.0","0.02684475"
"2012-06-20 07:00:00+00:00","0.1","0.0","0.03191235"
"2012-06-20 07:30:00+00:00","0.068","0.013","0.03210915"
"2012-06-20 08:00:00+00:00","0.22","0.188","0.0341694"
"2012-06-20 08:30:00+00:00","0.399","0.331","0.03305625"
"2012-06-20 09:00:00+00:00","0.152","0.444","0.0275643"
"2012-06-20 09:30:00+00:00","0.614","0.538","0.02729985"
"2012-06-20 10:00:00+00:00","0.155","0.606","0.02722605"
"2012-06-20 10:30:00+00:00","0.057","0.631","0.0270108"
"2012-06-20 11:00:00+00:00","0.107","0.688","0.02267505"
"2012-06-20 11:30:00+00:00","0.062","0.706","0.01964925"
"2012-06-20 12:00:00+00:00","0.143","0.688","0.01995675"
"2012-06-20 12:30:00+00:00","0.063","0.663","0.02031345"
"2012-06-20 13:00:00+00:00","0.106","0.519","0.0196308"
"2012-06-20 13:30:00+00:00","0.06","0.656","0.01968"
"2012-06-20 14:00:00+00:00","0.092","0.588","0.0202581"
"2012-06-20 14:30:00+00:00","0.08","0.513","0.02076855"
"2012-06-20 15:00:00+00:00","0.129","0.438","0.021033"
"2012-06-20 15:30:00+00:00","0.188","0.294","0.02074395"
"2012-06-20 16:00:00+00:00","0.064","0.206","0.02309325"
"2012-06-20 16:30:00+00:00","0.155","0.05","0.02643885"
"2012-06-20 17:00:00+00:00","0.092","0.0","0.02734905"
"2012-06-20 17:30:00+00:00","0.116","0.0","0.03666015"
"2012-06-20 18:00:00+00:00","0.056","0.0","0.0651777"
"2012-06-20 18:30:00+00:00","0.14","0.0","0.06185055"
"2012-06-20 19:00:00+00:00","0.084","0.0","0.0363957"
"2012-06-20 19:30:00+00:00","0.112","0.0","0.03065775"
"2012-06-20 20:00:00+00:00","0.068","0.0","0.03255195"
"2012-06-20 20:30:00+00:00","0.204","0.0","0.03123585"
"2012-06-20 21:00:00+00:00","0.185","0.0","0.02835765"
"2012-06-20 21:30:00+00:00","0.128","0.0","0.02634045"
"2012-06-20 22:00:00+00:00","0.127","0.0","0.02422485"
"2012-06-20 22:30:00+00:00","0.142","0.0","0.0261375"
"2012-06-20 23:00:00+00:00","0.104","0.0","0.0209592"
"2012-06-20 23:30:00+00:00","0.101","0.0","0.02193705"
"2012-06-21 00:00:00+00:00","0.093","0.0","0.0221031"
"2012-06-21 00:30:00+00:00","0.075","0.0","0.02085465"
"2012-06-21 01:00:00+00:00","0.092","0.0","0.01962465"
"2012-06-21 01:30:00+00:00","0.078","0.0","0.01846845"
"2012-06-21 02:00:00+00:00","0.091","0.0","0.01664805"
"2012-06-21 02:30:00+00:00","0.129","0.0","0.0149076"
"2012-06-21 03:00:00+00:00","0.105","0.0","0.01434795"
"2012-06-21 03:30:00+00:00","0.082","0.0","0.0117711"
"2012-06-21 04:00:00+00:00","0.092","0.0","0.012669"
"2012-06-21 04:30:00+00:00","0.06","0.0","0.0138375"
"2012-06-21 05:00:00+00:00","0.081","0.0","0.0138498"
"2012-06-21 05:30:00+00:00","0.066","0.0","0.01433565"
"2012-06-21 06:00:00+00:00","0.082","0.0","0.01834545"
"2012-06-21 06:30:00+00:00","0.097","0.0","0.02461845"
"2012-06-21 07:00:00+00:00","0.117","0.0","0.02773035"
"2012-06-21 07:30:00+00:00","0.077","0.019","0.0273429"
"2012-06-21 08:00:00+00:00","0.276","0.231","0.0296922"
"2012-06-21 08:30:00+00:00","0.292","0.406","0.0286344"
"2012-06-21 09:00:00+00:00","0.114","0.475","0.0273675"
"2012-06-21 09:30:00+00:00","0.072","0.381","0.02722605"
"2012-06-21 10:00:00+00:00","0.089","0.538","0.0269616"
"2012-06-21 10:30:00+00:00","0.161","0.619","0.0267279"
"2012-06-21 11:00:00+00:00","0.111","0.694","0.0256947"
"2012-06-21 11:30:00+00:00","0.138","0.681","0.0248091"
"2012-06-21 12:00:00+00:00","0.072","0.588","0.02416335"
"2012-06-21 12:30:00+00:00","0.096","0.55","0.02187555"
"2012-06-21 13:00:00+00:00","0.058","0.5","0.02337615"
"2012-06-21 13:30:00+00:00","0.128","0.188","0.0220293"
"2012-06-21 14:00:00+00:00","0.083","0.113","0.02021505"
"2012-06-21 14:30:00+00:00","0.117","0.094","0.01966155"
"2012-06-21 15:00:00+00:00","0.103","0.075","0.02033805"
"2012-06-21 15:30:00+00:00","0.135","0.063","0.02295795"
"2012-06-21 16:00:00+00:00","0.106","0.019","0.02556555"
"2012-06-21 16:30:00+00:00","0.122","0.0","0.0260637"
"2012-06-21 17:00:00+00:00","0.956","0.0","0.027306"
"2012-06-21 17:30:00+00:00","1.232","0.0","0.02990745"
"2012-06-21 18:00:00+00:00","1.209","0.0","0.03193695"
"2012-06-21 18:30:00+00:00","1.289","0.0","0.0304548"
"2012-06-21 19:00:00+00:00","1.213","0.0","0.0289173"
"2012-06-21 19:30:00+00:00","1.293","0.0","0.0274167"
"2012-06-21 20:00:00+00:00","1.194","0.0","0.02761965"
"2012-06-21 20:30:00+00:00","0.279","0.0","0.03213375"
"2012-06-21 21:00:00+00:00","0.136","0.0","0.02720145"
"2012-06-21 21:30:00+00:00","0.118","0.0","0.02711535"
"2012-06-21 22:00:00+00:00","0.075","0.0","0.0219678"
"2012-06-21 22:30:00+00:00","0.08","0.0","0.02825925"
"2012-06-21 23:00:00+00:00","0.058","0.0","0.02472915"
"2012-06-21 23:30:00+00:00","0.071","0.0","0.0256578"
"2012-06-22 00:00:00+00:00","0.055","0.0","0.0227181"
"2012-06-22 00:30:00+00:00","0.075","0.0","0.02177715"
"2012-06-22 01:00:00+00:00","0.091","0.0","0.01962465"
"2012-06-22 01:30:00+00:00","0.113","0.0","0.01963695"
"2012-06-22 02:00:00+00:00","0.041","0.0","0.018696"
"2012-06-22 02:30:00+00:00","0.081","0.0","0.01584855"
"2012-06-22 03:00:00+00:00","0.059","0.0","0.01258905"
"2012-06-22 03:30:00+00:00","0.079","0.0","0.01102695"
"2012-06-22 04:00:00+00:00","0.035","0.0","0.01039965"
"2012-06-22 04:30:00+00:00","0.086","0.0","0.01261365"
"2012-06-22 05:00:00+00:00","0.075","0.0","0.0130749"
"2012-06-22 05:30:00+00:00","0.095","0.0","0.0139605"
"2012-06-22 06:00:00+00:00","0.037","0.0","0.01605765"
"2012-06-22 06:30:00+00:00","0.095","0.006","0.0189912"
"2012-06-22 07:00:00+00:00","0.068","0.0","0.0266664"
"2012-06-22 07:30:00+00:00","0.108","0.0","0.02444625"
"2012-06-22 08:00:00+00:00","0.064","0.031","0.0277242"
"2012-06-22 08:30:00+00:00","0.147","0.181","0.02942775"
"2012-06-22 09:00:00+00:00","0.343","0.163","0.03159255"
"2012-06-22 09:30:00+00:00","0.104","0.25","0.03442155"
"2012-06-22 10:00:00+00:00","0.048","0.106","0.03273645"
"2012-06-22 10:30:00+00:00","0.079","0.344","0.0307377"
"2012-06-22 11:00:00+00:00","0.044","0.463","0.02864055"
"2012-06-22 11:30:00+00:00","0.093","0.769","0.02897265"
"2012-06-22 12:00:00+00:00","0.048","0.681","0.0299259"
"2012-06-22 12:30:00+00:00","0.267","0.606","0.02773035"
"2012-06-22 13:00:00+00:00","0.066","0.238","0.0252519"
"2012-06-22 13:30:00+00:00","0.097","0.119","0.0262728"
"2012-06-22 14:00:00+00:00","0.216","0.1","0.0299874"
"2012-06-22 14:30:00+00:00","0.088","0.081","0.03188775"
"2012-06-22 15:00:00+00:00","0.237","0.05","0.03114975"
"2012-06-22 15:30:00+00:00","0.142","0.069","0.0281547"
"2012-06-22 16:00:00+00:00","0.146","0.025","0.0288804"
"2012-06-22 16:30:00+00:00","0.131","0.013","0.02904645"
"2012-06-22 17:00:00+00:00","1.351","0.006","0.0294585"
"2012-06-22 17:30:00+00:00","1.239","0.0","0.0315003"
"2012-06-22 18:00:00+00:00","1.305","0.0","0.0343416"
"2012-06-22 18:30:00+00:00","1.214","0.0","0.03092835"
"2012-06-22 19:00:00+00:00","1.194","0.0","0.0288435"
"2012-06-22 19:30:00+00:00","1.367","0.0","0.02722605"
"2012-06-22 20:00:00+00:00","1.538","0.0","0.0272322"
"2012-06-22 20:30:00+00:00","1.156","0.0","0.0273921"
"2012-06-22 21:00:00+00:00","0.106","0.0","0.0266787"
"2012-06-22 21:30:00+00:00","0.112","0.0","0.0272322"
"2012-06-22 22:00:00+00:00","0.111","0.0","0.02407725"
"2012-06-22 22:30:00+00:00","0.079","0.0","0.0277857"
"2012-06-22 23:00:00+00:00","0.284","0.0","0.025707"
"2012-06-22 23:30:00+00:00","0.755","0.0","0.0266418"
"2012-06-23 00:00:00+00:00","0.132","0.0","0.02696775"
"2012-06-23 00:30:00+00:00","0.057","0.0","0.02667255"
"2012-06-23 01:00:00+00:00","0.077","0.0","0.0267402"
"2012-06-23 01:30:00+00:00","0.046","0.0","0.0233085"
"2012-06-23 02:00:00+00:00","0.083","0.0","0.0206886"
"2012-06-23 02:30:00+00:00","0.036","0.0","0.0196185"
"2012-06-23 03:00:00+00:00","0.082","0.0","0.01900965"
"2012-06-23 03:30:00+00:00","0.047","0.0","0.0168141"
"2012-06-23 04:00:00+00:00","0.099","0.0","0.01599615"
"2012-06-23 04:30:00+00:00","0.075","0.0","0.0139236"
"2012-06-23 05:00:00+00:00","0.07","0.0","0.0137883"
"2012-06-23 05:30:00+00:00","0.058","0.0","0.01386825"
"2012-06-23 06:00:00+00:00","0.07","0.0","0.0139728"
"2012-06-23 06:30:00+00:00","0.061","0.0","0.0165435"
"2012-06-23 07:00:00+00:00","0.147","0.0","0.0171462"
"2012-06-23 07:30:00+00:00","0.183","0.006","0.0189666"
"2012-06-23 08:00:00+00:00","0.09","0.188","0.0234438"
"2012-06-23 08:30:00+00:00","0.256","0.325","0.0303933"
"2012-06-23 09:00:00+00:00","0.205","0.438","0.02955075"
"2012-06-23 09:30:00+00:00","0.12","0.538","0.03063315"
"2012-06-23 10:00:00+00:00","0.131","0.6","0.03001815"
"2012-06-23 10:30:00+00:00","0.104","0.663","0.02913255"
"2012-06-23 11:00:00+00:00","0.069","0.7","0.02630355"
"2012-06-23 11:30:00+00:00","0.053","0.719","0.02561475"
"2012-06-23 12:00:00+00:00","0.09","0.725","0.02486445"
"2012-06-23 12:30:00+00:00","0.093","0.719","0.02480295"
"2012-06-23 13:00:00+00:00","0.217","0.694","0.02059635"
"2012-06-23 13:30:00+00:00","0.139","0.656","0.0203934"
"2012-06-23 14:00:00+00:00","0.057","0.594","0.0200367"
"2012-06-23 14:30:00+00:00","0.068","0.519","0.02055945"
"2012-06-23 15:00:00+00:00","0.073","0.431","0.01963695"
"2012-06-23 15:30:00+00:00","0.081","0.325","0.02091"
"2012-06-23 16:00:00+00:00","0.112","0.206","0.023493"
"2012-06-23 16:30:00+00:00","0.048","0.069","0.02428635"
"2012-06-23 17:00:00+00:00","0.082","0.0","0.02684475"
"2012-06-23 17:30:00+00:00","0.047","0.0","0.03090375"
"2012-06-23 18:00:00+00:00","0.097","0.0","0.03691845"
"2012-06-23 18:30:00+00:00","0.039","0.0","0.0320784"
"2012-06-23 19:00:00+00:00","0.079","0.0","0.0305286"
"2012-06-23 19:30:00+00:00","0.087","0.0","0.02883735"
"2012-06-23 20:00:00+00:00","0.088","0.0","0.025338"
"2012-06-23 20:30:00+00:00","0.047","0.0","0.02726295"
"2012-06-23 21:00:00+00:00","0.101","0.0","0.026814"
"2012-06-23 21:30:00+00:00","0.096","0.0","0.0222999"
"2012-06-23 22:00:00+00:00","0.086","0.0","0.02135895"
"2012-06-23 22:30:00+00:00","0.041","0.0","0.02322855"
"2012-06-23 23:00:00+00:00","0.079","0.0","0.02381895"
"2012-06-23 23:30:00+00:00","0.074","0.0","0.0251658"
"2012-06-24 00:00:00+00:00","0.086","0.0","0.0237144"
"2012-06-24 00:30:00+00:00","0.048","0.0","0.02220765"
"2012-06-24 01:00:00+00:00","0.063","0.0","0.0205287"
"2012-06-24 01:30:00+00:00","0.058","0.0","0.02126055"
"2012-06-24 02:00:00+00:00","0.066","0.0","0.02020275"
"2012-06-24 02:30:00+00:00","0.056","0.0","0.01944015"
"2012-06-24 03:00:00+00:00","0.056","0.0","0.01834545"
"2012-06-24 03:30:00+00:00","0.062","0.006","0.0165066"
"2012-06-24 04:00:00+00:00","0.097","0.0","0.0147477"
"2012-06-24 04:30:00+00:00","0.068","0.0","0.01519665"
"2012-06-24 05:00:00+00:00","0.04","0.0","0.0148953"
"2012-06-24 05:30:00+00:00","0.072","0.0","0.0141819"
"2012-06-24 06:00:00+00:00","0.04","0.0","0.0157563"
"2012-06-24 06:30:00+00:00","0.068","0.0","0.0169617"
"2012-06-24 07:00:00+00:00","0.043","0.0","0.01779195"
"2012-06-24 07:30:00+00:00","0.08","0.006","0.0188682"
"2012-06-24 08:00:00+00:00","0.043","0.194","0.01995675"
"2012-06-24 08:30:00+00:00","0.079","0.331","0.02204775"
"2012-06-24 09:00:00+00:00","0.092","0.444","0.02422485"
"2012-06-24 09:30:00+00:00","0.132","0.538","0.0251781"
"2012-06-24 10:00:00+00:00","0.042","0.606","0.0263712"
"2012-06-24 10:30:00+00:00","0.061","0.669","0.0274536"
"2012-06-24 11:00:00+00:00","0.056","0.7","0.0229518"
"2012-06-24 11:30:00+00:00","0.062","0.731","0.0222138"
"2012-06-24 12:00:00+00:00","0.071","0.731","0.0199506"
"2012-06-24 12:30:00+00:00","0.089","0.719","0.0198276"
"2012-06-24 13:00:00+00:00","0.204","0.694","0.01966155"
"2012-06-24 13:30:00+00:00","0.253","0.656","0.01974765"
"2012-06-24 14:00:00+00:00","0.104","0.6","0.01966155"
"2012-06-24 14:30:00+00:00","0.042","0.519","0.0193725"
"2012-06-24 15:00:00+00:00","0.143","0.431","0.01950165"
"2012-06-24 15:30:00+00:00","0.155","0.325","0.019434"
"2012-06-24 16:00:00+00:00","0.175","0.206","0.02009205"
"2012-06-24 16:30:00+00:00","0.139","0.069","0.0200613"
"2012-06-24 17:00:00+00:00","0.317","0.0","0.0241449"
"2012-06-24 17:30:00+00:00","0.946","0.0","0.02546715"
"2012-06-24 18:00:00+00:00","0.904","0.0","0.0319431"
"2012-06-24 18:30:00+00:00","0.925","0.0","0.0340464"
"2012-06-24 19:00:00+00:00","0.876","0.0","0.0305655"
"2012-06-24 19:30:00+00:00","1.084","0.0","0.02759505"
"2012-06-24 20:00:00+00:00","1.356","0.0","0.0272568"
"2012-06-24 20:30:00+00:00","1.253","0.0","0.0292863"
"2012-06-24 21:00:00+00:00","1.32","0.0","0.0278595"
"2012-06-24 21:30:00+00:00","0.795","0.0","0.0250059"
"2012-06-24 22:00:00+00:00","0.125","0.0","0.02094075"
"2012-06-24 22:30:00+00:00","0.093","0.0","0.02397885"
"2012-06-24 23:00:00+00:00","0.135","0.0","0.02090385"
"2012-06-24 23:30:00+00:00","0.117","0.0","0.02218305"
"2012-06-25 00:00:00+00:00","0.093","0.0","0.02021505"
"2012-06-25 00:30:00+00:00","0.055","0.0","0.0192495"
"2012-06-25 01:00:00+00:00","0.069","0.0","0.019434"
"2012-06-25 01:30:00+00:00","0.063","0.0","0.0192372"
"2012-06-25 02:00:00+00:00","0.045","0.0","0.01855455"
"2012-06-25 02:30:00+00:00","0.086","0.0","0.01599615"
"2012-06-25 03:00:00+00:00","0.046","0.0","0.01376985"
"2012-06-25 03:30:00+00:00","0.084","0.0","0.0137637"
"2012-06-25 04:00:00+00:00","0.078","0.0","0.0137145"
"2012-06-25 04:30:00+00:00","0.082","0.0","0.0138744"
"2012-06-25 05:00:00+00:00","0.047","0.0","0.0140343"
"2012-06-25 05:30:00+00:00","0.064","0.0","0.0164697"
"2012-06-25 06:00:00+00:00","0.107","0.0","0.0183393"
"2012-06-25 06:30:00+00:00","0.257","0.0","0.0215619"
"2012-06-25 07:00:00+00:00","0.109","0.0","0.0273921"
"2012-06-25 07:30:00+00:00","0.061","0.006","0.0270108"
"2012-06-25 08:00:00+00:00","0.208","0.188","0.0301227"
"2012-06-25 08:30:00+00:00","0.417","0.325","0.03146955"
"2012-06-25 09:00:00+00:00","0.402","0.444","0.03303165"
"2012-06-25 09:30:00+00:00","0.174","0.531","0.0308361"
"2012-06-25 10:00:00+00:00","0.088","0.6","0.0290526"
"2012-06-25 10:30:00+00:00","0.083","0.656","0.0278472"
"2012-06-25 11:00:00+00:00","0.094","0.694","0.0280932"
"2012-06-25 11:30:00+00:00","0.041","0.713","0.02704155"
"2012-06-25 12:00:00+00:00","0.204","0.719","0.02663565"
"2012-06-25 12:30:00+00:00","0.27","0.713","0.02545485"
"2012-06-25 13:00:00+00:00","0.117","0.688","0.0209838"
"2012-06-25 13:30:00+00:00","0.137","0.644","0.02090385"
"2012-06-25 14:00:00+00:00","0.146","0.581","0.019803"
"2012-06-25 14:30:00+00:00","0.117","0.513","0.02004285"
"2012-06-25 15:00:00+00:00","0.171","0.425","0.0211806"
"2012-06-25 15:30:00+00:00","0.145","0.325","0.02140815"
"2012-06-25 16:00:00+00:00","0.135","0.2","0.02217075"
"2012-06-25 16:30:00+00:00","0.134","0.056","0.02659875"
"2012-06-25 17:00:00+00:00","0.328","0.0","0.02690625"
"2012-06-25 17:30:00+00:00","0.086","0.0","0.031119"
"2012-06-25 18:00:00+00:00","0.758","0.0","0.07230555"
"2012-06-25 18:30:00+00:00","1.038","0.0","0.0486957"
"2012-06-25 19:00:00+00:00","1.006","0.0","0.03167865"
"2012-06-25 19:30:00+00:00","0.827","0.0","0.0281055"
"2012-06-25 20:00:00+00:00","0.855","0.0","0.0283269"
"2012-06-25 20:30:00+00:00","0.497","0.0","0.02963685"
"2012-06-25 21:00:00+00:00","0.182","0.0","0.0284745"
"2012-06-25 21:30:00+00:00","0.076","0.0","0.02733675"
"2012-06-25 22:00:00+00:00","0.11","0.0","0.0248091"
"2012-06-25 22:30:00+00:00","0.082","0.0","0.0293232"
"2012-06-25 23:00:00+00:00","0.114","0.0","0.02709075"
"2012-06-25 23:30:00+00:00","0.085","0.0","0.0274659"
"2012-06-26 00:00:00+00:00","0.083","0.0","0.0261744"
"2012-06-26 00:30:00+00:00","0.055","0.006","0.02611905"
"2012-06-26 01:00:00+00:00","0.057","0.0","0.02372055"
"2012-06-26 01:30:00+00:00","0.062","0.0","0.0232224"
"2012-06-26 02:00:00+00:00","0.063","0.0","0.02053485"
"2012-06-26 02:30:00+00:00","0.066","0.0","0.0196308"
"2012-06-26 03:00:00+00:00","0.073","0.0","0.01963695"
"2012-06-26 03:30:00+00:00","0.129","0.0","0.01920645"
"2012-06-26 04:00:00+00:00","0.06","0.0","0.0185238"
"2012-06-26 04:30:00+00:00","0.079","0.0","0.017097"
"2012-06-26 05:00:00+00:00","0.044","0.0","0.01683255"
"2012-06-26 05:30:00+00:00","0.068","0.0","0.01962465"
"2012-06-26 06:00:00+00:00","0.05","0.0","0.02058405"
"2012-06-26 06:30:00+00:00","0.091","0.0","0.02566395"
"2012-06-26 07:00:00+00:00","0.062","0.0","0.0294216"
"2012-06-26 07:30:00+00:00","0.119","0.0","0.0264942"
"2012-06-26 08:00:00+00:00","0.166","0.006","0.03281025"
"2012-06-26 08:30:00+00:00","0.57","0.0","0.03427395"
"2012-06-26 09:00:00+00:00","0.093","0.013","0.0325089"
"2012-06-26 09:30:00+00:00","0.135","0.031","0.03235515"
"2012-06-26 10:00:00+00:00","0.044","0.081","0.03117435"
"2012-06-26 10:30:00+00:00","0.085","0.031","0.03091605"
"2012-06-26 11:00:00+00:00","0.037","0.094","0.03019035"
"2012-06-26 11:30:00+00:00","0.115","0.119","0.02919405"
"2012-06-26 12:00:00+00:00","0.044","0.119","0.03039945"
"2012-06-26 12:30:00+00:00","0.086","0.119","0.0289419"
"2012-06-26 13:00:00+00:00","0.038","0.163","0.02852985"
"2012-06-26 13:30:00+00:00","0.686","0.194","0.03165405"
"2012-06-26 14:00:00+00:00","1.81","0.15","0.0324228"
"2012-06-26 14:30:00+00:00","2.055","0.081","0.0310329"
"2012-06-26 15:00:00+00:00","0.546","0.038","0.0335298"
"2012-06-26 15:30:00+00:00","0.122","0.038","0.03402795"
"2012-06-26 16:00:00+00:00","0.158","0.006","0.03747195"
"2012-06-26 16:30:00+00:00","1.278","0.0","0.04324065"
"2012-06-26 17:00:00+00:00","1.282","0.0","0.0486342"
"2012-06-26 17:30:00+00:00","1.284","0.0","0.0369123"
"2012-06-26 18:00:00+00:00","1.261","0.0","0.05421225"
"2012-06-26 18:30:00+00:00","1.288","0.0","0.0411189"
"2012-06-26 19:00:00+00:00","1.281","0.0","0.03547935"
"2012-06-26 19:30:00+00:00","1.413","0.0","0.03300705"
"2012-06-26 20:00:00+00:00","1.166","0.0","0.02985825"
"2012-06-26 20:30:00+00:00","0.179","0.0","0.0318816"
"2012-06-26 21:00:00+00:00","0.087","0.0","0.02775495"
"2012-06-26 21:30:00+00:00","0.107","0.0","0.0253134"
"2012-06-26 22:00:00+00:00","0.053","0.0","0.01909575"
"2012-06-26 22:30:00+00:00","0.63","0.0","0.0293355"
"2012-06-26 23:00:00+00:00","0.398","0.0","0.0219924"
"2012-06-26 23:30:00+00:00","0.117","0.006","0.02076855"
"2012-06-27 00:00:00+00:00","0.056","0.0","0.0201351"
"2012-06-27 00:30:00+00:00","0.071","0.0","0.01962465"
"2012-06-27 01:00:00+00:00","0.054","0.0","0.01962465"
"2012-06-27 01:30:00+00:00","0.067","0.0","0.01963695"
"2012-06-27 02:00:00+00:00","0.078","0.0","0.0194709"
"2012-06-27 02:30:00+00:00","0.071","0.0","0.0158793"
"2012-06-27 03:00:00+00:00","0.076","0.0","0.01497525"
"2012-06-27 03:30:00+00:00","0.068","0.0","0.01402815"
"2012-06-27 04:00:00+00:00","0.181","0.0","0.0138252"
"2012-06-27 04:30:00+00:00","0.06","0.0","0.01395435"
"2012-06-27 05:00:00+00:00","0.075","0.0","0.01433565"
"2012-06-27 05:30:00+00:00","0.065","0.0","0.016113"
"2012-06-27 06:00:00+00:00","0.066","0.0","0.01733685"
"2012-06-27 06:30:00+00:00","0.075","0.0","0.0195816"
"2012-06-27 07:00:00+00:00","0.087","0.0","0.02263815"
"2012-06-27 07:30:00+00:00","0.08","0.0","0.02094075"
"2012-06-27 08:00:00+00:00","0.156","0.019","0.0315864"
"2012-06-27 08:30:00+00:00","0.181","0.019","0.0332592"
"2012-06-27 09:00:00+00:00","0.248","0.013","0.03397875"
"2012-06-27 09:30:00+00:00","0.18","0.05","0.0350058"
"2012-06-27 10:00:00+00:00","0.078","0.125","0.03433545"
"2012-06-27 10:30:00+00:00","0.062","0.175","0.03198"
"2012-06-27 11:00:00+00:00","0.051","0.119","0.02705385"
"2012-06-27 11:30:00+00:00","0.076","0.081","0.02261355"
"2012-06-27 12:00:00+00:00","0.086","0.125","0.02333925"
"2012-06-27 12:30:00+00:00","0.097","0.163","0.0264081"
"2012-06-27 13:00:00+00:00","0.055","0.294","0.02331465"
"2012-06-27 13:30:00+00:00","0.086","0.406","0.02277345"
"2012-06-27 14:00:00+00:00","0.037","0.294","0.02132205"
"2012-06-27 14:30:00+00:00","0.082","0.181","0.0210207"
"2012-06-27 15:00:00+00:00","0.038","0.063","0.0216357"
"2012-06-27 15:30:00+00:00","0.09","0.031","0.0208485"
"2012-06-27 16:00:00+00:00","0.038","0.025","0.0234807"
"2012-06-27 16:30:00+00:00","0.128","0.006","0.0273798"
"2012-06-27 17:00:00+00:00","0.047","0.0","0.0261252"
"2012-06-27 17:30:00+00:00","0.137","0.0","0.03202305"
"2012-06-27 18:00:00+00:00","0.05","0.0","0.05592195"
"2012-06-27 18:30:00+00:00","0.081","0.0","0.04638945"
"2012-06-27 19:00:00+00:00","0.054","0.0","0.03482745"
"2012-06-27 19:30:00+00:00","0.08","0.0","0.02962455"
"2012-06-27 20:00:00+00:00","0.055","0.0","0.0287082"
"2012-06-27 20:30:00+00:00","0.936","0.0","0.03068235"
"2012-06-27 21:00:00+00:00","0.979","0.0","0.0294093"
"2012-06-27 21:30:00+00:00","0.259","0.0","0.02547945"
"2012-06-27 22:00:00+00:00","0.112","0.0","0.0225951"
"2012-06-27 22:30:00+00:00","0.078","0.0","0.02825925"
"2012-06-27 23:00:00+00:00","0.098","0.0","0.02174025"
"2012-06-27 23:30:00+00:00","0.05","0.0","0.0206517"
"2012-06-28 00:00:00+00:00","0.084","0.0","0.02025195"
"2012-06-28 00:30:00+00:00","0.06","0.0","0.01962465"
"2012-06-28 01:00:00+00:00","0.174","0.0","0.01962465"
"2012-06-28 01:30:00+00:00","0.047","0.0","0.01962465"
"2012-06-28 02:00:00+00:00","0.077","0.0","0.01920645"
"2012-06-28 02:30:00+00:00","0.054","0.0","0.01482765"
"2012-06-28 03:00:00+00:00","0.077","0.0","0.014391"
"2012-06-28 03:30:00+00:00","0.047","0.0","0.0138867"
"2012-06-28 04:00:00+00:00","0.068","0.0","0.0138498"
"2012-06-28 04:30:00+00:00","0.045","0.0","0.0139482"
"2012-06-28 05:00:00+00:00","0.122","0.0","0.01402815"
"2012-06-28 05:30:00+00:00","0.043","0.0","0.01513515"
"2012-06-28 06:00:00+00:00","0.068","0.0","0.0175398"
"2012-06-28 06:30:00+00:00","0.045","0.0","0.0238005"
"2012-06-28 07:00:00+00:00","0.074","0.0","0.02573775"
"2012-06-28 07:30:00+00:00","0.119","0.0","0.02518425"
"2012-06-28 08:00:00+00:00","0.553","0.0","0.0339726"
"2012-06-28 08:30:00+00:00","0.224","0.006","0.03562695"
"2012-06-28 09:00:00+00:00","0.095","0.094","0.03507345"
"2012-06-28 09:30:00+00:00","0.122","0.144","0.03224445"
"2012-06-28 10:00:00+00:00","0.041","0.106","0.02884965"
"2012-06-28 10:30:00+00:00","0.081","0.194","0.02834535"
"2012-06-28 11:00:00+00:00","0.052","0.294","0.0244647"
"2012-06-28 11:30:00+00:00","0.084","0.506","0.02134665"
"2012-06-28 12:00:00+00:00","0.049","0.494","0.02187555"
"2012-06-28 12:30:00+00:00","0.082","0.694","0.0201843"
"2012-06-28 13:00:00+00:00","0.072","0.669","0.0196308"
"2012-06-28 13:30:00+00:00","0.122","0.519","0.01966155"
"2012-06-28 14:00:00+00:00","0.047","0.363","0.01968"
"2012-06-28 14:30:00+00:00","0.088","0.469","0.01966155"
"2012-06-28 15:00:00+00:00","0.048","0.213","0.0196554"
"2012-06-28 15:30:00+00:00","0.085","0.081","0.01968"
"2012-06-28 16:00:00+00:00","0.064","0.069","0.02022735"
"2012-06-28 16:30:00+00:00","0.279","0.013","0.02033805"
"2012-06-28 17:00:00+00:00","0.186","0.0","0.030381"
"2012-06-28 17:30:00+00:00","0.398","0.0","0.02934165"
"2012-06-28 18:00:00+00:00","1.248","0.0","0.0345015"
"2012-06-28 18:30:00+00:00","1.214","0.0","0.03404025"
"2012-06-28 19:00:00+00:00","1.215","0.0","0.02891115"
"2012-06-28 19:30:00+00:00","1.207","0.0","0.0249075"
"2012-06-28 20:00:00+00:00","1.362","0.0","0.0220908"
"2012-06-28 20:30:00+00:00","1.243","0.0","0.0223245"
"2012-06-28 21:00:00+00:00","1.192","0.0","0.02098995"
"2012-06-28 21:30:00+00:00","1.161","0.0","0.02057175"
"2012-06-28 22:00:00+00:00","0.641","0.0","0.0196308"
"2012-06-28 22:30:00+00:00","0.129","0.0","0.02096535"
"2012-06-28 23:00:00+00:00","0.104","0.0","0.02019045"
"2012-06-28 23:30:00+00:00","0.108","0.0","0.02031345"
"2012-06-29 00:00:00+00:00","0.067","0.0","0.02148195"
"2012-06-29 00:30:00+00:00","0.099","0.0","0.01962465"
"2012-06-29 01:00:00+00:00","0.081","0.0","0.01962465"
"2012-06-29 01:30:00+00:00","0.084","0.0","0.0196431"
"2012-06-29 02:00:00+00:00","0.063","0.0","0.0187821"
"2012-06-29 02:30:00+00:00","0.078","0.0","0.0148092"
"2012-06-29 03:00:00+00:00","0.064","0.0","0.0138252"
"2012-06-29 03:30:00+00:00","0.084","0.0","0.01379445"
"2012-06-29 04:00:00+00:00","0.094","0.0","0.0137637"
"2012-06-29 04:30:00+00:00","0.171","0.0","0.01384365"
"2012-06-29 05:00:00+00:00","0.195","0.0","0.013899"
"2012-06-29 05:30:00+00:00","0.094","0.0","0.01541805"
"2012-06-29 06:00:00+00:00","0.103","0.0","0.0165927"
"2012-06-29 06:30:00+00:00","0.092","0.0","0.01915725"
"2012-06-29 07:00:00+00:00","0.097","0.0","0.0205656"
"2012-06-29 07:30:00+00:00","0.087","0.0","0.0204303"
"2012-06-29 08:00:00+00:00","0.256","0.019","0.0251781"
"2012-06-29 08:30:00+00:00","0.459","0.056","0.0265803"
"2012-06-29 09:00:00+00:00","0.19","0.1","0.0249321"
"2012-06-29 09:30:00+00:00","0.189","0.181","0.0209469"
"2012-06-29 10:00:00+00:00","0.286","0.269","0.02042415"
"2012-06-29 10:30:00+00:00","0.113","0.35","0.01971075"
"2012-06-29 11:00:00+00:00","0.149","0.681","0.0199137"
"2012-06-29 11:30:00+00:00","0.105","0.694","0.01964925"
"2012-06-29 12:00:00+00:00","0.136","0.7","0.01962465"
"2012-06-29 12:30:00+00:00","0.101","0.694","0.01962465"
"2012-06-29 13:00:00+00:00","0.132","0.438","0.01962465"
"2012-06-29 13:30:00+00:00","0.051","0.494","0.01962465"
"2012-06-29 14:00:00+00:00","0.104","0.313","0.01962465"
"2012-06-29 14:30:00+00:00","0.052","0.219","0.01962465"
"2012-06-29 15:00:00+00:00","0.119","0.269","0.01962465"
"2012-06-29 15:30:00+00:00","0.078","0.2","0.01962465"
"2012-06-29 16:00:00+00:00","0.137","0.063","0.01963695"
"2012-06-29 16:30:00+00:00","0.177","0.019","0.01967385"
"2012-06-29 17:00:00+00:00","0.726","0.006","0.02004285"
"2012-06-29 17:30:00+00:00","1.106","0.0","0.02151885"
"2012-06-29 18:00:00+00:00","1.739","0.0","0.0248583"
"2012-06-29 18:30:00+00:00","1.734","0.0","0.02481525"
"2012-06-29 19:00:00+00:00","1.686","0.0","0.02244135"
"2012-06-29 19:30:00+00:00","1.669","0.0","0.0196431"
"2012-06-29 20:00:00+00:00","1.379","0.0","0.0199383"
"2012-06-29 20:30:00+00:00","1.289","0.0","0.01964925"
"2012-06-29 21:00:00+00:00","0.453","0.0","0.0196431"
"2012-06-29 21:30:00+00:00","0.142","0.0","0.01962465"
"2012-06-29 22:00:00+00:00","0.291","0.0","0.0192864"
"2012-06-29 22:30:00+00:00","0.097","0.0","0.01993215"
"2012-06-29 23:00:00+00:00","0.106","0.0","0.01962465"
"2012-06-29 23:30:00+00:00","0.548","0.0","0.02036265"
"2012-06-30 00:00:00+00:00","0.506","0.0","0.01942785"
"2012-06-30 00:30:00+00:00","0.106","0.0","0.019557"
"2012-06-30 01:00:00+00:00","0.069","0.0","0.0191019"
"2012-06-30 01:30:00+00:00","0.099","0.0","0.0182901"
"2012-06-30 02:00:00+00:00","0.054","0.0","0.01545495"
"2012-06-30 02:30:00+00:00","0.097","0.0","0.0112791"
"2012-06-30 03:00:00+00:00","0.054","0.0","0.0105534"
"2012-06-30 03:30:00+00:00","0.096","0.0","0.01114995"
"2012-06-30 04:00:00+00:00","0.099","0.0","0.01064565"
"2012-06-30 04:30:00+00:00","0.11","0.0","0.0095325"
"2012-06-30 05:00:00+00:00","0.057","0.0","0.0081918"
"2012-06-30 05:30:00+00:00","0.073","0.0","0.0119925"
"2012-06-30 06:00:00+00:00","0.084","0.0","0.01367145"
"2012-06-30 06:30:00+00:00","0.072","0.0","0.01389285"
"2012-06-30 07:00:00+00:00","0.347","0.0","0.0148953"
"2012-06-30 07:30:00+00:00","0.198","0.006","0.0171954"
"2012-06-30 08:00:00+00:00","0.095","0.181","0.018204"
"2012-06-30 08:30:00+00:00","0.081","0.319","0.0197415"
"2012-06-30 09:00:00+00:00","0.082","0.431","0.0208485"
"2012-06-30 09:30:00+00:00","0.036","0.525","0.0212544"
"2012-06-30 10:00:00+00:00","0.095","0.588","0.0207747"
"2012-06-30 10:30:00+00:00","0.041","0.638","0.0196431"
"2012-06-30 11:00:00+00:00","0.098","0.688","0.0194463"
"2012-06-30 11:30:00+00:00","0.043","0.7","0.02021505"
"2012-06-30 12:00:00+00:00","0.124","0.706","0.0196677"
"2012-06-30 12:30:00+00:00","0.061","0.7","0.0190404"
"2012-06-30 13:00:00+00:00","0.094","0.681","0.0184746"
"2012-06-30 13:30:00+00:00","0.064","0.331","0.01866525"
"2012-06-30 14:00:00+00:00","0.076","0.363","0.0198645"
"2012-06-30 14:30:00+00:00","0.063","0.406","0.0195201"
"2012-06-30 15:00:00+00:00","0.063","0.138","0.0200367"
"2012-06-30 15:30:00+00:00","0.118","0.113","0.0200121"
"2012-06-30 16:00:00+00:00","0.072","0.15","0.0202212"
"2012-06-30 16:30:00+00:00","0.096","0.069","0.02293335"
"2012-06-30 17:00:00+00:00","0.045","0.0","0.02726295"
"2012-06-30 17:30:00+00:00","0.093","0.0","0.02936625"
"2012-06-30 18:00:00+00:00","0.042","0.0","0.0328164"
"2012-06-30 18:30:00+00:00","0.093","0.0","0.0324105"
"2012-06-30 19:00:00+00:00","0.974","0.0","0.0291879"
"2012-06-30 19:30:00+00:00","1.329","0.0","0.0254979"
"2012-06-30 20:00:00+00:00","1.259","0.0","0.0254241"
"2012-06-30 20:30:00+00:00","1.257","0.0","0.0259284"
"2012-06-30 21:00:00+00:00","1.368","0.0","0.0259284"
"2012-06-30 21:30:00+00:00","1.204","0.0","0.02373285"
"2012-06-30 22:00:00+00:00","0.408","0.0","0.0270354"
"2012-06-30 22:30:00+00:00","0.108","0.0","0.0303318"
"2012-06-30 23:00:00+00:00","0.119","0.0","0.02718915"
"2012-06-30 23:30:00+00:00","0.103","0.0","0.02936625"
"2012-07-01 00:00:00+00:00","0.096","0.0","0.03199845"
"2012-07-01 00:30:00+00:00","0.087","0.0","0.0350796"
"2012-07-01 01:00:00+00:00","0.098","0.0","0.03301935"
"2012-07-01 01:30:00+00:00","0.064","0.0","0.0319431"
"2012-07-01 02:00:00+00:00","0.089","0.0","0.03205995"
"2012-07-01 02:30:00+00:00","0.067","0.0","0.0291756"
"2012-07-01 03:00:00+00:00","0.103","0.0","0.02827155"
"2012-07-01 03:30:00+00:00","0.075","0.0","0.02577465"
"2012-07-01 04:00:00+00:00","0.09","0.0","0.0211683"
"2012-07-01 04:30:00+00:00","0.06","0.0","0.02878815"
"2012-07-01 05:00:00+00:00","0.086","0.0","0.03078075"
"2012-07-01 05:30:00+00:00","0.047","0.0","0.03236745"
"2012-07-01 06:00:00+00:00","0.095","0.0","0.03164175"
"2012-07-01 06:30:00+00:00","0.05","0.006","0.0311559"
"2012-07-01 07:00:00+00:00","0.108","0.0","0.03225675"
"2012-07-01 07:30:00+00:00","0.087","0.0","0.0322875"
"2012-07-01 08:00:00+00:00","0.23","0.0","0.0338496"
"2012-07-01 08:30:00+00:00","0.139","0.019","0.033948"
"2012-07-01 09:00:00+00:00","0.124","0.05","0.03614355"
"2012-07-01 09:30:00+00:00","0.455","0.094","0.03720135"
"2012-07-01 10:00:00+00:00","0.412","0.288","0.037146"
"2012-07-01 10:30:00+00:00","0.369","0.238","0.0373059"
"2012-07-01 11:00:00+00:00","0.405","0.256","0.0351903"
"2012-07-01 11:30:00+00:00","0.266","0.319","0.0360759"
"2012-07-01 12:00:00+00:00","0.277","0.406","0.036285"
"2012-07-01 12:30:00+00:00","0.207","0.394","0.0356577"
"2012-07-01 13:00:00+00:00","0.538","0.206","0.0360882"
"2012-07-01 13:30:00+00:00","0.43","0.319","0.03589755"
"2012-07-01 14:00:00+00:00","0.292","0.425","0.0355224"
"2012-07-01 14:30:00+00:00","0.179","0.2","0.0350427"
"2012-07-01 15:00:00+00:00","0.079","0.325","0.0361866"
"2012-07-01 15:30:00+00:00","0.116","0.344","0.0343047"
"2012-07-01 16:00:00+00:00","0.065","0.225","0.03511035"
"2012-07-01 16:30:00+00:00","0.105","0.075","0.0376134"
"2012-07-01 17:00:00+00:00","0.278","0.0","0.04039935"
"2012-07-01 17:30:00+00:00","1.29","0.0","0.04091595"
"2012-07-01 18:00:00+00:00","1.274","0.0","0.04894785"
"2012-07-01 18:30:00+00:00","1.289","0.0","0.04686915"
"2012-07-01 19:00:00+00:00","1.247","0.0","0.0437142"
"2012-07-01 19:30:00+00:00","0.927","0.0","0.0425457"
"2012-07-01 20:00:00+00:00","0.072","0.0","0.04017795"
"2012-07-01 20:30:00+00:00","0.117","0.0","0.03956295"
"2012-07-01 21:00:00+00:00","0.073","0.0","0.0385974"
"2012-07-01 21:30:00+00:00","0.108","0.0","0.03905865"
"2012-07-01 22:00:00+00:00","0.064","0.0","0.0388311"
"2012-07-01 22:30:00+00:00","0.103","0.0","0.0409467"
"2012-07-01 23:00:00+00:00","0.075","0.0","0.0375396"
"2012-07-01 23:30:00+00:00","0.161","0.0","0.03880035"
"2012-07-02 00:00:00+00:00","0.106","0.0","0.037515"
"2012-07-02 00:30:00+00:00","0.079","0.0","0.03439695"
"2012-07-02 01:00:00+00:00","0.044","0.0","0.03362205"
"2012-07-02 01:30:00+00:00","0.078","0.0","0.03406485"
"2012-07-02 02:00:00+00:00","0.033","0.0","0.0337266"
"2012-07-02 02:30:00+00:00","0.075","0.006","0.03308085"
"2012-07-02 03:00:00+00:00","0.048","0.0","0.0331239"
"2012-07-02 03:30:00+00:00","0.069","0.0","0.0331485"
"2012-07-02 04:00:00+00:00","0.058","0.0","0.03313005"
"2012-07-02 04:30:00+00:00","0.098","0.0","0.0331485"
"2012-07-02 05:00:00+00:00","0.056","0.0","0.03326535"
"2012-07-02 05:30:00+00:00","0.048","0.0","0.0354117"
"2012-07-02 06:00:00+00:00","0.062","0.0","0.03721365"
"2012-07-02 06:30:00+00:00","0.067","0.0","0.04154325"
"2012-07-02 07:00:00+00:00","0.295","0.0","0.04940295"
"2012-07-02 07:30:00+00:00","0.079","0.006","0.04357275"
"2012-07-02 08:00:00+00:00","0.293","0.181","0.05431065"
"2012-07-02 08:30:00+00:00","0.35","0.319","0.0599625"
"2012-07-02 09:00:00+00:00","0.189","0.444","0.05511015"
"2012-07-02 09:30:00+00:00","0.196","0.531","0.0512418"
"2012-07-02 10:00:00+00:00","0.089","0.613","0.0551163"
"2012-07-02 10:30:00+00:00","0.054","0.663","0.0485481"
"2012-07-02 11:00:00+00:00","0.128","0.706","0.04616805"
"2012-07-02 11:30:00+00:00","0.055","0.725","0.05245335"
"2012-07-02 12:00:00+00:00","0.101","0.713","0.0549687"
"2012-07-02 12:30:00+00:00","0.133","0.706","-0.0364572"
"2012-07-02 13:00:00+00:00","0.183","0.5","0.04337595"
"2012-07-02 13:30:00+00:00","0.158","0.288","0.05314215"
"2012-07-02 14:00:00+00:00","0.139","0.144","0.04459365"
"2012-07-02 14:30:00+00:00","0.205","0.325","0.0519921"
"2012-07-02 15:00:00+00:00","0.134","0.269","0.0559281"
"2012-07-02 15:30:00+00:00","0.142","0.238","0.0566907"
"2012-07-02 16:00:00+00:00","0.11","0.038","0.0589047"
"2012-07-02 16:30:00+00:00","0.165","0.0","0.06386775"
"2012-07-02 17:00:00+00:00","0.124","0.0","0.06529455"
"2012-07-02 17:30:00+00:00","0.327","0.0","0.10175175"
"2012-07-02 18:00:00+00:00","1.488","0.0","0.1472556"
"2012-07-02 18:30:00+00:00","1.131","0.0","0.14934045"
"2012-07-02 19:00:00+00:00","0.977","0.0","0.14467875"
"2012-07-02 19:30:00+00:00","0.883","0.0","0.08417505"
"2012-07-02 20:00:00+00:00","1.253","0.0","0.07554045"
"2012-07-02 20:30:00+00:00","0.862","0.0","0.13397775"
"2012-07-02 21:00:00+00:00","0.32","0.0","0.07683195"
"2012-07-02 21:30:00+00:00","0.373","0.0","0.0691629"
"2012-07-02 22:00:00+00:00","0.085","0.0","0.06993165"
"2012-07-02 22:30:00+00:00","0.108","0.0","0.13854105"
"2012-07-02 23:00:00+00:00","0.224","0.0","0.0775515"
"2012-07-02 23:30:00+00:00","0.833","0.0","0.06964875"
"2012-07-03 00:00:00+00:00","0.038","0.0","0.05408925"
"2012-07-03 00:30:00+00:00","0.081","0.006","0.05709045"
"2012-07-03 01:00:00+00:00","0.037","0.0","0.06643845"
"2012-07-03 01:30:00+00:00","0.128","0.0","0.06637695"
"2012-07-03 02:00:00+00:00","0.041","0.0","0.06015315"
"2012-07-03 02:30:00+00:00","0.073","0.0","0.0517461"
"2012-07-03 03:00:00+00:00","0.042","0.0","0.04996875"
"2012-07-03 03:30:00+00:00","0.08","0.0","0.0471213"
"2012-07-03 04:00:00+00:00","0.041","0.0","0.0444522"
"2012-07-03 04:30:00+00:00","0.07","0.0","0.03800085"
"2012-07-03 05:00:00+00:00","0.041","0.0","0.0400857"
"2012-07-03 05:30:00+00:00","0.126","0.0","0.04244115"
"2012-07-03 06:00:00+00:00","0.074","0.0","0.0469614"
"2012-07-03 06:30:00+00:00","0.11","0.0","0.05444595"
"2012-07-03 07:00:00+00:00","0.306","0.0","0.05514705"
"2012-07-03 07:30:00+00:00","0.18","0.006","0.04983345"
"2012-07-03 08:00:00+00:00","0.331","0.175","0.05495025"
"2012-07-03 08:30:00+00:00","0.108","0.313","0.0611556"
"2012-07-03 09:00:00+00:00","0.037","0.438","0.0548211"
"2012-07-03 09:30:00+00:00","0.082","0.525","0.05316675"
"2012-07-03 10:00:00+00:00","0.034","0.606","0.05043"
"2012-07-03 10:30:00+00:00","0.101","0.656","0.04451985"
"2012-07-03 11:00:00+00:00","0.068","0.7","0.044772"
"2012-07-03 11:30:00+00:00","0.075","0.719","0.0444522"
"2012-07-03 12:00:00+00:00","0.049","0.738","0.04022715"
"2012-07-03 12:30:00+00:00","0.069","0.725","0.03839445"
"2012-07-03 13:00:00+00:00","0.067","0.694","0.03786555"
"2012-07-03 13:30:00+00:00","0.063","0.656","0.0387204"
"2012-07-03 14:00:00+00:00","0.063","0.606","0.0381669"
"2012-07-03 14:30:00+00:00","0.092","0.531","0.03929235"
"2012-07-03 15:00:00+00:00","0.091","0.444","0.0391386"
"2012-07-03 15:30:00+00:00","0.048","0.344","0.0386712"
"2012-07-03 16:00:00+00:00","0.088","0.219","0.04126035"
"2012-07-03 16:30:00+00:00","0.039","0.081","0.04187535"
"2012-07-03 17:00:00+00:00","0.1","0.0","0.0499134"
"2012-07-03 17:30:00+00:00","0.04","0.0","0.0535419"
"2012-07-03 18:00:00+00:00","0.086","0.0","0.06712725"
"2012-07-03 18:30:00+00:00","0.357","0.0","0.0740583"
"2012-07-03 19:00:00+00:00","1.118","0.0","0.06561435"
"2012-07-03 19:30:00+00:00","0.997","0.0","0.052275"
"2012-07-03 20:00:00+00:00","0.837","0.0","0.0460758"
"2012-07-03 20:30:00+00:00","0.791","0.0","0.0493476"
"2012-07-03 21:00:00+00:00","0.298","0.0","0.0465801"
"2012-07-03 21:30:00+00:00","0.104","0.0","0.0453132"
"2012-07-03 22:00:00+00:00","0.096","0.0","0.043296"
"2012-07-03 22:30:00+00:00","0.114","0.0","0.04878795"
"2012-07-03 23:00:00+00:00","0.099","0.0","0.04317915"
"2012-07-03 23:30:00+00:00","0.102","0.0","0.0406884"
"2012-07-04 00:00:00+00:00","0.054","0.0","0.03747195"
"2012-07-04 00:30:00+00:00","0.078","0.0","0.03650025"
"2012-07-04 01:00:00+00:00","0.047","0.0","0.03599595"
"2012-07-04 01:30:00+00:00","0.092","0.0","0.0363711"
"2012-07-04 02:00:00+00:00","0.044","0.0","0.03486435"
"2012-07-04 02:30:00+00:00","0.077","0.0","0.033579"
"2012-07-04 03:00:00+00:00","0.064","0.0","0.03375735"
"2012-07-04 03:30:00+00:00","0.137","0.0","0.03375735"
"2012-07-04 04:00:00+00:00","0.042","0.0","0.0337635"
"2012-07-04 04:30:00+00:00","0.089","0.0","0.0338742"
"2012-07-04 05:00:00+00:00","0.046","0.0","0.0338742"
"2012-07-04 05:30:00+00:00","0.087","0.0","0.03388035"
"2012-07-04 06:00:00+00:00","0.28","0.0","0.03415095"
"2012-07-04 06:30:00+00:00","0.126","0.0","0.0454485"
"2012-07-04 07:00:00+00:00","0.074","0.0","0.048216"
"2012-07-04 07:30:00+00:00","0.113","0.0","0.0472197"
"2012-07-04 08:00:00+00:00","0.388","0.125","0.06583575"
"2012-07-04 08:30:00+00:00","0.25","0.306","0.07097715"
"2012-07-04 09:00:00+00:00","0.162","0.425","0.05513475"
"2012-07-04 09:30:00+00:00","0.242","0.525","0.0513279"
"2012-07-04 10:00:00+00:00","0.153","0.6","0.05169075"
"2012-07-04 10:30:00+00:00","0.236","0.663","0.0548088"
"2012-07-04 11:00:00+00:00","0.142","0.681","0.0440955"
"2012-07-04 11:30:00+00:00","0.246","0.575","0.04545465"
"2012-07-04 12:00:00+00:00","0.115","0.725","0.0400734"
"2012-07-04 12:30:00+00:00","0.156","0.719","0.0370107"
"2012-07-04 13:00:00+00:00","0.076","0.581","0.03663555"
"2012-07-04 13:30:00+00:00","0.109","0.356","0.038007"
"2012-07-04 14:00:00+00:00","0.061","0.419","0.03902175"
"2012-07-04 14:30:00+00:00","0.107","0.369","0.0379332"
"2012-07-04 15:00:00+00:00","0.073","0.213","0.0390894"
"2012-07-04 15:30:00+00:00","0.128","0.181","0.0392124"
"2012-07-04 16:00:00+00:00","0.084","0.275","0.0459405"
"2012-07-04 16:30:00+00:00","0.105","0.069","0.04490115"
"2012-07-04 17:00:00+00:00","0.091","0.006","0.04602045"
"2012-07-04 17:30:00+00:00","0.487","0.0","0.04818525"
"2012-07-04 18:00:00+00:00","1.236","0.0","0.06098955"
"2012-07-04 18:30:00+00:00","1.233","0.0","0.0607989"
"2012-07-04 19:00:00+00:00","1.288","0.0","0.05932905"
"2012-07-04 19:30:00+00:00","1.372","0.0","0.05729955"
"2012-07-04 20:00:00+00:00","1.261","0.0","0.05124795"
"2012-07-04 20:30:00+00:00","1.232","0.0","0.05274855"
"2012-07-04 21:00:00+00:00","1.343","0.0","0.04281015"
"2012-07-04 21:30:00+00:00","0.301","0.0","0.04341285"
"2012-07-04 22:00:00+00:00","0.116","0.0","0.040959"
"2012-07-04 22:30:00+00:00","0.078","0.0","0.04599585"
"2012-07-04 23:00:00+00:00","0.132","0.0","0.03850515"
"2012-07-04 23:30:00+00:00","0.077","0.0","0.0381669"
"2012-07-05 00:00:00+00:00","0.112","0.0","0.0353379"
"2012-07-05 00:30:00+00:00","0.06","0.0","0.03552855"
"2012-07-05 01:00:00+00:00","0.096","0.0","0.0345384"
"2012-07-05 01:30:00+00:00","0.067","0.0","0.03459375"
"2012-07-05 02:00:00+00:00","0.113","0.0","0.0339111"
"2012-07-05 02:30:00+00:00","0.07","0.0","0.03369585"
"2012-07-05 03:00:00+00:00","0.103","0.0","0.03346215"
"2012-07-05 03:30:00+00:00","0.051","0.0","0.03356055"
"2012-07-05 04:00:00+00:00","0.122","0.0","0.033825"
"2012-07-05 04:30:00+00:00","0.054","0.0","0.0338004"
"2012-07-05 05:00:00+00:00","0.111","0.0","0.03385575"
"2012-07-05 05:30:00+00:00","0.048","0.0","0.0338865"
"2012-07-05 06:00:00+00:00","0.139","0.0","0.03447075"
"2012-07-05 06:30:00+00:00","0.236","0.0","0.04122345"
"2012-07-05 07:00:00+00:00","0.113","0.0","0.0492"
"2012-07-05 07:30:00+00:00","0.062","0.013","0.04524555"
"2012-07-05 08:00:00+00:00","0.122","0.025","0.05340045"
"2012-07-05 08:30:00+00:00","0.331","0.063","0.05373255"
"2012-07-05 09:00:00+00:00","0.209","0.2","0.0533574"
"2012-07-05 09:30:00+00:00","0.102","0.538","0.05337585"
"2012-07-05 10:00:00+00:00","0.159","0.494","0.05039925"
"2012-07-05 10:30:00+00:00","0.108","0.638","0.04915695"
"2012-07-05 11:00:00+00:00","0.158","0.7","0.0477732"
"2012-07-05 11:30:00+00:00","0.103","0.544","0.0425211"
"2012-07-05 12:00:00+00:00","0.537","0.669","0.04063305"
"2012-07-05 12:30:00+00:00","0.385","0.306","0.04057155"
"2012-07-05 13:00:00+00:00","0.61","0.494","0.03764415"
"2012-07-05 13:30:00+00:00","0.181","0.163","0.03646335"
"2012-07-05 14:00:00+00:00","0.233","0.119","0.0361005"
"2012-07-05 14:30:00+00:00","0.075","0.406","0.03651255"
"2012-07-05 15:00:00+00:00","0.142","0.381","0.03648795"
"2012-07-05 15:30:00+00:00","0.113","0.294","0.03629115"
"2012-07-05 16:00:00+00:00","0.182","0.188","0.0368508"
"2012-07-05 16:30:00+00:00","0.166","0.113","0.0373797"
"2012-07-05 17:00:00+00:00","0.109","0.019","0.04022715"
"2012-07-05 17:30:00+00:00","0.253","0.0","0.04754565"
"2012-07-05 18:00:00+00:00","0.829","0.0","0.05485185"
"2012-07-05 18:30:00+00:00","1.209","0.0","0.0773424"
"2012-07-05 19:00:00+00:00","0.954","0.0","0.08218245"
"2012-07-05 19:30:00+00:00","0.993","0.0","0.0534312"
"2012-07-05 20:00:00+00:00","0.868","0.0","0.05203515"
"2012-07-05 20:30:00+00:00","0.84","0.0","0.054489"
"2012-07-05 21:00:00+00:00","0.813","0.0","0.05265015"
"2012-07-05 21:30:00+00:00","0.275","0.0","0.049077"
"2012-07-05 22:00:00+00:00","0.155","0.0","0.04015335"
"2012-07-05 22:30:00+00:00","0.112","0.0","0.0531483"
"2012-07-05 23:00:00+00:00","0.078","0.0","0.04363425"
"2012-07-05 23:30:00+00:00","0.095","0.0","0.04577445"
"2012-07-06 00:00:00+00:00","0.068","0.0","0.03957525"
"2012-07-06 00:30:00+00:00","0.105","0.0","0.03648795"
"2012-07-06 01:00:00+00:00","0.072","0.0","0.03683235"
"2012-07-06 01:30:00+00:00","0.069","0.0","0.03705375"
"2012-07-06 02:00:00+00:00","0.067","0.0","0.0355347"
"2012-07-06 02:30:00+00:00","0.083","0.0","0.03434775"
"2012-07-06 03:00:00+00:00","0.073","0.0","0.0338619"
"2012-07-06 03:30:00+00:00","0.091","0.0","0.0338742"
"2012-07-06 04:00:00+00:00","0.087","0.0","0.03386805"
"2012-07-06 04:30:00+00:00","0.088","0.0","0.0336528"
"2012-07-06 05:00:00+00:00","0.096","0.0","0.03319155"
"2012-07-06 05:30:00+00:00","0.046","0.0","0.0338619"
"2012-07-06 06:00:00+00:00","0.312","0.0","0.03432315"
"2012-07-06 06:30:00+00:00","0.085","0.0","0.03536865"
"2012-07-06 07:00:00+00:00","0.107","0.0","0.03814845"
"2012-07-06 07:30:00+00:00","0.127","0.006","0.04169085"
"2012-07-06 08:00:00+00:00","0.498","0.025","0.04980885"
"2012-07-06 08:30:00+00:00","0.28","0.031","0.0541692"
"2012-07-06 09:00:00+00:00","0.301","0.238","0.0558789"
"2012-07-06 09:30:00+00:00","0.546","0.25","0.0567153"
"2012-07-06 10:00:00+00:00","1.355","0.356","0.05379405"
"2012-07-06 10:30:00+00:00","0.481","0.5","0.0507744"
"2012-07-06 11:00:00+00:00","0.577","0.581","0.0436035"
"2012-07-06 11:30:00+00:00","0.196","0.513","0.04346205"
"2012-07-06 12:00:00+00:00","0.187","0.231","0.0408483"
"2012-07-06 12:30:00+00:00","0.216","0.113","0.0403071"
"2012-07-06 13:00:00+00:00","0.446","0.25","0.0380931"
"2012-07-06 13:30:00+00:00","0.101","0.35","0.044526"
"2012-07-06 14:00:00+00:00","0.129","0.563","0.04315455"
"2012-07-06 14:30:00+00:00","0.13","0.163","0.0376257"
"2012-07-06 15:00:00+00:00","0.303","0.013","0.0387327"
"2012-07-06 15:30:00+00:00","0.2","0.05","0.03865275"
"2012-07-06 16:00:00+00:00","0.056","0.094","0.0404793"
"2012-07-06 16:30:00+00:00","0.142","0.013","0.0404055"
"2012-07-06 17:00:00+00:00","0.159","0.0","0.0414018"
"2012-07-06 17:30:00+00:00","0.249","0.0","0.0453624"
"2012-07-06 18:00:00+00:00","0.487","0.0","0.05326515"
"2012-07-06 18:30:00+00:00","1.395","0.0","0.04825905"
"2012-07-06 19:00:00+00:00","1.282","0.0","0.0486096"
"2012-07-06 19:30:00+00:00","1.238","0.0","0.04193685"
"2012-07-06 20:00:00+00:00","1.243","0.0","0.0382161"
"2012-07-06 20:30:00+00:00","1.219","0.0","0.0453747"
"2012-07-06 21:00:00+00:00","0.962","0.0","0.0452394"
"2012-07-06 21:30:00+00:00","0.087","0.0","0.03977205"
"2012-07-06 22:00:00+00:00","0.126","0.0","0.0400365"
"2012-07-06 22:30:00+00:00","0.072","0.0","0.04797"
"2012-07-06 23:00:00+00:00","0.097","0.0","0.0398028"
"2012-07-06 23:30:00+00:00","0.051","0.0","0.0452886"
"2012-07-07 00:00:00+00:00","0.091","0.0","0.0423366"
"2012-07-07 00:30:00+00:00","0.053","0.0","0.03867735"
"2012-07-07 01:00:00+00:00","0.105","0.0","0.0371091"
"2012-07-07 01:30:00+00:00","0.075","0.0","0.0364572"
"2012-07-07 02:00:00+00:00","0.068","0.0","0.03541785"
"2012-07-07 02:30:00+00:00","0.065","0.0","0.03379425"
"2012-07-07 03:00:00+00:00","0.053","0.0","0.03386805"
"2012-07-07 03:30:00+00:00","0.08","0.0","0.03383115"
"2012-07-07 04:00:00+00:00","0.048","0.0","0.03384345"
"2012-07-07 04:30:00+00:00","0.083","0.0","0.0331116"
"2012-07-07 05:00:00+00:00","0.044","0.0","0.0331608"
"2012-07-07 05:30:00+00:00","0.145","0.0","0.03328995"
"2012-07-07 06:00:00+00:00","0.106","0.0","0.03182625"
"2012-07-07 06:30:00+00:00","0.111","0.0","0.03295785"
"2012-07-07 07:00:00+00:00","0.259","0.0","0.0326688"
"2012-07-07 07:30:00+00:00","0.151","0.0","0.0339603"
"2012-07-07 08:00:00+00:00","0.104","0.019","0.0345507"
"2012-07-07 08:30:00+00:00","0.094","0.106","0.038499"
"2012-07-07 09:00:00+00:00","0.091","0.15","0.04545465"
"2012-07-07 09:30:00+00:00","0.082","0.119","0.04822215"
"2012-07-07 10:00:00+00:00","0.075","0.419","0.04519635"
"2012-07-07 10:30:00+00:00","0.178","0.644","0.0423612"
"2012-07-07 11:00:00+00:00","0.395","0.694","0.03755805"
"2012-07-07 11:30:00+00:00","0.353","0.569","0.0361497"
"2012-07-07 12:00:00+00:00","0.333","0.588","0.03559005"
"2012-07-07 12:30:00+00:00","0.072","0.45","0.0348336"
"2012-07-07 13:00:00+00:00","0.097","0.444","0.0351165"
"2012-07-07 13:30:00+00:00","0.046","0.425","0.0346491"
"2012-07-07 14:00:00+00:00","0.088","0.6","0.03389265"
"2012-07-07 14:30:00+00:00","0.041","0.456","0.0339726"
"2012-07-07 15:00:00+00:00","0.112","0.369","0.03395415"
"2012-07-07 15:30:00+00:00","0.062","0.219","0.0353625"
"2012-07-07 16:00:00+00:00","0.086","0.088","0.0366294"
"2012-07-07 16:30:00+00:00","0.189","0.081","0.03818535"
"2012-07-07 17:00:00+00:00","0.106","0.0","0.04407705"
"2012-07-07 17:30:00+00:00","0.555","0.0","0.05060835"
"2012-07-07 18:00:00+00:00","0.914","0.0","0.0596181"
"2012-07-07 18:30:00+00:00","0.921","0.0","0.06343725"
"2012-07-07 19:00:00+00:00","1.225","0.0","0.0563463"
"2012-07-07 19:30:00+00:00","1.198","0.0","0.0528039"
"2012-07-07 20:00:00+00:00","1.347","0.0","0.0481914"
"2012-07-07 20:30:00+00:00","1.18","0.0","0.04465515"
"2012-07-07 21:00:00+00:00","0.171","0.0","0.0430377"
"2012-07-07 21:30:00+00:00","0.095","0.0","0.0379209"
"2012-07-07 22:00:00+00:00","0.119","0.0","0.03721365"
"2012-07-07 22:30:00+00:00","0.124","0.0","0.0395076"
"2012-07-07 23:00:00+00:00","0.091","0.0","0.03797625"
"2012-07-07 23:30:00+00:00","0.088","0.0","0.0375765"
"2012-07-08 00:00:00+00:00","0.08","0.0","0.0359037"
"2012-07-08 00:30:00+00:00","0.065","0.0","0.03378195"
"2012-07-08 01:00:00+00:00","0.067","0.0","0.0338619"
"2012-07-08 01:30:00+00:00","0.077","0.0","0.0339972"
"2012-07-08 02:00:00+00:00","0.066","0.0","0.0341694"
"2012-07-08 02:30:00+00:00","0.089","0.0","0.0336405"
"2012-07-08 03:00:00+00:00","0.084","0.0","0.0320415"
"2012-07-08 03:30:00+00:00","0.167","0.0","0.03112515"
"2012-07-08 04:00:00+00:00","0.129","0.0","0.0311559"
"2012-07-08 04:30:00+00:00","0.115","0.0","0.03067005"
"2012-07-08 05:00:00+00:00","0.114","0.0","0.03075615"
"2012-07-08 05:30:00+00:00","0.12","0.0","0.03037485"
"2012-07-08 06:00:00+00:00","0.111","0.0","0.0302211"
"2012-07-08 06:30:00+00:00","0.104","0.0","0.0305778"
"2012-07-08 07:00:00+00:00","0.257","0.006","0.03124815"
"2012-07-08 07:30:00+00:00","0.141","0.006","0.0334068"
"2012-07-08 08:00:00+00:00","0.143","0.163","0.03404025"
"2012-07-08 08:30:00+00:00","0.232","0.313","0.03488895"
"2012-07-08 09:00:00+00:00","0.088","0.438","0.03495045"
"2012-07-08 09:30:00+00:00","0.066","0.519","0.034686"
"2012-07-08 10:00:00+00:00","0.085","0.594","0.03563925"
"2012-07-08 10:30:00+00:00","0.055","0.644","0.03544245"
"2012-07-08 11:00:00+00:00","0.298","0.675","0.03433545"
"2012-07-08 11:30:00+00:00","0.221","0.688","0.03444615"
"2012-07-08 12:00:00+00:00","1.461","0.425","0.03442155"
"2012-07-08 12:30:00+00:00","1.347","0.481","0.03444615"
"2012-07-08 13:00:00+00:00","0.744","0.663","0.03381885"
"2012-07-08 13:30:00+00:00","0.679","0.65","0.033825"
"2012-07-08 14:00:00+00:00","0.391","0.594","0.03381885"
"2012-07-08 14:30:00+00:00","0.314","0.531","0.03375735"
"2012-07-08 15:00:00+00:00","0.204","0.438","0.03384345"
"2012-07-08 15:30:00+00:00","0.158","0.338","0.03444615"
"2012-07-08 16:00:00+00:00","0.157","0.225","0.0344154"
"2012-07-08 16:30:00+00:00","0.087","0.081","0.0351165"
"2012-07-08 17:00:00+00:00","0.106","0.0","0.04011645"
"2012-07-08 17:30:00+00:00","0.096","0.0","0.0465309"
"2012-07-08 18:00:00+00:00","0.142","0.0","0.05857875"
"2012-07-08 18:30:00+00:00","0.238","0.0","0.0590646"
"2012-07-08 19:00:00+00:00","0.344","0.0","0.05600805"
"2012-07-08 19:30:00+00:00","0.184","0.0","0.051168"
"2012-07-08 20:00:00+00:00","0.154","0.0","0.04977195"
"2012-07-08 20:30:00+00:00","0.233","0.0","0.0468753"
"2012-07-08 21:00:00+00:00","0.107","0.0","0.04126035"
"2012-07-08 21:30:00+00:00","0.131","0.0","0.0430254"
"2012-07-08 22:00:00+00:00","0.091","0.0","0.0392493"
"2012-07-08 22:30:00+00:00","0.132","0.0","0.0363711"
"2012-07-08 23:00:00+00:00","0.163","0.0","0.03563925"
"2012-07-08 23:30:00+00:00","0.976","0.0","0.0360759"
"2012-07-09 00:00:00+00:00","0.106","0.0","0.03561465"
"2012-07-09 00:30:00+00:00","0.082","0.0","0.03374505"
"2012-07-09 01:00:00+00:00","0.119","0.0","0.03391725"
"2012-07-09 01:30:00+00:00","0.087","0.0","0.0341202"
"2012-07-09 02:00:00+00:00","0.096","0.0","0.0338496"
"2012-07-09 02:30:00+00:00","0.109","0.0","0.03370815"
"2012-07-09 03:00:00+00:00","0.089","0.0","0.0326688"
"2012-07-09 03:30:00+00:00","0.138","0.0","0.03153105"
"2012-07-09 04:00:00+00:00","0.075","0.0","0.0311928"
"2012-07-09 04:30:00+00:00","0.098","0.0","0.03178935"
"2012-07-09 05:00:00+00:00","0.055","0.0","0.03415095"
"2012-07-09 05:30:00+00:00","0.093","0.0","0.0344892"
"2012-07-09 06:00:00+00:00","0.32","0.0","0.03604515"
"2012-07-09 06:30:00+00:00","0.193","0.0","0.04057155"
"2012-07-09 07:00:00+00:00","0.157","0.0","0.0448581"
"2012-07-09 07:30:00+00:00","0.134","0.013","0.04326525"
"2012-07-09 08:00:00+00:00","0.222","0.169","0.0521028"
"2012-07-09 08:30:00+00:00","0.291","0.319","0.0554484"
"2012-07-09 09:00:00+00:00","0.374","0.444","0.0549933"
"2012-07-09 09:30:00+00:00","0.171","0.531","0.0552762"
"2012-07-09 10:00:00+00:00","0.124","0.6","0.0532221"
"2012-07-09 10:30:00+00:00","0.116","0.644","0.04862805"
"2012-07-09 11:00:00+00:00","0.1","0.675","0.04844355"
"2012-07-09 11:30:00+00:00","0.084","0.706","0.0465924"
"2012-07-09 12:00:00+00:00","0.204","0.681","0.04737345"
"2012-07-09 12:30:00+00:00","0.237","0.688","0.0466908"
"2012-07-09 13:00:00+00:00","0.272","0.681","0.0467646"
"2012-07-09 13:30:00+00:00","0.137","0.588","0.04620495"
"2012-07-09 14:00:00+00:00","0.099","0.563","0.0457437"
"2012-07-09 14:30:00+00:00","0.138","0.513","0.0430992"
"2012-07-09 15:00:00+00:00","0.117","0.438","0.0410943"
"2012-07-09 15:30:00+00:00","0.079","0.338","0.0409344"
"2012-07-09 16:00:00+00:00","0.366","0.219","0.04148175"
"2012-07-09 16:30:00+00:00","0.125","0.088","0.0406515"
"2012-07-09 17:00:00+00:00","0.149","0.0","0.04199835"
"2012-07-09 17:30:00+00:00","0.299","0.0","0.0454608"
"2012-07-09 18:00:00+00:00","0.111","0.0","0.08497455"
"2012-07-09 18:30:00+00:00","0.17","0.0","0.14653605"
"2012-07-09 19:00:00+00:00","0.139","0.0","0.0823731"
"2012-07-09 19:30:00+00:00","0.173","0.0","0.05312985"
"2012-07-09 20:00:00+00:00","0.213","0.0","0.0465924"
"2012-07-09 20:30:00+00:00","0.301","0.0","0.0482775"
"2012-07-09 21:00:00+00:00","0.198","0.0","0.0465924"
"2012-07-09 21:30:00+00:00","0.104","0.0","0.04085445"
"2012-07-09 22:00:00+00:00","0.106","0.0","0.0380685"
"2012-07-09 22:30:00+00:00","0.086","0.0","0.05354805"
"2012-07-09 23:00:00+00:00","0.113","0.0","0.0442431"
"2012-07-09 23:30:00+00:00","0.097","0.0","0.04609425"
"2012-07-10 00:00:00+00:00","0.131","0.0","0.0440955"
"2012-07-10 00:30:00+00:00","0.04","0.0","0.04249035"
"2012-07-10 01:00:00+00:00","0.091","0.0","0.04246575"
"2012-07-10 01:30:00+00:00","0.045","0.0","0.04379415"
"2012-07-10 02:00:00+00:00","0.083","0.0","0.04001805"
"2012-07-10 02:30:00+00:00","0.043","0.0","0.03590985"
"2012-07-10 03:00:00+00:00","0.076","0.0","0.0353748"
"2012-07-10 03:30:00+00:00","0.063","0.0","0.0349443"
"2012-07-10 04:00:00+00:00","0.091","0.0","0.03388035"
"2012-07-10 04:30:00+00:00","0.074","0.0","0.03444615"
"2012-07-10 05:00:00+00:00","0.057","0.0","0.03495045"
"2012-07-10 05:30:00+00:00","0.074","0.0","0.03749655"
"2012-07-10 06:00:00+00:00","0.237","0.0","0.0397044"
"2012-07-10 06:30:00+00:00","0.106","0.0","0.0424473"
"2012-07-10 07:00:00+00:00","0.067","0.0","0.0454977"
"2012-07-10 07:30:00+00:00","0.12","0.013","0.0415125"
"2012-07-10 08:00:00+00:00","0.283","0.175","0.04995645"
"2012-07-10 08:30:00+00:00","0.226","0.219","0.05535615"
"2012-07-10 09:00:00+00:00","0.111","0.219","0.05650005"
"2012-07-10 09:30:00+00:00","0.337","0.181","0.05739795"
"2012-07-10 10:00:00+00:00","0.153","0.175","0.0528777"
"2012-07-10 10:30:00+00:00","0.113","0.256","0.0541815"
"2012-07-10 11:00:00+00:00","0.047","0.444","0.05367105"
"2012-07-10 11:30:00+00:00","0.104","0.538","0.0571212"
"2012-07-10 12:00:00+00:00","0.054","0.494","0.05330205"
"2012-07-10 12:30:00+00:00","0.209","0.569","0.05365875"
"2012-07-10 13:00:00+00:00","0.131","0.606","0.05022705"
"2012-07-10 13:30:00+00:00","0.172","0.631","0.0530253"
"2012-07-10 14:00:00+00:00","0.089","0.575","0.05400315"
"2012-07-10 14:30:00+00:00","0.093","0.25","0.05324055"
"2012-07-10 15:00:00+00:00","0.06","0.1","0.0515247"
"2012-07-10 15:30:00+00:00","0.111","0.031","0.05509785"
"2012-07-10 16:00:00+00:00","0.078","0.013","0.05747175"
"2012-07-10 16:30:00+00:00","0.133","0.0","0.05959965"
"2012-07-10 17:00:00+00:00","0.059","0.0","0.0533574"
"2012-07-10 17:30:00+00:00","0.185","0.0","0.05918145"
"2012-07-10 18:00:00+00:00","0.183","0.0","0.0989781"
"2012-07-10 18:30:00+00:00","0.204","0.0","0.11472825"
"2012-07-10 19:00:00+00:00","0.267","0.0","0.05653695"
"2012-07-10 19:30:00+00:00","0.256","0.0","0.04469205"
"2012-07-10 20:00:00+00:00","0.257","0.0","0.042189"
"2012-07-10 20:30:00+00:00","0.324","0.006","0.0427671"
"2012-07-10 21:00:00+00:00","1.252","0.0","0.043419"
"2012-07-10 21:30:00+00:00","1.237","0.0","0.04191225"
"2012-07-10 22:00:00+00:00","1.251","0.0","0.03757035"
"2012-07-10 22:30:00+00:00","1.21","0.0","0.0511311"
"2012-07-10 23:00:00+00:00","0.486","0.0","0.03969825"
"2012-07-10 23:30:00+00:00","1.001","0.0","0.04455675"
"2012-07-11 00:00:00+00:00","0.136","0.0","0.037023"
"2012-07-11 00:30:00+00:00","0.058","0.0","0.0363219"
"2012-07-11 01:00:00+00:00","0.112","0.0","0.03642645"
"2012-07-11 01:30:00+00:00","0.058","0.0","0.036654"
"2012-07-11 02:00:00+00:00","0.098","0.0","0.03508575"
"2012-07-11 02:30:00+00:00","0.039","0.0","0.0342678"
"2012-07-11 03:00:00+00:00","0.093","0.0","0.0337389"
"2012-07-11 03:30:00+00:00","0.049","0.0","0.03357285"
"2012-07-11 04:00:00+00:00","0.135","0.0","0.03322845"
"2012-07-11 04:30:00+00:00","0.048","0.0","0.0325335"
"2012-07-11 05:00:00+00:00","0.081","0.0","0.033456"
"2012-07-11 05:30:00+00:00","0.048","0.0","0.03412635"
"2012-07-11 06:00:00+00:00","0.365","0.0","0.0354855"
"2012-07-11 06:30:00+00:00","0.199","0.0","0.03806235"
"2012-07-11 07:00:00+00:00","0.097","0.0","0.04124805"
"2012-07-11 07:30:00+00:00","0.155","0.0","0.03568845"
"2012-07-11 08:00:00+00:00","0.572","0.006","0.0405162"
"2012-07-11 08:30:00+00:00","0.366","0.15","0.0424104"
"2012-07-11 09:00:00+00:00","0.302","0.219","0.0420783"
"2012-07-11 09:30:00+00:00","0.227","0.494","0.0422259"
"2012-07-11 10:00:00+00:00","0.189","0.344","0.0397905"
"2012-07-11 10:30:00+00:00","0.064","0.45","0.0403932"
"2012-07-11 11:00:00+00:00","0.066","0.288","0.0371091"
"2012-07-11 11:30:00+00:00","0.091","0.669","0.036654"
"2012-07-11 12:00:00+00:00","0.178","0.563","0.0368262"
"2012-07-11 12:30:00+00:00","0.057","0.4","0.0359529"
"2012-07-11 13:00:00+00:00","0.084","0.713","0.03482745"
"2012-07-11 13:30:00+00:00","0.071","0.663","0.03444615"
"2012-07-11 14:00:00+00:00","0.073","0.55","0.03417555"
"2012-07-11 14:30:00+00:00","0.063","0.513","0.0338496"
"2012-07-11 15:00:00+00:00","0.095","0.425","0.0338619"
"2012-07-11 15:30:00+00:00","0.12","0.306","0.034071"
"2012-07-11 16:00:00+00:00","0.434","0.15","0.03416325"
"2012-07-11 16:30:00+00:00","0.105","0.056","0.03293325"
"2012-07-11 17:00:00+00:00","0.064","0.0","0.03360975"
"2012-07-11 17:30:00+00:00","0.078","0.0","0.0387819"
"2012-07-11 18:00:00+00:00","0.093","0.0","0.0401964"
"2012-07-11 18:30:00+00:00","0.06","0.0","0.0384621"
"2012-07-11 19:00:00+00:00","0.14","0.0","0.0383145"
"2012-07-11 19:30:00+00:00","0.046","0.006","0.035793"
"2012-07-11 20:00:00+00:00","0.102","0.0","0.03487665"
"2012-07-11 20:30:00+00:00","0.221","0.0","0.0381177"
"2012-07-11 21:00:00+00:00","0.146","0.0","0.03531945"
"2012-07-11 21:30:00+00:00","0.072","0.0","0.03493815"
"2012-07-11 22:00:00+00:00","0.114","0.0","0.03444"
"2012-07-11 22:30:00+00:00","0.102","0.0","0.0399135"
"2012-07-11 23:00:00+00:00","0.142","0.0","0.03520875"
"2012-07-11 23:30:00+00:00","0.07","0.0","0.03613125"
"2012-07-12 00:00:00+00:00","0.052","0.0","0.03514725"
"2012-07-12 00:30:00+00:00","0.075","0.0","0.03385575"
"2012-07-12 01:00:00+00:00","0.053","0.0","0.0340833"
"2012-07-12 01:30:00+00:00","0.089","0.0","0.03406485"
"2012-07-12 02:00:00+00:00","0.029","0.0","0.0325458"
"2012-07-12 02:30:00+00:00","0.152","0.0","0.0317463"
"2012-07-12 03:00:00+00:00","0.108","0.0","0.03055935"
"2012-07-12 03:30:00+00:00","0.105","0.0","0.02845605"
"2012-07-12 04:00:00+00:00","0.031","0.0","0.02682015"
"2012-07-12 04:30:00+00:00","0.084","0.0","0.0270969"
"2012-07-12 05:00:00+00:00","0.047","0.0","0.02929245"
"2012-07-12 05:30:00+00:00","0.075","0.0","0.03046095"
"2012-07-12 06:00:00+00:00","0.044","0.0","0.0319677"
"2012-07-12 06:30:00+00:00","0.068","0.0","0.03502425"
"2012-07-12 07:00:00+00:00","0.138","0.0","0.0364572"
"2012-07-12 07:30:00+00:00","0.424","0.0","0.0335667"
"2012-07-12 08:00:00+00:00","0.133","0.006","0.0362604"
"2012-07-12 08:30:00+00:00","0.253","0.125","0.0450795"
"2012-07-12 09:00:00+00:00","0.111","0.069","0.0447474"
"2012-07-12 09:30:00+00:00","0.186","0.044","0.04535625"
"2012-07-12 10:00:00+00:00","0.182","0.088","0.0457929"
"2012-07-12 10:30:00+00:00","0.126","0.081","0.04817295"
"2012-07-12 11:00:00+00:00","0.332","0.038","0.04900935"
"2012-07-12 11:30:00+00:00","0.128","0.025","0.04677075"
"2012-07-12 12:00:00+00:00","0.105","0.031","0.0453255"
"2012-07-12 12:30:00+00:00","0.043","0.088","0.0460758"
"2012-07-12 13:00:00+00:00","0.091","0.056","0.04673385"
"2012-07-12 13:30:00+00:00","0.046","0.188","0.04584825"
"2012-07-12 14:00:00+00:00","0.073","0.238","0.04690605"
"2012-07-12 14:30:00+00:00","0.059","0.188","0.04896015"
"2012-07-12 15:00:00+00:00","0.059","0.075","0.0440832"
"2012-07-12 15:30:00+00:00","0.078","0.025","0.0434559"
"2012-07-12 16:00:00+00:00","0.088","0.019","0.04865265"
"2012-07-12 16:30:00+00:00","0.084","0.013","0.0466785"
"2012-07-12 17:00:00+00:00","0.372","0.0","0.0426564"
"2012-07-12 17:30:00+00:00","1.359","0.0","0.047478"
"2012-07-12 18:00:00+00:00","1.182","0.0","0.06528225"
"2012-07-12 18:30:00+00:00","1.244","0.0","0.0595566"
"2012-07-12 19:00:00+00:00","1.266","0.0","0.04814835"
"2012-07-12 19:30:00+00:00","1.406","0.0","0.0417585"
"2012-07-12 20:00:00+00:00","1.367","0.0","0.03849285"
"2012-07-12 20:30:00+00:00","1.311","0.0","0.04064535"
"2012-07-12 21:00:00+00:00","1.337","0.0","0.03972285"
"2012-07-12 21:30:00+00:00","1.291","0.0","0.0361374"
"2012-07-12 22:00:00+00:00","0.526","0.0","0.0351042"
"2012-07-12 22:30:00+00:00","0.092","0.0","0.0412788"
"2012-07-12 23:00:00+00:00","0.099","0.0","0.03574995"
"2012-07-12 23:30:00+00:00","0.092","0.0","0.03543015"
"2012-07-13 00:00:00+00:00","0.096","0.0","0.0348582"
"2012-07-13 00:30:00+00:00","0.114","0.0","0.03461835"
"2012-07-13 01:00:00+00:00","0.073","0.0","0.03440925"
"2012-07-13 01:30:00+00:00","0.072","0.0","0.034932"
"2012-07-13 02:00:00+00:00","0.082","0.0","0.0341694"
"2012-07-13 02:30:00+00:00","0.081","0.0","0.0335175"
"2012-07-13 03:00:00+00:00","0.076","0.0","0.03287175"
"2012-07-13 03:30:00+00:00","0.066","0.0","0.02996895"
"2012-07-13 04:00:00+00:00","0.058","0.0","0.030504"
"2012-07-13 04:30:00+00:00","0.096","0.0","0.03149415"
"2012-07-13 05:00:00+00:00","0.082","0.0","0.0327672"
"2012-07-13 05:30:00+00:00","0.062","0.0","0.0338619"
"2012-07-13 06:00:00+00:00","0.347","0.0","0.0333822"
"2012-07-13 06:30:00+00:00","0.14","0.0","0.03375735"
"2012-07-13 07:00:00+00:00","0.235","0.0","0.0360513"
"2012-07-13 07:30:00+00:00","0.244","0.0","0.0341694"
"2012-07-13 08:00:00+00:00","0.234","0.0","0.03726285"
"2012-07-13 08:30:00+00:00","0.232","0.006","0.0396183"
"2012-07-13 09:00:00+00:00","0.243","0.025","0.0389664"
"2012-07-13 09:30:00+00:00","0.437","0.006","0.03974745"
"2012-07-13 10:00:00+00:00","0.845","0.025","0.040221"
"2012-07-13 10:30:00+00:00","0.186","0.063","0.0403932"
"2012-07-13 11:00:00+00:00","0.196","0.069","0.0397782"
"2012-07-13 11:30:00+00:00","0.088","0.1","0.0386343"
"2012-07-13 12:00:00+00:00","0.196","0.181","0.03836985"
"2012-07-13 12:30:00+00:00","0.349","0.519","0.0380193"
"2012-07-13 13:00:00+00:00","0.1","0.581","0.0378225"
"2012-07-13 13:30:00+00:00","0.128","0.469","0.03747195"
"2012-07-13 14:00:00+00:00","0.04","0.569","0.03695535"
"2012-07-13 14:30:00+00:00","0.102","0.331","0.03605745"
"2012-07-13 15:00:00+00:00","0.044","0.213","0.0361251"
"2012-07-13 15:30:00+00:00","0.097","0.088","0.03502425"
"2012-07-13 16:00:00+00:00","0.129","0.05","0.03600825"
"2012-07-13 16:30:00+00:00","0.11","0.013","0.03766875"
"2012-07-13 17:00:00+00:00","0.082","0.0","0.03852975"
"2012-07-13 17:30:00+00:00","0.11","0.0","0.039975"
"2012-07-13 18:00:00+00:00","0.119","0.0","0.04064535"
"2012-07-13 18:30:00+00:00","0.142","0.0","0.03878805"
"2012-07-13 19:00:00+00:00","0.118","0.0","0.0368139"
"2012-07-13 19:30:00+00:00","0.215","0.0","0.0352149"
"2012-07-13 20:00:00+00:00","0.254","0.0","0.0363465"
"2012-07-13 20:30:00+00:00","0.305","0.0","0.0359652"
"2012-07-13 21:00:00+00:00","0.298","0.0","0.03636495"
"2012-07-13 21:30:00+00:00","0.161","0.0","0.03460605"
"2012-07-13 22:00:00+00:00","0.157","0.0","0.0340218"
"2012-07-13 22:30:00+00:00","0.256","0.0","0.0387819"
"2012-07-13 23:00:00+00:00","0.176","0.0","0.03570075"
"2012-07-13 23:30:00+00:00","0.102","0.0","0.0363957"
"2012-07-14 00:00:00+00:00","0.119","0.0","0.03524565"
"2012-07-14 00:30:00+00:00","0.09","0.0","0.03427395"
"2012-07-14 01:00:00+00:00","0.113","0.0","0.03424935"
"2012-07-14 01:30:00+00:00","0.064","0.0","0.03421245"
"2012-07-14 02:00:00+00:00","0.094","0.0","0.03256425"
"2012-07-14 02:30:00+00:00","0.065","0.0","0.03261345"
"2012-07-14 03:00:00+00:00","0.078","0.0","0.03209685"
"2012-07-14 03:30:00+00:00","0.061","0.0","0.03190005"
"2012-07-14 04:00:00+00:00","0.09","0.0","0.0313281"
"2012-07-14 04:30:00+00:00","0.081","0.0","0.0312174"
"2012-07-14 05:00:00+00:00","0.117","0.0","0.0310452"
"2012-07-14 05:30:00+00:00","0.05","0.0","0.03129735"
"2012-07-14 06:00:00+00:00","0.089","0.0","0.0308484"
"2012-07-14 06:30:00+00:00","0.119","0.0","0.02969835"
"2012-07-14 07:00:00+00:00","0.328","0.0","0.0318693"
"2012-07-14 07:30:00+00:00","0.426","0.013","0.03356055"
"2012-07-14 08:00:00+00:00","0.447","0.188","0.0344646"
"2012-07-14 08:30:00+00:00","0.33","0.325","0.0344646"
"2012-07-14 09:00:00+00:00","0.353","0.425","0.03439695"
"2012-07-14 09:30:00+00:00","0.198","0.531","0.0359283"
"2012-07-14 10:00:00+00:00","0.155","0.6","0.0372567"
"2012-07-14 10:30:00+00:00","0.091","0.663","0.0358176"
"2012-07-14 11:00:00+00:00","0.09","0.744","0.03442155"
"2012-07-14 11:30:00+00:00","0.069","0.7","0.0344154"
"2012-07-14 12:00:00+00:00","0.092","0.781","0.03433545"
"2012-07-14 12:30:00+00:00","0.116","0.75","0.0343908"
"2012-07-14 13:00:00+00:00","0.095","0.731","0.03439695"
"2012-07-14 13:30:00+00:00","0.08","0.681","0.0340095"
"2012-07-14 14:00:00+00:00","0.074","0.575","0.03390495"
"2012-07-14 14:30:00+00:00","0.1","0.506","0.0339357"
"2012-07-14 15:00:00+00:00","0.148","0.481","0.03394185"
"2012-07-14 15:30:00+00:00","0.182","0.288","0.03394185"
"2012-07-14 16:00:00+00:00","0.294","0.119","0.03404025"
"2012-07-14 16:30:00+00:00","0.146","0.038","0.03464295"
"2012-07-14 17:00:00+00:00","0.183","0.006","0.03672165"
"2012-07-14 17:30:00+00:00","0.244","0.0","0.03729975"
"2012-07-14 18:00:00+00:00","0.182","0.0","0.04129725"
"2012-07-14 18:30:00+00:00","0.204","0.0","0.0409836"
"2012-07-14 19:00:00+00:00","0.187","0.0","0.03967365"
"2012-07-14 19:30:00+00:00","0.864","0.0","0.03729975"
"2012-07-14 20:00:00+00:00","0.839","0.0","0.03451995"
"2012-07-14 20:30:00+00:00","1.043","0.0","0.0345753"
"2012-07-14 21:00:00+00:00","1.407","0.0","0.03439695"
"2012-07-14 21:30:00+00:00","1.157","0.0","0.0343908"
"2012-07-14 22:00:00+00:00","1.212","0.0","0.0342924"
"2012-07-14 22:30:00+00:00","0.256","0.0","0.03444615"
"2012-07-14 23:00:00+00:00","0.133","0.0","0.0343785"
"2012-07-14 23:30:00+00:00","0.094","0.0","0.03447075"
"2012-07-15 00:00:00+00:00","0.124","0.0","0.03451995"
"2012-07-15 00:30:00+00:00","0.088","0.0","0.0343785"
"2012-07-15 01:00:00+00:00","0.054","0.0","0.0342555"
"2012-07-15 01:30:00+00:00","0.087","0.0","0.03381885"
"2012-07-15 02:00:00+00:00","0.042","0.0","0.03326535"
"2012-07-15 02:30:00+00:00","0.083","0.0","0.0311313"
"2012-07-15 03:00:00+00:00","0.042","0.0","0.03159255"
"2012-07-15 03:30:00+00:00","0.076","0.0","0.0308361"
"2012-07-15 04:00:00+00:00","0.079","0.0","0.0300612"
"2012-07-15 04:30:00+00:00","0.089","0.0","0.03046095"
"2012-07-15 05:00:00+00:00","0.061","0.0","0.02870205"
"2012-07-15 05:30:00+00:00","0.116","0.0","0.03016575"
"2012-07-15 06:00:00+00:00","0.223","0.0","0.0262113"
"2012-07-15 06:30:00+00:00","0.045","0.0","0.027921"
"2012-07-15 07:00:00+00:00","0.106","0.0","0.030996"
"2012-07-15 07:30:00+00:00","0.078","0.019","0.0313773"
"2012-07-15 08:00:00+00:00","0.207","0.194","0.03223215"
"2012-07-15 08:30:00+00:00","0.529","0.325","0.03445845"
"2012-07-15 09:00:00+00:00","0.206","0.444","0.03411405"
"2012-07-15 09:30:00+00:00","0.486","0.544","0.0344646"
"2012-07-15 10:00:00+00:00","0.934","0.619","0.03451995"
"2012-07-15 10:30:00+00:00","0.74","0.675","0.0344523"
"2012-07-15 11:00:00+00:00","0.781","0.719","0.03443385"
"2012-07-15 11:30:00+00:00","0.691","0.738","0.03417555"
"2012-07-15 12:00:00+00:00","0.923","0.75","0.0341202"
"2012-07-15 12:30:00+00:00","0.849","0.738","0.03394185"
"2012-07-15 13:00:00+00:00","0.587","0.719","0.03388035"
"2012-07-15 13:30:00+00:00","0.641","0.669","0.03360975"
"2012-07-15 14:00:00+00:00","0.402","0.619","0.0338865"
"2012-07-15 14:30:00+00:00","0.225","0.556","0.0332961"
"2012-07-15 15:00:00+00:00","0.4","0.463","0.0336036"
"2012-07-15 15:30:00+00:00","0.77","0.369","0.0340464"
"2012-07-15 16:00:00+00:00","0.572","0.25","0.03431085"
"2012-07-15 16:30:00+00:00","0.192","0.119","0.0344523"
"2012-07-15 17:00:00+00:00","0.208","0.0","0.03677085"
"2012-07-15 17:30:00+00:00","0.23","0.0","0.04092825"
"2012-07-15 18:00:00+00:00","0.303","0.0","0.0563094"
"2012-07-15 18:30:00+00:00","0.439","0.0","0.05283465"
"2012-07-15 19:00:00+00:00","0.408","0.0","0.04690605"
"2012-07-15 19:30:00+00:00","0.948","0.0","0.0440217"
"2012-07-15 20:00:00+00:00","0.916","0.0","0.04156785"
"2012-07-15 20:30:00+00:00","0.949","0.0","0.0418815"
"2012-07-15 21:00:00+00:00","1.023","0.0","0.0406146"
"2012-07-15 21:30:00+00:00","1.189","0.0","0.03806235"
"2012-07-15 22:00:00+00:00","0.928","0.0","0.0350058"
"2012-07-15 22:30:00+00:00","0.114","0.0","0.0370968"
"2012-07-15 23:00:00+00:00","0.127","0.0","0.0357807"
"2012-07-15 23:30:00+00:00","0.123","0.0","0.0349566"
"2012-07-16 00:00:00+00:00","0.087","0.0","0.03432315"
"2012-07-16 00:30:00+00:00","0.107","0.0","0.03391725"
"2012-07-16 01:00:00+00:00","0.1","0.0","0.0343293"
"2012-07-16 01:30:00+00:00","0.071","0.0","0.033948"
"2012-07-16 02:00:00+00:00","0.073","0.0","0.03330225"
"2012-07-16 02:30:00+00:00","0.087","0.0","0.0323613"
"2012-07-16 03:00:00+00:00","0.04","0.0","0.0321276"
"2012-07-16 03:30:00+00:00","0.117","0.0","0.0312912"
"2012-07-16 04:00:00+00:00","0.085","0.0","0.03089145"
"2012-07-16 04:30:00+00:00","0.09","0.0","0.0330747"
"2012-07-16 05:00:00+00:00","0.082","0.0","0.034071"
"2012-07-16 05:30:00+00:00","0.076","0.0","0.0347721"
"2012-07-16 06:00:00+00:00","0.079","0.0","0.0349935"
"2012-07-16 06:30:00+00:00","0.064","0.0","0.03774255"
"2012-07-16 07:00:00+00:00","0.054","0.0","0.042804"
"2012-07-16 07:30:00+00:00","0.096","0.019","0.04277325"
"2012-07-16 08:00:00+00:00","0.068","0.2","0.04704135"
"2012-07-16 08:30:00+00:00","0.413","0.331","0.0483267"
"2012-07-16 09:00:00+00:00","0.206","0.456","0.04705365"
"2012-07-16 09:30:00+00:00","0.258","0.544","0.0467646"
"2012-07-16 10:00:00+00:00","0.136","0.613","0.04634025"
"2012-07-16 10:30:00+00:00","0.261","0.669","0.0456576"
"2012-07-16 11:00:00+00:00","0.147","0.7","0.0416601"
"2012-07-16 11:30:00+00:00","0.151","0.713","0.04076835"
"2012-07-16 12:00:00+00:00","0.549","0.725","0.03978435"
"2012-07-16 12:30:00+00:00","0.532","0.713","0.03605745"
"2012-07-16 13:00:00+00:00","0.34","0.694","0.0344892"
"2012-07-16 13:30:00+00:00","0.416","0.65","0.0347721"
"2012-07-16 14:00:00+00:00","0.203","0.606","0.0346245"
"2012-07-16 14:30:00+00:00","0.138","0.544","0.0342555"
"2012-07-16 15:00:00+00:00","0.077","0.456","0.034194"
"2012-07-16 15:30:00+00:00","0.123","0.35","0.0340587"
"2012-07-16 16:00:00+00:00","0.094","0.244","0.034686"
"2012-07-16 16:30:00+00:00","0.292","0.113","0.0368262"
"2012-07-16 17:00:00+00:00","0.052","0.006","0.0376257"
"2012-07-16 17:30:00+00:00","0.121","0.0","0.0412665"
"2012-07-16 18:00:00+00:00","0.081","0.0","0.0482898"
"2012-07-16 18:30:00+00:00","0.775","0.0","0.04855425"
"2012-07-16 19:00:00+00:00","1.155","0.0","0.047355"
"2012-07-16 19:30:00+00:00","1.233","0.0","0.0408114"
"2012-07-16 20:00:00+00:00","1.464","0.0","0.0407376"
"2012-07-16 20:30:00+00:00","1.27","0.0","0.0414387"
"2012-07-16 21:00:00+00:00","1.31","0.0","0.0408114"
"2012-07-16 21:30:00+00:00","0.67","0.0","0.0380439"
"2012-07-16 22:00:00+00:00","0.124","0.0","0.03562695"
"2012-07-16 22:30:00+00:00","0.07","0.0","0.0438864"
"2012-07-16 23:00:00+00:00","0.09","0.0","0.0363465"
"2012-07-16 23:30:00+00:00","0.085","0.0","0.0352641"
"2012-07-17 00:00:00+00:00","0.668","0.0","0.0357192"
"2012-07-17 00:30:00+00:00","0.339","0.0","0.03433545"
"2012-07-17 01:00:00+00:00","0.056","0.0","0.03436005"
"2012-07-17 01:30:00+00:00","0.073","0.0","0.0342801"
"2012-07-17 02:00:00+00:00","0.052","0.0","0.03406485"
"2012-07-17 02:30:00+00:00","0.075","0.0","0.03343755"
"2012-07-17 03:00:00+00:00","0.039","0.0","0.0328779"
"2012-07-17 03:30:00+00:00","0.088","0.0","0.03204765"
"2012-07-17 04:00:00+00:00","0.077","0.0","0.0319431"
"2012-07-17 04:30:00+00:00","0.081","0.0","0.0319062"
"2012-07-17 05:00:00+00:00","0.376","0.0","0.03293325"
"2012-07-17 05:30:00+00:00","0.148","0.0","0.0340095"
"2012-07-17 06:00:00+00:00","0.45","0.0","0.03223215"
"2012-07-17 06:30:00+00:00","0.181","0.0","0.03589755"
"2012-07-17 07:00:00+00:00","0.114","0.0","0.041574"
"2012-07-17 07:30:00+00:00","0.062","0.025","0.04426155"
"2012-07-17 08:00:00+00:00","0.291","0.2","0.0523365"
"2012-07-17 08:30:00+00:00","0.107","0.338","0.05092815"
"2012-07-17 09:00:00+00:00","0.217","0.456","0.04312995"
"2012-07-17 09:30:00+00:00","0.055","0.538","0.0414387"
"2012-07-17 10:00:00+00:00","0.083","0.613","0.04076835"
"2012-07-17 10:30:00+00:00","0.052","0.656","0.04025175"
"2012-07-17 11:00:00+00:00","0.07","0.7","0.03562695"
"2012-07-17 11:30:00+00:00","0.058","0.719","0.03449535"
"2012-07-17 12:00:00+00:00","0.075","0.738","0.0344769"
"2012-07-17 12:30:00+00:00","0.418","0.731","0.03442155"
"2012-07-17 13:00:00+00:00","0.2","0.725","0.0336651"
"2012-07-17 13:30:00+00:00","0.132","0.681","0.03364665"
"2012-07-17 14:00:00+00:00","0.151","0.631","0.03343755"
"2012-07-17 14:30:00+00:00","0.14","0.556","0.0330501"
"2012-07-17 15:00:00+00:00","0.143","0.469","0.03287175"
"2012-07-17 15:30:00+00:00","0.156","0.369","0.0331485"
"2012-07-17 16:00:00+00:00","0.174","0.256","0.03376965"
"2012-07-17 16:30:00+00:00","0.222","0.119","0.0342678"
"2012-07-17 17:00:00+00:00","0.344","0.0","0.03568845"
"2012-07-17 17:30:00+00:00","0.087","0.0","0.0417093"
"2012-07-17 18:00:00+00:00","1.119","0.0","0.0576747"
"2012-07-17 18:30:00+00:00","1.31","0.0","0.0560142"
"2012-07-17 19:00:00+00:00","1.216","0.0","0.04940295"
"2012-07-17 19:30:00+00:00","1.281","0.0","0.0443907"
"2012-07-17 20:00:00+00:00","1.224","0.0","0.0453747"
"2012-07-17 20:30:00+00:00","1.27","0.0","0.04322835"
"2012-07-17 21:00:00+00:00","1.375","0.0","0.04156785"
"2012-07-17 21:30:00+00:00","1.316","0.0","0.03694305"
"2012-07-17 22:00:00+00:00","1.192","0.0","0.03463065"
"2012-07-17 22:30:00+00:00","1.218","0.0","0.03715215"
"2012-07-17 23:00:00+00:00","1.179","0.0","0.0346614"
"2012-07-17 23:30:00+00:00","1.239","0.0","0.03543015"
"2012-07-18 00:00:00+00:00","0.148","0.0","0.03347445"
"2012-07-18 00:30:00+00:00","0.098","0.0","0.0337143"
"2012-07-18 01:00:00+00:00","0.081","0.0","0.03404025"
"2012-07-18 01:30:00+00:00","0.077","0.0","0.0332469"
"2012-07-18 02:00:00+00:00","0.083","0.0","0.0324351"
"2012-07-18 02:30:00+00:00","0.053","0.0","0.03215835"
"2012-07-18 03:00:00+00:00","0.097","0.0","0.0310944"
"2012-07-18 03:30:00+00:00","0.051","0.0","0.0311559"
"2012-07-18 04:00:00+00:00","0.125","0.0","0.0305901"
"2012-07-18 04:30:00+00:00","0.059","0.0","0.03075"
"2012-07-18 05:00:00+00:00","0.088","0.0","0.0313896"
"2012-07-18 05:30:00+00:00","0.073","0.0","0.03364665"
"2012-07-18 06:00:00+00:00","0.06","0.0","0.03060855"
"2012-07-18 06:30:00+00:00","0.132","0.0","0.0343539"
"2012-07-18 07:00:00+00:00","0.065","0.0","0.0379947"
"2012-07-18 07:30:00+00:00","0.287","0.006","0.0374289"
"2012-07-18 08:00:00+00:00","0.196","0.05","0.04058385"
"2012-07-18 08:30:00+00:00","0.234","0.169","0.04054695"
"2012-07-18 09:00:00+00:00","0.255","0.2","0.0392001"
"2012-07-18 09:30:00+00:00","0.211","0.181","0.0391755"
"2012-07-18 10:00:00+00:00","0.137","0.319","0.03686925"
"2012-07-18 10:30:00+00:00","0.133","0.331","0.034563"
"2012-07-18 11:00:00+00:00","0.136","0.6","0.0347598"
"2012-07-18 11:30:00+00:00","0.122","0.731","0.03437235"
"2012-07-18 12:00:00+00:00","0.147","0.738","0.03381885"
"2012-07-18 12:30:00+00:00","0.465","0.731","0.03284715"
"2012-07-18 13:00:00+00:00","0.064","0.606","0.03164175"
"2012-07-18 13:30:00+00:00","0.102","0.494","0.0330132"
"2012-07-18 14:00:00+00:00","0.07","0.563","0.0318078"
"2012-07-18 14:30:00+00:00","0.104","0.475","0.03156795"
"2012-07-18 15:00:00+00:00","0.064","0.4","0.0314757"
"2012-07-18 15:30:00+00:00","0.098","0.381","0.03220755"
"2012-07-18 16:00:00+00:00","0.106","0.25","0.0330009"
"2012-07-18 16:30:00+00:00","0.109","0.138","0.03485205"
"2012-07-18 17:00:00+00:00","0.097","0.006","0.03492585"
"2012-07-18 17:30:00+00:00","0.119","0.0","0.0414879"
"2012-07-18 18:00:00+00:00","0.071","0.0","0.04959975"
"2012-07-18 18:30:00+00:00","0.116","0.0","0.05277315"
"2012-07-18 19:00:00+00:00","0.065","0.0","0.04889865"
"2012-07-18 19:30:00+00:00","0.145","0.0","0.0419922"
"2012-07-18 20:00:00+00:00","0.067","0.0","0.03984585"
"2012-07-18 20:30:00+00:00","1.106","0.0","0.039729"
"2012-07-18 21:00:00+00:00","1.186","0.0","0.03919395"
"2012-07-18 21:30:00+00:00","1.206","0.0","0.0363342"
"2012-07-18 22:00:00+00:00","0.162","0.0","0.03428625"
"2012-07-18 22:30:00+00:00","0.107","0.0","0.0449073"
"2012-07-18 23:00:00+00:00","0.097","0.006","0.03631575"
"2012-07-18 23:30:00+00:00","0.136","0.0","0.03770565"
"2012-07-19 00:00:00+00:00","0.102","0.0","0.03556545"
"2012-07-19 00:30:00+00:00","0.085","0.0","0.0338127"
"2012-07-19 01:00:00+00:00","0.093","0.0","0.0328164"
"2012-07-19 01:30:00+00:00","0.046","0.0","0.0342186"
"2012-07-19 02:00:00+00:00","0.074","0.0","0.0335421"
"2012-07-19 02:30:00+00:00","0.047","0.0","0.03338835"
"2012-07-19 03:00:00+00:00","0.095","0.0","0.032103"
"2012-07-19 03:30:00+00:00","0.048","0.0","0.03182625"
"2012-07-19 04:00:00+00:00","0.108","0.0","0.0319185"
"2012-07-19 04:30:00+00:00","0.054","0.0","0.03321615"
"2012-07-19 05:00:00+00:00","0.102","0.0","0.0334068"
"2012-07-19 05:30:00+00:00","0.072","0.0","0.0367647"
"2012-07-19 06:00:00+00:00","0.079","0.0","0.0343908"
"2012-07-19 06:30:00+00:00","0.097","0.0","0.0408852"
"2012-07-19 07:00:00+00:00","0.289","0.0","0.04289625"
"2012-07-19 07:30:00+00:00","0.278","0.0","0.04001805"
"2012-07-19 08:00:00+00:00","0.193","0.181","0.0460635"
"2012-07-19 08:30:00+00:00","0.239","0.325","0.0430254"
"2012-07-19 09:00:00+00:00","0.157","0.438","0.0413157"
"2012-07-19 09:30:00+00:00","0.091","0.544","0.04081755"
"2012-07-19 10:00:00+00:00","0.07","0.619","0.0396921"
"2012-07-19 10:30:00+00:00","0.071","0.675","0.0357684"
"2012-07-19 11:00:00+00:00","0.075","0.713","0.0346737"
"2012-07-19 11:30:00+00:00","0.077","0.663","0.03440925"
"2012-07-19 12:00:00+00:00","0.102","0.75","0.03410175"
"2012-07-19 12:30:00+00:00","0.088","0.294","0.03368355"
"2012-07-19 13:00:00+00:00","0.088","0.213","0.0344031"
"2012-07-19 13:30:00+00:00","0.088","0.225","0.03445845"
"2012-07-19 14:00:00+00:00","0.121","0.125","0.03415095"
"2012-07-19 14:30:00+00:00","0.063","0.181","0.03388035"
"2012-07-19 15:00:00+00:00","0.093","0.275","0.0334314"
"2012-07-19 15:30:00+00:00","0.303","0.088","0.0339357"
"2012-07-19 16:00:00+00:00","0.109","0.119","0.0343293"
"2012-07-19 16:30:00+00:00","0.255","0.138","0.03479055"
"2012-07-19 17:00:00+00:00","0.151","0.013","0.03363435"
"2012-07-19 17:30:00+00:00","1.251","0.0","0.0381669"
"2012-07-19 18:00:00+00:00","1.775","0.0","0.0493845"
"2012-07-19 18:30:00+00:00","1.685","0.0","0.04718895"
"2012-07-19 19:00:00+00:00","1.285","0.0","0.04605735"
"2012-07-19 19:30:00+00:00","1.186","0.006","0.0390525"
"2012-07-19 20:00:00+00:00","1.374","0.0","0.0391509"
"2012-07-19 20:30:00+00:00","1.237","0.0","0.0434436"
"2012-07-19 21:00:00+00:00","1.176","0.0","0.0420783"
"2012-07-19 21:30:00+00:00","1.153","0.0","0.0376134"
"2012-07-19 22:00:00+00:00","0.464","0.0","0.03324075"
"2012-07-19 22:30:00+00:00","0.073","0.0","0.03814845"
"2012-07-19 23:00:00+00:00","0.119","0.0","0.0348459"
"2012-07-19 23:30:00+00:00","0.927","0.0","0.03560235"
"2012-07-20 00:00:00+00:00","0.094","0.0","0.0339357"
"2012-07-20 00:30:00+00:00","0.084","0.0","0.03405255"
"2012-07-20 01:00:00+00:00","0.094","0.0","0.03422475"
"2012-07-20 01:30:00+00:00","0.069","0.0","0.034194"
"2012-07-20 02:00:00+00:00","0.06","0.0","0.03325305"
"2012-07-20 02:30:00+00:00","0.08","0.0","0.0319431"
"2012-07-20 03:00:00+00:00","0.055","0.0","0.03204765"
"2012-07-20 03:30:00+00:00","0.102","0.0","0.0312543"
"2012-07-20 04:00:00+00:00","0.056","0.0","0.03138345"
"2012-07-20 04:30:00+00:00","0.083","0.0","0.0323367"
"2012-07-20 05:00:00+00:00","0.083","0.0","0.03283485"
"2012-07-20 05:30:00+00:00","0.106","0.0","0.03225675"
"2012-07-20 06:00:00+00:00","0.067","0.0","0.0346983"
"2012-07-20 06:30:00+00:00","0.077","0.0","0.0381423"
"2012-07-20 07:00:00+00:00","0.068","0.0","0.04455675"
"2012-07-20 07:30:00+00:00","0.119","0.019","0.0421029"
"2012-07-20 08:00:00+00:00","0.311","0.181","0.0507375"
"2012-07-20 08:30:00+00:00","0.201","0.325","0.04978425"
"2012-07-20 09:00:00+00:00","0.404","0.45","0.0410697"
"2012-07-20 09:30:00+00:00","0.159","0.544","0.0396429"
"2012-07-20 10:00:00+00:00","0.118","0.619","0.03971055"
"2012-07-20 10:30:00+00:00","0.047","0.6","0.03832065"
"2012-07-20 11:00:00+00:00","0.086","0.556","0.03707835"
"2012-07-20 11:30:00+00:00","0.056","0.75","0.0348582"
"2012-07-20 12:00:00+00:00","0.08","0.719","0.03449535"
"2012-07-20 12:30:00+00:00","0.055","0.594","0.03444615"
"2012-07-20 13:00:00+00:00","0.091","0.688","0.03376965"
"2012-07-20 13:30:00+00:00","0.087","0.638","0.03413865"
"2012-07-20 14:00:00+00:00","0.102","0.631","0.03326535"
"2012-07-20 14:30:00+00:00","0.051","0.506","0.0337758"
"2012-07-20 15:00:00+00:00","0.101","0.306","0.0338373"
"2012-07-20 15:30:00+00:00","0.052","0.338","0.03375735"
"2012-07-20 16:00:00+00:00","0.092","0.256","0.0343416"
"2012-07-20 16:30:00+00:00","0.047","0.075","0.0360144"
"2012-07-20 17:00:00+00:00","0.183","0.006","0.0369615"
"2012-07-20 17:30:00+00:00","0.611","0.0","0.0392739"
"2012-07-20 18:00:00+00:00","1.23","0.0","0.04533165"
"2012-07-20 18:30:00+00:00","1.153","0.0","0.0476994"
"2012-07-20 19:00:00+00:00","1.232","0.0","0.0468384"
"2012-07-20 19:30:00+00:00","1.214","0.0","0.0394215"
"2012-07-20 20:00:00+00:00","1.254","0.0","0.0399996"
"2012-07-20 20:30:00+00:00","0.935","0.0","0.0476256"
"2012-07-20 21:00:00+00:00","0.805","0.0","0.05068215"
"2012-07-20 21:30:00+00:00","0.455","0.0","0.04137105"
"2012-07-20 22:00:00+00:00","0.268","0.0","0.03951375"
"2012-07-20 22:30:00+00:00","0.165","0.0","0.05103885"
"2012-07-20 23:00:00+00:00","0.086","0.0","0.0418323"
"2012-07-20 23:30:00+00:00","0.09","0.0","0.0454485"
"2012-07-21 00:00:00+00:00","0.075","0.0","0.04404015"
"2012-07-21 00:30:00+00:00","0.068","0.0","0.04097745"
"2012-07-21 01:00:00+00:00","0.109","0.0","0.03978435"
"2012-07-21 01:30:00+00:00","0.058","0.0","0.0404793"
"2012-07-21 02:00:00+00:00","0.131","0.0","0.03814845"
"2012-07-21 02:30:00+00:00","0.129","0.0","0.03590985"
"2012-07-21 03:00:00+00:00","0.093","0.0","0.0346122"
"2012-07-21 03:30:00+00:00","0.099","0.0","0.0339603"
"2012-07-21 04:00:00+00:00","0.07","0.0","0.0331977"
"2012-07-21 04:30:00+00:00","0.11","0.006","0.03337605"
"2012-07-21 05:00:00+00:00","0.084","0.0","0.03379425"
"2012-07-21 05:30:00+00:00","0.098","0.0","0.0343416"
"2012-07-21 06:00:00+00:00","0.077","0.0","0.0339849"
"2012-07-21 06:30:00+00:00","0.076","0.0","0.03434775"
"2012-07-21 07:00:00+00:00","0.065","0.0","0.0346737"
"2012-07-21 07:30:00+00:00","0.052","0.0","0.03615585"
"2012-07-21 08:00:00+00:00","0.184","0.0","0.03556545"
"2012-07-21 08:30:00+00:00","0.417","0.019","0.0397659"
"2012-07-21 09:00:00+00:00","0.2","0.031","0.0436527"
"2012-07-21 09:30:00+00:00","0.04","0.119","0.04400325"
"2012-07-21 10:00:00+00:00","0.075","0.138","0.04229355"
"2012-07-21 10:30:00+00:00","0.063","0.156","0.0402333"
"2012-07-21 11:00:00+00:00","0.059","0.231","0.0390771"
"2012-07-21 11:30:00+00:00","0.122","0.231","0.03629115"
"2012-07-21 12:00:00+00:00","0.046","0.256","0.03830835"
"2012-07-21 12:30:00+00:00","0.09","0.281","0.0378471"
"2012-07-21 13:00:00+00:00","0.087","0.669","0.0346614"
"2012-07-21 13:30:00+00:00","0.09","0.463","0.0348951"
"2012-07-21 14:00:00+00:00","0.046","0.219","0.0346737"
"2012-07-21 14:30:00+00:00","0.101","0.094","0.0344154"
"2012-07-21 15:00:00+00:00","0.058","0.044","0.03444615"
"2012-07-21 15:30:00+00:00","0.241","0.069","0.0347352"
"2012-07-21 16:00:00+00:00","0.116","0.044","0.0377733"
"2012-07-21 16:30:00+00:00","0.106","0.006","0.0390279"
"2012-07-21 17:00:00+00:00","0.176","0.0","0.0407868"
"2012-07-21 17:30:00+00:00","0.195","0.0","0.0440955"
"2012-07-21 18:00:00+00:00","0.183","0.0","0.05033775"
"2012-07-21 18:30:00+00:00","0.143","0.0","0.0507006"
"2012-07-21 19:00:00+00:00","0.188","0.0","0.0454977"
"2012-07-21 19:30:00+00:00","0.124","0.0","0.0404178"
"2012-07-21 20:00:00+00:00","0.138","0.0","0.0397044"
"2012-07-21 20:30:00+00:00","0.128","0.0","0.03958755"
"2012-07-21 21:00:00+00:00","0.163","0.0","0.0396183"
"2012-07-21 21:30:00+00:00","0.118","0.0","0.04233045"
"2012-07-21 22:00:00+00:00","0.117","0.0","0.0389541"
"2012-07-21 22:30:00+00:00","0.138","0.0","0.0410451"
"2012-07-21 23:00:00+00:00","0.11","0.0","0.0407622"
"2012-07-21 23:30:00+00:00","0.141","0.0","0.04180155"
"2012-07-22 00:00:00+00:00","0.083","0.0","0.04090365"
"2012-07-22 00:30:00+00:00","0.234","0.0","0.0393231"
"2012-07-22 01:00:00+00:00","0.114","0.0","0.03894795"
"2012-07-22 01:30:00+00:00","0.131","0.0","0.0395076"
"2012-07-22 02:00:00+00:00","0.101","0.0","0.0382653"
"2012-07-22 02:30:00+00:00","0.063","0.0","0.0359898"
"2012-07-22 03:00:00+00:00","0.224","0.0","0.03567"
"2012-07-22 03:30:00+00:00","0.105","0.0","0.0342432"
"2012-07-22 04:00:00+00:00","0.109","0.0","0.0342432"
"2012-07-22 04:30:00+00:00","0.044","0.0","0.03444615"
"2012-07-22 05:00:00+00:00","0.098","0.006","0.03444615"
"2012-07-22 05:30:00+00:00","0.075","0.0","0.0343416"
"2012-07-22 06:00:00+00:00","0.086","0.0","0.0340464"
"2012-07-22 06:30:00+00:00","0.038","0.0","0.0345876"
"2012-07-22 07:00:00+00:00","0.089","0.0","0.0345753"
"2012-07-22 07:30:00+00:00","0.081","0.0","0.0342555"
"2012-07-22 08:00:00+00:00","0.221","0.0","0.03447075"
"2012-07-22 08:30:00+00:00","0.071","0.044","0.0387081"
"2012-07-22 09:00:00+00:00","0.071","0.256","0.0407622"
"2012-07-22 09:30:00+00:00","0.136","0.319","0.04335135"
"2012-07-22 10:00:00+00:00","0.333","0.181","0.0427548"
"2012-07-22 10:30:00+00:00","0.135","0.075","0.042189"
"2012-07-22 11:00:00+00:00","0.056","0.469","0.03940305"
"2012-07-22 11:30:00+00:00","0.076","0.163","0.0390525"
"2012-07-22 12:00:00+00:00","0.039","0.044","0.03795165"
"2012-07-22 12:30:00+00:00","0.082","0.194","0.03741045"
"2012-07-22 13:00:00+00:00","0.045","0.338","0.0355224"
"2012-07-22 13:30:00+00:00","0.25","0.306","0.0343416"
"2012-07-22 14:00:00+00:00","0.066","0.1","0.03444615"
"2012-07-22 14:30:00+00:00","0.262","0.188","0.0342432"
"2012-07-22 15:00:00+00:00","0.112","0.088","0.0344646"
"2012-07-22 15:30:00+00:00","0.121","0.213","0.03463065"
"2012-07-22 16:00:00+00:00","0.216","0.031","0.03618045"
"2012-07-22 16:30:00+00:00","1.09","0.013","0.03727515"
"2012-07-22 17:00:00+00:00","1.321","0.0","0.04019025"
"2012-07-22 17:30:00+00:00","1.226","0.0","0.04504875"
"2012-07-22 18:00:00+00:00","1.254","0.0","0.0552147"
"2012-07-22 18:30:00+00:00","1.317","0.0","0.059532"
"2012-07-22 19:00:00+00:00","1.251","0.0","0.05362185"
"2012-07-22 19:30:00+00:00","1.216","0.0","0.0438126"
"2012-07-22 20:00:00+00:00","1.265","0.0","0.0455961"
"2012-07-22 20:30:00+00:00","1.16","0.0","0.049938"
"2012-07-22 21:00:00+00:00","0.111","0.0","0.0460389"
"2012-07-22 21:30:00+00:00","0.103","0.0","0.0422628"
"2012-07-22 22:00:00+00:00","0.089","0.0","0.03838215"
"2012-07-22 22:30:00+00:00","0.113","0.006","0.03865275"
"2012-07-22 23:00:00+00:00","0.107","0.0","0.0369"
"2012-07-22 23:30:00+00:00","0.071","0.0","0.03555315"
"2012-07-23 00:00:00+00:00","0.094","0.0","0.0345015"
"2012-07-23 00:30:00+00:00","0.113","0.0","0.0342432"
"2012-07-23 01:00:00+00:00","0.054","0.0","0.0338988"
"2012-07-23 01:30:00+00:00","0.075","0.0","0.0353748"
"2012-07-23 02:00:00+00:00","0.051","0.0","0.03406485"
"2012-07-23 02:30:00+00:00","0.068","0.0","0.03413865"
"2012-07-23 03:00:00+00:00","0.102","0.0","0.0329763"
"2012-07-23 03:30:00+00:00","0.07","0.0","0.03310545"
"2012-07-23 04:00:00+00:00","0.074","0.0","0.03314235"
"2012-07-23 04:30:00+00:00","0.036","0.0","0.0337881"
"2012-07-23 05:00:00+00:00","0.074","0.0","0.0341079"
"2012-07-23 05:30:00+00:00","0.074","0.0","0.0359529"
"2012-07-23 06:00:00+00:00","0.274","0.0","0.03689385"
"2012-07-23 06:30:00+00:00","0.108","0.0","0.0450795"
"2012-07-23 07:00:00+00:00","0.249","0.0","0.0590031"
"2012-07-23 07:30:00+00:00","0.178","0.0","0.0505407"
"2012-07-23 08:00:00+00:00","0.329","0.013","0.06026385"
"2012-07-23 08:30:00+00:00","0.368","0.038","0.05822205"
"2012-07-23 09:00:00+00:00","0.8","0.181","0.05273625"
"2012-07-23 09:30:00+00:00","0.112","0.169","0.0538371"
"2012-07-23 10:00:00+00:00","0.128","0.188","0.04546695"
"2012-07-23 10:30:00+00:00","0.067","0.1","0.04547925"
"2012-07-23 11:00:00+00:00","0.083","0.163","0.0443661"
"2012-07-23 11:30:00+00:00","0.057","0.313","0.04340055"
"2012-07-23 12:00:00+00:00","0.122","0.288","0.0401349"
"2012-07-23 12:30:00+00:00","0.077","0.413","0.03950145"
"2012-07-23 13:00:00+00:00","0.117","0.369","0.0377979"
"2012-07-23 13:30:00+00:00","0.298","0.325","0.03760725"
"2012-07-23 14:00:00+00:00","0.761","0.263","0.03856665"
"2012-07-23 14:30:00+00:00","0.705","0.169","0.03702915"
"2012-07-23 15:00:00+00:00","0.551","0.244","0.0354486"
"2012-07-23 15:30:00+00:00","0.495","0.344","0.0343416"
"2012-07-23 16:00:00+00:00","0.783","0.2","0.0371337"
"2012-07-23 16:30:00+00:00","0.61","0.075","0.04073145"
"2012-07-23 17:00:00+00:00","0.662","0.019","0.05256405"
"2012-07-23 17:30:00+00:00","0.97","0.0","0.0541938"
"2012-07-23 18:00:00+00:00","0.875","0.0","0.15277215"
"2012-07-23 18:30:00+00:00","0.877","0.0","0.1793709"
"2012-07-23 19:00:00+00:00","0.718","0.0","0.16905735"
"2012-07-23 19:30:00+00:00","0.887","0.0","0.1021884"
"2012-07-23 20:00:00+00:00","1.202","0.0","0.0748947"
"2012-07-23 20:30:00+00:00","1.39","0.0","0.06224415"
"2012-07-23 21:00:00+00:00","1.32","0.0","0.0587448"
"2012-07-23 21:30:00+00:00","1.12","0.0","0.04490115"
"2012-07-23 22:00:00+00:00","0.217","0.0","0.038499"
"2012-07-23 22:30:00+00:00","0.096","0.0","0.05167845"
"2012-07-23 23:00:00+00:00","0.141","0.0","0.04092825"
"2012-07-23 23:30:00+00:00","0.072","0.0","0.04037475"
"2012-07-24 00:00:00+00:00","0.821","0.0","0.03860355"
"2012-07-24 00:30:00+00:00","0.223","0.0","0.03898485"
"2012-07-24 01:00:00+00:00","0.076","0.0","0.0371091"
"2012-07-24 01:30:00+00:00","0.104","0.006","0.0377241"
"2012-07-24 02:00:00+00:00","0.06","0.0","0.0342801"
"2012-07-24 02:30:00+00:00","0.072","0.0","0.0343908"
"2012-07-24 03:00:00+00:00","0.112","0.0","0.03384345"
"2012-07-24 03:30:00+00:00","0.058","0.0","0.0326196"
"2012-07-24 04:00:00+00:00","0.085","0.0","0.0322014"
"2012-07-24 04:30:00+00:00","0.054","0.0","0.0339234"
"2012-07-24 05:00:00+00:00","0.069","0.0","0.0343416"
"2012-07-24 05:30:00+00:00","0.064","0.0","0.03567"
"2012-07-24 06:00:00+00:00","0.259","0.0","0.03683235"
"2012-07-24 06:30:00+00:00","0.109","0.0","0.0418938"
"2012-07-24 07:00:00+00:00","0.273","0.0","0.0567399"
"2012-07-24 07:30:00+00:00","0.198","0.0","0.04920615"
"2012-07-24 08:00:00+00:00","0.193","0.019","0.06111255"
"2012-07-24 08:30:00+00:00","0.284","0.094","0.0608973"
"2012-07-24 09:00:00+00:00","0.116","0.094","0.0558297"
"2012-07-24 09:30:00+00:00","0.073","0.4","0.05989485"
"2012-07-24 10:00:00+00:00","0.071","0.069","0.04843125"
"2012-07-24 10:30:00+00:00","0.043","0.131","0.04841895"
"2012-07-24 11:00:00+00:00","0.079","0.225","0.0448458"
"2012-07-24 11:30:00+00:00","0.048","0.463","0.04341285"
"2012-07-24 12:00:00+00:00","0.098","0.338","0.0467769"
"2012-07-24 12:30:00+00:00","0.079","0.319","0.04420005"
"2012-07-24 13:00:00+00:00","0.066","0.325","0.0420537"
"2012-07-24 13:30:00+00:00","0.076","0.338","0.03975975"
"2012-07-24 14:00:00+00:00","0.044","0.35","0.0399504"
"2012-07-24 14:30:00+00:00","0.081","0.325","0.03963675"
"2012-07-24 15:00:00+00:00","0.043","0.306","0.03921855"
"2012-07-24 15:30:00+00:00","0.085","0.044","0.03832065"
"2012-07-24 16:00:00+00:00","0.394","0.044","0.04282245"
"2012-07-24 16:30:00+00:00","1.234","0.031","0.04619265"
"2012-07-24 17:00:00+00:00","2.065","0.0","0.05923065"
"2012-07-24 17:30:00+00:00","1.477","0.0","0.06388005"
"2012-07-24 18:00:00+00:00","0.95","0.0","0.14461725"
"2012-07-24 18:30:00+00:00","0.941","0.0","0.08916885"
"2012-07-24 19:00:00+00:00","1.108","0.0","0.08916885"
"2012-07-24 19:30:00+00:00","2.199","0.0","0.0704667"
"2012-07-24 20:00:00+00:00","2.146","0.0","0.0515862"
"2012-07-24 20:30:00+00:00","2.21","0.0","0.05164155"
"2012-07-24 21:00:00+00:00","1.808","0.0","0.0505653"
"2012-07-24 21:30:00+00:00","0.247","0.0","0.04417545"
"2012-07-24 22:00:00+00:00","0.195","0.0","0.03567615"
"2012-07-24 22:30:00+00:00","0.277","0.0","0.04900935"
"2012-07-24 23:00:00+00:00","0.08","0.0","0.04035015"
"2012-07-24 23:30:00+00:00","0.101","0.0","0.03929235"
"2012-07-25 00:00:00+00:00","0.054","0.0","0.03525795"
"2012-07-25 00:30:00+00:00","0.077","0.0","0.0334929"
"2012-07-25 01:00:00+00:00","0.092","0.0","0.0365187"
"2012-07-25 01:30:00+00:00","0.065","0.0","0.0371091"
"2012-07-25 02:00:00+00:00","0.068","0.0","0.03381885"
"2012-07-25 02:30:00+00:00","0.062","0.0","0.0325581"
"2012-07-25 03:00:00+00:00","0.077","0.0","0.0321522"
"2012-07-25 03:30:00+00:00","0.036","0.0","0.03226905"
"2012-07-25 04:00:00+00:00","0.084","0.0","0.03228135"
"2012-07-25 04:30:00+00:00","0.038","0.0","0.032349"
"2012-07-25 05:00:00+00:00","0.074","0.0","0.0324105"
"2012-07-25 05:30:00+00:00","0.071","0.006","0.03349905"
"2012-07-25 06:00:00+00:00","0.366","0.0","0.03595905"
"2012-07-25 06:30:00+00:00","0.172","0.0","0.0416601"
"2012-07-25 07:00:00+00:00","0.302","0.0","0.0406515"
"2012-07-25 07:30:00+00:00","0.331","0.025","0.04009185"
"2012-07-25 08:00:00+00:00","0.43","0.206","0.0489663"
"2012-07-25 08:30:00+00:00","0.411","0.356","0.04742265"
"2012-07-25 09:00:00+00:00","0.298","0.469","0.04392945"
"2012-07-25 09:30:00+00:00","0.133","0.55","0.0431976"
"2012-07-25 10:00:00+00:00","0.125","0.625","0.0397044"
"2012-07-25 10:30:00+00:00","0.192","0.675","0.0396183"
"2012-07-25 11:00:00+00:00","0.179","0.719","0.03929235"
"2012-07-25 11:30:00+00:00","0.165","0.756","0.0385851"
"2012-07-25 12:00:00+00:00","0.176","0.775","0.0350919"
"2012-07-25 12:30:00+00:00","0.225","0.769","0.0346122"
"2012-07-25 13:00:00+00:00","0.339","0.738","0.03444"
"2012-07-25 13:30:00+00:00","0.151","0.688","0.0343416"
"2012-07-25 14:00:00+00:00","0.147","0.644","0.03383115"
"2012-07-25 14:30:00+00:00","0.077","0.575","0.03383115"
"2012-07-25 15:00:00+00:00","0.093","0.488","0.0343416"
"2012-07-25 15:30:00+00:00","0.074","0.381","0.03444615"
"2012-07-25 16:00:00+00:00","0.085","0.263","0.03469215"
"2012-07-25 16:30:00+00:00","0.063","0.138","0.03437235"
"2012-07-25 17:00:00+00:00","0.106","0.006","0.03736125"
"2012-07-25 17:30:00+00:00","0.105","0.0","0.03736125"
"2012-07-25 18:00:00+00:00","0.117","0.006","0.0452886"
"2012-07-25 18:30:00+00:00","0.053","0.0","0.0454977"
"2012-07-25 19:00:00+00:00","0.114","0.0","0.0441324"
"2012-07-25 19:30:00+00:00","0.062","0.0","0.03971055"
"2012-07-25 20:00:00+00:00","0.195","0.0","0.04014105"
"2012-07-25 20:30:00+00:00","0.267","0.0","0.0413526"
"2012-07-25 21:00:00+00:00","0.199","0.0","0.0407499"
"2012-07-25 21:30:00+00:00","0.222","0.0","0.0360267"
"2012-07-25 22:00:00+00:00","0.151","0.0","0.03423705"
"2012-07-25 22:30:00+00:00","0.097","0.0","0.03801315"
"2012-07-25 23:00:00+00:00","0.089","0.0","0.0337512"
"2012-07-25 23:30:00+00:00","0.087","0.0","0.0345384"
"2012-07-26 00:00:00+00:00","0.061","0.0","0.0336774"
"2012-07-26 00:30:00+00:00","0.081","0.0","0.0339603"
"2012-07-26 01:00:00+00:00","0.047","0.0","0.03451995"
"2012-07-26 01:30:00+00:00","0.107","0.0","0.03390495"
"2012-07-26 02:00:00+00:00","0.082","0.0","0.03255195"
"2012-07-26 02:30:00+00:00","0.077","0.0","0.03132195"
"2012-07-26 03:00:00+00:00","0.061","0.0","0.030504"
"2012-07-26 03:30:00+00:00","0.083","0.0","0.0296061"
"2012-07-26 04:00:00+00:00","0.058","0.0","0.0262851"
"2012-07-26 04:30:00+00:00","0.083","0.0","0.02763195"
"2012-07-26 05:00:00+00:00","0.07","0.0","0.03023955"
"2012-07-26 05:30:00+00:00","0.068","0.0","0.0331854"
"2012-07-26 06:00:00+00:00","0.337","0.0","0.0336528"
"2012-07-26 06:30:00+00:00","0.254","0.0","0.03750885"
"2012-07-26 07:00:00+00:00","0.235","0.0","0.04011645"
"2012-07-26 07:30:00+00:00","0.345","0.013","0.0389295"
"2012-07-26 08:00:00+00:00","0.193","0.069","0.04278555"
"2012-07-26 08:30:00+00:00","0.316","0.113","0.04170315"
"2012-07-26 09:00:00+00:00","0.601","0.069","0.03966135"
"2012-07-26 09:30:00+00:00","0.053","0.138","0.0396183"
"2012-07-26 10:00:00+00:00","0.082","0.256","0.03958755"
"2012-07-26 10:30:00+00:00","0.039","0.544","0.03956295"
"2012-07-26 11:00:00+00:00","0.121","0.744","0.03674625"
"2012-07-26 11:30:00+00:00","0.054","0.744","0.03440925"
"2012-07-26 12:00:00+00:00","0.115","0.238","0.03442155"
"2012-07-26 12:30:00+00:00","0.043","0.138","0.0344646"
"2012-07-26 13:00:00+00:00","0.074","0.138","0.0343416"
"2012-07-26 13:30:00+00:00","0.05","0.081","0.03412635"
"2012-07-26 14:00:00+00:00","0.078","0.156","0.0338988"
"2012-07-26 14:30:00+00:00","0.052","0.088","0.0337389"
"2012-07-26 15:00:00+00:00","0.115","0.006","0.033825"
"2012-07-26 15:30:00+00:00","0.06","0.025","0.0339849"
"2012-07-26 16:00:00+00:00","0.072","0.119","0.03418785"
"2012-07-26 16:30:00+00:00","0.064","0.169","0.0365187"
"2012-07-26 17:00:00+00:00","0.268","0.013","0.0378225"
"2012-07-26 17:30:00+00:00","0.247","0.0","0.03880035"
"2012-07-26 18:00:00+00:00","0.096","0.0","0.0475272"
"2012-07-26 18:30:00+00:00","0.128","0.0","0.0481545"
"2012-07-26 19:00:00+00:00","0.333","0.0","0.0477978"
"2012-07-26 19:30:00+00:00","0.249","0.0","0.04213365"
"2012-07-26 20:00:00+00:00","0.373","0.0","0.0396675"
"2012-07-26 20:30:00+00:00","0.257","0.0","0.04620495"
"2012-07-26 21:00:00+00:00","0.192","0.0","0.04458135"
"2012-07-26 21:30:00+00:00","0.182","0.0","0.03966135"
"2012-07-26 22:00:00+00:00","0.157","0.0","0.03634035"
"2012-07-26 22:30:00+00:00","0.481","0.0","0.04311765"
"2012-07-26 23:00:00+00:00","0.411","0.0","0.03659865"
"2012-07-26 23:30:00+00:00","1.15","0.0","0.0362973"
"2012-07-27 00:00:00+00:00","0.302","0.0","0.0342555"
"2012-07-27 00:30:00+00:00","0.062","0.0","0.0339234"
"2012-07-27 01:00:00+00:00","0.083","0.0","0.03822225"
"2012-07-27 01:30:00+00:00","0.048","0.0","0.03846825"
"2012-07-27 02:00:00+00:00","0.073","0.0","0.03443385"
"2012-07-27 02:30:00+00:00","0.053","0.0","0.03321"
"2012-07-27 03:00:00+00:00","0.078","0.0","0.032349"
"2012-07-27 03:30:00+00:00","0.06","0.0","0.03140805"
"2012-07-27 04:00:00+00:00","0.095","0.0","0.031734"
"2012-07-27 04:30:00+00:00","0.066","0.006","0.0318324"
"2012-07-27 05:00:00+00:00","0.056","0.0","0.03279795"
"2012-07-27 05:30:00+00:00","0.068","0.0","0.0343908"
"2012-07-27 06:00:00+00:00","0.192","0.0","0.03678315"
"2012-07-27 06:30:00+00:00","0.592","0.0","0.03937845"
"2012-07-27 07:00:00+00:00","0.229","0.0","0.04959975"
"2012-07-27 07:30:00+00:00","0.085","0.031","0.0414756"
"2012-07-27 08:00:00+00:00","0.084","0.213","0.0498765"
"2012-07-27 08:30:00+00:00","0.051","0.363","0.0499872"
"2012-07-27 09:00:00+00:00","0.108","0.481","0.0388557"
"2012-07-27 09:30:00+00:00","0.045","0.575","0.03950145"
"2012-07-27 10:00:00+00:00","0.077","0.65","0.0373797"
"2012-07-27 10:30:00+00:00","0.058","0.713","0.0342924"
"2012-07-27 11:00:00+00:00","0.057","0.744","0.03443385"
"2012-07-27 11:30:00+00:00","0.077","0.763","0.03447075"
"2012-07-27 12:00:00+00:00","0.05","0.763","0.0343662"
"2012-07-27 12:30:00+00:00","0.106","0.763","0.0344646"
"2012-07-27 13:00:00+00:00","0.069","0.744","0.0339603"
"2012-07-27 13:30:00+00:00","0.086","0.7","0.03378195"
"2012-07-27 14:00:00+00:00","0.031","0.619","0.0330009"
"2012-07-27 14:30:00+00:00","0.093","0.506","0.03276105"
"2012-07-27 15:00:00+00:00","0.047","0.206","0.0325335"
"2012-07-27 15:30:00+00:00","0.081","0.413","0.03390495"
"2012-07-27 16:00:00+00:00","0.062","0.263","0.03396645"
"2012-07-27 16:30:00+00:00","0.122","0.119","0.0350181"
"2012-07-27 17:00:00+00:00","0.052","0.006","0.0331977"
"2012-07-27 17:30:00+00:00","0.063","0.0","0.03408945"
"2012-07-27 18:00:00+00:00","0.066","0.0","0.03893565"
"2012-07-27 18:30:00+00:00","0.06","0.0","0.0387819"
"2012-07-27 19:00:00+00:00","0.077","0.0","0.03929235"
"2012-07-27 19:30:00+00:00","0.047","0.0","0.03571305"
"2012-07-27 20:00:00+00:00","0.081","0.0","0.0341448"
"2012-07-27 20:30:00+00:00","0.087","0.0","0.0420537"
"2012-07-27 21:00:00+00:00","0.079","0.0","0.03867735"
"2012-07-27 21:30:00+00:00","0.035","0.0","0.03670935"
"2012-07-27 22:00:00+00:00","0.083","0.0","0.03388035"
"2012-07-27 22:30:00+00:00","0.045","0.0","0.04082985"
"2012-07-27 23:00:00+00:00","0.063","0.0","0.03603285"
"2012-07-27 23:30:00+00:00","0.047","0.0","0.0399504"
"2012-07-28 00:00:00+00:00","0.076","0.0","0.03801315"
"2012-07-28 00:30:00+00:00","0.036","0.0","0.03745965"
"2012-07-28 01:00:00+00:00","0.127","0.0","0.0363711"
"2012-07-28 01:30:00+00:00","0.043","0.0","0.0353379"
"2012-07-28 02:00:00+00:00","0.076","0.0","0.03336375"
"2012-07-28 02:30:00+00:00","0.041","0.0","0.03380655"
"2012-07-28 03:00:00+00:00","0.07","0.0","0.0342186"
"2012-07-28 03:30:00+00:00","0.058","0.006","0.03411405"
"2012-07-28 04:00:00+00:00","0.05","0.0","0.0326934"
"2012-07-28 04:30:00+00:00","0.071","0.0","0.03085455"
"2012-07-28 05:00:00+00:00","0.054","0.0","0.0314634"
"2012-07-28 05:30:00+00:00","0.059","0.0","0.03207225"
"2012-07-28 06:00:00+00:00","0.09","0.0","0.03209685"
"2012-07-28 06:30:00+00:00","0.067","0.0","0.03385575"
"2012-07-28 07:00:00+00:00","0.043","0.0","0.0340341"
"2012-07-28 07:30:00+00:00","0.06","0.038","0.0335544"
"2012-07-28 08:00:00+00:00","0.055","0.219","0.0350919"
"2012-07-28 08:30:00+00:00","0.052","0.363","0.0360759"
"2012-07-28 09:00:00+00:00","0.055","0.475","0.03802545"
"2012-07-28 09:30:00+00:00","0.056","0.575","0.03870195"
"2012-07-28 10:00:00+00:00","0.062","0.644","0.03634035"
"2012-07-28 10:30:00+00:00","0.085","0.706","0.03688155"
"2012-07-28 11:00:00+00:00","0.076","0.744","0.0352641"
"2012-07-28 11:30:00+00:00","0.06","0.769","0.034563"
"2012-07-28 12:00:00+00:00","0.056","0.775","0.0342309"
"2012-07-28 12:30:00+00:00","0.057","0.756","0.03373275"
"2012-07-28 13:00:00+00:00","0.067","0.744","0.03217065"
"2012-07-28 13:30:00+00:00","0.056","0.656","0.0320907"
"2012-07-28 14:00:00+00:00","0.075","0.438","0.03169095"
"2012-07-28 14:30:00+00:00","0.101","0.3","0.03110055"
"2012-07-28 15:00:00+00:00","0.059","0.356","0.03204765"
"2012-07-28 15:30:00+00:00","0.056","0.263","0.0327795"
"2012-07-28 16:00:00+00:00","0.072","0.263","0.0335667"
"2012-07-28 16:30:00+00:00","0.057","0.163","0.03417555"
"2012-07-28 17:00:00+00:00","0.066","0.013","0.0352149"
"2012-07-28 17:30:00+00:00","0.054","0.0","0.0359283"
"2012-07-28 18:00:00+00:00","0.096","0.0","0.04289625"
"2012-07-28 18:30:00+00:00","0.08","0.0","0.04833285"
"2012-07-28 19:00:00+00:00","0.055","0.0","0.04327755"
"2012-07-28 19:30:00+00:00","0.06","0.0","0.03909555"
"2012-07-28 20:00:00+00:00","0.067","0.0","0.038745"
"2012-07-28 20:30:00+00:00","0.045","0.0","0.04130955"
"2012-07-28 21:00:00+00:00","0.069","0.0","0.0401964"
"2012-07-28 21:30:00+00:00","0.058","0.0","0.03635265"
"2012-07-28 22:00:00+00:00","0.065","0.0","0.03533175"
"2012-07-28 22:30:00+00:00","0.085","0.0","0.03881265"
"2012-07-28 23:00:00+00:00","0.071","0.0","0.0366786"
"2012-07-28 23:30:00+00:00","0.062","0.0","0.0375396"
"2012-07-29 00:00:00+00:00","0.046","0.0","0.03634035"
"2012-07-29 00:30:00+00:00","0.064","0.0","0.03504885"
"2012-07-29 01:00:00+00:00","0.056","0.0","0.0351411"
"2012-07-29 01:30:00+00:00","0.057","0.0","0.03469215"
"2012-07-29 02:00:00+00:00","0.053","0.0","0.03370815"
"2012-07-29 02:30:00+00:00","0.065","0.0","0.0342432"
"2012-07-29 03:00:00+00:00","0.061","0.0","0.033825"
"2012-07-29 03:30:00+00:00","0.093","0.0","0.0324597"
"2012-07-29 04:00:00+00:00","0.051","0.0","0.03161715"
"2012-07-29 04:30:00+00:00","0.068","0.0","0.0321399"
"2012-07-29 05:00:00+00:00","0.036","0.0","0.03321615"
"2012-07-29 05:30:00+00:00","0.072","0.0","0.0314142"
"2012-07-29 06:00:00+00:00","0.052","0.0","0.03121125"
"2012-07-29 06:30:00+00:00","0.058","0.0","0.0321153"
"2012-07-29 07:00:00+00:00","0.047","0.0","0.03311775"
"2012-07-29 07:30:00+00:00","0.065","0.038","0.03274875"
"2012-07-29 08:00:00+00:00","0.04","0.225","0.0345138"
"2012-07-29 08:30:00+00:00","0.11","0.369","0.0341694"
"2012-07-29 09:00:00+00:00","0.053","0.481","0.03605745"
"2012-07-29 09:30:00+00:00","0.061","0.575","0.03813615"
"2012-07-29 10:00:00+00:00","0.048","0.644","0.0379332"
"2012-07-29 10:30:00+00:00","0.071","0.7","0.03769335"
"2012-07-29 11:00:00+00:00","0.049","0.75","0.03813615"
"2012-07-29 11:30:00+00:00","0.068","0.775","0.0374535"
"2012-07-29 12:00:00+00:00","0.057","0.769","0.0359898"
"2012-07-29 12:30:00+00:00","0.121","0.613","0.0350796"
"2012-07-29 13:00:00+00:00","0.032","0.481","0.0352518"
"2012-07-29 13:30:00+00:00","0.085","0.194","0.03449535"
"2012-07-29 14:00:00+00:00","0.039","0.156","0.0344769"
"2012-07-29 14:30:00+00:00","0.082","0.388","0.03444"
"2012-07-29 15:00:00+00:00","0.037","0.25","0.03445845"
"2012-07-29 15:30:00+00:00","0.083","0.388","0.0346737"
"2012-07-29 16:00:00+00:00","0.07","0.144","0.03685695"
"2012-07-29 16:30:00+00:00","0.092","0.1","0.04052235"
"2012-07-29 17:00:00+00:00","0.047","0.006","0.0446736"
"2012-07-29 17:30:00+00:00","0.108","0.0","0.04028865"
"2012-07-29 18:00:00+00:00","0.069","0.0","0.06819735"
"2012-07-29 18:30:00+00:00","0.079","0.0","0.0773916"
"2012-07-29 19:00:00+00:00","0.037","0.0","0.07482705"
"2012-07-29 19:30:00+00:00","0.083","0.0","0.06155535"
"2012-07-29 20:00:00+00:00","0.034","0.0","0.05044845"
"2012-07-29 20:30:00+00:00","0.12","0.0","0.05602035"
"2012-07-29 21:00:00+00:00","0.045","0.0","0.04338825"
"2012-07-29 21:30:00+00:00","0.069","0.0","0.0393231"
"2012-07-29 22:00:00+00:00","0.039","0.0","0.03642645"
"2012-07-29 22:30:00+00:00","0.082","0.006","0.03573765"
"2012-07-29 23:00:00+00:00","0.038","0.0","0.0353625"
"2012-07-29 23:30:00+00:00","0.071","0.0","0.0356577"
"2012-07-30 00:00:00+00:00","0.038","0.0","0.0341817"
"2012-07-30 00:30:00+00:00","0.08","0.0","0.0338127"
"2012-07-30 01:00:00+00:00","0.07","0.0","0.03364665"
"2012-07-30 01:30:00+00:00","0.095","0.0","0.0342555"
"2012-07-30 02:00:00+00:00","0.048","0.0","0.03287175"
"2012-07-30 02:30:00+00:00","0.078","0.0","0.03436005"
"2012-07-30 03:00:00+00:00","0.033","0.0","0.0342924"
"2012-07-30 03:30:00+00:00","0.082","0.0","0.03444615"
"2012-07-30 04:00:00+00:00","0.036","0.0","0.0344154"
"2012-07-30 04:30:00+00:00","0.07","0.0","0.0342924"
"2012-07-30 05:00:00+00:00","0.039","0.0","0.03410175"
"2012-07-30 05:30:00+00:00","0.082","0.0","0.0345138"
"2012-07-30 06:00:00+00:00","0.068","0.0","0.0359529"
"2012-07-30 06:30:00+00:00","0.102","0.0","0.03737355"
"2012-07-30 07:00:00+00:00","0.044","0.0","0.04239195"
"2012-07-30 07:30:00+00:00","0.067","0.038","0.03988275"
"2012-07-30 08:00:00+00:00","0.037","0.219","0.045633"
"2012-07-30 08:30:00+00:00","0.075","0.369","0.0428409"
"2012-07-30 09:00:00+00:00","0.038","0.488","0.04023945"
"2012-07-30 09:30:00+00:00","0.068","0.581","0.03870195"
"2012-07-30 10:00:00+00:00","0.044","0.669","0.03820995"
"2012-07-30 10:30:00+00:00","0.115","0.725","0.03467985"
"2012-07-30 11:00:00+00:00","0.045","0.763","0.0344769"
"2012-07-30 11:30:00+00:00","0.076","0.688","0.0340956"
"2012-07-30 12:00:00+00:00","0.045","0.438","0.03444615"
"2012-07-30 12:30:00+00:00","0.068","0.763","0.0339357"
"2012-07-30 13:00:00+00:00","0.046","0.706","0.033948"
"2012-07-30 13:30:00+00:00","0.078","0.688","0.03359745"
"2012-07-30 14:00:00+00:00","0.052","0.681","0.03374505"
"2012-07-30 14:30:00+00:00","0.117","0.594","0.03362205"
"2012-07-30 15:00:00+00:00","0.046","0.519","0.03338835"
"2012-07-30 15:30:00+00:00","0.276","0.406","0.03297015"
"2012-07-30 16:00:00+00:00","0.035","0.281","0.0340218"
"2012-07-30 16:30:00+00:00","0.165","0.156","0.03454455"
"2012-07-30 17:00:00+00:00","0.06","0.019","0.03565155"
"2012-07-30 17:30:00+00:00","0.703","0.0","0.0395691"
"2012-07-30 18:00:00+00:00","1.118","0.0","0.05658615"
"2012-07-30 18:30:00+00:00","1.269","0.0","0.06865245"
"2012-07-30 19:00:00+00:00","1.564","0.0","0.06649995"
"2012-07-30 19:30:00+00:00","1.734","0.0","0.04625415"
"2012-07-30 20:00:00+00:00","1.961","0.0","0.04069455"
"2012-07-30 20:30:00+00:00","1.777","0.0","0.0436896"
"2012-07-30 21:00:00+00:00","1.795","0.0","0.0418692"
"2012-07-30 21:30:00+00:00","1.659","0.0","0.0351165"
"2012-07-30 22:00:00+00:00","0.373","0.0","0.0331239"
"2012-07-30 22:30:00+00:00","0.196","0.0","0.0438495"
"2012-07-30 23:00:00+00:00","0.083","0.0","0.0370845"
"2012-07-30 23:30:00+00:00","0.128","0.0","0.03771795"
"2012-07-31 00:00:00+00:00","0.059","0.0","0.03583605"
"2012-07-31 00:30:00+00:00","0.08","0.0","0.03454455"
"2012-07-31 01:00:00+00:00","0.038","0.0","0.03338835"
"2012-07-31 01:30:00+00:00","0.083","0.0","0.03622965"
"2012-07-31 02:00:00+00:00","0.033","0.0","0.0345384"
"2012-07-31 02:30:00+00:00","0.079","0.0","0.0345384"
"2012-07-31 03:00:00+00:00","0.04","0.0","0.03397875"
"2012-07-31 03:30:00+00:00","0.116","0.0","0.03279795"
"2012-07-31 04:00:00+00:00","0.039","0.0","0.0323613"
"2012-07-31 04:30:00+00:00","0.079","0.0","0.03266265"
"2012-07-31 05:00:00+00:00","0.049","0.0","0.03422475"
"2012-07-31 05:30:00+00:00","0.066","0.0","0.0336159"
"2012-07-31 06:00:00+00:00","0.04","0.0","0.03444615"
"2012-07-31 06:30:00+00:00","0.08","0.0","0.03896025"
"2012-07-31 07:00:00+00:00","0.259","0.0","0.04483965"
"2012-07-31 07:30:00+00:00","0.363","0.0","0.0419061"
"2012-07-31 08:00:00+00:00","0.416","0.2","0.04624185"
"2012-07-31 08:30:00+00:00","0.363","0.088","0.04305615"
"2012-07-31 09:00:00+00:00","0.285","0.119","0.0393354"
"2012-07-31 09:30:00+00:00","0.072","0.55","0.03942765"
"2012-07-31 10:00:00+00:00","0.062","0.631","0.0383022"
"2012-07-31 10:30:00+00:00","0.059","0.719","0.0354978"
"2012-07-31 11:00:00+00:00","0.211","0.756","0.0342063"
"2012-07-31 11:30:00+00:00","0.076","0.756","0.03401565"
"2012-07-31 12:00:00+00:00","0.123","0.625","0.0337266"
"2012-07-31 12:30:00+00:00","0.156","0.488","0.03389265"
"2012-07-31 13:00:00+00:00","0.149","0.606","0.0344769"
"2012-07-31 13:30:00+00:00","0.088","0.294","0.0344646"
"2012-07-31 14:00:00+00:00","0.066","0.313","0.0340833"
"2012-07-31 14:30:00+00:00","0.071","0.444","0.0341202"
"2012-07-31 15:00:00+00:00","0.084","0.3","0.0342432"
"2012-07-31 15:30:00+00:00","0.072","0.3","0.03444615"
"2012-07-31 16:00:00+00:00","0.206","0.281","0.0348705"
"2012-07-31 16:30:00+00:00","0.128","0.156","0.0344154"
"2012-07-31 17:00:00+00:00","0.272","0.019","0.03611895"
"2012-07-31 17:30:00+00:00","0.516","0.0","0.03693075"
"2012-07-31 18:00:00+00:00","1.119","0.0","0.0991011"
"2012-07-31 18:30:00+00:00","1.151","0.0","0.17910645"
"2012-07-31 19:00:00+00:00","0.833","0.0","0.08916885"
"2012-07-31 19:30:00+00:00","0.981","0.0","0.0696303"
"2012-07-31 20:00:00+00:00","0.844","0.0","0.04261335"
"2012-07-31 20:30:00+00:00","0.8","0.0","0.04782855"
"2012-07-31 21:00:00+00:00","0.833","0.0","0.0428163"
"2012-07-31 21:30:00+00:00","0.768","0.0","0.0385851"
"2012-07-31 22:00:00+00:00","0.224","0.0","0.0341202"
"2012-07-31 22:30:00+00:00","0.065","0.0","0.0447474"
"2012-07-31 23:00:00+00:00","0.101","0.0","0.03668475"
"2012-07-31 23:30:00+00:00","0.071","0.0","0.0377118"
"2012-08-01 00:00:00+00:00","0.097","0.0","0.0369369"
"2012-08-01 00:30:00+00:00","0.063","0.0","0.03795165"
"2012-08-01 01:00:00+00:00","0.071","0.0","0.03964905"
"2012-08-01 01:30:00+00:00","0.073","0.0","0.04014105"
"2012-08-01 02:00:00+00:00","0.075","0.0","0.03803775"
"2012-08-01 02:30:00+00:00","0.099","0.0","0.03410175"
"2012-08-01 03:00:00+00:00","0.046","0.0","0.0344523"
"2012-08-01 03:30:00+00:00","0.081","0.0","0.03451995"
"2012-08-01 04:00:00+00:00","0.044","0.0","0.03536865"
"2012-08-01 04:30:00+00:00","0.087","0.0","0.03451995"
"2012-08-01 05:00:00+00:00","0.047","0.0","0.03523335"
"2012-08-01 05:30:00+00:00","0.078","0.0","0.0390402"
"2012-08-01 06:00:00+00:00","0.052","0.0","0.0390402"
"2012-08-01 06:30:00+00:00","0.236","0.0","0.04172775"
"2012-08-01 07:00:00+00:00","0.349","0.0","0.0603438"
"2012-08-01 07:30:00+00:00","0.144","0.044","0.06022695"
"2012-08-01 08:00:00+00:00","0.283","0.25","0.08578635"
"2012-08-01 08:30:00+00:00","0.27","0.394","0.07915665"
"2012-08-01 09:00:00+00:00","0.142","0.481","0.0763707"
"2012-08-01 09:30:00+00:00","0.924","0.588","0.0591753"
"2012-08-01 10:00:00+00:00","0.239","0.656","0.0441201"
"2012-08-01 10:30:00+00:00","0.055","0.719","0.0382161"
"2012-08-01 11:00:00+00:00","0.343","0.763","0.03506115"
"2012-08-01 11:30:00+00:00","0.063","0.781","0.03402795"
"2012-08-01 12:00:00+00:00","0.116","0.763","0.03437235"
"2012-08-01 12:30:00+00:00","0.05","0.525","0.0342924"
"2012-08-01 13:00:00+00:00","0.07","0.375","0.03412635"
"2012-08-01 13:30:00+00:00","0.063","0.244","0.03444615"
"2012-08-01 14:00:00+00:00","0.165","0.531","0.03444615"
"2012-08-01 14:30:00+00:00","0.137","0.494","0.03440925"
"2012-08-01 15:00:00+00:00","0.123","0.156","0.03406485"
"2012-08-01 15:30:00+00:00","0.132","0.331","0.0338742"
"2012-08-01 16:00:00+00:00","0.138","0.281","0.0343047"
"2012-08-01 16:30:00+00:00","0.18","0.15","0.0343416"
"2012-08-01 17:00:00+00:00","0.165","0.019","0.03544245"
"2012-08-01 17:30:00+00:00","0.335","0.0","0.04348665"
"2012-08-01 18:00:00+00:00","0.849","0.0","0.1155708"
"2012-08-01 18:30:00+00:00","0.874","0.0","0.11905785"
"2012-08-01 19:00:00+00:00","1.02","0.0","0.10563855"
"2012-08-01 19:30:00+00:00","1.357","0.0","0.0698763"
"2012-08-01 20:00:00+00:00","0.934","0.0","0.0579207"
"2012-08-01 20:30:00+00:00","0.805","0.0","0.0579822"
"2012-08-01 21:00:00+00:00","0.409","0.0","0.05984565"
"2012-08-01 21:30:00+00:00","0.1","0.0","0.05126025"
"2012-08-01 22:00:00+00:00","0.118","0.0","0.04007955"
"2012-08-01 22:30:00+00:00","0.089","0.0","0.0584988"
"2012-08-01 23:00:00+00:00","0.119","0.0","0.044649"
"2012-08-01 23:30:00+00:00","0.065","0.0","0.04404015"
"2012-08-02 00:00:00+00:00","0.11","0.0","0.04156785"
"2012-08-02 00:30:00+00:00","0.084","0.0","0.0393723"
"2012-08-02 01:00:00+00:00","0.117","0.0","0.0428286"
"2012-08-02 01:30:00+00:00","0.114","0.0","0.0405777"
"2012-08-02 02:00:00+00:00","0.118","0.0","0.03444"
"2012-08-02 02:30:00+00:00","0.077","0.0","0.03314235"
"2012-08-02 03:00:00+00:00","0.093","0.0","0.0344277"
"2012-08-02 03:30:00+00:00","0.103","0.0","0.0337143"
"2012-08-02 04:00:00+00:00","0.114","0.0","0.03220755"
"2012-08-02 04:30:00+00:00","0.07","0.0","0.0323121"
"2012-08-02 05:00:00+00:00","0.079","0.0","0.03363435"
"2012-08-02 05:30:00+00:00","0.131","0.0","0.0322629"
"2012-08-02 06:00:00+00:00","0.467","0.0","0.0346614"
"2012-08-02 06:30:00+00:00","0.131","0.0","0.0401964"
"2012-08-02 07:00:00+00:00","0.118","0.006","0.052521"
"2012-08-02 07:30:00+00:00","0.103","0.031","0.0440094"
"2012-08-02 08:00:00+00:00","0.199","0.231","0.05010405"
"2012-08-02 08:30:00+00:00","0.191","0.381","0.04439685"
"2012-08-02 09:00:00+00:00","0.18","0.5","0.0409836"
"2012-08-02 09:30:00+00:00","0.072","0.594","0.0423612"
"2012-08-02 10:00:00+00:00","0.08","0.669","0.04035015"
"2012-08-02 10:30:00+00:00","0.077","0.725","0.04015335"
"2012-08-02 11:00:00+00:00","0.09","0.756","0.03773025"
"2012-08-02 11:30:00+00:00","0.105","0.775","0.0344154"
"2012-08-02 12:00:00+00:00","0.081","0.794","0.0343785"
"2012-08-02 12:30:00+00:00","0.079","0.775","0.03456915"
"2012-08-02 13:00:00+00:00","0.072","0.75","0.0343785"
"2012-08-02 13:30:00+00:00","0.081","0.725","0.034563"
"2012-08-02 14:00:00+00:00","0.082","0.669","0.03443385"
"2012-08-02 14:30:00+00:00","0.085","0.594","0.03384345"
"2012-08-02 15:00:00+00:00","0.094","0.488","0.03406485"
"2012-08-02 15:30:00+00:00","0.112","0.338","0.03444615"
"2012-08-02 16:00:00+00:00","0.077","0.275","0.03444615"
"2012-08-02 16:30:00+00:00","0.264","0.081","0.0346614"
"2012-08-02 17:00:00+00:00","0.077","0.006","0.03451995"
"2012-08-02 17:30:00+00:00","0.08","0.0","0.0347475"
"2012-08-02 18:00:00+00:00","0.411","0.0","0.0422259"
"2012-08-02 18:30:00+00:00","0.442","0.0","0.0451287"
"2012-08-02 19:00:00+00:00","0.208","0.0","0.04465515"
"2012-08-02 19:30:00+00:00","0.194","0.0","0.05084205"
"2012-08-02 20:00:00+00:00","0.299","0.0","0.0485235"
"2012-08-02 20:30:00+00:00","0.227","0.0","0.04921845"
"2012-08-02 21:00:00+00:00","0.217","0.0","0.04031325"
"2012-08-02 21:30:00+00:00","0.489","0.0","0.03829605"
"2012-08-02 22:00:00+00:00","0.387","0.0","0.03399105"
"2012-08-02 22:30:00+00:00","0.179","0.0","0.04677075"
"2012-08-02 23:00:00+00:00","0.073","0.0","0.03669705"
"2012-08-02 23:30:00+00:00","0.107","0.0","0.03790245"
"2012-08-03 00:00:00+00:00","0.112","0.0","0.0362112"
"2012-08-03 00:30:00+00:00","0.09","0.0","0.0344277"
"2012-08-03 01:00:00+00:00","0.051","0.0","0.03363435"
"2012-08-03 01:30:00+00:00","0.061","0.0","0.0341448"
"2012-08-03 02:00:00+00:00","0.057","0.0","0.03309315"
"2012-08-03 02:30:00+00:00","0.066","0.0","0.0335298"
"2012-08-03 03:00:00+00:00","0.052","0.006","0.03401565"
"2012-08-03 03:30:00+00:00","0.055","0.0","0.03408945"
"2012-08-03 04:00:00+00:00","0.071","0.0","0.03421245"
"2012-08-03 04:30:00+00:00","0.046","0.0","0.03229365"
"2012-08-03 05:00:00+00:00","0.077","0.0","0.0327303"
"2012-08-03 05:30:00+00:00","0.074","0.0","0.034686"
"2012-08-03 06:00:00+00:00","0.068","0.0","0.0345015"
"2012-08-03 06:30:00+00:00","0.051","0.0","0.03638955"
"2012-08-03 07:00:00+00:00","0.111","0.0","0.0462726"
"2012-08-03 07:30:00+00:00","0.071","0.044","0.03978435"
"2012-08-03 08:00:00+00:00","0.442","0.156","0.05246565"
"2012-08-03 08:30:00+00:00","0.181","0.294","0.05076825"
"2012-08-03 09:00:00+00:00","0.145","0.213","0.04415085"
"2012-08-03 09:30:00+00:00","0.095","0.331","0.04428"
"2012-08-03 10:00:00+00:00","0.075","0.388","0.041451"
"2012-08-03 10:30:00+00:00","0.078","0.469","0.0382161"
"2012-08-03 11:00:00+00:00","0.087","0.431","0.0348582"
"2012-08-03 11:30:00+00:00","0.044","0.738","0.033702"
"2012-08-03 12:00:00+00:00","0.073","0.675","0.03284715"
"2012-08-03 12:30:00+00:00","0.119","0.781","0.0321399"
"2012-08-03 13:00:00+00:00","0.349","0.75","0.0320538"
"2012-08-03 13:30:00+00:00","0.179","0.644","0.0313773"
"2012-08-03 14:00:00+00:00","0.123","0.269","0.0312174"
"2012-08-03 14:30:00+00:00","0.146","0.194","0.0313404"
"2012-08-03 15:00:00+00:00","0.061","0.138","0.0312666"
"2012-08-03 15:30:00+00:00","0.092","0.331","0.0313404"
"2012-08-03 16:00:00+00:00","0.063","0.306","0.0316971"
"2012-08-03 16:30:00+00:00","0.086","0.156","0.03423705"
"2012-08-03 17:00:00+00:00","0.063","0.031","0.0332223"
"2012-08-03 17:30:00+00:00","0.142","0.0","0.03386805"
"2012-08-03 18:00:00+00:00","0.158","0.0","0.04108815"
"2012-08-03 18:30:00+00:00","0.156","0.0","0.0433575"
"2012-08-03 19:00:00+00:00","0.851","0.0","0.03968595"
"2012-08-03 19:30:00+00:00","1.224","0.0","0.039729"
"2012-08-03 20:00:00+00:00","1.252","0.0","0.03888645"
"2012-08-03 20:30:00+00:00","1.222","0.0","0.0411435"
"2012-08-03 21:00:00+00:00","1.398","0.0","0.03959985"
"2012-08-03 21:30:00+00:00","1.006","0.0","0.03689385"
"2012-08-03 22:00:00+00:00","0.149","0.0","0.0354609"
"2012-08-03 22:30:00+00:00","0.22","0.0","0.05419995"
"2012-08-03 23:00:00+00:00","0.173","0.0","0.0437388"
"2012-08-03 23:30:00+00:00","0.138","0.0","0.04341285"
"2012-08-04 00:00:00+00:00","0.055","0.0","0.04080525"
"2012-08-04 00:30:00+00:00","0.209","0.0","0.0388557"
"2012-08-04 01:00:00+00:00","0.804","0.0","0.0366171"
"2012-08-04 01:30:00+00:00","0.085","0.0","0.03597135"
"2012-08-04 02:00:00+00:00","0.048","0.0","0.03416325"
"2012-08-04 02:30:00+00:00","0.088","0.0","0.03424935"
"2012-08-04 03:00:00+00:00","0.059","0.0","0.03331455"
"2012-08-04 03:30:00+00:00","0.067","0.0","0.03442155"
"2012-08-04 04:00:00+00:00","0.072","0.0","0.0337389"
"2012-08-04 04:30:00+00:00","0.065","0.0","0.03208455"
"2012-08-04 05:00:00+00:00","0.096","0.0","0.03180165"
"2012-08-04 05:30:00+00:00","0.065","0.0","0.033702"
"2012-08-04 06:00:00+00:00","0.091","0.0","0.03228135"
"2012-08-04 06:30:00+00:00","0.083","0.0","0.0342063"
"2012-08-04 07:00:00+00:00","0.202","0.0","0.0345753"
"2012-08-04 07:30:00+00:00","0.068","0.038","0.03412635"
"2012-08-04 08:00:00+00:00","0.141","0.244","0.03721365"
"2012-08-04 08:30:00+00:00","0.087","0.388","0.0428778"
"2012-08-04 09:00:00+00:00","0.46","0.506","0.04340055"
"2012-08-04 09:30:00+00:00","0.053","0.6","0.05100195"
"2012-08-04 10:00:00+00:00","0.084","0.669","0.0419184"
"2012-08-04 10:30:00+00:00","0.332","0.65","0.03896025"
"2012-08-04 11:00:00+00:00","0.154","0.756","0.0352395"
"2012-08-04 11:30:00+00:00","0.165","0.775","0.03404025"
"2012-08-04 12:00:00+00:00","0.112","0.775","0.0333453"
"2012-08-04 12:30:00+00:00","0.121","0.763","0.03360975"
"2012-08-04 13:00:00+00:00","0.327","0.75","0.0327672"
"2012-08-04 13:30:00+00:00","0.059","0.7","0.0314019"
"2012-08-04 14:00:00+00:00","0.189","0.619","0.0320046"
"2012-08-04 14:30:00+00:00","0.421","0.519","0.0312051"
"2012-08-04 15:00:00+00:00","0.097","0.406","0.03117435"
"2012-08-04 15:30:00+00:00","0.046","0.406","0.0313281"
"2012-08-04 16:00:00+00:00","0.103","0.281","0.0315864"
"2012-08-04 16:30:00+00:00","0.055","0.156","0.0332223"
"2012-08-04 17:00:00+00:00","0.105","0.031","0.0358668"
"2012-08-04 17:30:00+00:00","0.524","0.0","0.03471675"
"2012-08-04 18:00:00+00:00","0.409","0.0","0.04373265"
"2012-08-04 18:30:00+00:00","1.284","0.0","0.04920615"
"2012-08-04 19:00:00+00:00","0.69","0.0","0.04666005"
"2012-08-04 19:30:00+00:00","0.343","0.0","0.0424719"
"2012-08-04 20:00:00+00:00","0.511","0.0","0.03763185"
"2012-08-04 20:30:00+00:00","0.407","0.006","0.03748425"
"2012-08-04 21:00:00+00:00","0.291","0.0","0.03495045"
"2012-08-04 21:30:00+00:00","0.16","0.0","0.03568845"
"2012-08-04 22:00:00+00:00","0.328","0.0","0.0340587"
"2012-08-04 22:30:00+00:00","0.94","0.0","0.04205985"
"2012-08-04 23:00:00+00:00","0.094","0.0","0.03686925"
"2012-08-04 23:30:00+00:00","0.098","0.0","0.03994425"
"2012-08-05 00:00:00+00:00","0.049","0.0","0.0363957"
"2012-08-05 00:30:00+00:00","0.086","0.0","0.0347967"
"2012-08-05 01:00:00+00:00","0.032","0.0","0.03363435"
"2012-08-05 01:30:00+00:00","0.088","0.0","0.0327426"
"2012-08-05 02:00:00+00:00","0.098","0.0","0.03258885"
"2012-08-05 02:30:00+00:00","0.059","0.0","0.03143265"
"2012-08-05 03:00:00+00:00","0.073","0.0","0.03112515"
"2012-08-05 03:30:00+00:00","0.039","0.0","0.0309099"
"2012-08-05 04:00:00+00:00","0.081","0.0","0.030504"
"2012-08-05 04:30:00+00:00","0.045","0.0","0.0303933"
"2012-08-05 05:00:00+00:00","0.067","0.0","0.0309099"
"2012-08-05 05:30:00+00:00","0.071","0.0","0.03059625"
"2012-08-05 06:00:00+00:00","0.145","0.0","0.03009195"
"2012-08-05 06:30:00+00:00","0.109","0.0","0.0306024"
"2012-08-05 07:00:00+00:00","0.106","0.0","0.03162945"
"2012-08-05 07:30:00+00:00","0.092","0.038","0.03097755"
"2012-08-05 08:00:00+00:00","0.159","0.238","0.03223215"
"2012-08-05 08:30:00+00:00","0.194","0.394","0.0342432"
"2012-08-05 09:00:00+00:00","0.067","0.5","0.03413865"
"2012-08-05 09:30:00+00:00","0.173","0.594","0.03420015"
"2012-08-05 10:00:00+00:00","0.158","0.663","0.03343755"
"2012-08-05 10:30:00+00:00","0.121","0.725","0.0331116"
"2012-08-05 11:00:00+00:00","0.186","0.769","0.03237975"
"2012-08-05 11:30:00+00:00","0.144","0.788","0.0311928"
"2012-08-05 12:00:00+00:00","0.179","0.8","0.03107595"
"2012-08-05 12:30:00+00:00","0.153","0.788","0.0314511"
"2012-08-05 13:00:00+00:00","0.153","0.763","0.03112515"
"2012-08-05 13:30:00+00:00","0.19","0.725","0.030996"
"2012-08-05 14:00:00+00:00","0.204","0.663","0.0309468"
"2012-08-05 14:30:00+00:00","0.166","0.6","0.03114975"
"2012-08-05 15:00:00+00:00","0.708","0.344","0.0312543"
"2012-08-05 15:30:00+00:00","0.209","0.094","0.03190005"
"2012-08-05 16:00:00+00:00","0.097","0.075","0.0338742"
"2012-08-05 16:30:00+00:00","0.05","0.075","0.0342432"
"2012-08-05 17:00:00+00:00","0.083","0.0","0.0342309"
"2012-08-05 17:30:00+00:00","0.119","0.0","0.0342678"
"2012-08-05 18:00:00+00:00","0.209","0.0","0.036654"
"2012-08-05 18:30:00+00:00","0.17","0.0","0.03732435"
"2012-08-05 19:00:00+00:00","0.199","0.0","0.03916935"
"2012-08-05 19:30:00+00:00","0.219","0.0","0.03658635"
"2012-08-05 20:00:00+00:00","0.258","0.0","0.03518415"
"2012-08-05 20:30:00+00:00","0.229","0.0","0.0351042"
"2012-08-05 21:00:00+00:00","0.273","0.0","0.0344646"
"2012-08-05 21:30:00+00:00","0.213","0.0","0.0351534"
"2012-08-05 22:00:00+00:00","0.213","0.0","0.034071"
"2012-08-05 22:30:00+00:00","0.208","0.0","0.0342678"
"2012-08-05 23:00:00+00:00","0.154","0.0","0.03444615"
"2012-08-05 23:30:00+00:00","0.283","0.0","0.03563925"
"2012-08-06 00:00:00+00:00","0.126","0.0","0.03315465"
"2012-08-06 00:30:00+00:00","0.095","0.006","0.0321276"
"2012-08-06 01:00:00+00:00","0.036","0.0","0.03161715"
"2012-08-06 01:30:00+00:00","0.082","0.0","0.03426165"
"2012-08-06 02:00:00+00:00","0.083","0.0","0.03246585"
"2012-08-06 02:30:00+00:00","0.088","0.0","0.03143265"
"2012-08-06 03:00:00+00:00","0.036","0.0","0.031242"
"2012-08-06 03:30:00+00:00","0.097","0.0","0.030258"
"2012-08-06 04:00:00+00:00","0.037","0.0","0.03025185"
"2012-08-06 04:30:00+00:00","0.08","0.0","0.03108825"
"2012-08-06 05:00:00+00:00","0.038","0.0","0.0316848"
"2012-08-06 05:30:00+00:00","0.087","0.0","0.03400335"
"2012-08-06 06:00:00+00:00","0.049","0.0","0.0336405"
"2012-08-06 06:30:00+00:00","0.125","0.0","0.0395199"
"2012-08-06 07:00:00+00:00","0.411","0.0","0.0432468"
"2012-08-06 07:30:00+00:00","0.468","0.031","0.04574985"
"2012-08-06 08:00:00+00:00","0.419","0.225","0.0603561"
"2012-08-06 08:30:00+00:00","0.379","0.381","0.0512418"
"2012-08-06 09:00:00+00:00","0.059","0.5","0.04324065"
"2012-08-06 09:30:00+00:00","0.1","0.594","0.04426155"
"2012-08-06 10:00:00+00:00","0.039","0.675","0.04268715"
"2012-08-06 10:30:00+00:00","0.131","0.725","0.03752115"
"2012-08-06 11:00:00+00:00","0.053","0.775","0.03566385"
"2012-08-06 11:30:00+00:00","0.082","0.8","0.03511035"
"2012-08-06 12:00:00+00:00","0.046","0.806","0.0345138"
"2012-08-06 12:30:00+00:00","0.094","0.794","0.03450765"
"2012-08-06 13:00:00+00:00","0.044","0.763","0.0338496"
"2012-08-06 13:30:00+00:00","0.114","0.731","0.03438465"
"2012-08-06 14:00:00+00:00","0.074","0.681","0.03444615"
"2012-08-06 14:30:00+00:00","0.099","0.619","0.03436005"
"2012-08-06 15:00:00+00:00","0.052","0.525","0.03434775"
"2012-08-06 15:30:00+00:00","0.074","0.413","0.0344646"
"2012-08-06 16:00:00+00:00","0.063","0.3","0.03450765"
"2012-08-06 16:30:00+00:00","0.338","0.169","0.03550395"
"2012-08-06 17:00:00+00:00","0.171","0.031","0.03664785"
"2012-08-06 17:30:00+00:00","0.129","0.0","0.036408"
"2012-08-06 18:00:00+00:00","0.228","0.0","0.0686709"
"2012-08-06 18:30:00+00:00","0.243","0.0","0.0841566"
"2012-08-06 19:00:00+00:00","0.292","0.0","0.06998085"
"2012-08-06 19:30:00+00:00","0.874","0.0","0.05003025"
"2012-08-06 20:00:00+00:00","0.895","0.0","0.03870195"
"2012-08-06 20:30:00+00:00","0.842","0.0","0.0476994"
"2012-08-06 21:00:00+00:00","0.922","0.0","0.03988275"
"2012-08-06 21:30:00+00:00","0.87","0.0","0.0367524"
"2012-08-06 22:00:00+00:00","0.912","0.0","0.0348582"
"2012-08-06 22:30:00+00:00","0.303","0.0","0.0371829"
"2012-08-06 23:00:00+00:00","0.162","0.0","0.0349935"
"2012-08-06 23:30:00+00:00","0.139","0.0","0.03492585"
"2012-08-07 00:00:00+00:00","0.099","0.0","0.03606975"
"2012-08-07 00:30:00+00:00","0.092","0.0","0.0357561"
"2012-08-07 01:00:00+00:00","0.07","0.0","0.0352272"
"2012-08-07 01:30:00+00:00","0.1","0.0","0.0342801"
"2012-08-07 02:00:00+00:00","0.04","0.0","0.034194"
"2012-08-07 02:30:00+00:00","0.071","0.0","0.03428625"
"2012-08-07 03:00:00+00:00","0.049","0.0","0.0333699"
"2012-08-07 03:30:00+00:00","0.073","0.0","0.033825"
"2012-08-07 04:00:00+00:00","0.059","0.0","0.03317925"
"2012-08-07 04:30:00+00:00","0.049","0.0","0.03250275"
"2012-08-07 05:00:00+00:00","0.067","0.0","0.0321891"
"2012-08-07 05:30:00+00:00","0.059","0.0","0.03427395"
"2012-08-07 06:00:00+00:00","0.099","0.0","0.034317"
"2012-08-07 06:30:00+00:00","0.072","0.0","0.0397905"
"2012-08-07 07:00:00+00:00","0.278","0.0","0.0500856"
"2012-08-07 07:30:00+00:00","0.365","0.038","0.0437388"
"2012-08-07 08:00:00+00:00","0.267","0.25","0.05722575"
"2012-08-07 08:30:00+00:00","0.161","0.406","0.04787775"
"2012-08-07 09:00:00+00:00","0.33","0.525","0.03773025"
"2012-08-07 09:30:00+00:00","0.037","0.619","0.03641415"
"2012-08-07 10:00:00+00:00","0.099","0.694","0.0349812"
"2012-08-07 10:30:00+00:00","0.076","0.738","0.0344769"
"2012-08-07 11:00:00+00:00","0.077","0.769","0.03426165"
"2012-08-07 11:30:00+00:00","0.046","0.788","0.0340095"
"2012-08-07 12:00:00+00:00","0.075","0.794","0.03363435"
"2012-08-07 12:30:00+00:00","0.067","0.781","0.0332592"
"2012-08-07 13:00:00+00:00","0.208","0.756","0.0323982"
"2012-08-07 13:30:00+00:00","0.082","0.719","0.0325704"
"2012-08-07 14:00:00+00:00","0.169","0.675","0.0330501"
"2012-08-07 14:30:00+00:00","0.055","0.6","0.0324966"
"2012-08-07 15:00:00+00:00","0.076","0.519","0.0320661"
"2012-08-07 15:30:00+00:00","0.056","0.413","0.0322014"
"2012-08-07 16:00:00+00:00","0.132","0.3","0.03336375"
"2012-08-07 16:30:00+00:00","0.103","0.169","0.0332469"
"2012-08-07 17:00:00+00:00","0.194","0.038","0.03375735"
"2012-08-07 17:30:00+00:00","0.148","0.0","0.0346122"
"2012-08-07 18:00:00+00:00","0.209","0.0","0.04020255"
"2012-08-07 18:30:00+00:00","0.408","0.0","0.0422505"
"2012-08-07 19:00:00+00:00","1.426","0.0","0.0430131"
"2012-08-07 19:30:00+00:00","1.414","0.0","0.04074375"
"2012-08-07 20:00:00+00:00","1.397","0.0","0.03825915"
"2012-08-07 20:30:00+00:00","1.268","0.0","0.0362112"
"2012-08-07 21:00:00+00:00","0.954","0.0","0.03603285"
"2012-08-07 21:30:00+00:00","0.127","0.0","0.03517185"
"2012-08-07 22:00:00+00:00","0.11","0.0","0.03432315"
"2012-08-07 22:30:00+00:00","0.231","0.0","0.0385236"
"2012-08-07 23:00:00+00:00","0.94","0.0","0.0349566"
"2012-08-07 23:30:00+00:00","0.123","0.0","0.0353502"
"2012-08-08 00:00:00+00:00","0.12","0.0","0.0336897"
"2012-08-08 00:30:00+00:00","0.043","0.0","0.03357285"
"2012-08-08 01:00:00+00:00","0.114","0.0","0.03402795"
"2012-08-08 01:30:00+00:00","0.07","0.0","0.0337635"
"2012-08-08 02:00:00+00:00","0.081","0.0","0.03268725"
"2012-08-08 02:30:00+00:00","0.046","0.0","0.03185085"
"2012-08-08 03:00:00+00:00","0.093","0.0","0.0313035"
"2012-08-08 03:30:00+00:00","0.044","0.0","0.0315864"
"2012-08-08 04:00:00+00:00","0.083","0.0","0.0315249"
"2012-08-08 04:30:00+00:00","0.057","0.0","0.0313158"
"2012-08-08 05:00:00+00:00","0.079","0.0","0.0315249"
"2012-08-08 05:30:00+00:00","0.052","0.0","0.03348675"
"2012-08-08 06:00:00+00:00","0.1","0.0","0.03351135"
"2012-08-08 06:30:00+00:00","0.081","0.0","0.0345753"
"2012-08-08 07:00:00+00:00","0.075","0.0","0.03893565"
"2012-08-08 07:30:00+00:00","0.21","0.038","0.03636495"
"2012-08-08 08:00:00+00:00","0.255","0.256","0.04527015"
"2012-08-08 08:30:00+00:00","0.276","0.413","0.0357192"
"2012-08-08 09:00:00+00:00","0.057","0.525","0.0345876"
"2012-08-08 09:30:00+00:00","0.181","0.625","0.0359406"
"2012-08-08 10:00:00+00:00","0.058","0.694","0.0354978"
"2012-08-08 10:30:00+00:00","0.133","0.738","0.03438465"
"2012-08-08 11:00:00+00:00","0.053","0.781","0.03417555"
"2012-08-08 11:30:00+00:00","0.097","0.8","0.0335913"
"2012-08-08 12:00:00+00:00","0.041","0.8","0.03344985"
"2012-08-08 12:30:00+00:00","0.101","0.794","0.0339726"
"2012-08-08 13:00:00+00:00","0.051","0.788","0.03394185"
"2012-08-08 13:30:00+00:00","0.112","0.744","0.03319155"
"2012-08-08 14:00:00+00:00","0.081","0.7","0.0337389"
"2012-08-08 14:30:00+00:00","0.105","0.619","0.03342525"
"2012-08-08 15:00:00+00:00","0.049","0.531","0.033333"
"2012-08-08 15:30:00+00:00","0.095","0.419","0.0323736"
"2012-08-08 16:00:00+00:00","0.057","0.3","0.0336651"
"2012-08-08 16:30:00+00:00","0.103","0.169","0.0340341"
"2012-08-08 17:00:00+00:00","0.081","0.025","0.0342432"
"2012-08-08 17:30:00+00:00","0.12","0.0","0.0349074"
"2012-08-08 18:00:00+00:00","0.054","0.0","0.04407705"
"2012-08-08 18:30:00+00:00","0.097","0.0","0.04626645"
"2012-08-08 19:00:00+00:00","0.045","0.0","0.04483965"
"2012-08-08 19:30:00+00:00","0.098","0.0","0.03619275"
"2012-08-08 20:00:00+00:00","0.051","0.0","0.0349197"
"2012-08-08 20:30:00+00:00","0.12","0.0","0.0368877"
"2012-08-08 21:00:00+00:00","0.126","0.0","0.035301"
"2012-08-08 21:30:00+00:00","0.273","0.0","0.0345999"
"2012-08-08 22:00:00+00:00","0.302","0.006","0.0333084"
"2012-08-08 22:30:00+00:00","0.112","0.0","0.03490125"
"2012-08-08 23:00:00+00:00","0.058","0.0","0.03300705"
"2012-08-08 23:30:00+00:00","0.14","0.0","0.03378195"
"2012-08-09 00:00:00+00:00","0.061","0.0","0.03292095"
"2012-08-09 00:30:00+00:00","0.116","0.0","0.0320169"
"2012-08-09 01:00:00+00:00","0.07","0.0","0.0321399"
"2012-08-09 01:30:00+00:00","0.094","0.0","0.03140805"
"2012-08-09 02:00:00+00:00","0.054","0.0","0.03117435"
"2012-08-09 02:30:00+00:00","0.093","0.0","0.03127275"
"2012-08-09 03:00:00+00:00","0.057","0.0","0.03074385"
"2012-08-09 03:30:00+00:00","0.099","0.0","0.03079305"
"2012-08-09 04:00:00+00:00","0.05","0.0","0.0305286"
"2012-08-09 04:30:00+00:00","0.111","0.0","0.03076845"
"2012-08-09 05:00:00+00:00","0.28","0.0","0.03111285"
"2012-08-09 05:30:00+00:00","0.119","0.0","0.0322875"
"2012-08-09 06:00:00+00:00","0.052","0.0","0.0325458"
"2012-08-09 06:30:00+00:00","0.116","0.0","0.03427395"
"2012-08-09 07:00:00+00:00","0.238","0.0","0.03533175"
"2012-08-09 07:30:00+00:00","0.448","0.0","0.0342186"
"2012-08-09 08:00:00+00:00","0.488","0.0","0.0367278"
"2012-08-09 08:30:00+00:00","0.187","0.044","0.035793"
"2012-08-09 09:00:00+00:00","0.221","0.05","0.03529485"
"2012-08-09 09:30:00+00:00","0.096","0.156","0.03589755"
"2012-08-09 10:00:00+00:00","0.06","0.181","0.0350304"
"2012-08-09 10:30:00+00:00","0.082","0.225","0.0344031"
"2012-08-09 11:00:00+00:00","0.075","0.288","0.0343908"
"2012-08-09 11:30:00+00:00","0.766","0.094","0.0343416"
"2012-08-09 12:00:00+00:00","0.762","0.194","0.03383115"
"2012-08-09 12:30:00+00:00","0.8","0.356","0.03376965"
"2012-08-09 13:00:00+00:00","0.649","0.794","0.03362205"
"2012-08-09 13:30:00+00:00","0.115","0.5","0.0336528"
"2012-08-09 14:00:00+00:00","0.053","0.331","0.03388035"
"2012-08-09 14:30:00+00:00","0.118","0.656","0.0340341"
"2012-08-09 15:00:00+00:00","0.063","0.569","0.03383115"
"2012-08-09 15:30:00+00:00","0.107","0.438","0.0339234"
"2012-08-09 16:00:00+00:00","0.085","0.306","0.0340587"
"2012-08-09 16:30:00+00:00","0.124","0.181","0.03436005"
"2012-08-09 17:00:00+00:00","0.232","0.038","0.03466755"
"2012-08-09 17:30:00+00:00","0.604","0.0","0.03454455"
"2012-08-09 18:00:00+00:00","0.656","0.0","0.0387327"
"2012-08-09 18:30:00+00:00","0.253","0.0","0.0525333"
"2012-08-09 19:00:00+00:00","0.358","0.0","0.05486415"
"2012-08-09 19:30:00+00:00","0.164","0.0","0.0399135"
"2012-08-09 20:00:00+00:00","0.298","0.0","0.0383268"
"2012-08-09 20:30:00+00:00","0.191","0.0","0.0418569"
"2012-08-09 21:00:00+00:00","0.152","0.0","0.0391632"
"2012-08-09 21:30:00+00:00","0.141","0.0","0.0361005"
"2012-08-09 22:00:00+00:00","0.112","0.0","0.0341202"
"2012-08-09 22:30:00+00:00","0.194","0.0","0.0404055"
"2012-08-09 23:00:00+00:00","0.189","0.0","0.0377979"
"2012-08-09 23:30:00+00:00","1.327","0.0","0.0380316"
"2012-08-10 00:00:00+00:00","0.486","0.0","0.0382776"
"2012-08-10 00:30:00+00:00","0.42","0.0","0.0377118"
"2012-08-10 01:00:00+00:00","0.23","0.0","0.03753345"
"2012-08-10 01:30:00+00:00","0.103","0.0","0.0358176"
"2012-08-10 02:00:00+00:00","0.109","0.0","0.0339603"
"2012-08-10 02:30:00+00:00","0.116","0.0","0.0350304"
"2012-08-10 03:00:00+00:00","0.085","0.0","0.0341079"
"2012-08-10 03:30:00+00:00","0.103","0.0","0.0344769"
"2012-08-10 04:00:00+00:00","0.082","0.0","0.0343047"
"2012-08-10 04:30:00+00:00","0.084","0.0","0.0335298"
"2012-08-10 05:00:00+00:00","0.148","0.0","0.03444615"
"2012-08-10 05:30:00+00:00","0.071","0.0","0.03449535"
"2012-08-10 06:00:00+00:00","0.075","0.0","0.03342525"
"2012-08-10 06:30:00+00:00","0.053","0.0","0.0376011"
"2012-08-10 07:00:00+00:00","0.082","0.0","0.05192445"
"2012-08-10 07:30:00+00:00","0.076","0.031","0.04572525"
"2012-08-10 08:00:00+00:00","0.065","0.25","0.0584988"
"2012-08-10 08:30:00+00:00","0.421","0.338","0.051906"
"2012-08-10 09:00:00+00:00","0.211","0.306","0.0481053"
"2012-08-10 09:30:00+00:00","0.096","0.506","0.0471336"
"2012-08-10 10:00:00+00:00","0.294","0.531","0.03851745"
"2012-08-10 10:30:00+00:00","0.061","0.45","0.03626655"
"2012-08-10 11:00:00+00:00","0.086","0.513","0.0356208"
"2012-08-10 11:30:00+00:00","0.075","0.369","0.0351165"
"2012-08-10 12:00:00+00:00","0.075","0.156","0.0352641"
"2012-08-10 12:30:00+00:00","0.08","0.125","0.0346614"
"2012-08-10 13:00:00+00:00","0.072","0.475","0.03445845"
"2012-08-10 13:30:00+00:00","0.117","0.431","0.03442155"
"2012-08-10 14:00:00+00:00","0.055","0.175","0.03445845"
"2012-08-10 14:30:00+00:00","0.08","0.194","0.03444615"
"2012-08-10 15:00:00+00:00","0.061","0.0","0.0343416"
"2012-08-10 15:30:00+00:00","0.086","0.019","0.03444615"
"2012-08-10 16:00:00+00:00","0.055","0.113","0.0344646"
"2012-08-10 16:30:00+00:00","0.074","0.019","0.0368754"
"2012-08-10 17:00:00+00:00","0.07","0.0","0.0379578"
"2012-08-10 17:30:00+00:00","0.138","0.0","0.03586065"
"2012-08-10 18:00:00+00:00","0.169","0.0","0.04807455"
"2012-08-10 18:30:00+00:00","0.185","0.0","0.08176425"
"2012-08-10 19:00:00+00:00","0.202","0.0","0.0417339"
"2012-08-10 19:30:00+00:00","0.172","0.0","0.0368262"
"2012-08-10 20:00:00+00:00","0.111","0.0","0.04062075"
"2012-08-10 20:30:00+00:00","0.1","0.0","0.04277325"
"2012-08-10 21:00:00+00:00","0.12","0.0","0.0390648"
"2012-08-10 21:30:00+00:00","0.12","0.0","0.0370353"
"2012-08-10 22:00:00+00:00","0.213","0.0","0.0348582"
"2012-08-10 22:30:00+00:00","0.129","0.0","0.048708"
"2012-08-10 23:00:00+00:00","0.131","0.0","0.04440915"
"2012-08-10 23:30:00+00:00","0.147","0.0","0.04615575"
"2012-08-11 00:00:00+00:00","0.178","0.0","0.0420783"
"2012-08-11 00:30:00+00:00","0.124","0.0","0.0399996"
"2012-08-11 01:00:00+00:00","0.207","0.0","0.03857895"
"2012-08-11 01:30:00+00:00","0.153","0.0","0.0384621"
"2012-08-11 02:00:00+00:00","0.174","0.0","0.0364572"
"2012-08-11 02:30:00+00:00","0.133","0.0","0.0352641"
"2012-08-11 03:00:00+00:00","0.117","0.0","0.0343416"
"2012-08-11 03:30:00+00:00","0.077","0.0","0.0347721"
"2012-08-11 04:00:00+00:00","0.104","0.0","0.03392955"
"2012-08-11 04:30:00+00:00","0.078","0.0","0.0338373"
"2012-08-11 05:00:00+00:00","0.099","0.0","0.03444615"
"2012-08-11 05:30:00+00:00","0.045","0.0","0.03444615"
"2012-08-11 06:00:00+00:00","0.08","0.0","0.03256425"
"2012-08-11 06:30:00+00:00","0.071","0.0","0.0335421"
"2012-08-11 07:00:00+00:00","0.093","0.0","0.0346983"
"2012-08-11 07:30:00+00:00","0.073","0.0","0.034563"
"2012-08-11 08:00:00+00:00","0.084","0.013","0.03572535"
"2012-08-11 08:30:00+00:00","0.048","0.025","0.03937845"
"2012-08-11 09:00:00+00:00","0.071","0.038","0.0417585"
"2012-08-11 09:30:00+00:00","0.058","0.075","0.05023935"
"2012-08-11 10:00:00+00:00","0.067","0.081","0.0492492"
"2012-08-11 10:30:00+00:00","0.06","0.15","0.03989505"
"2012-08-11 11:00:00+00:00","0.065","0.281","0.038745"
"2012-08-11 11:30:00+00:00","0.07","0.35","0.0376749"
"2012-08-11 12:00:00+00:00","0.095","0.419","0.03565155"
"2012-08-11 12:30:00+00:00","0.068","0.506","0.0346491"
"2012-08-11 13:00:00+00:00","0.073","0.231","0.03444615"
"2012-08-11 13:30:00+00:00","0.061","0.275","0.03448305"
"2012-08-11 14:00:00+00:00","0.067","0.206","0.0342555"
"2012-08-11 14:30:00+00:00","0.068","0.194","0.03444615"
"2012-08-11 15:00:00+00:00","0.068","0.306","0.0343416"
"2012-08-11 15:30:00+00:00","0.063","0.125","0.0344646"
"2012-08-11 16:00:00+00:00","0.084","0.144","0.0344769"
"2012-08-11 16:30:00+00:00","0.105","0.019","0.0358668"
"2012-08-11 17:00:00+00:00","0.048","0.0","0.038622"
"2012-08-11 17:30:00+00:00","0.141","0.0","0.03878805"
"2012-08-11 18:00:00+00:00","0.141","0.0","0.0391878"
"2012-08-11 18:30:00+00:00","0.17","0.0","0.0424104"
"2012-08-11 19:00:00+00:00","0.154","0.0","0.03899715"
"2012-08-11 19:30:00+00:00","0.183","0.0","0.0369738"
"2012-08-11 20:00:00+00:00","0.173","0.0","0.0373428"
"2012-08-11 20:30:00+00:00","0.205","0.0","0.03978435"
"2012-08-11 21:00:00+00:00","0.128","0.0","0.0396798"
"2012-08-11 21:30:00+00:00","0.139","0.0","0.0378102"
"2012-08-11 22:00:00+00:00","0.095","0.0","0.03565155"
"2012-08-11 22:30:00+00:00","0.164","0.0","0.03957525"
"2012-08-11 23:00:00+00:00","0.119","0.0","0.0389787"
"2012-08-11 23:30:00+00:00","0.094","0.0","0.0382899"
"2012-08-12 00:00:00+00:00","0.076","0.0","0.0358668"
"2012-08-12 00:30:00+00:00","0.11","0.0","0.0347229"
"2012-08-12 01:00:00+00:00","0.141","0.0","0.0338865"
"2012-08-12 01:30:00+00:00","0.107","0.0","0.0346122"
"2012-08-12 02:00:00+00:00","0.067","0.0","0.03257655"
"2012-08-12 02:30:00+00:00","0.093","0.0","0.0319431"
"2012-08-12 03:00:00+00:00","0.052","0.0","0.03183855"
"2012-08-12 03:30:00+00:00","0.093","0.0","0.03116205"
"2012-08-12 04:00:00+00:00","0.057","0.0","0.0312297"
"2012-08-12 04:30:00+00:00","0.107","0.0","0.03107595"
"2012-08-12 05:00:00+00:00","0.098","0.0","0.03132195"
"2012-08-12 05:30:00+00:00","0.188","0.0","0.031365"
"2012-08-12 06:00:00+00:00","0.087","0.0","0.030996"
"2012-08-12 06:30:00+00:00","0.094","0.0","0.03060855"
"2012-08-12 07:00:00+00:00","0.048","0.0","0.0310575"
"2012-08-12 07:30:00+00:00","0.096","0.006","0.03108825"
"2012-08-12 08:00:00+00:00","0.037","0.025","0.034686"
"2012-08-12 08:30:00+00:00","0.086","0.075","0.0342432"
"2012-08-12 09:00:00+00:00","0.051","0.206","0.03450765"
"2012-08-12 09:30:00+00:00","0.069","0.113","0.0343785"
"2012-08-12 10:00:00+00:00","0.084","0.488","0.03444615"
"2012-08-12 10:30:00+00:00","0.09","0.338","0.03440925"
"2012-08-12 11:00:00+00:00","0.058","0.238","0.0344646"
"2012-08-12 11:30:00+00:00","0.067","0.431","0.0342555"
"2012-08-12 12:00:00+00:00","0.069","0.7","0.03431085"
"2012-08-12 12:30:00+00:00","0.074","0.35","0.0343047"
"2012-08-12 13:00:00+00:00","0.059","0.456","0.0343047"
"2012-08-12 13:30:00+00:00","0.072","0.138","0.03413865"
"2012-08-12 14:00:00+00:00","0.095","0.25","0.0338004"
"2012-08-12 14:30:00+00:00","0.078","0.088","0.03376965"
"2012-08-12 15:00:00+00:00","0.072","0.163","0.03386805"
"2012-08-12 15:30:00+00:00","0.07","0.163","0.03411405"
"2012-08-12 16:00:00+00:00","0.069","0.05","0.03444615"
"2012-08-12 16:30:00+00:00","0.061","0.0","0.0346368"
"2012-08-12 17:00:00+00:00","0.073","0.006","0.0358791"
"2012-08-12 17:30:00+00:00","0.077","0.0","0.0358545"
"2012-08-12 18:00:00+00:00","0.433","0.0","0.04370805"
"2012-08-12 18:30:00+00:00","1.28","0.0","0.0538986"
"2012-08-12 19:00:00+00:00","1.269","0.0","0.0507744"
"2012-08-12 19:30:00+00:00","1.248","0.0","0.0409713"
"2012-08-12 20:00:00+00:00","1.219","0.0","0.04749645"
"2012-08-12 20:30:00+00:00","0.134","0.0","0.0453009"
"2012-08-12 21:00:00+00:00","0.102","0.0","0.0393969"
"2012-08-12 21:30:00+00:00","0.103","0.0","0.03487665"
"2012-08-12 22:00:00+00:00","0.093","0.0","0.0341571"
"2012-08-12 22:30:00+00:00","0.122","0.0","0.03571305"
"2012-08-12 23:00:00+00:00","0.089","0.0","0.0344154"
"2012-08-12 23:30:00+00:00","0.094","0.0","0.034932"
"2012-08-13 00:00:00+00:00","0.075","0.0","0.0335052"
"2012-08-13 00:30:00+00:00","0.08","0.0","0.03442155"
"2012-08-13 01:00:00+00:00","0.056","0.0","0.03328995"
"2012-08-13 01:30:00+00:00","0.087","0.0","0.03563925"
"2012-08-13 02:00:00+00:00","0.066","0.0","0.0327918"
"2012-08-13 02:30:00+00:00","0.077","0.0","0.03143265"
"2012-08-13 03:00:00+00:00","0.085","0.0","0.0326565"
"2012-08-13 03:30:00+00:00","0.102","0.0","0.0328287"
"2012-08-13 04:00:00+00:00","0.051","0.0","0.0328287"
"2012-08-13 04:30:00+00:00","0.085","0.0","0.0315618"
"2012-08-13 05:00:00+00:00","0.062","0.0","0.03204765"
"2012-08-13 05:30:00+00:00","0.094","0.0","0.034194"
"2012-08-13 06:00:00+00:00","0.154","0.0","0.03424935"
"2012-08-13 06:30:00+00:00","0.121","0.0","0.0361251"
"2012-08-13 07:00:00+00:00","0.091","0.0","0.04379415"
"2012-08-13 07:30:00+00:00","0.108","0.019","0.0351165"
"2012-08-13 08:00:00+00:00","0.11","0.106","0.0382899"
"2012-08-13 08:30:00+00:00","0.379","0.156","0.0367032"
"2012-08-13 09:00:00+00:00","0.396","0.5","0.03523335"
"2012-08-13 09:30:00+00:00","0.421","0.613","0.03589755"
"2012-08-13 10:00:00+00:00","0.402","0.688","0.0356331"
"2012-08-13 10:30:00+00:00","0.314","0.613","0.03622965"
"2012-08-13 11:00:00+00:00","0.165","0.794","0.03461835"
"2012-08-13 11:30:00+00:00","0.184","0.813","0.03372045"
"2012-08-13 12:00:00+00:00","0.135","0.831","0.03390495"
"2012-08-13 12:30:00+00:00","0.169","0.8","0.03324075"
"2012-08-13 13:00:00+00:00","0.213","0.75","0.03271185"
"2012-08-13 13:30:00+00:00","0.591","0.706","0.03289635"
"2012-08-13 14:00:00+00:00","0.344","0.688","0.03376965"
"2012-08-13 14:30:00+00:00","0.13","0.613","0.03317925"
"2012-08-13 15:00:00+00:00","0.362","0.525","0.03455685"
"2012-08-13 15:30:00+00:00","0.122","0.419","0.0340341"
"2012-08-13 16:00:00+00:00","0.108","0.306","0.0339111"
"2012-08-13 16:30:00+00:00","0.2","0.169","0.0344031"
"2012-08-13 17:00:00+00:00","0.141","0.038","0.03437235"
"2012-08-13 17:30:00+00:00","0.08","0.0","0.0336528"
"2012-08-13 18:00:00+00:00","0.219","0.0","0.0404301"
"2012-08-13 18:30:00+00:00","0.128","0.0","0.04876335"
"2012-08-13 19:00:00+00:00","0.143","0.0","0.04522095"
"2012-08-13 19:30:00+00:00","0.074","0.0","0.0366171"
"2012-08-13 20:00:00+00:00","0.092","0.0","0.03598365"
"2012-08-13 20:30:00+00:00","0.072","0.0","0.0361005"
"2012-08-13 21:00:00+00:00","0.115","0.0","0.0358053"
"2012-08-13 21:30:00+00:00","0.155","0.0","0.03470445"
"2012-08-13 22:00:00+00:00","0.148","0.0","0.03360975"
"2012-08-13 22:30:00+00:00","0.088","0.0","0.03586065"
"2012-08-13 23:00:00+00:00","0.158","0.0","0.03426165"
"2012-08-13 23:30:00+00:00","0.092","0.0","0.0341694"
"2012-08-14 00:00:00+00:00","0.122","0.0","0.03445845"
"2012-08-14 00:30:00+00:00","0.078","0.0","0.03410175"
"2012-08-14 01:00:00+00:00","0.093","0.0","0.0339357"
"2012-08-14 01:30:00+00:00","0.07","0.0","0.0342801"
"2012-08-14 02:00:00+00:00","0.096","0.0","0.0335913"
"2012-08-14 02:30:00+00:00","0.077","0.0","0.03316695"
"2012-08-14 03:00:00+00:00","0.082","0.0","0.0317832"
"2012-08-14 03:30:00+00:00","0.108","0.0","0.03279795"
"2012-08-14 04:00:00+00:00","0.099","0.0","0.0316848"
"2012-08-14 04:30:00+00:00","0.073","0.0","0.03132195"
"2012-08-14 05:00:00+00:00","0.084","0.0","0.0314142"
"2012-08-14 05:30:00+00:00","0.088","0.0","0.0338004"
"2012-08-14 06:00:00+00:00","0.065","0.0","0.03380655"
"2012-08-14 06:30:00+00:00","0.27","0.0","0.04239195"
"2012-08-14 07:00:00+00:00","0.146","0.0","0.04785315"
"2012-08-14 07:30:00+00:00","0.211","0.038","0.0388311"
"2012-08-14 08:00:00+00:00","0.32","0.281","0.04274865"
"2012-08-14 08:30:00+00:00","0.159","0.438","0.04051005"
"2012-08-14 09:00:00+00:00","0.238","0.513","0.0379332"
"2012-08-14 09:30:00+00:00","0.167","0.494","0.03614355"
"2012-08-14 10:00:00+00:00","0.059","0.6","0.0346737"
"2012-08-14 10:30:00+00:00","0.091","0.756","0.0338373"
"2012-08-14 11:00:00+00:00","0.041","0.675","0.0337389"
"2012-08-14 11:30:00+00:00","0.098","0.681","0.033702"
"2012-08-14 12:00:00+00:00","0.073","0.644","0.0332469"
"2012-08-14 12:30:00+00:00","0.114","0.663","0.0341325"
"2012-08-14 13:00:00+00:00","0.082","0.719","0.03370815"
"2012-08-14 13:30:00+00:00","0.14","0.506","0.03396645"
"2012-08-14 14:00:00+00:00","0.062","0.363","0.0337512"
"2012-08-14 14:30:00+00:00","0.09","0.4","0.0337266"
"2012-08-14 15:00:00+00:00","0.063","0.344","0.03373275"
"2012-08-14 15:30:00+00:00","0.117","0.244","0.0339357"
"2012-08-14 16:00:00+00:00","0.145","0.125","0.03428625"
"2012-08-14 16:30:00+00:00","0.128","0.056","0.0340587"
"2012-08-14 17:00:00+00:00","0.063","0.006","0.03426165"
"2012-08-14 17:30:00+00:00","0.117","0.0","0.03400335"
"2012-08-14 18:00:00+00:00","0.211","0.0","0.04138335"
"2012-08-14 18:30:00+00:00","0.472","0.0","0.0412173"
"2012-08-14 19:00:00+00:00","0.366","0.0","0.0379578"
"2012-08-14 19:30:00+00:00","1.015","0.0","0.03493815"
"2012-08-14 20:00:00+00:00","1.067","0.0","0.03511035"
"2012-08-14 20:30:00+00:00","0.928","0.0","0.03557775"
"2012-08-14 21:00:00+00:00","0.368","0.0","0.0358791"
"2012-08-14 21:30:00+00:00","0.216","0.0","0.03470445"
"2012-08-14 22:00:00+00:00","0.069","0.0","0.03404025"
"2012-08-14 22:30:00+00:00","0.114","0.0","0.0362481"
"2012-08-14 23:00:00+00:00","0.08","0.0","0.0341817"
"2012-08-14 23:30:00+00:00","0.143","0.0","0.0376872"
"2012-08-15 00:00:00+00:00","0.072","0.0","0.03460605"
"2012-08-15 00:30:00+00:00","0.085","0.0","0.03458145"
"2012-08-15 01:00:00+00:00","0.107","0.0","0.032964"
"2012-08-15 01:30:00+00:00","0.068","0.0","0.0330624"
"2012-08-15 02:00:00+00:00","0.082","0.0","0.03372045"
"2012-08-15 02:30:00+00:00","0.054","0.0","0.0347844"
"2012-08-15 03:00:00+00:00","0.083","0.0","0.03465525"
"2012-08-15 03:30:00+00:00","0.09","0.0","0.03471675"
"2012-08-15 04:00:00+00:00","0.076","0.0","0.03397875"
"2012-08-15 04:30:00+00:00","0.037","0.0","0.0314142"
"2012-08-15 05:00:00+00:00","0.071","0.0","0.03223215"
"2012-08-15 05:30:00+00:00","0.088","0.0","0.03330225"
"2012-08-15 06:00:00+00:00","0.199","0.0","0.03290865"
"2012-08-15 06:30:00+00:00","0.071","0.0","0.0345261"
"2012-08-15 07:00:00+00:00","0.099","0.0","0.03695535"
"2012-08-15 07:30:00+00:00","0.238","0.038","0.03474135"
"2012-08-15 08:00:00+00:00","0.17","0.238","0.0366048"
"2012-08-15 08:30:00+00:00","0.115","0.375","0.0371337"
"2012-08-15 09:00:00+00:00","0.12","0.55","0.0357069"
"2012-08-15 09:30:00+00:00","0.151","0.619","0.03733665"
"2012-08-15 10:00:00+00:00","0.079","0.606","0.03476595"
"2012-08-15 10:30:00+00:00","0.09","0.744","0.0336036"
"2012-08-15 11:00:00+00:00","0.062","0.606","0.0337635"
"2012-08-15 11:30:00+00:00","0.211","0.731","0.0329394"
"2012-08-15 12:00:00+00:00","0.136","0.538","0.03251505"
"2012-08-15 12:30:00+00:00","0.234","0.775","0.0321768"
"2012-08-15 13:00:00+00:00","0.333","0.444","0.0321399"
"2012-08-15 13:30:00+00:00","0.316","0.438","0.03283485"
"2012-08-15 14:00:00+00:00","0.381","0.319","0.0325335"
"2012-08-15 14:30:00+00:00","0.407","0.225","0.0324351"
"2012-08-15 15:00:00+00:00","0.121","0.163","0.03210915"
"2012-08-15 15:30:00+00:00","0.133","0.119","0.03276105"
"2012-08-15 16:00:00+00:00","0.074","0.244","0.03406485"
"2012-08-15 16:30:00+00:00","0.087","0.2","0.0331608"
"2012-08-15 17:00:00+00:00","0.244","0.038","0.0333576"
"2012-08-15 17:30:00+00:00","0.135","0.0","0.0332223"
"2012-08-15 18:00:00+00:00","0.077","0.0","0.03561465"
"2012-08-15 18:30:00+00:00","0.103","0.0","0.0364449"
"2012-08-15 19:00:00+00:00","0.121","0.0","0.0357069"
"2012-08-15 19:30:00+00:00","0.086","0.0","0.03386805"
"2012-08-15 20:00:00+00:00","0.085","0.0","0.03354825"
"2012-08-15 20:30:00+00:00","0.239","0.0","0.0352764"
"2012-08-15 21:00:00+00:00","0.1","0.0","0.0346491"
"2012-08-15 21:30:00+00:00","0.113","0.0","0.0336774"
"2012-08-15 22:00:00+00:00","0.124","0.0","0.03160485"
"2012-08-15 22:30:00+00:00","0.094","0.0","0.0363711"
"2012-08-15 23:00:00+00:00","0.143","0.0","0.0340464"
"2012-08-15 23:30:00+00:00","0.055","0.0","0.03567615"
"2012-08-16 00:00:00+00:00","0.09","0.0","0.03347445"
"2012-08-16 00:30:00+00:00","0.05","0.0","0.034071"
"2012-08-16 01:00:00+00:00","0.095","0.0","0.0327057"
"2012-08-16 01:30:00+00:00","0.045","0.0","0.03338835"
"2012-08-16 02:00:00+00:00","0.087","0.0","0.03169095"
"2012-08-16 02:30:00+00:00","0.059","0.0","0.03172785"
"2012-08-16 03:00:00+00:00","0.135","0.0","0.03043635"
"2012-08-16 03:30:00+00:00","0.054","0.0","0.0309468"
"2012-08-16 04:00:00+00:00","0.088","0.0","0.03007965"
"2012-08-16 04:30:00+00:00","0.125","0.0","0.02966145"
"2012-08-16 05:00:00+00:00","0.083","0.0","0.0303564"
"2012-08-16 05:30:00+00:00","0.087","0.0","0.0322506"
"2012-08-16 06:00:00+00:00","0.247","0.0","0.0317709"
"2012-08-16 06:30:00+00:00","0.114","0.0","0.03634035"
"2012-08-16 07:00:00+00:00","0.166","0.0","0.03499965"
"2012-08-16 07:30:00+00:00","0.285","0.038","0.03381885"
"2012-08-16 08:00:00+00:00","0.217","0.275","0.03449535"
"2012-08-16 08:30:00+00:00","0.208","0.431","0.03490125"
"2012-08-16 09:00:00+00:00","0.11","0.538","0.0343047"
"2012-08-16 09:30:00+00:00","0.116","0.631","0.0342924"
"2012-08-16 10:00:00+00:00","0.041","0.706","0.033579"
"2012-08-16 10:30:00+00:00","0.086","0.75","0.03405255"
"2012-08-16 11:00:00+00:00","0.063","0.788","0.0335667"
"2012-08-16 11:30:00+00:00","0.118","0.813","0.03247815"
"2012-08-16 12:00:00+00:00","0.048","0.806","0.03230595"
"2012-08-16 12:30:00+00:00","0.145","0.8","0.03239205"
"2012-08-16 13:00:00+00:00","0.093","0.769","0.03151875"
"2012-08-16 13:30:00+00:00","0.098","0.725","0.03174015"
"2012-08-16 14:00:00+00:00","0.136","0.681","0.0310083"
"2012-08-16 14:30:00+00:00","0.117","0.619","0.0331362"
"2012-08-16 15:00:00+00:00","0.078","0.475","0.03182625"
"2012-08-16 15:30:00+00:00","0.077","0.156","0.0305778"
"2012-08-16 16:00:00+00:00","0.07","0.206","0.03233055"
"2012-08-16 16:30:00+00:00","0.076","0.231","0.0337143"
"2012-08-16 17:00:00+00:00","0.332","0.038","0.03383115"
"2012-08-16 17:30:00+00:00","0.053","0.0","0.03288405"
"2012-08-16 18:00:00+00:00","0.142","0.0","0.0341079"
"2012-08-16 18:30:00+00:00","0.382","0.0","0.0350427"
"2012-08-16 19:00:00+00:00","0.314","0.0","0.0348582"
"2012-08-16 19:30:00+00:00","0.201","0.0","0.0337512"
"2012-08-16 20:00:00+00:00","0.184","0.0","0.03443385"
"2012-08-16 20:30:00+00:00","0.158","0.0","0.03522105"
"2012-08-16 21:00:00+00:00","0.299","0.0","0.03455685"
"2012-08-16 21:30:00+00:00","0.201","0.0","0.0340464"
"2012-08-16 22:00:00+00:00","0.283","0.0","0.0321153"
"2012-08-16 22:30:00+00:00","0.135","0.0","0.03455685"
"2012-08-16 23:00:00+00:00","0.101","0.0","0.03374505"
"2012-08-16 23:30:00+00:00","0.857","0.0","0.0353748"
"2012-08-17 00:00:00+00:00","0.192","0.0","0.0354117"
"2012-08-17 00:30:00+00:00","0.066","0.0","0.03373275"
"2012-08-17 01:00:00+00:00","0.09","0.0","0.03333915"
"2012-08-17 01:30:00+00:00","0.047","0.0","0.0332346"
"2012-08-17 02:00:00+00:00","0.097","0.0","0.0321153"
"2012-08-17 02:30:00+00:00","0.091","0.0","0.03078075"
"2012-08-17 03:00:00+00:00","0.097","0.0","0.03128505"
"2012-08-17 03:30:00+00:00","0.054","0.0","0.03138345"
"2012-08-17 04:00:00+00:00","0.083","0.0","0.03139575"
"2012-08-17 04:30:00+00:00","0.067","0.0","0.03137115"
"2012-08-17 05:00:00+00:00","0.221","0.0","0.0317463"
"2012-08-17 05:30:00+00:00","0.1","0.0","0.03194925"
"2012-08-17 06:00:00+00:00","0.069","0.0","0.0320169"
"2012-08-17 06:30:00+00:00","0.101","0.0","0.0330993"
"2012-08-17 07:00:00+00:00","0.174","0.0","0.03515955"
"2012-08-17 07:30:00+00:00","0.445","0.044","0.03433545"
"2012-08-17 08:00:00+00:00","0.131","0.281","0.03541785"
"2012-08-17 08:30:00+00:00","0.084","0.438","0.03583605"
"2012-08-17 09:00:00+00:00","0.043","0.544","0.03544245"
"2012-08-17 09:30:00+00:00","0.085","0.656","0.03509805"
"2012-08-17 10:00:00+00:00","0.042","0.725","0.03443385"
"2012-08-17 10:30:00+00:00","0.086","0.769","0.0338619"
"2012-08-17 11:00:00+00:00","0.089","0.806","0.0341448"
"2012-08-17 11:30:00+00:00","0.093","0.825","0.03394185"
"2012-08-17 12:00:00+00:00","0.036","0.831","0.0338373"
"2012-08-17 12:30:00+00:00","0.101","0.813","0.0344646"
"2012-08-17 13:00:00+00:00","0.046","0.75","0.03401565"
"2012-08-17 13:30:00+00:00","0.197","0.738","0.0339849"
"2012-08-17 14:00:00+00:00","0.068","0.6","0.03234285"
"2012-08-17 14:30:00+00:00","0.127","0.519","0.0340341"
"2012-08-17 15:00:00+00:00","0.064","0.425","0.03351135"
"2012-08-17 15:30:00+00:00","0.122","0.3","0.03269955"
"2012-08-17 16:00:00+00:00","0.19","0.063","0.0341448"
"2012-08-17 16:30:00+00:00","0.057","0.031","0.03240435"
"2012-08-17 17:00:00+00:00","0.169","0.013","0.03325305"
"2012-08-17 17:30:00+00:00","0.141","0.006","0.03215835"
"2012-08-17 18:00:00+00:00","1.15","0.0","0.0344031"
"2012-08-17 18:30:00+00:00","1.272","0.0","0.0342432"
"2012-08-17 19:00:00+00:00","1.284","0.0","0.03404025"
"2012-08-17 19:30:00+00:00","1.52","0.0","0.0332223"
"2012-08-17 20:00:00+00:00","1.704","0.0","0.03408945"
"2012-08-17 20:30:00+00:00","1.344","0.0","0.03465525"
"2012-08-17 21:00:00+00:00","1.312","0.0","0.03436005"
"2012-08-17 21:30:00+00:00","1.403","0.0","0.03300705"
"2012-08-17 22:00:00+00:00","0.818","0.0","0.0320784"
"2012-08-17 22:30:00+00:00","0.13","0.0","0.0373182"
"2012-08-17 23:00:00+00:00","0.094","0.0","0.0335544"
"2012-08-17 23:30:00+00:00","0.106","0.0","0.0349935"
"2012-08-18 00:00:00+00:00","0.145","0.0","0.03460605"
"2012-08-18 00:30:00+00:00","0.071","0.0","0.03449535"
"2012-08-18 01:00:00+00:00","0.108","0.0","0.0339357"
"2012-08-18 01:30:00+00:00","0.073","0.0","0.03408945"
"2012-08-18 02:00:00+00:00","0.086","0.0","0.03338835"
"2012-08-18 02:30:00+00:00","0.077","0.0","0.03342525"
"2012-08-18 03:00:00+00:00","0.079","0.0","0.03170325"
"2012-08-18 03:30:00+00:00","0.1","0.0","0.03190005"
"2012-08-18 04:00:00+00:00","0.087","0.0","0.03166635"
"2012-08-18 04:30:00+00:00","0.104","0.0","0.0316479"
"2012-08-18 05:00:00+00:00","0.043","0.0","0.03165405"
"2012-08-18 05:30:00+00:00","0.447","0.0","0.03144495"
"2012-08-18 06:00:00+00:00","0.755","0.0","0.0309591"
"2012-08-18 06:30:00+00:00","1.247","0.0","0.03097755"
"2012-08-18 07:00:00+00:00","1.161","0.0","0.03255195"
"2012-08-18 07:30:00+00:00","1.31","0.044","0.03287175"
"2012-08-18 08:00:00+00:00","0.943","0.288","0.03443385"
"2012-08-18 08:30:00+00:00","0.596","0.438","0.0360759"
"2012-08-18 09:00:00+00:00","0.639","0.538","0.0397044"
"2012-08-18 09:30:00+00:00","0.97","0.569","0.04085445"
"2012-08-18 10:00:00+00:00","0.343","0.719","0.04001805"
"2012-08-18 10:30:00+00:00","0.096","0.638","0.0393723"
"2012-08-18 11:00:00+00:00","0.245","0.831","0.03738585"
"2012-08-18 11:30:00+00:00","0.07","0.831","0.0348213"
"2012-08-18 12:00:00+00:00","0.197","0.875","0.0340095"
"2012-08-18 12:30:00+00:00","0.103","0.594","0.0341079"
"2012-08-18 13:00:00+00:00","0.099","0.231","0.0344769"
"2012-08-18 13:30:00+00:00","0.051","0.431","0.0343785"
"2012-08-18 14:00:00+00:00","0.089","0.75","0.03444615"
"2012-08-18 14:30:00+00:00","0.087","0.594","0.03444615"
"2012-08-18 15:00:00+00:00","0.1","0.55","0.0341694"
"2012-08-18 15:30:00+00:00","0.07","0.45","0.03444615"
"2012-08-18 16:00:00+00:00","0.074","0.331","0.0344892"
"2012-08-18 16:30:00+00:00","0.07","0.194","0.03443385"
"2012-08-18 17:00:00+00:00","0.058","0.044","0.0352641"
"2012-08-18 17:30:00+00:00","0.217","0.0","0.0356454"
"2012-08-18 18:00:00+00:00","1.394","0.0","0.03838215"
"2012-08-18 18:30:00+00:00","1.321","0.0","0.04060845"
"2012-08-18 19:00:00+00:00","1.256","0.0","0.0394707"
"2012-08-18 19:30:00+00:00","1.501","0.0","0.03748425"
"2012-08-18 20:00:00+00:00","1.295","0.0","0.0391386"
"2012-08-18 20:30:00+00:00","1.731","0.0","0.0409344"
"2012-08-18 21:00:00+00:00","1.684","0.0","0.03980895"
"2012-08-18 21:30:00+00:00","1.842","0.0","0.03868965"
"2012-08-18 22:00:00+00:00","1.992","0.0","0.03720135"
"2012-08-18 22:30:00+00:00","1.229","0.0","0.03854205"
"2012-08-18 23:00:00+00:00","1.241","0.0","0.0384498"
"2012-08-18 23:30:00+00:00","0.468","0.0","0.03861585"
"2012-08-19 00:00:00+00:00","0.213","0.0","0.03754575"
"2012-08-19 00:30:00+00:00","0.102","0.0","0.03593445"
"2012-08-19 01:00:00+00:00","0.116","0.0","0.0334314"
"2012-08-19 01:30:00+00:00","0.086","0.0","0.03396645"
"2012-08-19 02:00:00+00:00","0.104","0.0","0.03332685"
"2012-08-19 02:30:00+00:00","0.09","0.0","0.03262575"
"2012-08-19 03:00:00+00:00","0.048","0.0","0.03347445"
"2012-08-19 03:30:00+00:00","0.107","0.0","0.0321399"
"2012-08-19 04:00:00+00:00","0.086","0.0","0.0322752"
"2012-08-19 04:30:00+00:00","0.107","0.0","0.03151875"
"2012-08-19 05:00:00+00:00","0.098","0.0","0.03171555"
"2012-08-19 05:30:00+00:00","0.056","0.0","0.0319677"
"2012-08-19 06:00:00+00:00","0.087","0.0","0.03110055"
"2012-08-19 06:30:00+00:00","0.039","0.0","0.0323859"
"2012-08-19 07:00:00+00:00","0.088","0.0","0.0330009"
"2012-08-19 07:30:00+00:00","0.242","0.044","0.03343755"
"2012-08-19 08:00:00+00:00","0.121","0.288","0.0349197"
"2012-08-19 08:30:00+00:00","0.577","0.444","0.03839445"
"2012-08-19 09:00:00+00:00","0.466","0.55","0.04196145"
"2012-08-19 09:30:00+00:00","0.341","0.631","0.0455223"
"2012-08-19 10:00:00+00:00","0.129","0.706","0.04465515"
"2012-08-19 10:30:00+00:00","1.007","0.75","0.04076835"
"2012-08-19 11:00:00+00:00","0.803","0.788","0.03753345"
"2012-08-19 11:30:00+00:00","0.721","0.775","0.03495045"
"2012-08-19 12:00:00+00:00","0.694","0.819","0.0347106"
"2012-08-19 12:30:00+00:00","0.589","0.813","0.03451995"
"2012-08-19 13:00:00+00:00","0.763","0.7","0.03479055"
"2012-08-19 13:30:00+00:00","0.559","0.763","0.03449535"
"2012-08-19 14:00:00+00:00","0.369","0.55","0.03443385"
"2012-08-19 14:30:00+00:00","0.099","0.563","0.03444615"
"2012-08-19 15:00:00+00:00","0.129","0.544","0.0344031"
"2012-08-19 15:30:00+00:00","0.361","0.444","0.0344031"
"2012-08-19 16:00:00+00:00","0.21","0.319","0.03442155"
"2012-08-19 16:30:00+00:00","0.09","0.125","0.03568845"
"2012-08-19 17:00:00+00:00","0.068","0.05","0.03785325"
"2012-08-19 17:30:00+00:00","0.142","0.0","0.03647565"
"2012-08-19 18:00:00+00:00","0.297","0.0","0.0463587"
"2012-08-19 18:30:00+00:00","0.163","0.006","0.05914455"
"2012-08-19 19:00:00+00:00","0.328","0.0","0.0540216"
"2012-08-19 19:30:00+00:00","0.17","0.0","0.0457929"
"2012-08-19 20:00:00+00:00","0.493","0.0","0.04806225"
"2012-08-19 20:30:00+00:00","0.166","0.0","0.0486465"
"2012-08-19 21:00:00+00:00","1.222","0.0","0.04118655"
"2012-08-19 21:30:00+00:00","1.505","0.0","0.03679545"
"2012-08-19 22:00:00+00:00","1.722","0.0","0.0355347"
"2012-08-19 22:30:00+00:00","1.151","0.0","0.0356454"
"2012-08-19 23:00:00+00:00","0.304","0.0","0.03439695"
"2012-08-19 23:30:00+00:00","0.11","0.0","0.0344646"
"2012-08-20 00:00:00+00:00","0.124","0.0","0.0326196"
"2012-08-20 00:30:00+00:00","0.103","0.0","0.0322998"
"2012-08-20 01:00:00+00:00","0.066","0.0","0.03185085"
"2012-08-20 01:30:00+00:00","0.13","0.0","0.03260115"
"2012-08-20 02:00:00+00:00","0.121","0.0","0.0315618"
"2012-08-20 02:30:00+00:00","0.111","0.0","0.03236745"
"2012-08-20 03:00:00+00:00","0.088","0.0","0.0317709"
"2012-08-20 03:30:00+00:00","0.061","0.0","0.0313896"
"2012-08-20 04:00:00+00:00","0.097","0.0","0.0317586"
"2012-08-20 04:30:00+00:00","0.072","0.0","0.03174015"
"2012-08-20 05:00:00+00:00","0.12","0.0","0.0326196"
"2012-08-20 05:30:00+00:00","0.107","0.0","0.0339234"
"2012-08-20 06:00:00+00:00","0.814","0.0","0.0337389"
"2012-08-20 06:30:00+00:00","0.418","0.0","0.04081755"
"2012-08-20 07:00:00+00:00","0.125","0.006","0.04289625"
"2012-08-20 07:30:00+00:00","0.569","0.05","0.03757035"
"2012-08-20 08:00:00+00:00","0.621","0.331","0.0495321"
"2012-08-20 08:30:00+00:00","0.363","0.475","0.05296995"
"2012-08-20 09:00:00+00:00","0.237","0.581","0.042927"
"2012-08-20 09:30:00+00:00","0.097","0.65","0.0419307"
"2012-08-20 10:00:00+00:00","0.07","0.713","0.0387819"
"2012-08-20 10:30:00+00:00","0.07","0.763","0.03688155"
"2012-08-20 11:00:00+00:00","0.094","0.8","0.0357684"
"2012-08-20 11:30:00+00:00","0.06","0.638","0.035424"
"2012-08-20 12:00:00+00:00","0.121","0.719","0.0347475"
"2012-08-20 12:30:00+00:00","0.096","0.806","0.03445845"
"2012-08-20 13:00:00+00:00","0.104","0.688","0.0343908"
"2012-08-20 13:30:00+00:00","0.065","0.731","0.0343539"
"2012-08-20 14:00:00+00:00","0.086","0.688","0.0339234"
"2012-08-20 14:30:00+00:00","0.069","0.619","0.0344646"
"2012-08-20 15:00:00+00:00","0.089","0.538","0.03444615"
"2012-08-20 15:30:00+00:00","0.076","0.45","0.03444615"
"2012-08-20 16:00:00+00:00","0.072","0.338","0.0342678"
"2012-08-20 16:30:00+00:00","0.105","0.181","0.0342432"
"2012-08-20 17:00:00+00:00","0.117","0.038","0.0351411"
"2012-08-20 17:30:00+00:00","0.092","0.0","0.0349812"
"2012-08-20 18:00:00+00:00","0.12","0.0","0.04411395"
"2012-08-20 18:30:00+00:00","0.382","0.0","0.0530499"
"2012-08-20 19:00:00+00:00","0.217","0.0","0.049446"
"2012-08-20 19:30:00+00:00","0.226","0.0","0.04694295"
"2012-08-20 20:00:00+00:00","0.215","0.0","0.0355101"
"2012-08-20 20:30:00+00:00","1.187","0.0","0.03706605"
"2012-08-20 21:00:00+00:00","1.214","0.0","0.0369246"
"2012-08-20 21:30:00+00:00","1.209","0.0","0.03495045"
"2012-08-20 22:00:00+00:00","1.269","0.0","0.03368355"
"2012-08-20 22:30:00+00:00","2.085","0.0","0.04401555"
"2012-08-20 23:00:00+00:00","0.35","0.0","0.0360882"
"2012-08-20 23:30:00+00:00","0.119","0.0","0.035178"
"2012-08-21 00:00:00+00:00","0.081","0.0","0.0350058"
"2012-08-21 00:30:00+00:00","0.082","0.0","0.0346614"
"2012-08-21 01:00:00+00:00","0.105","0.0","0.0351165"
"2012-08-21 01:30:00+00:00","0.047","0.0","0.0346245"
"2012-08-21 02:00:00+00:00","0.105","0.0","0.03342525"
"2012-08-21 02:30:00+00:00","0.087","0.0","0.0341571"
"2012-08-21 03:00:00+00:00","0.093","0.0","0.03375735"
"2012-08-21 03:30:00+00:00","0.141","0.0","0.03294555"
"2012-08-21 04:00:00+00:00","0.063","0.0","0.03214605"
"2012-08-21 04:30:00+00:00","0.108","0.0","0.03164175"
"2012-08-21 05:00:00+00:00","0.075","0.0","0.03177705"
"2012-08-21 05:30:00+00:00","0.086","0.0","0.03341295"
"2012-08-21 06:00:00+00:00","0.114","0.0","0.03385575"
"2012-08-21 06:30:00+00:00","0.261","0.0","0.0423243"
"2012-08-21 07:00:00+00:00","0.158","0.006","0.0381054"
"2012-08-21 07:30:00+00:00","0.332","0.031","0.03517185"
"2012-08-21 08:00:00+00:00","1.026","0.075","0.03807465"
"2012-08-21 08:30:00+00:00","0.313","0.35","0.03625425"
"2012-08-21 09:00:00+00:00","0.178","0.563","0.03567"
"2012-08-21 09:30:00+00:00","0.132","0.538","0.03554085"
"2012-08-21 10:00:00+00:00","0.102","0.719","0.03453225"
"2012-08-21 10:30:00+00:00","0.13","0.769","0.0338619"
"2012-08-21 11:00:00+00:00","0.187","0.8","0.03300705"
"2012-08-21 11:30:00+00:00","0.292","0.825","0.03277335"
"2012-08-21 12:00:00+00:00","0.568","0.825","0.03284715"
"2012-08-21 12:30:00+00:00","0.109","0.819","0.0326688"
"2012-08-21 13:00:00+00:00","0.103","0.788","0.03278565"
"2012-08-21 13:30:00+00:00","0.117","0.738","0.03384345"
"2012-08-21 14:00:00+00:00","0.056","0.688","0.03298245"
"2012-08-21 14:30:00+00:00","0.096","0.581","0.0326934"
"2012-08-21 15:00:00+00:00","0.07","0.494","0.03261345"
"2012-08-21 15:30:00+00:00","0.092","0.4","0.03293325"
"2012-08-21 16:00:00+00:00","0.078","0.3","0.0336036"
"2012-08-21 16:30:00+00:00","0.155","0.15","0.0330378"
"2012-08-21 17:00:00+00:00","0.208","0.056","0.0342309"
"2012-08-21 17:30:00+00:00","0.431","0.0","0.0326442"
"2012-08-21 18:00:00+00:00","0.508","0.0","0.03566385"
"2012-08-21 18:30:00+00:00","0.368","0.0","0.043665"
"2012-08-21 19:00:00+00:00","0.267","0.0","0.0446121"
"2012-08-21 19:30:00+00:00","0.33","0.0","0.0343662"
"2012-08-21 20:00:00+00:00","0.143","0.0","0.0346983"
"2012-08-21 20:30:00+00:00","0.198","0.0","0.03444615"
"2012-08-21 21:00:00+00:00","0.062","0.0","0.03416325"
"2012-08-21 21:30:00+00:00","0.116","0.0","0.0329763"
"2012-08-21 22:00:00+00:00","0.07","0.0","0.0322752"
"2012-08-21 22:30:00+00:00","0.107","0.0","0.0381177"
"2012-08-21 23:00:00+00:00","0.067","0.0","0.0338865"
"2012-08-21 23:30:00+00:00","0.09","0.0","0.03498735"
"2012-08-22 00:00:00+00:00","0.072","0.0","0.03348675"
"2012-08-22 00:30:00+00:00","0.1","0.0","0.0333945"
"2012-08-22 01:00:00+00:00","0.076","0.0","0.03381885"
"2012-08-22 01:30:00+00:00","0.056","0.0","0.0339357"
"2012-08-22 02:00:00+00:00","0.084","0.0","0.0332592"
"2012-08-22 02:30:00+00:00","0.038","0.0","0.03186315"
"2012-08-22 03:00:00+00:00","0.08","0.0","0.03144495"
"2012-08-22 03:30:00+00:00","0.044","0.0","0.03190005"
"2012-08-22 04:00:00+00:00","0.08","0.0","0.03143265"
"2012-08-22 04:30:00+00:00","0.138","0.0","0.03132195"
"2012-08-22 05:00:00+00:00","0.11","0.0","0.0313404"
"2012-08-22 05:30:00+00:00","0.224","0.0","0.03150645"
"2012-08-22 06:00:00+00:00","0.133","0.0","0.03153105"
"2012-08-22 06:30:00+00:00","0.293","0.0","0.0355962"
"2012-08-22 07:00:00+00:00","0.089","0.006","0.03503655"
"2012-08-22 07:30:00+00:00","0.414","0.019","0.03390495"
"2012-08-22 08:00:00+00:00","0.19","0.206","0.03456915"
"2012-08-22 08:30:00+00:00","0.084","0.275","0.03394185"
"2012-08-22 09:00:00+00:00","0.06","0.319","0.0343047"
"2012-08-22 09:30:00+00:00","0.13","0.269","0.0344277"
"2012-08-22 10:00:00+00:00","0.06","0.306","0.03336375"
"2012-08-22 10:30:00+00:00","0.088","0.481","0.03321615"
"2012-08-22 11:00:00+00:00","0.051","0.544","0.03284715"
"2012-08-22 11:30:00+00:00","0.103","0.675","0.03219525"
"2012-08-22 12:00:00+00:00","0.054","0.694","0.03151875"
"2012-08-22 12:30:00+00:00","0.091","0.775","0.03171555"
"2012-08-22 13:00:00+00:00","0.07","0.694","0.03108825"
"2012-08-22 13:30:00+00:00","0.15","0.594","0.030996"
"2012-08-22 14:00:00+00:00","0.051","0.544","0.0309099"
"2012-08-22 14:30:00+00:00","0.103","0.369","0.03204765"
"2012-08-22 15:00:00+00:00","0.056","0.338","0.03090375"
"2012-08-22 15:30:00+00:00","0.1","0.113","0.030996"
"2012-08-22 16:00:00+00:00","0.072","0.194","0.030996"
"2012-08-22 16:30:00+00:00","0.09","0.044","0.030996"
"2012-08-22 17:00:00+00:00","0.123","0.063","0.0311805"
"2012-08-22 17:30:00+00:00","0.248","0.0","0.0310206"
"2012-08-22 18:00:00+00:00","0.17","0.0","0.0327795"
"2012-08-22 18:30:00+00:00","0.314","0.0","0.03370815"
"2012-08-22 19:00:00+00:00","0.208","0.0","0.03220755"
"2012-08-22 19:30:00+00:00","0.287","0.0","0.0313035"
"2012-08-22 20:00:00+00:00","0.21","0.0","0.0318078"
"2012-08-22 20:30:00+00:00","0.207","0.0","0.03133425"
"2012-08-22 21:00:00+00:00","0.214","0.0","0.03150645"
"2012-08-22 21:30:00+00:00","0.114","0.0","0.03097755"
"2012-08-22 22:00:00+00:00","0.184","0.0","0.030996"
"2012-08-22 22:30:00+00:00","0.062","0.0","0.0321399"
"2012-08-22 23:00:00+00:00","0.98","0.0","0.03107595"
"2012-08-22 23:30:00+00:00","0.07","0.0","0.03139575"
"2012-08-23 00:00:00+00:00","0.109","0.0","0.03180165"
"2012-08-23 00:30:00+00:00","0.107","0.0","0.03226905"
"2012-08-23 01:00:00+00:00","0.106","0.0","0.0314265"
"2012-08-23 01:30:00+00:00","0.061","0.006","0.03130965"
"2012-08-23 02:00:00+00:00","0.071","0.0","0.03128505"
"2012-08-23 02:30:00+00:00","0.078","0.0","0.0313158"
"2012-08-23 03:00:00+00:00","0.067","0.0","0.03113745"
"2012-08-23 03:30:00+00:00","0.076","0.0","0.0298767"
"2012-08-23 04:00:00+00:00","0.059","0.0","0.02883735"
"2012-08-23 04:30:00+00:00","0.115","0.0","0.0296061"
"2012-08-23 05:00:00+00:00","0.065","0.0","0.03062085"
"2012-08-23 05:30:00+00:00","0.09","0.0","0.03167865"
"2012-08-23 06:00:00+00:00","0.081","0.0","0.0309591"
"2012-08-23 06:30:00+00:00","0.206","0.0","0.0312051"
"2012-08-23 07:00:00+00:00","0.095","0.0","0.0322629"
"2012-08-23 07:30:00+00:00","0.312","0.038","0.03037485"
"2012-08-23 08:00:00+00:00","0.158","0.256","0.03148185"
"2012-08-23 08:30:00+00:00","0.123","0.363","0.030996"
"2012-08-23 09:00:00+00:00","0.163","0.456","0.03132195"
"2012-08-23 09:30:00+00:00","0.057","0.6","0.0318078"
"2012-08-23 10:00:00+00:00","0.089","0.669","0.0320784"
"2012-08-23 10:30:00+00:00","0.044","0.725","0.03263805"
"2012-08-23 11:00:00+00:00","0.1","0.763","0.03250275"
"2012-08-23 11:30:00+00:00","0.062","0.706","0.03201075"
"2012-08-23 12:00:00+00:00","0.127","0.763","0.0307623"
"2012-08-23 12:30:00+00:00","0.102","0.788","0.03282255"
"2012-08-23 13:00:00+00:00","0.068","0.775","0.0320169"
"2012-08-23 13:30:00+00:00","0.106","0.725","0.03233055"
"2012-08-23 14:00:00+00:00","0.048","0.5","0.03244125"
"2012-08-23 14:30:00+00:00","0.113","0.556","0.03252735"
"2012-08-23 15:00:00+00:00","0.105","0.444","0.0316233"
"2012-08-23 15:30:00+00:00","0.104","0.319","0.0316848"
"2012-08-23 16:00:00+00:00","0.135","0.256","0.03417555"
"2012-08-23 16:30:00+00:00","0.294","0.075","0.03369585"
"2012-08-23 17:00:00+00:00","0.071","0.006","0.03344985"
"2012-08-23 17:30:00+00:00","0.173","0.0","0.03228135"
"2012-08-23 18:00:00+00:00","0.561","0.0","0.0333699"
"2012-08-23 18:30:00+00:00","0.635","0.0","0.03417555"
"2012-08-23 19:00:00+00:00","0.57","0.0","0.032841"
"2012-08-23 19:30:00+00:00","0.258","0.0","0.03139575"
"2012-08-23 20:00:00+00:00","0.351","0.006","0.03394185"
"2012-08-23 20:30:00+00:00","0.183","0.0","0.03397875"
"2012-08-23 21:00:00+00:00","0.106","0.0","0.03253965"
"2012-08-23 21:30:00+00:00","0.171","0.0","0.03096525"
"2012-08-23 22:00:00+00:00","0.121","0.0","0.0308976"
"2012-08-23 22:30:00+00:00","0.156","0.0","0.03482745"
"2012-08-23 23:00:00+00:00","0.089","0.0","0.0320292"
"2012-08-23 23:30:00+00:00","0.124","0.0","0.0324597"
"2012-08-24 00:00:00+00:00","0.892","0.0","0.0319431"
"2012-08-24 00:30:00+00:00","0.171","0.0","0.031365"
"2012-08-24 01:00:00+00:00","0.092","0.0","0.03145725"
"2012-08-24 01:30:00+00:00","0.14","0.0","0.03308085"
"2012-08-24 02:00:00+00:00","0.093","0.0","0.0317094"
"2012-08-24 02:30:00+00:00","0.083","0.0","0.03124815"
"2012-08-24 03:00:00+00:00","0.085","0.0","0.031857"
"2012-08-24 03:30:00+00:00","0.075","0.0","0.03101445"
"2012-08-24 04:00:00+00:00","0.105","0.0","0.0308115"
"2012-08-24 04:30:00+00:00","0.065","0.0","0.0306147"
"2012-08-24 05:00:00+00:00","0.132","0.0","0.03194925"
"2012-08-24 05:30:00+00:00","0.082","0.0","0.03223215"
"2012-08-24 06:00:00+00:00","0.091","0.0","0.0328164"
"2012-08-24 06:30:00+00:00","0.185","0.0","0.0345015"
"2012-08-24 07:00:00+00:00","0.291","0.0","0.0343416"
"2012-08-24 07:30:00+00:00","0.139","0.044","0.03294555"
"2012-08-24 08:00:00+00:00","0.348","0.325","0.0344154"
"2012-08-24 08:30:00+00:00","0.24","0.481","0.03433545"
"2012-08-24 09:00:00+00:00","0.109","0.594","0.0341079"
"2012-08-24 09:30:00+00:00","0.108","0.688","0.0342432"
"2012-08-24 10:00:00+00:00","0.05","0.763","0.0344646"
"2012-08-24 10:30:00+00:00","0.103","0.819","0.0343416"
"2012-08-24 11:00:00+00:00","0.04","0.863","0.0343539"
"2012-08-24 11:30:00+00:00","0.1","0.875","0.03397875"
"2012-08-24 12:00:00+00:00","0.074","0.875","0.03367125"
"2012-08-24 12:30:00+00:00","0.137","0.863","0.03358515"
"2012-08-24 13:00:00+00:00","0.037","0.838","0.03324075"
"2012-08-24 13:30:00+00:00","0.103","0.794","0.0322752"
"2012-08-24 14:00:00+00:00","0.044","0.744","0.03225675"
"2012-08-24 14:30:00+00:00","0.103","0.669","0.03337605"
"2012-08-24 15:00:00+00:00","0.06","0.581","0.03314235"
"2012-08-24 15:30:00+00:00","0.136","0.463","0.03274875"
"2012-08-24 16:00:00+00:00","0.107","0.331","0.0330378"
"2012-08-24 16:30:00+00:00","0.278","0.2","0.03394185"
"2012-08-24 17:00:00+00:00","0.095","0.056","0.03352365"
"2012-08-24 17:30:00+00:00","0.145","0.0","0.03235515"
"2012-08-24 18:00:00+00:00","0.257","0.0","0.03389265"
"2012-08-24 18:30:00+00:00","0.177","0.0","0.03502425"
"2012-08-24 19:00:00+00:00","0.158","0.0","0.0345876"
"2012-08-24 19:30:00+00:00","0.243","0.0","0.0322752"
"2012-08-24 20:00:00+00:00","0.162","0.0","0.0339726"
"2012-08-24 20:30:00+00:00","0.161","0.0","0.0337389"
"2012-08-24 21:00:00+00:00","0.229","0.0","0.0331731"
"2012-08-24 21:30:00+00:00","0.225","0.0","0.03250275"
"2012-08-24 22:00:00+00:00","0.221","0.0","0.0321276"
"2012-08-24 22:30:00+00:00","0.37","0.0","0.0347106"
"2012-08-24 23:00:00+00:00","0.134","0.0","0.0342801"
"2012-08-24 23:30:00+00:00","0.082","0.0","0.0354117"
"2012-08-25 00:00:00+00:00","0.099","0.0","0.03618045"
"2012-08-25 00:30:00+00:00","0.071","0.0","0.0338496"
"2012-08-25 01:00:00+00:00","0.096","0.0","0.0337143"
"2012-08-25 01:30:00+00:00","0.056","0.0","0.03427395"
"2012-08-25 02:00:00+00:00","0.084","0.0","0.0342555"
"2012-08-25 02:30:00+00:00","0.106","0.0","0.0338742"
"2012-08-25 03:00:00+00:00","0.089","0.0","0.0339234"
"2012-08-25 03:30:00+00:00","0.074","0.006","0.0330993"
"2012-08-25 04:00:00+00:00","0.058","0.0","0.0318939"
"2012-08-25 04:30:00+00:00","0.093","0.0","0.03156795"
"2012-08-25 05:00:00+00:00","0.05","0.0","0.03144495"
"2012-08-25 05:30:00+00:00","0.085","0.0","0.0313527"
"2012-08-25 06:00:00+00:00","0.044","0.0","0.0307869"
"2012-08-25 06:30:00+00:00","0.212","0.0","0.03170325"
"2012-08-25 07:00:00+00:00","0.11","0.0","0.03130965"
"2012-08-25 07:30:00+00:00","0.247","0.038","0.03203535"
"2012-08-25 08:00:00+00:00","0.219","0.319","0.0331362"
"2012-08-25 08:30:00+00:00","0.186","0.463","0.03295785"
"2012-08-25 09:00:00+00:00","0.131","0.575","0.0343293"
"2012-08-25 09:30:00+00:00","0.332","0.669","0.03336375"
"2012-08-25 10:00:00+00:00","0.125","0.738","0.0339234"
"2012-08-25 10:30:00+00:00","0.138","0.8","0.03256425"
"2012-08-25 11:00:00+00:00","0.128","0.831","0.03277335"
"2012-08-25 11:30:00+00:00","0.063","0.85","0.03133425"
"2012-08-25 12:00:00+00:00","0.652","0.844","0.032595"
"2012-08-25 12:30:00+00:00","0.593","0.825","0.03065775"
"2012-08-25 13:00:00+00:00","0.398","0.8","0.0309345"
"2012-08-25 13:30:00+00:00","0.455","0.725","0.0310083"
"2012-08-25 14:00:00+00:00","0.342","0.719","0.0310452"
"2012-08-25 14:30:00+00:00","0.12","0.65","0.0310083"
"2012-08-25 15:00:00+00:00","0.064","0.563","0.0310083"
"2012-08-25 15:30:00+00:00","0.17","0.456","0.0310329"
"2012-08-25 16:00:00+00:00","0.242","0.306","0.03134655"
"2012-08-25 16:30:00+00:00","0.102","0.138","0.0315003"
"2012-08-25 17:00:00+00:00","0.102","0.006","0.0325458"
"2012-08-25 17:30:00+00:00","0.161","0.0","0.03081765"
"2012-08-25 18:00:00+00:00","0.149","0.0","0.03400335"
"2012-08-25 18:30:00+00:00","0.209","0.0","0.03391725"
"2012-08-25 19:00:00+00:00","0.3","0.0","0.0343416"
"2012-08-25 19:30:00+00:00","0.249","0.0","0.0329394"
"2012-08-25 20:00:00+00:00","0.267","0.0","0.0342555"
"2012-08-25 20:30:00+00:00","0.21","0.0","0.03400335"
"2012-08-25 21:00:00+00:00","0.239","0.0","0.032718"
"2012-08-25 21:30:00+00:00","0.076","0.0","0.0334068"
"2012-08-25 22:00:00+00:00","0.12","0.0","0.032226"
"2012-08-25 22:30:00+00:00","0.08","0.0","0.0336405"
"2012-08-25 23:00:00+00:00","0.126","0.0","0.03447075"
"2012-08-25 23:30:00+00:00","0.093","0.0","0.03456915"
"2012-08-26 00:00:00+00:00","0.13","0.0","0.0339111"
"2012-08-26 00:30:00+00:00","0.095","0.0","0.03245355"
"2012-08-26 01:00:00+00:00","0.1","0.0","0.03187545"
"2012-08-26 01:30:00+00:00","0.064","0.0","0.0319554"
"2012-08-26 02:00:00+00:00","0.087","0.0","0.0311805"
"2012-08-26 02:30:00+00:00","0.084","0.0","0.03156795"
"2012-08-26 03:00:00+00:00","0.087","0.0","0.03111285"
"2012-08-26 03:30:00+00:00","0.068","0.0","0.03014115"
"2012-08-26 04:00:00+00:00","0.104","0.0","0.02931705"
"2012-08-26 04:30:00+00:00","0.105","0.0","0.0299259"
"2012-08-26 05:00:00+00:00","0.099","0.0","0.0304056"
"2012-08-26 05:30:00+00:00","0.068","0.0","0.02991975"
"2012-08-26 06:00:00+00:00","0.297","0.0","0.0288189"
"2012-08-26 06:30:00+00:00","0.099","0.0","0.02925555"
"2012-08-26 07:00:00+00:00","0.242","0.006","0.030996"
"2012-08-26 07:30:00+00:00","0.093","0.038","0.0307254"
"2012-08-26 08:00:00+00:00","0.056","0.131","0.03118665"
"2012-08-26 08:30:00+00:00","0.092","0.244","0.03127275"
"2012-08-26 09:00:00+00:00","0.079","0.269","0.0330009"
"2012-08-26 09:30:00+00:00","0.092","0.388","0.032472"
"2012-08-26 10:00:00+00:00","0.045","0.563","0.0319431"
"2012-08-26 10:30:00+00:00","0.09","0.713","0.03084225"
"2012-08-26 11:00:00+00:00","0.046","0.65","0.0312297"
"2012-08-26 11:30:00+00:00","0.102","0.613","0.0309591"
"2012-08-26 12:00:00+00:00","0.038","0.806","0.03087915"
"2012-08-26 12:30:00+00:00","0.124","0.644","0.0309591"
"2012-08-26 13:00:00+00:00","0.089","0.75","0.030996"
"2012-08-26 13:30:00+00:00","0.163","0.819","0.030996"
"2012-08-26 14:00:00+00:00","0.137","0.688","0.0308976"
"2012-08-26 14:30:00+00:00","0.375","0.338","0.03046095"
"2012-08-26 15:00:00+00:00","0.207","0.306","0.0309591"
"2012-08-26 15:30:00+00:00","0.258","0.206","0.03100215"
"2012-08-26 16:00:00+00:00","0.178","0.131","0.0315372"
"2012-08-26 16:30:00+00:00","0.113","0.156","0.03213375"
"2012-08-26 17:00:00+00:00","0.069","0.063","0.03118665"
"2012-08-26 17:30:00+00:00","0.075","0.0","0.031734"
"2012-08-26 18:00:00+00:00","0.069","0.0","0.0350796"
"2012-08-26 18:30:00+00:00","0.075","0.0","0.03581145"
"2012-08-26 19:00:00+00:00","0.074","0.0","0.03641415"
"2012-08-26 19:30:00+00:00","0.646","0.0","0.03463065"
"2012-08-26 20:00:00+00:00","0.874","0.0","0.0354732"
"2012-08-26 20:30:00+00:00","0.87","0.0","0.03493815"
"2012-08-26 21:00:00+00:00","1.039","0.0","0.0345753"
"2012-08-26 21:30:00+00:00","0.858","0.0","0.03408945"
"2012-08-26 22:00:00+00:00","0.194","0.0","0.03370815"
"2012-08-26 22:30:00+00:00","0.138","0.006","0.0350058"
"2012-08-26 23:00:00+00:00","0.077","0.0","0.03463065"
"2012-08-26 23:30:00+00:00","0.151","0.0","0.03437235"
"2012-08-27 00:00:00+00:00","0.101","0.0","0.0338496"
"2012-08-27 00:30:00+00:00","0.105","0.0","0.03199845"
"2012-08-27 01:00:00+00:00","0.044","0.0","0.03176475"
"2012-08-27 01:30:00+00:00","0.094","0.0","0.03390495"
"2012-08-27 02:00:00+00:00","0.052","0.0","0.0318324"
"2012-08-27 02:30:00+00:00","0.084","0.0","0.0313158"
"2012-08-27 03:00:00+00:00","0.06","0.0","0.03111285"
"2012-08-27 03:30:00+00:00","0.078","0.0","0.0319431"
"2012-08-27 04:00:00+00:00","0.095","0.0","0.03106365"
"2012-08-27 04:30:00+00:00","0.077","0.0","0.0319062"
"2012-08-27 05:00:00+00:00","0.094","0.0","0.0321645"
"2012-08-27 05:30:00+00:00","0.289","0.0","0.03352365"
"2012-08-27 06:00:00+00:00","0.132","0.0","0.0344277"
"2012-08-27 06:30:00+00:00","0.062","0.0","0.0368016"
"2012-08-27 07:00:00+00:00","0.312","0.0","0.03846825"
"2012-08-27 07:30:00+00:00","0.154","0.069","0.03570075"
"2012-08-27 08:00:00+00:00","0.187","0.356","0.03734895"
"2012-08-27 08:30:00+00:00","0.154","0.375","0.039237"
"2012-08-27 09:00:00+00:00","0.509","0.6","0.03583605"
"2012-08-27 09:30:00+00:00","0.284","0.606","0.03576225"
"2012-08-27 10:00:00+00:00","0.145","0.713","0.03464295"
"2012-08-27 10:30:00+00:00","0.152","0.813","0.0325704"
"2012-08-27 11:00:00+00:00","0.128","0.719","0.0326073"
"2012-08-27 11:30:00+00:00","0.152","0.581","0.0327057"
"2012-08-27 12:00:00+00:00","0.199","0.831","0.0326811"
"2012-08-27 12:30:00+00:00","0.258","0.713","0.03161715"
"2012-08-27 13:00:00+00:00","0.173","0.344","0.0308115"
"2012-08-27 13:30:00+00:00","0.139","0.538","0.032103"
"2012-08-27 14:00:00+00:00","0.059","0.719","0.0312051"
"2012-08-27 14:30:00+00:00","0.097","0.581","0.03143265"
"2012-08-27 15:00:00+00:00","0.064","0.556","0.03017805"
"2012-08-27 15:30:00+00:00","0.099","0.463","0.0309222"
"2012-08-27 16:00:00+00:00","0.107","0.338","0.03123585"
"2012-08-27 16:30:00+00:00","0.257","0.206","0.03313005"
"2012-08-27 17:00:00+00:00","0.14","0.063","0.0319923"
"2012-08-27 17:30:00+00:00","0.076","0.0","0.0313527"
"2012-08-27 18:00:00+00:00","0.123","0.0","0.0347721"
"2012-08-27 18:30:00+00:00","0.403","0.0","0.0346491"
"2012-08-27 19:00:00+00:00","0.195","0.0","0.0342801"
"2012-08-27 19:30:00+00:00","0.195","0.0","0.03381885"
"2012-08-27 20:00:00+00:00","0.824","0.0","0.0336528"
"2012-08-27 20:30:00+00:00","0.862","0.0","0.0349812"
"2012-08-27 21:00:00+00:00","1.062","0.0","0.03456915"
"2012-08-27 21:30:00+00:00","0.316","0.0","0.03276105"
"2012-08-27 22:00:00+00:00","0.107","0.0","0.03112515"
"2012-08-27 22:30:00+00:00","0.167","0.0","0.03479055"
"2012-08-27 23:00:00+00:00","0.119","0.0","0.0326196"
"2012-08-27 23:30:00+00:00","0.097","0.0","0.0330501"
"2012-08-28 00:00:00+00:00","0.11","0.0","0.0347229"
"2012-08-28 00:30:00+00:00","0.26","0.0","0.0340341"
"2012-08-28 01:00:00+00:00","0.77","0.0","0.0340956"
"2012-08-28 01:30:00+00:00","0.071","0.0","0.03352365"
"2012-08-28 02:00:00+00:00","0.072","0.0","0.03230595"
"2012-08-28 02:30:00+00:00","0.077","0.0","0.03112515"
"2012-08-28 03:00:00+00:00","0.046","0.0","0.03026415"
"2012-08-28 03:30:00+00:00","0.115","0.0","0.03035025"
"2012-08-28 04:00:00+00:00","0.053","0.0","0.029766"
"2012-08-28 04:30:00+00:00","0.075","0.0","0.0304179"
"2012-08-28 05:00:00+00:00","0.052","0.0","0.03199845"
"2012-08-28 05:30:00+00:00","0.092","0.0","0.03226905"
"2012-08-28 06:00:00+00:00","0.197","0.0","0.0322506"
"2012-08-28 06:30:00+00:00","0.173","0.0","0.0353256"
"2012-08-28 07:00:00+00:00","0.14","0.0","0.03413865"
"2012-08-28 07:30:00+00:00","0.146","0.05","0.0333084"
"2012-08-28 08:00:00+00:00","0.256","0.325","0.03444615"
"2012-08-28 08:30:00+00:00","0.45","0.475","0.03373275"
"2012-08-28 09:00:00+00:00","0.178","0.575","0.0336282"
"2012-08-28 09:30:00+00:00","0.095","0.663","0.0338373"
"2012-08-28 10:00:00+00:00","0.087","0.725","0.0325212"
"2012-08-28 10:30:00+00:00","0.049","0.769","0.03144495"
"2012-08-28 11:00:00+00:00","0.269","0.806","0.03130965"
"2012-08-28 11:30:00+00:00","0.076","0.819","0.03082995"
"2012-08-28 12:00:00+00:00","0.112","0.825","0.03098985"
"2012-08-28 12:30:00+00:00","0.084","0.813","0.03113745"
"2012-08-28 13:00:00+00:00","0.077","0.638","0.03102675"
"2012-08-28 13:30:00+00:00","0.247","0.688","0.0313035"
"2012-08-28 14:00:00+00:00","0.082","0.7","0.03162945"
"2012-08-28 14:30:00+00:00","0.115","0.481","0.03140805"
"2012-08-28 15:00:00+00:00","0.077","0.356","0.03123585"
"2012-08-28 15:30:00+00:00","0.153","0.381","0.03116205"
"2012-08-28 16:00:00+00:00","0.114","0.269","0.03110055"
"2012-08-28 16:30:00+00:00","0.106","0.125","0.03116205"
"2012-08-28 17:00:00+00:00","0.067","0.056","0.0321891"
"2012-08-28 17:30:00+00:00","0.235","0.013","0.03046095"
"2012-08-28 18:00:00+00:00","0.343","0.0","0.03353595"
"2012-08-28 18:30:00+00:00","0.228","0.0","0.03581145"
"2012-08-28 19:00:00+00:00","0.252","0.0","0.0344769"
"2012-08-28 19:30:00+00:00","0.172","0.0","0.0338373"
"2012-08-28 20:00:00+00:00","0.208","0.0","0.0331239"
"2012-08-28 20:30:00+00:00","0.326","0.0","0.0337389"
"2012-08-28 21:00:00+00:00","0.174","0.0","0.0322998"
"2012-08-28 21:30:00+00:00","0.202","0.0","0.03246585"
"2012-08-28 22:00:00+00:00","0.108","0.0","0.0314388"
"2012-08-28 22:30:00+00:00","0.135","0.0","0.03369585"
"2012-08-28 23:00:00+00:00","0.125","0.0","0.03269955"
"2012-08-28 23:30:00+00:00","0.1","0.0","0.03519645"
"2012-08-29 00:00:00+00:00","0.049","0.0","0.0334683"
"2012-08-29 00:30:00+00:00","0.094","0.0","0.0340341"
"2012-08-29 01:00:00+00:00","0.055","0.0","0.03368355"
"2012-08-29 01:30:00+00:00","0.098","0.0","0.0333207"
"2012-08-29 02:00:00+00:00","0.048","0.0","0.0338127"
"2012-08-29 02:30:00+00:00","0.122","0.0","0.0313773"
"2012-08-29 03:00:00+00:00","0.087","0.0","0.03096525"
"2012-08-29 03:30:00+00:00","0.073","0.0","0.0309222"
"2012-08-29 04:00:00+00:00","0.068","0.0","0.02971065"
"2012-08-29 04:30:00+00:00","0.071","0.0","0.0307869"
"2012-08-29 05:00:00+00:00","0.078","0.0","0.0311682"
"2012-08-29 05:30:00+00:00","0.06","0.0","0.0336036"
"2012-08-29 06:00:00+00:00","0.541","0.0","0.03215835"
"2012-08-29 06:30:00+00:00","0.146","0.0","0.0342924"
"2012-08-29 07:00:00+00:00","0.459","0.006","0.03434775"
"2012-08-29 07:30:00+00:00","0.707","0.05","0.03268725"
"2012-08-29 08:00:00+00:00","0.21","0.313","0.03427395"
"2012-08-29 08:30:00+00:00","0.133","0.469","0.034194"
"2012-08-29 09:00:00+00:00","0.137","0.575","0.0325212"
"2012-08-29 09:30:00+00:00","0.059","0.663","0.0323736"
"2012-08-29 10:00:00+00:00","0.067","0.731","0.0323736"
"2012-08-29 10:30:00+00:00","0.083","0.375","0.03153105"
"2012-08-29 11:00:00+00:00","0.096","0.481","0.03101445"
"2012-08-29 11:30:00+00:00","0.069","0.381","0.030996"
"2012-08-29 12:00:00+00:00","0.06","0.469","0.03095295"
"2012-08-29 12:30:00+00:00","0.087","0.55","0.03105135"
"2012-08-29 13:00:00+00:00","0.111","0.738","0.03105135"
"2012-08-29 13:30:00+00:00","0.074","0.506","0.03128505"
"2012-08-29 14:00:00+00:00","0.084","0.631","0.03111285"
"2012-08-29 14:30:00+00:00","0.113","0.55","0.03108825"
"2012-08-29 15:00:00+00:00","0.071","0.1","0.0309222"
"2012-08-29 15:30:00+00:00","0.078","0.075","0.0308361"
"2012-08-29 16:00:00+00:00","0.072","0.025","0.03107595"
"2012-08-29 16:30:00+00:00","0.086","0.019","0.03142035"
"2012-08-29 17:00:00+00:00","0.338","0.019","0.0312174"
"2012-08-29 17:30:00+00:00","0.212","0.0","0.02974755"
"2012-08-29 18:00:00+00:00","0.112","0.0","0.0323244"
"2012-08-29 18:30:00+00:00","0.102","0.0","0.03235515"
"2012-08-29 19:00:00+00:00","0.063","0.0","0.0313527"
"2012-08-29 19:30:00+00:00","0.098","0.0","0.03089145"
"2012-08-29 20:00:00+00:00","0.068","0.0","0.03138345"
"2012-08-29 20:30:00+00:00","0.346","0.0","0.0325704"
"2012-08-29 21:00:00+00:00","0.209","0.0","0.0315249"
"2012-08-29 21:30:00+00:00","0.276","0.0","0.030996"
"2012-08-29 22:00:00+00:00","0.165","0.0","0.0309837"
"2012-08-29 22:30:00+00:00","0.256","0.0","0.0324966"
"2012-08-29 23:00:00+00:00","0.214","0.0","0.0317217"
"2012-08-29 23:30:00+00:00","0.112","0.0","0.0327795"
"2012-08-30 00:00:00+00:00","0.06","0.0","0.0330501"
"2012-08-30 00:30:00+00:00","0.091","0.0","0.03297015"
"2012-08-30 01:00:00+00:00","0.067","0.0","0.03333915"
"2012-08-30 01:30:00+00:00","0.109","0.0","0.0318324"
"2012-08-30 02:00:00+00:00","0.041","0.0","0.03199845"
"2012-08-30 02:30:00+00:00","0.084","0.0","0.0314757"
"2012-08-30 03:00:00+00:00","0.048","0.0","0.0308607"
"2012-08-30 03:30:00+00:00","0.077","0.0","0.03062085"
"2012-08-30 04:00:00+00:00","0.053","0.0","0.0295569"
"2012-08-30 04:30:00+00:00","0.166","0.0","0.0296553"
"2012-08-30 05:00:00+00:00","0.317","0.0","0.03076845"
"2012-08-30 05:30:00+00:00","0.211","0.0","0.0309714"
"2012-08-30 06:00:00+00:00","0.171","0.0","0.0309591"
"2012-08-30 06:30:00+00:00","0.18","0.0","0.0320169"
"2012-08-30 07:00:00+00:00","0.256","0.006","0.03444615"
"2012-08-30 07:30:00+00:00","0.1","0.044","0.03128505"
"2012-08-30 08:00:00+00:00","0.315","0.313","0.03297015"
"2012-08-30 08:30:00+00:00","0.317","0.469","0.03245355"
"2012-08-30 09:00:00+00:00","0.188","0.575","0.0317217"
"2012-08-30 09:30:00+00:00","0.059","0.606","0.03197385"
"2012-08-30 10:00:00+00:00","0.105","0.7","0.031119"
"2012-08-30 10:30:00+00:00","0.04","0.775","0.0310821"
"2012-08-30 11:00:00+00:00","0.102","0.825","0.030996"
"2012-08-30 11:30:00+00:00","0.063","0.838","0.03097755"
"2012-08-30 12:00:00+00:00","0.217","0.844","0.03016575"
"2012-08-30 12:30:00+00:00","0.1","0.825","0.0308361"
"2012-08-30 13:00:00+00:00","0.106","0.813","0.03075"
"2012-08-30 13:30:00+00:00","0.072","0.775","0.03161715"
"2012-08-30 14:00:00+00:00","0.064","0.719","0.03106365"
"2012-08-30 14:30:00+00:00","0.087","0.65","0.0309468"
"2012-08-30 15:00:00+00:00","0.055","0.569","0.03075"
"2012-08-30 15:30:00+00:00","0.116","0.475","0.030996"
"2012-08-30 16:00:00+00:00","0.078","0.363","0.0309837"
"2012-08-30 16:30:00+00:00","0.11","0.15","0.03150645"
"2012-08-30 17:00:00+00:00","0.273","0.088","0.03080535"
"2012-08-30 17:30:00+00:00","0.182","0.006","0.0305163"
"2012-08-30 18:00:00+00:00","0.119","0.0","0.0337143"
"2012-08-30 18:30:00+00:00","0.055","0.0","0.03357285"
"2012-08-30 19:00:00+00:00","0.117","0.0","0.0338373"
"2012-08-30 19:30:00+00:00","0.098","0.0","0.0321276"
"2012-08-30 20:00:00+00:00","0.108","0.0","0.03281025"
"2012-08-30 20:30:00+00:00","0.261","0.0","0.0327918"
"2012-08-30 21:00:00+00:00","0.19","0.0","0.03220755"
"2012-08-30 21:30:00+00:00","0.236","0.0","0.0316725"
"2012-08-30 22:00:00+00:00","0.093","0.0","0.03078075"
"2012-08-30 22:30:00+00:00","0.072","0.0","0.0341325"
"2012-08-30 23:00:00+00:00","0.101","0.0","0.0313158"
"2012-08-30 23:30:00+00:00","0.084","0.0","0.032349"
"2012-08-31 00:00:00+00:00","0.061","0.0","0.0313281"
"2012-08-31 00:30:00+00:00","0.065","0.0","0.03183855"
"2012-08-31 01:00:00+00:00","0.051","0.0","0.03249045"
"2012-08-31 01:30:00+00:00","0.089","0.0","0.03247815"
"2012-08-31 02:00:00+00:00","0.051","0.0","0.03129735"
"2012-08-31 02:30:00+00:00","0.08","0.0","0.0310329"
"2012-08-31 03:00:00+00:00","0.08","0.0","0.03060855"
"2012-08-31 03:30:00+00:00","0.087","0.0","0.0296061"
"2012-08-31 04:00:00+00:00","0.048","0.0","0.0302826"
"2012-08-31 04:30:00+00:00","0.068","0.0","0.0298398"
"2012-08-31 05:00:00+00:00","0.051","0.0","0.0311682"
"2012-08-31 05:30:00+00:00","0.076","0.0","0.0313035"
"2012-08-31 06:00:00+00:00","0.051","0.0","0.0318816"
"2012-08-31 06:30:00+00:00","0.06","0.0","0.03410175"
"2012-08-31 07:00:00+00:00","0.246","0.025","0.0344769"
"2012-08-31 07:30:00+00:00","0.243","0.1","0.03295785"
"2012-08-31 08:00:00+00:00","0.464","0.306","0.0342309"
"2012-08-31 08:30:00+00:00","0.315","0.356","0.03376965"
"2012-08-31 09:00:00+00:00","0.075","0.488","0.03394185"
"2012-08-31 09:30:00+00:00","0.038","0.706","0.0326934"
"2012-08-31 10:00:00+00:00","0.086","0.775","0.03084225"
"2012-08-31 10:30:00+00:00","0.04","0.813","0.03145725"
"2012-08-31 11:00:00+00:00","0.133","0.844","0.03143265"
"2012-08-31 11:30:00+00:00","0.041","0.863","0.0307746"
"2012-08-31 12:00:00+00:00","0.092","0.85","0.0310698"
"2012-08-31 12:30:00+00:00","0.039","0.788","0.0312789"
"2012-08-31 13:00:00+00:00","0.088","0.7","0.03105135"
"2012-08-31 13:30:00+00:00","0.042","0.738","0.03105135"
"2012-08-31 14:00:00+00:00","0.106","0.475","0.03075"
"2012-08-31 14:30:00+00:00","0.082","0.281","0.03094065"
"2012-08-31 15:00:00+00:00","0.085","0.344","0.030996"
"2012-08-31 15:30:00+00:00","0.047","0.338","0.03075615"
"2012-08-31 16:00:00+00:00","0.096","0.244","0.033948"
"2012-08-31 16:30:00+00:00","0.048","0.038","0.0336651"
"2012-08-31 17:00:00+00:00","0.079","0.013","0.0340218"
"2012-08-31 17:30:00+00:00","0.053","0.0","0.03140805"
"2012-08-31 18:00:00+00:00","0.131","0.0","0.03422475"
"2012-08-31 18:30:00+00:00","0.05","0.0","0.0383268"
"2012-08-31 19:00:00+00:00","0.077","0.0","0.039237"
"2012-08-31 19:30:00+00:00","0.046","0.0","0.03918165"
"2012-08-31 20:00:00+00:00","0.078","0.0","0.04272405"
"2012-08-31 20:30:00+00:00","0.056","0.0","0.0449565"
"2012-08-31 21:00:00+00:00","0.071","0.006","0.041451"
"2012-08-31 21:30:00+00:00","0.067","0.0","0.0452886"
"2012-08-31 22:00:00+00:00","0.1","0.0","0.0374781"
"2012-08-31 22:30:00+00:00","0.058","0.0","0.0491631"
"2012-08-31 23:00:00+00:00","0.057","0.0","0.0405777"
"2012-08-31 23:30:00+00:00","0.063","0.0","0.03966135"
"2012-09-01 00:00:00+00:00","0.06","0.0","0.0398274"
"2012-09-01 00:30:00+00:00","0.051","0.0","0.0381423"
"2012-09-01 01:00:00+00:00","0.057","0.0","0.0351411"
"2012-09-01 01:30:00+00:00","0.074","0.0","0.0346983"
"2012-09-01 02:00:00+00:00","0.07","0.0","0.03439695"
"2012-09-01 02:30:00+00:00","0.087","0.0","0.03411405"
"2012-09-01 03:00:00+00:00","0.047","0.0","0.0344154"
"2012-09-01 03:30:00+00:00","0.073","0.0","0.03444"
"2012-09-01 04:00:00+00:00","0.037","0.0","0.0342801"
"2012-09-01 04:30:00+00:00","0.073","0.0","0.0323736"
"2012-09-01 05:00:00+00:00","0.046","0.0","0.030996"
"2012-09-01 05:30:00+00:00","0.062","0.0","0.0316725"
"2012-09-01 06:00:00+00:00","0.051","0.0","0.0316848"
"2012-09-01 06:30:00+00:00","0.076","0.0","0.0314388"
"2012-09-01 07:00:00+00:00","0.072","0.0","0.03268725"
"2012-09-01 07:30:00+00:00","0.07","0.044","0.0323859"
"2012-09-01 08:00:00+00:00","0.049","0.369","0.03392955"
"2012-09-01 08:30:00+00:00","0.06","0.525","0.03458145"
"2012-09-01 09:00:00+00:00","0.047","0.638","0.0360267"
"2012-09-01 09:30:00+00:00","0.074","0.725","0.0390402"
"2012-09-01 10:00:00+00:00","0.037","0.794","0.0388803"
"2012-09-01 10:30:00+00:00","0.075","0.85","0.03488895"
"2012-09-01 11:00:00+00:00","0.082","0.869","0.0328779"
"2012-09-01 11:30:00+00:00","0.084","0.888","0.031488"
"2012-09-01 12:00:00+00:00","0.041","0.875","0.03213375"
"2012-09-01 12:30:00+00:00","0.083","0.856","0.03114975"
"2012-09-01 13:00:00+00:00","0.043","0.825","0.03107595"
"2012-09-01 13:30:00+00:00","0.078","0.788","0.03004275"
"2012-09-01 14:00:00+00:00","0.039","0.569","0.03048555"
"2012-09-01 14:30:00+00:00","0.112","0.638","0.0308361"
"2012-09-01 15:00:00+00:00","0.06","0.581","0.03028875"
"2012-09-01 15:30:00+00:00","0.081","0.388","0.03076845"
"2012-09-01 16:00:00+00:00","0.047","0.238","0.03117435"
"2012-09-01 16:30:00+00:00","0.085","0.144","0.03177705"
"2012-09-01 17:00:00+00:00","0.031","0.013","0.03239205"
"2012-09-01 17:30:00+00:00","0.093","0.0","0.03170325"
"2012-09-01 18:00:00+00:00","0.047","0.0","0.03626655"
"2012-09-01 18:30:00+00:00","0.116","0.0","0.0420291"
"2012-09-01 19:00:00+00:00","0.04","0.0","0.04006725"
"2012-09-01 19:30:00+00:00","0.084","0.0","0.0383883"
"2012-09-01 20:00:00+00:00","0.043","0.0","0.0383391"
"2012-09-01 20:30:00+00:00","0.075","0.0","0.04001805"
"2012-09-01 21:00:00+00:00","0.045","0.0","0.04062075"
"2012-09-01 21:30:00+00:00","0.077","0.0","0.03777945"
"2012-09-01 22:00:00+00:00","0.048","0.0","0.0360759"
"2012-09-01 22:30:00+00:00","0.113","0.0","0.03824685"
"2012-09-01 23:00:00+00:00","0.037","0.0","0.0382776"
"2012-09-01 23:30:00+00:00","0.084","0.0","0.0382776"
"2012-09-02 00:00:00+00:00","0.031","0.0","0.0363711"
"2012-09-02 00:30:00+00:00","0.079","0.0","0.03557775"
"2012-09-02 01:00:00+00:00","0.046","0.0","0.0328041"
"2012-09-02 01:30:00+00:00","0.066","0.0","0.0322629"
"2012-09-02 02:00:00+00:00","0.042","0.0","0.0314757"
"2012-09-02 02:30:00+00:00","0.122","0.0","0.03124815"
"2012-09-02 03:00:00+00:00","0.042","0.0","0.03117435"
"2012-09-02 03:30:00+00:00","0.071","0.0","0.03119895"
"2012-09-02 04:00:00+00:00","0.039","0.0","0.0307623"
"2012-09-02 04:30:00+00:00","0.084","0.0","0.0314757"
"2012-09-02 05:00:00+00:00","0.034","0.0","0.0306147"
"2012-09-02 05:30:00+00:00","0.078","0.006","0.03137115"
"2012-09-02 06:00:00+00:00","0.044","0.0","0.03067005"
"2012-09-02 06:30:00+00:00","0.066","0.0","0.0301719"
"2012-09-02 07:00:00+00:00","0.079","0.0","0.0311928"
"2012-09-02 07:30:00+00:00","0.08","0.05","0.03025185"
"2012-09-02 08:00:00+00:00","0.04","0.363","0.03154335"
"2012-09-02 08:30:00+00:00","0.066","0.513","0.0319554"
"2012-09-02 09:00:00+00:00","0.046","0.619","0.0324105"
"2012-09-02 09:30:00+00:00","0.075","0.7","0.0313158"
"2012-09-02 10:00:00+00:00","0.034","0.769","0.0312297"
"2012-09-02 10:30:00+00:00","0.086","0.813","0.0316602"
"2012-09-02 11:00:00+00:00","0.081","0.85","0.03156795"
"2012-09-02 11:30:00+00:00","0.083","0.856","0.03132195"
"2012-09-02 12:00:00+00:00","0.039","0.844","0.03064545"
"2012-09-02 12:30:00+00:00","0.09","0.844","0.03075"
"2012-09-02 13:00:00+00:00","0.045","0.819","0.0306393"
"2012-09-02 13:30:00+00:00","0.076","0.781","0.02908335"
"2012-09-02 14:00:00+00:00","0.046","0.731","0.02963685"
"2012-09-02 14:30:00+00:00","0.138","0.663","0.03067005"
"2012-09-02 15:00:00+00:00","0.043","0.575","0.0308484"
"2012-09-02 15:30:00+00:00","0.083","0.475","0.02980905"
"2012-09-02 16:00:00+00:00","0.046","0.356","0.0308976"
"2012-09-02 16:30:00+00:00","0.096","0.219","0.03110055"
"2012-09-02 17:00:00+00:00","0.033","0.069","0.0312543"
"2012-09-02 17:30:00+00:00","0.092","0.0","0.03059625"
"2012-09-02 18:00:00+00:00","0.086","0.0","0.0334068"
"2012-09-02 18:30:00+00:00","0.097","0.0","0.03582375"
"2012-09-02 19:00:00+00:00","0.033","0.0","0.0341571"
"2012-09-02 19:30:00+00:00","0.086","0.0","0.03359745"
"2012-09-02 20:00:00+00:00","0.049","0.0","0.0336282"
"2012-09-02 20:30:00+00:00","0.088","0.0","0.03408945"
"2012-09-02 21:00:00+00:00","0.036","0.0","0.0342309"
"2012-09-02 21:30:00+00:00","0.095","0.0","0.0333576"
"2012-09-02 22:00:00+00:00","0.074","0.0","0.03230595"
"2012-09-02 22:30:00+00:00","0.077","0.0","0.03233055"
"2012-09-02 23:00:00+00:00","0.043","0.0","0.03198615"
"2012-09-02 23:30:00+00:00","0.077","0.0","0.03310545"
"2012-09-03 00:00:00+00:00","0.052","0.0","0.03201075"
"2012-09-03 00:30:00+00:00","0.061","0.0","0.03137115"
"2012-09-03 01:00:00+00:00","0.055","0.0","0.03133425"
"2012-09-03 01:30:00+00:00","0.073","0.0","0.03132195"
"2012-09-03 02:00:00+00:00","0.086","0.006","0.03023955"
"2012-09-03 02:30:00+00:00","0.064","0.0","0.03106365"
"2012-09-03 03:00:00+00:00","0.067","0.0","0.03112515"
"2012-09-03 03:30:00+00:00","0.05","0.0","0.0312297"
"2012-09-03 04:00:00+00:00","0.065","0.0","0.03133425"
"2012-09-03 04:30:00+00:00","0.052","0.0","0.0317586"
"2012-09-03 05:00:00+00:00","0.08","0.0","0.0317832"
"2012-09-03 05:30:00+00:00","0.031","0.0","0.0324474"
"2012-09-03 06:00:00+00:00","0.078","0.0","0.0328287"
"2012-09-03 06:30:00+00:00","0.077","0.0","0.03647565"
"2012-09-03 07:00:00+00:00","0.073","0.0","0.03836985"
"2012-09-03 07:30:00+00:00","0.043","0.056","0.0339357"
"2012-09-03 08:00:00+00:00","0.075","0.375","0.03753345"
"2012-09-03 08:30:00+00:00","0.035","0.519","0.03466755"
"2012-09-03 09:00:00+00:00","0.072","0.619","0.033948"
"2012-09-03 09:30:00+00:00","0.047","0.7","0.0337143"
"2012-09-03 10:00:00+00:00","0.071","0.756","0.03284715"
"2012-09-03 10:30:00+00:00","0.067","0.794","0.0329025"
"2012-09-03 11:00:00+00:00","0.106","0.838","0.0325212"
"2012-09-03 11:30:00+00:00","0.042","0.844","0.0316725"
"2012-09-03 12:00:00+00:00","0.082","0.85","0.03162945"
"2012-09-03 12:30:00+00:00","0.036","0.825","0.03757035"
"2012-09-03 13:00:00+00:00","0.092","0.794","0.0390402"
"2012-09-03 13:30:00+00:00","0.038","0.769","0.04189995"
"2012-09-03 14:00:00+00:00","0.109","0.713","0.03253965"
"2012-09-03 14:30:00+00:00","0.071","0.65","0.0337881"
"2012-09-03 15:00:00+00:00","0.096","0.569","0.0342186"
"2012-09-03 15:30:00+00:00","0.029","0.463","0.0325089"
"2012-09-03 16:00:00+00:00","0.094","0.344","0.0359898"
"2012-09-03 16:30:00+00:00","0.048","0.219","0.0380316"
"2012-09-03 17:00:00+00:00","0.097","0.069","0.0381915"
"2012-09-03 17:30:00+00:00","0.059","0.0","0.035793"
"2012-09-03 18:00:00+00:00","0.115","0.0","0.0379209"
"2012-09-03 18:30:00+00:00","0.048","0.0","0.05252715"
"2012-09-03 19:00:00+00:00","0.092","0.0","0.0631974"
"2012-09-03 19:30:00+00:00","0.028","0.0","0.0467154"
"2012-09-03 20:00:00+00:00","0.09","0.0","0.0441447"
"2012-09-03 20:30:00+00:00","0.051","0.0","0.0415986"
"2012-09-03 21:00:00+00:00","0.1","0.0","0.038253"
"2012-09-03 21:30:00+00:00","0.067","0.0","0.03662325"
"2012-09-03 22:00:00+00:00","0.086","0.0","0.03274875"
"2012-09-03 22:30:00+00:00","0.047","0.0","0.0354486"
"2012-09-03 23:00:00+00:00","0.076","0.0","0.03335145"
"2012-09-03 23:30:00+00:00","0.041","0.0","0.03456915"
"2012-09-04 00:00:00+00:00","0.081","0.0","0.0331362"
"2012-09-04 00:30:00+00:00","0.056","0.0","0.03230595"
"2012-09-04 01:00:00+00:00","0.069","0.0","0.03287175"
"2012-09-04 01:30:00+00:00","0.091","0.0","0.03319155"
"2012-09-04 02:00:00+00:00","0.068","0.0","0.0329517"
"2012-09-04 02:30:00+00:00","0.055","0.0","0.0325089"
"2012-09-04 03:00:00+00:00","0.057","0.0","0.0323244"
"2012-09-04 03:30:00+00:00","0.07","0.0","0.03116205"
"2012-09-04 04:00:00+00:00","0.052","0.0","0.02900955"
"2012-09-04 04:30:00+00:00","0.069","0.0","0.02993205"
"2012-09-04 05:00:00+00:00","0.047","0.0","0.0308853"
"2012-09-04 05:30:00+00:00","0.108","0.0","0.03174015"
"2012-09-04 06:00:00+00:00","0.042","0.0","0.0318816"
"2012-09-04 06:30:00+00:00","0.082","0.0","0.0342432"
"2012-09-04 07:00:00+00:00","0.039","0.013","0.0383514"
"2012-09-04 07:30:00+00:00","0.074","0.056","0.0330255"
"2012-09-04 08:00:00+00:00","0.033","0.381","0.0326319"
"2012-09-04 08:30:00+00:00","0.083","0.463","0.032964"
"2012-09-04 09:00:00+00:00","0.037","0.588","0.03165405"
"2012-09-04 09:30:00+00:00","0.079","0.706","0.0314634"
"2012-09-04 10:00:00+00:00","0.086","0.756","0.0315126"
"2012-09-04 10:30:00+00:00","0.08","0.806","0.0317586"
"2012-09-04 11:00:00+00:00","0.041","0.831","0.031734"
"2012-09-04 11:30:00+00:00","0.084","0.838","0.0314634"
"2012-09-04 12:00:00+00:00","0.048","0.838","0.0309591"
"2012-09-04 12:30:00+00:00","0.083","0.819","0.03171555"
"2012-09-04 13:00:00+00:00","0.054","0.806","0.03148185"
"2012-09-04 13:30:00+00:00","0.119","0.763","0.03121125"
"2012-09-04 14:00:00+00:00","0.058","0.706","0.03114975"
"2012-09-04 14:30:00+00:00","0.082","0.65","0.0314634"
"2012-09-04 15:00:00+00:00","0.047","0.563","0.03122355"
"2012-09-04 15:30:00+00:00","0.084","0.469","0.03156795"
"2012-09-04 16:00:00+00:00","0.055","0.344","0.03158025"
"2012-09-04 16:30:00+00:00","0.11","0.219","0.031119"
"2012-09-04 17:00:00+00:00","0.074","0.075","0.0314511"
"2012-09-04 17:30:00+00:00","0.092","0.0","0.0313158"
"2012-09-04 18:00:00+00:00","0.048","0.0","0.03295785"
"2012-09-04 18:30:00+00:00","0.087","0.0","0.03527025"
"2012-09-04 19:00:00+00:00","0.045","0.0","0.0339603"
"2012-09-04 19:30:00+00:00","0.089","0.0","0.03354825"
"2012-09-04 20:00:00+00:00","0.071","0.0","0.03363435"
"2012-09-04 20:30:00+00:00","0.105","0.0","0.03358515"
"2012-09-04 21:00:00+00:00","0.057","0.0","0.03348675"
"2012-09-04 21:30:00+00:00","0.083","0.0","0.0322014"
"2012-09-04 22:00:00+00:00","0.061","0.0","0.0312051"
"2012-09-04 22:30:00+00:00","0.072","0.0","0.0367278"
"2012-09-04 23:00:00+00:00","0.049","0.0","0.0324351"
"2012-09-04 23:30:00+00:00","0.07","0.0","0.0338004"
"2012-09-05 00:00:00+00:00","0.111","0.0","0.0326934"
"2012-09-05 00:30:00+00:00","0.06","0.0","0.0327426"
"2012-09-05 01:00:00+00:00","0.062","0.0","0.0331116"
"2012-09-05 01:30:00+00:00","0.059","0.0","0.03267495"
"2012-09-05 02:00:00+00:00","0.082","0.0","0.0315864"
"2012-09-05 02:30:00+00:00","0.035","0.0","0.031242"
"2012-09-05 03:00:00+00:00","0.083","0.0","0.029151"
"2012-09-05 03:30:00+00:00","0.047","0.0","0.02935395"
"2012-09-05 04:00:00+00:00","0.113","0.0","0.02709075"
"2012-09-05 04:30:00+00:00","0.04","0.0","0.02912025"
"2012-09-05 05:00:00+00:00","0.085","0.0","0.0305409"
"2012-09-05 05:30:00+00:00","0.037","0.0","0.03126045"
"2012-09-05 06:00:00+00:00","0.078","0.0","0.0319554"
"2012-09-05 06:30:00+00:00","0.042","0.0","0.03247815"
"2012-09-05 07:00:00+00:00","0.08","0.006","0.03672165"
"2012-09-05 07:30:00+00:00","0.039","0.056","0.03322845"
"2012-09-05 08:00:00+00:00","0.085","0.381","0.0336774"
"2012-09-05 08:30:00+00:00","0.089","0.525","0.03249045"
"2012-09-05 09:00:00+00:00","0.06","0.619","0.03198615"
"2012-09-05 09:30:00+00:00","0.056","0.706","0.03205995"
"2012-09-05 10:00:00+00:00","0.071","0.769","0.0316602"
"2012-09-05 10:30:00+00:00","0.059","0.813","0.0316725"
"2012-09-05 11:00:00+00:00","0.061","0.844","0.0318078"
"2012-09-05 11:30:00+00:00","0.081","0.881","0.0323736"
"2012-09-05 12:00:00+00:00","0.103","0.888","0.03130965"
"2012-09-05 12:30:00+00:00","0.068","0.869","0.0321768"
"2012-09-05 13:00:00+00:00","0.066","0.838","0.03156795"
"2012-09-05 13:30:00+00:00","0.065","0.794","0.0314634"
"2012-09-05 14:00:00+00:00","0.082","0.744","0.0314634"
"2012-09-05 14:30:00+00:00","0.056","0.675","0.031365"
"2012-09-05 15:00:00+00:00","0.111","0.581","0.0315372"
"2012-09-05 15:30:00+00:00","0.07","0.469","0.03162945"
"2012-09-05 16:00:00+00:00","0.101","0.338","0.0313404"
"2012-09-05 16:30:00+00:00","0.047","0.2","0.0315126"
"2012-09-05 17:00:00+00:00","0.099","0.069","0.03124815"
"2012-09-05 17:30:00+00:00","0.047","0.0","0.03156795"
"2012-09-05 18:00:00+00:00","0.108","0.0","0.0318816"
"2012-09-05 18:30:00+00:00","0.093","0.0","0.0331116"
"2012-09-05 19:00:00+00:00","0.096","0.0","0.033333"
"2012-09-05 19:30:00+00:00","0.045","0.0","0.03186315"
"2012-09-05 20:00:00+00:00","0.087","0.0","0.03213375"
"2012-09-05 20:30:00+00:00","0.065","0.0","0.03210915"
"2012-09-05 21:00:00+00:00","0.085","0.0","0.03161715"
"2012-09-05 21:30:00+00:00","0.084","0.0","0.03154335"
"2012-09-05 22:00:00+00:00","0.098","0.0","0.03144495"
"2012-09-05 22:30:00+00:00","0.07","0.0","0.03666015"
"2012-09-05 23:00:00+00:00","0.074","0.0","0.0328287"
"2012-09-05 23:30:00+00:00","0.071","0.0","0.03529485"
"2012-09-06 00:00:00+00:00","0.071","0.0","0.03235515"
"2012-09-06 00:30:00+00:00","0.07","0.0","0.03205995"
"2012-09-06 01:00:00+00:00","0.099","0.006","0.0313896"
"2012-09-06 01:30:00+00:00","0.098","0.0","0.0313404"
"2012-09-06 02:00:00+00:00","0.07","0.0","0.0312666"
"2012-09-06 02:30:00+00:00","0.073","0.0","0.0299505"
"2012-09-06 03:00:00+00:00","0.059","0.0","0.0311559"
"2012-09-06 03:30:00+00:00","0.075","0.0","0.02909565"
"2012-09-06 04:00:00+00:00","0.07","0.0","0.0264204"
"2012-09-06 04:30:00+00:00","0.104","0.0","0.02624205"
"2012-09-06 05:00:00+00:00","0.084","0.0","0.02851755"
"2012-09-06 05:30:00+00:00","0.064","0.0","0.0302703"
"2012-09-06 06:00:00+00:00","0.071","0.0","0.0311067"
"2012-09-06 06:30:00+00:00","0.079","0.0","0.03172785"
"2012-09-06 07:00:00+00:00","0.072","0.013","0.0332346"
"2012-09-06 07:30:00+00:00","0.066","0.069","0.0321276"
"2012-09-06 08:00:00+00:00","0.105","0.344","0.0323121"
"2012-09-06 08:30:00+00:00","0.083","0.481","0.03149415"
"2012-09-06 09:00:00+00:00","0.073","0.594","0.03155565"
"2012-09-06 09:30:00+00:00","0.076","0.681","0.03176475"
"2012-09-06 10:00:00+00:00","0.067","0.756","0.0315741"
"2012-09-06 10:30:00+00:00","0.076","0.806","0.0315126"
"2012-09-06 11:00:00+00:00","0.085","0.85","0.03118665"
"2012-09-06 11:30:00+00:00","0.135","0.869","0.0314634"
"2012-09-06 12:00:00+00:00","0.045","0.869","0.0311559"
"2012-09-06 12:30:00+00:00","0.112","0.856","0.0315126"
"2012-09-06 13:00:00+00:00","0.05","0.825","0.0314634"
"2012-09-06 13:30:00+00:00","0.09","0.775","0.03126045"
"2012-09-06 14:00:00+00:00","0.109","0.731","0.03145725"
"2012-09-06 14:30:00+00:00","0.101","0.656","0.0314634"
"2012-09-06 15:00:00+00:00","0.11","0.569","0.0315249"
"2012-09-06 15:30:00+00:00","0.056","0.469","0.0312912"
"2012-09-06 16:00:00+00:00","0.09","0.35","0.0312297"
"2012-09-06 16:30:00+00:00","0.088","0.213","0.0314511"
"2012-09-06 17:00:00+00:00","0.079","0.075","0.0310329"
"2012-09-06 17:30:00+00:00","0.148","0.0","0.0315249"
"2012-09-06 18:00:00+00:00","0.063","0.0","0.03212145"
"2012-09-06 18:30:00+00:00","0.093","0.0","0.03245355"
"2012-09-06 19:00:00+00:00","0.075","0.0","0.0322137"
"2012-09-06 19:30:00+00:00","0.072","0.0","0.0313281"
"2012-09-06 20:00:00+00:00","0.085","0.0","0.03161715"
"2012-09-06 20:30:00+00:00","0.102","0.0","0.03155565"
"2012-09-06 21:00:00+00:00","0.109","0.0","0.03097755"
"2012-09-06 21:30:00+00:00","0.05","0.0","0.0311805"
"2012-09-06 22:00:00+00:00","0.105","0.0","0.0296061"
"2012-09-06 22:30:00+00:00","0.04","0.0","0.03255195"
"2012-09-06 23:00:00+00:00","0.103","0.0","0.03140805"
"2012-09-06 23:30:00+00:00","0.059","0.0","0.03225675"
"2012-09-07 00:00:00+00:00","0.134","0.0","0.03164175"
"2012-09-07 00:30:00+00:00","0.046","0.0","0.03114975"
"2012-09-07 01:00:00+00:00","0.093","0.0","0.0311313"
"2012-09-07 01:30:00+00:00","0.039","0.0","0.0313404"
"2012-09-07 02:00:00+00:00","0.095","0.0","0.0312912"
"2012-09-07 02:30:00+00:00","0.05","0.0","0.03062085"
"2012-09-07 03:00:00+00:00","0.11","0.0","0.030381"
"2012-09-07 03:30:00+00:00","0.086","0.0","0.02621745"
"2012-09-07 04:00:00+00:00","0.078","0.0","0.02511045"
"2012-09-07 04:30:00+00:00","0.06","0.0","0.02518425"
"2012-09-07 05:00:00+00:00","0.077","0.0","0.0279579"
"2012-09-07 05:30:00+00:00","0.065","0.0","0.0305286"
"2012-09-07 06:00:00+00:00","0.055","0.0","0.0313896"
"2012-09-07 06:30:00+00:00","0.074","0.0","0.0314388"
"2012-09-07 07:00:00+00:00","0.102","0.013","0.0320907"
"2012-09-07 07:30:00+00:00","0.082","0.063","0.0308115"
"2012-09-07 08:00:00+00:00","0.043","0.381","0.0318939"
"2012-09-07 08:30:00+00:00","0.088","0.513","0.03156795"
"2012-09-07 09:00:00+00:00","0.049","0.619","0.0315126"
"2012-09-07 09:30:00+00:00","0.095","0.706","0.0314142"
"2012-09-07 10:00:00+00:00","0.043","0.769","0.0313281"
"2012-09-07 10:30:00+00:00","0.139","0.825","0.030381"
"2012-09-07 11:00:00+00:00","0.043","0.844","0.03110055"
"2012-09-07 11:30:00+00:00","0.098","0.838","0.0315003"
"2012-09-07 12:00:00+00:00","0.039","0.713","0.0313896"
"2012-09-07 12:30:00+00:00","0.097","0.656","0.03156795"
"2012-09-07 13:00:00+00:00","0.054","0.281","0.0314019"
"2012-09-07 13:30:00+00:00","0.134","0.5","0.03144495"
"2012-09-07 14:00:00+00:00","0.069","0.313","0.03143265"
"2012-09-07 14:30:00+00:00","0.079","0.188","0.03143265"
"2012-09-07 15:00:00+00:00","0.065","0.125","0.03134655"
"2012-09-07 15:30:00+00:00","0.083","0.138","0.03151875"
"2012-09-07 16:00:00+00:00","0.066","0.269","0.0316725"
"2012-09-07 16:30:00+00:00","0.099","0.225","0.03255195"
"2012-09-07 17:00:00+00:00","0.089","0.069","0.032349"
"2012-09-07 17:30:00+00:00","0.087","0.0","0.03158025"
"2012-09-07 18:00:00+00:00","0.066","0.0","0.0329148"
"2012-09-07 18:30:00+00:00","0.085","0.0","0.03327765"
"2012-09-07 19:00:00+00:00","0.056","0.0","0.0336159"
"2012-09-07 19:30:00+00:00","0.078","0.0","0.03171555"
"2012-09-07 20:00:00+00:00","0.087","0.0","0.0320661"
"2012-09-07 20:30:00+00:00","0.107","0.0","0.03174015"
"2012-09-07 21:00:00+00:00","0.054","0.0","0.03119895"
"2012-09-07 21:30:00+00:00","0.079","0.0","0.03134655"
"2012-09-07 22:00:00+00:00","0.045","0.0","0.0313896"
"2012-09-07 22:30:00+00:00","0.09","0.0","0.0338496"
"2012-09-07 23:00:00+00:00","0.046","0.0","0.0326934"
"2012-09-07 23:30:00+00:00","0.107","0.0","0.0342678"
"2012-09-08 00:00:00+00:00","0.055","0.0","0.0339726"
"2012-09-08 00:30:00+00:00","0.083","0.0","0.03340065"
"2012-09-08 01:00:00+00:00","0.057","0.0","0.03214605"
"2012-09-08 01:30:00+00:00","0.07","0.0","0.03214605"
"2012-09-08 02:00:00+00:00","0.06","0.0","0.0304548"
"2012-09-08 02:30:00+00:00","0.068","0.0","0.0311067"
"2012-09-08 03:00:00+00:00","0.091","0.0","0.03098985"
"2012-09-08 03:30:00+00:00","0.07","0.0","0.03016575"
"2012-09-08 04:00:00+00:00","0.084","0.0","0.0265557"
"2012-09-08 04:30:00+00:00","0.051","0.0","0.0244278"
"2012-09-08 05:00:00+00:00","0.083","0.0","0.02404035"
"2012-09-08 05:30:00+00:00","0.035","0.0","0.02492595"
"2012-09-08 06:00:00+00:00","0.076","0.0","0.02444625"
"2012-09-08 06:30:00+00:00","0.046","0.0","0.02662335"
"2012-09-08 07:00:00+00:00","0.112","0.006","0.02982135"
"2012-09-08 07:30:00+00:00","0.06","0.081","0.02913255"
"2012-09-08 08:00:00+00:00","0.065","0.394","0.0320415"
"2012-09-08 08:30:00+00:00","0.063","0.538","0.0314634"
"2012-09-08 09:00:00+00:00","0.057","0.638","0.031488"
"2012-09-08 09:30:00+00:00","0.069","0.725","0.03151875"
"2012-09-08 10:00:00+00:00","0.06","0.788","0.0313158"
"2012-09-08 10:30:00+00:00","0.107","0.831","0.0318078"
"2012-09-08 11:00:00+00:00","0.06","0.875","0.0311067"
"2012-09-08 11:30:00+00:00","0.083","0.888","0.0295446"
"2012-09-08 12:00:00+00:00","0.056","0.881","0.0284991"
"2012-09-08 12:30:00+00:00","0.088","0.863","0.02787795"
"2012-09-08 13:00:00+00:00","0.042","0.831","0.0270354"
"2012-09-08 13:30:00+00:00","0.106","0.8","0.02841915"
"2012-09-08 14:00:00+00:00","0.086","0.744","0.02896035"
"2012-09-08 14:30:00+00:00","0.089","0.675","0.0295938"
"2012-09-08 15:00:00+00:00","0.043","0.581","0.029643"
"2012-09-08 15:30:00+00:00","0.092","0.469","0.0296307"
"2012-09-08 16:00:00+00:00","0.054","0.356","0.02985825"
"2012-09-08 16:30:00+00:00","0.095","0.219","0.029889"
"2012-09-08 17:00:00+00:00","0.093","0.075","0.0306885"
"2012-09-08 17:30:00+00:00","0.095","0.0","0.03055935"
"2012-09-08 18:00:00+00:00","0.055","0.0","0.03331455"
"2012-09-08 18:30:00+00:00","0.091","0.0","0.03886185"
"2012-09-08 19:00:00+00:00","0.054","0.0","0.03571305"
"2012-09-08 19:30:00+00:00","0.085","0.0","0.0336282"
"2012-09-08 20:00:00+00:00","0.069","0.0","0.0335421"
"2012-09-08 20:30:00+00:00","0.125","0.0","0.0330501"
"2012-09-08 21:00:00+00:00","0.045","0.0","0.0326688"
"2012-09-08 21:30:00+00:00","0.089","0.0","0.0323982"
"2012-09-08 22:00:00+00:00","0.035","0.0","0.031611"
"2012-09-08 22:30:00+00:00","0.086","0.0","0.03383115"
"2012-09-08 23:00:00+00:00","0.05","0.0","0.0341448"
"2012-09-08 23:30:00+00:00","0.106","0.0","0.0345999"
"2012-09-09 00:00:00+00:00","0.071","0.0","0.03338835"
"2012-09-09 00:30:00+00:00","0.076","0.0","0.0323613"
"2012-09-09 01:00:00+00:00","0.064","0.0","0.03319155"
"2012-09-09 01:30:00+00:00","0.061","0.0","0.0321645"
"2012-09-09 02:00:00+00:00","0.062","0.0","0.0316725"
"2012-09-09 02:30:00+00:00","0.059","0.0","0.0317955"
"2012-09-09 03:00:00+00:00","0.094","0.0","0.03138345"
"2012-09-09 03:30:00+00:00","0.08","0.0","0.0314511"
"2012-09-09 04:00:00+00:00","0.068","0.0","0.03148185"
"2012-09-09 04:30:00+00:00","0.049","0.0","0.0317832"
"2012-09-09 05:00:00+00:00","0.088","0.0","0.03154335"
"2012-09-09 05:30:00+00:00","0.04","0.0","0.0324597"
"2012-09-09 06:00:00+00:00","0.073","0.0","0.031365"
"2012-09-09 06:30:00+00:00","0.059","0.0","0.03000585"
"2012-09-09 07:00:00+00:00","0.084","0.013","0.03091605"
"2012-09-09 07:30:00+00:00","0.077","0.075","0.0306885"
"2012-09-09 08:00:00+00:00","0.061","0.394","0.031365"
"2012-09-09 08:30:00+00:00","0.076","0.525","0.031488"
"2012-09-09 09:00:00+00:00","0.049","0.625","0.0314142"
"2012-09-09 09:30:00+00:00","0.068","0.694","0.0314757"
"2012-09-09 10:00:00+00:00","0.05","0.763","0.03156795"
"2012-09-09 10:30:00+00:00","0.108","0.806","0.0315126"
"2012-09-09 11:00:00+00:00","0.067","0.838","0.03108825"
"2012-09-09 11:30:00+00:00","0.084","0.856","0.0311436"
"2012-09-09 12:00:00+00:00","0.046","0.863","0.0307746"
"2012-09-09 12:30:00+00:00","0.096","0.85","0.0298275"
"2012-09-09 13:00:00+00:00","0.039","0.838","0.0296307"
"2012-09-09 13:30:00+00:00","0.096","0.788","0.0298644"
"2012-09-09 14:00:00+00:00","0.083","0.738","0.02985825"
"2012-09-09 14:30:00+00:00","0.101","0.669","0.03042405"
"2012-09-09 15:00:00+00:00","0.041","0.575","0.03047325"
"2012-09-09 15:30:00+00:00","0.093","0.475","0.03123585"
"2012-09-09 16:00:00+00:00","0.046","0.363","0.0313896"
"2012-09-09 16:30:00+00:00","0.1","0.225","0.03060855"
"2012-09-09 17:00:00+00:00","0.078","0.075","0.03197385"
"2012-09-09 17:30:00+00:00","0.107","0.0","0.0317586"
"2012-09-09 18:00:00+00:00","0.046","0.0","0.0333576"
"2012-09-09 18:30:00+00:00","0.094","0.0","0.03913245"
"2012-09-09 19:00:00+00:00","0.044","0.0","0.03757035"
"2012-09-09 19:30:00+00:00","0.085","0.0","0.0347967"
"2012-09-09 20:00:00+00:00","0.059","0.0","0.03383115"
"2012-09-09 20:30:00+00:00","0.126","0.0","0.03373275"
"2012-09-09 21:00:00+00:00","0.059","0.0","0.0334191"
"2012-09-09 21:30:00+00:00","0.078","0.0","0.0328902"
"2012-09-09 22:00:00+00:00","0.053","0.0","0.03237975"
"2012-09-09 22:30:00+00:00","0.073","0.0","0.0339726"
"2012-09-09 23:00:00+00:00","0.068","0.0","0.03379425"
"2012-09-09 23:30:00+00:00","0.07","0.0","0.03418785"
"2012-09-10 00:00:00+00:00","0.098","0.0","0.033702"
"2012-09-10 00:30:00+00:00","0.055","0.0","0.0330993"
"2012-09-10 01:00:00+00:00","0.087","0.0","0.03313005"
"2012-09-10 01:30:00+00:00","0.045","0.0","0.03289635"
"2012-09-10 02:00:00+00:00","0.068","0.0","0.0332223"
"2012-09-10 02:30:00+00:00","0.045","0.0","0.0332346"
"2012-09-10 03:00:00+00:00","0.086","0.0","0.03233055"
"2012-09-10 03:30:00+00:00","0.088","0.0","0.03199845"
"2012-09-10 04:00:00+00:00","0.067","0.0","0.03130965"
"2012-09-10 04:30:00+00:00","0.065","0.0","0.033333"
"2012-09-10 05:00:00+00:00","0.063","0.0","0.03326535"
"2012-09-10 05:30:00+00:00","0.069","0.0","0.03401565"
"2012-09-10 06:00:00+00:00","0.048","0.0","0.03379425"
"2012-09-10 06:30:00+00:00","0.08","0.0","0.0345876"
"2012-09-10 07:00:00+00:00","0.041","0.013","0.0375765"
"2012-09-10 07:30:00+00:00","0.105","0.088","0.03331455"
"2012-09-10 08:00:00+00:00","0.05","0.406","0.0349812"
"2012-09-10 08:30:00+00:00","0.083","0.538","0.0346122"
"2012-09-10 09:00:00+00:00","0.035","0.638","0.033702"
"2012-09-10 09:30:00+00:00","0.078","0.7","0.0336282"
"2012-09-10 10:00:00+00:00","0.063","0.744","0.03356055"
"2012-09-10 10:30:00+00:00","0.07","0.806","0.03349905"
"2012-09-10 11:00:00+00:00","0.093","0.831","0.03343755"
"2012-09-10 11:30:00+00:00","0.074","0.844","0.0334314"
"2012-09-10 12:00:00+00:00","0.077","0.85","0.0336036"
"2012-09-10 12:30:00+00:00","0.06","0.844","0.0336528"
"2012-09-10 13:00:00+00:00","0.074","0.819","0.03317925"
"2012-09-10 13:30:00+00:00","0.056","0.788","0.0336159"
"2012-09-10 14:00:00+00:00","0.114","0.75","0.0332346"
"2012-09-10 14:30:00+00:00","0.075","0.675","0.0325089"
"2012-09-10 15:00:00+00:00","0.08","0.594","0.03221985"
"2012-09-10 15:30:00+00:00","0.058","0.488","0.03209685"
"2012-09-10 16:00:00+00:00","0.089","0.363","0.0326196"
"2012-09-10 16:30:00+00:00","0.056","0.225","0.0336897"
"2012-09-10 17:00:00+00:00","0.097","0.069","0.03343755"
"2012-09-10 17:30:00+00:00","0.086","0.006","0.03162945"
"2012-09-10 18:00:00+00:00","0.09","0.0","0.03456915"
"2012-09-10 18:30:00+00:00","0.048","0.0","0.0372444"
"2012-09-10 19:00:00+00:00","0.091","0.0","0.0394584"
"2012-09-10 19:30:00+00:00","0.04","0.0","0.0342063"
"2012-09-10 20:00:00+00:00","0.094","0.0","0.0340218"
"2012-09-10 20:30:00+00:00","0.085","0.0","0.0362481"
"2012-09-10 21:00:00+00:00","0.107","0.0","0.03378195"
"2012-09-10 21:30:00+00:00","0.034","0.0","0.0328779"
"2012-09-10 22:00:00+00:00","0.092","0.0","0.0320538"
"2012-09-10 22:30:00+00:00","0.052","0.0","0.03631575"
"2012-09-10 23:00:00+00:00","0.084","0.0","0.03271185"
"2012-09-10 23:30:00+00:00","0.06","0.0","0.03314235"
"2012-09-11 00:00:00+00:00","0.1","0.0","0.03294555"
"2012-09-11 00:30:00+00:00","0.067","0.0","0.0335421"
"2012-09-11 01:00:00+00:00","0.067","0.0","0.03378195"
"2012-09-11 01:30:00+00:00","0.068","0.0","0.03330225"
"2012-09-11 02:00:00+00:00","0.055","0.0","0.0335298"
"2012-09-11 02:30:00+00:00","0.082","0.0","0.0331731"
"2012-09-11 03:00:00+00:00","0.049","0.0","0.032472"
"2012-09-11 03:30:00+00:00","0.112","0.0","0.03160485"
"2012-09-11 04:00:00+00:00","0.045","0.0","0.0314142"
"2012-09-11 04:30:00+00:00","0.085","0.0","0.0321276"
"2012-09-11 05:00:00+00:00","0.046","0.0","0.0335544"
"2012-09-11 05:30:00+00:00","0.076","0.0","0.03384345"
"2012-09-11 06:00:00+00:00","0.047","0.0","0.0342432"
"2012-09-11 06:30:00+00:00","0.081","0.0","0.0368262"
"2012-09-11 07:00:00+00:00","0.099","0.0","0.03808695"
"2012-09-11 07:30:00+00:00","0.066","0.031","0.03265035"
"2012-09-11 08:00:00+00:00","0.067","0.088","0.0319308"
"2012-09-11 08:30:00+00:00","0.06","0.156","0.03281025"
"2012-09-11 09:00:00+00:00","0.07","0.319","0.02977215"
"2012-09-11 09:30:00+00:00","0.05","0.513","0.0316233"
"2012-09-11 10:00:00+00:00","0.082","0.663","0.0317217"
"2012-09-11 10:30:00+00:00","0.094","0.8","0.0315618"
"2012-09-11 11:00:00+00:00","0.095","0.831","0.0316725"
"2012-09-11 11:30:00+00:00","0.039","0.85","0.03126045"
"2012-09-11 12:00:00+00:00","0.091","0.863","0.0314634"
"2012-09-11 12:30:00+00:00","0.05","0.863","0.0317832"
"2012-09-11 13:00:00+00:00","0.1","0.838","0.03230595"
"2012-09-11 13:30:00+00:00","0.067","0.794","0.0317217"
"2012-09-11 14:00:00+00:00","0.119","0.706","0.03282255"
"2012-09-11 14:30:00+00:00","0.048","0.65","0.0320661"
"2012-09-11 15:00:00+00:00","0.101","0.563","0.0323982"
"2012-09-11 15:30:00+00:00","0.044","0.456","0.03610665"
"2012-09-11 16:00:00+00:00","0.092","0.331","0.03507345"
"2012-09-11 16:30:00+00:00","0.077","0.206","0.03480285"
"2012-09-11 17:00:00+00:00","0.123","0.063","0.03579915"
"2012-09-11 17:30:00+00:00","0.054","0.006","0.03444"
"2012-09-11 18:00:00+00:00","0.094","0.0","0.0347721"
"2012-09-11 18:30:00+00:00","0.038","0.0","0.04026405"
"2012-09-11 19:00:00+00:00","0.097","0.0","0.0434559"
"2012-09-11 19:30:00+00:00","0.06","0.0","0.03595905"
"2012-09-11 20:00:00+00:00","0.131","0.0","0.0350427"
"2012-09-11 20:30:00+00:00","0.038","0.0","0.0345138"
"2012-09-11 21:00:00+00:00","0.089","0.0","0.03374505"
"2012-09-11 21:30:00+00:00","0.059","0.0","0.0323613"
"2012-09-11 22:00:00+00:00","0.086","0.0","0.0309222"
"2012-09-11 22:30:00+00:00","0.055","0.0","0.03902175"
"2012-09-11 23:00:00+00:00","0.1","0.0","0.03374505"
"2012-09-11 23:30:00+00:00","0.078","0.0","0.03508575"
"2012-09-12 00:00:00+00:00","0.071","0.0","0.0351657"
"2012-09-12 00:30:00+00:00","0.072","0.0","0.0338373"
"2012-09-12 01:00:00+00:00","0.055","0.0","0.033579"
"2012-09-12 01:30:00+00:00","0.081","0.0","0.03213375"
"2012-09-12 02:00:00+00:00","0.051","0.0","0.03244125"
"2012-09-12 02:30:00+00:00","0.124","0.0","0.0310452"
"2012-09-12 03:00:00+00:00","0.042","0.0","0.0315126"
"2012-09-12 03:30:00+00:00","0.08","0.0","0.03100215"
"2012-09-12 04:00:00+00:00","0.047","0.0","0.0313158"
"2012-09-12 04:30:00+00:00","0.088","0.0","0.0308853"
"2012-09-12 05:00:00+00:00","0.048","0.0","0.0316725"
"2012-09-12 05:30:00+00:00","0.068","0.0","0.033333"
"2012-09-12 06:00:00+00:00","0.093","0.0","0.0309591"
"2012-09-12 06:30:00+00:00","0.084","0.0","0.0324966"
"2012-09-12 07:00:00+00:00","0.063","0.019","0.03328995"
"2012-09-12 07:30:00+00:00","0.055","0.1","0.0281547"
"2012-09-12 08:00:00+00:00","0.083","0.219","0.031611"
"2012-09-12 08:30:00+00:00","0.04","0.356","0.03236745"
"2012-09-12 09:00:00+00:00","0.077","0.575","0.03160485"
"2012-09-12 09:30:00+00:00","0.081","0.619","0.03218295"
"2012-09-12 10:00:00+00:00","0.106","0.669","0.0311559"
"2012-09-12 10:30:00+00:00","0.047","0.794","0.03121125"
"2012-09-12 11:00:00+00:00","0.08","0.75","0.0315495"
"2012-09-12 11:30:00+00:00","0.044","0.806","0.0315987"
"2012-09-12 12:00:00+00:00","0.094","0.831","0.0318078"
"2012-09-12 12:30:00+00:00","0.079","0.8","0.0316848"
"2012-09-12 13:00:00+00:00","0.109","0.719","0.0313158"
"2012-09-12 13:30:00+00:00","0.048","0.775","0.03166635"
"2012-09-12 14:00:00+00:00","0.097","0.725","0.03262575"
"2012-09-12 14:30:00+00:00","0.053","0.644","0.0329886"
"2012-09-12 15:00:00+00:00","0.096","0.563","0.03193695"
"2012-09-12 15:30:00+00:00","0.065","0.456","0.03170325"
"2012-09-12 16:00:00+00:00","0.125","0.331","0.0324228"
"2012-09-12 16:30:00+00:00","0.05","0.188","0.03207225"
"2012-09-12 17:00:00+00:00","0.1","0.044","0.0330132"
"2012-09-12 17:30:00+00:00","0.048","0.0","0.0317832"
"2012-09-12 18:00:00+00:00","0.093","0.0","0.03260115"
"2012-09-12 18:30:00+00:00","0.061","0.0","0.0348705"
"2012-09-12 19:00:00+00:00","0.132","0.0","0.03461835"
"2012-09-12 19:30:00+00:00","0.051","0.0","0.0334191"
"2012-09-12 20:00:00+00:00","0.09","0.0","0.0323859"
"2012-09-12 20:30:00+00:00","0.043","0.0","0.03162945"
"2012-09-12 21:00:00+00:00","0.088","0.0","0.03101445"
"2012-09-12 21:30:00+00:00","0.058","0.0","0.03108825"
"2012-09-12 22:00:00+00:00","0.118","0.0","0.02974755"
"2012-09-12 22:30:00+00:00","0.07","0.0","0.0351903"
"2012-09-12 23:00:00+00:00","0.071","0.0","0.0336159"
"2012-09-12 23:30:00+00:00","0.066","0.0","0.03420015"
"2012-09-13 00:00:00+00:00","0.074","0.0","0.0335913"
"2012-09-13 00:30:00+00:00","0.071","0.0","0.03346215"
"2012-09-13 01:00:00+00:00","0.065","0.0","0.0324351"
"2012-09-13 01:30:00+00:00","0.113","0.0","0.0332961"
"2012-09-13 02:00:00+00:00","0.067","0.0","0.03346215"
"2012-09-13 02:30:00+00:00","0.083","0.006","0.03213375"
"2012-09-13 03:00:00+00:00","0.049","0.0","0.0315003"
"2012-09-13 03:30:00+00:00","0.08","0.0","0.0311436"
"2012-09-13 04:00:00+00:00","0.042","0.0","0.0308361"
"2012-09-13 04:30:00+00:00","0.094","0.0","0.03148185"
"2012-09-13 05:00:00+00:00","0.08","0.0","0.0310206"
"2012-09-13 05:30:00+00:00","0.078","0.0","0.0319677"
"2012-09-13 06:00:00+00:00","0.054","0.0","0.03071925"
"2012-09-13 06:30:00+00:00","0.078","0.0","0.0345384"
"2012-09-13 07:00:00+00:00","0.067","0.025","0.0353256"
"2012-09-13 07:30:00+00:00","0.053","0.05","0.0325704"
"2012-09-13 08:00:00+00:00","0.077","0.213","0.03426165"
"2012-09-13 08:30:00+00:00","0.099","0.294","0.0338988"
"2012-09-13 09:00:00+00:00","0.079","0.281","0.03349905"
"2012-09-13 09:30:00+00:00","0.045","0.181","0.03276105"
"2012-09-13 10:00:00+00:00","0.084","0.35","0.0336774"
"2012-09-13 10:30:00+00:00","0.052","0.706","0.03399105"
"2012-09-13 11:00:00+00:00","0.089","0.681","0.03389265"
"2012-09-13 11:30:00+00:00","0.057","0.844","0.03385575"
"2012-09-13 12:00:00+00:00","0.12","0.425","0.0338373"
"2012-09-13 12:30:00+00:00","0.047","0.144","0.0338127"
"2012-09-13 13:00:00+00:00","0.099","0.15","0.0330624"
"2012-09-13 13:30:00+00:00","0.039","0.038","0.0334314"
"2012-09-13 14:00:00+00:00","0.094","0.019","0.03367125"
"2012-09-13 14:30:00+00:00","0.056","0.044","0.03356055"
"2012-09-13 15:00:00+00:00","0.138","0.05","0.03303165"
"2012-09-13 15:30:00+00:00","0.046","0.025","0.03342525"
"2012-09-13 16:00:00+00:00","0.086","0.0","0.03375735"
"2012-09-13 16:30:00+00:00","0.046","0.0","0.0338004"
"2012-09-13 17:00:00+00:00","0.098","0.0","0.0339234"
"2012-09-13 17:30:00+00:00","0.058","0.0","0.0320169"
"2012-09-13 18:00:00+00:00","0.103","0.0","0.03434775"
"2012-09-13 18:30:00+00:00","0.072","0.0","0.03829605"
"2012-09-13 19:00:00+00:00","0.072","0.0","0.04047315"
"2012-09-13 19:30:00+00:00","0.064","0.0","0.0348582"
"2012-09-13 20:00:00+00:00","0.065","0.0","0.034194"
"2012-09-13 20:30:00+00:00","0.072","0.0","0.0353625"
"2012-09-13 21:00:00+00:00","0.066","0.0","0.03937845"
"2012-09-13 21:30:00+00:00","0.108","0.0","0.03476595"
"2012-09-13 22:00:00+00:00","0.065","0.0","0.0328902"
"2012-09-13 22:30:00+00:00","0.071","0.006","0.03568845"
"2012-09-13 23:00:00+00:00","0.044","0.0","0.0340833"
"2012-09-13 23:30:00+00:00","0.086","0.0","0.0351165"
"2012-09-14 00:00:00+00:00","0.041","0.0","0.0335175"
"2012-09-14 00:30:00+00:00","0.079","0.0","0.03385575"
"2012-09-14 01:00:00+00:00","0.049","0.0","0.03351135"
"2012-09-14 01:30:00+00:00","0.121","0.0","0.0338004"
"2012-09-14 02:00:00+00:00","0.042","0.0","0.0335421"
"2012-09-14 02:30:00+00:00","0.071","0.0","0.03367125"
"2012-09-14 03:00:00+00:00","0.058","0.0","0.03353595"
"2012-09-14 03:30:00+00:00","0.063","0.0","0.0321768"
"2012-09-14 04:00:00+00:00","0.064","0.0","0.0322137"
"2012-09-14 04:30:00+00:00","0.048","0.0","0.0330255"
"2012-09-14 05:00:00+00:00","0.079","0.0","0.03373275"
"2012-09-14 05:30:00+00:00","0.077","0.0","0.0341448"
"2012-09-14 06:00:00+00:00","0.08","0.0","0.03368355"
"2012-09-14 06:30:00+00:00","0.043","0.0","0.03606975"
"2012-09-14 07:00:00+00:00","0.07","0.006","0.03829605"
"2012-09-14 07:30:00+00:00","0.039","0.1","0.0346737"
"2012-09-14 08:00:00+00:00","0.078","0.431","0.03733665"
"2012-09-14 08:30:00+00:00","0.041","0.569","0.0366294"
"2012-09-14 09:00:00+00:00","0.077","0.675","0.03476595"
"2012-09-14 09:30:00+00:00","0.079","0.75","0.0341202"
"2012-09-14 10:00:00+00:00","0.082","0.819","0.03389265"
"2012-09-14 10:30:00+00:00","0.046","0.863","0.03373275"
"2012-09-14 11:00:00+00:00","0.068","0.894","0.03372045"
"2012-09-14 11:30:00+00:00","0.061","0.9","0.0326811"
"2012-09-14 12:00:00+00:00","0.064","0.894","0.0329763"
"2012-09-14 12:30:00+00:00","0.083","0.881","0.0323982"
"2012-09-14 13:00:00+00:00","0.09","0.844","0.03220755"
"2012-09-14 13:30:00+00:00","0.072","0.794","0.03192465"
"2012-09-14 14:00:00+00:00","0.055","0.738","0.03172785"
"2012-09-14 14:30:00+00:00","0.071","0.663","0.0316602"
"2012-09-14 15:00:00+00:00","0.06","0.575","0.03160485"
"2012-09-14 15:30:00+00:00","0.081","0.481","0.03221985"
"2012-09-14 16:00:00+00:00","0.092","0.35","0.03199845"
"2012-09-14 16:30:00+00:00","0.082","0.231","0.03230595"
"2012-09-14 17:00:00+00:00","0.049","0.069","0.03365895"
"2012-09-14 17:30:00+00:00","0.086","0.0","0.0317955"
"2012-09-14 18:00:00+00:00","0.046","0.0","0.03358515"
"2012-09-14 18:30:00+00:00","0.09","0.0","0.0354609"
"2012-09-14 19:00:00+00:00","0.059","0.0","0.0352887"
"2012-09-14 19:30:00+00:00","0.101","0.006","0.03438465"
"2012-09-14 20:00:00+00:00","0.044","0.0","0.0339726"
"2012-09-14 20:30:00+00:00","0.089","0.0","0.03379425"
"2012-09-14 21:00:00+00:00","0.044","0.0","0.0338373"
"2012-09-14 21:30:00+00:00","0.074","0.0","0.03360975"
"2012-09-14 22:00:00+00:00","0.044","0.0","0.03231825"
"2012-09-14 22:30:00+00:00","0.091","0.0","0.03653715"
"2012-09-14 23:00:00+00:00","0.077","0.0","0.0341202"
"2012-09-14 23:30:00+00:00","0.067","0.0","0.0357315"
"2012-09-15 00:00:00+00:00","0.054","0.0","0.03506115"
"2012-09-15 00:30:00+00:00","0.074","0.0","0.0353625"
"2012-09-15 01:00:00+00:00","0.042","0.0","0.0338373"
"2012-09-15 01:30:00+00:00","0.066","0.0","0.0337389"
"2012-09-15 02:00:00+00:00","0.07","0.0","0.0337758"
"2012-09-15 02:30:00+00:00","0.056","0.0","0.0331977"
"2012-09-15 03:00:00+00:00","0.099","0.0","0.0334068"
"2012-09-15 03:30:00+00:00","0.048","0.0","0.0328533"
"2012-09-15 04:00:00+00:00","0.074","0.0","0.03251505"
"2012-09-15 04:30:00+00:00","0.035","0.0","0.03225675"
"2012-09-15 05:00:00+00:00","0.073","0.0","0.0316356"
"2012-09-15 05:30:00+00:00","0.045","0.0","0.03352365"
"2012-09-15 06:00:00+00:00","0.077","0.0","0.0314388"
"2012-09-15 06:30:00+00:00","0.038","0.0","0.03193695"
"2012-09-15 07:00:00+00:00","0.109","0.038","0.03202305"
"2012-09-15 07:30:00+00:00","0.035","0.144","0.03191235"
"2012-09-15 08:00:00+00:00","0.082","0.419","0.03340065"
"2012-09-15 08:30:00+00:00","0.04","0.556","0.03390495"
"2012-09-15 09:00:00+00:00","0.065","0.656","0.03391725"
"2012-09-15 09:30:00+00:00","0.057","0.725","0.03410175"
"2012-09-15 10:00:00+00:00","0.063","0.788","0.0337266"
"2012-09-15 10:30:00+00:00","0.069","0.825","0.03376965"
"2012-09-15 11:00:00+00:00","0.096","0.863","0.0337512"
"2012-09-15 11:30:00+00:00","0.065","0.875","0.0336528"
"2012-09-15 12:00:00+00:00","0.063","0.888","0.0335913"
"2012-09-15 12:30:00+00:00","0.064","0.906","0.03332685"
"2012-09-15 13:00:00+00:00","0.054","0.681","0.0318201"
"2012-09-15 13:30:00+00:00","0.081","0.581","0.0325089"
"2012-09-15 14:00:00+00:00","0.092","0.6","0.03190005"
"2012-09-15 14:30:00+00:00","0.082","0.531","0.0315864"
"2012-09-15 15:00:00+00:00","0.049","0.531","0.0318201"
"2012-09-15 15:30:00+00:00","0.089","0.206","0.03185085"
"2012-09-15 16:00:00+00:00","0.047","0.125","0.03198"
"2012-09-15 16:30:00+00:00","0.086","0.169","0.0325335"
"2012-09-15 17:00:00+00:00","0.065","0.081","0.03420015"
"2012-09-15 17:30:00+00:00","0.11","0.006","0.03326535"
"2012-09-15 18:00:00+00:00","0.045","0.0","0.03546705"
"2012-09-15 18:30:00+00:00","0.085","0.0","0.0393969"
"2012-09-15 19:00:00+00:00","0.045","0.0","0.04110045"
"2012-09-15 19:30:00+00:00","0.093","0.0","0.0367032"
"2012-09-15 20:00:00+00:00","0.042","0.0","0.03420015"
"2012-09-15 20:30:00+00:00","0.117","0.0","0.03410175"
"2012-09-15 21:00:00+00:00","0.064","0.0","0.03397875"
"2012-09-15 21:30:00+00:00","0.077","0.0","0.03383115"
"2012-09-15 22:00:00+00:00","0.055","0.0","0.0335298"
"2012-09-15 22:30:00+00:00","0.059","0.0","0.03411405"
"2012-09-15 23:00:00+00:00","0.074","0.0","0.0338865"
"2012-09-15 23:30:00+00:00","0.061","0.0","0.0367524"
"2012-09-16 00:00:00+00:00","0.111","0.0","0.03561465"
"2012-09-16 00:30:00+00:00","0.046","0.0","0.03401565"
"2012-09-16 01:00:00+00:00","0.081","0.0","0.0338373"
"2012-09-16 01:30:00+00:00","0.054","0.0","0.0338004"
"2012-09-16 02:00:00+00:00","0.075","0.0","0.03310545"
"2012-09-16 02:30:00+00:00","0.042","0.0","0.03258885"
"2012-09-16 03:00:00+00:00","0.078","0.0","0.0320538"
"2012-09-16 03:30:00+00:00","0.069","0.0","0.0314142"
"2012-09-16 04:00:00+00:00","0.09","0.0","0.03137115"
"2012-09-16 04:30:00+00:00","0.047","0.0","0.0318447"
"2012-09-16 05:00:00+00:00","0.074","0.0","0.0322752"
"2012-09-16 05:30:00+00:00","0.053","0.0","0.03257655"
"2012-09-16 06:00:00+00:00","0.064","0.0","0.03146955"
"2012-09-16 06:30:00+00:00","0.066","0.006","0.03140805"
"2012-09-16 07:00:00+00:00","0.061","0.019","0.0313896"
"2012-09-16 07:30:00+00:00","0.091","0.106","0.0304056"
"2012-09-16 08:00:00+00:00","0.06","0.419","0.03142035"
"2012-09-16 08:30:00+00:00","0.08","0.544","0.0319923"
"2012-09-16 09:00:00+00:00","0.036","0.65","0.03231825"
"2012-09-16 09:30:00+00:00","0.08","0.725","0.03335145"
"2012-09-16 10:00:00+00:00","0.046","0.806","0.0334191"
"2012-09-16 10:30:00+00:00","0.088","0.7","0.0327426"
"2012-09-16 11:00:00+00:00","0.064","0.844","0.0323613"
"2012-09-16 11:30:00+00:00","0.097","0.819","0.03201075"
"2012-09-16 12:00:00+00:00","0.049","0.7","0.03156795"
"2012-09-16 12:30:00+00:00","0.087","0.775","0.03156795"
"2012-09-16 13:00:00+00:00","0.034","0.619","0.0314388"
"2012-09-16 13:30:00+00:00","0.09","0.813","0.0314634"
"2012-09-16 14:00:00+00:00","0.079","0.763","0.031365"
"2012-09-16 14:30:00+00:00","0.105","0.694","0.03004275"
"2012-09-16 15:00:00+00:00","0.046","0.606","0.03118665"
"2012-09-16 15:30:00+00:00","0.084","0.481","0.03140805"
"2012-09-16 16:00:00+00:00","0.052","0.369","0.0314757"
"2012-09-16 16:30:00+00:00","0.079","0.219","0.0323367"
"2012-09-16 17:00:00+00:00","0.069","0.088","0.0333699"
"2012-09-16 17:30:00+00:00","0.109","0.006","0.0335913"
"2012-09-16 18:00:00+00:00","0.059","0.0","0.03556545"
"2012-09-16 18:30:00+00:00","0.077","0.0","0.0386343"
"2012-09-16 19:00:00+00:00","0.053","0.0","0.03811155"
"2012-09-16 19:30:00+00:00","0.074","0.0","0.0366786"
"2012-09-16 20:00:00+00:00","0.07","0.0","0.03461835"
"2012-09-16 20:30:00+00:00","0.1","0.0","0.0342924"
"2012-09-16 21:00:00+00:00","0.072","0.0","0.0340464"
"2012-09-16 21:30:00+00:00","0.059","0.0","0.03337605"
"2012-09-16 22:00:00+00:00","0.086","0.0","0.0329886"
"2012-09-16 22:30:00+00:00","0.054","0.0","0.03517185"
"2012-09-16 23:00:00+00:00","0.077","0.0","0.0335052"
"2012-09-16 23:30:00+00:00","0.04","0.0","0.03373275"
"2012-09-17 00:00:00+00:00","0.125","0.0","0.0332223"
"2012-09-17 00:30:00+00:00","0.047","0.0","0.03357285"
"2012-09-17 01:00:00+00:00","0.08","0.0","0.0337635"
"2012-09-17 01:30:00+00:00","0.043","0.0","0.03383115"
"2012-09-17 02:00:00+00:00","0.083","0.0","0.0337635"
"2012-09-17 02:30:00+00:00","0.051","0.0","0.03201075"
"2012-09-17 03:00:00+00:00","0.061","0.0","0.03204765"
"2012-09-17 03:30:00+00:00","0.103","0.0","0.032472"
"2012-09-17 04:00:00+00:00","0.071","0.0","0.0325212"
"2012-09-17 04:30:00+00:00","0.075","0.0","0.03015345"
"2012-09-17 05:00:00+00:00","0.041","0.0","0.03174015"
"2012-09-17 05:30:00+00:00","0.087","0.0","0.03322845"
"2012-09-17 06:00:00+00:00","0.048","0.0","0.03376965"
"2012-09-17 06:30:00+00:00","0.08","0.0","0.03470445"
"2012-09-17 07:00:00+00:00","0.056","0.05","0.03395415"
"2012-09-17 07:30:00+00:00","0.098","0.119","0.03171555"
"2012-09-17 08:00:00+00:00","0.047","0.15","0.03404025"
"2012-09-17 08:30:00+00:00","0.076","0.15","0.03395415"
"2012-09-17 09:00:00+00:00","0.043","0.125","0.0338619"
"2012-09-17 09:30:00+00:00","0.077","0.294","0.033948"
"2012-09-17 10:00:00+00:00","0.063","0.256","0.0342678"
"2012-09-17 10:30:00+00:00","0.081","0.363","0.0340464"
"2012-09-17 11:00:00+00:00","0.09","0.319","0.0341202"
"2012-09-17 11:30:00+00:00","0.058","0.481","0.0340464"
"2012-09-17 12:00:00+00:00","0.079","0.594","0.03423705"
"2012-09-17 12:30:00+00:00","0.046","0.644","0.03389265"
"2012-09-17 13:00:00+00:00","0.085","0.7","0.03400335"
"2012-09-17 13:30:00+00:00","0.056","0.706","0.034317"
"2012-09-17 14:00:00+00:00","0.126","0.6","0.0339849"
"2012-09-17 14:30:00+00:00","0.046","0.575","0.0338004"
"2012-09-17 15:00:00+00:00","0.092","0.419","0.0337512"
"2012-09-17 15:30:00+00:00","0.052","0.338","0.03357285"
"2012-09-17 16:00:00+00:00","0.322","0.194","0.03353595"
"2012-09-17 16:30:00+00:00","0.108","0.1","0.03370815"
"2012-09-17 17:00:00+00:00","0.131","0.1","0.03396645"
"2012-09-17 17:30:00+00:00","0.121","0.006","0.03422475"
"2012-09-17 18:00:00+00:00","0.175","0.0","0.0340956"
"2012-09-17 18:30:00+00:00","0.319","0.0","0.0397413"
"2012-09-17 19:00:00+00:00","0.357","0.0","0.03662325"
"2012-09-17 19:30:00+00:00","0.151","0.0","0.0335667"
"2012-09-17 20:00:00+00:00","0.284","0.0","0.0337635"
"2012-09-17 20:30:00+00:00","0.32","0.0","0.0342924"
"2012-09-17 21:00:00+00:00","0.35","0.0","0.03298245"
"2012-09-17 21:30:00+00:00","0.076","0.0","0.0322137"
"2012-09-17 22:00:00+00:00","0.103","0.0","0.031365"
"2012-09-17 22:30:00+00:00","0.085","0.0","0.03469215"
"2012-09-17 23:00:00+00:00","0.081","0.0","0.03328995"
"2012-09-17 23:30:00+00:00","0.118","0.0","0.0341325"
"2012-09-18 00:00:00+00:00","0.09","0.0","0.03411405"
"2012-09-18 00:30:00+00:00","0.09","0.0","0.0333822"
"2012-09-18 01:00:00+00:00","0.051","0.0","0.03383115"
"2012-09-18 01:30:00+00:00","0.088","0.0","0.03381885"
"2012-09-18 02:00:00+00:00","0.05","0.0","0.03373275"
"2012-09-18 02:30:00+00:00","0.07","0.0","0.0322752"
"2012-09-18 03:00:00+00:00","0.098","0.0","0.03202305"
"2012-09-18 03:30:00+00:00","0.082","0.0","0.03196155"
"2012-09-18 04:00:00+00:00","0.086","0.0","0.03171555"
"2012-09-18 04:30:00+00:00","0.053","0.0","0.0318693"
"2012-09-18 05:00:00+00:00","0.083","0.0","0.0327918"
"2012-09-18 05:30:00+00:00","0.039","0.0","0.0336036"
"2012-09-18 06:00:00+00:00","0.084","0.0","0.03390495"
"2012-09-18 06:30:00+00:00","0.072","0.006","0.0336897"
"2012-09-18 07:00:00+00:00","0.107","0.013","0.03392955"
"2012-09-18 07:30:00+00:00","0.08","0.1","0.03197385"
"2012-09-18 08:00:00+00:00","0.197","0.294","0.0339849"
"2012-09-18 08:30:00+00:00","0.151","0.475","0.03381885"
"2012-09-18 09:00:00+00:00","0.15","0.65","0.0339357"
"2012-09-18 09:30:00+00:00","0.164","0.744","0.03374505"
"2012-09-18 10:00:00+00:00","0.062","0.706","0.03372045"
"2012-09-18 10:30:00+00:00","0.126","0.825","0.03368355"
"2012-09-18 11:00:00+00:00","0.055","0.844","0.03362205"
"2012-09-18 11:30:00+00:00","0.085","0.863","0.03367125"
"2012-09-18 12:00:00+00:00","0.051","0.813","0.03365895"
"2012-09-18 12:30:00+00:00","0.089","0.838","0.033702"
"2012-09-18 13:00:00+00:00","0.063","0.781","0.0334314"
"2012-09-18 13:30:00+00:00","0.139","0.781","0.0336774"
"2012-09-18 14:00:00+00:00","0.254","0.731","0.03411405"
"2012-09-18 14:30:00+00:00","0.078","0.563","0.03357285"
"2012-09-18 15:00:00+00:00","0.075","0.35","0.0336651"
"2012-09-18 15:30:00+00:00","0.072","0.125","0.03352365"
"2012-09-18 16:00:00+00:00","0.084","0.106","0.03364665"
"2012-09-18 16:30:00+00:00","0.116","0.075","0.033702"
"2012-09-18 17:00:00+00:00","0.086","0.013","0.03367125"
"2012-09-18 17:30:00+00:00","0.163","0.0","0.03400335"
"2012-09-18 18:00:00+00:00","0.227","0.0","0.03421245"
"2012-09-18 18:30:00+00:00","0.134","0.0","0.0353871"
"2012-09-18 19:00:00+00:00","0.151","0.0","0.0355716"
"2012-09-18 19:30:00+00:00","0.323","0.0","0.0336528"
"2012-09-18 20:00:00+00:00","0.143","0.0","0.0338619"
"2012-09-18 20:30:00+00:00","0.277","0.0","0.0340956"
"2012-09-18 21:00:00+00:00","0.275","0.0","0.0337635"
"2012-09-18 21:30:00+00:00","0.117","0.0","0.0332715"
"2012-09-18 22:00:00+00:00","0.102","0.0","0.03178935"
"2012-09-18 22:30:00+00:00","0.113","0.0","0.0352272"
"2012-09-18 23:00:00+00:00","0.153","0.0","0.03362205"
"2012-09-18 23:30:00+00:00","0.058","0.0","0.0340587"
"2012-09-19 00:00:00+00:00","0.078","0.0","0.03400335"
"2012-09-19 00:30:00+00:00","0.06","0.0","0.0326442"
"2012-09-19 01:00:00+00:00","0.069","0.0","0.0335052"
"2012-09-19 01:30:00+00:00","0.081","0.0","0.03367125"
"2012-09-19 02:00:00+00:00","0.049","0.0","0.03305625"
"2012-09-19 02:30:00+00:00","0.12","0.0","0.0317463"
"2012-09-19 03:00:00+00:00","0.046","0.0","0.03085455"
"2012-09-19 03:30:00+00:00","0.08","0.0","0.03126045"
"2012-09-19 04:00:00+00:00","0.068","0.0","0.02909565"
"2012-09-19 04:30:00+00:00","0.051","0.0","0.03122355"
"2012-09-19 05:00:00+00:00","0.081","0.0","0.030504"
"2012-09-19 05:30:00+00:00","0.059","0.0","0.03220755"
"2012-09-19 06:00:00+00:00","0.323","0.0","0.0318447"
"2012-09-19 06:30:00+00:00","0.112","0.006","0.0332838"
"2012-09-19 07:00:00+00:00","0.118","0.013","0.03813615"
"2012-09-19 07:30:00+00:00","0.131","0.094","0.03239205"
"2012-09-19 08:00:00+00:00","0.117","0.363","0.0337266"
"2012-09-19 08:30:00+00:00","0.105","0.481","0.03358515"
"2012-09-19 09:00:00+00:00","0.119","0.663","0.0334314"
"2012-09-19 09:30:00+00:00","0.189","0.731","0.03362205"
"2012-09-19 10:00:00+00:00","0.116","0.788","0.0333699"
"2012-09-19 10:30:00+00:00","0.172","0.838","0.03336375"
"2012-09-19 11:00:00+00:00","0.161","0.863","0.03265035"
"2012-09-19 11:30:00+00:00","0.173","0.875","0.0325581"
"2012-09-19 12:00:00+00:00","0.18","0.869","0.0325089"
"2012-09-19 12:30:00+00:00","0.167","0.856","0.0325581"
"2012-09-19 13:00:00+00:00","0.153","0.869","0.0341817"
"2012-09-19 13:30:00+00:00","0.123","0.819","0.0337758"
"2012-09-19 14:00:00+00:00","0.127","0.631","0.03356055"
"2012-09-19 14:30:00+00:00","0.132","0.675","0.0336405"
"2012-09-19 15:00:00+00:00","0.137","0.581","0.0339972"
"2012-09-19 15:30:00+00:00","0.162","0.3","0.0338865"
"2012-09-19 16:00:00+00:00","0.295","0.363","0.0337881"
"2012-09-19 16:30:00+00:00","0.135","0.225","0.03380655"
"2012-09-19 17:00:00+00:00","0.073","0.075","0.03391725"
"2012-09-19 17:30:00+00:00","0.099","0.0","0.03428625"
"2012-09-19 18:00:00+00:00","0.066","0.0","0.03587295"
"2012-09-19 18:30:00+00:00","0.084","0.0","0.03817305"
"2012-09-19 19:00:00+00:00","0.118","0.0","0.0386097"
"2012-09-19 19:30:00+00:00","0.084","0.0","0.0347967"
"2012-09-19 20:00:00+00:00","0.093","0.0","0.03383115"
"2012-09-19 20:30:00+00:00","0.064","0.0","0.0337389"
"2012-09-19 21:00:00+00:00","0.098","0.0","0.0334929"
"2012-09-19 21:30:00+00:00","0.062","0.0","0.03326535"
"2012-09-19 22:00:00+00:00","0.111","0.006","0.0323367"
"2012-09-19 22:30:00+00:00","0.08","0.0","0.0354117"
"2012-09-19 23:00:00+00:00","0.312","0.0","0.0332469"
"2012-09-19 23:30:00+00:00","0.115","0.0","0.03470445"
"2012-09-20 00:00:00+00:00","0.088","0.0","0.03453225"
"2012-09-20 00:30:00+00:00","0.069","0.0","0.0328164"
"2012-09-20 01:00:00+00:00","0.059","0.0","0.0337512"
"2012-09-20 01:30:00+00:00","0.093","0.0","0.0334191"
"2012-09-20 02:00:00+00:00","0.086","0.0","0.03249045"
"2012-09-20 02:30:00+00:00","0.082","0.0","0.0308115"
"2012-09-20 03:00:00+00:00","0.042","0.0","0.02807475"
"2012-09-20 03:30:00+00:00","0.085","0.0","0.02865285"
"2012-09-20 04:00:00+00:00","0.041","0.0","0.02852985"
"2012-09-20 04:30:00+00:00","0.081","0.0","0.0300735"
"2012-09-20 05:00:00+00:00","0.053","0.0","0.0316725"
"2012-09-20 05:30:00+00:00","0.126","0.0","0.03203535"
"2012-09-20 06:00:00+00:00","0.229","0.0","0.03186315"
"2012-09-20 06:30:00+00:00","0.25","0.0","0.0316725"
"2012-09-20 07:00:00+00:00","0.083","0.006","0.03344985"
"2012-09-20 07:30:00+00:00","0.07","0.088","0.031119"
"2012-09-20 08:00:00+00:00","0.073","0.438","0.0326319"
"2012-09-20 08:30:00+00:00","0.048","0.513","0.03290865"
"2012-09-20 09:00:00+00:00","0.113","0.475","0.0333453"
"2012-09-20 09:30:00+00:00","0.057","0.675","0.0336774"
"2012-09-20 10:00:00+00:00","0.084","0.644","0.0326688"
"2012-09-20 10:30:00+00:00","0.042","0.825","0.0329886"
"2012-09-20 11:00:00+00:00","0.088","0.844","0.03252735"
"2012-09-20 11:30:00+00:00","0.054","0.856","0.0321399"
"2012-09-20 12:00:00+00:00","0.116","0.863","0.0325581"
"2012-09-20 12:30:00+00:00","0.066","0.844","0.0320661"
"2012-09-20 13:00:00+00:00","0.089","0.813","0.03180165"
"2012-09-20 13:30:00+00:00","0.055","0.788","0.0323613"
"2012-09-20 14:00:00+00:00","0.087","0.706","0.03204765"
"2012-09-20 14:30:00+00:00","0.052","0.675","0.03210915"
"2012-09-20 15:00:00+00:00","0.111","0.569","0.03269955"
"2012-09-20 15:30:00+00:00","0.082","0.388","0.03287175"
"2012-09-20 16:00:00+00:00","0.087","0.275","0.0331854"
"2012-09-20 16:30:00+00:00","0.209","0.125","0.0333699"
"2012-09-20 17:00:00+00:00","0.122","0.05","0.03288405"
"2012-09-20 17:30:00+00:00","0.066","0.0","0.03314235"
"2012-09-20 18:00:00+00:00","0.177","0.006","0.0344523"
"2012-09-20 18:30:00+00:00","0.169","0.0","0.0355593"
"2012-09-20 19:00:00+00:00","0.161","0.0","0.03388035"
"2012-09-20 19:30:00+00:00","0.149","0.0","0.0332223"
"2012-09-20 20:00:00+00:00","0.162","0.0","0.0330747"
"2012-09-20 20:30:00+00:00","0.225","0.0","0.0320292"
"2012-09-20 21:00:00+00:00","0.248","0.0","0.0320661"
"2012-09-20 21:30:00+00:00","0.23","0.0","0.03114975"
"2012-09-20 22:00:00+00:00","0.218","0.0","0.031365"
"2012-09-20 22:30:00+00:00","0.201","0.0","0.03428625"
"2012-09-20 23:00:00+00:00","0.312","0.0","0.03209685"
"2012-09-20 23:30:00+00:00","0.946","0.0","0.0333084"
"2012-09-21 00:00:00+00:00","0.092","0.0","0.03391725"
"2012-09-21 00:30:00+00:00","0.094","0.0","0.03244125"
"2012-09-21 01:00:00+00:00","0.099","0.0","0.033087"
"2012-09-21 01:30:00+00:00","0.065","0.0","0.0329517"
"2012-09-21 02:00:00+00:00","0.083","0.0","0.03239205"
"2012-09-21 02:30:00+00:00","0.043","0.0","0.0300858"
"2012-09-21 03:00:00+00:00","0.092","0.0","0.0269247"
"2012-09-21 03:30:00+00:00","0.052","0.0","0.02547945"
"2012-09-21 04:00:00+00:00","0.126","0.0","0.0251535"
"2012-09-21 04:30:00+00:00","0.045","0.0","0.0255594"
"2012-09-21 05:00:00+00:00","0.084","0.0","0.02693085"
"2012-09-21 05:30:00+00:00","0.105","0.0","0.0316725"
"2012-09-21 06:00:00+00:00","0.236","0.0","0.0313281"
"2012-09-21 06:30:00+00:00","0.083","0.0","0.0315741"
"2012-09-21 07:00:00+00:00","0.153","0.044","0.0325335"
"2012-09-21 07:30:00+00:00","0.202","0.125","0.0306147"
"2012-09-21 08:00:00+00:00","0.124","0.213","0.03290865"
"2012-09-21 08:30:00+00:00","0.084","0.206","0.03370815"
"2012-09-21 09:00:00+00:00","0.059","0.2","0.03351135"
"2012-09-21 09:30:00+00:00","0.088","0.363","0.0335913"
"2012-09-21 10:00:00+00:00","0.06","0.188","0.03311775"
"2012-09-21 10:30:00+00:00","0.097","0.281","0.03341295"
"2012-09-21 11:00:00+00:00","0.083","0.231","0.0333084"
"2012-09-21 11:30:00+00:00","0.079","0.231","0.0332469"
"2012-09-21 12:00:00+00:00","0.068","0.375","0.03239205"
"2012-09-21 12:30:00+00:00","0.069","0.469","0.0325581"
"2012-09-21 13:00:00+00:00","0.066","0.194","0.03301935"
"2012-09-21 13:30:00+00:00","0.095","0.525","0.0325335"
"2012-09-21 14:00:00+00:00","0.115","0.738","0.03177705"
"2012-09-21 14:30:00+00:00","0.202","0.631","0.03176475"
"2012-09-21 15:00:00+00:00","0.192","0.425","0.03167865"
"2012-09-21 15:30:00+00:00","0.12","0.25","0.03150645"
"2012-09-21 16:00:00+00:00","0.306","0.188","0.03151875"
"2012-09-21 16:30:00+00:00","0.272","0.163","0.03151875"
"2012-09-21 17:00:00+00:00","0.232","0.031","0.0316602"
"2012-09-21 17:30:00+00:00","0.193","0.006","0.03150645"
"2012-09-21 18:00:00+00:00","0.183","0.0","0.03283485"
"2012-09-21 18:30:00+00:00","0.456","0.0","0.03410175"
"2012-09-21 19:00:00+00:00","0.213","0.0","0.03276105"
"2012-09-21 19:30:00+00:00","0.288","0.0","0.03118665"
"2012-09-21 20:00:00+00:00","0.22","0.0","0.03156795"
"2012-09-21 20:30:00+00:00","0.206","0.0","0.0308238"
"2012-09-21 21:00:00+00:00","0.19","0.0","0.03208455"
"2012-09-21 21:30:00+00:00","0.346","0.0","0.0312174"
"2012-09-21 22:00:00+00:00","0.13","0.0","0.0310083"
"2012-09-21 22:30:00+00:00","0.115","0.0","0.04053465"
"2012-09-21 23:00:00+00:00","0.096","0.0","0.03456915"
"2012-09-21 23:30:00+00:00","0.116","0.0","0.0373797"
"2012-09-22 00:00:00+00:00","0.067","0.0","0.035793"
"2012-09-22 00:30:00+00:00","0.068","0.0","0.03331455"
"2012-09-22 01:00:00+00:00","0.075","0.0","0.03372045"
"2012-09-22 01:30:00+00:00","0.047","0.0","0.03347445"
"2012-09-22 02:00:00+00:00","0.087","0.0","0.0319185"
"2012-09-22 02:30:00+00:00","0.087","0.0","0.0304917"
"2012-09-22 03:00:00+00:00","0.089","0.0","0.02878815"
"2012-09-22 03:30:00+00:00","0.048","0.0","0.02796405"
"2012-09-22 04:00:00+00:00","0.079","0.0","0.02773035"
"2012-09-22 04:30:00+00:00","0.081","0.0","0.0276996"
"2012-09-22 05:00:00+00:00","0.055","0.0","0.02770575"
"2012-09-22 05:30:00+00:00","0.08","0.0","0.029274"
"2012-09-22 06:00:00+00:00","0.088","0.0","0.02948925"
"2012-09-22 06:30:00+00:00","0.09","0.013","0.02979675"
"2012-09-22 07:00:00+00:00","0.102","0.044","0.0312174"
"2012-09-22 07:30:00+00:00","0.099","0.125","0.0322629"
"2012-09-22 08:00:00+00:00","0.065","0.444","0.03190005"
"2012-09-22 08:30:00+00:00","0.068","0.569","0.0324966"
"2012-09-22 09:00:00+00:00","0.122","0.663","0.0327672"
"2012-09-22 09:30:00+00:00","0.098","0.725","0.0332961"
"2012-09-22 10:00:00+00:00","0.156","0.788","0.03198615"
"2012-09-22 10:30:00+00:00","0.134","0.838","0.03156795"
"2012-09-22 11:00:00+00:00","0.113","0.856","0.03203535"
"2012-09-22 11:30:00+00:00","0.201","0.869","0.03153105"
"2012-09-22 12:00:00+00:00","0.179","0.894","0.03151875"
"2012-09-22 12:30:00+00:00","0.186","0.844","0.0315987"
"2012-09-22 13:00:00+00:00","0.222","0.838","0.03161715"
"2012-09-22 13:30:00+00:00","0.106","0.788","0.03142035"
"2012-09-22 14:00:00+00:00","0.05","0.744","0.0315003"
"2012-09-22 14:30:00+00:00","0.097","0.675","0.03130965"
"2012-09-22 15:00:00+00:00","0.054","0.594","0.0315987"
"2012-09-22 15:30:00+00:00","0.256","0.488","0.03165405"
"2012-09-22 16:00:00+00:00","0.102","0.363","0.0318693"
"2012-09-22 16:30:00+00:00","0.13","0.238","0.0320661"
"2012-09-22 17:00:00+00:00","0.259","0.069","0.0327918"
"2012-09-22 17:30:00+00:00","0.203","0.006","0.03193695"
"2012-09-22 18:00:00+00:00","0.156","0.0","0.03367125"
"2012-09-22 18:30:00+00:00","0.419","0.0","0.0357561"
"2012-09-22 19:00:00+00:00","0.245","0.0","0.0369369"
"2012-09-22 19:30:00+00:00","0.279","0.0","0.03338835"
"2012-09-22 20:00:00+00:00","0.285","0.0","0.03209685"
"2012-09-22 20:30:00+00:00","0.247","0.0","0.0323121"
"2012-09-22 21:00:00+00:00","0.415","0.0","0.03129735"
"2012-09-22 21:30:00+00:00","0.168","0.0","0.0314757"
"2012-09-22 22:00:00+00:00","0.16","0.0","0.0311313"
"2012-09-22 22:30:00+00:00","0.852","0.0","0.0317586"
"2012-09-22 23:00:00+00:00","0.369","0.0","0.0329025"
"2012-09-22 23:30:00+00:00","0.132","0.0","0.0334068"
"2012-09-23 00:00:00+00:00","0.083","0.0","0.03183855"
"2012-09-23 00:30:00+00:00","0.109","0.0","0.0309714"
"2012-09-23 01:00:00+00:00","0.088","0.0","0.0307131"
"2012-09-23 01:30:00+00:00","0.099","0.0","0.03076845"
"2012-09-23 02:00:00+00:00","0.121","0.0","0.0295323"
"2012-09-23 02:30:00+00:00","0.109","0.0","0.0272814"
"2012-09-23 03:00:00+00:00","0.102","0.0","0.02653725"
"2012-09-23 03:30:00+00:00","0.085","0.0","0.02630355"
"2012-09-23 04:00:00+00:00","0.098","0.0","0.0258423"
"2012-09-23 04:30:00+00:00","0.066","0.0","0.0256947"
"2012-09-23 05:00:00+00:00","0.108","0.0","0.0256701"
"2012-09-23 05:30:00+00:00","0.082","0.0","0.0259776"
"2012-09-23 06:00:00+00:00","0.133","0.0","0.0261375"
"2012-09-23 06:30:00+00:00","0.714","0.006","0.0268017"
"2012-09-23 07:00:00+00:00","0.463","0.025","0.0278226"
"2012-09-23 07:30:00+00:00","0.432","0.125","0.0299997"
"2012-09-23 08:00:00+00:00","0.477","0.45","0.03069465"
"2012-09-23 08:30:00+00:00","0.593","0.575","0.03132195"
"2012-09-23 09:00:00+00:00","0.21","0.663","0.03127275"
"2012-09-23 09:30:00+00:00","0.157","0.75","0.03132195"
"2012-09-23 10:00:00+00:00","0.111","0.8","0.03134655"
"2012-09-23 10:30:00+00:00","0.065","0.838","0.03138345"
"2012-09-23 11:00:00+00:00","0.183","0.856","0.03015345"
"2012-09-23 11:30:00+00:00","0.092","0.863","0.0301842"
"2012-09-23 12:00:00+00:00","0.099","0.856","0.03027645"
"2012-09-23 12:30:00+00:00","0.137","0.838","0.0313527"
"2012-09-23 13:00:00+00:00","0.095","0.806","0.02995665"
"2012-09-23 13:30:00+00:00","0.107","0.75","0.0296184"
"2012-09-23 14:00:00+00:00","0.07","0.7","0.0292863"
"2012-09-23 14:30:00+00:00","0.116","0.631","0.0297291"
"2012-09-23 15:00:00+00:00","0.065","0.563","0.03005505"
"2012-09-23 15:30:00+00:00","0.157","0.469","0.0302826"
"2012-09-23 16:00:00+00:00","0.237","0.356","0.0310329"
"2012-09-23 16:30:00+00:00","0.123","0.225","0.03128505"
"2012-09-23 17:00:00+00:00","0.085","0.063","0.031365"
"2012-09-23 17:30:00+00:00","0.119","0.006","0.03148185"
"2012-09-23 18:00:00+00:00","0.174","0.0","0.034686"
"2012-09-23 18:30:00+00:00","0.219","0.0","0.0380931"
"2012-09-23 19:00:00+00:00","0.254","0.0","0.03836985"
"2012-09-23 19:30:00+00:00","0.188","0.0","0.03386805"
"2012-09-23 20:00:00+00:00","0.233","0.0","0.0333945"
"2012-09-23 20:30:00+00:00","0.303","0.0","0.03363435"
"2012-09-23 21:00:00+00:00","0.271","0.0","0.03205995"
"2012-09-23 21:30:00+00:00","0.168","0.0","0.0314388"
"2012-09-23 22:00:00+00:00","0.211","0.0","0.0309714"
"2012-09-23 22:30:00+00:00","0.061","0.0","0.0315372"
"2012-09-23 23:00:00+00:00","0.124","0.0","0.03130965"
"2012-09-23 23:30:00+00:00","0.062","0.0","0.0318201"
"2012-09-24 00:00:00+00:00","0.117","0.0","0.0311928"
"2012-09-24 00:30:00+00:00","0.044","0.0","0.03094065"
"2012-09-24 01:00:00+00:00","0.142","0.0","0.03021495"
"2012-09-24 01:30:00+00:00","0.079","0.0","0.02900955"
"2012-09-24 02:00:00+00:00","0.108","0.0","0.02744745"
"2012-09-24 02:30:00+00:00","0.066","0.0","0.02641425"
"2012-09-24 03:00:00+00:00","0.099","0.0","0.02600835"
"2012-09-24 03:30:00+00:00","0.126","0.0","0.0258546"
"2012-09-24 04:00:00+00:00","0.101","0.0","0.02555325"
"2012-09-24 04:30:00+00:00","0.106","0.0","0.0263466"
"2012-09-24 05:00:00+00:00","0.089","0.0","0.02825925"
"2012-09-24 05:30:00+00:00","0.068","0.0","0.0313158"
"2012-09-24 06:00:00+00:00","0.25","0.0","0.0326442"
"2012-09-24 06:30:00+00:00","0.105","0.006","0.0323736"
"2012-09-24 07:00:00+00:00","0.059","0.019","0.03313005"
"2012-09-24 07:30:00+00:00","0.097","0.113","0.03299475"
"2012-09-24 08:00:00+00:00","0.095","0.456","0.03383115"
"2012-09-24 08:30:00+00:00","0.156","0.588","0.03465525"
"2012-09-24 09:00:00+00:00","0.202","0.688","0.03531945"
"2012-09-24 09:30:00+00:00","0.215","0.769","0.0370353"
"2012-09-24 10:00:00+00:00","0.097","0.825","0.0360267"
"2012-09-24 10:30:00+00:00","0.153","0.869","0.03749655"
"2012-09-24 11:00:00+00:00","0.116","0.9","0.03624195"
"2012-09-24 11:30:00+00:00","0.177","0.913","0.03656175"
"2012-09-24 12:00:00+00:00","0.127","0.913","0.03605745"
"2012-09-24 12:30:00+00:00","0.215","0.894","0.04028865"
"2012-09-24 13:00:00+00:00","0.128","0.863","0.03877575"
"2012-09-24 13:30:00+00:00","0.224","0.819","0.0359529"
"2012-09-24 14:00:00+00:00","0.123","0.756","0.037392"
"2012-09-24 14:30:00+00:00","0.216","0.688","0.03925545"
"2012-09-24 15:00:00+00:00","0.118","0.594","0.03888645"
"2012-09-24 15:30:00+00:00","0.167","0.494","0.03824685"
"2012-09-24 16:00:00+00:00","0.095","0.375","0.03549165"
"2012-09-24 16:30:00+00:00","0.266","0.238","0.03475365"
"2012-09-24 17:00:00+00:00","0.091","0.075","0.0340833"
"2012-09-24 17:30:00+00:00","0.119","0.0","0.03445845"
"2012-09-24 18:00:00+00:00","0.176","0.0","0.0364695"
"2012-09-24 18:30:00+00:00","0.487","0.0","0.0393108"
"2012-09-24 19:00:00+00:00","0.156","0.0","0.04295775"
"2012-09-24 19:30:00+00:00","0.224","0.0","0.0377733"
"2012-09-24 20:00:00+00:00","0.198","0.0","0.0360636"
"2012-09-24 20:30:00+00:00","0.256","0.0","0.0342555"
"2012-09-24 21:00:00+00:00","0.146","0.0","0.032103"
"2012-09-24 21:30:00+00:00","0.136","0.0","0.03229365"
"2012-09-24 22:00:00+00:00","0.1","0.0","0.0312543"
"2012-09-24 22:30:00+00:00","0.076","0.006","0.03426165"
"2012-09-24 23:00:00+00:00","0.108","0.0","0.0323859"
"2012-09-24 23:30:00+00:00","0.05","0.0","0.0332838"
"2012-09-25 00:00:00+00:00","0.126","0.0","0.03269955"
"2012-09-25 00:30:00+00:00","0.068","0.0","0.03233055"
"2012-09-25 01:00:00+00:00","0.082","0.0","0.03300705"
"2012-09-25 01:30:00+00:00","0.066","0.0","0.03231825"
"2012-09-25 02:00:00+00:00","0.061","0.0","0.03221985"
"2012-09-25 02:30:00+00:00","0.079","0.0","0.0324597"
"2012-09-25 03:00:00+00:00","0.053","0.0","0.03092835"
"2012-09-25 03:30:00+00:00","0.118","0.0","0.02777955"
"2012-09-25 04:00:00+00:00","0.052","0.0","0.02672175"
"2012-09-25 04:30:00+00:00","0.088","0.0","0.0280317"
"2012-09-25 05:00:00+00:00","0.058","0.0","0.02972295"
"2012-09-25 05:30:00+00:00","0.072","0.0","0.03154335"
"2012-09-25 06:00:00+00:00","0.061","0.0","0.0313035"
"2012-09-25 06:30:00+00:00","0.082","0.0","0.03156795"
"2012-09-25 07:00:00+00:00","0.114","0.013","0.0335052"
"2012-09-25 07:30:00+00:00","0.085","0.069","0.0319923"
"2012-09-25 08:00:00+00:00","0.171","0.119","0.03160485"
"2012-09-25 08:30:00+00:00","0.131","0.181","0.03274875"
"2012-09-25 09:00:00+00:00","0.054","0.294","0.0326319"
"2012-09-25 09:30:00+00:00","0.077","0.319","0.0326934"
"2012-09-25 10:00:00+00:00","0.101","0.325","0.03244125"
"2012-09-25 10:30:00+00:00","0.161","0.438","0.03220755"
"2012-09-25 11:00:00+00:00","0.106","0.388","0.03357285"
"2012-09-25 11:30:00+00:00","0.067","0.5","0.0322998"
"2012-09-25 12:00:00+00:00","0.07","0.475","0.0329271"
"2012-09-25 12:30:00+00:00","0.065","0.494","0.03196155"
"2012-09-25 13:00:00+00:00","0.086","0.375","0.03360975"
"2012-09-25 13:30:00+00:00","0.06","0.356","0.03271185"
"2012-09-25 14:00:00+00:00","0.246","0.538","0.03253965"
"2012-09-25 14:30:00+00:00","0.094","0.406","0.032964"
"2012-09-25 15:00:00+00:00","0.126","0.519","0.03310545"
"2012-09-25 15:30:00+00:00","0.118","0.244","0.03405255"
"2012-09-25 16:00:00+00:00","0.134","0.1","0.03809925"
"2012-09-25 16:30:00+00:00","0.328","0.063","0.03627885"
"2012-09-25 17:00:00+00:00","0.163","0.038","0.0343662"
"2012-09-25 17:30:00+00:00","0.116","0.019","0.0333699"
"2012-09-25 18:00:00+00:00","0.177","0.0","0.0358914"
"2012-09-25 18:30:00+00:00","0.548","0.0","0.04133415"
"2012-09-25 19:00:00+00:00","0.308","0.0","0.04111275"
"2012-09-25 19:30:00+00:00","0.383","0.0","0.03818535"
"2012-09-25 20:00:00+00:00","0.172","0.0","0.035055"
"2012-09-25 20:30:00+00:00","0.443","0.0","0.03282255"
"2012-09-25 21:00:00+00:00","0.12","0.0","0.0338496"
"2012-09-25 21:30:00+00:00","0.11","0.0","0.0330255"
"2012-09-25 22:00:00+00:00","0.066","0.0","0.03113745"
"2012-09-25 22:30:00+00:00","0.132","0.0","0.03701685"
"2012-09-25 23:00:00+00:00","0.96","0.0","0.03167865"
"2012-09-25 23:30:00+00:00","0.083","0.0","0.03201075"
"2012-09-26 00:00:00+00:00","0.078","0.0","0.0323367"
"2012-09-26 00:30:00+00:00","0.058","0.0","0.03176475"
"2012-09-26 01:00:00+00:00","0.08","0.0","0.03130965"
"2012-09-26 01:30:00+00:00","0.043","0.0","0.0307869"
"2012-09-26 02:00:00+00:00","0.108","0.0","0.02926785"
"2012-09-26 02:30:00+00:00","0.08","0.0","0.0293232"
"2012-09-26 03:00:00+00:00","0.081","0.006","0.02599605"
"2012-09-26 03:30:00+00:00","0.056","0.0","0.02501205"
"2012-09-26 04:00:00+00:00","0.071","0.0","0.0248091"
"2012-09-26 04:30:00+00:00","0.07","0.0","0.024846"
"2012-09-26 05:00:00+00:00","0.065","0.0","0.0255717"
"2012-09-26 05:30:00+00:00","0.142","0.0","0.029151"
"2012-09-26 06:00:00+00:00","0.142","0.0","0.0309837"
"2012-09-26 06:30:00+00:00","0.173","0.013","0.0315864"
"2012-09-26 07:00:00+00:00","0.064","0.05","0.0369"
"2012-09-26 07:30:00+00:00","0.087","0.113","0.03199845"
"2012-09-26 08:00:00+00:00","0.061","0.281","0.03075"
"2012-09-26 08:30:00+00:00","0.149","0.419","0.0316602"
"2012-09-26 09:00:00+00:00","0.199","0.4","0.0318201"
"2012-09-26 09:30:00+00:00","0.092","0.294","0.032103"
"2012-09-26 10:00:00+00:00","0.074","0.625","0.03172785"
"2012-09-26 10:30:00+00:00","0.065","0.881","0.0323859"
"2012-09-26 11:00:00+00:00","0.084","0.888","0.0316725"
"2012-09-26 11:30:00+00:00","0.064","0.831","0.0314634"
"2012-09-26 12:00:00+00:00","0.113","0.9","0.03151875"
"2012-09-26 12:30:00+00:00","0.075","0.888","0.031611"
"2012-09-26 13:00:00+00:00","0.09","0.869","0.0315126"
"2012-09-26 13:30:00+00:00","0.065","0.825","0.03151875"
"2012-09-26 14:00:00+00:00","0.1","0.763","0.0313281"
"2012-09-26 14:30:00+00:00","0.317","0.7","0.0314634"
"2012-09-26 15:00:00+00:00","0.113","0.606","0.03151875"
"2012-09-26 15:30:00+00:00","0.201","0.5","0.0314634"
"2012-09-26 16:00:00+00:00","0.235","0.375","0.0357561"
"2012-09-26 16:30:00+00:00","0.18","0.225","0.0323859"
"2012-09-26 17:00:00+00:00","0.089","0.069","0.03180165"
"2012-09-26 17:30:00+00:00","0.165","0.006","0.0318201"
"2012-09-26 18:00:00+00:00","0.137","0.0","0.03198615"
"2012-09-26 18:30:00+00:00","0.209","0.0","0.03247815"
"2012-09-26 19:00:00+00:00","0.124","0.0","0.03266265"
"2012-09-26 19:30:00+00:00","0.161","0.0","0.0315003"
"2012-09-26 20:00:00+00:00","0.123","0.0","0.0314634"
"2012-09-26 20:30:00+00:00","0.14","0.0","0.0315864"
"2012-09-26 21:00:00+00:00","0.382","0.0","0.0314634"
"2012-09-26 21:30:00+00:00","0.137","0.0","0.0307254"
"2012-09-26 22:00:00+00:00","0.126","0.0","0.029028"
"2012-09-26 22:30:00+00:00","0.051","0.006","0.03196155"
"2012-09-26 23:00:00+00:00","0.112","0.0","0.03134655"
"2012-09-26 23:30:00+00:00","0.07","0.0","0.0322998"
"2012-09-27 00:00:00+00:00","0.095","0.0","0.0317217"
"2012-09-27 00:30:00+00:00","0.071","0.0","0.03156795"
"2012-09-27 01:00:00+00:00","0.109","0.0","0.031734"
"2012-09-27 01:30:00+00:00","0.079","0.0","0.0314142"
"2012-09-27 02:00:00+00:00","0.061","0.0","0.03080535"
"2012-09-27 02:30:00+00:00","0.086","0.0","0.0264696"
"2012-09-27 03:00:00+00:00","0.039","0.0","0.02509815"
"2012-09-27 03:30:00+00:00","0.116","0.0","0.0242064"
"2012-09-27 04:00:00+00:00","0.065","0.0","0.0237636"
"2012-09-27 04:30:00+00:00","0.112","0.0","0.0240957"
"2012-09-27 05:00:00+00:00","0.036","0.0","0.02483985"
"2012-09-27 05:30:00+00:00","0.1","0.0","0.02588535"
"2012-09-27 06:00:00+00:00","0.072","0.0","0.0292002"
"2012-09-27 06:30:00+00:00","0.223","0.013","0.03165405"
"2012-09-27 07:00:00+00:00","0.167","0.031","0.03126045"
"2012-09-27 07:30:00+00:00","0.187","0.138","0.0309222"
"2012-09-27 08:00:00+00:00","0.241","0.375","0.03047325"
"2012-09-27 08:30:00+00:00","0.244","0.475","0.0316233"
"2012-09-27 09:00:00+00:00","0.118","0.4","0.0323613"
"2012-09-27 09:30:00+00:00","0.073","0.55","0.0321522"
"2012-09-27 10:00:00+00:00","0.101","0.7","0.03177705"
"2012-09-27 10:30:00+00:00","0.068","0.656","0.03174015"
"2012-09-27 11:00:00+00:00","0.111","0.825","0.03177705"
"2012-09-27 11:30:00+00:00","0.098","0.738","0.0318816"
"2012-09-27 12:00:00+00:00","0.108","0.8","0.0317709"
"2012-09-27 12:30:00+00:00","0.066","0.819","0.0320046"
"2012-09-27 13:00:00+00:00","0.19","0.794","0.0314634"
"2012-09-27 13:30:00+00:00","0.106","0.8","0.03166635"
"2012-09-27 14:00:00+00:00","0.071","0.744","0.0315126"
"2012-09-27 14:30:00+00:00","0.161","0.675","0.03156795"
"2012-09-27 15:00:00+00:00","0.075","0.388","0.0317709"
"2012-09-27 15:30:00+00:00","0.114","0.194","0.0330501"
"2012-09-27 16:00:00+00:00","0.065","0.163","0.03224445"
"2012-09-27 16:30:00+00:00","0.269","0.081","0.0320907"
"2012-09-27 17:00:00+00:00","0.127","0.05","0.03202305"
"2012-09-27 17:30:00+00:00","0.126","0.006","0.03245355"
"2012-09-27 18:00:00+00:00","0.202","0.0","0.03444"
"2012-09-27 18:30:00+00:00","0.188","0.0","0.0348336"
"2012-09-27 19:00:00+00:00","0.327","0.0","0.035547"
"2012-09-27 19:30:00+00:00","0.151","0.0","0.0332838"
"2012-09-27 20:00:00+00:00","0.158","0.0","0.03210915"
"2012-09-27 20:30:00+00:00","0.357","0.0","0.0318693"
"2012-09-27 21:00:00+00:00","0.162","0.0","0.03156795"
"2012-09-27 21:30:00+00:00","0.1","0.0","0.031119"
"2012-09-27 22:00:00+00:00","0.089","0.0","0.03085455"
"2012-09-27 22:30:00+00:00","0.109","0.0","0.0327057"
"2012-09-27 23:00:00+00:00","0.074","0.006","0.0312051"
"2012-09-27 23:30:00+00:00","0.116","0.0","0.0345138"
"2012-09-28 00:00:00+00:00","0.105","0.0","0.0326442"
"2012-09-28 00:30:00+00:00","0.111","0.0","0.0315249"
"2012-09-28 01:00:00+00:00","0.08","0.0","0.03198"
"2012-09-28 01:30:00+00:00","0.108","0.0","0.0305286"
"2012-09-28 02:00:00+00:00","0.063","0.0","0.02857905"
"2012-09-28 02:30:00+00:00","0.091","0.0","0.02531955"
"2012-09-28 03:00:00+00:00","0.081","0.0","0.02464305"
"2012-09-28 03:30:00+00:00","0.118","0.0","0.0235299"
"2012-09-28 04:00:00+00:00","0.062","0.0","0.0120417"
"2012-09-28 04:30:00+00:00","0.089","0.0","0.01672185"
"2012-09-28 05:00:00+00:00","0.041","0.0","0.02391735"
"2012-09-28 05:30:00+00:00","0.111","0.0","0.0250551"
"2012-09-28 06:00:00+00:00","0.067","0.0","0.02873895"
"2012-09-28 06:30:00+00:00","0.159","0.013","0.03170325"
"2012-09-28 07:00:00+00:00","0.068","0.038","0.03170325"
"2012-09-28 07:30:00+00:00","0.161","0.131","0.03060855"
"2012-09-28 08:00:00+00:00","0.326","0.394","0.0315741"
"2012-09-28 08:30:00+00:00","0.237","0.519","0.03225675"
"2012-09-28 09:00:00+00:00","0.124","0.619","0.0324228"
"2012-09-28 09:30:00+00:00","0.145","0.7","0.03319155"
"2012-09-28 10:00:00+00:00","0.103","0.763","0.03333915"
"2012-09-28 10:30:00+00:00","0.089","0.8","0.0330624"
"2012-09-28 11:00:00+00:00","0.115","0.806","0.0319308"
"2012-09-28 11:30:00+00:00","0.115","0.819","0.0326319"
"2012-09-28 12:00:00+00:00","0.125","0.794","0.0331854"
"2012-09-28 12:30:00+00:00","0.136","0.838","0.03407715"
"2012-09-28 13:00:00+00:00","0.119","0.719","0.03336375"
"2012-09-28 13:30:00+00:00","0.147","0.769","0.0333945"
"2012-09-28 14:00:00+00:00","0.333","0.625","0.03335145"
"2012-09-28 14:30:00+00:00","0.266","0.388","0.0335913"
"2012-09-28 15:00:00+00:00","0.13","0.175","0.03273645"
"2012-09-28 15:30:00+00:00","0.15","0.3","0.031857"
"2012-09-28 16:00:00+00:00","0.155","0.063","0.03305625"
"2012-09-28 16:30:00+00:00","0.081","0.081","0.0329271"
"2012-09-28 17:00:00+00:00","0.337","0.019","0.03388035"
"2012-09-28 17:30:00+00:00","0.854","0.006","0.0339726"
"2012-09-28 18:00:00+00:00","0.719","0.0","0.0354117"
"2012-09-28 18:30:00+00:00","0.797","0.0","0.0373305"
"2012-09-28 19:00:00+00:00","0.623","0.0","0.0354363"
"2012-09-28 19:30:00+00:00","0.359","0.0","0.0336036"
"2012-09-28 20:00:00+00:00","0.337","0.0","0.03288405"
"2012-09-28 20:30:00+00:00","0.56","0.0","0.03217065"
"2012-09-28 21:00:00+00:00","0.261","0.0","0.0322506"
"2012-09-28 21:30:00+00:00","0.218","0.0","0.031119"
"2012-09-28 22:00:00+00:00","0.237","0.0","0.0306147"
"2012-09-28 22:30:00+00:00","0.316","0.0","0.0354855"
"2012-09-28 23:00:00+00:00","0.215","0.0","0.0311313"
"2012-09-28 23:30:00+00:00","0.214","0.0","0.03266265"
"2012-09-29 00:00:00+00:00","0.841","0.0","0.0334806"
"2012-09-29 00:30:00+00:00","0.44","0.0","0.0312666"
"2012-09-29 01:00:00+00:00","0.204","0.0","0.03110055"
"2012-09-29 01:30:00+00:00","0.154","0.0","0.0318078"
"2012-09-29 02:00:00+00:00","0.194","0.0","0.03094065"
"2012-09-29 02:30:00+00:00","0.238","0.0","0.0281547"
"2012-09-29 03:00:00+00:00","0.201","0.0","0.02577465"
"2012-09-29 03:30:00+00:00","0.193","0.0","0.02497515"
"2012-09-29 04:00:00+00:00","0.2","0.0","0.02472915"
"2012-09-29 04:30:00+00:00","0.209","0.0","0.0245877"
"2012-09-29 05:00:00+00:00","0.169","0.0","0.0246"
"2012-09-29 05:30:00+00:00","0.184","0.0","0.0250674"
"2012-09-29 06:00:00+00:00","0.245","0.0","0.0251043"
"2012-09-29 06:30:00+00:00","0.212","0.006","0.02625435"
"2012-09-29 07:00:00+00:00","0.156","0.031","0.02808705"
"2012-09-29 07:30:00+00:00","0.356","0.113","0.0281301"
"2012-09-29 08:00:00+00:00","0.296","0.3","0.03062085"
"2012-09-29 08:30:00+00:00","0.185","0.319","0.03159255"
"2012-09-29 09:00:00+00:00","0.058","0.313","0.0315618"
"2012-09-29 09:30:00+00:00","0.105","0.35","0.0317094"
"2012-09-29 10:00:00+00:00","0.223","0.344","0.03166635"
"2012-09-29 10:30:00+00:00","0.139","0.656","0.03161715"
"2012-09-29 11:00:00+00:00","0.099","0.55","0.0314634"
"2012-09-29 11:30:00+00:00","0.06","0.463","0.0314634"
"2012-09-29 12:00:00+00:00","0.1","0.688","0.0314634"
"2012-09-29 12:30:00+00:00","0.11","0.588","0.0314634"
"2012-09-29 13:00:00+00:00","0.179","0.794","0.03137115"
"2012-09-29 13:30:00+00:00","0.174","0.831","0.03116205"
"2012-09-29 14:00:00+00:00","0.636","0.7","0.03128505"
"2012-09-29 14:30:00+00:00","0.394","0.538","0.03096525"
"2012-09-29 15:00:00+00:00","0.168","0.544","0.031119"
"2012-09-29 15:30:00+00:00","0.149","0.288","0.03134655"
"2012-09-29 16:00:00+00:00","0.204","0.175","0.0314634"
"2012-09-29 16:30:00+00:00","0.127","0.125","0.03144495"
"2012-09-29 17:00:00+00:00","0.165","0.088","0.0315249"
"2012-09-29 17:30:00+00:00","0.217","0.019","0.031365"
"2012-09-29 18:00:00+00:00","0.23","0.0","0.03177705"
"2012-09-29 18:30:00+00:00","0.242","0.0","0.0326934"
"2012-09-29 19:00:00+00:00","0.197","0.0","0.03295785"
"2012-09-29 19:30:00+00:00","0.207","0.0","0.03188775"
"2012-09-29 20:00:00+00:00","0.228","0.0","0.03223215"
"2012-09-29 20:30:00+00:00","0.214","0.0","0.03236745"
"2012-09-29 21:00:00+00:00","0.174","0.0","0.03187545"
"2012-09-29 21:30:00+00:00","0.403","0.0","0.03176475"
"2012-09-29 22:00:00+00:00","0.15","0.0","0.03159255"
"2012-09-29 22:30:00+00:00","0.113","0.0","0.0319923"
"2012-09-29 23:00:00+00:00","0.092","0.0","0.03182625"
"2012-09-29 23:30:00+00:00","0.183","0.0","0.0323613"
"2012-09-30 00:00:00+00:00","0.127","0.0","0.03188775"
"2012-09-30 00:30:00+00:00","0.066","0.0","0.0328164"
"2012-09-30 01:00:00+00:00","0.11","0.0","0.03148185"
"2012-09-30 01:30:00+00:00","0.122","0.0","0.03113745"
"2012-09-30 02:00:00+00:00","0.068","0.0","0.02790255"
"2012-09-30 02:30:00+00:00","0.068","0.0","0.02669715"
"2012-09-30 03:00:00+00:00","0.114","0.0","0.0258915"
"2012-09-30 03:30:00+00:00","0.059","0.0","0.02438475"
"2012-09-30 04:00:00+00:00","0.113","0.0","0.0244893"
"2012-09-30 04:30:00+00:00","0.126","0.0","0.0241941"
"2012-09-30 05:00:00+00:00","0.047","0.0","0.02436015"
"2012-09-30 05:30:00+00:00","0.075","0.0","0.0246246"
"2012-09-30 06:00:00+00:00","0.237","0.0","0.0247107"
"2012-09-30 06:30:00+00:00","0.062","0.006","0.02629125"
"2012-09-30 07:00:00+00:00","0.172","0.013","0.02771805"
"2012-09-30 07:30:00+00:00","0.193","0.175","0.0286098"
"2012-09-30 08:00:00+00:00","0.264","0.525","0.0316233"
"2012-09-30 08:30:00+00:00","0.209","0.644","0.0314634"
"2012-09-30 09:00:00+00:00","0.224","0.744","0.0316233"
"2012-09-30 09:30:00+00:00","0.075","0.806","0.03153105"
"2012-09-30 10:00:00+00:00","0.231","0.856","0.03241665"
"2012-09-30 10:30:00+00:00","0.234","0.894","0.03241665"
"2012-09-30 11:00:00+00:00","0.103","0.925","0.03150645"
"2012-09-30 11:30:00+00:00","0.096","0.931","0.0314634"
"2012-09-30 12:00:00+00:00","0.114","0.944","0.0314634"
"2012-09-30 12:30:00+00:00","0.086","0.888","0.0314634"
"2012-09-30 13:00:00+00:00","0.108","0.856","0.0314019"
"2012-09-30 13:30:00+00:00","0.127","0.819","0.0314634"
"2012-09-30 14:00:00+00:00","0.092","0.769","0.0312297"
"2012-09-30 14:30:00+00:00","0.051","0.706","0.0314634"
"2012-09-30 15:00:00+00:00","0.104","0.613","0.03139575"
"2012-09-30 15:30:00+00:00","0.107","0.506","0.0314019"
"2012-09-30 16:00:00+00:00","0.056","0.388","0.03148185"
"2012-09-30 16:30:00+00:00","0.107","0.231","0.03149415"
"2012-09-30 17:00:00+00:00","0.188","0.056","0.03100215"
"2012-09-30 17:30:00+00:00","0.202","0.0","0.0315126"
"2012-09-30 18:00:00+00:00","0.161","0.0","0.03170325"
"2012-09-30 18:30:00+00:00","0.194","0.0","0.033456"
"2012-09-30 19:00:00+00:00","0.154","0.0","0.0339603"
"2012-09-30 19:30:00+00:00","0.149","0.0","0.03297015"
"2012-09-30 20:00:00+00:00","0.176","0.0","0.0333084"
"2012-09-30 20:30:00+00:00","0.176","0.0","0.03391725"
"2012-09-30 21:00:00+00:00","0.138","0.0","0.0320784"
"2012-09-30 21:30:00+00:00","0.158","0.0","0.0322629"
"2012-09-30 22:00:00+00:00","0.067","0.0","0.03171555"
"2012-09-30 22:30:00+00:00","0.079","0.0","0.03207225"
"2012-09-30 23:00:00+00:00","0.112","0.0","0.03151875"
"2012-09-30 23:30:00+00:00","0.441","0.0","0.0332346"
"2012-10-01 00:00:00+00:00","0.565","0.0","0.0314634"
"2012-10-01 00:30:00+00:00","0.107","0.0","0.03142035"
"2012-10-01 01:00:00+00:00","0.057","0.0","0.03146955"
"2012-10-01 01:30:00+00:00","0.127","0.0","0.031119"
"2012-10-01 02:00:00+00:00","0.104","0.0","0.0290772"
"2012-10-01 02:30:00+00:00","0.058","0.0","0.02705385"
"2012-10-01 03:00:00+00:00","0.107","0.0","0.02561475"
"2012-10-01 03:30:00+00:00","0.081","0.0","0.02529495"
"2012-10-01 04:00:00+00:00","0.05","0.0","0.0249567"
"2012-10-01 04:30:00+00:00","0.112","0.0","0.02512275"
"2012-10-01 05:00:00+00:00","0.067","0.0","0.02513505"
"2012-10-01 05:30:00+00:00","0.057","0.006","0.0296922"
"2012-10-01 06:00:00+00:00","0.227","0.0","0.0284253"
"2012-10-01 06:30:00+00:00","0.089","0.006","0.0310083"
"2012-10-01 07:00:00+00:00","0.073","0.019","0.03186315"
"2012-10-01 07:30:00+00:00","0.16","0.175","0.03070695"
"2012-10-01 08:00:00+00:00","0.274","0.5","0.03055935"
"2012-10-01 08:30:00+00:00","0.223","0.506","0.0320292"
"2012-10-01 09:00:00+00:00","0.454","0.713","0.03199845"
"2012-10-01 09:30:00+00:00","0.14","0.781","0.03196155"
"2012-10-01 10:00:00+00:00","0.182","0.85","0.03209685"
"2012-10-01 10:30:00+00:00","0.197","0.906","0.03198"
"2012-10-01 11:00:00+00:00","0.14","0.906","0.0317217"
"2012-10-01 11:30:00+00:00","0.297","0.938","0.03187545"
"2012-10-01 12:00:00+00:00","0.216","0.931","0.0319308"
"2012-10-01 12:30:00+00:00","0.488","0.913","0.03196155"
"2012-10-01 13:00:00+00:00","0.444","0.863","0.0317094"
"2012-10-01 13:30:00+00:00","0.146","0.794","0.0319185"
"2012-10-01 14:00:00+00:00","0.276","0.775","0.03182625"
"2012-10-01 14:30:00+00:00","0.182","0.688","0.03166635"
"2012-10-01 15:00:00+00:00","0.267","0.6","0.0312174"
"2012-10-01 15:30:00+00:00","0.179","0.506","0.0306024"
"2012-10-01 16:00:00+00:00","0.193","0.381","0.0313404"
"2012-10-01 16:30:00+00:00","0.138","0.219","0.03143265"
"2012-10-01 17:00:00+00:00","0.153","0.056","0.0319677"
"2012-10-01 17:30:00+00:00","0.24","0.006","0.03274875"
"2012-10-01 18:00:00+00:00","0.275","0.0","0.03295785"
"2012-10-01 18:30:00+00:00","0.18","0.0","0.0388311"
"2012-10-01 19:00:00+00:00","0.259","0.0","0.04041165"
"2012-10-01 19:30:00+00:00","0.364","0.0","0.0369861"
"2012-10-01 20:00:00+00:00","0.46","0.0","0.03375735"
"2012-10-01 20:30:00+00:00","0.446","0.0","0.03226905"
"2012-10-01 21:00:00+00:00","0.188","0.0","0.0320046"
"2012-10-01 21:30:00+00:00","0.271","0.0","0.0314388"
"2012-10-01 22:00:00+00:00","0.368","0.0","0.03080535"
"2012-10-01 22:30:00+00:00","0.112","0.0","0.0318324"
"2012-10-01 23:00:00+00:00","0.157","0.0","0.03145725"
"2012-10-01 23:30:00+00:00","0.134","0.0","0.0337758"
"2012-10-02 00:00:00+00:00","0.078","0.0","0.03186315"
"2012-10-02 00:30:00+00:00","0.859","0.0","0.0321645"
"2012-10-02 01:00:00+00:00","0.189","0.0","0.0323367"
"2012-10-02 01:30:00+00:00","0.064","0.0","0.0322998"
"2012-10-02 02:00:00+00:00","0.126","0.0","0.0309591"
"2012-10-02 02:30:00+00:00","0.119","0.0","0.02952"
"2012-10-02 03:00:00+00:00","0.101","0.0","0.02936625"
"2012-10-02 03:30:00+00:00","0.123","0.0","0.0258423"
"2012-10-02 04:00:00+00:00","0.067","0.0","0.0241572"
"2012-10-02 04:30:00+00:00","0.112","0.0","0.02592225"
"2012-10-02 05:00:00+00:00","0.087","0.0","0.02761965"
"2012-10-02 05:30:00+00:00","0.079","0.0","0.031242"
"2012-10-02 06:00:00+00:00","0.35","0.0","0.03160485"
"2012-10-02 06:30:00+00:00","0.226","0.025","0.03236745"
"2012-10-02 07:00:00+00:00","0.368","0.05","0.0334929"
"2012-10-02 07:30:00+00:00","0.514","0.113","0.02952"
"2012-10-02 08:00:00+00:00","0.365","0.244","0.0324351"
"2012-10-02 08:30:00+00:00","0.606","0.613","0.0332961"
"2012-10-02 09:00:00+00:00","0.36","0.644","0.0334437"
"2012-10-02 09:30:00+00:00","0.056","0.769","0.0348951"
"2012-10-02 10:00:00+00:00","0.073","0.844","0.0344154"
"2012-10-02 10:30:00+00:00","0.147","0.875","0.03346215"
"2012-10-02 11:00:00+00:00","0.075","0.894","0.033087"
"2012-10-02 11:30:00+00:00","0.063","0.906","0.03209685"
"2012-10-02 12:00:00+00:00","0.107","0.9","0.03217065"
"2012-10-02 12:30:00+00:00","0.069","0.888","0.03197385"
"2012-10-02 13:00:00+00:00","0.064","0.869","0.03197385"
"2012-10-02 13:30:00+00:00","0.101","0.825","0.03220755"
"2012-10-02 14:00:00+00:00","0.13","0.769","0.0319677"
"2012-10-02 14:30:00+00:00","0.071","0.7","0.0319677"
"2012-10-02 15:00:00+00:00","0.098","0.619","0.0324597"
"2012-10-02 15:30:00+00:00","0.104","0.513","0.0321645"
"2012-10-02 16:00:00+00:00","0.045","0.388","0.03207225"
"2012-10-02 16:30:00+00:00","0.436","0.213","0.0325212"
"2012-10-02 17:00:00+00:00","0.932","0.056","0.0330747"
"2012-10-02 17:30:00+00:00","1.05","0.006","0.03463065"
"2012-10-02 18:00:00+00:00","0.78","0.0","0.03429855"
"2012-10-02 18:30:00+00:00","0.882","0.0","0.0379578"
"2012-10-02 19:00:00+00:00","1.08","0.0","0.04128495"
"2012-10-02 19:30:00+00:00","0.982","0.0","0.03876345"
"2012-10-02 20:00:00+00:00","0.411","0.0","0.03509805"
"2012-10-02 20:30:00+00:00","0.432","0.0","0.0331239"
"2012-10-02 21:00:00+00:00","0.479","0.0","0.0321153"
"2012-10-02 21:30:00+00:00","0.188","0.0","0.0318201"
"2012-10-02 22:00:00+00:00","0.301","0.0","0.03140805"
"2012-10-02 22:30:00+00:00","1.18","0.0","0.03561465"
"2012-10-02 23:00:00+00:00","0.143","0.0","0.0319677"
"2012-10-02 23:30:00+00:00","0.1","0.0","0.0325335"
"2012-10-03 00:00:00+00:00","0.078","0.0","0.03214605"
"2012-10-03 00:30:00+00:00","0.13","0.0","0.0327795"
"2012-10-03 01:00:00+00:00","0.123","0.0","0.031242"
"2012-10-03 01:30:00+00:00","0.08","0.0","0.03279795"
"2012-10-03 02:00:00+00:00","0.111","0.0","0.0314265"
"2012-10-03 02:30:00+00:00","0.058","0.0","0.02875125"
"2012-10-03 03:00:00+00:00","0.11","0.0","0.0270231"
"2012-10-03 03:30:00+00:00","0.075","0.0","0.025338"
"2012-10-03 04:00:00+00:00","0.075","0.0","0.0254364"
"2012-10-03 04:30:00+00:00","0.103","0.0","0.0250059"
"2012-10-03 05:00:00+00:00","0.1","0.0","0.0254487"
"2012-10-03 05:30:00+00:00","0.121","0.0","0.028413"
"2012-10-03 06:00:00+00:00","0.088","0.0","0.02980905"
"2012-10-03 06:30:00+00:00","0.405","0.006","0.0319677"
"2012-10-03 07:00:00+00:00","0.13","0.025","0.0319677"
"2012-10-03 07:30:00+00:00","0.143","0.188","0.02972295"
"2012-10-03 08:00:00+00:00","0.308","0.519","0.03213375"
"2012-10-03 08:30:00+00:00","0.159","0.625","0.03197385"
"2012-10-03 09:00:00+00:00","0.157","0.706","0.03233055"
"2012-10-03 09:30:00+00:00","0.246","0.769","0.0322875"
"2012-10-03 10:00:00+00:00","0.177","0.825","0.03197385"
"2012-10-03 10:30:00+00:00","0.234","0.863","0.03205995"
"2012-10-03 11:00:00+00:00","0.223","0.869","0.03202305"
"2012-10-03 11:30:00+00:00","0.149","0.881","0.03198615"
"2012-10-03 12:00:00+00:00","0.134","0.869","0.03197385"
"2012-10-03 12:30:00+00:00","0.281","0.856","0.0319677"
"2012-10-03 13:00:00+00:00","0.312","0.831","0.03201075"
"2012-10-03 13:30:00+00:00","0.214","0.819","0.0321399"
"2012-10-03 14:00:00+00:00","0.163","0.75","0.03240435"
"2012-10-03 14:30:00+00:00","0.175","0.688","0.03298245"
"2012-10-03 15:00:00+00:00","0.252","0.575","0.03250275"
"2012-10-03 15:30:00+00:00","0.163","0.506","0.0328779"
"2012-10-03 16:00:00+00:00","0.18","0.313","0.0328902"
"2012-10-03 16:30:00+00:00","0.218","0.244","0.03383115"
"2012-10-03 17:00:00+00:00","0.225","0.05","0.0342924"
"2012-10-03 17:30:00+00:00","0.217","0.006","0.03342525"
"2012-10-03 18:00:00+00:00","0.161","0.0","0.03388035"
"2012-10-03 18:30:00+00:00","0.084","0.0","0.03539325"
"2012-10-03 19:00:00+00:00","0.08","0.0","0.0374658"
"2012-10-03 19:30:00+00:00","0.125","0.0","0.03281025"
"2012-10-03 20:00:00+00:00","0.146","0.0","0.03197385"
"2012-10-03 20:30:00+00:00","0.317","0.0","0.03196155"
"2012-10-03 21:00:00+00:00","0.092","0.0","0.0317094"
"2012-10-03 21:30:00+00:00","0.155","0.0","0.0319308"
"2012-10-03 22:00:00+00:00","0.142","0.0","0.03164175"
"2012-10-03 22:30:00+00:00","0.081","0.0","0.03304395"
"2012-10-03 23:00:00+00:00","0.118","0.0","0.03196155"
"2012-10-03 23:30:00+00:00","0.134","0.0","0.03439695"
"2012-10-04 00:00:00+00:00","0.118","0.0","0.0326319"
"2012-10-04 00:30:00+00:00","0.143","0.0","0.0302334"
"2012-10-04 01:00:00+00:00","0.122","0.0","0.02798865"
"2012-10-04 01:30:00+00:00","0.055","0.0","0.02759505"
"2012-10-04 02:00:00+00:00","0.119","0.0","0.0251166"
"2012-10-04 02:30:00+00:00","0.102","0.0","0.02533185"
"2012-10-04 03:00:00+00:00","0.08","0.0","0.0246615"
"2012-10-04 03:30:00+00:00","0.126","0.0","0.0213405"
"2012-10-04 04:00:00+00:00","0.114","0.0","0.02036265"
"2012-10-04 04:30:00+00:00","0.102","0.0","0.0153381"
"2012-10-04 05:00:00+00:00","0.123","0.0","0.02298255"
"2012-10-04 05:30:00+00:00","0.071","0.0","0.0287082"
"2012-10-04 06:00:00+00:00","0.11","0.0","0.02930475"
"2012-10-04 06:30:00+00:00","0.222","0.013","0.03196155"
"2012-10-04 07:00:00+00:00","0.163","0.013","0.03257655"
"2012-10-04 07:30:00+00:00","0.266","0.181","0.03064545"
"2012-10-04 08:00:00+00:00","0.251","0.513","0.03203535"
"2012-10-04 08:30:00+00:00","0.116","0.613","0.03201075"
"2012-10-04 09:00:00+00:00","0.32","0.719","0.03199845"
"2012-10-04 09:30:00+00:00","0.937","0.788","0.03204765"
"2012-10-04 10:00:00+00:00","0.111","0.838","0.03217065"
"2012-10-04 10:30:00+00:00","0.098","0.869","0.0323121"
"2012-10-04 11:00:00+00:00","0.113","0.881","0.0322506"
"2012-10-04 11:30:00+00:00","0.309","0.894","0.03300705"
"2012-10-04 12:00:00+00:00","0.173","0.888","0.0333453"
"2012-10-04 12:30:00+00:00","0.188","0.813","0.0326196"
"2012-10-04 13:00:00+00:00","0.154","0.844","0.0329271"
"2012-10-04 13:30:00+00:00","0.173","0.644","0.0355101"
"2012-10-04 14:00:00+00:00","0.416","0.75","0.0344277"
"2012-10-04 14:30:00+00:00","0.348","0.681","0.0382038"
"2012-10-04 15:00:00+00:00","0.202","0.6","0.03782865"
"2012-10-04 15:30:00+00:00","0.18","0.494","0.0380685"
"2012-10-04 16:00:00+00:00","0.167","0.375","0.03685695"
"2012-10-04 16:30:00+00:00","0.274","0.2","0.0378102"
"2012-10-04 17:00:00+00:00","0.119","0.044","0.03550395"
"2012-10-04 17:30:00+00:00","0.115","0.006","0.03411405"
"2012-10-04 18:00:00+00:00","0.182","0.0","0.0344031"
"2012-10-04 18:30:00+00:00","0.226","0.0","0.0363588"
"2012-10-04 19:00:00+00:00","0.842","0.0","0.0402579"
"2012-10-04 19:30:00+00:00","0.343","0.0","0.03909555"
"2012-10-04 20:00:00+00:00","0.52","0.0","0.03560235"
"2012-10-04 20:30:00+00:00","0.343","0.0","0.03251505"
"2012-10-04 21:00:00+00:00","0.209","0.0","0.03177705"
"2012-10-04 21:30:00+00:00","0.201","0.0","0.0319677"
"2012-10-04 22:00:00+00:00","0.351","0.0","0.03193695"
"2012-10-04 22:30:00+00:00","0.232","0.0","0.0422751"
"2012-10-04 23:00:00+00:00","0.222","0.0","0.03213375"
"2012-10-04 23:30:00+00:00","0.843","0.0","0.03303165"
"2012-10-05 00:00:00+00:00","0.46","0.0","0.03194925"
"2012-10-05 00:30:00+00:00","0.127","0.0","0.0318324"
"2012-10-05 01:00:00+00:00","0.13","0.0","0.03063315"
"2012-10-05 01:30:00+00:00","0.089","0.0","0.0306024"
"2012-10-05 02:00:00+00:00","0.103","0.0","0.0295323"
"2012-10-05 02:30:00+00:00","0.124","0.0","0.02750895"
"2012-10-05 03:00:00+00:00","0.135","0.0","0.027306"
"2012-10-05 03:30:00+00:00","0.125","0.0","0.02683245"
"2012-10-05 04:00:00+00:00","0.129","0.0","0.0260268"
"2012-10-05 04:30:00+00:00","0.09","0.0","0.02605755"
"2012-10-05 05:00:00+00:00","0.091","0.0","0.0273921"
"2012-10-05 05:30:00+00:00","0.135","0.0","0.03085455"
"2012-10-05 06:00:00+00:00","0.153","0.0","0.0320046"
"2012-10-05 06:30:00+00:00","0.34","0.013","0.03209685"
"2012-10-05 07:00:00+00:00","0.604","0.019","0.032103"
"2012-10-05 07:30:00+00:00","0.143","0.175","0.0312174"
"2012-10-05 08:00:00+00:00","0.13","0.488","0.03520875"
"2012-10-05 08:30:00+00:00","0.231","0.6","0.0380562"
"2012-10-05 09:00:00+00:00","0.333","0.688","0.03582375"
"2012-10-05 09:30:00+00:00","0.21","0.763","0.0352395"
"2012-10-05 10:00:00+00:00","0.194","0.806","0.03795165"
"2012-10-05 10:30:00+00:00","0.115","0.85","0.0383514"
"2012-10-05 11:00:00+00:00","0.119","0.869","0.0426195"
"2012-10-05 11:30:00+00:00","0.119","0.881","0.03802545"
"2012-10-05 12:00:00+00:00","0.631","0.881","0.04001805"
"2012-10-05 12:30:00+00:00","0.204","0.863","0.0458913"
"2012-10-05 13:00:00+00:00","0.233","0.838","0.0511065"
"2012-10-05 13:30:00+00:00","0.227","0.788","0.05140785"
"2012-10-05 14:00:00+00:00","0.349","0.681","0.0616599"
"2012-10-05 14:30:00+00:00","0.221","0.65","0.08916885"
"2012-10-05 15:00:00+00:00","0.252","0.569","0.07702875"
"2012-10-05 15:30:00+00:00","0.279","0.481","0.04276095"
"2012-10-05 16:00:00+00:00","0.258","0.356","0.03504885"
"2012-10-05 16:30:00+00:00","0.256","0.144","0.03450765"
"2012-10-05 17:00:00+00:00","0.221","0.044","0.03482745"
"2012-10-05 17:30:00+00:00","0.35","0.006","0.03385575"
"2012-10-05 18:00:00+00:00","0.311","0.0","0.0346122"
"2012-10-05 18:30:00+00:00","0.341","0.0","0.03661095"
"2012-10-05 19:00:00+00:00","0.352","0.0","0.03824685"
"2012-10-05 19:30:00+00:00","0.239","0.0","0.03637725"
"2012-10-05 20:00:00+00:00","0.183","0.0","0.03465525"
"2012-10-05 20:30:00+00:00","0.344","0.0","0.0359283"
"2012-10-05 21:00:00+00:00","0.17","0.0","0.0339726"
"2012-10-05 21:30:00+00:00","0.147","0.0","0.03324075"
"2012-10-05 22:00:00+00:00","0.129","0.0","0.03197385"
"2012-10-05 22:30:00+00:00","0.132","0.0","0.0338865"
"2012-10-05 23:00:00+00:00","0.165","0.0","0.03390495"
"2012-10-05 23:30:00+00:00","0.341","0.0","0.04139565"
"2012-10-06 00:00:00+00:00","0.739","0.0","0.03518415"
"2012-10-06 00:30:00+00:00","0.041","0.0","0.03782865"
"2012-10-06 01:00:00+00:00","0.095","0.0","0.0342063"
"2012-10-06 01:30:00+00:00","0.109","0.0","0.03340065"
"2012-10-06 02:00:00+00:00","0.103","0.0","0.0333699"
"2012-10-06 02:30:00+00:00","0.096","0.0","0.0336282"
"2012-10-06 03:00:00+00:00","0.111","0.0","0.03235515"
"2012-10-06 03:30:00+00:00","0.098","0.0","0.0318078"
"2012-10-06 04:00:00+00:00","0.101","0.0","0.0315126"
"2012-10-06 04:30:00+00:00","0.046","0.0","0.03202305"
"2012-10-06 05:00:00+00:00","0.096","0.0","0.0327672"
"2012-10-06 05:30:00+00:00","0.113","0.0","0.0338373"
"2012-10-06 06:00:00+00:00","0.163","0.0","0.03202305"
"2012-10-06 06:30:00+00:00","0.138","0.0","0.0321399"
"2012-10-06 07:00:00+00:00","0.146","0.025","0.03346215"
"2012-10-06 07:30:00+00:00","0.064","0.069","0.03292095"
"2012-10-06 08:00:00+00:00","0.092","0.088","0.0337389"
"2012-10-06 08:30:00+00:00","0.119","0.163","0.0352395"
"2012-10-06 09:00:00+00:00","0.071","0.119","0.03567"
"2012-10-06 09:30:00+00:00","0.055","0.063","0.0393477"
"2012-10-06 10:00:00+00:00","0.353","0.063","0.0383268"
"2012-10-06 10:30:00+00:00","0.151","0.1","0.038007"
"2012-10-06 11:00:00+00:00","0.159","0.088","0.0369984"
"2012-10-06 11:30:00+00:00","0.202","0.119","0.0372567"
"2012-10-06 12:00:00+00:00","0.115","0.131","0.03529485"
"2012-10-06 12:30:00+00:00","0.263","0.119","0.03727515"
"2012-10-06 13:00:00+00:00","0.31","0.119","0.0382038"
"2012-10-06 13:30:00+00:00","0.174","0.131","0.03824685"
"2012-10-06 14:00:00+00:00","0.286","0.15","0.0382407"
"2012-10-06 14:30:00+00:00","0.369","0.15","0.03717675"
"2012-10-06 15:00:00+00:00","0.104","0.175","0.03616815"
"2012-10-06 15:30:00+00:00","0.126","0.075","0.03807465"
"2012-10-06 16:00:00+00:00","0.272","0.05","0.0382776"
"2012-10-06 16:30:00+00:00","0.217","0.031","0.03707835"
"2012-10-06 17:00:00+00:00","0.379","0.006","0.03946455"
"2012-10-06 17:30:00+00:00","0.268","0.0","0.0363219"
"2012-10-06 18:00:00+00:00","0.259","0.0","0.03742275"
"2012-10-06 18:30:00+00:00","0.213","0.0","0.04608195"
"2012-10-06 19:00:00+00:00","0.211","0.0","0.04551"
"2012-10-06 19:30:00+00:00","0.234","0.0","0.0354363"
"2012-10-06 20:00:00+00:00","0.407","0.0","0.0341694"
"2012-10-06 20:30:00+00:00","0.167","0.0","0.03554085"
"2012-10-06 21:00:00+00:00","0.26","0.0","0.0337266"
"2012-10-06 21:30:00+00:00","0.102","0.0","0.0338742"
"2012-10-06 22:00:00+00:00","0.111","0.0","0.03315465"
"2012-10-06 22:30:00+00:00","0.077","0.0","0.0338373"
"2012-10-06 23:00:00+00:00","0.095","0.0","0.033702"
"2012-10-06 23:30:00+00:00","0.092","0.0","0.0353871"
"2012-10-07 00:00:00+00:00","0.067","0.0","0.03337605"
"2012-10-07 00:30:00+00:00","0.104","0.0","0.0322383"
"2012-10-07 01:00:00+00:00","0.088","0.0","0.0322383"
"2012-10-07 01:30:00+00:00","0.096","0.0","0.03274875"
"2012-10-07 02:00:00+00:00","0.045","0.0","0.0328656"
"2012-10-07 02:30:00+00:00","0.0","0.0","0.031488"
"2012-10-07 03:00:00+00:00","0.0","0.0","0.03151875"
"2012-10-07 03:30:00+00:00","0.091","0.0","0.02961225"
"2012-10-07 04:00:00+00:00","0.044","0.0","0.03121125"
"2012-10-07 04:30:00+00:00","0.085","0.0","0.03186315"
"2012-10-07 05:00:00+00:00","0.064","0.0","0.03164175"
"2012-10-07 05:30:00+00:00","0.213","0.0","0.03194925"
"2012-10-07 06:00:00+00:00","0.121","0.0","0.03123585"
"2012-10-07 06:30:00+00:00","0.056","0.0","0.03196155"
"2012-10-07 07:00:00+00:00","0.242","0.0","0.03197385"
"2012-10-07 07:30:00+00:00","0.194","0.006","0.0313896"
"2012-10-07 08:00:00+00:00","0.196","0.013","0.03253965"
"2012-10-07 08:30:00+00:00","0.147","0.163","0.03376965"
"2012-10-07 09:00:00+00:00","0.181","0.544","0.0329271"
"2012-10-07 09:30:00+00:00","0.109","0.65","0.03343755"
"2012-10-07 10:00:00+00:00","0.108","0.75","0.0329517"
"2012-10-07 10:30:00+00:00","0.051","0.8","0.0326196"
"2012-10-07 11:00:00+00:00","0.088","0.869","0.03244125"
"2012-10-07 11:30:00+00:00","0.068","0.919","0.0332346"
"2012-10-07 12:00:00+00:00","0.088","0.95","0.0328779"
"2012-10-07 12:30:00+00:00","0.062","0.938","0.0329886"
"2012-10-07 13:00:00+00:00","0.102","0.931","0.0325581"
"2012-10-07 13:30:00+00:00","0.113","0.919","0.0331854"
"2012-10-07 14:00:00+00:00","0.076","0.894","0.0331854"
"2012-10-07 14:30:00+00:00","0.076","0.856","0.0337881"
"2012-10-07 15:00:00+00:00","0.063","0.806","0.0337758"
"2012-10-07 15:30:00+00:00","0.081","0.731","0.03464295"
"2012-10-07 16:00:00+00:00","0.069","0.638","0.03443385"
"2012-10-07 16:30:00+00:00","0.101","0.525","0.03456915"
"2012-10-07 17:00:00+00:00","0.108","0.406","0.03534405"
"2012-10-07 17:30:00+00:00","0.084","0.2","0.0319677"
"2012-10-07 18:00:00+00:00","0.061","0.044","0.03391725"
"2012-10-07 18:30:00+00:00","0.309","0.006","0.03759495"
"2012-10-07 19:00:00+00:00","0.171","0.0","0.0382653"
"2012-10-07 19:30:00+00:00","0.263","0.0","0.03824685"
"2012-10-07 20:00:00+00:00","0.408","0.0","0.0354117"
"2012-10-07 20:30:00+00:00","0.268","0.0","0.0357315"
"2012-10-07 21:00:00+00:00","0.134","0.0","0.0340587"
"2012-10-07 21:30:00+00:00","0.175","0.0","0.03406485"
"2012-10-07 22:00:00+00:00","0.13","0.0","0.033702"
"2012-10-07 22:30:00+00:00","0.167","0.0","0.0348951"
"2012-10-07 23:00:00+00:00","0.143","0.0","0.0338127"
"2012-10-07 23:30:00+00:00","0.141","0.0","0.034194"
"2012-10-08 00:00:00+00:00","0.16","0.0","0.03408945"
"2012-10-08 00:30:00+00:00","0.145","0.0","0.03380655"
"2012-10-08 01:00:00+00:00","0.149","0.0","0.033825"
"2012-10-08 01:30:00+00:00","0.099","0.0","0.0338988"
"2012-10-08 02:00:00+00:00","0.147","0.0","0.0337143"
"2012-10-08 02:30:00+00:00","0.118","0.0","0.032964"
"2012-10-08 03:00:00+00:00","0.128","0.0","0.03279795"
"2012-10-08 03:30:00+00:00","0.132","0.0","0.0328041"
"2012-10-08 04:00:00+00:00","0.142","0.0","0.0334806"
"2012-10-08 04:30:00+00:00","0.165","0.0","0.03379425"
"2012-10-08 05:00:00+00:00","0.095","0.0","0.0339357"
"2012-10-08 05:30:00+00:00","0.142","0.0","0.03560235"
"2012-10-08 06:00:00+00:00","0.128","0.0","0.039237"
"2012-10-08 06:30:00+00:00","0.235","0.0","0.0417831"
"2012-10-08 07:00:00+00:00","0.19","0.0","0.04368345"
"2012-10-08 07:30:00+00:00","0.128","0.038","0.0386343"
"2012-10-08 08:00:00+00:00","0.198","0.131","0.038745"
"2012-10-08 08:30:00+00:00","0.113","0.25","0.04328985"
"2012-10-08 09:00:00+00:00","0.147","0.394","0.04536855"
"2012-10-08 09:30:00+00:00","0.094","0.694","0.05433525"
"2012-10-08 10:00:00+00:00","0.144","0.525","0.03796395"
"2012-10-08 10:30:00+00:00","0.099","0.819","0.03838215"
"2012-10-08 11:00:00+00:00","0.148","0.825","0.03682005"
"2012-10-08 11:30:00+00:00","0.18","0.938","0.0378717"
"2012-10-08 12:00:00+00:00","0.236","0.738","0.03947685"
"2012-10-08 12:30:00+00:00","0.201","0.694","0.03964905"
"2012-10-08 13:00:00+00:00","0.206","0.719","0.03824685"
"2012-10-08 13:30:00+00:00","0.317","0.775","0.03832065"
"2012-10-08 14:00:00+00:00","0.175","0.675","0.03824685"
"2012-10-08 14:30:00+00:00","0.098","0.738","0.0371214"
"2012-10-08 15:00:00+00:00","0.248","0.456","0.03697995"
"2012-10-08 15:30:00+00:00","0.199","0.369","0.03814845"
"2012-10-08 16:00:00+00:00","0.215","0.356","0.03824685"
"2012-10-08 16:30:00+00:00","0.304","0.281","0.0386343"
"2012-10-08 17:00:00+00:00","0.197","0.194","0.04133415"
"2012-10-08 17:30:00+00:00","0.097","0.119","0.03844365"
"2012-10-08 18:00:00+00:00","0.623","0.063","0.0382776"
"2012-10-08 18:30:00+00:00","0.741","0.025","0.04205985"
"2012-10-08 19:00:00+00:00","0.434","0.013","0.0414387"
"2012-10-08 19:30:00+00:00","0.228","0.0","0.043788"
"2012-10-08 20:00:00+00:00","0.382","0.0","0.040221"
"2012-10-08 20:30:00+00:00","0.231","0.0","0.0395322"
"2012-10-08 21:00:00+00:00","0.214","0.0","0.03661095"
"2012-10-08 21:30:00+00:00","0.246","0.0","0.03453225"
"2012-10-08 22:00:00+00:00","0.195","0.0","0.033948"
"2012-10-08 22:30:00+00:00","0.28","0.0","0.03705375"
"2012-10-08 23:00:00+00:00","0.902","0.0","0.03482745"
"2012-10-08 23:30:00+00:00","0.133","0.0","0.03813615"
"2012-10-09 00:00:00+00:00","0.129","0.0","0.0368877"
"2012-10-09 00:30:00+00:00","0.117","0.0","0.03556545"
"2012-10-09 01:00:00+00:00","0.137","0.0","0.03454455"
"2012-10-09 01:30:00+00:00","0.082","0.0","0.0340833"
"2012-10-09 02:00:00+00:00","0.153","0.0","0.033825"
"2012-10-09 02:30:00+00:00","0.124","0.0","0.03381885"
"2012-10-09 03:00:00+00:00","0.114","0.0","0.03381885"
"2012-10-09 03:30:00+00:00","0.113","0.0","0.0338127"
"2012-10-09 04:00:00+00:00","0.096","0.0","0.033825"
"2012-10-09 04:30:00+00:00","0.125","0.0","0.0339849"
"2012-10-09 05:00:00+00:00","0.085","0.0","0.03520875"
"2012-10-09 05:30:00+00:00","0.124","0.0","0.03808695"
"2012-10-09 06:00:00+00:00","0.128","0.0","0.05223195"
"2012-10-09 06:30:00+00:00","0.138","0.0","0.0502824"
"2012-10-09 07:00:00+00:00","0.126","0.0","0.05428605"
"2012-10-09 07:30:00+00:00","0.115","0.013","0.04581135"
"2012-10-09 08:00:00+00:00","0.236","0.013","0.0465678"
"2012-10-09 08:30:00+00:00","0.451","0.05","0.04453215"
"2012-10-09 09:00:00+00:00","0.209","0.069","0.0414264"
"2012-10-09 09:30:00+00:00","0.13","0.2","0.04048545"
"2012-10-09 10:00:00+00:00","0.227","0.138","0.03807465"
"2012-10-09 10:30:00+00:00","0.104","0.319","0.03824685"
"2012-10-09 11:00:00+00:00","0.126","0.713","0.04215825"
"2012-10-09 11:30:00+00:00","0.095","0.788","0.0438618"
"2012-10-09 12:00:00+00:00","0.12","0.7","0.0448581"
"2012-10-09 12:30:00+00:00","0.104","0.825","0.0420906"
"2012-10-09 13:00:00+00:00","0.11","0.463","0.04308075"
"2012-10-09 13:30:00+00:00","0.133","0.656","0.0433452"
"2012-10-09 14:00:00+00:00","0.14","0.881","0.0431361"
"2012-10-09 14:30:00+00:00","0.12","0.844","0.04773015"
"2012-10-09 15:00:00+00:00","0.097","0.794","0.04769325"
"2012-10-09 15:30:00+00:00","0.128","0.713","0.0479577"
"2012-10-09 16:00:00+00:00","0.116","0.638","0.051168"
"2012-10-09 16:30:00+00:00","0.309","0.531","0.05069445"
"2012-10-09 17:00:00+00:00","0.126","0.356","0.04487655"
"2012-10-09 17:30:00+00:00","0.093","0.163","0.04282245"
"2012-10-09 18:00:00+00:00","0.237","0.056","0.0420414"
"2012-10-09 18:30:00+00:00","0.251","0.019","0.04411395"
"2012-10-09 19:00:00+00:00","0.259","0.0","0.0467277"
"2012-10-09 19:30:00+00:00","0.2","0.0","0.0507375"
"2012-10-09 20:00:00+00:00","0.343","0.0","0.04353585"
"2012-10-09 20:30:00+00:00","0.458","0.0","0.04385565"
"2012-10-09 21:00:00+00:00","0.421","0.0","0.03728745"
"2012-10-09 21:30:00+00:00","0.246","0.0","0.0356823"
"2012-10-09 22:00:00+00:00","0.145","0.0","0.03331455"
"2012-10-09 22:30:00+00:00","0.15","0.0","0.03707835"
"2012-10-09 23:00:00+00:00","0.086","0.0","0.034071"
"2012-10-09 23:30:00+00:00","0.099","0.0","0.034317"
"2012-10-10 00:00:00+00:00","0.063","0.0","0.0345507"
"2012-10-10 00:30:00+00:00","0.132","0.0","0.03424935"
"2012-10-10 01:00:00+00:00","0.085","0.0","0.03363435"
"2012-10-10 01:30:00+00:00","0.136","0.0","0.0334314"
"2012-10-10 02:00:00+00:00","0.056","0.0","0.0333453"
"2012-10-10 02:30:00+00:00","0.107","0.0","0.0322875"
"2012-10-10 03:00:00+00:00","0.08","0.0","0.0319185"
"2012-10-10 03:30:00+00:00","0.091","0.0","0.03196155"
"2012-10-10 04:00:00+00:00","0.074","0.0","0.03266265"
"2012-10-10 04:30:00+00:00","0.097","0.0","0.03381885"
"2012-10-10 05:00:00+00:00","0.132","0.0","0.03448305"
"2012-10-10 05:30:00+00:00","0.077","0.0","0.0383637"
"2012-10-10 06:00:00+00:00","0.411","0.0","0.04838205"
"2012-10-10 06:30:00+00:00","0.295","0.0","0.05185065"
"2012-10-10 07:00:00+00:00","0.107","0.006","0.0561495"
"2012-10-10 07:30:00+00:00","0.056","0.013","0.0400119"
"2012-10-10 08:00:00+00:00","0.075","0.025","0.04237965"
"2012-10-10 08:30:00+00:00","0.052","0.194","0.0439848"
"2012-10-10 09:00:00+00:00","0.121","0.544","0.03733665"
"2012-10-10 09:30:00+00:00","0.084","0.644","0.0390525"
"2012-10-10 10:00:00+00:00","0.079","0.738","0.0410451"
"2012-10-10 10:30:00+00:00","0.056","0.806","0.0379209"
"2012-10-10 11:00:00+00:00","0.1","0.856","0.04196145"
"2012-10-10 11:30:00+00:00","0.054","0.888","0.03856665"
"2012-10-10 12:00:00+00:00","0.095","0.906","0.043419"
"2012-10-10 12:30:00+00:00","0.052","0.913","0.04085445"
"2012-10-10 13:00:00+00:00","0.15","0.906","0.03555315"
"2012-10-10 13:30:00+00:00","0.069","0.881","0.03760725"
"2012-10-10 14:00:00+00:00","0.076","0.875","0.0380808"
"2012-10-10 14:30:00+00:00","0.075","0.831","0.03709065"
"2012-10-10 15:00:00+00:00","0.076","0.781","0.03461835"
"2012-10-10 15:30:00+00:00","0.084","0.725","0.0343785"
"2012-10-10 16:00:00+00:00","0.048","0.613","0.03404025"
"2012-10-10 16:30:00+00:00","0.151","0.488","0.0342063"
"2012-10-10 17:00:00+00:00","0.076","0.275","0.03404025"
"2012-10-10 17:30:00+00:00","0.257","0.156","0.0338127"
"2012-10-10 18:00:00+00:00","0.082","0.038","0.033825"
"2012-10-10 18:30:00+00:00","0.062","0.006","0.0343293"
"2012-10-10 19:00:00+00:00","0.089","0.0","0.03648795"
"2012-10-10 19:30:00+00:00","0.049","0.0","0.04172775"
"2012-10-10 20:00:00+00:00","0.128","0.0","0.03674625"
"2012-10-10 20:30:00+00:00","0.265","0.0","0.03476595"
"2012-10-10 21:00:00+00:00","0.2","0.0","0.0337758"
"2012-10-10 21:30:00+00:00","0.075","0.0","0.03310545"
"2012-10-10 22:00:00+00:00","0.094","0.0","0.03094065"
"2012-10-10 22:30:00+00:00","0.083","0.0","0.0365679"
"2012-10-10 23:00:00+00:00","0.091","0.0","0.03340065"
"2012-10-10 23:30:00+00:00","0.083","0.0","0.03367125"
"2012-10-11 00:00:00+00:00","0.118","0.0","0.03367125"
"2012-10-11 00:30:00+00:00","0.094","0.0","0.03372045"
"2012-10-11 01:00:00+00:00","0.045","0.006","0.03363435"
"2012-10-11 01:30:00+00:00","0.107","0.0","0.0331977"
"2012-10-11 02:00:00+00:00","0.037","0.0","0.0328902"
"2012-10-11 02:30:00+00:00","0.098","0.0","0.0316971"
"2012-10-11 03:00:00+00:00","0.048","0.0","0.0318693"
"2012-10-11 03:30:00+00:00","0.128","0.0","0.03170325"
"2012-10-11 04:00:00+00:00","0.183","0.0","0.0318939"
"2012-10-11 04:30:00+00:00","0.145","0.0","0.0327672"
"2012-10-11 05:00:00+00:00","0.112","0.0","0.0339849"
"2012-10-11 05:30:00+00:00","0.06","0.0","0.0364818"
"2012-10-11 06:00:00+00:00","0.083","0.0","0.03803775"
"2012-10-11 06:30:00+00:00","0.049","0.0","0.03868965"
"2012-10-11 07:00:00+00:00","0.102","0.0","0.0499749"
"2012-10-11 07:30:00+00:00","0.246","0.0","0.03439695"
"2012-10-11 08:00:00+00:00","0.477","0.0","0.0385974"
"2012-10-11 08:30:00+00:00","0.153","0.0","0.05378175"
"2012-10-11 09:00:00+00:00","0.148","0.013","0.0470229"
"2012-10-11 09:30:00+00:00","0.038","0.025","0.05197365"
"2012-10-11 10:00:00+00:00","0.085","0.069","0.05823435"
"2012-10-11 10:30:00+00:00","0.053","0.125","0.0558666"
"2012-10-11 11:00:00+00:00","0.076","0.125","0.06748395"
"2012-10-11 11:30:00+00:00","0.11","0.056","0.0738123"
"2012-10-11 12:00:00+00:00","0.076","0.1","0.06519615"
"2012-10-11 12:30:00+00:00","0.088","0.106","0.07241625"
"2012-10-11 13:00:00+00:00","0.149","0.119","0.0518691"
"2012-10-11 13:30:00+00:00","0.088","0.125","0.05166615"
"2012-10-11 14:00:00+00:00","0.057","0.225","0.0506391"
"2012-10-11 14:30:00+00:00","0.101","0.275","0.05073135"
"2012-10-11 15:00:00+00:00","0.052","0.231","0.0494337"
"2012-10-11 15:30:00+00:00","0.121","0.169","0.0510081"
"2012-10-11 16:00:00+00:00","0.079","0.175","0.0537879"
"2012-10-11 16:30:00+00:00","0.091","0.144","0.0498519"
"2012-10-11 17:00:00+00:00","0.32","0.106","0.04828365"
"2012-10-11 17:30:00+00:00","0.174","0.094","0.0398889"
"2012-10-11 18:00:00+00:00","0.164","0.081","0.04172775"
"2012-10-11 18:30:00+00:00","0.294","0.044","0.0398151"
"2012-10-11 19:00:00+00:00","0.234","0.006","0.04273635"
"2012-10-11 19:30:00+00:00","0.281","0.0","0.05877555"
"2012-10-11 20:00:00+00:00","0.279","0.0","0.05023935"
"2012-10-11 20:30:00+00:00","0.343","0.0","0.0435912"
"2012-10-11 21:00:00+00:00","0.325","0.0","0.0418323"
"2012-10-11 21:30:00+00:00","0.271","0.0","0.03648795"
"2012-10-11 22:00:00+00:00","0.211","0.0","0.03311775"
"2012-10-11 22:30:00+00:00","0.089","0.0","0.04005495"
"2012-10-11 23:00:00+00:00","0.087","0.0","0.03914475"
"2012-10-11 23:30:00+00:00","0.139","0.0","0.0386466"
"2012-10-12 00:00:00+00:00","0.31","0.0","0.0374412"
"2012-10-12 00:30:00+00:00","0.728","0.0","0.03670935"
"2012-10-12 01:00:00+00:00","0.041","0.0","0.0341694"
"2012-10-12 01:30:00+00:00","0.089","0.006","0.033825"
"2012-10-12 02:00:00+00:00","0.046","0.0","0.03340065"
"2012-10-12 02:30:00+00:00","0.082","0.0","0.0324105"
"2012-10-12 03:00:00+00:00","0.051","0.0","0.03196155"
"2012-10-12 03:30:00+00:00","0.101","0.0","0.0311559"
"2012-10-12 04:00:00+00:00","0.082","0.0","0.03261345"
"2012-10-12 04:30:00+00:00","0.078","0.0","0.0333453"
"2012-10-12 05:00:00+00:00","0.05","0.0","0.03423705"
"2012-10-12 05:30:00+00:00","0.297","0.0","0.0391017"
"2012-10-12 06:00:00+00:00","0.074","0.0","0.0477609"
"2012-10-12 06:30:00+00:00","0.104","0.0","0.0545382"
"2012-10-12 07:00:00+00:00","0.115","0.0","0.06765"
"2012-10-12 07:30:00+00:00","0.289","0.006","0.05130945"
"2012-10-12 08:00:00+00:00","0.488","0.025","0.0492"
"2012-10-12 08:30:00+00:00","0.235","0.181","0.0526317"
"2012-10-12 09:00:00+00:00","0.129","0.4","0.0489417"
"2012-10-12 09:30:00+00:00","0.308","0.219","0.04994415"
"2012-10-12 10:00:00+00:00","0.054","0.106","0.0466662"
"2012-10-12 10:30:00+00:00","0.103","0.044","0.0401349"
"2012-10-12 11:00:00+00:00","0.189","0.388","0.0353379"
"2012-10-12 11:30:00+00:00","0.25","0.256","0.0394461"
"2012-10-12 12:00:00+00:00","0.066","0.256","0.03926775"
"2012-10-12 12:30:00+00:00","0.141","0.163","0.03967365"
"2012-10-12 13:00:00+00:00","1.284","0.156","0.0389787"
"2012-10-12 13:30:00+00:00","1.165","0.181","0.0411558"
"2012-10-12 14:00:00+00:00","1.13","0.313","0.0376749"
"2012-10-12 14:30:00+00:00","1.153","0.144","0.03694305"
"2012-10-12 15:00:00+00:00","1.124","0.144","0.03729975"
"2012-10-12 15:30:00+00:00","1.152","0.275","0.03677085"
"2012-10-12 16:00:00+00:00","0.329","0.3","0.0367032"
"2012-10-12 16:30:00+00:00","0.099","0.394","0.0358545"
"2012-10-12 17:00:00+00:00","0.138","0.338","0.03750885"
"2012-10-12 17:30:00+00:00","0.324","0.181","0.03560235"
"2012-10-12 18:00:00+00:00","0.15","0.031","0.03401565"
"2012-10-12 18:30:00+00:00","0.455","0.013","0.0351657"
"2012-10-12 19:00:00+00:00","0.106","0.0","0.0369615"
"2012-10-12 19:30:00+00:00","0.382","0.0","0.0430377"
"2012-10-12 20:00:00+00:00","1.012","0.0","0.03987045"
"2012-10-12 20:30:00+00:00","0.814","0.0","0.03656175"
"2012-10-12 21:00:00+00:00","0.807","0.0","0.0371091"
"2012-10-12 21:30:00+00:00","0.658","0.0","0.03696765"
"2012-10-12 22:00:00+00:00","0.285","0.0","0.0338373"
"2012-10-12 22:30:00+00:00","0.102","0.0","0.0437511"
"2012-10-12 23:00:00+00:00","0.063","0.0","0.04182"
"2012-10-12 23:30:00+00:00","0.098","0.0","0.03948915"
"2012-10-13 00:00:00+00:00","0.049","0.0","0.0387819"
"2012-10-13 00:30:00+00:00","0.087","0.0","0.03776715"
"2012-10-13 01:00:00+00:00","0.046","0.0","0.03598365"
"2012-10-13 01:30:00+00:00","0.094","0.0","0.03383115"
"2012-10-13 02:00:00+00:00","0.078","0.0","0.0338127"
"2012-10-13 02:30:00+00:00","0.079","0.0","0.03266265"
"2012-10-13 03:00:00+00:00","0.042","0.0","0.03219525"
"2012-10-13 03:30:00+00:00","0.073","0.0","0.03197385"
"2012-10-13 04:00:00+00:00","0.05","0.0","0.03196155"
"2012-10-13 04:30:00+00:00","0.063","0.0","0.03229365"
"2012-10-13 05:00:00+00:00","0.058","0.0","0.03331455"
"2012-10-13 05:30:00+00:00","0.054","0.0","0.03384345"
"2012-10-13 06:00:00+00:00","0.065","0.0","0.0337389"
"2012-10-13 06:30:00+00:00","0.281","0.0","0.03812385"
"2012-10-13 07:00:00+00:00","0.094","0.0","0.038868"
"2012-10-13 07:30:00+00:00","0.198","0.019","0.0390402"
"2012-10-13 08:00:00+00:00","0.351","0.025","0.03999345"
"2012-10-13 08:30:00+00:00","0.195","0.244","0.0414264"
"2012-10-13 09:00:00+00:00","0.173","0.55","0.0379947"
"2012-10-13 09:30:00+00:00","0.158","0.656","0.0369246"
"2012-10-13 10:00:00+00:00","0.196","0.738","0.0340833"
"2012-10-13 10:30:00+00:00","0.106","0.806","0.0338496"
"2012-10-13 11:00:00+00:00","0.133","0.863","0.033825"
"2012-10-13 11:30:00+00:00","0.12","0.894","0.03389265"
"2012-10-13 12:00:00+00:00","0.101","0.919","0.0335421"
"2012-10-13 12:30:00+00:00","0.094","0.931","0.03342525"
"2012-10-13 13:00:00+00:00","0.088","0.869","0.03370815"
"2012-10-13 13:30:00+00:00","0.064","0.913","0.03281025"
"2012-10-13 14:00:00+00:00","0.103","0.869","0.03203535"
"2012-10-13 14:30:00+00:00","0.288","0.825","0.0327795"
"2012-10-13 15:00:00+00:00","0.107","0.775","0.033333"
"2012-10-13 15:30:00+00:00","0.103","0.706","0.03383115"
"2012-10-13 16:00:00+00:00","0.149","0.619","0.0339603"
"2012-10-13 16:30:00+00:00","0.142","0.519","0.03394185"
"2012-10-13 17:00:00+00:00","0.192","0.388","0.0352149"
"2012-10-13 17:30:00+00:00","0.716","0.2","0.03515955"
"2012-10-13 18:00:00+00:00","0.634","0.069","0.0345507"
"2012-10-13 18:30:00+00:00","0.288","0.013","0.03806235"
"2012-10-13 19:00:00+00:00","0.156","0.0","0.04037475"
"2012-10-13 19:30:00+00:00","0.347","0.0","0.04011645"
"2012-10-13 20:00:00+00:00","0.291","0.0","0.0389664"
"2012-10-13 20:30:00+00:00","0.175","0.0","0.03811155"
"2012-10-13 21:00:00+00:00","0.238","0.0","0.03632805"
"2012-10-13 21:30:00+00:00","0.422","0.0","0.0347352"
"2012-10-13 22:00:00+00:00","0.191","0.0","0.0338742"
"2012-10-13 22:30:00+00:00","0.682","0.0","0.0379578"
"2012-10-13 23:00:00+00:00","0.411","0.0","0.0375888"
"2012-10-13 23:30:00+00:00","0.114","0.0","0.0380685"
"2012-10-14 00:00:00+00:00","0.076","0.0","0.0370968"
"2012-10-14 00:30:00+00:00","0.14","0.0","0.03618045"
"2012-10-14 01:00:00+00:00","0.072","0.0","0.03453225"
"2012-10-14 01:30:00+00:00","0.105","0.0","0.0338988"
"2012-10-14 02:00:00+00:00","0.063","0.0","0.0328287"
"2012-10-14 02:30:00+00:00","0.099","0.0","0.0319431"
"2012-10-14 03:00:00+00:00","0.074","0.0","0.03192465"
"2012-10-14 03:30:00+00:00","0.085","0.0","0.03193695"
"2012-10-14 04:00:00+00:00","0.084","0.0","0.03193695"
"2012-10-14 04:30:00+00:00","0.11","0.0","0.0326934"
"2012-10-14 05:00:00+00:00","0.116","0.0","0.0328902"
"2012-10-14 05:30:00+00:00","0.051","0.0","0.03380655"
"2012-10-14 06:00:00+00:00","0.221","0.0","0.03315465"
"2012-10-14 06:30:00+00:00","0.161","0.0","0.03380655"
"2012-10-14 07:00:00+00:00","0.105","0.006","0.0338127"
"2012-10-14 07:30:00+00:00","0.074","0.031","0.03239205"
"2012-10-14 08:00:00+00:00","0.108","0.081","0.03384345"
"2012-10-14 08:30:00+00:00","0.102","0.325","0.0338496"
"2012-10-14 09:00:00+00:00","0.113","0.275","0.03410175"
"2012-10-14 09:30:00+00:00","0.089","0.369","0.033948"
"2012-10-14 10:00:00+00:00","0.065","0.5","0.03383115"
"2012-10-14 10:30:00+00:00","0.097","0.475","0.03383115"
"2012-10-14 11:00:00+00:00","0.058","0.756","0.033825"
"2012-10-14 11:30:00+00:00","0.096","0.938","0.03359745"
"2012-10-14 12:00:00+00:00","0.063","0.944","0.03265035"
"2012-10-14 12:30:00+00:00","0.125","0.95","0.032349"
"2012-10-14 13:00:00+00:00","0.101","0.919","0.03208455"
"2012-10-14 13:30:00+00:00","0.087","0.906","0.0323367"
"2012-10-14 14:00:00+00:00","0.086","0.875","0.0323121"
"2012-10-14 14:30:00+00:00","0.072","0.844","0.032472"
"2012-10-14 15:00:00+00:00","0.097","0.788","0.032718"
"2012-10-14 15:30:00+00:00","0.062","0.719","0.0328164"
"2012-10-14 16:00:00+00:00","0.124","0.631","0.03305625"
"2012-10-14 16:30:00+00:00","0.096","0.525","0.03379425"
"2012-10-14 17:00:00+00:00","0.112","0.4","0.03394185"
"2012-10-14 17:30:00+00:00","0.058","0.2","0.03463065"
"2012-10-14 18:00:00+00:00","0.097","0.019","0.0354363"
"2012-10-14 18:30:00+00:00","0.066","0.006","0.0381669"
"2012-10-14 19:00:00+00:00","0.099","0.0","0.04059615"
"2012-10-14 19:30:00+00:00","0.083","0.0","0.040098"
"2012-10-14 20:00:00+00:00","0.549","0.0","0.03948915"
"2012-10-14 20:30:00+00:00","0.44","0.0","0.0357315"
"2012-10-14 21:00:00+00:00","0.396","0.0","0.034686"
"2012-10-14 21:30:00+00:00","0.17","0.0","0.0338742"
"2012-10-14 22:00:00+00:00","0.067","0.0","0.0331239"
"2012-10-14 22:30:00+00:00","0.114","0.0","0.0361251"
"2012-10-14 23:00:00+00:00","0.049","0.0","0.0338496"
"2012-10-14 23:30:00+00:00","0.115","0.0","0.03380655"
"2012-10-15 00:00:00+00:00","0.074","0.0","0.0332715"
"2012-10-15 00:30:00+00:00","0.12","0.0","0.03315465"
"2012-10-15 01:00:00+00:00","0.044","0.0","0.0328041"
"2012-10-15 01:30:00+00:00","0.083","0.0","0.03193695"
"2012-10-15 02:00:00+00:00","0.05","0.0","0.03171555"
"2012-10-15 02:30:00+00:00","0.075","0.0","0.03095295"
"2012-10-15 03:00:00+00:00","0.055","0.0","0.0301842"
"2012-10-15 03:30:00+00:00","0.069","0.0","0.0305655"
"2012-10-15 04:00:00+00:00","0.077","0.0","0.0314757"
"2012-10-15 04:30:00+00:00","0.111","0.0","0.0317217"
"2012-10-15 05:00:00+00:00","0.051","0.0","0.0331731"
"2012-10-15 05:30:00+00:00","0.077","0.0","0.0373797"
"2012-10-15 06:00:00+00:00","0.05","0.0","0.040467"
"2012-10-15 06:30:00+00:00","0.09","0.0","0.04166625"
"2012-10-15 07:00:00+00:00","0.217","0.0","0.0388803"
"2012-10-15 07:30:00+00:00","0.128","0.019","0.0344277"
"2012-10-15 08:00:00+00:00","0.229","0.031","0.0343047"
"2012-10-15 08:30:00+00:00","0.099","0.275","0.0342063"
"2012-10-15 09:00:00+00:00","0.089","0.55","0.0341325"
"2012-10-15 09:30:00+00:00","0.091","0.638","0.0340464"
"2012-10-15 10:00:00+00:00","0.062","0.725","0.03399105"
"2012-10-15 10:30:00+00:00","0.105","0.788","0.03310545"
"2012-10-15 11:00:00+00:00","0.06","0.831","0.03217065"
"2012-10-15 11:30:00+00:00","0.091","0.863","0.03241665"
"2012-10-15 12:00:00+00:00","0.106","0.881","0.0321645"
"2012-10-15 12:30:00+00:00","1.103","0.9","0.0335052"
"2012-10-15 13:00:00+00:00","0.326","0.894","0.03324075"
"2012-10-15 13:30:00+00:00","0.07","0.881","0.033825"
"2012-10-15 14:00:00+00:00","0.187","0.863","0.03330225"
"2012-10-15 14:30:00+00:00","0.092","0.819","0.033825"
"2012-10-15 15:00:00+00:00","0.066","0.769","0.034071"
"2012-10-15 15:30:00+00:00","0.123","0.713","0.0321399"
"2012-10-15 16:00:00+00:00","0.089","0.619","0.03324075"
"2012-10-15 16:30:00+00:00","0.14","0.513","0.03381885"
"2012-10-15 17:00:00+00:00","0.285","0.394","0.033825"
"2012-10-15 17:30:00+00:00","0.112","0.2","0.033825"
"2012-10-15 18:00:00+00:00","0.15","0.025","0.03236745"
"2012-10-15 18:30:00+00:00","0.17","0.006","0.0334683"
"2012-10-15 19:00:00+00:00","0.108","0.0","0.03385575"
"2012-10-15 19:30:00+00:00","0.157","0.0","0.03513495"
"2012-10-15 20:00:00+00:00","0.183","0.0","0.03391725"
"2012-10-15 20:30:00+00:00","0.215","0.0","0.03443385"
"2012-10-15 21:00:00+00:00","0.531","0.006","0.0329025"
"2012-10-15 21:30:00+00:00","0.159","0.0","0.0322506"
"2012-10-15 22:00:00+00:00","0.186","0.0","0.0319308"
"2012-10-15 22:30:00+00:00","0.088","0.0","0.0379455"
"2012-10-15 23:00:00+00:00","0.119","0.0","0.03402795"
"2012-10-15 23:30:00+00:00","0.102","0.0","0.03417555"
"2012-10-16 00:00:00+00:00","0.139","0.0","0.0341448"
"2012-10-16 00:30:00+00:00","0.078","0.0","0.0352149"
"2012-10-16 01:00:00+00:00","0.088","0.0","0.0340341"
"2012-10-16 01:30:00+00:00","0.073","0.0","0.0337512"
"2012-10-16 02:00:00+00:00","0.064","0.0","0.03294555"
"2012-10-16 02:30:00+00:00","0.074","0.0","0.0319308"
"2012-10-16 03:00:00+00:00","0.078","0.0","0.03193695"
"2012-10-16 03:30:00+00:00","0.089","0.0","0.0319185"
"2012-10-16 04:00:00+00:00","0.107","0.0","0.03176475"
"2012-10-16 04:30:00+00:00","0.053","0.0","0.03215835"
"2012-10-16 05:00:00+00:00","0.081","0.0","0.0339849"
"2012-10-16 05:30:00+00:00","0.068","0.0","0.0364449"
"2012-10-16 06:00:00+00:00","0.086","0.0","0.0357069"
"2012-10-16 06:30:00+00:00","0.307","0.0","0.0348459"
"2012-10-16 07:00:00+00:00","0.21","0.0","0.0376626"
"2012-10-16 07:30:00+00:00","0.222","0.025","0.03202305"
"2012-10-16 08:00:00+00:00","0.27","0.069","0.0320538"
"2012-10-16 08:30:00+00:00","0.127","0.238","0.0329271"
"2012-10-16 09:00:00+00:00","0.174","0.506","0.0323736"
"2012-10-16 09:30:00+00:00","0.122","0.575","0.0322014"
"2012-10-16 10:00:00+00:00","0.174","0.706","0.0328164"
"2012-10-16 10:30:00+00:00","0.079","0.75","0.03285945"
"2012-10-16 11:00:00+00:00","0.085","0.781","0.0337758"
"2012-10-16 11:30:00+00:00","0.133","0.863","0.03132195"
"2012-10-16 12:00:00+00:00","0.384","0.888","0.03250275"
"2012-10-16 12:30:00+00:00","0.107","0.888","0.03283485"
"2012-10-16 13:00:00+00:00","0.067","0.881","0.0342555"
"2012-10-16 13:30:00+00:00","0.111","0.85","0.0328656"
"2012-10-16 14:00:00+00:00","0.086","0.831","0.03325305"
"2012-10-16 14:30:00+00:00","0.084","0.794","0.0366294"
"2012-10-16 15:00:00+00:00","0.156","0.738","0.03881265"
"2012-10-16 15:30:00+00:00","0.187","0.575","0.1562469"
"2012-10-16 16:00:00+00:00","0.095","0.606","0.12338745"
"2012-10-16 16:30:00+00:00","0.314","0.475","0.17090235"
"2012-10-16 17:00:00+00:00","0.246","0.356","0.1678704"
"2012-10-16 17:30:00+00:00","0.236","0.194","0.15969705"
"2012-10-16 18:00:00+00:00","0.22","0.044","0.03198615"
"2012-10-16 18:30:00+00:00","0.303","0.025","0.0371583"
"2012-10-16 19:00:00+00:00","0.192","0.006","0.03360975"
"2012-10-16 19:30:00+00:00","0.134","0.0","0.0342186"
"2012-10-16 20:00:00+00:00","0.182","0.0","0.03404025"
"2012-10-16 20:30:00+00:00","0.447","0.0","0.03230595"
"2012-10-16 21:00:00+00:00","0.101","0.0","0.03213375"
"2012-10-16 21:30:00+00:00","0.2","0.0","0.0323613"
"2012-10-16 22:00:00+00:00","0.219","0.0","0.03198615"
"2012-10-16 22:30:00+00:00","0.124","0.0","0.03790245"
"2012-10-16 23:00:00+00:00","0.13","0.0","0.0332961"
"2012-10-16 23:30:00+00:00","0.079","0.0","0.0329517"
"2012-10-17 00:00:00+00:00","0.078","0.0","0.0321768"
"2012-10-17 00:30:00+00:00","0.104","0.0","0.0326811"
"2012-10-17 01:00:00+00:00","0.062","0.0","0.0336282"
"2012-10-17 01:30:00+00:00","0.093","0.0","0.03306855"
"2012-10-17 02:00:00+00:00","0.137","0.0","0.03172785"
"2012-10-17 02:30:00+00:00","0.061","0.0","0.03041175"
"2012-10-17 03:00:00+00:00","0.111","0.0","0.03084225"
"2012-10-17 03:30:00+00:00","0.067","0.0","0.0306147"
"2012-10-17 04:00:00+00:00","0.075","0.0","0.03146955"
"2012-10-17 04:30:00+00:00","0.1","0.0","0.03194925"
"2012-10-17 05:00:00+00:00","0.148","0.0","0.0338004"
"2012-10-17 05:30:00+00:00","0.224","0.0","0.03428625"
"2012-10-17 06:00:00+00:00","0.187","0.0","0.0368139"
"2012-10-17 06:30:00+00:00","0.273","0.0","0.03839445"
"2012-10-17 07:00:00+00:00","0.165","0.006","0.03966135"
"2012-10-17 07:30:00+00:00","0.372","0.019","0.0330378"
"2012-10-17 08:00:00+00:00","0.302","0.069","0.0337881"
"2012-10-17 08:30:00+00:00","0.181","0.3","0.03380655"
"2012-10-17 09:00:00+00:00","0.144","0.425","0.03378195"
"2012-10-17 09:30:00+00:00","0.143","0.65","0.03397875"
"2012-10-17 10:00:00+00:00","0.085","0.731","0.03383115"
"2012-10-17 10:30:00+00:00","0.113","0.788","0.033825"
"2012-10-17 11:00:00+00:00","0.08","0.769","0.03212145"
"2012-10-17 11:30:00+00:00","0.092","0.7","0.03205995"
"2012-10-17 12:00:00+00:00","0.112","0.738","0.0323613"
"2012-10-17 12:30:00+00:00","0.239","0.625","0.0323982"
"2012-10-17 13:00:00+00:00","0.28","0.725","0.03251505"
"2012-10-17 13:30:00+00:00","0.21","0.763","0.03311775"
"2012-10-17 14:00:00+00:00","0.124","0.756","0.0334191"
"2012-10-17 14:30:00+00:00","0.193","0.65","0.03292095"
"2012-10-17 15:00:00+00:00","0.121","0.638","0.032718"
"2012-10-17 15:30:00+00:00","0.097","0.638","0.03342525"
"2012-10-17 16:00:00+00:00","0.13","0.513","0.03444615"
"2012-10-17 16:30:00+00:00","0.118","0.519","0.03381885"
"2012-10-17 17:00:00+00:00","0.134","0.4","0.032841"
"2012-10-17 17:30:00+00:00","0.164","0.181","0.0321645"
"2012-10-17 18:00:00+00:00","0.079","0.038","0.03265035"
"2012-10-17 18:30:00+00:00","0.095","0.019","0.032841"
"2012-10-17 19:00:00+00:00","0.111","0.006","0.03442155"
"2012-10-17 19:30:00+00:00","0.083","0.0","0.03411405"
"2012-10-17 20:00:00+00:00","0.145","0.0","0.03381885"
"2012-10-17 20:30:00+00:00","0.356","0.0","0.0329763"
"2012-10-17 21:00:00+00:00","0.261","0.0","0.0319554"
"2012-10-17 21:30:00+00:00","0.098","0.0","0.03212145"
"2012-10-17 22:00:00+00:00","0.109","0.0","0.03192465"
"2012-10-17 22:30:00+00:00","0.127","0.0","0.03519645"
"2012-10-17 23:00:00+00:00","0.081","0.0","0.0334314"
"2012-10-17 23:30:00+00:00","0.703","0.0","0.03380655"
"2012-10-18 00:00:00+00:00","0.448","0.0","0.03298245"
"2012-10-18 00:30:00+00:00","0.155","0.0","0.03376965"
"2012-10-18 01:00:00+00:00","0.068","0.0","0.0333084"
"2012-10-18 01:30:00+00:00","0.109","0.0","0.0327057"
"2012-10-18 02:00:00+00:00","0.068","0.0","0.03155565"
"2012-10-18 02:30:00+00:00","0.154","0.0","0.0302949"
"2012-10-18 03:00:00+00:00","0.094","0.0","0.0305778"
"2012-10-18 03:30:00+00:00","0.126","0.0","0.0306024"
"2012-10-18 04:00:00+00:00","0.119","0.0","0.0306147"
"2012-10-18 04:30:00+00:00","0.066","0.0","0.0319677"
"2012-10-18 05:00:00+00:00","0.111","0.0","0.03337605"
"2012-10-18 05:30:00+00:00","0.053","0.0","0.03618045"
"2012-10-18 06:00:00+00:00","0.113","0.0","0.03766875"
"2012-10-18 06:30:00+00:00","0.07","0.0","0.03637725"
"2012-10-18 07:00:00+00:00","0.236","0.0","0.0379332"
"2012-10-18 07:30:00+00:00","0.224","0.031","0.033456"
"2012-10-18 08:00:00+00:00","0.295","0.05","0.03379425"
"2012-10-18 08:30:00+00:00","0.282","0.094","0.0338373"
"2012-10-18 09:00:00+00:00","0.213","0.131","0.033825"
"2012-10-18 09:30:00+00:00","0.09","0.206","0.03423705"
"2012-10-18 10:00:00+00:00","0.099","0.35","0.0338373"
"2012-10-18 10:30:00+00:00","0.063","0.713","0.0341448"
"2012-10-18 11:00:00+00:00","0.175","0.744","0.03538095"
"2012-10-18 11:30:00+00:00","0.066","0.663","0.0350058"
"2012-10-18 12:00:00+00:00","0.116","0.6","0.0347598"
"2012-10-18 12:30:00+00:00","0.071","0.95","0.03472905"
"2012-10-18 13:00:00+00:00","0.102","0.956","0.0350304"
"2012-10-18 13:30:00+00:00","0.097","0.944","0.0355839"
"2012-10-18 14:00:00+00:00","0.069","0.831","0.0352395"
"2012-10-18 14:30:00+00:00","0.165","0.838","0.0345999"
"2012-10-18 15:00:00+00:00","0.084","0.675","0.034563"
"2012-10-18 15:30:00+00:00","0.108","0.719","0.03443385"
"2012-10-18 16:00:00+00:00","0.079","0.638","0.03482745"
"2012-10-18 16:30:00+00:00","0.304","0.519","0.03513495"
"2012-10-18 17:00:00+00:00","0.142","0.388","0.0355839"
"2012-10-18 17:30:00+00:00","0.149","0.169","0.0344277"
"2012-10-18 18:00:00+00:00","0.209","0.056","0.03487665"
"2012-10-18 18:30:00+00:00","0.148","0.025","0.0339726"
"2012-10-18 19:00:00+00:00","0.25","0.0","0.0351657"
"2012-10-18 19:30:00+00:00","0.237","0.0","0.0345261"
"2012-10-18 20:00:00+00:00","0.352","0.0","0.03341295"
"2012-10-18 20:30:00+00:00","0.225","0.0","0.03257655"
"2012-10-18 21:00:00+00:00","0.274","0.0","0.0325458"
"2012-10-18 21:30:00+00:00","0.327","0.0","0.0321645"
"2012-10-18 22:00:00+00:00","0.262","0.0","0.03192465"
"2012-10-18 22:30:00+00:00","0.279","0.0","0.03459375"
"2012-10-18 23:00:00+00:00","0.171","0.0","0.03295785"
"2012-10-18 23:30:00+00:00","0.066","0.0","0.0326442"
"2012-10-19 00:00:00+00:00","0.099","0.0","0.0320046"
"2012-10-19 00:30:00+00:00","0.06","0.0","0.0324597"
"2012-10-19 01:00:00+00:00","0.114","0.0","0.03213375"
"2012-10-19 01:30:00+00:00","0.08","0.0","0.0319431"
"2012-10-19 02:00:00+00:00","0.115","0.0","0.0312789"
"2012-10-19 02:30:00+00:00","0.038","0.0","0.03022725"
"2012-10-19 03:00:00+00:00","0.11","0.0","0.03052245"
"2012-10-19 03:30:00+00:00","0.465","0.0","0.03055935"
"2012-10-19 04:00:00+00:00","0.254","0.0","0.03111285"
"2012-10-19 04:30:00+00:00","0.077","0.0","0.03208455"
"2012-10-19 05:00:00+00:00","0.122","0.0","0.03317925"
"2012-10-19 05:30:00+00:00","0.07","0.0","0.03472905"
"2012-10-19 06:00:00+00:00","0.086","0.0","0.03725055"
"2012-10-19 06:30:00+00:00","0.065","0.0","0.0426933"
"2012-10-19 07:00:00+00:00","0.081","0.013","0.0415617"
"2012-10-19 07:30:00+00:00","0.061","0.044","0.03460605"
"2012-10-19 08:00:00+00:00","0.081","0.138","0.0349935"
"2012-10-19 08:30:00+00:00","0.089","0.269","0.03549165"
"2012-10-19 09:00:00+00:00","0.103","0.188","0.03483975"
"2012-10-19 09:30:00+00:00","0.08","0.225","0.0364941"
"2012-10-19 10:00:00+00:00","0.055","0.375","0.03513495"
"2012-10-19 10:30:00+00:00","0.085","0.781","0.03519645"
"2012-10-19 11:00:00+00:00","0.055","0.825","0.03511035"
"2012-10-19 11:30:00+00:00","0.095","0.85","0.03518415"
"2012-10-19 12:00:00+00:00","0.067","0.863","0.03449535"
"2012-10-19 12:30:00+00:00","0.137","0.863","0.03511035"
"2012-10-19 13:00:00+00:00","0.06","0.863","0.03744735"
"2012-10-19 13:30:00+00:00","0.1","0.844","0.0379332"
"2012-10-19 14:00:00+00:00","0.058","0.744","0.03509805"
"2012-10-19 14:30:00+00:00","0.085","0.694","0.03685695"
"2012-10-19 15:00:00+00:00","0.095","0.738","0.03734895"
"2012-10-19 15:30:00+00:00","0.063","0.638","0.0364695"
"2012-10-19 16:00:00+00:00","0.153","0.544","0.0386958"
"2012-10-19 16:30:00+00:00","0.077","0.338","0.0386343"
"2012-10-19 17:00:00+00:00","0.077","0.356","0.0391755"
"2012-10-19 17:30:00+00:00","0.109","0.144","0.03428625"
"2012-10-19 18:00:00+00:00","0.04","0.044","0.0335421"
"2012-10-19 18:30:00+00:00","0.107","0.025","0.032964"
"2012-10-19 19:00:00+00:00","0.1","0.0","0.0336897"
"2012-10-19 19:30:00+00:00","0.1","0.0","0.03443385"
"2012-10-19 20:00:00+00:00","0.126","0.0","0.0331731"
"2012-10-19 20:30:00+00:00","0.052","0.0","0.03269955"
"2012-10-19 21:00:00+00:00","0.09","0.0","0.03197385"
"2012-10-19 21:30:00+00:00","0.078","0.0","0.032226"
"2012-10-19 22:00:00+00:00","0.074","0.0","0.0317709"
"2012-10-19 22:30:00+00:00","0.093","0.0","0.0364449"
"2012-10-19 23:00:00+00:00","0.087","0.0","0.03383115"
"2012-10-19 23:30:00+00:00","0.13","0.0","0.0339234"
"2012-10-20 00:00:00+00:00","0.055","0.0","0.0333453"
"2012-10-20 00:30:00+00:00","0.086","0.0","0.03383115"
"2012-10-20 01:00:00+00:00","0.075","0.0","0.0332715"
"2012-10-20 01:30:00+00:00","0.064","0.0","0.032103"
"2012-10-20 02:00:00+00:00","0.1","0.0","0.0317094"
"2012-10-20 02:30:00+00:00","0.065","0.0","0.0302457"
"2012-10-20 03:00:00+00:00","0.154","0.0","0.03049785"
"2012-10-20 03:30:00+00:00","0.048","0.0","0.0307008"
"2012-10-20 04:00:00+00:00","0.087","0.0","0.0309222"
"2012-10-20 04:30:00+00:00","0.067","0.0","0.0318201"
"2012-10-20 05:00:00+00:00","0.075","0.0","0.0319308"
"2012-10-20 05:30:00+00:00","0.076","0.006","0.0323613"
"2012-10-20 06:00:00+00:00","0.071","0.0","0.03194925"
"2012-10-20 06:30:00+00:00","0.111","0.0","0.0320046"
"2012-10-20 07:00:00+00:00","0.087","0.019","0.0334683"
"2012-10-20 07:30:00+00:00","0.08","0.05","0.0332223"
"2012-10-20 08:00:00+00:00","0.051","0.113","0.03346215"
"2012-10-20 08:30:00+00:00","0.105","0.331","0.0338988"
"2012-10-20 09:00:00+00:00","0.038","0.5","0.0353379"
"2012-10-20 09:30:00+00:00","0.103","0.644","0.03620505"
"2012-10-20 10:00:00+00:00","0.081","0.719","0.0348951"
"2012-10-20 10:30:00+00:00","0.127","0.788","0.03518415"
"2012-10-20 11:00:00+00:00","0.094","0.831","0.0374535"
"2012-10-20 11:30:00+00:00","0.04","0.85","0.0346122"
"2012-10-20 12:00:00+00:00","0.115","0.869","0.0354117"
"2012-10-20 12:30:00+00:00","0.082","0.863","0.0355593"
"2012-10-20 13:00:00+00:00","0.061","0.856","0.0348582"
"2012-10-20 13:30:00+00:00","0.151","0.856","0.0350181"
"2012-10-20 14:00:00+00:00","0.118","0.869","0.0356454"
"2012-10-20 14:30:00+00:00","0.071","0.825","0.0355101"
"2012-10-20 15:00:00+00:00","0.113","0.781","0.03666015"
"2012-10-20 15:30:00+00:00","0.084","0.694","0.0362604"
"2012-10-20 16:00:00+00:00","0.061","0.619","0.0330624"
"2012-10-20 16:30:00+00:00","0.114","0.556","0.0319554"
"2012-10-20 17:00:00+00:00","0.105","0.331","0.03252735"
"2012-10-20 17:30:00+00:00","0.098","0.169","0.0324228"
"2012-10-20 18:00:00+00:00","0.133","0.063","0.03193695"
"2012-10-20 18:30:00+00:00","0.065","0.025","0.0323982"
"2012-10-20 19:00:00+00:00","0.083","0.006","0.0334191"
"2012-10-20 19:30:00+00:00","0.109","0.0","0.03422475"
"2012-10-20 20:00:00+00:00","0.049","0.0","0.0333822"
"2012-10-20 20:30:00+00:00","0.093","0.0","0.0328287"
"2012-10-20 21:00:00+00:00","0.126","0.0","0.03274875"
"2012-10-20 21:30:00+00:00","0.085","0.0","0.0322383"
"2012-10-20 22:00:00+00:00","0.109","0.0","0.03201075"
"2012-10-20 22:30:00+00:00","0.059","0.0","0.03454455"
"2012-10-20 23:00:00+00:00","0.32","0.0","0.0324966"
"2012-10-20 23:30:00+00:00","0.395","0.0","0.03217065"
"2012-10-21 00:00:00+00:00","0.23","0.0","0.0319431"
"2012-10-21 00:30:00+00:00","0.176","0.0","0.0321768"
"2012-10-21 01:00:00+00:00","0.091","0.0","0.0315126"
"2012-10-21 01:30:00+00:00","0.099","0.0","0.0319308"
"2012-10-21 02:00:00+00:00","0.065","0.0","0.03087915"
"2012-10-21 02:30:00+00:00","0.078","0.0","0.02948925"
"2012-10-21 03:00:00+00:00","0.081","0.0","0.03055935"
"2012-10-21 03:30:00+00:00","0.057","0.0","0.02945235"
"2012-10-21 04:00:00+00:00","0.112","0.0","0.02898495"
"2012-10-21 04:30:00+00:00","0.078","0.0","0.0292494"
"2012-10-21 05:00:00+00:00","0.126","0.0","0.02971065"
"2012-10-21 05:30:00+00:00","0.051","0.0","0.0298152"
"2012-10-21 06:00:00+00:00","0.088","0.0","0.03085455"
"2012-10-21 06:30:00+00:00","0.124","0.0","0.0304056"
"2012-10-21 07:00:00+00:00","0.092","0.019","0.0312297"
"2012-10-21 07:30:00+00:00","0.079","0.075","0.03051015"
"2012-10-21 08:00:00+00:00","0.112","0.169","0.0303933"
"2012-10-21 08:30:00+00:00","0.103","0.225","0.0310452"
"2012-10-21 09:00:00+00:00","0.139","0.363","0.0316971"
"2012-10-21 09:30:00+00:00","0.144","0.506","0.03192465"
"2012-10-21 10:00:00+00:00","0.28","0.413","0.03148185"
"2012-10-21 10:30:00+00:00","0.205","0.338","0.0310575"
"2012-10-21 11:00:00+00:00","0.146","0.156","0.0308238"
"2012-10-21 11:30:00+00:00","0.094","0.1","0.0312912"
"2012-10-21 12:00:00+00:00","0.126","0.056","0.0319431"
"2012-10-21 12:30:00+00:00","0.057","0.35","0.0319923"
"2012-10-21 13:00:00+00:00","0.111","0.406","0.03226905"
"2012-10-21 13:30:00+00:00","0.05","0.15","0.03325305"
"2012-10-21 14:00:00+00:00","0.082","0.256","0.0324105"
"2012-10-21 14:30:00+00:00","0.089","0.138","0.03037485"
"2012-10-21 15:00:00+00:00","0.068","0.15","0.0345015"
"2012-10-21 15:30:00+00:00","0.154","0.338","0.0330009"
"2012-10-21 16:00:00+00:00","0.046","0.294","0.03348675"
"2012-10-21 16:30:00+00:00","0.105","0.175","0.03373275"
"2012-10-21 17:00:00+00:00","0.081","0.181","0.0343662"
"2012-10-21 17:30:00+00:00","0.055","0.156","0.03476595"
"2012-10-21 18:00:00+00:00","0.119","0.081","0.03410175"
"2012-10-21 18:30:00+00:00","0.059","0.031","0.03592215"
"2012-10-21 19:00:00+00:00","0.16","0.0","0.03722595"
"2012-10-21 19:30:00+00:00","0.215","0.0","0.0350427"
"2012-10-21 20:00:00+00:00","0.272","0.0","0.0343662"
"2012-10-21 20:30:00+00:00","0.288","0.0","0.03319155"
"2012-10-21 21:00:00+00:00","0.314","0.0","0.0325581"
"2012-10-21 21:30:00+00:00","0.101","0.0","0.03214605"
"2012-10-21 22:00:00+00:00","0.128","0.0","0.0315003"
"2012-10-21 22:30:00+00:00","0.117","0.0","0.03277335"
"2012-10-21 23:00:00+00:00","0.122","0.0","0.0322506"
"2012-10-21 23:30:00+00:00","0.082","0.0","0.0319554"
"2012-10-22 00:00:00+00:00","0.093","0.0","0.0322875"
"2012-10-22 00:30:00+00:00","0.086","0.0","0.03198615"
"2012-10-22 01:00:00+00:00","0.083","0.0","0.0317217"
"2012-10-22 01:30:00+00:00","0.075","0.0","0.0316479"
"2012-10-22 02:00:00+00:00","0.089","0.0","0.0300366"
"2012-10-22 02:30:00+00:00","0.135","0.0","0.03052245"
"2012-10-22 03:00:00+00:00","0.038","0.0","0.0305655"
"2012-10-22 03:30:00+00:00","0.107","0.0","0.030627"
"2012-10-22 04:00:00+00:00","0.038","0.0","0.03102675"
"2012-10-22 04:30:00+00:00","0.104","0.0","0.03071925"
"2012-10-22 05:00:00+00:00","0.061","0.0","0.0312666"
"2012-10-22 05:30:00+00:00","0.094","0.0","0.0334191"
"2012-10-22 06:00:00+00:00","0.112","0.0","0.0335913"
"2012-10-22 06:30:00+00:00","0.078","0.0","0.0348705"
"2012-10-22 07:00:00+00:00","0.109","0.013","0.0358791"
"2012-10-22 07:30:00+00:00","0.206","0.038","0.03365895"
"2012-10-22 08:00:00+00:00","0.304","0.15","0.03560235"
"2012-10-22 08:30:00+00:00","0.142","0.306","0.03509805"
"2012-10-22 09:00:00+00:00","0.118","0.469","0.03674625"
"2012-10-22 09:30:00+00:00","0.098","0.6","0.03669705"
"2012-10-22 10:00:00+00:00","0.113","0.513","0.03765645"
"2012-10-22 10:30:00+00:00","0.104","0.606","0.03757035"
"2012-10-22 11:00:00+00:00","0.159","0.244","0.03642645"
"2012-10-22 11:30:00+00:00","0.313","0.2","0.0376995"
"2012-10-22 12:00:00+00:00","0.257","0.325","0.03824685"
"2012-10-22 12:30:00+00:00","0.184","0.181","0.03790245"
"2012-10-22 13:00:00+00:00","0.302","0.45","0.0361866"
"2012-10-22 13:30:00+00:00","0.187","0.225","0.0381546"
"2012-10-22 14:00:00+00:00","0.197","0.213","0.03824685"
"2012-10-22 14:30:00+00:00","0.114","0.419","0.03769335"
"2012-10-22 15:00:00+00:00","0.089","0.45","0.0373428"
"2012-10-22 15:30:00+00:00","0.153","0.719","0.03685695"
"2012-10-22 16:00:00+00:00","0.085","0.663","0.03763185"
"2012-10-22 16:30:00+00:00","0.302","0.575","0.03680775"
"2012-10-22 17:00:00+00:00","0.071","0.438","0.03514725"
"2012-10-22 17:30:00+00:00","0.117","0.138","0.033825"
"2012-10-22 18:00:00+00:00","0.081","0.069","0.0329517"
"2012-10-22 18:30:00+00:00","0.181","0.013","0.03333915"
"2012-10-22 19:00:00+00:00","0.143","0.006","0.0362604"
"2012-10-22 19:30:00+00:00","0.198","0.0","0.0345261"
"2012-10-22 20:00:00+00:00","0.23","0.0","0.03346215"
"2012-10-22 20:30:00+00:00","0.283","0.0","0.03225675"
"2012-10-22 21:00:00+00:00","0.153","0.0","0.0319554"
"2012-10-22 21:30:00+00:00","0.171","0.0","0.0316233"
"2012-10-22 22:00:00+00:00","0.17","0.0","0.0304548"
"2012-10-22 22:30:00+00:00","0.117","0.0","0.03245355"
"2012-10-22 23:00:00+00:00","0.387","0.0","0.03196155"
"2012-10-22 23:30:00+00:00","0.696","0.0","0.03194925"
"2012-10-23 00:00:00+00:00","0.105","0.0","0.0320169"
"2012-10-23 00:30:00+00:00","0.147","0.0","0.0310698"
"2012-10-23 01:00:00+00:00","0.085","0.0","0.0301596"
"2012-10-23 01:30:00+00:00","0.092","0.0","0.028536"
"2012-10-23 02:00:00+00:00","0.061","0.0","0.0272691"
"2012-10-23 02:30:00+00:00","0.07","0.0","0.02583615"
"2012-10-23 03:00:00+00:00","0.069","0.0","0.0250182"
"2012-10-23 03:30:00+00:00","0.062","0.0","0.02499975"
"2012-10-23 04:00:00+00:00","0.098","0.0","0.02512275"
"2012-10-23 04:30:00+00:00","0.082","0.0","0.0278718"
"2012-10-23 05:00:00+00:00","0.076","0.0","0.0294954"
"2012-10-23 05:30:00+00:00","0.111","0.0","0.0317586"
"2012-10-23 06:00:00+00:00","0.101","0.0","0.03241665"
"2012-10-23 06:30:00+00:00","0.087","0.006","0.0341325"
"2012-10-23 07:00:00+00:00","0.1","0.013","0.0361497"
"2012-10-23 07:30:00+00:00","0.073","0.075","0.0337758"
"2012-10-23 08:00:00+00:00","0.276","0.144","0.0320292"
"2012-10-23 08:30:00+00:00","0.219","0.331","0.0322506"
"2012-10-23 09:00:00+00:00","0.223","0.575","0.03198615"
"2012-10-23 09:30:00+00:00","0.17","0.431","0.0319554"
"2012-10-23 10:00:00+00:00","0.162","0.488","0.03199845"
"2012-10-23 10:30:00+00:00","0.077","0.588","0.0320784"
"2012-10-23 11:00:00+00:00","0.057","0.931","0.03196155"
"2012-10-23 11:30:00+00:00","0.092","0.919","0.03194925"
"2012-10-23 12:00:00+00:00","0.1","0.938","0.03196155"
"2012-10-23 12:30:00+00:00","0.09","0.888","0.03197385"
"2012-10-23 13:00:00+00:00","0.081","0.944","0.03196155"
"2012-10-23 13:30:00+00:00","0.172","0.925","0.03196155"
"2012-10-23 14:00:00+00:00","0.394","0.85","0.03196155"
"2012-10-23 14:30:00+00:00","0.345","0.825","0.0321276"
"2012-10-23 15:00:00+00:00","0.262","0.806","0.0330378"
"2012-10-23 15:30:00+00:00","0.191","0.731","0.03364665"
"2012-10-23 16:00:00+00:00","0.245","0.663","0.03383115"
"2012-10-23 16:30:00+00:00","0.122","0.5","0.03357285"
"2012-10-23 17:00:00+00:00","0.241","0.394","0.03384345"
"2012-10-23 17:30:00+00:00","0.135","0.163","0.03388035"
"2012-10-23 18:00:00+00:00","0.485","0.063","0.03385575"
"2012-10-23 18:30:00+00:00","0.178","0.038","0.03363435"
"2012-10-23 19:00:00+00:00","0.245","0.019","0.0339357"
"2012-10-23 19:30:00+00:00","0.215","0.0","0.0338988"
"2012-10-23 20:00:00+00:00","0.558","0.0","0.0336528"
"2012-10-23 20:30:00+00:00","0.586","0.0","0.03223215"
"2012-10-23 21:00:00+00:00","0.296","0.0","0.0321522"
"2012-10-23 21:30:00+00:00","0.319","0.0","0.0321768"
"2012-10-23 22:00:00+00:00","0.074","0.0","0.0313527"
"2012-10-23 22:30:00+00:00","0.132","0.0","0.03252735"
"2012-10-23 23:00:00+00:00","0.095","0.0","0.0325212"
"2012-10-23 23:30:00+00:00","0.088","0.0","0.0323982"
"2012-10-24 00:00:00+00:00","0.065","0.0","0.0323367"
"2012-10-24 00:30:00+00:00","0.077","0.0","0.0319431"
"2012-10-24 01:00:00+00:00","0.065","0.0","0.03269955"
"2012-10-24 01:30:00+00:00","0.071","0.0","0.03117435"
"2012-10-24 02:00:00+00:00","0.07","0.0","0.0289419"
"2012-10-24 02:30:00+00:00","0.118","0.0","0.03037485"
"2012-10-24 03:00:00+00:00","0.094","0.0","0.02973525"
"2012-10-24 03:30:00+00:00","0.125","0.0","0.02835765"
"2012-10-24 04:00:00+00:00","0.078","0.0","0.02936625"
"2012-10-24 04:30:00+00:00","0.076","0.0","0.03071925"
"2012-10-24 05:00:00+00:00","0.073","0.0","0.03149415"
"2012-10-24 05:30:00+00:00","0.071","0.0","0.03525795"
"2012-10-24 06:00:00+00:00","0.091","0.0","0.03576225"
"2012-10-24 06:30:00+00:00","0.119","0.0","0.03749655"
"2012-10-24 07:00:00+00:00","0.102","0.019","0.03769335"
"2012-10-24 07:30:00+00:00","0.064","0.056","0.03325305"
"2012-10-24 08:00:00+00:00","0.166","0.156","0.0337758"
"2012-10-24 08:30:00+00:00","0.122","0.356","0.0338373"
"2012-10-24 09:00:00+00:00","0.228","0.55","0.03392955"
"2012-10-24 09:30:00+00:00","0.076","0.644","0.03392955"
"2012-10-24 10:00:00+00:00","0.121","0.744","0.0338496"
"2012-10-24 10:30:00+00:00","0.079","0.825","0.03408945"
"2012-10-24 11:00:00+00:00","0.086","0.894","0.0342555"
"2012-10-24 11:30:00+00:00","0.064","0.919","0.03390495"
"2012-10-24 12:00:00+00:00","0.066","0.938","0.03384345"
"2012-10-24 12:30:00+00:00","0.077","0.944","0.0338742"
"2012-10-24 13:00:00+00:00","0.054","0.944","0.03413865"
"2012-10-24 13:30:00+00:00","0.103","0.925","0.0343662"
"2012-10-24 14:00:00+00:00","0.096","0.906","0.03391725"
"2012-10-24 14:30:00+00:00","0.094","0.875","0.03424935"
"2012-10-24 15:00:00+00:00","0.05","0.819","0.03514725"
"2012-10-24 15:30:00+00:00","0.089","0.75","0.0361374"
"2012-10-24 16:00:00+00:00","0.059","0.656","0.03547935"
"2012-10-24 16:30:00+00:00","0.086","0.544","0.0363342"
"2012-10-24 17:00:00+00:00","0.139","0.419","0.03550395"
"2012-10-24 17:30:00+00:00","0.143","0.169","0.0343416"
"2012-10-24 18:00:00+00:00","0.1","0.019","0.0341079"
"2012-10-24 18:30:00+00:00","0.061","0.013","0.0339603"
"2012-10-24 19:00:00+00:00","0.113","0.0","0.03449535"
"2012-10-24 19:30:00+00:00","0.061","0.006","0.0346245"
"2012-10-24 20:00:00+00:00","0.33","0.0","0.0338004"
"2012-10-24 20:30:00+00:00","0.163","0.0","0.03194925"
"2012-10-24 21:00:00+00:00","0.264","0.0","0.03174015"
"2012-10-24 21:30:00+00:00","0.183","0.0","0.0319185"
"2012-10-24 22:00:00+00:00","0.185","0.0","0.03129735"
"2012-10-24 22:30:00+00:00","0.255","0.0","0.0325089"
"2012-10-24 23:00:00+00:00","0.075","0.0","0.03207225"
"2012-10-24 23:30:00+00:00","0.135","0.0","0.03239205"
"2012-10-25 00:00:00+00:00","0.087","0.0","0.03240435"
"2012-10-25 00:30:00+00:00","0.168","0.0","0.03159255"
"2012-10-25 01:00:00+00:00","0.065","0.0","0.031119"
"2012-10-25 01:30:00+00:00","0.093","0.0","0.0311928"
"2012-10-25 02:00:00+00:00","0.064","0.0","0.03084225"
"2012-10-25 02:30:00+00:00","0.09","0.0","0.0299997"
"2012-10-25 03:00:00+00:00","0.074","0.0","0.0302703"
"2012-10-25 03:30:00+00:00","0.094","0.0","0.03038715"
"2012-10-25 04:00:00+00:00","0.093","0.0","0.03059625"
"2012-10-25 04:30:00+00:00","0.109","0.0","0.031488"
"2012-10-25 05:00:00+00:00","0.067","0.0","0.03233055"
"2012-10-25 05:30:00+00:00","0.083","0.0","0.03381885"
"2012-10-25 06:00:00+00:00","0.075","0.0","0.03480285"
"2012-10-25 06:30:00+00:00","0.086","0.0","0.0340833"
"2012-10-25 07:00:00+00:00","0.148","0.006","0.0341202"
"2012-10-25 07:30:00+00:00","0.232","0.031","0.0316602"
"2012-10-25 08:00:00+00:00","0.297","0.156","0.03226905"
"2012-10-25 08:30:00+00:00","0.153","0.363","0.0336405"
"2012-10-25 09:00:00+00:00","0.11","0.544","0.03333915"
"2012-10-25 09:30:00+00:00","0.046","0.638","0.03273645"
"2012-10-25 10:00:00+00:00","0.116","0.706","0.0330624"
"2012-10-25 10:30:00+00:00","0.047","0.769","0.03360975"
"2012-10-25 11:00:00+00:00","0.116","0.788","0.03272415"
"2012-10-25 11:30:00+00:00","0.087","0.825","0.0326442"
"2012-10-25 12:00:00+00:00","0.127","0.831","0.0331977"
"2012-10-25 12:30:00+00:00","0.082","0.856","0.03351135"
"2012-10-25 13:00:00+00:00","0.074","0.85","0.0335175"
"2012-10-25 13:30:00+00:00","0.106","0.838","0.03333915"
"2012-10-25 14:00:00+00:00","0.06","0.831","0.0333084"
"2012-10-25 14:30:00+00:00","0.111","0.781","0.0334314"
"2012-10-25 15:00:00+00:00","0.113","0.706","0.03349905"
"2012-10-25 15:30:00+00:00","0.19","0.463","0.03383115"
"2012-10-25 16:00:00+00:00","0.315","0.594","0.0345015"
"2012-10-25 16:30:00+00:00","0.162","0.444","0.0343416"
"2012-10-25 17:00:00+00:00","0.078","0.331","0.03454455"
"2012-10-25 17:30:00+00:00","0.166","0.144","0.03383115"
"2012-10-25 18:00:00+00:00","0.065","0.038","0.03383115"
"2012-10-25 18:30:00+00:00","0.164","0.025","0.033825"
"2012-10-25 19:00:00+00:00","0.176","0.0","0.03384345"
"2012-10-25 19:30:00+00:00","0.497","0.0","0.0340833"
"2012-10-25 20:00:00+00:00","0.186","0.0","0.033825"
"2012-10-25 20:30:00+00:00","0.206","0.0","0.0328779"
"2012-10-25 21:00:00+00:00","0.345","0.0","0.03193695"
"2012-10-25 21:30:00+00:00","0.302","0.0","0.0321891"
"2012-10-25 22:00:00+00:00","0.406","0.006","0.03241665"
"2012-10-25 22:30:00+00:00","0.469","0.0","0.03443385"
"2012-10-25 23:00:00+00:00","0.258","0.0","0.033825"
"2012-10-25 23:30:00+00:00","0.052","0.0","0.033825"
"2012-10-26 00:00:00+00:00","0.843","0.0","0.0333084"
"2012-10-26 00:30:00+00:00","0.217","0.0","0.0331731"
"2012-10-26 01:00:00+00:00","0.078","0.0","0.0330501"
"2012-10-26 01:30:00+00:00","0.102","0.0","0.0321768"
"2012-10-26 02:00:00+00:00","0.118","0.0","0.03172785"
"2012-10-26 02:30:00+00:00","0.079","0.0","0.03133425"
"2012-10-26 03:00:00+00:00","0.066","0.0","0.03119895"
"2012-10-26 03:30:00+00:00","0.183","0.0","0.03074385"
"2012-10-26 04:00:00+00:00","0.172","0.0","0.03085455"
"2012-10-26 04:30:00+00:00","0.126","0.0","0.0319308"
"2012-10-26 05:00:00+00:00","0.111","0.0","0.03305625"
"2012-10-26 05:30:00+00:00","0.063","0.0","0.0348705"
"2012-10-26 06:00:00+00:00","0.079","0.0","0.03697995"
"2012-10-26 06:30:00+00:00","0.064","0.0","0.0373305"
"2012-10-26 07:00:00+00:00","0.093","0.025","0.03738585"
"2012-10-26 07:30:00+00:00","0.055","0.05","0.03363435"
"2012-10-26 08:00:00+00:00","0.076","0.238","0.033825"
"2012-10-26 08:30:00+00:00","0.108","0.15","0.03386805"
"2012-10-26 09:00:00+00:00","0.086","0.263","0.033825"
"2012-10-26 09:30:00+00:00","0.093","0.463","0.03381885"
"2012-10-26 10:00:00+00:00","0.039","0.469","0.0338373"
"2012-10-26 10:30:00+00:00","0.101","0.731","0.033825"
"2012-10-26 11:00:00+00:00","0.048","0.756","0.03381885"
"2012-10-26 11:30:00+00:00","0.102","0.8","0.03237975"
"2012-10-26 12:00:00+00:00","0.106","0.881","0.0330993"
"2012-10-26 12:30:00+00:00","0.094","0.831","0.0332346"
"2012-10-26 13:00:00+00:00","0.081","0.838","0.03285945"
"2012-10-26 13:30:00+00:00","0.07","0.806","0.0331362"
"2012-10-26 14:00:00+00:00","0.077","0.681","0.0330009"
"2012-10-26 14:30:00+00:00","0.092","0.581","0.03176475"
"2012-10-26 15:00:00+00:00","0.086","0.606","0.03196155"
"2012-10-26 15:30:00+00:00","0.13","0.313","0.0327672"
"2012-10-26 16:00:00+00:00","0.072","0.081","0.03181395"
"2012-10-26 16:30:00+00:00","0.077","0.206","0.0321399"
"2012-10-26 17:00:00+00:00","0.086","0.225","0.03194925"
"2012-10-26 17:30:00+00:00","0.068","0.156","0.03196155"
"2012-10-26 18:00:00+00:00","0.079","0.075","0.03194925"
"2012-10-26 18:30:00+00:00","0.117","0.038","0.0319185"
"2012-10-26 19:00:00+00:00","0.094","0.006","0.0319554"
"2012-10-26 19:30:00+00:00","0.085","0.0","0.0322506"
"2012-10-26 20:00:00+00:00","0.07","0.0","0.03156795"
"2012-10-26 20:30:00+00:00","0.071","0.006","0.03025185"
"2012-10-26 21:00:00+00:00","0.094","0.0","0.03041175"
"2012-10-26 21:30:00+00:00","0.058","0.0","0.0308484"
"2012-10-26 22:00:00+00:00","0.126","0.0","0.03009195"
"2012-10-26 22:30:00+00:00","0.08","0.0","0.0324597"
"2012-10-26 23:00:00+00:00","0.092","0.0","0.0320415"
"2012-10-26 23:30:00+00:00","0.056","0.0","0.03212145"
"2012-10-27 00:00:00+00:00","0.087","0.0","0.0319554"
"2012-10-27 00:30:00+00:00","0.057","0.0","0.03170325"
"2012-10-27 01:00:00+00:00","0.087","0.0","0.03074385"
"2012-10-27 01:30:00+00:00","0.078","0.0","0.02999355"
"2012-10-27 02:00:00+00:00","0.127","0.0","0.0295938"
"2012-10-27 02:30:00+00:00","0.043","0.0","0.0305286"
"2012-10-27 03:00:00+00:00","0.094","0.0","0.030627"
"2012-10-27 03:30:00+00:00","0.047","0.0","0.0304917"
"2012-10-27 04:00:00+00:00","0.086","0.0","0.03063315"
"2012-10-27 04:30:00+00:00","0.067","0.0","0.03134655"
"2012-10-27 05:00:00+00:00","0.093","0.0","0.03193695"
"2012-10-27 05:30:00+00:00","0.112","0.0","0.0321891"
"2012-10-27 06:00:00+00:00","0.047","0.0","0.03289635"
"2012-10-27 06:30:00+00:00","0.098","0.0","0.0331977"
"2012-10-27 07:00:00+00:00","0.036","0.0","0.03373275"
"2012-10-27 07:30:00+00:00","0.093","0.025","0.0319554"
"2012-10-27 08:00:00+00:00","0.041","0.156","0.0325089"
"2012-10-27 08:30:00+00:00","0.093","0.388","0.03373275"
"2012-10-27 09:00:00+00:00","0.096","0.594","0.032472"
"2012-10-27 09:30:00+00:00","0.082","0.694","0.0333084"
"2012-10-27 10:00:00+00:00","0.068","0.775","0.03274875"
"2012-10-27 10:30:00+00:00","0.069","0.831","0.0331854"
"2012-10-27 11:00:00+00:00","0.075","0.881","0.03229365"
"2012-10-27 11:30:00+00:00","0.063","0.913","0.0322998"
"2012-10-27 12:00:00+00:00","0.085","0.938","0.0308853"
"2012-10-27 12:30:00+00:00","0.112","0.938","0.03124815"
"2012-10-27 13:00:00+00:00","0.082","0.931","0.03231825"
"2012-10-27 13:30:00+00:00","0.064","0.925","0.0308238"
"2012-10-27 14:00:00+00:00","0.087","0.894","0.03064545"
"2012-10-27 14:30:00+00:00","0.058","0.863","0.0308484"
"2012-10-27 15:00:00+00:00","0.098","0.713","0.0308361"
"2012-10-27 15:30:00+00:00","0.062","0.631","0.03076845"
"2012-10-27 16:00:00+00:00","0.145","0.644","0.0307008"
"2012-10-27 16:30:00+00:00","0.037","0.55","0.0315126"
"2012-10-27 17:00:00+00:00","0.105","0.388","0.032349"
"2012-10-27 17:30:00+00:00","0.047","0.156","0.03167865"
"2012-10-27 18:00:00+00:00","0.091","0.056","0.03177705"
"2012-10-27 18:30:00+00:00","0.063","0.031","0.0318939"
"2012-10-27 19:00:00+00:00","0.116","0.006","0.03380655"
"2012-10-27 19:30:00+00:00","0.093","0.0","0.0331854"
"2012-10-27 20:00:00+00:00","0.069","0.0","0.0321891"
"2012-10-27 20:30:00+00:00","0.074","0.0","0.0322629"
"2012-10-27 21:00:00+00:00","0.073","0.0","0.0314634"
"2012-10-27 21:30:00+00:00","0.07","0.0","0.03127275"
"2012-10-27 22:00:00+00:00","0.067","0.0","0.0301473"
"2012-10-27 22:30:00+00:00","0.115","0.0","0.0323244"
"2012-10-27 23:00:00+00:00","0.077","0.0","0.0324105"
"2012-10-27 23:30:00+00:00","0.088","0.0","0.0321645"
"2012-10-28 00:00:00+00:00","0.043","0.0","0.0326073"
"2012-10-28 00:30:00+00:00","0.094","0.0","0.0319431"
"2012-10-28 01:00:00+00:00","0.051","0.0","0.0315249"
"2012-10-28 01:30:00+00:00","0.083","0.0","0.0305901"
"2012-10-28 02:00:00+00:00","0.094","0.0","0.03118665"
"2012-10-28 02:30:00+00:00","0.087","0.0","0.03165405"
"2012-10-28 03:00:00+00:00","0.083","0.0","0.0308238"
"2012-10-28 03:30:00+00:00","0.044","0.0","0.0300366"
"2012-10-28 04:00:00+00:00","0.094","0.0","0.030627"
"2012-10-28 04:30:00+00:00","0.036","0.0","0.0307992"
"2012-10-28 05:00:00+00:00","0.099","0.0","0.03081765"
"2012-10-28 05:30:00+00:00","0.075","0.006","0.0311682"
"2012-10-28 06:00:00+00:00","0.101","0.0","0.03130965"
"2012-10-28 06:30:00+00:00","0.077","0.0","0.03076845"
"2012-10-28 07:00:00+00:00","0.055","0.013","0.03060855"
"2012-10-28 07:30:00+00:00","0.089","0.075","0.02982135"
"2012-10-28 08:00:00+00:00","0.038","0.188","0.03150645"
"2012-10-28 08:30:00+00:00","0.097","0.275","0.031857"
"2012-10-28 09:00:00+00:00","0.062","0.181","0.0319431"
"2012-10-28 09:30:00+00:00","0.122","0.25","0.03194925"
"2012-10-28 10:00:00+00:00","0.061","0.469","0.03218295"
"2012-10-28 10:30:00+00:00","0.07","0.675","0.0319554"
"2012-10-28 11:00:00+00:00","0.08","0.438","0.0317586"
"2012-10-28 11:30:00+00:00","0.052","0.338","0.0315741"
"2012-10-28 12:00:00+00:00","0.096","0.488","0.0313527"
"2012-10-28 12:30:00+00:00","0.07","0.744","0.03101445"
"2012-10-28 13:00:00+00:00","0.127","0.938","0.03144495"
"2012-10-28 13:30:00+00:00","0.053","0.95","0.0314142"
"2012-10-28 14:00:00+00:00","0.087","0.869","0.03063315"
"2012-10-28 14:30:00+00:00","0.066","0.756","0.0308607"
"2012-10-28 15:00:00+00:00","0.073","0.763","0.031119"
"2012-10-28 15:30:00+00:00","0.081","0.731","0.03118665"
"2012-10-28 16:00:00+00:00","0.115","0.644","0.0312789"
"2012-10-28 16:30:00+00:00","0.087","0.538","0.0319431"
"2012-10-28 17:00:00+00:00","0.072","0.381","0.03241665"
"2012-10-28 17:30:00+00:00","0.083","0.131","0.03229365"
"2012-10-28 18:00:00+00:00","0.057","0.025","0.03322845"
"2012-10-28 18:30:00+00:00","0.093","0.019","0.03349905"
"2012-10-28 19:00:00+00:00","0.061","0.006","0.033825"
"2012-10-28 19:30:00+00:00","0.139","0.0","0.033825"
"2012-10-28 20:00:00+00:00","0.054","0.0","0.03381885"
"2012-10-28 20:30:00+00:00","0.086","0.0","0.0331362"
"2012-10-28 21:00:00+00:00","0.061","0.0","0.03284715"
"2012-10-28 21:30:00+00:00","0.077","0.0","0.0334068"
"2012-10-28 22:00:00+00:00","0.09","0.0","0.0328656"
"2012-10-28 22:30:00+00:00","0.064","0.0","0.0324843"
"2012-10-28 23:00:00+00:00","0.132","0.0","0.03269955"
"2012-10-28 23:30:00+00:00","0.035","0.0","0.03313005"
"2012-10-29 00:00:00+00:00","0.094","0.0","0.0335052"
"2012-10-29 00:30:00+00:00","0.055","0.0","0.03194925"
"2012-10-29 01:00:00+00:00","0.08","0.0","0.03170325"
"2012-10-29 01:30:00+00:00","0.083","0.0","0.03149415"
"2012-10-29 02:00:00+00:00","0.05","0.0","0.0302703"
"2012-10-29 02:30:00+00:00","0.135","0.0","0.02998125"
"2012-10-29 03:00:00+00:00","0.037","0.0","0.03044865"
"2012-10-29 03:30:00+00:00","0.091","0.0","0.0296799"
"2012-10-29 04:00:00+00:00","0.053","0.0","0.0306516"
"2012-10-29 04:30:00+00:00","0.075","0.0","0.03161715"
"2012-10-29 05:00:00+00:00","0.073","0.0","0.03279795"
"2012-10-29 05:30:00+00:00","0.058","0.0","0.03417555"
"2012-10-29 06:00:00+00:00","0.103","0.0","0.03732435"
"2012-10-29 06:30:00+00:00","0.078","0.0","0.03786555"
"2012-10-29 07:00:00+00:00","0.084","0.013","0.0399996"
"2012-10-29 07:30:00+00:00","0.055","0.038","0.0373059"
"2012-10-29 08:00:00+00:00","0.07","0.169","0.03765645"
"2012-10-29 08:30:00+00:00","0.065","0.163","0.03814845"
"2012-10-29 09:00:00+00:00","0.056","0.113","0.03850515"
"2012-10-29 09:30:00+00:00","0.072","0.256","0.038253"
"2012-10-29 10:00:00+00:00","0.088","0.3","0.03679545"
"2012-10-29 10:30:00+00:00","0.083","0.575","0.03785325"
"2012-10-29 11:00:00+00:00","0.058","0.844","0.037515"
"2012-10-29 11:30:00+00:00","0.068","0.775","0.0375519"
"2012-10-29 12:00:00+00:00","0.069","0.838","0.03744735"
"2012-10-29 12:30:00+00:00","0.068","0.844","0.0374535"
"2012-10-29 13:00:00+00:00","0.07","0.881","0.0373182"
"2012-10-29 13:30:00+00:00","0.112","0.913","0.0359652"
"2012-10-29 14:00:00+00:00","0.089","0.869","0.03448305"
"2012-10-29 14:30:00+00:00","0.058","0.838","0.0354732"
"2012-10-29 15:00:00+00:00","0.082","0.781","0.03515955"
"2012-10-29 15:30:00+00:00","0.05","0.725","0.0355224"
"2012-10-29 16:00:00+00:00","0.096","0.631","0.03571305"
"2012-10-29 16:30:00+00:00","0.054","0.519","0.03538095"
"2012-10-29 17:00:00+00:00","0.139","0.375","0.03669705"
"2012-10-29 17:30:00+00:00","0.05","0.144","0.03602055"
"2012-10-29 18:00:00+00:00","0.092","0.025","0.0358176"
"2012-10-29 18:30:00+00:00","0.062","0.013","0.0356577"
"2012-10-29 19:00:00+00:00","0.07","0.0","0.0358053"
"2012-10-29 19:30:00+00:00","0.087","0.0","0.034686"
"2012-10-29 20:00:00+00:00","0.073","0.0","0.0338127"
"2012-10-29 20:30:00+00:00","0.13","0.0","0.032718"
"2012-10-29 21:00:00+00:00","0.04","0.0","0.0319554"
"2012-10-29 21:30:00+00:00","0.099","0.0","0.03251505"
"2012-10-29 22:00:00+00:00","0.05","0.0","0.03231825"
"2012-10-29 22:30:00+00:00","0.079","0.0","0.0352641"
"2012-10-29 23:00:00+00:00","0.068","0.0","0.03368355"
"2012-10-29 23:30:00+00:00","0.087","0.0","0.0332838"
"2012-10-30 00:00:00+00:00","0.11","0.0","0.03305625"
"2012-10-30 00:30:00+00:00","0.057","0.0","0.0320661"
"2012-10-30 01:00:00+00:00","0.084","0.0","0.03186315"
"2012-10-30 01:30:00+00:00","0.053","0.0","0.0309345"
"2012-10-30 02:00:00+00:00","0.076","0.0","0.0305901"
"2012-10-30 02:30:00+00:00","0.055","0.0","0.030381"
"2012-10-30 03:00:00+00:00","0.088","0.0","0.0301965"
"2012-10-30 03:30:00+00:00","0.112","0.0","0.03080535"
"2012-10-30 04:00:00+00:00","0.068","0.0","0.03039945"
"2012-10-30 04:30:00+00:00","0.079","0.0","0.030873"
"2012-10-30 05:00:00+00:00","0.055","0.0","0.03158025"
"2012-10-30 05:30:00+00:00","0.077","0.0","0.0334068"
"2012-10-30 06:00:00+00:00","0.05","0.0","0.03675855"
"2012-10-30 06:30:00+00:00","0.073","0.006","0.03829605"
"2012-10-30 07:00:00+00:00","0.098","0.025","0.0390771"
"2012-10-30 07:30:00+00:00","0.075","0.106","0.03381885"
"2012-10-30 08:00:00+00:00","0.082","0.15","0.03383115"
"2012-10-30 08:30:00+00:00","0.047","0.344","0.0365802"
"2012-10-30 09:00:00+00:00","0.092","0.488","0.0375642"
"2012-10-30 09:30:00+00:00","0.043","0.444","0.03757035"
"2012-10-30 10:00:00+00:00","0.086","0.4","0.0361497"
"2012-10-30 10:30:00+00:00","0.081","0.569","0.0367032"
"2012-10-30 11:00:00+00:00","0.1","0.756","0.0385728"
"2012-10-30 11:30:00+00:00","0.07","0.65","0.0383391"
"2012-10-30 12:00:00+00:00","0.061","0.925","0.03824685"
"2012-10-30 12:30:00+00:00","0.082","0.931","0.03852975"
"2012-10-30 13:00:00+00:00","0.056","0.813","0.03865275"
"2012-10-30 13:30:00+00:00","0.085","0.963","0.04438455"
"2012-10-30 14:00:00+00:00","0.091","0.581","0.0451779"
"2012-10-30 14:30:00+00:00","0.112","0.644","0.0497781"
"2012-10-30 15:00:00+00:00","0.058","0.781","0.06871395"
"2012-10-30 15:30:00+00:00","0.09","0.656","0.08817255"
"2012-10-30 16:00:00+00:00","0.049","0.581","0.08223165"
"2012-10-30 16:30:00+00:00","0.105","0.363","0.05898465"
"2012-10-30 17:00:00+00:00","0.035","0.306","0.03615585"
"2012-10-30 17:30:00+00:00","0.151","0.088","0.033825"
"2012-10-30 18:00:00+00:00","0.062","0.031","0.033825"
"2012-10-30 18:30:00+00:00","0.098","0.019","0.033825"
"2012-10-30 19:00:00+00:00","0.063","0.006","0.033825"
"2012-10-30 19:30:00+00:00","0.082","0.0","0.03487665"
"2012-10-30 20:00:00+00:00","0.069","0.0","0.0343293"
"2012-10-30 20:30:00+00:00","0.07","0.0","0.03370815"
"2012-10-30 21:00:00+00:00","0.124","0.0","0.03249045"
"2012-10-30 21:30:00+00:00","0.085","0.0","0.03287175"
"2012-10-30 22:00:00+00:00","0.073","0.0","0.0320784"
"2012-10-30 22:30:00+00:00","0.067","0.0","0.03397875"
"2012-10-30 23:00:00+00:00","0.081","0.0","0.03365895"
"2012-10-30 23:30:00+00:00","0.063","0.0","0.03362205"
"2012-10-31 00:00:00+00:00","0.094","0.0","0.03466755"
"2012-10-31 00:30:00+00:00","0.087","0.0","0.03306855"
"2012-10-31 01:00:00+00:00","0.109","0.0","0.0331239"
"2012-10-31 01:30:00+00:00","0.039","0.0","0.03192465"
"2012-10-31 02:00:00+00:00","0.092","0.0","0.0307869"
"2012-10-31 02:30:00+00:00","0.057","0.0","0.03051015"
"2012-10-31 03:00:00+00:00","0.08","0.0","0.03043635"
"2012-10-31 03:30:00+00:00","0.074","0.0","0.03043635"
"2012-10-31 04:00:00+00:00","0.096","0.006","0.0306393"
"2012-10-31 04:30:00+00:00","0.107","0.0","0.03079305"
"2012-10-31 05:00:00+00:00","0.037","0.0","0.03182625"
"2012-10-31 05:30:00+00:00","0.093","0.0","0.0340464"
"2012-10-31 06:00:00+00:00","0.034","0.0","0.0366663"
"2012-10-31 06:30:00+00:00","0.099","0.0","0.0358914"
"2012-10-31 07:00:00+00:00","0.049","0.013","0.0376872"
"2012-10-31 07:30:00+00:00","0.103","0.044","0.03326535"
"2012-10-31 08:00:00+00:00","0.105","0.175","0.0341694"
"2012-10-31 08:30:00+00:00","0.058","0.369","0.037392"
"2012-10-31 09:00:00+00:00","0.089","0.544","0.0371091"
"2012-10-31 09:30:00+00:00","0.041","0.631","0.03754575"
"2012-10-31 10:00:00+00:00","0.098","0.713","0.04535625"
"2012-10-31 10:30:00+00:00","0.036","0.769","0.0347352"
"2012-10-31 11:00:00+00:00","0.118","0.813","0.0356577"
"2012-10-31 11:30:00+00:00","0.09","0.85","0.0358299"
"2012-10-31 12:00:00+00:00","0.09","0.869","0.03431085"
"2012-10-31 12:30:00+00:00","0.066","0.863","0.03432315"
"2012-10-31 13:00:00+00:00","0.08","0.863","0.03423705"
"2012-10-31 13:30:00+00:00","0.074","0.856","0.03744735"
"2012-10-31 14:00:00+00:00","0.078","0.844","0.037392"
"2012-10-31 14:30:00+00:00","0.106","0.788","0.0353748"
"2012-10-31 15:00:00+00:00","0.118","0.644","0.0454854"
"2012-10-31 15:30:00+00:00","0.063","0.7","0.03620505"
"2012-10-31 16:00:00+00:00","0.094","0.575","0.03630345"
"2012-10-31 16:30:00+00:00","0.069","0.456","0.03506115"
"2012-10-31 17:00:00+00:00","0.081","0.381","0.0341079"
"2012-10-31 17:30:00+00:00","0.089","0.138","0.03332685"
"2012-10-31 18:00:00+00:00","0.113","0.044","0.0340956"
"2012-10-31 18:30:00+00:00","0.097","0.05","0.033825"
"2012-10-31 19:00:00+00:00","0.087","0.013","0.033825"
"2012-10-31 19:30:00+00:00","0.069","0.0","0.0344523"
"2012-10-31 20:00:00+00:00","0.091","0.0","0.0338373"
"2012-10-31 20:30:00+00:00","0.071","0.0","0.0338865"
"2012-10-31 21:00:00+00:00","0.081","0.0","0.033825"
"2012-10-31 21:30:00+00:00","0.136","0.0","0.03381885"
"2012-10-31 22:00:00+00:00","0.069","0.0","0.03224445"
"2012-10-31 22:30:00+00:00","0.093","0.0","0.03381885"
"2012-10-31 23:00:00+00:00","0.054","0.0","0.0339972"
"2012-10-31 23:30:00+00:00","0.099","0.0","0.0342801"
"2012-11-01 00:00:00+00:00","0.057","0.0","0.03385575"
"2012-11-01 00:30:00+00:00","0.092","0.0","0.03300705"
"2012-11-01 01:00:00+00:00","0.094","0.0","0.03380655"
"2012-11-01 01:30:00+00:00","0.101","0.0","0.0332223"
"2012-11-01 02:00:00+00:00","0.068","0.0","0.03102675"
"2012-11-01 02:30:00+00:00","0.083","0.0","0.0304302"
"2012-11-01 03:00:00+00:00","0.064","0.0","0.03033795"
"2012-11-01 03:30:00+00:00","0.083","0.0","0.030627"
"2012-11-01 04:00:00+00:00","0.071","0.0","0.0306393"
"2012-11-01 04:30:00+00:00","0.1","0.0","0.03155565"
"2012-11-01 05:00:00+00:00","0.1","0.0","0.03268725"
"2012-11-01 05:30:00+00:00","0.056","0.0","0.03431085"
"2012-11-01 06:00:00+00:00","0.1","0.0","0.03454455"
"2012-11-01 06:30:00+00:00","0.048","0.0","0.0366786"
"2012-11-01 07:00:00+00:00","0.084","0.013","0.0357069"
"2012-11-01 07:30:00+00:00","0.059","0.05","0.03274875"
"2012-11-01 08:00:00+00:00","0.098","0.169","0.03385575"
"2012-11-01 08:30:00+00:00","0.104","0.363","0.03411405"
"2012-11-01 09:00:00+00:00","0.061","0.4","0.03444615"
"2012-11-01 09:30:00+00:00","0.101","0.544","0.03415095"
"2012-11-01 10:00:00+00:00","0.037","0.563","0.03533175"
"2012-11-01 10:30:00+00:00","0.104","0.731","0.03581145"
"2012-11-01 11:00:00+00:00","0.04","0.725","0.0348828"
"2012-11-01 11:30:00+00:00","0.143","0.825","0.0354609"
"2012-11-01 12:00:00+00:00","0.085","0.756","0.0346614"
"2012-11-01 12:30:00+00:00","0.101","0.669","0.03437235"
"2012-11-01 13:00:00+00:00","0.059","0.6","0.03458145"
"2012-11-01 13:30:00+00:00","0.105","0.613","0.03643875"
"2012-11-01 14:00:00+00:00","0.053","0.375","0.0376995"
"2012-11-01 14:30:00+00:00","0.125","0.194","0.03444"
"2012-11-01 15:00:00+00:00","0.096","0.331","0.034809"
"2012-11-01 15:30:00+00:00","0.134","0.281","0.0353502"
"2012-11-01 16:00:00+00:00","0.083","0.213","0.03550395"
"2012-11-01 16:30:00+00:00","0.074","0.019","0.0356946"
"2012-11-01 17:00:00+00:00","0.116","0.013","0.03723825"
"2012-11-01 17:30:00+00:00","0.042","0.006","0.0352395"
"2012-11-01 18:00:00+00:00","0.124","0.0","0.0352518"
"2012-11-01 18:30:00+00:00","0.112","0.0","0.03496275"
"2012-11-01 19:00:00+00:00","0.134","0.0","0.03613125"
"2012-11-01 19:30:00+00:00","0.093","0.006","0.0373059"
"2012-11-01 20:00:00+00:00","0.084","0.0","0.03467985"
"2012-11-01 20:30:00+00:00","0.09","0.0","0.0339357"
"2012-11-01 21:00:00+00:00","0.069","0.0","0.03322845"
"2012-11-01 21:30:00+00:00","0.107","0.0","0.0325335"
"2012-11-01 22:00:00+00:00","0.06","0.0","0.03128505"
"2012-11-01 22:30:00+00:00","0.163","0.0","0.0337143"
"2012-11-01 23:00:00+00:00","0.056","0.0","0.03306855"
"2012-11-01 23:30:00+00:00","0.122","0.0","0.0333207"
"2012-11-02 00:00:00+00:00","0.059","0.0","0.0338373"
"2012-11-02 00:30:00+00:00","0.101","0.0","0.03380655"
"2012-11-02 01:00:00+00:00","0.053","0.0","0.03362205"
"2012-11-02 01:30:00+00:00","0.106","0.0","0.0327057"
"2012-11-02 02:00:00+00:00","0.073","0.0","0.0311805"
"2012-11-02 02:30:00+00:00","0.145","0.0","0.0317463"
"2012-11-02 03:00:00+00:00","0.044","0.0","0.0319185"
"2012-11-02 03:30:00+00:00","0.102","0.0","0.031488"
"2012-11-02 04:00:00+00:00","0.06","0.0","0.03246585"
"2012-11-02 04:30:00+00:00","0.078","0.0","0.0321399"
"2012-11-02 05:00:00+00:00","0.085","0.0","0.033333"
"2012-11-02 05:30:00+00:00","0.069","0.0","0.03415095"
"2012-11-02 06:00:00+00:00","0.129","0.0","0.03519645"
"2012-11-02 06:30:00+00:00","0.061","0.0","0.0367893"
"2012-11-02 07:00:00+00:00","0.102","0.013","0.0378348"
"2012-11-02 07:30:00+00:00","0.047","0.056","0.0339849"
"2012-11-02 08:00:00+00:00","0.086","0.15","0.0341079"
"2012-11-02 08:30:00+00:00","0.065","0.325","0.0343047"
"2012-11-02 09:00:00+00:00","0.08","0.513","0.03412635"
"2012-11-02 09:30:00+00:00","0.116","0.6","0.0340833"
"2012-11-02 10:00:00+00:00","0.073","0.469","0.0341202"
"2012-11-02 10:30:00+00:00","0.085","0.5","0.03397875"
"2012-11-02 11:00:00+00:00","0.072","0.706","0.03384345"
"2012-11-02 11:30:00+00:00","0.08","0.906","0.03502425"
"2012-11-02 12:00:00+00:00","0.061","0.963","0.03408945"
"2012-11-02 12:30:00+00:00","0.1","0.988","0.03451995"
"2012-11-02 13:00:00+00:00","0.1","0.981","0.0340587"
"2012-11-02 13:30:00+00:00","0.1","0.95","0.0341202"
"2012-11-02 14:00:00+00:00","0.046","0.906","0.0341817"
"2012-11-02 14:30:00+00:00","0.106","0.825","0.03415095"
"2012-11-02 15:00:00+00:00","0.049","0.813","0.0341817"
"2012-11-02 15:30:00+00:00","0.1","0.713","0.03401565"
"2012-11-02 16:00:00+00:00","0.08","0.625","0.0341571"
"2012-11-02 16:30:00+00:00","0.132","0.506","0.03422475"
"2012-11-02 17:00:00+00:00","0.071","0.275","0.033825"
"2012-11-02 17:30:00+00:00","0.079","0.131","0.03380655"
"2012-11-02 18:00:00+00:00","0.128","0.05","0.03253965"
"2012-11-02 18:30:00+00:00","0.57","0.025","0.03196155"
"2012-11-02 19:00:00+00:00","0.283","0.006","0.03380655"
"2012-11-02 19:30:00+00:00","0.18","0.0","0.033825"
"2012-11-02 20:00:00+00:00","0.172","0.0","0.03348675"
"2012-11-02 20:30:00+00:00","0.154","0.0","0.03249045"
"2012-11-02 21:00:00+00:00","0.284","0.0","0.0322506"
"2012-11-02 21:30:00+00:00","0.227","0.0","0.0332469"
"2012-11-02 22:00:00+00:00","0.209","0.0","0.03146955"
"2012-11-02 22:30:00+00:00","0.145","0.0","0.0337389"
"2012-11-02 23:00:00+00:00","0.232","0.006","0.0333945"
"2012-11-02 23:30:00+00:00","0.088","0.0","0.0335421"
"2012-11-03 00:00:00+00:00","0.104","0.0","0.0335052"
"2012-11-03 00:30:00+00:00","0.087","0.0","0.03346215"
"2012-11-03 01:00:00+00:00","0.076","0.0","0.03288405"
"2012-11-03 01:30:00+00:00","0.099","0.0","0.0319677"
"2012-11-03 02:00:00+00:00","0.043","0.0","0.03182625"
"2012-11-03 02:30:00+00:00","0.131","0.0","0.0309222"
"2012-11-03 03:00:00+00:00","0.082","0.0","0.0305778"
"2012-11-03 03:30:00+00:00","0.081","0.0","0.0303441"
"2012-11-03 04:00:00+00:00","0.085","0.0","0.0306393"
"2012-11-03 04:30:00+00:00","0.055","0.0","0.0308484"
"2012-11-03 05:00:00+00:00","0.104","0.0","0.03142035"
"2012-11-03 05:30:00+00:00","0.037","0.0","0.03268725"
"2012-11-03 06:00:00+00:00","0.129","0.0","0.03299475"
"2012-11-03 06:30:00+00:00","0.085","0.0","0.03160485"
"2012-11-03 07:00:00+00:00","0.13","0.006","0.032349"
"2012-11-03 07:30:00+00:00","0.106","0.025","0.03260115"
"2012-11-03 08:00:00+00:00","0.072","0.025","0.0338988"
"2012-11-03 08:30:00+00:00","0.089","0.069","0.03415095"
"2012-11-03 09:00:00+00:00","0.076","0.263","0.0341571"
"2012-11-03 09:30:00+00:00","0.157","0.344","0.03420015"
"2012-11-03 10:00:00+00:00","0.161","0.313","0.03404025"
"2012-11-03 10:30:00+00:00","0.243","0.381","0.0338619"
"2012-11-03 11:00:00+00:00","0.078","0.463","0.033825"
"2012-11-03 11:30:00+00:00","0.083","0.475","0.0329517"
"2012-11-03 12:00:00+00:00","0.092","0.388","0.0323367"
"2012-11-03 12:30:00+00:00","0.075","0.425","0.0319431"
"2012-11-03 13:00:00+00:00","0.108","0.494","0.0319431"
"2012-11-03 13:30:00+00:00","0.114","0.363","0.0319554"
"2012-11-03 14:00:00+00:00","0.156","0.356","0.03183855"
"2012-11-03 14:30:00+00:00","0.13","0.413","0.0319431"
"2012-11-03 15:00:00+00:00","0.179","0.344","0.03205995"
"2012-11-03 15:30:00+00:00","0.223","0.288","0.0328533"
"2012-11-03 16:00:00+00:00","0.188","0.294","0.03298245"
"2012-11-03 16:30:00+00:00","0.255","0.213","0.03273645"
"2012-11-03 17:00:00+00:00","0.143","0.144","0.03320385"
"2012-11-03 17:30:00+00:00","0.137","0.163","0.0337266"
"2012-11-03 18:00:00+00:00","0.262","0.075","0.0336159"
"2012-11-03 18:30:00+00:00","0.247","0.05","0.0337881"
"2012-11-03 19:00:00+00:00","0.114","0.0","0.03383115"
"2012-11-03 19:30:00+00:00","0.197","0.0","0.03383115"
"2012-11-03 20:00:00+00:00","0.273","0.0","0.03374505"
"2012-11-03 20:30:00+00:00","0.238","0.006","0.0336159"
"2012-11-03 21:00:00+00:00","0.129","0.0","0.03255195"
"2012-11-03 21:30:00+00:00","0.134","0.0","0.03235515"
"2012-11-03 22:00:00+00:00","0.157","0.0","0.03183855"
"2012-11-03 22:30:00+00:00","0.133","0.0","0.03310545"
"2012-11-03 23:00:00+00:00","0.129","0.0","0.03205995"
"2012-11-03 23:30:00+00:00","0.125","0.0","0.03226905"
"2012-11-04 00:00:00+00:00","0.117","0.0","0.03193695"
"2012-11-04 00:30:00+00:00","0.071","0.0","0.03208455"
"2012-11-04 01:00:00+00:00","0.062","0.0","0.03192465"
"2012-11-04 01:30:00+00:00","0.083","0.0","0.031611"
"2012-11-04 02:00:00+00:00","0.058","0.0","0.03037485"
"2012-11-04 02:30:00+00:00","0.093","0.0","0.02979675"
"2012-11-04 03:00:00+00:00","0.093","0.0","0.02966145"
"2012-11-04 03:30:00+00:00","0.097","0.0","0.02979675"
"2012-11-04 04:00:00+00:00","0.074","0.0","0.02994435"
"2012-11-04 04:30:00+00:00","0.058","0.0","0.0300366"
"2012-11-04 05:00:00+00:00","0.081","0.0","0.03009195"
"2012-11-04 05:30:00+00:00","0.061","0.0","0.03020265"
"2012-11-04 06:00:00+00:00","0.229","0.0","0.0305655"
"2012-11-04 06:30:00+00:00","0.222","0.0","0.0306024"
"2012-11-04 07:00:00+00:00","0.198","0.019","0.0308853"
"2012-11-04 07:30:00+00:00","0.154","0.075","0.0304794"
"2012-11-04 08:00:00+00:00","0.153","0.256","0.03128505"
"2012-11-04 08:30:00+00:00","0.166","0.344","0.0313035"
"2012-11-04 09:00:00+00:00","0.146","0.563","0.031242"
"2012-11-04 09:30:00+00:00","0.286","0.6","0.0319431"
"2012-11-04 10:00:00+00:00","0.266","0.744","0.03129735"
"2012-11-04 10:30:00+00:00","0.267","0.638","0.0312912"
"2012-11-04 11:00:00+00:00","0.421","0.881","0.03129735"
"2012-11-04 11:30:00+00:00","0.22","0.875","0.0313773"
"2012-11-04 12:00:00+00:00","0.186","0.888","0.03127275"
"2012-11-04 12:30:00+00:00","0.237","0.875","0.0314142"
"2012-11-04 13:00:00+00:00","0.166","0.875","0.0314634"
"2012-11-04 13:30:00+00:00","0.195","0.881","0.0312912"
"2012-11-04 14:00:00+00:00","0.205","0.869","0.03129735"
"2012-11-04 14:30:00+00:00","0.253","0.825","0.03129735"
"2012-11-04 15:00:00+00:00","0.184","0.794","0.03160485"
"2012-11-04 15:30:00+00:00","0.218","0.706","0.0325335"
"2012-11-04 16:00:00+00:00","0.348","0.613","0.0334806"
"2012-11-04 16:30:00+00:00","0.306","0.513","0.03260115"
"2012-11-04 17:00:00+00:00","0.248","0.356","0.03367125"
"2012-11-04 17:30:00+00:00","0.258","0.15","0.03379425"
"2012-11-04 18:00:00+00:00","0.221","0.038","0.03381885"
"2012-11-04 18:30:00+00:00","0.328","0.019","0.0339357"
"2012-11-04 19:00:00+00:00","0.249","0.006","0.0339603"
"2012-11-04 19:30:00+00:00","0.218","0.0","0.03415095"
"2012-11-04 20:00:00+00:00","0.201","0.0","0.03384345"
"2012-11-04 20:30:00+00:00","0.276","0.0","0.03362205"
"2012-11-04 21:00:00+00:00","0.209","0.0","0.0334068"
"2012-11-04 21:30:00+00:00","0.103","0.0","0.0338373"
"2012-11-04 22:00:00+00:00","0.21","0.0","0.0330255"
"2012-11-04 22:30:00+00:00","0.108","0.0","0.0351165"
"2012-11-04 23:00:00+00:00","0.106","0.0","0.03360975"
"2012-11-04 23:30:00+00:00","0.093","0.0","0.03376965"
"2012-11-05 00:00:00+00:00","0.162","0.0","0.03338835"
"2012-11-05 00:30:00+00:00","0.072","0.0","0.0334314"
"2012-11-05 01:00:00+00:00","0.114","0.0","0.03390495"
"2012-11-05 01:30:00+00:00","0.057","0.0","0.03380655"
"2012-11-05 02:00:00+00:00","0.097","0.0","0.0321153"
"2012-11-05 02:30:00+00:00","0.094","0.0","0.0307008"
"2012-11-05 03:00:00+00:00","0.084","0.0","0.0301227"
"2012-11-05 03:30:00+00:00","0.142","0.0","0.02967375"
"2012-11-05 04:00:00+00:00","0.053","0.0","0.03014115"
"2012-11-05 04:30:00+00:00","0.109","0.0","0.03123585"
"2012-11-05 05:00:00+00:00","0.044","0.0","0.03386805"
"2012-11-05 05:30:00+00:00","0.088","0.0","0.0341694"
"2012-11-05 06:00:00+00:00","0.197","0.0","0.0349935"
"2012-11-05 06:30:00+00:00","0.089","0.006","0.0335052"
"2012-11-05 07:00:00+00:00","0.196","0.019","0.03477825"
"2012-11-05 07:30:00+00:00","0.157","0.075","0.0324597"
"2012-11-05 08:00:00+00:00","0.208","0.194","0.0326688"
"2012-11-05 08:30:00+00:00","0.089","0.388","0.0336651"
"2012-11-05 09:00:00+00:00","0.078","0.538","0.0337758"
"2012-11-05 09:30:00+00:00","0.074","0.638","0.0339357"
"2012-11-05 10:00:00+00:00","0.072","0.706","0.03357285"
"2012-11-05 10:30:00+00:00","0.133","0.769","0.03362205"
"2012-11-05 11:00:00+00:00","0.068","0.825","0.0334929"
"2012-11-05 11:30:00+00:00","0.088","0.856","0.03386805"
"2012-11-05 12:00:00+00:00","0.067","0.875","0.0339849"
"2012-11-05 12:30:00+00:00","0.086","0.913","0.03460605"
"2012-11-05 13:00:00+00:00","0.075","0.906","0.034071"
"2012-11-05 13:30:00+00:00","0.1","0.894","0.03523335"
"2012-11-05 14:00:00+00:00","0.283","0.838","0.0359652"
"2012-11-05 14:30:00+00:00","0.191","0.619","0.03683235"
"2012-11-05 15:00:00+00:00","0.139","0.663","0.0376134"
"2012-11-05 15:30:00+00:00","0.178","0.663","0.03784095"
"2012-11-05 16:00:00+00:00","0.194","0.463","0.03824685"
"2012-11-05 16:30:00+00:00","0.262","0.531","0.0381423"
"2012-11-05 17:00:00+00:00","0.146","0.381","0.03824685"
"2012-11-05 17:30:00+00:00","0.106","0.15","0.0365064"
"2012-11-05 18:00:00+00:00","0.192","0.038","0.03415095"
"2012-11-05 18:30:00+00:00","0.439","0.025","0.0334929"
"2012-11-05 19:00:00+00:00","0.246","0.013","0.03381885"
"2012-11-05 19:30:00+00:00","0.288","0.0","0.0326073"
"2012-11-05 20:00:00+00:00","0.228","0.0","0.0325212"
"2012-11-05 20:30:00+00:00","0.562","0.0","0.0320538"
"2012-11-05 21:00:00+00:00","0.209","0.0","0.03075"
"2012-11-05 21:30:00+00:00","0.071","0.0","0.0311928"
"2012-11-05 22:00:00+00:00","0.139","0.0","0.031119"
"2012-11-05 22:30:00+00:00","0.061","0.0","0.03274875"
"2012-11-05 23:00:00+00:00","0.117","0.0","0.0318816"
"2012-11-05 23:30:00+00:00","0.087","0.0","0.0319308"
"2012-11-06 00:00:00+00:00","0.122","0.0","0.03149415"
"2012-11-06 00:30:00+00:00","0.682","0.0","0.0319308"
"2012-11-06 01:00:00+00:00","0.382","0.0","0.0319308"
"2012-11-06 01:30:00+00:00","0.105","0.0","0.03215835"
"2012-11-06 02:00:00+00:00","0.064","0.0","0.0319308"
"2012-11-06 02:30:00+00:00","0.095","0.0","0.03080535"
"2012-11-06 03:00:00+00:00","0.062","0.0","0.03075615"
"2012-11-06 03:30:00+00:00","0.116","0.0","0.0308607"
"2012-11-06 04:00:00+00:00","0.104","0.0","0.03137115"
"2012-11-06 04:30:00+00:00","0.085","0.0","0.03201075"
"2012-11-06 05:00:00+00:00","0.076","0.0","0.03381885"
"2012-11-06 05:30:00+00:00","0.07","0.0","0.03374505"
"2012-11-06 06:00:00+00:00","0.088","0.0","0.03396645"
"2012-11-06 06:30:00+00:00","0.059","0.006","0.0321399"
"2012-11-06 07:00:00+00:00","0.124","0.031","0.0338496"
"2012-11-06 07:30:00+00:00","0.111","0.094","0.0326934"
"2012-11-06 08:00:00+00:00","0.099","0.181","0.0329886"
"2012-11-06 08:30:00+00:00","0.083","0.338","0.0335913"
"2012-11-06 09:00:00+00:00","0.3","0.538","0.03376965"
"2012-11-06 09:30:00+00:00","0.197","0.631","0.03370815"
"2012-11-06 10:00:00+00:00","0.159","0.694","0.0338742"
"2012-11-06 10:30:00+00:00","0.15","0.763","0.0338742"
"2012-11-06 11:00:00+00:00","0.13","0.819","0.03373275"
"2012-11-06 11:30:00+00:00","0.112","0.869","0.03324075"
"2012-11-06 12:00:00+00:00","0.089","0.719","0.0338496"
"2012-11-06 12:30:00+00:00","0.054","0.631","0.0336036"
"2012-11-06 13:00:00+00:00","0.096","0.794","0.0337635"
"2012-11-06 13:30:00+00:00","0.183","0.906","0.033456"
"2012-11-06 14:00:00+00:00","0.481","0.869","0.03373275"
"2012-11-06 14:30:00+00:00","0.269","0.831","0.032349"
"2012-11-06 15:00:00+00:00","0.273","0.781","0.03346215"
"2012-11-06 15:30:00+00:00","0.246","0.706","0.03357285"
"2012-11-06 16:00:00+00:00","0.259","0.6","0.0338373"
"2012-11-06 16:30:00+00:00","0.261","0.475","0.03374505"
"2012-11-06 17:00:00+00:00","0.198","0.238","0.0336528"
"2012-11-06 17:30:00+00:00","0.217","0.125","0.0318939"
"2012-11-06 18:00:00+00:00","0.31","0.069","0.03337605"
"2012-11-06 18:30:00+00:00","0.234","0.025","0.03332685"
"2012-11-06 19:00:00+00:00","0.176","0.006","0.03271185"
"2012-11-06 19:30:00+00:00","0.148","0.0","0.03322845"
"2012-11-06 20:00:00+00:00","0.18","0.0","0.0320292"
"2012-11-06 20:30:00+00:00","0.128","0.0","0.0315003"
"2012-11-06 21:00:00+00:00","0.173","0.0","0.0316725"
"2012-11-06 21:30:00+00:00","0.235","0.0","0.0321276"
"2012-11-06 22:00:00+00:00","0.167","0.0","0.03121125"
"2012-11-06 22:30:00+00:00","0.115","0.0","0.0325704"
"2012-11-06 23:00:00+00:00","0.059","0.0","0.03266265"
"2012-11-06 23:30:00+00:00","0.079","0.0","0.03193695"
"2012-11-07 00:00:00+00:00","0.111","0.0","0.0316479"
"2012-11-07 00:30:00+00:00","0.118","0.0","0.0319185"
"2012-11-07 01:00:00+00:00","0.085","0.0","0.03233055"
"2012-11-07 01:30:00+00:00","0.12","0.0","0.032718"
"2012-11-07 02:00:00+00:00","0.09","0.0","0.03301935"
"2012-11-07 02:30:00+00:00","0.087","0.0","0.03225675"
"2012-11-07 03:00:00+00:00","0.063","0.0","0.03193695"
"2012-11-07 03:30:00+00:00","0.106","0.0","0.0319308"
"2012-11-07 04:00:00+00:00","0.102","0.0","0.03193695"
"2012-11-07 04:30:00+00:00","0.078","0.0","0.03335145"
"2012-11-07 05:00:00+00:00","0.127","0.0","0.033948"
"2012-11-07 05:30:00+00:00","0.093","0.0","0.03364665"
"2012-11-07 06:00:00+00:00","0.048","0.0","0.0339849"
"2012-11-07 06:30:00+00:00","0.33","0.0","0.0351165"
"2012-11-07 07:00:00+00:00","0.174","0.013","0.03599595"
"2012-11-07 07:30:00+00:00","0.145","0.063","0.03513495"
"2012-11-07 08:00:00+00:00","0.235","0.106","0.03668475"
"2012-11-07 08:30:00+00:00","0.231","0.175","0.035424"
"2012-11-07 09:00:00+00:00","0.284","0.275","0.03565155"
"2012-11-07 09:30:00+00:00","0.413","0.338","0.0350427"
"2012-11-07 10:00:00+00:00","0.196","0.425","0.034071"
"2012-11-07 10:30:00+00:00","0.445","0.488","0.0338004"
"2012-11-07 11:00:00+00:00","0.297","0.438","0.03380655"
"2012-11-07 11:30:00+00:00","0.449","0.394","0.0338988"
"2012-11-07 12:00:00+00:00","0.135","0.556","0.03388035"
"2012-11-07 12:30:00+00:00","0.123","0.569","0.033825"
"2012-11-07 13:00:00+00:00","0.105","0.375","0.0338004"
"2012-11-07 13:30:00+00:00","0.079","0.306","0.03391725"
"2012-11-07 14:00:00+00:00","0.083","0.438","0.03314235"
"2012-11-07 14:30:00+00:00","0.146","0.569","0.03193695"
"2012-11-07 15:00:00+00:00","0.159","0.438","0.0326565"
"2012-11-07 15:30:00+00:00","0.116","0.4","0.0335052"
"2012-11-07 16:00:00+00:00","0.072","0.25","0.033825"
"2012-11-07 16:30:00+00:00","0.14","0.181","0.0336405"
"2012-11-07 17:00:00+00:00","0.327","0.113","0.03380655"
"2012-11-07 17:30:00+00:00","0.16","0.056","0.03244125"
"2012-11-07 18:00:00+00:00","0.117","0.044","0.03237975"
"2012-11-07 18:30:00+00:00","0.088","0.031","0.0317463"
"2012-11-07 19:00:00+00:00","0.113","0.0","0.03263805"
"2012-11-07 19:30:00+00:00","0.096","0.0","0.03313005"
"2012-11-07 20:00:00+00:00","0.337","0.0","0.0319431"
"2012-11-07 20:30:00+00:00","0.156","0.0","0.0318324"
"2012-11-07 21:00:00+00:00","0.142","0.0","0.03129735"
"2012-11-07 21:30:00+00:00","0.158","0.0","0.03123585"
"2012-11-07 22:00:00+00:00","0.13","0.0","0.030996"
"2012-11-07 22:30:00+00:00","0.071","0.0","0.0331731"
"2012-11-07 23:00:00+00:00","0.148","0.0","0.03193695"
"2012-11-07 23:30:00+00:00","0.115","0.0","0.0319308"
"2012-11-08 00:00:00+00:00","0.069","0.0","0.03178935"
"2012-11-08 00:30:00+00:00","0.062","0.0","0.0319308"
"2012-11-08 01:00:00+00:00","0.153","0.0","0.03202305"
"2012-11-08 01:30:00+00:00","0.109","0.0","0.0319431"
"2012-11-08 02:00:00+00:00","0.05","0.0","0.0319308"
"2012-11-08 02:30:00+00:00","0.114","0.0","0.0318816"
"2012-11-08 03:00:00+00:00","0.102","0.0","0.03178935"
"2012-11-08 03:30:00+00:00","0.054","0.0","0.0314019"
"2012-11-08 04:00:00+00:00","0.083","0.0","0.03148185"
"2012-11-08 04:30:00+00:00","0.152","0.0","0.0321522"
"2012-11-08 05:00:00+00:00","0.081","0.0","0.032841"
"2012-11-08 05:30:00+00:00","0.063","0.0","0.0336159"
"2012-11-08 06:00:00+00:00","0.26","0.0","0.0337881"
"2012-11-08 06:30:00+00:00","0.163","0.013","0.03399105"
"2012-11-08 07:00:00+00:00","0.127","0.044","0.0340587"
"2012-11-08 07:30:00+00:00","0.182","0.081","0.03367125"
"2012-11-08 08:00:00+00:00","0.212","0.081","0.03385575"
"2012-11-08 08:30:00+00:00","0.157","0.256","0.03392955"
"2012-11-08 09:00:00+00:00","0.08","0.475","0.03407715"
"2012-11-08 09:30:00+00:00","0.117","0.369","0.034194"
"2012-11-08 10:00:00+00:00","0.098","0.6","0.03467985"
"2012-11-08 10:30:00+00:00","0.098","0.7","0.0341694"
"2012-11-08 11:00:00+00:00","0.078","0.594","0.0340587"
"2012-11-08 11:30:00+00:00","0.135","0.456","0.0339111"
"2012-11-08 12:00:00+00:00","0.123","0.663","0.0330501"
"2012-11-08 12:30:00+00:00","0.095","0.413","0.0327795"
"2012-11-08 13:00:00+00:00","0.089","0.213","0.03283485"
"2012-11-08 13:30:00+00:00","0.048","0.281","0.0328164"
"2012-11-08 14:00:00+00:00","0.114","0.775","0.0317955"
"2012-11-08 14:30:00+00:00","0.294","0.744","0.0316971"
"2012-11-08 15:00:00+00:00","0.205","0.475","0.0320538"
"2012-11-08 15:30:00+00:00","0.196","0.463","0.03358515"
"2012-11-08 16:00:00+00:00","0.173","0.081","0.03375735"
"2012-11-08 16:30:00+00:00","0.288","0.194","0.03284715"
"2012-11-08 17:00:00+00:00","0.17","0.213","0.03337605"
"2012-11-08 17:30:00+00:00","0.2","0.038","0.0320169"
"2012-11-08 18:00:00+00:00","0.822","0.0","0.03218295"
"2012-11-08 18:30:00+00:00","0.424","0.013","0.03198"
"2012-11-08 19:00:00+00:00","0.217","0.0","0.0327303"
"2012-11-08 19:30:00+00:00","0.355","0.0","0.0329517"
"2012-11-08 20:00:00+00:00","0.217","0.0","0.0322137"
"2012-11-08 20:30:00+00:00","0.209","0.0","0.03151875"
"2012-11-08 21:00:00+00:00","0.365","0.0","0.03094065"
"2012-11-08 21:30:00+00:00","0.58","0.0","0.03137115"
"2012-11-08 22:00:00+00:00","0.54","0.0","0.0307869"
"2012-11-08 22:30:00+00:00","0.222","0.0","0.03281025"
"2012-11-08 23:00:00+00:00","0.092","0.0","0.03193695"
"2012-11-08 23:30:00+00:00","0.065","0.0","0.0320538"
"2012-11-09 00:00:00+00:00","0.118","0.0","0.0315003"
"2012-11-09 00:30:00+00:00","0.127","0.0","0.03166635"
"2012-11-09 01:00:00+00:00","0.1","0.0","0.0319308"
"2012-11-09 01:30:00+00:00","0.078","0.0","0.03193695"
"2012-11-09 02:00:00+00:00","0.099","0.0","0.0319308"
"2012-11-09 02:30:00+00:00","0.101","0.0","0.03143265"
"2012-11-09 03:00:00+00:00","0.04","0.0","0.0308238"
"2012-11-09 03:30:00+00:00","0.104","0.0","0.0316479"
"2012-11-09 04:00:00+00:00","0.145","0.0","0.03191235"
"2012-11-09 04:30:00+00:00","0.078","0.0","0.0318939"
"2012-11-09 05:00:00+00:00","0.085","0.0","0.0334683"
"2012-11-09 05:30:00+00:00","0.103","0.0","0.03493815"
"2012-11-09 06:00:00+00:00","0.065","0.0","0.0328902"
"2012-11-09 06:30:00+00:00","0.108","0.006","0.0337758"
"2012-11-09 07:00:00+00:00","0.286","0.031","0.03410175"
"2012-11-09 07:30:00+00:00","0.22","0.119","0.03347445"
"2012-11-09 08:00:00+00:00","0.145","0.275","0.0340218"
"2012-11-09 08:30:00+00:00","0.196","0.388","0.03448305"
"2012-11-09 09:00:00+00:00","0.129","0.531","0.0342801"
"2012-11-09 09:30:00+00:00","0.124","0.681","0.03413865"
"2012-11-09 10:00:00+00:00","0.056","0.638","0.03392955"
"2012-11-09 10:30:00+00:00","0.095","0.725","0.0338127"
"2012-11-09 11:00:00+00:00","0.15","0.738","0.0328902"
"2012-11-09 11:30:00+00:00","0.107","0.606","0.0330501"
"2012-11-09 12:00:00+00:00","0.117","0.694","0.0326073"
"2012-11-09 12:30:00+00:00","0.04","0.806","0.0338004"
"2012-11-09 13:00:00+00:00","0.094","0.719","0.03285945"
"2012-11-09 13:30:00+00:00","0.106","0.694","0.0322014"
"2012-11-09 14:00:00+00:00","0.158","0.206","0.03198615"
"2012-11-09 14:30:00+00:00","0.115","0.281","0.03252735"
"2012-11-09 15:00:00+00:00","0.07","0.513","0.03360975"
"2012-11-09 15:30:00+00:00","0.183","0.069","0.0338004"
"2012-11-09 16:00:00+00:00","0.173","0.406","0.03367125"
"2012-11-09 16:30:00+00:00","0.156","0.5","0.0336159"
"2012-11-09 17:00:00+00:00","0.317","0.344","0.03220755"
"2012-11-09 17:30:00+00:00","0.212","0.206","0.03161715"
"2012-11-09 18:00:00+00:00","0.2","0.125","0.03182625"
"2012-11-09 18:30:00+00:00","0.08","0.081","0.0316233"
"2012-11-09 19:00:00+00:00","0.135","0.025","0.03260115"
"2012-11-09 19:30:00+00:00","0.176","0.006","0.03338835"
"2012-11-09 20:00:00+00:00","0.159","0.0","0.03268725"
"2012-11-09 20:30:00+00:00","0.218","0.0","0.0318324"
"2012-11-09 21:00:00+00:00","0.195","0.0","0.0308115"
"2012-11-09 21:30:00+00:00","0.158","0.0","0.03110055"
"2012-11-09 22:00:00+00:00","0.172","0.0","0.0310083"
"2012-11-09 22:30:00+00:00","0.278","0.0","0.03360975"
"2012-11-09 23:00:00+00:00","0.276","0.0","0.0322506"
"2012-11-09 23:30:00+00:00","0.154","0.0","0.032964"
"2012-11-10 00:00:00+00:00","0.693","0.0","0.03311775"
"2012-11-10 00:30:00+00:00","0.417","0.0","0.0322506"
"2012-11-10 01:00:00+00:00","0.082","0.0","0.03224445"
"2012-11-10 01:30:00+00:00","0.118","0.0","0.03193695"
"2012-11-10 02:00:00+00:00","0.073","0.0","0.03214605"
"2012-11-10 02:30:00+00:00","0.067","0.0","0.0319308"
"2012-11-10 03:00:00+00:00","0.099","0.0","0.0316725"
"2012-11-10 03:30:00+00:00","0.142","0.0","0.03149415"
"2012-11-10 04:00:00+00:00","0.054","0.0","0.03058395"
"2012-11-10 04:30:00+00:00","0.107","0.0","0.03144495"
"2012-11-10 05:00:00+00:00","0.098","0.0","0.0323982"
"2012-11-10 05:30:00+00:00","0.054","0.0","0.0334191"
"2012-11-10 06:00:00+00:00","0.089","0.0","0.03129735"
"2012-11-10 06:30:00+00:00","0.142","0.0","0.03129735"
"2012-11-10 07:00:00+00:00","0.399","0.006","0.03142035"
"2012-11-10 07:30:00+00:00","0.228","0.0","0.03132195"
"2012-11-10 08:00:00+00:00","0.236","0.019","0.0315987"
"2012-11-10 08:30:00+00:00","0.169","0.019","0.0320169"
"2012-11-10 09:00:00+00:00","0.067","0.019","0.03192465"
"2012-11-10 09:30:00+00:00","0.064","0.031","0.0324105"
"2012-11-10 10:00:00+00:00","0.131","0.044","0.0316479"
"2012-11-10 10:30:00+00:00","0.108","0.1","0.03171555"
"2012-11-10 11:00:00+00:00","0.044","0.125","0.03150645"
"2012-11-10 11:30:00+00:00","0.114","0.15","0.030996"
"2012-11-10 12:00:00+00:00","0.058","0.069","0.03111285"
"2012-11-10 12:30:00+00:00","0.067","0.1","0.03119895"
"2012-11-10 13:00:00+00:00","0.096","0.125","0.0312051"
"2012-11-10 13:30:00+00:00","0.099","0.119","0.03113745"
"2012-11-10 14:00:00+00:00","0.084","0.106","0.03112515"
"2012-11-10 14:30:00+00:00","0.111","0.113","0.03129735"
"2012-11-10 15:00:00+00:00","0.061","0.144","0.0311436"
"2012-11-10 15:30:00+00:00","0.056","0.088","0.03097755"
"2012-11-10 16:00:00+00:00","0.112","0.113","0.03139575"
"2012-11-10 16:30:00+00:00","0.047","0.063","0.03129735"
"2012-11-10 17:00:00+00:00","0.116","0.125","0.03129735"
"2012-11-10 17:30:00+00:00","0.112","0.144","0.03138345"
"2012-11-10 18:00:00+00:00","0.057","0.113","0.03129735"
"2012-11-10 18:30:00+00:00","0.062","0.006","0.03129735"
"2012-11-10 19:00:00+00:00","0.109","0.0","0.03129735"
"2012-11-10 19:30:00+00:00","0.046","0.0","0.03123585"
"2012-11-10 20:00:00+00:00","0.088","0.0","0.0312297"
"2012-11-10 20:30:00+00:00","0.135","0.0","0.03117435"
"2012-11-10 21:00:00+00:00","0.048","0.0","0.03103905"
"2012-11-10 21:30:00+00:00","0.099","0.0","0.0314019"
"2012-11-10 22:00:00+00:00","0.071","0.0","0.03096525"
"2012-11-10 22:30:00+00:00","0.052","0.0","0.03237975"
"2012-11-10 23:00:00+00:00","0.089","0.0","0.03194925"
"2012-11-10 23:30:00+00:00","0.077","0.0","0.0322383"
"2012-11-11 00:00:00+00:00","0.078","0.0","0.0323367"
"2012-11-11 00:30:00+00:00","0.128","0.0","0.03166635"
"2012-11-11 01:00:00+00:00","0.046","0.0","0.0318201"
"2012-11-11 01:30:00+00:00","0.066","0.0","0.03119895"
"2012-11-11 02:00:00+00:00","0.098","0.0","0.03059625"
"2012-11-11 02:30:00+00:00","0.044","0.0","0.03043635"
"2012-11-11 03:00:00+00:00","0.079","0.0","0.03007965"
"2012-11-11 03:30:00+00:00","0.129","0.0","0.02966145"
"2012-11-11 04:00:00+00:00","0.064","0.0","0.02966145"
"2012-11-11 04:30:00+00:00","0.08","0.0","0.02982135"
"2012-11-11 05:00:00+00:00","0.075","0.0","0.02991975"
"2012-11-11 05:30:00+00:00","0.037","0.0","0.03001815"
"2012-11-11 06:00:00+00:00","0.12","0.0","0.0293601"
"2012-11-11 06:30:00+00:00","0.039","0.0","0.0306024"
"2012-11-11 07:00:00+00:00","0.107","0.025","0.0306393"
"2012-11-11 07:30:00+00:00","0.096","0.138","0.0297291"
"2012-11-11 08:00:00+00:00","0.052","0.313","0.0307008"
"2012-11-11 08:30:00+00:00","0.078","0.475","0.03080535"
"2012-11-11 09:00:00+00:00","0.084","0.581","0.030627"
"2012-11-11 09:30:00+00:00","0.036","0.694","0.03069465"
"2012-11-11 10:00:00+00:00","0.111","0.763","0.030627"
"2012-11-11 10:30:00+00:00","0.089","0.831","0.03055935"
"2012-11-11 11:00:00+00:00","0.08","0.881","0.0306516"
"2012-11-11 11:30:00+00:00","0.098","0.756","0.030627"
"2012-11-11 12:00:00+00:00","0.066","0.719","0.030627"
"2012-11-11 12:30:00+00:00","0.055","0.975","0.03068235"
"2012-11-11 13:00:00+00:00","0.109","0.938","0.0306024"
"2012-11-11 13:30:00+00:00","0.085","0.944","0.03064545"
"2012-11-11 14:00:00+00:00","0.083","0.919","0.03069465"
"2012-11-11 14:30:00+00:00","0.121","0.881","0.0307131"
"2012-11-11 15:00:00+00:00","0.065","0.825","0.0306516"
"2012-11-11 15:30:00+00:00","0.057","0.744","0.03086685"
"2012-11-11 16:00:00+00:00","0.096","0.694","0.0309345"
"2012-11-11 16:30:00+00:00","0.096","0.619","0.03123585"
"2012-11-11 17:00:00+00:00","0.062","0.356","0.0314019"
"2012-11-11 17:30:00+00:00","0.13","0.125","0.03129735"
"2012-11-11 18:00:00+00:00","0.106","0.025","0.0310452"
"2012-11-11 18:30:00+00:00","0.202","0.019","0.03129735"
"2012-11-11 19:00:00+00:00","0.156","0.0","0.03135885"
"2012-11-11 19:30:00+00:00","0.247","0.0","0.0312174"
"2012-11-11 20:00:00+00:00","0.227","0.0","0.03118665"
"2012-11-11 20:30:00+00:00","0.434","0.0","0.0307377"
"2012-11-11 21:00:00+00:00","0.327","0.0","0.0310821"
"2012-11-11 21:30:00+00:00","0.175","0.0","0.03129735"
"2012-11-11 22:00:00+00:00","0.108","0.0","0.03133425"
"2012-11-11 22:30:00+00:00","0.147","0.0","0.03210915"
"2012-11-11 23:00:00+00:00","0.101","0.0","0.03149415"
"2012-11-11 23:30:00+00:00","0.066","0.0","0.0318201"
"2012-11-12 00:00:00+00:00","0.154","0.0","0.0312912"
"2012-11-12 00:30:00+00:00","0.095","0.0","0.0315864"
"2012-11-12 01:00:00+00:00","0.053","0.0","0.0314757"
"2012-11-12 01:30:00+00:00","0.129","0.0","0.031611"
"2012-11-12 02:00:00+00:00","0.049","0.0","0.030873"
"2012-11-12 02:30:00+00:00","0.081","0.006","0.03059625"
"2012-11-12 03:00:00+00:00","0.093","0.0","0.0305286"
"2012-11-12 03:30:00+00:00","0.097","0.0","0.0305655"
"2012-11-12 04:00:00+00:00","0.099","0.0","0.030627"
"2012-11-12 04:30:00+00:00","0.089","0.0","0.03081765"
"2012-11-12 05:00:00+00:00","0.044","0.0","0.03140805"
"2012-11-12 05:30:00+00:00","0.115","0.0","0.03437235"
"2012-11-12 06:00:00+00:00","0.215","0.0","0.03459375"
"2012-11-12 06:30:00+00:00","0.171","0.0","0.0317217"
"2012-11-12 07:00:00+00:00","0.192","0.025","0.0317709"
"2012-11-12 07:30:00+00:00","0.183","0.125","0.03118665"
"2012-11-12 08:00:00+00:00","0.183","0.306","0.03171555"
"2012-11-12 08:30:00+00:00","0.134","0.469","0.0313773"
"2012-11-12 09:00:00+00:00","0.048","0.594","0.03129735"
"2012-11-12 09:30:00+00:00","0.075","0.706","0.0319308"
"2012-11-12 10:00:00+00:00","0.107","0.8","0.03175245"
"2012-11-12 10:30:00+00:00","0.075","0.856","0.0325581"
"2012-11-12 11:00:00+00:00","0.112","0.913","0.03262575"
"2012-11-12 11:30:00+00:00","0.205","0.931","0.03213375"
"2012-11-12 12:00:00+00:00","0.15","0.956","0.0321276"
"2012-11-12 12:30:00+00:00","0.146","0.95","0.03197385"
"2012-11-12 13:00:00+00:00","0.378","0.963","0.03429855"
"2012-11-12 13:30:00+00:00","0.21","0.956","0.03348675"
"2012-11-12 14:00:00+00:00","0.224","0.925","0.0336159"
"2012-11-12 14:30:00+00:00","0.192","0.9","0.03331455"
"2012-11-12 15:00:00+00:00","0.105","0.844","0.03358515"
"2012-11-12 15:30:00+00:00","0.174","0.763","0.03346215"
"2012-11-12 16:00:00+00:00","0.179","0.65","0.0336774"
"2012-11-12 16:30:00+00:00","0.185","0.556","0.03374505"
"2012-11-12 17:00:00+00:00","0.122","0.325","0.0338742"
"2012-11-12 17:30:00+00:00","0.379","0.169","0.03289635"
"2012-11-12 18:00:00+00:00","0.212","0.1","0.0336282"
"2012-11-12 18:30:00+00:00","0.212","0.063","0.0328041"
"2012-11-12 19:00:00+00:00","0.217","0.006","0.03304395"
"2012-11-12 19:30:00+00:00","0.161","0.0","0.03240435"
"2012-11-12 20:00:00+00:00","0.218","0.0","0.031734"
"2012-11-12 20:30:00+00:00","0.238","0.0","0.0309345"
"2012-11-12 21:00:00+00:00","0.4","0.0","0.0312912"
"2012-11-12 21:30:00+00:00","0.095","0.0","0.0314388"
"2012-11-12 22:00:00+00:00","0.094","0.0","0.03090375"
"2012-11-12 22:30:00+00:00","0.134","0.0","0.031611"
"2012-11-12 23:00:00+00:00","0.075","0.0","0.03167865"
"2012-11-12 23:30:00+00:00","0.074","0.0","0.03182625"
"2012-11-13 00:00:00+00:00","0.119","0.0","0.03198615"
"2012-11-13 00:30:00+00:00","0.121","0.0","0.03106365"
"2012-11-13 01:00:00+00:00","0.04","0.0","0.0311436"
"2012-11-13 01:30:00+00:00","0.118","0.0","0.0312297"
"2012-11-13 02:00:00+00:00","0.075","0.0","0.0308484"
"2012-11-13 02:30:00+00:00","0.053","0.0","0.03059625"
"2012-11-13 03:00:00+00:00","0.117","0.0","0.03060855"
"2012-11-13 03:30:00+00:00","0.07","0.0","0.0306393"
"2012-11-13 04:00:00+00:00","0.103","0.0","0.0306393"
"2012-11-13 04:30:00+00:00","0.225","0.0","0.0316356"
"2012-11-13 05:00:00+00:00","0.085","0.0","0.0327549"
"2012-11-13 05:30:00+00:00","0.047","0.0","0.0339357"
"2012-11-13 06:00:00+00:00","0.128","0.006","0.03370815"
"2012-11-13 06:30:00+00:00","0.106","0.0","0.0330009"
"2012-11-13 07:00:00+00:00","0.167","0.038","0.03381885"
"2012-11-13 07:30:00+00:00","0.345","0.094","0.03154335"
"2012-11-13 08:00:00+00:00","0.195","0.269","0.0313404"
"2012-11-13 08:30:00+00:00","0.131","0.438","0.0313896"
"2012-11-13 09:00:00+00:00","0.155","0.569","0.0315741"
"2012-11-13 09:30:00+00:00","0.226","0.625","0.03198615"
"2012-11-13 10:00:00+00:00","0.454","0.738","0.03202305"
"2012-11-13 10:30:00+00:00","0.156","0.825","0.03263805"
"2012-11-13 11:00:00+00:00","0.151","0.856","0.03255195"
"2012-11-13 11:30:00+00:00","0.119","0.888","0.0323367"
"2012-11-13 12:00:00+00:00","0.045","0.931","0.03290865"
"2012-11-13 12:30:00+00:00","0.275","0.95","0.0332469"
"2012-11-13 13:00:00+00:00","0.149","0.938","0.03410175"
"2012-11-13 13:30:00+00:00","0.193","0.913","0.0339603"
"2012-11-13 14:00:00+00:00","0.217","0.85","0.03347445"
"2012-11-13 14:30:00+00:00","0.314","0.769","0.0319923"
"2012-11-13 15:00:00+00:00","0.225","0.456","0.0325581"
"2012-11-13 15:30:00+00:00","0.207","0.4","0.0321768"
"2012-11-13 16:00:00+00:00","0.271","0.488","0.0323244"
"2012-11-13 16:30:00+00:00","0.166","0.506","0.03267495"
"2012-11-13 17:00:00+00:00","0.165","0.331","0.03261345"
"2012-11-13 17:30:00+00:00","0.221","0.156","0.0320415"
"2012-11-13 18:00:00+00:00","0.126","0.013","0.0319185"
"2012-11-13 18:30:00+00:00","0.161","0.013","0.03191235"
"2012-11-13 19:00:00+00:00","0.517","0.006","0.0319308"
"2012-11-13 19:30:00+00:00","0.267","0.0","0.0320661"
"2012-11-13 20:00:00+00:00","0.451","0.0","0.03201075"
"2012-11-13 20:30:00+00:00","0.257","0.0","0.0318816"
"2012-11-13 21:00:00+00:00","0.348","0.0","0.03156795"
"2012-11-13 21:30:00+00:00","0.222","0.0","0.0312912"
"2012-11-13 22:00:00+00:00","0.258","0.0","0.03101445"
"2012-11-13 22:30:00+00:00","0.189","0.0","0.0324843"
"2012-11-13 23:00:00+00:00","0.605","0.0","0.03190005"
"2012-11-13 23:30:00+00:00","0.465","0.0","0.03197385"
"2012-11-14 00:00:00+00:00","0.098","0.0","0.03231825"
"2012-11-14 00:30:00+00:00","0.117","0.0","0.03230595"
"2012-11-14 01:00:00+00:00","0.11","0.0","0.0319308"
"2012-11-14 01:30:00+00:00","0.087","0.0","0.03182625"
"2012-11-14 02:00:00+00:00","0.059","0.006","0.0314019"
"2012-11-14 02:30:00+00:00","0.087","0.0","0.0308484"
"2012-11-14 03:00:00+00:00","0.103","0.0","0.03103905"
"2012-11-14 03:30:00+00:00","0.057","0.0","0.0312297"
"2012-11-14 04:00:00+00:00","0.135","0.0","0.03134655"
"2012-11-14 04:30:00+00:00","0.104","0.0","0.0319308"
"2012-11-14 05:00:00+00:00","0.039","0.0","0.03304395"
"2012-11-14 05:30:00+00:00","0.093","0.0","0.03404025"
"2012-11-14 06:00:00+00:00","0.089","0.0","0.03394185"
"2012-11-14 06:30:00+00:00","0.165","0.0","0.034932"
"2012-11-14 07:00:00+00:00","0.212","0.0","0.03640185"
"2012-11-14 07:30:00+00:00","0.196","0.013","0.03455685"
"2012-11-14 08:00:00+00:00","0.171","0.013","0.03456915"
"2012-11-14 08:30:00+00:00","0.418","0.019","0.03416325"
"2012-11-14 09:00:00+00:00","0.351","0.044","0.0341817"
"2012-11-14 09:30:00+00:00","0.106","0.106","0.034194"
"2012-11-14 10:00:00+00:00","0.188","0.381","0.0341079"
"2012-11-14 10:30:00+00:00","0.819","0.413","0.03374505"
"2012-11-14 11:00:00+00:00","0.568","0.15","0.03343755"
"2012-11-14 11:30:00+00:00","0.684","0.106","0.0339357"
"2012-11-14 12:00:00+00:00","0.229","0.138","0.0341202"
"2012-11-14 12:30:00+00:00","0.129","0.269","0.03396645"
"2012-11-14 13:00:00+00:00","0.164","0.256","0.03394185"
"2012-11-14 13:30:00+00:00","0.284","0.194","0.03408945"
"2012-11-14 14:00:00+00:00","0.49","0.131","0.03401565"
"2012-11-14 14:30:00+00:00","0.301","0.119","0.0341571"
"2012-11-14 15:00:00+00:00","0.155","0.063","0.03417555"
"2012-11-14 15:30:00+00:00","0.176","0.063","0.0341694"
"2012-11-14 16:00:00+00:00","0.198","0.206","0.03421245"
"2012-11-14 16:30:00+00:00","0.363","0.05","0.03573765"
"2012-11-14 17:00:00+00:00","0.258","0.088","0.03556545"
"2012-11-14 17:30:00+00:00","0.157","0.056","0.0353994"
"2012-11-14 18:00:00+00:00","0.108","0.056","0.0349812"
"2012-11-14 18:30:00+00:00","0.054","0.006","0.03405255"
"2012-11-14 19:00:00+00:00","0.096","0.0","0.034194"
"2012-11-14 19:30:00+00:00","0.124","0.0","0.0340587"
"2012-11-14 20:00:00+00:00","0.112","0.0","0.0337635"
"2012-11-14 20:30:00+00:00","0.128","0.0","0.0321276"
"2012-11-14 21:00:00+00:00","0.481","0.0","0.03129735"
"2012-11-14 21:30:00+00:00","0.188","0.0","0.0314265"
"2012-11-14 22:00:00+00:00","0.13","0.0","0.03116205"
"2012-11-14 22:30:00+00:00","0.166","0.0","0.03235515"
"2012-11-14 23:00:00+00:00","0.079","0.0","0.0319308"
"2012-11-14 23:30:00+00:00","0.059","0.0","0.03219525"
"2012-11-15 00:00:00+00:00","0.139","0.0","0.0330378"
"2012-11-15 00:30:00+00:00","0.151","0.0","0.03380655"
"2012-11-15 01:00:00+00:00","0.09","0.0","0.03331455"
"2012-11-15 01:30:00+00:00","0.05","0.0","0.0331362"
"2012-11-15 02:00:00+00:00","0.103","0.0","0.0319308"
"2012-11-15 02:30:00+00:00","0.155","0.0","0.0319308"
"2012-11-15 03:00:00+00:00","0.151","0.0","0.03199845"
"2012-11-15 03:30:00+00:00","0.072","0.0","0.0319308"
"2012-11-15 04:00:00+00:00","0.13","0.0","0.0319308"
"2012-11-15 04:30:00+00:00","0.119","0.0","0.03298245"
"2012-11-15 05:00:00+00:00","0.084","0.0","0.03247815"
"2012-11-15 05:30:00+00:00","0.058","0.0","0.0341079"
"2012-11-15 06:00:00+00:00","0.094","0.0","0.03358515"
"2012-11-15 06:30:00+00:00","0.699","0.0","0.03424935"
"2012-11-15 07:00:00+00:00","0.879","0.025","0.03599595"
"2012-11-15 07:30:00+00:00","0.792","0.075","0.03299475"
"2012-11-15 08:00:00+00:00","0.682","0.075","0.03212145"
"2012-11-15 08:30:00+00:00","0.655","0.081","0.03266265"
"2012-11-15 09:00:00+00:00","0.472","0.206","0.03340065"
"2012-11-15 09:30:00+00:00","0.129","0.294","0.03358515"
"2012-11-15 10:00:00+00:00","0.075","0.431","0.033825"
"2012-11-15 10:30:00+00:00","0.096","0.575","0.03416325"
"2012-11-15 11:00:00+00:00","0.139","0.681","0.0355101"
"2012-11-15 11:30:00+00:00","0.11","0.763","0.03431085"
"2012-11-15 12:00:00+00:00","0.122","0.706","0.0341571"
"2012-11-15 12:30:00+00:00","0.092","0.731","0.0341325"
"2012-11-15 13:00:00+00:00","0.18","0.813","0.0346737"
"2012-11-15 13:30:00+00:00","0.224","0.869","0.0343785"
"2012-11-15 14:00:00+00:00","0.297","0.869","0.034194"
"2012-11-15 14:30:00+00:00","0.344","0.794","0.03444"
"2012-11-15 15:00:00+00:00","0.115","0.688","0.03541785"
"2012-11-15 15:30:00+00:00","0.183","0.6","0.03531945"
"2012-11-15 16:00:00+00:00","0.178","0.438","0.0360636"
"2012-11-15 16:30:00+00:00","0.343","0.375","0.03555315"
"2012-11-15 17:00:00+00:00","0.264","0.35","0.03436005"
"2012-11-15 17:30:00+00:00","0.296","0.169","0.03376965"
"2012-11-15 18:00:00+00:00","0.209","0.056","0.03205995"
"2012-11-15 18:30:00+00:00","0.157","0.069","0.03153105"
"2012-11-15 19:00:00+00:00","0.204","0.025","0.0335667"
"2012-11-15 19:30:00+00:00","0.175","0.0","0.0339972"
"2012-11-15 20:00:00+00:00","0.194","0.0","0.03257655"
"2012-11-15 20:30:00+00:00","0.144","0.0","0.0316356"
"2012-11-15 21:00:00+00:00","0.091","0.0","0.03155565"
"2012-11-15 21:30:00+00:00","0.129","0.0","0.03137115"
"2012-11-15 22:00:00+00:00","0.17","0.0","0.03108825"
"2012-11-15 22:30:00+00:00","0.149","0.0","0.03348675"
"2012-11-15 23:00:00+00:00","0.291","0.0","0.0330132"
"2012-11-15 23:30:00+00:00","0.231","0.0","0.0338004"
"2012-11-16 00:00:00+00:00","0.132","0.0","0.03349905"
"2012-11-16 00:30:00+00:00","0.119","0.0","0.03501195"
"2012-11-16 01:00:00+00:00","0.067","0.0","0.03488895"
"2012-11-16 01:30:00+00:00","0.062","0.0","0.0339234"
"2012-11-16 02:00:00+00:00","0.102","0.0","0.03330225"
"2012-11-16 02:30:00+00:00","0.152","0.0","0.0330993"
"2012-11-16 03:00:00+00:00","0.119","0.0","0.0319308"
"2012-11-16 03:30:00+00:00","0.091","0.0","0.03182625"
"2012-11-16 04:00:00+00:00","0.047","0.0","0.03183855"
"2012-11-16 04:30:00+00:00","0.081","0.0","0.0319308"
"2012-11-16 05:00:00+00:00","0.111","0.0","0.03297015"
"2012-11-16 05:30:00+00:00","0.098","0.0","0.03422475"
"2012-11-16 06:00:00+00:00","0.089","0.0","0.0335175"
"2012-11-16 06:30:00+00:00","0.272","0.0","0.0327672"
"2012-11-16 07:00:00+00:00","0.22","0.013","0.0338619"
"2012-11-16 07:30:00+00:00","0.212","0.0","0.031611"
"2012-11-16 08:00:00+00:00","0.177","0.013","0.0328779"
"2012-11-16 08:30:00+00:00","0.203","0.013","0.03290865"
"2012-11-16 09:00:00+00:00","0.947","0.019","0.0325212"
"2012-11-16 09:30:00+00:00","0.15","0.088","0.03269955"
"2012-11-16 10:00:00+00:00","0.079","0.088","0.03279795"
"2012-11-16 10:30:00+00:00","0.081","0.069","0.0325827"
"2012-11-16 11:00:00+00:00","0.115","0.15","0.03258885"
"2012-11-16 11:30:00+00:00","0.282","0.094","0.0319308"
"2012-11-16 12:00:00+00:00","0.092","0.069","0.0319308"
"2012-11-16 12:30:00+00:00","0.089","0.075","0.03235515"
"2012-11-16 13:00:00+00:00","1.031","0.075","0.0319308"
"2012-11-16 13:30:00+00:00","0.198","0.063","0.0319308"
"2012-11-16 14:00:00+00:00","0.279","0.063","0.0319308"
"2012-11-16 14:30:00+00:00","0.196","0.056","0.03269955"
"2012-11-16 15:00:00+00:00","0.174","0.056","0.03277335"
"2012-11-16 15:30:00+00:00","0.497","0.119","0.0326811"
"2012-11-16 16:00:00+00:00","0.32","0.094","0.03362205"
"2012-11-16 16:30:00+00:00","0.165","0.05","0.0329517"
"2012-11-16 17:00:00+00:00","0.203","0.044","0.03269955"
"2012-11-16 17:30:00+00:00","0.197","0.013","0.0321153"
"2012-11-16 18:00:00+00:00","0.093","0.006","0.0323244"
"2012-11-16 18:30:00+00:00","0.199","0.006","0.03187545"
"2012-11-16 19:00:00+00:00","0.215","0.0","0.03267495"
"2012-11-16 19:30:00+00:00","0.154","0.0","0.0329886"
"2012-11-16 20:00:00+00:00","0.169","0.0","0.0326934"
"2012-11-16 20:30:00+00:00","0.233","0.0","0.0319554"
"2012-11-16 21:00:00+00:00","0.206","0.0","0.03129735"
"2012-11-16 21:30:00+00:00","0.446","0.0","0.0319308"
"2012-11-16 22:00:00+00:00","0.203","0.0","0.0315618"
"2012-11-16 22:30:00+00:00","0.468","0.0","0.034194"
"2012-11-16 23:00:00+00:00","0.172","0.0","0.03392955"
"2012-11-16 23:30:00+00:00","0.139","0.0","0.03427395"
"2012-11-17 00:00:00+00:00","0.131","0.0","0.0343047"
"2012-11-17 00:30:00+00:00","0.083","0.0","0.033702"
"2012-11-17 01:00:00+00:00","0.904","0.0","0.0335421"
"2012-11-17 01:30:00+00:00","0.154","0.0","0.03326535"
"2012-11-17 02:00:00+00:00","0.104","0.0","0.0320538"
"2012-11-17 02:30:00+00:00","0.06","0.0","0.03148185"
"2012-11-17 03:00:00+00:00","0.082","0.0","0.0310944"
"2012-11-17 03:30:00+00:00","0.144","0.0","0.0309468"
"2012-11-17 04:00:00+00:00","0.075","0.006","0.0312297"
"2012-11-17 04:30:00+00:00","0.088","0.0","0.0313035"
"2012-11-17 05:00:00+00:00","0.099","0.0","0.03148185"
"2012-11-17 05:30:00+00:00","0.065","0.0","0.0314265"
"2012-11-17 06:00:00+00:00","0.117","0.0","0.0313773"
"2012-11-17 06:30:00+00:00","0.13","0.0","0.0313035"
"2012-11-17 07:00:00+00:00","0.119","0.038","0.0315126"
"2012-11-17 07:30:00+00:00","0.384","0.1","0.0314019"
"2012-11-17 08:00:00+00:00","0.525","0.088","0.03221985"
"2012-11-17 08:30:00+00:00","0.583","0.125","0.03279795"
"2012-11-17 09:00:00+00:00","0.545","0.163","0.03261345"
"2012-11-17 09:30:00+00:00","0.506","0.213","0.0327549"
"2012-11-17 10:00:00+00:00","0.395","0.319","0.0327549"
"2012-11-17 10:30:00+00:00","0.565","0.338","0.0326934"
"2012-11-17 11:00:00+00:00","0.526","0.294","0.03245355"
"2012-11-17 11:30:00+00:00","0.612","0.631","0.03150645"
"2012-11-17 12:00:00+00:00","0.725","0.431","0.03135885"
"2012-11-17 12:30:00+00:00","0.407","0.706","0.0313035"
"2012-11-17 13:00:00+00:00","0.328","0.869","0.03140805"
"2012-11-17 13:30:00+00:00","0.1","0.713","0.03129735"
"2012-11-17 14:00:00+00:00","0.243","0.65","0.0315126"
"2012-11-17 14:30:00+00:00","0.267","0.656","0.0315126"
"2012-11-17 15:00:00+00:00","0.264","0.575","0.03129735"
"2012-11-17 15:30:00+00:00","0.132","0.644","0.03146955"
"2012-11-17 16:00:00+00:00","0.136","0.525","0.03209685"
"2012-11-17 16:30:00+00:00","0.099","0.444","0.03223215"
"2012-11-17 17:00:00+00:00","0.068","0.306","0.03268725"
"2012-11-17 17:30:00+00:00","0.132","0.169","0.0323982"
"2012-11-17 18:00:00+00:00","0.234","0.113","0.03146955"
"2012-11-17 18:30:00+00:00","0.19","0.063","0.0313035"
"2012-11-17 19:00:00+00:00","0.215","0.019","0.0314634"
"2012-11-17 19:30:00+00:00","0.32","0.0","0.0313281"
"2012-11-17 20:00:00+00:00","0.087","0.0","0.03134655"
"2012-11-17 20:30:00+00:00","0.138","0.0","0.0312912"
"2012-11-17 21:00:00+00:00","0.288","0.0","0.03129735"
"2012-11-17 21:30:00+00:00","0.236","0.0","0.03233055"
"2012-11-17 22:00:00+00:00","0.273","0.0","0.03233055"
"2012-11-17 22:30:00+00:00","0.275","0.0","0.0332469"
"2012-11-17 23:00:00+00:00","0.148","0.0","0.0321768"
"2012-11-17 23:30:00+00:00","0.14","0.0","0.03235515"
"2012-11-18 00:00:00+00:00","0.641","0.0","0.03207225"
"2012-11-18 00:30:00+00:00","0.424","0.0","0.0315987"
"2012-11-18 01:00:00+00:00","0.123","0.0","0.0313404"
"2012-11-18 01:30:00+00:00","0.052","0.0","0.0310575"
"2012-11-18 02:00:00+00:00","0.085","0.0","0.0310575"
"2012-11-18 02:30:00+00:00","0.097","0.0","0.0308484"
"2012-11-18 03:00:00+00:00","0.064","0.0","0.030627"
"2012-11-18 03:30:00+00:00","0.07","0.0","0.0306147"
"2012-11-18 04:00:00+00:00","0.145","0.0","0.030627"
"2012-11-18 04:30:00+00:00","0.057","0.0","0.03119895"
"2012-11-18 05:00:00+00:00","0.096","0.0","0.0312789"
"2012-11-18 05:30:00+00:00","0.083","0.0","0.0311805"
"2012-11-18 06:00:00+00:00","0.196","0.006","0.03128505"
"2012-11-18 06:30:00+00:00","0.118","0.0","0.0312912"
"2012-11-18 07:00:00+00:00","0.089","0.044","0.03129735"
"2012-11-18 07:30:00+00:00","0.079","0.106","0.0311805"
"2012-11-18 08:00:00+00:00","0.326","0.188","0.0314757"
"2012-11-18 08:30:00+00:00","0.149","0.288","0.0313281"
"2012-11-18 09:00:00+00:00","0.105","0.156","0.0317217"
"2012-11-18 09:30:00+00:00","0.175","0.181","0.0325704"
"2012-11-18 10:00:00+00:00","0.16","0.263","0.03218295"
"2012-11-18 10:30:00+00:00","0.804","0.313","0.0323121"
"2012-11-18 11:00:00+00:00","0.589","0.256","0.03192465"
"2012-11-18 11:30:00+00:00","0.525","0.331","0.03150645"
"2012-11-18 12:00:00+00:00","0.154","0.906","0.0313035"
"2012-11-18 12:30:00+00:00","0.155","0.675","0.0313035"
"2012-11-18 13:00:00+00:00","0.116","0.819","0.03129735"
"2012-11-18 13:30:00+00:00","0.162","0.875","0.03129735"
"2012-11-18 14:00:00+00:00","0.147","0.738","0.03129735"
"2012-11-18 14:30:00+00:00","0.125","0.888","0.0313035"
"2012-11-18 15:00:00+00:00","0.15","0.825","0.0313035"
"2012-11-18 15:30:00+00:00","0.161","0.744","0.0314388"
"2012-11-18 16:00:00+00:00","0.298","0.669","0.0315249"
"2012-11-18 16:30:00+00:00","0.328","0.569","0.03192465"
"2012-11-18 17:00:00+00:00","0.355","0.369","0.0325581"
"2012-11-18 17:30:00+00:00","0.154","0.156","0.0325827"
"2012-11-18 18:00:00+00:00","0.244","0.031","0.0325335"
"2012-11-18 18:30:00+00:00","0.245","0.019","0.0326319"
"2012-11-18 19:00:00+00:00","0.256","0.006","0.03293325"
"2012-11-18 19:30:00+00:00","0.269","0.0","0.033087"
"2012-11-18 20:00:00+00:00","0.17","0.0","0.0330009"
"2012-11-18 20:30:00+00:00","0.204","0.0","0.0324228"
"2012-11-18 21:00:00+00:00","0.524","0.0","0.0328164"
"2012-11-18 21:30:00+00:00","0.336","0.0","0.0326811"
"2012-11-18 22:00:00+00:00","0.155","0.0","0.03234285"
"2012-11-18 22:30:00+00:00","0.085","0.0","0.0331854"
"2012-11-18 23:00:00+00:00","0.091","0.0","0.03246585"
"2012-11-18 23:30:00+00:00","0.117","0.0","0.03251505"
"2012-11-19 00:00:00+00:00","0.037","0.0","0.0325458"
"2012-11-19 00:30:00+00:00","0.079","0.0","0.03230595"
"2012-11-19 01:00:00+00:00","0.097","0.0","0.03192465"
"2012-11-19 01:30:00+00:00","0.089","0.0","0.03175245"
"2012-11-19 02:00:00+00:00","0.086","0.0","0.03164175"
"2012-11-19 02:30:00+00:00","0.111","0.0","0.03139575"
"2012-11-19 03:00:00+00:00","0.046","0.0","0.03144495"
"2012-11-19 03:30:00+00:00","0.072","0.0","0.0314634"
"2012-11-19 04:00:00+00:00","0.102","0.0","0.03249045"
"2012-11-19 04:30:00+00:00","0.061","0.0","0.03392955"
"2012-11-19 05:00:00+00:00","0.057","0.0","0.03416325"
"2012-11-19 05:30:00+00:00","0.278","0.0","0.0352764"
"2012-11-19 06:00:00+00:00","0.103","0.0","0.03651255"
"2012-11-19 06:30:00+00:00","0.082","0.006","0.03402795"
"2012-11-19 07:00:00+00:00","0.338","0.031","0.03394185"
"2012-11-19 07:30:00+00:00","0.259","0.119","0.03171555"
"2012-11-19 08:00:00+00:00","0.077","0.344","0.03266265"
"2012-11-19 08:30:00+00:00","0.124","0.481","0.032718"
"2012-11-19 09:00:00+00:00","0.122","0.6","0.03273645"
"2012-11-19 09:30:00+00:00","0.084","0.694","0.0324597"
"2012-11-19 10:00:00+00:00","0.176","0.769","0.03233055"
"2012-11-19 10:30:00+00:00","0.265","0.831","0.03255195"
"2012-11-19 11:00:00+00:00","0.17","0.888","0.0326565"
"2012-11-19 11:30:00+00:00","0.1","0.794","0.0326811"
"2012-11-19 12:00:00+00:00","0.179","0.438","0.0326688"
"2012-11-19 12:30:00+00:00","0.174","0.306","0.0327057"
"2012-11-19 13:00:00+00:00","0.625","0.594","0.03257655"
"2012-11-19 13:30:00+00:00","0.147","0.594","0.0330009"
"2012-11-19 14:00:00+00:00","0.118","0.419","0.03289635"
"2012-11-19 14:30:00+00:00","0.095","0.431","0.03253965"
"2012-11-19 15:00:00+00:00","0.054","0.513","0.0339972"
"2012-11-19 15:30:00+00:00","0.125","0.263","0.03256425"
"2012-11-19 16:00:00+00:00","0.181","0.525","0.03271185"
"2012-11-19 16:30:00+00:00","0.346","0.506","0.03281025"
"2012-11-19 17:00:00+00:00","0.145","0.363","0.0327057"
"2012-11-19 17:30:00+00:00","0.182","0.113","0.0322014"
"2012-11-19 18:00:00+00:00","0.137","0.05","0.032226"
"2012-11-19 18:30:00+00:00","0.271","0.056","0.0319308"
"2012-11-19 19:00:00+00:00","0.207","0.019","0.03207225"
"2012-11-19 19:30:00+00:00","0.239","0.0","0.0325704"
"2012-11-19 20:00:00+00:00","0.227","0.0","0.0321891"
"2012-11-19 20:30:00+00:00","0.47","0.0","0.03198615"
"2012-11-19 21:00:00+00:00","0.23","0.0","0.0319308"
"2012-11-19 21:30:00+00:00","0.203","0.0","0.0321153"
"2012-11-19 22:00:00+00:00","0.144","0.0","0.03199845"
"2012-11-19 22:30:00+00:00","0.167","0.0","0.03281025"
"2012-11-19 23:00:00+00:00","0.219","0.0","0.03224445"
"2012-11-19 23:30:00+00:00","0.158","0.0","0.032595"
"2012-11-20 00:00:00+00:00","0.211","0.0","0.03223215"
"2012-11-20 00:30:00+00:00","0.051","0.0","0.0319308"
"2012-11-20 01:00:00+00:00","0.082","0.0","0.0319308"
"2012-11-20 01:30:00+00:00","0.111","0.0","0.0319308"
"2012-11-20 02:00:00+00:00","0.066","0.0","0.0319308"
"2012-11-20 02:30:00+00:00","0.065","0.0","0.0315987"
"2012-11-20 03:00:00+00:00","0.124","0.0","0.03126045"
"2012-11-20 03:30:00+00:00","0.086","0.0","0.03126045"
"2012-11-20 04:00:00+00:00","0.102","0.0","0.0312174"
"2012-11-20 04:30:00+00:00","0.092","0.0","0.031488"
"2012-11-20 05:00:00+00:00","0.066","0.0","0.0315495"
"2012-11-20 05:30:00+00:00","0.238","0.0","0.0323736"
"2012-11-20 06:00:00+00:00","0.299","0.0","0.03201075"
"2012-11-20 06:30:00+00:00","0.065","0.013","0.0319062"
"2012-11-20 07:00:00+00:00","0.15","0.069","0.032595"
"2012-11-20 07:30:00+00:00","0.121","0.106","0.0319308"
"2012-11-20 08:00:00+00:00","0.311","0.2","0.03268725"
"2012-11-20 08:30:00+00:00","0.264","0.213","0.03260115"
"2012-11-20 09:00:00+00:00","0.116","0.338","0.03198615"
"2012-11-20 09:30:00+00:00","0.123","0.444","0.03219525"
"2012-11-20 10:00:00+00:00","0.055","0.488","0.03193695"
"2012-11-20 10:30:00+00:00","0.129","0.7","0.0323736"
"2012-11-20 11:00:00+00:00","0.11","0.706","0.03250275"
"2012-11-20 11:30:00+00:00","0.094","0.769","0.0320292"
"2012-11-20 12:00:00+00:00","0.044","0.519","0.0317094"
"2012-11-20 12:30:00+00:00","0.124","0.788","0.0314265"
"2012-11-20 13:00:00+00:00","0.106","0.963","0.03158025"
"2012-11-20 13:30:00+00:00","0.062","0.925","0.03182625"
"2012-11-20 14:00:00+00:00","0.118","0.894","0.0315126"
"2012-11-20 14:30:00+00:00","0.137","0.838","0.03182625"
"2012-11-20 15:00:00+00:00","0.086","0.825","0.0322506"
"2012-11-20 15:30:00+00:00","0.057","0.756","0.0319308"
"2012-11-20 16:00:00+00:00","0.12","0.669","0.0319308"
"2012-11-20 16:30:00+00:00","0.105","0.525","0.0321522"
"2012-11-20 17:00:00+00:00","0.085","0.319","0.03207225"
"2012-11-20 17:30:00+00:00","0.098","0.113","0.0319062"
"2012-11-20 18:00:00+00:00","0.145","0.031","0.0318939"
"2012-11-20 18:30:00+00:00","0.094","0.019","0.0315003"
"2012-11-20 19:00:00+00:00","0.061","0.013","0.0317217"
"2012-11-20 19:30:00+00:00","0.101","0.0","0.0319308"
"2012-11-20 20:00:00+00:00","0.119","0.0","0.0317217"
"2012-11-20 20:30:00+00:00","0.067","0.0","0.0312912"
"2012-11-20 21:00:00+00:00","0.112","0.0","0.0312912"
"2012-11-20 21:30:00+00:00","0.145","0.0","0.0319308"
"2012-11-20 22:00:00+00:00","0.069","0.0","0.03194925"
"2012-11-20 22:30:00+00:00","0.061","0.0","0.0336528"
"2012-11-20 23:00:00+00:00","0.103","0.0","0.0331362"
"2012-11-20 23:30:00+00:00","0.104","0.0","0.03269955"
"2012-11-21 00:00:00+00:00","0.044","0.0","0.0324228"
"2012-11-21 00:30:00+00:00","0.144","0.0","0.03242895"
"2012-11-21 01:00:00+00:00","0.114","0.0","0.032103"
"2012-11-21 01:30:00+00:00","0.061","0.0","0.0319308"
"2012-11-21 02:00:00+00:00","0.09","0.0","0.0319308"
"2012-11-21 02:30:00+00:00","0.111","0.0","0.0319308"
"2012-11-21 03:00:00+00:00","0.05","0.0","0.031857"
"2012-11-21 03:30:00+00:00","0.091","0.0","0.03188775"
"2012-11-21 04:00:00+00:00","0.113","0.0","0.03169095"
"2012-11-21 04:30:00+00:00","0.093","0.0","0.0315126"
"2012-11-21 05:00:00+00:00","0.101","0.0","0.0317217"
"2012-11-21 05:30:00+00:00","0.087","0.0","0.03244125"
"2012-11-21 06:00:00+00:00","0.064","0.0","0.0321522"
"2012-11-21 06:30:00+00:00","0.087","0.006","0.03182625"
"2012-11-21 07:00:00+00:00","0.095","0.044","0.03208455"
"2012-11-21 07:30:00+00:00","0.045","0.138","0.03159255"
"2012-11-21 08:00:00+00:00","0.135","0.331","0.0312297"
"2012-11-21 08:30:00+00:00","0.107","0.4","0.03247815"
"2012-11-21 09:00:00+00:00","0.063","0.525","0.0321645"
"2012-11-21 09:30:00+00:00","0.095","0.706","0.0326196"
"2012-11-21 10:00:00+00:00","0.11","0.738","0.0318939"
"2012-11-21 10:30:00+00:00","0.042","0.713","0.03188775"
"2012-11-21 11:00:00+00:00","0.099","0.813","0.0315495"
"2012-11-21 11:30:00+00:00","0.122","0.669","0.03128505"
"2012-11-21 12:00:00+00:00","0.113","0.731","0.03140805"
"2012-11-21 12:30:00+00:00","0.064","0.881","0.03132195"
"2012-11-21 13:00:00+00:00","0.125","0.681","0.0313035"
"2012-11-21 13:30:00+00:00","0.087","0.563","0.0319554"
"2012-11-21 14:00:00+00:00","0.061","0.863","0.03258885"
"2012-11-21 14:30:00+00:00","0.087","0.556","0.032595"
"2012-11-21 15:00:00+00:00","0.149","0.425","0.03149415"
"2012-11-21 15:30:00+00:00","0.123","0.563","0.03153105"
"2012-11-21 16:00:00+00:00","0.056","0.613","0.0314388"
"2012-11-21 16:30:00+00:00","0.121","0.6","0.0319308"
"2012-11-21 17:00:00+00:00","0.109","0.363","0.03170325"
"2012-11-21 17:30:00+00:00","0.079","0.131","0.0313158"
"2012-11-21 18:00:00+00:00","0.053","0.025","0.03132195"
"2012-11-21 18:30:00+00:00","0.148","0.019","0.0314019"
"2012-11-21 19:00:00+00:00","0.142","0.013","0.0314511"
"2012-11-21 19:30:00+00:00","0.072","0.0","0.03213375"
"2012-11-21 20:00:00+00:00","0.085","0.0","0.03262575"
"2012-11-21 20:30:00+00:00","0.12","0.0","0.0318324"
"2012-11-21 21:00:00+00:00","0.093","0.0","0.0312912"
"2012-11-21 21:30:00+00:00","0.156","0.0","0.0314265"
"2012-11-21 22:00:00+00:00","0.297","0.0","0.0311682"
"2012-11-21 22:30:00+00:00","0.147","0.0","0.03247815"
"2012-11-21 23:00:00+00:00","0.093","0.0","0.03201075"
"2012-11-21 23:30:00+00:00","0.107","0.0","0.0319308"
"2012-11-22 00:00:00+00:00","0.144","0.0","0.03196155"
"2012-11-22 00:30:00+00:00","0.078","0.0","0.03171555"
"2012-11-22 01:00:00+00:00","0.098","0.0","0.0310698"
"2012-11-22 01:30:00+00:00","0.133","0.0","0.03113745"
"2012-11-22 02:00:00+00:00","0.155","0.0","0.03128505"
"2012-11-22 02:30:00+00:00","0.093","0.0","0.0312543"
"2012-11-22 03:00:00+00:00","0.133","0.0","0.03116205"
"2012-11-22 03:30:00+00:00","0.124","0.0","0.03122355"
"2012-11-22 04:00:00+00:00","0.072","0.0","0.0312789"
"2012-11-22 04:30:00+00:00","0.128","0.0","0.0310329"
"2012-11-22 05:00:00+00:00","0.125","0.0","0.03134655"
"2012-11-22 05:30:00+00:00","0.117","0.0","0.03287175"
"2012-11-22 06:00:00+00:00","0.124","0.0","0.03241665"
"2012-11-22 06:30:00+00:00","0.139","0.0","0.0320661"
"2012-11-22 07:00:00+00:00","0.108","0.006","0.0331485"
"2012-11-22 07:30:00+00:00","0.185","0.013","0.03244125"
"2012-11-22 08:00:00+00:00","0.39","0.025","0.03185085"
"2012-11-22 08:30:00+00:00","0.174","0.094","0.0317709"
"2012-11-22 09:00:00+00:00","0.143","0.169","0.03159255"
"2012-11-22 09:30:00+00:00","0.159","0.175","0.0319308"
"2012-11-22 10:00:00+00:00","0.1","0.2","0.032226"
"2012-11-22 10:30:00+00:00","0.07","0.244","0.03263805"
"2012-11-22 11:00:00+00:00","0.099","0.275","0.03269955"
"2012-11-22 11:30:00+00:00","0.121","0.194","0.0326688"
"2012-11-22 12:00:00+00:00","0.064","0.325","0.031734"
"2012-11-22 12:30:00+00:00","0.12","0.563","0.03196155"
"2012-11-22 13:00:00+00:00","0.16","0.631","0.03258885"
"2012-11-22 13:30:00+00:00","0.072","0.663","0.0323982"
"2012-11-22 14:00:00+00:00","0.078","0.425","0.0327672"
"2012-11-22 14:30:00+00:00","0.215","0.294","0.0322629"
"2012-11-22 15:00:00+00:00","0.177","0.231","0.0326319"
"2012-11-22 15:30:00+00:00","0.127","0.194","0.03266265"
"2012-11-22 16:00:00+00:00","0.185","0.15","0.03253965"
"2012-11-22 16:30:00+00:00","0.308","0.188","0.03271185"
"2012-11-22 17:00:00+00:00","0.112","0.144","0.03251505"
"2012-11-22 17:30:00+00:00","0.278","0.169","0.0314019"
"2012-11-22 18:00:00+00:00","0.317","0.094","0.031365"
"2012-11-22 18:30:00+00:00","0.18","0.025","0.03121125"
"2012-11-22 19:00:00+00:00","0.232","0.006","0.03199845"
"2012-11-22 19:30:00+00:00","0.229","0.0","0.0317463"
"2012-11-22 20:00:00+00:00","0.176","0.0","0.0313035"
"2012-11-22 20:30:00+00:00","0.233","0.0","0.03130965"
"2012-11-22 21:00:00+00:00","0.415","0.0","0.03118665"
"2012-11-22 21:30:00+00:00","0.201","0.0","0.03174015"
"2012-11-22 22:00:00+00:00","0.204","0.0","0.0312789"
"2012-11-22 22:30:00+00:00","0.21","0.0","0.0328779"
"2012-11-22 23:00:00+00:00","0.266","0.0","0.0321891"
"2012-11-22 23:30:00+00:00","0.105","0.0","0.03193695"
"2012-11-23 00:00:00+00:00","0.127","0.0","0.0319554"
"2012-11-23 00:30:00+00:00","0.587","0.0","0.0319308"
"2012-11-23 01:00:00+00:00","0.398","0.0","0.0315741"
"2012-11-23 01:30:00+00:00","0.095","0.0","0.03127275"
"2012-11-23 02:00:00+00:00","0.07","0.0","0.03161715"
"2012-11-23 02:30:00+00:00","0.087","0.0","0.03128505"
"2012-11-23 03:00:00+00:00","0.132","0.0","0.0311682"
"2012-11-23 03:30:00+00:00","0.056","0.0","0.03124815"
"2012-11-23 04:00:00+00:00","0.067","0.0","0.03128505"
"2012-11-23 04:30:00+00:00","0.096","0.0","0.03127275"
"2012-11-23 05:00:00+00:00","0.071","0.0","0.03149415"
"2012-11-23 05:30:00+00:00","0.054","0.0","0.03282255"
"2012-11-23 06:00:00+00:00","0.153","0.0","0.03182625"
"2012-11-23 06:30:00+00:00","0.27","0.0","0.03197385"
"2012-11-23 07:00:00+00:00","0.076","0.019","0.0319308"
"2012-11-23 07:30:00+00:00","0.135","0.063","0.0314265"
"2012-11-23 08:00:00+00:00","0.12","0.163","0.03129735"
"2012-11-23 08:30:00+00:00","0.143","0.263","0.03199845"
"2012-11-23 09:00:00+00:00","0.165","0.331","0.03198615"
"2012-11-23 09:30:00+00:00","0.12","0.438","0.0326811"
"2012-11-23 10:00:00+00:00","0.095","0.475","0.0314019"
"2012-11-23 10:30:00+00:00","0.079","0.638","0.0320538"
"2012-11-23 11:00:00+00:00","0.061","0.675","0.03295785"
"2012-11-23 11:30:00+00:00","0.1","0.663","0.0326565"
"2012-11-23 12:00:00+00:00","0.105","0.675","0.0326565"
"2012-11-23 12:30:00+00:00","0.134","0.881","0.0326442"
"2012-11-23 13:00:00+00:00","0.293","0.95","0.03271185"
"2012-11-23 13:30:00+00:00","0.161","0.919","0.03269955"
"2012-11-23 14:00:00+00:00","0.048","0.788","0.0325458"
"2012-11-23 14:30:00+00:00","0.105","0.744","0.0325827"
"2012-11-23 15:00:00+00:00","0.079","0.6","0.0327057"
"2012-11-23 15:30:00+00:00","0.07","0.544","0.0325827"
"2012-11-23 16:00:00+00:00","0.118","0.488","0.0323367"
"2012-11-23 16:30:00+00:00","0.193","0.375","0.0322383"
"2012-11-23 17:00:00+00:00","0.129","0.238","0.03156795"
"2012-11-23 17:30:00+00:00","0.233","0.225","0.03129735"
"2012-11-23 18:00:00+00:00","0.635","0.081","0.0313773"
"2012-11-23 18:30:00+00:00","0.616","0.038","0.0313035"
"2012-11-23 19:00:00+00:00","0.313","0.025","0.0316848"
"2012-11-23 19:30:00+00:00","0.17","0.006","0.0313896"
"2012-11-23 20:00:00+00:00","0.512","0.0","0.0313035"
"2012-11-23 20:30:00+00:00","0.272","0.0","0.03129735"
"2012-11-23 21:00:00+00:00","0.199","0.0","0.03111285"
"2012-11-23 21:30:00+00:00","0.211","0.0","0.03159255"
"2012-11-23 22:00:00+00:00","0.344","0.0","0.0314265"
"2012-11-23 22:30:00+00:00","0.106","0.0","0.03258885"
"2012-11-23 23:00:00+00:00","0.11","0.0","0.0321768"
"2012-11-23 23:30:00+00:00","0.279","0.0","0.0319431"
"2012-11-24 00:00:00+00:00","0.803","0.0","0.0321522"
"2012-11-24 00:30:00+00:00","0.087","0.0","0.03193695"
"2012-11-24 01:00:00+00:00","0.071","0.0","0.03198"
"2012-11-24 01:30:00+00:00","0.077","0.0","0.0319308"
"2012-11-24 02:00:00+00:00","0.08","0.0","0.03123585"
"2012-11-24 02:30:00+00:00","0.098","0.0","0.03122355"
"2012-11-24 03:00:00+00:00","0.108","0.0","0.0307746"
"2012-11-24 03:30:00+00:00","0.077","0.0","0.030627"
"2012-11-24 04:00:00+00:00","0.079","0.0","0.0307377"
"2012-11-24 04:30:00+00:00","0.097","0.0","0.03127275"
"2012-11-24 05:00:00+00:00","0.082","0.0","0.03128505"
"2012-11-24 05:30:00+00:00","0.079","0.0","0.0312789"
"2012-11-24 06:00:00+00:00","0.095","0.0","0.03153105"
"2012-11-24 06:30:00+00:00","0.105","0.006","0.03167865"
"2012-11-24 07:00:00+00:00","0.084","0.031","0.0317955"
"2012-11-24 07:30:00+00:00","0.077","0.05","0.0314388"
"2012-11-24 08:00:00+00:00","0.279","0.081","0.0325212"
"2012-11-24 08:30:00+00:00","0.386","0.388","0.03298245"
"2012-11-24 09:00:00+00:00","0.07","0.575","0.03272415"
"2012-11-24 09:30:00+00:00","0.204","0.581","0.03278565"
"2012-11-24 10:00:00+00:00","0.126","0.294","0.03289635"
"2012-11-24 10:30:00+00:00","0.204","0.281","0.0327303"
"2012-11-24 11:00:00+00:00","0.164","0.244","0.0326688"
"2012-11-24 11:30:00+00:00","0.176","0.15","0.03269955"
"2012-11-24 12:00:00+00:00","0.288","0.25","0.032718"
"2012-11-24 12:30:00+00:00","0.178","0.344","0.0327057"
"2012-11-24 13:00:00+00:00","0.803","0.45","0.0327057"
"2012-11-24 13:30:00+00:00","0.396","0.444","0.03271185"
"2012-11-24 14:00:00+00:00","0.313","0.556","0.0327303"
"2012-11-24 14:30:00+00:00","0.172","0.5","0.0327549"
"2012-11-24 15:00:00+00:00","0.128","0.675","0.032718"
"2012-11-24 15:30:00+00:00","0.11","0.688","0.0330255"
"2012-11-24 16:00:00+00:00","0.081","0.594","0.0336528"
"2012-11-24 16:30:00+00:00","0.128","0.488","0.0330132"
"2012-11-24 17:00:00+00:00","0.143","0.319","0.0324597"
"2012-11-24 17:30:00+00:00","0.05","0.125","0.03263805"
"2012-11-24 18:00:00+00:00","0.121","0.038","0.0325704"
"2012-11-24 18:30:00+00:00","0.088","0.025","0.03271185"
"2012-11-24 19:00:00+00:00","0.076","0.013","0.032718"
"2012-11-24 19:30:00+00:00","0.126","0.0","0.0327303"
"2012-11-24 20:00:00+00:00","0.088","0.0","0.0326565"
"2012-11-24 20:30:00+00:00","0.149","0.0","0.0325089"
"2012-11-24 21:00:00+00:00","0.054","0.0","0.0326934"
"2012-11-24 21:30:00+00:00","0.109","0.0","0.0330255"
"2012-11-24 22:00:00+00:00","0.082","0.0","0.03255195"
"2012-11-24 22:30:00+00:00","0.31","0.0","0.03321615"
"2012-11-24 23:00:00+00:00","0.278","0.0","0.0325827"
"2012-11-24 23:30:00+00:00","0.099","0.0","0.0327057"
"2012-11-25 00:00:00+00:00","0.137","0.0","0.03261345"
"2012-11-25 00:30:00+00:00","0.056","0.0","0.03215835"
"2012-11-25 01:00:00+00:00","0.091","0.0","0.0327918"
"2012-11-25 01:30:00+00:00","0.069","0.0","0.0328533"
"2012-11-25 02:00:00+00:00","0.085","0.0","0.03159255"
"2012-11-25 02:30:00+00:00","0.085","0.0","0.0310821"
"2012-11-25 03:00:00+00:00","0.097","0.0","0.0314634"
"2012-11-25 03:30:00+00:00","0.126","0.0","0.03128505"
"2012-11-25 04:00:00+00:00","0.054","0.0","0.0317832"
"2012-11-25 04:30:00+00:00","0.099","0.0","0.0309837"
"2012-11-25 05:00:00+00:00","0.045","0.0","0.03110055"
"2012-11-25 05:30:00+00:00","0.162","0.0","0.03118665"
"2012-11-25 06:00:00+00:00","0.143","0.0","0.03129735"
"2012-11-25 06:30:00+00:00","0.129","0.013","0.0308976"
"2012-11-25 07:00:00+00:00","0.09","0.044","0.0313035"
"2012-11-25 07:30:00+00:00","0.107","0.131","0.0313773"
"2012-11-25 08:00:00+00:00","0.06","0.313","0.0313035"
"2012-11-25 08:30:00+00:00","0.103","0.431","0.0318201"
"2012-11-25 09:00:00+00:00","0.141","0.525","0.03277335"
"2012-11-25 09:30:00+00:00","0.24","0.619","0.0326442"
"2012-11-25 10:00:00+00:00","0.14","0.688","0.03271185"
"2012-11-25 10:30:00+00:00","0.099","0.763","0.032718"
"2012-11-25 11:00:00+00:00","0.105","0.813","0.0327549"
"2012-11-25 11:30:00+00:00","0.093","0.825","0.03299475"
"2012-11-25 12:00:00+00:00","0.06","0.838","0.0335175"
"2012-11-25 12:30:00+00:00","0.121","0.856","0.0343047"
"2012-11-25 13:00:00+00:00","0.075","0.844","0.03438465"
"2012-11-25 13:30:00+00:00","0.123","0.556","0.0344892"
"2012-11-25 14:00:00+00:00","0.149","0.831","0.03439695"
"2012-11-25 14:30:00+00:00","0.194","0.813","0.03407715"
"2012-11-25 15:00:00+00:00","0.322","0.719","0.0344769"
"2012-11-25 15:30:00+00:00","0.161","0.638","0.03547935"
"2012-11-25 16:00:00+00:00","0.111","0.35","0.0357807"
"2012-11-25 16:30:00+00:00","0.105","0.513","0.0360513"
"2012-11-25 17:00:00+00:00","0.16","0.313","0.03578685"
"2012-11-25 17:30:00+00:00","0.103","0.119","0.03568845"
"2012-11-25 18:00:00+00:00","0.214","0.038","0.03475365"
"2012-11-25 18:30:00+00:00","0.338","0.025","0.03385575"
"2012-11-25 19:00:00+00:00","0.267","0.013","0.03375735"
"2012-11-25 19:30:00+00:00","0.172","0.006","0.03535635"
"2012-11-25 20:00:00+00:00","0.133","0.0","0.0342432"
"2012-11-25 20:30:00+00:00","0.196","0.0","0.0337512"
"2012-11-25 21:00:00+00:00","0.404","0.0","0.03319155"
"2012-11-25 21:30:00+00:00","0.28","0.0","0.03261345"
"2012-11-25 22:00:00+00:00","0.255","0.0","0.03257655"
"2012-11-25 22:30:00+00:00","0.202","0.0","0.03305625"
"2012-11-25 23:00:00+00:00","0.194","0.0","0.0325212"
"2012-11-25 23:30:00+00:00","0.126","0.0","0.03236745"
"2012-11-26 00:00:00+00:00","0.111","0.0","0.03223215"
"2012-11-26 00:30:00+00:00","0.159","0.0","0.0319431"
"2012-11-26 01:00:00+00:00","0.103","0.0","0.0320169"
"2012-11-26 01:30:00+00:00","0.14","0.0","0.0319308"
"2012-11-26 02:00:00+00:00","0.075","0.0","0.0319677"
"2012-11-26 02:30:00+00:00","0.112","0.0","0.032595"
"2012-11-26 03:00:00+00:00","0.1","0.0","0.0321891"
"2012-11-26 03:30:00+00:00","0.085","0.0","0.03347445"
"2012-11-26 04:00:00+00:00","0.125","0.0","0.03214605"
"2012-11-26 04:30:00+00:00","0.118","0.0","0.0326934"
"2012-11-26 05:00:00+00:00","0.134","0.0","0.0325458"
"2012-11-26 05:30:00+00:00","0.13","0.0","0.03416325"
"2012-11-26 06:00:00+00:00","0.312","0.0","0.03336375"
"2012-11-26 06:30:00+00:00","0.985","0.0","0.03201075"
"2012-11-26 07:00:00+00:00","0.166","0.0","0.03384345"
"2012-11-26 07:30:00+00:00","0.225","0.0","0.0337881"
"2012-11-26 08:00:00+00:00","0.261","0.0","0.03365895"
"2012-11-26 08:30:00+00:00","0.106","0.0","0.03550395"
"2012-11-26 09:00:00+00:00","0.103","0.0","0.0358791"
"2012-11-26 09:30:00+00:00","0.056","0.0","0.03914475"
"2012-11-26 10:00:00+00:00","0.135","0.0","0.0451164"
"2012-11-26 10:30:00+00:00","0.129","0.0","0.0374535"
"2012-11-26 11:00:00+00:00","0.113","0.0","0.0445875"
"2012-11-26 11:30:00+00:00","0.117","0.0","0.0472443"
"2012-11-26 12:00:00+00:00","0.117","0.0","0.04410165"
"2012-11-26 12:30:00+00:00","0.074","0.0","0.05020245"
"2012-11-26 13:00:00+00:00","0.093","0.0","0.0494583"
"2012-11-26 13:30:00+00:00","0.074","0.0","0.0519798"
"2012-11-26 14:00:00+00:00","0.086","0.0","0.05282235"
"2012-11-26 14:30:00+00:00","0.117","0.0","0.0438126"
"2012-11-26 15:00:00+00:00","0.116","0.0","0.0434805"
"2012-11-26 15:30:00+00:00","0.123","0.0","0.0415125"
"2012-11-26 16:00:00+00:00","0.064","0.0","0.07745925"
"2012-11-26 16:30:00+00:00","0.101","0.0","0.07219485"
"2012-11-26 17:00:00+00:00","0.079","0.0","0.03547935"
"2012-11-26 17:30:00+00:00","0.079","0.0","0.0330132"
"2012-11-26 18:00:00+00:00","0.103","0.0","0.03289635"
"2012-11-26 18:30:00+00:00","0.126","0.0","0.03267495"
"2012-11-26 19:00:00+00:00","0.114","0.0","0.032964"
"2012-11-26 19:30:00+00:00","0.066","0.0","0.0343785"
"2012-11-26 20:00:00+00:00","0.106","0.0","0.03271185"
"2012-11-26 20:30:00+00:00","0.066","0.0","0.0326196"
"2012-11-26 21:00:00+00:00","0.094","0.0","0.03267495"
"2012-11-26 21:30:00+00:00","0.079","0.0","0.03246585"
"2012-11-26 22:00:00+00:00","0.104","0.0","0.0325581"
"2012-11-26 22:30:00+00:00","0.141","0.0","0.03517185"
"2012-11-26 23:00:00+00:00","0.06","0.0","0.03273645"
"2012-11-26 23:30:00+00:00","0.094","0.0","0.03281025"
"2012-11-27 00:00:00+00:00","0.072","0.0","0.03271185"
"2012-11-27 00:30:00+00:00","0.078","0.0","0.0327672"
"2012-11-27 01:00:00+00:00","0.099","0.0","0.032718"
"2012-11-27 01:30:00+00:00","0.079","0.0","0.03267495"
"2012-11-27 02:00:00+00:00","0.135","0.0","0.03273645"
"2012-11-27 02:30:00+00:00","0.073","0.0","0.03258885"
"2012-11-27 03:00:00+00:00","0.079","0.0","0.0325581"
"2012-11-27 03:30:00+00:00","0.097","0.0","0.03279795"
"2012-11-27 04:00:00+00:00","0.054","0.0","0.03269955"
"2012-11-27 04:30:00+00:00","0.096","0.0","0.03267495"
"2012-11-27 05:00:00+00:00","0.101","0.0","0.03343755"
"2012-11-27 05:30:00+00:00","0.111","0.0","0.0339603"
"2012-11-27 06:00:00+00:00","0.096","0.0","0.03358515"
"2012-11-27 06:30:00+00:00","0.057","0.019","0.03245355"
"2012-11-27 07:00:00+00:00","0.096","0.075","0.0326319"
"2012-11-27 07:30:00+00:00","0.068","0.119","0.03240435"
"2012-11-27 08:00:00+00:00","0.072","0.238","0.0330501"
"2012-11-27 08:30:00+00:00","0.112","0.225","0.03299475"
"2012-11-27 09:00:00+00:00","0.106","0.544","0.03417555"
"2012-11-27 09:30:00+00:00","0.096","0.631","0.0349197"
"2012-11-27 10:00:00+00:00","0.074","0.706","0.034194"
"2012-11-27 10:30:00+00:00","0.082","0.7","0.0352149"
"2012-11-27 11:00:00+00:00","0.085","0.719","0.0355347"
"2012-11-27 11:30:00+00:00","0.066","0.681","0.047232"
"2012-11-27 12:00:00+00:00","0.139","0.719","0.0367401"
"2012-11-27 12:30:00+00:00","0.108","0.625","0.03619275"
"2012-11-27 13:00:00+00:00","0.108","0.55","0.03574995"
"2012-11-27 13:30:00+00:00","0.069","0.863","0.0352641"
"2012-11-27 14:00:00+00:00","0.093","0.569","0.03791475"
"2012-11-27 14:30:00+00:00","0.082","0.356","0.03611895"
"2012-11-27 15:00:00+00:00","0.076","0.344","0.0376257"
"2012-11-27 15:30:00+00:00","0.15","0.431","0.05121105"
"2012-11-27 16:00:00+00:00","0.086","0.35","0.038376"
"2012-11-27 16:30:00+00:00","0.141","0.394","0.0352149"
"2012-11-27 17:00:00+00:00","0.049","0.238","0.0339603"
"2012-11-27 17:30:00+00:00","0.11","0.175","0.0326442"
"2012-11-27 18:00:00+00:00","0.082","0.081","0.0350919"
"2012-11-27 18:30:00+00:00","0.074","0.019","0.03263805"
"2012-11-27 19:00:00+00:00","0.109","0.013","0.03300705"
"2012-11-27 19:30:00+00:00","0.11","0.0","0.03271185"
"2012-11-27 20:00:00+00:00","0.133","0.0","0.03266265"
"2012-11-27 20:30:00+00:00","0.061","0.0","0.0323244"
"2012-11-27 21:00:00+00:00","0.095","0.0","0.03231825"
"2012-11-27 21:30:00+00:00","0.08","0.0","0.03242895"
"2012-11-27 22:00:00+00:00","0.071","0.0","0.03166635"
"2012-11-27 22:30:00+00:00","0.096","0.0","0.0326934"
"2012-11-27 23:00:00+00:00","0.087","0.0","0.03251505"
"2012-11-27 23:30:00+00:00","0.136","0.0","0.03267495"
"2012-11-28 00:00:00+00:00","0.077","0.0","0.03240435"
"2012-11-28 00:30:00+00:00","0.068","0.0","0.03198"
"2012-11-28 01:00:00+00:00","0.098","0.0","0.0319308"
"2012-11-28 01:30:00+00:00","0.045","0.0","0.03190005"
"2012-11-28 02:00:00+00:00","0.1","0.0","0.0312789"
"2012-11-28 02:30:00+00:00","0.103","0.0","0.03068235"
"2012-11-28 03:00:00+00:00","0.108","0.0","0.030627"
"2012-11-28 03:30:00+00:00","0.101","0.0","0.03059625"
"2012-11-28 04:00:00+00:00","0.049","0.0","0.0311436"
"2012-11-28 04:30:00+00:00","0.092","0.0","0.03149415"
"2012-11-28 05:00:00+00:00","0.073","0.0","0.03203535"
"2012-11-28 05:30:00+00:00","0.063","0.0","0.03389265"
"2012-11-28 06:00:00+00:00","0.116","0.0","0.0328533"
"2012-11-28 06:30:00+00:00","0.104","0.006","0.0333453"
"2012-11-28 07:00:00+00:00","0.063","0.038","0.03417555"
"2012-11-28 07:30:00+00:00","0.09","0.044","0.0328164"
"2012-11-28 08:00:00+00:00","0.063","0.075","0.03408945"
"2012-11-28 08:30:00+00:00","0.075","0.306","0.03602055"
"2012-11-28 09:00:00+00:00","0.092","0.188","0.03684465"
"2012-11-28 09:30:00+00:00","0.086","0.219","0.0410451"
"2012-11-28 10:00:00+00:00","0.121","0.2","0.03925545"
"2012-11-28 10:30:00+00:00","0.064","0.213","0.0431238"
"2012-11-28 11:00:00+00:00","0.075","0.163","0.0356577"
"2012-11-28 11:30:00+00:00","0.08","0.181","0.0358791"
"2012-11-28 12:00:00+00:00","0.07","0.281","0.0379947"
"2012-11-28 12:30:00+00:00","0.089","0.488","0.0400611"
"2012-11-28 13:00:00+00:00","0.128","0.531","0.03801315"
"2012-11-28 13:30:00+00:00","0.086","0.588","0.03946455"
"2012-11-28 14:00:00+00:00","0.09","0.606","0.04246575"
"2012-11-28 14:30:00+00:00","0.067","0.844","0.05322825"
"2012-11-28 15:00:00+00:00","0.079","0.531","0.057564"
"2012-11-28 15:30:00+00:00","0.088","0.381","0.04579905"
"2012-11-28 16:00:00+00:00","0.092","0.5","0.0456207"
"2012-11-28 16:30:00+00:00","0.142","0.294","0.03638955"
"2012-11-28 17:00:00+00:00","0.065","0.313","0.0393108"
"2012-11-28 17:30:00+00:00","0.095","0.169","0.039975"
"2012-11-28 18:00:00+00:00","0.079","0.113","0.0361128"
"2012-11-28 18:30:00+00:00","0.069","0.044","0.033456"
"2012-11-28 19:00:00+00:00","0.111","0.0","0.03351135"
"2012-11-28 19:30:00+00:00","0.077","0.0","0.03330225"
"2012-11-28 20:00:00+00:00","0.149","0.0","0.03271185"
"2012-11-28 20:30:00+00:00","0.063","0.0","0.0326442"
"2012-11-28 21:00:00+00:00","0.089","0.0","0.0320661"
"2012-11-28 21:30:00+00:00","0.085","0.0","0.03305625"
"2012-11-28 22:00:00+00:00","0.059","0.0","0.0327057"
"2012-11-28 22:30:00+00:00","0.105","0.0","0.03415095"
"2012-11-28 23:00:00+00:00","0.073","0.0","0.03277335"
"2012-11-28 23:30:00+00:00","0.134","0.0","0.03284715"
"2012-11-29 00:00:00+00:00","0.07","0.0","0.03224445"
"2012-11-29 00:30:00+00:00","0.073","0.0","0.03204765"
"2012-11-29 01:00:00+00:00","0.1","0.0","0.03201075"
"2012-11-29 01:30:00+00:00","0.044","0.0","0.03182625"
"2012-11-29 02:00:00+00:00","0.098","0.0","0.03105135"
"2012-11-29 02:30:00+00:00","0.112","0.0","0.0307254"
"2012-11-29 03:00:00+00:00","0.092","0.0","0.03067005"
"2012-11-29 03:30:00+00:00","0.088","0.0","0.030627"
"2012-11-29 04:00:00+00:00","0.06","0.0","0.0307254"
"2012-11-29 04:30:00+00:00","0.089","0.0","0.0311805"
"2012-11-29 05:00:00+00:00","0.077","0.0","0.0315741"
"2012-11-29 05:30:00+00:00","0.087","0.0","0.03364665"
"2012-11-29 06:00:00+00:00","0.124","0.0","0.03230595"
"2012-11-29 06:30:00+00:00","0.083","0.006","0.0337881"
"2012-11-29 07:00:00+00:00","0.061","0.0","0.0340464"
"2012-11-29 07:30:00+00:00","0.101","0.044","0.03231825"
"2012-11-29 08:00:00+00:00","0.037","0.163","0.03402795"
"2012-11-29 08:30:00+00:00","0.111","0.294","0.0356454"
"2012-11-29 09:00:00+00:00","0.1","0.381","0.0362358"
"2012-11-29 09:30:00+00:00","0.11","0.256","0.0362112"
"2012-11-29 10:00:00+00:00","0.098","0.513","0.0374043"
"2012-11-29 10:30:00+00:00","0.049","0.55","0.04479045"
"2012-11-29 11:00:00+00:00","0.098","0.419","0.0431853"
"2012-11-29 11:30:00+00:00","0.068","0.506","0.0455346"
"2012-11-29 12:00:00+00:00","0.092","0.6","0.06908295"
"2012-11-29 12:30:00+00:00","0.196","0.606","0.08836935"
"2012-11-29 13:00:00+00:00","0.11","0.813","0.1208844"
"2012-11-29 13:30:00+00:00","0.108","0.738","0.16327635"
"2012-11-29 14:00:00+00:00","0.049","0.669","0.171585"
"2012-11-29 14:30:00+00:00","0.112","0.806","0.14755695"
"2012-11-29 15:00:00+00:00","0.062","0.775","0.1868739"
"2012-11-29 15:30:00+00:00","0.113","0.713","0.13314135"
"2012-11-29 16:00:00+00:00","0.129","0.638","0.19555155"
"2012-11-29 16:30:00+00:00","0.083","0.525","0.1325325"
"2012-11-29 17:00:00+00:00","0.117","0.331","0.1021884"
"2012-11-29 17:30:00+00:00","0.052","0.138","0.07054665"
"2012-11-29 18:00:00+00:00","0.103","0.038","0.0514263"
"2012-11-29 18:30:00+00:00","0.071","0.025","0.04182"
"2012-11-29 19:00:00+00:00","0.105","0.019","0.0421644"
"2012-11-29 19:30:00+00:00","0.137","0.0","0.05561445"
"2012-11-29 20:00:00+00:00","0.082","0.0","0.0459159"
"2012-11-29 20:30:00+00:00","0.108","0.0","0.0366786"
"2012-11-29 21:00:00+00:00","0.061","0.0","0.0335544"
"2012-11-29 21:30:00+00:00","0.093","0.0","0.0344769"
"2012-11-29 22:00:00+00:00","0.078","0.0","0.03236745"
"2012-11-29 22:30:00+00:00","0.087","0.0","0.0358545"
"2012-11-29 23:00:00+00:00","0.145","0.0","0.03392955"
"2012-11-29 23:30:00+00:00","0.074","0.0","0.03383115"
"2012-11-30 00:00:00+00:00","0.093","0.0","0.0332592"
"2012-11-30 00:30:00+00:00","0.076","0.0","0.03269955"
"2012-11-30 01:00:00+00:00","0.074","0.0","0.03281025"
"2012-11-30 01:30:00+00:00","0.095","0.0","0.03285945"
"2012-11-30 02:00:00+00:00","0.088","0.0","0.03250275"
"2012-11-30 02:30:00+00:00","0.128","0.0","0.0325212"
"2012-11-30 03:00:00+00:00","0.092","0.0","0.0326073"
"2012-11-30 03:30:00+00:00","0.067","0.0","0.0326442"
"2012-11-30 04:00:00+00:00","0.088","0.0","0.032718"
"2012-11-30 04:30:00+00:00","0.074","0.0","0.0337143"
"2012-11-30 05:00:00+00:00","0.071","0.0","0.0339111"
"2012-11-30 05:30:00+00:00","0.117","0.0","0.0337266"
"2012-11-30 06:00:00+00:00","0.098","0.0","0.0335175"
"2012-11-30 06:30:00+00:00","0.093","0.019","0.03356055"
"2012-11-30 07:00:00+00:00","0.082","0.063","0.03460605"
"2012-11-30 07:30:00+00:00","0.062","0.138","0.0360513"
"2012-11-30 08:00:00+00:00","0.101","0.25","0.04602045"
"2012-11-30 08:30:00+00:00","0.044","0.425","0.0688185"
"2012-11-30 09:00:00+00:00","0.14","0.531","0.0728775"
"2012-11-30 09:30:00+00:00","0.108","0.606","0.0858786"
"2012-11-30 10:00:00+00:00","0.081","0.688","0.08916885"
"2012-11-30 10:30:00+00:00","0.1","0.731","0.0981171"
"2012-11-30 11:00:00+00:00","0.053","0.775","0.1354968"
"2012-11-30 11:30:00+00:00","0.118","0.85","0.1078218"
"2012-11-30 12:00:00+00:00","0.045","0.825","0.0892119"
"2012-11-30 12:30:00+00:00","0.156","0.881","0.1013397"
"2012-11-30 13:00:00+00:00","0.106","0.869","0.1562961"
"2012-11-30 13:30:00+00:00","0.106","0.881","0.1398387"
"2012-11-30 14:00:00+00:00","0.09","0.788","0.1293714"
"2012-11-30 14:30:00+00:00","0.076","0.681","0.1585347"
"2012-11-30 15:00:00+00:00","0.093","0.744","0.16226775"
"2012-11-30 15:30:00+00:00","0.08","0.35","0.12090285"
"2012-11-30 16:00:00+00:00","0.124","0.375","0.1459641"
"2012-11-30 16:30:00+00:00","0.116","0.481","0.08916885"
"2012-11-30 17:00:00+00:00","0.141","0.356","0.10765575"
"2012-11-30 17:30:00+00:00","0.064","0.181","0.11245275"
"2012-11-30 18:00:00+00:00","0.111","0.156","0.0615984"
"2012-11-30 18:30:00+00:00","0.073","0.013","0.0436773"
"2012-11-30 19:00:00+00:00","0.096","0.006","0.05278545"
"2012-11-30 19:30:00+00:00","0.08","0.0","0.0482283"
"2012-11-30 20:00:00+00:00","0.141","0.0","0.0425088"
"2012-11-30 20:30:00+00:00","0.091","0.0","0.03859125"
"2012-11-30 21:00:00+00:00","0.149","0.006","0.03645105"
"2012-11-30 21:30:00+00:00","0.062","0.0","0.03504885"
"2012-11-30 22:00:00+00:00","0.103","0.0","0.0338742"
"2012-11-30 22:30:00+00:00","0.072","0.0","0.03578685"
"2012-11-30 23:00:00+00:00","0.1","0.0","0.0345261"
"2012-11-30 23:30:00+00:00","0.079","0.0","0.03442155"
"2012-12-01 00:00:00+00:00","0.117","0.0","0.03331455"
"2012-12-01 00:30:00+00:00","0.147","0.0","0.03397875"
"2012-12-01 01:00:00+00:00","0.089","0.0","0.0338373"
"2012-12-01 01:30:00+00:00","0.099","0.0","0.033825"
"2012-12-01 02:00:00+00:00","0.066","0.0","0.03383115"
"2012-12-01 02:30:00+00:00","0.109","0.0","0.03383115"
"2012-12-01 03:00:00+00:00","0.06","0.0","0.0336405"
"2012-12-01 03:30:00+00:00","0.097","0.0","0.0331854"
"2012-12-01 04:00:00+00:00","0.136","0.0","0.03210915"
"2012-12-01 04:30:00+00:00","0.098","0.0","0.0324474"
"2012-12-01 05:00:00+00:00","0.118","0.0","0.0328164"
"2012-12-01 05:30:00+00:00","0.064","0.0","0.03236745"
"2012-12-01 06:00:00+00:00","0.088","0.0","0.03130965"
"2012-12-01 06:30:00+00:00","0.091","0.0","0.0311928"
"2012-12-01 07:00:00+00:00","0.077","0.006","0.0326442"
"2012-12-01 07:30:00+00:00","0.117","0.019","0.03207225"
"2012-12-01 08:00:00+00:00","0.097","0.05","0.0327672"
"2012-12-01 08:30:00+00:00","0.126","0.069","0.03284715"
"2012-12-01 09:00:00+00:00","0.075","0.056","0.03290865"
"2012-12-01 09:30:00+00:00","0.076","0.181","0.03289635"
"2012-12-01 10:00:00+00:00","0.1","0.263","0.0328902"
"2012-12-01 10:30:00+00:00","0.057","0.581","0.03319155"
"2012-12-01 11:00:00+00:00","0.108","0.456","0.03445845"
"2012-12-01 11:30:00+00:00","0.111","0.356","0.0341202"
"2012-12-01 12:00:00+00:00","0.134","0.431","0.0342063"
"2012-12-01 12:30:00+00:00","0.089","0.731","0.0349689"
"2012-12-01 13:00:00+00:00","0.084","0.669","0.0339603"
"2012-12-01 13:30:00+00:00","0.099","0.538","0.0355839"
"2012-12-01 14:00:00+00:00","0.064","0.531","0.0362112"
"2012-12-01 14:30:00+00:00","0.108","0.513","0.0382284"
"2012-12-01 15:00:00+00:00","0.095","0.825","0.0357069"
"2012-12-01 15:30:00+00:00","0.141","0.7","0.035547"
"2012-12-01 16:00:00+00:00","0.111","0.638","0.03576225"
"2012-12-01 16:30:00+00:00","0.138","0.463","0.0356946"
"2012-12-01 17:00:00+00:00","0.066","0.331","0.03686925"
"2012-12-01 17:30:00+00:00","0.109","0.163","0.03546705"
"2012-12-01 18:00:00+00:00","0.075","0.106","0.03481515"
"2012-12-01 18:30:00+00:00","0.111","0.05","0.0340341"
"2012-12-01 19:00:00+00:00","0.063","0.025","0.0341079"
"2012-12-01 19:30:00+00:00","0.144","0.0","0.03522105"
"2012-12-01 20:00:00+00:00","0.114","0.0","0.034563"
"2012-12-01 20:30:00+00:00","0.133","0.0","0.033333"
"2012-12-01 21:00:00+00:00","0.08","0.0","0.0332469"
"2012-12-01 21:30:00+00:00","0.114","0.0","0.032841"
"2012-12-01 22:00:00+00:00","0.059","0.0","0.03265035"
"2012-12-01 22:30:00+00:00","0.111","0.0","0.03388035"
"2012-12-01 23:00:00+00:00","0.066","0.0","0.03319155"
"2012-12-01 23:30:00+00:00","0.123","0.0","0.0327426"
"2012-12-02 00:00:00+00:00","0.099","0.0","0.0330009"
"2012-12-02 00:30:00+00:00","0.15","0.0","0.0325704"
"2012-12-02 01:00:00+00:00","0.095","0.0","0.03215835"
"2012-12-02 01:30:00+00:00","0.076","0.0","0.0320292"
"2012-12-02 02:00:00+00:00","0.092","0.0","0.0318939"
"2012-12-02 02:30:00+00:00","0.087","0.0","0.0316479"
"2012-12-02 03:00:00+00:00","0.088","0.0","0.0313158"
"2012-12-02 03:30:00+00:00","0.065","0.0","0.03067005"
"2012-12-02 04:00:00+00:00","0.158","0.0","0.03064545"
"2012-12-02 04:30:00+00:00","0.095","0.0","0.0312912"
"2012-12-02 05:00:00+00:00","0.113","0.006","0.0311559"
"2012-12-02 05:30:00+00:00","0.085","0.0","0.03073155"
"2012-12-02 06:00:00+00:00","0.084","0.0","0.03118665"
"2012-12-02 06:30:00+00:00","0.093","0.0","0.0311928"
"2012-12-02 07:00:00+00:00","0.072","0.006","0.03253965"
"2012-12-02 07:30:00+00:00","0.11","0.031","0.03159255"
"2012-12-02 08:00:00+00:00","0.091","0.05","0.0315618"
"2012-12-02 08:30:00+00:00","0.139","0.038","0.03224445"
"2012-12-02 09:00:00+00:00","0.095","0.081","0.03263805"
"2012-12-02 09:30:00+00:00","0.067","0.313","0.03282255"
"2012-12-02 10:00:00+00:00","0.102","0.413","0.032718"
"2012-12-02 10:30:00+00:00","0.063","0.263","0.0327549"
"2012-12-02 11:00:00+00:00","0.096","0.394","0.0327426"
"2012-12-02 11:30:00+00:00","0.081","0.531","0.03269955"
"2012-12-02 12:00:00+00:00","0.135","0.456","0.032718"
"2012-12-02 12:30:00+00:00","0.117","0.425","0.0322752"
"2012-12-02 13:00:00+00:00","0.079","0.863","0.03192465"
"2012-12-02 13:30:00+00:00","0.113","0.819","0.0315495"
"2012-12-02 14:00:00+00:00","0.051","0.813","0.03170325"
"2012-12-02 14:30:00+00:00","0.104","0.825","0.03196155"
"2012-12-02 15:00:00+00:00","0.085","0.631","0.03220755"
"2012-12-02 15:30:00+00:00","0.102","0.538","0.03224445"
"2012-12-02 16:00:00+00:00","0.137","0.406","0.0326688"
"2012-12-02 16:30:00+00:00","0.111","0.256","0.0325704"
"2012-12-02 17:00:00+00:00","0.1","0.231","0.0327057"
"2012-12-02 17:30:00+00:00","0.061","0.069","0.0326811"
"2012-12-02 18:00:00+00:00","0.11","0.05","0.03269955"
"2012-12-02 18:30:00+00:00","0.067","0.0","0.0323982"
"2012-12-02 19:00:00+00:00","0.082","0.0","0.0326934"
"2012-12-02 19:30:00+00:00","0.128","0.0","0.03289635"
"2012-12-02 20:00:00+00:00","0.088","0.0","0.03273645"
"2012-12-02 20:30:00+00:00","0.129","0.006","0.03214605"
"2012-12-02 21:00:00+00:00","0.077","0.0","0.0314142"
"2012-12-02 21:30:00+00:00","0.07","0.0","0.03185085"
"2012-12-02 22:00:00+00:00","0.095","0.0","0.03230595"
"2012-12-02 22:30:00+00:00","0.061","0.0","0.03315465"
"2012-12-02 23:00:00+00:00","0.089","0.0","0.03255195"
"2012-12-02 23:30:00+00:00","0.109","0.0","0.03252735"
"2012-12-03 00:00:00+00:00","0.118","0.0","0.03321615"
"2012-12-03 00:30:00+00:00","0.095","0.0","0.03209685"
"2012-12-03 01:00:00+00:00","0.06","0.0","0.03190005"
"2012-12-03 01:30:00+00:00","0.084","0.0","0.0317955"
"2012-12-03 02:00:00+00:00","0.079","0.0","0.0318693"
"2012-12-03 02:30:00+00:00","0.076","0.0","0.0321276"
"2012-12-03 03:00:00+00:00","0.095","0.0","0.03191235"
"2012-12-03 03:30:00+00:00","0.11","0.0","0.03244125"
"2012-12-03 04:00:00+00:00","0.104","0.0","0.03265035"
"2012-12-03 04:30:00+00:00","0.077","0.0","0.0314142"
"2012-12-03 05:00:00+00:00","0.064","0.0","0.0323859"
"2012-12-03 05:30:00+00:00","0.089","0.0","0.033948"
"2012-12-03 06:00:00+00:00","0.072","0.0","0.0330132"
"2012-12-03 06:30:00+00:00","0.076","0.0","0.03251505"
"2012-12-03 07:00:00+00:00","0.134","0.0","0.0343785"
"2012-12-03 07:30:00+00:00","0.081","0.0","0.0320784"
"2012-12-03 08:00:00+00:00","0.091","0.0","0.0327303"
"2012-12-03 08:30:00+00:00","0.079","0.006","0.03301935"
"2012-12-03 09:00:00+00:00","0.061","0.013","0.03300705"
"2012-12-03 09:30:00+00:00","0.094","0.031","0.03306855"
"2012-12-03 10:00:00+00:00","0.062","0.044","0.03320385"
"2012-12-03 10:30:00+00:00","0.121","0.056","0.03335145"
"2012-12-03 11:00:00+00:00","0.106","0.025","0.0327549"
"2012-12-03 11:30:00+00:00","0.066","0.038","0.0335298"
"2012-12-03 12:00:00+00:00","0.084","0.031","0.032718"
"2012-12-03 12:30:00+00:00","0.077","0.069","0.0336897"
"2012-12-03 13:00:00+00:00","0.058","0.056","0.0333084"
"2012-12-03 13:30:00+00:00","0.094","0.563","0.03373275"
"2012-12-03 14:00:00+00:00","0.099","0.613","0.0322752"
"2012-12-03 14:30:00+00:00","0.12","0.394","0.0341079"
"2012-12-03 15:00:00+00:00","0.079","0.706","0.0327918"
"2012-12-03 15:30:00+00:00","0.06","0.625","0.0320538"
"2012-12-03 16:00:00+00:00","0.102","0.513","0.0329763"
"2012-12-03 16:30:00+00:00","0.063","0.281","0.0327303"
"2012-12-03 17:00:00+00:00","0.082","0.269","0.03281025"
"2012-12-03 17:30:00+00:00","0.134","0.231","0.03266265"
"2012-12-03 18:00:00+00:00","0.086","0.15","0.0324228"
"2012-12-03 18:30:00+00:00","0.104","0.025","0.03282255"
"2012-12-03 19:00:00+00:00","0.069","0.006","0.032718"
"2012-12-03 19:30:00+00:00","0.08","0.0","0.0329394"
"2012-12-03 20:00:00+00:00","0.098","0.0","0.032595"
"2012-12-03 20:30:00+00:00","0.044","0.0","0.03244125"
"2012-12-03 21:00:00+00:00","0.116","0.0","0.03162945"
"2012-12-03 21:30:00+00:00","0.118","0.0","0.03185085"
"2012-12-03 22:00:00+00:00","0.078","0.0","0.03084225"
"2012-12-03 22:30:00+00:00","0.102","0.0","0.0319308"
"2012-12-03 23:00:00+00:00","0.05","0.0","0.0315249"
"2012-12-03 23:30:00+00:00","0.088","0.0","0.03193695"
"2012-12-04 00:00:00+00:00","0.082","0.0","0.0316233"
"2012-12-04 00:30:00+00:00","0.061","0.0","0.03149415"
"2012-12-04 01:00:00+00:00","0.142","0.0","0.03087915"
"2012-12-04 01:30:00+00:00","0.093","0.0","0.03047325"
"2012-12-04 02:00:00+00:00","0.078","0.0","0.0284007"
"2012-12-04 02:30:00+00:00","0.087","0.0","0.02913255"
"2012-12-04 03:00:00+00:00","0.064","0.0","0.0287082"
"2012-12-04 03:30:00+00:00","0.085","0.0","0.0278718"
"2012-12-04 04:00:00+00:00","0.072","0.0","0.02777955"
"2012-12-04 04:30:00+00:00","0.101","0.0","0.02691855"
"2012-12-04 05:00:00+00:00","0.128","0.0","0.02887425"
"2012-12-04 05:30:00+00:00","0.06","0.0","0.0309468"
"2012-12-04 06:00:00+00:00","0.08","0.0","0.03167865"
"2012-12-04 06:30:00+00:00","0.085","0.006","0.03192465"
"2012-12-04 07:00:00+00:00","0.056","0.05","0.0326688"
"2012-12-04 07:30:00+00:00","0.093","0.138","0.0309099"
"2012-12-04 08:00:00+00:00","0.078","0.338","0.0315864"
"2012-12-04 08:30:00+00:00","0.117","0.456","0.03114975"
"2012-12-04 09:00:00+00:00","0.095","0.581","0.03142035"
"2012-12-04 09:30:00+00:00","0.065","0.675","0.0317955"
"2012-12-04 10:00:00+00:00","0.089","0.763","0.03249045"
"2012-12-04 10:30:00+00:00","0.062","0.825","0.03142035"
"2012-12-04 11:00:00+00:00","0.08","0.875","0.03185085"
"2012-12-04 11:30:00+00:00","0.102","0.906","0.0327549"
"2012-12-04 12:00:00+00:00","0.115","0.925","0.0327672"
"2012-12-04 12:30:00+00:00","0.111","0.925","0.0332592"
"2012-12-04 13:00:00+00:00","0.061","0.913","0.03241665"
"2012-12-04 13:30:00+00:00","0.097","0.913","0.03258885"
"2012-12-04 14:00:00+00:00","0.069","0.888","0.03250275"
"2012-12-04 14:30:00+00:00","0.087","0.844","0.0323736"
"2012-12-04 15:00:00+00:00","0.09","0.806","0.0327426"
"2012-12-04 15:30:00+00:00","0.113","0.744","0.03262575"
"2012-12-04 16:00:00+00:00","0.141","0.669","0.0327303"
"2012-12-04 16:30:00+00:00","0.048","0.494","0.0326073"
"2012-12-04 17:00:00+00:00","0.105","0.344","0.0321153"
"2012-12-04 17:30:00+00:00","0.081","0.131","0.0314757"
"2012-12-04 18:00:00+00:00","0.074","0.019","0.03260115"
"2012-12-04 18:30:00+00:00","0.093","0.019","0.03204765"
"2012-12-04 19:00:00+00:00","0.103","0.006","0.0320784"
"2012-12-04 19:30:00+00:00","0.137","0.0","0.0322629"
"2012-12-04 20:00:00+00:00","0.081","0.0","0.03156795"
"2012-12-04 20:30:00+00:00","0.09","0.0","0.03204765"
"2012-12-04 21:00:00+00:00","0.076","0.0","0.03150645"
"2012-12-04 21:30:00+00:00","0.081","0.0","0.0322137"
"2012-12-04 22:00:00+00:00","0.087","0.0","0.03134655"
"2012-12-04 22:30:00+00:00","0.065","0.0","0.0328164"
"2012-12-04 23:00:00+00:00","0.145","0.0","0.0326073"
"2012-12-04 23:30:00+00:00","0.085","0.0","0.0324105"
"2012-12-05 00:00:00+00:00","0.08","0.0","0.03294555"
"2012-12-05 00:30:00+00:00","0.094","0.0","0.0327672"
"2012-12-05 01:00:00+00:00","0.05","0.0","0.0326196"
"2012-12-05 01:30:00+00:00","0.099","0.0","0.0321891"
"2012-12-05 02:00:00+00:00","0.065","0.0","0.0311682"
"2012-12-05 02:30:00+00:00","0.108","0.0","0.0301227"
"2012-12-05 03:00:00+00:00","0.129","0.0","0.0302211"
"2012-12-05 03:30:00+00:00","0.056","0.0","0.0297783"
"2012-12-05 04:00:00+00:00","0.085","0.0","0.03022725"
"2012-12-05 04:30:00+00:00","0.088","0.0","0.0294093"
"2012-12-05 05:00:00+00:00","0.047","0.0","0.03116205"
"2012-12-05 05:30:00+00:00","0.097","0.0","0.0316602"
"2012-12-05 06:00:00+00:00","0.084","0.0","0.0317709"
"2012-12-05 06:30:00+00:00","0.099","0.006","0.0317586"
"2012-12-05 07:00:00+00:00","0.089","0.044","0.0325335"
"2012-12-05 07:30:00+00:00","0.07","0.138","0.03123585"
"2012-12-05 08:00:00+00:00","0.068","0.344","0.03119895"
"2012-12-05 08:30:00+00:00","0.08","0.488","0.0316971"
"2012-12-05 09:00:00+00:00","0.066","0.6","0.03186315"
"2012-12-05 09:30:00+00:00","0.078","0.7","0.0316233"
"2012-12-05 10:00:00+00:00","0.138","0.781","0.03139575"
"2012-12-05 10:30:00+00:00","0.065","0.844","0.0314511"
"2012-12-05 11:00:00+00:00","0.087","0.881","0.0314019"
"2012-12-05 11:30:00+00:00","0.08","0.85","0.03139575"
"2012-12-05 12:00:00+00:00","0.054","0.925","0.03143265"
"2012-12-05 12:30:00+00:00","0.101","0.988","0.03191235"
"2012-12-05 13:00:00+00:00","0.075","0.956","0.03135885"
"2012-12-05 13:30:00+00:00","0.121","0.975","0.0313896"
"2012-12-05 14:00:00+00:00","0.103","0.881","0.03132195"
"2012-12-05 14:30:00+00:00","0.052","0.906","0.03126045"
"2012-12-05 15:00:00+00:00","0.101","0.844","0.0324966"
"2012-12-05 15:30:00+00:00","0.067","0.65","0.0327426"
"2012-12-05 16:00:00+00:00","0.078","0.7","0.03240435"
"2012-12-05 16:30:00+00:00","0.105","0.506","0.0320292"
"2012-12-05 17:00:00+00:00","0.098","0.338","0.0320046"
"2012-12-05 17:30:00+00:00","0.123","0.163","0.03250275"
"2012-12-05 18:00:00+00:00","0.064","0.094","0.0313896"
"2012-12-05 18:30:00+00:00","0.081","0.063","0.03134655"
"2012-12-05 19:00:00+00:00","0.084","0.025","0.03161715"
"2012-12-05 19:30:00+00:00","0.078","0.0","0.0322137"
"2012-12-05 20:00:00+00:00","0.094","0.0","0.0320907"
"2012-12-05 20:30:00+00:00","0.106","0.0","0.03235515"
"2012-12-05 21:00:00+00:00","0.097","0.0","0.03084225"
"2012-12-05 21:30:00+00:00","0.088","0.0","0.03140805"
"2012-12-05 22:00:00+00:00","0.067","0.0","0.0311559"
"2012-12-05 22:30:00+00:00","0.091","0.0","0.0319923"
"2012-12-05 23:00:00+00:00","0.062","0.0","0.03207225"
"2012-12-05 23:30:00+00:00","0.076","0.0","0.03201075"
"2012-12-06 00:00:00+00:00","0.123","0.0","0.03219525"
"2012-12-06 00:30:00+00:00","0.087","0.0","0.03193695"
"2012-12-06 01:00:00+00:00","0.078","0.0","0.0325827"
"2012-12-06 01:30:00+00:00","0.076","0.0","0.0321276"
"2012-12-06 02:00:00+00:00","0.061","0.0","0.031734"
"2012-12-06 02:30:00+00:00","0.087","0.0","0.0312297"
"2012-12-06 03:00:00+00:00","0.069","0.0","0.030627"
"2012-12-06 03:30:00+00:00","0.091","0.0","0.03119895"
"2012-12-06 04:00:00+00:00","0.119","0.0","0.0315495"
"2012-12-06 04:30:00+00:00","0.045","0.0","0.03142035"
"2012-12-06 05:00:00+00:00","0.082","0.006","0.03150645"
"2012-12-06 05:30:00+00:00","0.079","0.0","0.03258885"
"2012-12-06 06:00:00+00:00","0.053","0.0","0.0321768"
"2012-12-06 06:30:00+00:00","0.086","0.006","0.0320784"
"2012-12-06 07:00:00+00:00","0.083","0.044","0.0328656"
"2012-12-06 07:30:00+00:00","0.093","0.144","0.0309591"
"2012-12-06 08:00:00+00:00","0.073","0.344","0.0319062"
"2012-12-06 08:30:00+00:00","0.295","0.475","0.0319431"
"2012-12-06 09:00:00+00:00","0.115","0.588","0.03146955"
"2012-12-06 09:30:00+00:00","0.078","0.688","0.032226"
"2012-12-06 10:00:00+00:00","0.087","0.763","0.0319308"
"2012-12-06 10:30:00+00:00","0.061","0.825","0.03247815"
"2012-12-06 11:00:00+00:00","0.135","0.875","0.03303165"
"2012-12-06 11:30:00+00:00","0.072","0.9","0.0325212"
"2012-12-06 12:00:00+00:00","0.068","0.919","0.0319431"
"2012-12-06 12:30:00+00:00","0.096","0.931","0.03213375"
"2012-12-06 13:00:00+00:00","0.057","0.938","0.0321768"
"2012-12-06 13:30:00+00:00","0.077","0.925","0.03204765"
"2012-12-06 14:00:00+00:00","0.111","0.9","0.03263805"
"2012-12-06 14:30:00+00:00","0.097","0.863","0.0341079"
"2012-12-06 15:00:00+00:00","0.091","0.781","0.0340956"
"2012-12-06 15:30:00+00:00","0.082","0.756","0.0336897"
"2012-12-06 16:00:00+00:00","0.071","0.681","0.03349905"
"2012-12-06 16:30:00+00:00","0.086","0.456","0.032349"
"2012-12-06 17:00:00+00:00","0.071","0.369","0.03267495"
"2012-12-06 17:30:00+00:00","0.11","0.169","0.0316479"
"2012-12-06 18:00:00+00:00","0.123","0.05","0.03138345"
"2012-12-06 18:30:00+00:00","0.057","0.031","0.03164175"
"2012-12-06 19:00:00+00:00","0.085","0.025","0.032103"
"2012-12-06 19:30:00+00:00","0.08","0.0","0.03214605"
"2012-12-06 20:00:00+00:00","0.074","0.0","0.03185085"
"2012-12-06 20:30:00+00:00","0.087","0.0","0.03159255"
"2012-12-06 21:00:00+00:00","0.091","0.0","0.03135885"
"2012-12-06 21:30:00+00:00","0.107","0.0","0.03165405"
"2012-12-06 22:00:00+00:00","0.09","0.0","0.0311682"
"2012-12-06 22:30:00+00:00","0.052","0.0","0.0325089"
"2012-12-06 23:00:00+00:00","0.083","0.0","0.03305625"
"2012-12-06 23:30:00+00:00","0.081","0.0","0.03315465"
"2012-12-07 00:00:00+00:00","0.047","0.006","0.0330747"
"2012-12-07 00:30:00+00:00","0.125","0.0","0.0323613"
"2012-12-07 01:00:00+00:00","0.1","0.0","0.03257655"
"2012-12-07 01:30:00+00:00","0.063","0.0","0.03250275"
"2012-12-07 02:00:00+00:00","0.093","0.0","0.0320169"
"2012-12-07 02:30:00+00:00","0.046","0.0","0.03140805"
"2012-12-07 03:00:00+00:00","0.084","0.0","0.03063315"
"2012-12-07 03:30:00+00:00","0.087","0.0","0.0305901"
"2012-12-07 04:00:00+00:00","0.069","0.0","0.03075"
"2012-12-07 04:30:00+00:00","0.126","0.0","0.03122355"
"2012-12-07 05:00:00+00:00","0.077","0.0","0.0314265"
"2012-12-07 05:30:00+00:00","0.056","0.0","0.0325212"
"2012-12-07 06:00:00+00:00","0.079","0.0","0.03237975"
"2012-12-07 06:30:00+00:00","0.079","0.006","0.03185085"
"2012-12-07 07:00:00+00:00","0.062","0.019","0.03244125"
"2012-12-07 07:30:00+00:00","0.099","0.056","0.0310329"
"2012-12-07 08:00:00+00:00","0.114","0.156","0.0318447"
"2012-12-07 08:30:00+00:00","0.051","0.15","0.0320415"
"2012-12-07 09:00:00+00:00","0.089","0.163","0.0325827"
"2012-12-07 09:30:00+00:00","0.059","0.156","0.032103"
"2012-12-07 10:00:00+00:00","0.075","0.369","0.0317955"
"2012-12-07 10:30:00+00:00","0.09","0.463","0.03183855"
"2012-12-07 11:00:00+00:00","0.074","0.581","0.0315249"
"2012-12-07 11:30:00+00:00","0.12","0.638","0.0314265"
"2012-12-07 12:00:00+00:00","0.08","0.5","0.03154335"
"2012-12-07 12:30:00+00:00","0.053","0.35","0.03148185"
"2012-12-07 13:00:00+00:00","0.098","0.369","0.03134655"
"2012-12-07 13:30:00+00:00","0.063","0.731","0.03143265"
"2012-12-07 14:00:00+00:00","0.075","0.506","0.03255195"
"2012-12-07 14:30:00+00:00","0.132","0.588","0.0314265"
"2012-12-07 15:00:00+00:00","0.083","0.381","0.031734"
"2012-12-07 15:30:00+00:00","0.088","0.306","0.0314265"
"2012-12-07 16:00:00+00:00","0.077","0.219","0.03143265"
"2012-12-07 16:30:00+00:00","0.061","0.131","0.03143265"
"2012-12-07 17:00:00+00:00","0.093","0.15","0.03142035"
"2012-12-07 17:30:00+00:00","0.076","0.113","0.0314142"
"2012-12-07 18:00:00+00:00","0.121","0.175","0.03142035"
"2012-12-07 18:30:00+00:00","0.102","0.063","0.03142035"
"2012-12-07 19:00:00+00:00","0.055","0.031","0.0314265"
"2012-12-07 19:30:00+00:00","0.094","0.006","0.0314757"
"2012-12-07 20:00:00+00:00","0.076","0.0","0.03144495"
"2012-12-07 20:30:00+00:00","0.072","0.0","0.03139575"
"2012-12-07 21:00:00+00:00","0.086","0.0","0.03142035"
"2012-12-07 21:30:00+00:00","0.115","0.0","0.03219525"
"2012-12-07 22:00:00+00:00","0.08","0.0","0.0316356"
"2012-12-07 22:30:00+00:00","0.094","0.0","0.0333084"
"2012-12-07 23:00:00+00:00","0.059","0.0","0.03267495"
"2012-12-07 23:30:00+00:00","0.076","0.0","0.0326073"
"2012-12-08 00:00:00+00:00","0.088","0.0","0.03289635"
"2012-12-08 00:30:00+00:00","0.061","0.0","0.032226"
"2012-12-08 01:00:00+00:00","0.135","0.0","0.0319431"
"2012-12-08 01:30:00+00:00","0.078","0.0","0.0318816"
"2012-12-08 02:00:00+00:00","0.065","0.0","0.03159255"
"2012-12-08 02:30:00+00:00","0.101","0.0","0.0313896"
"2012-12-08 03:00:00+00:00","0.042","0.0","0.0305532"
"2012-12-08 03:30:00+00:00","0.087","0.0","0.03051015"
"2012-12-08 04:00:00+00:00","0.105","0.0","0.0305163"
"2012-12-08 04:30:00+00:00","0.097","0.0","0.03067005"
"2012-12-08 05:00:00+00:00","0.092","0.0","0.030627"
"2012-12-08 05:30:00+00:00","0.07","0.0","0.03064545"
"2012-12-08 06:00:00+00:00","0.067","0.0","0.0312051"
"2012-12-08 06:30:00+00:00","0.079","0.0","0.0312666"
"2012-12-08 07:00:00+00:00","0.069","0.044","0.0315987"
"2012-12-08 07:30:00+00:00","0.082","0.075","0.0314019"
"2012-12-08 08:00:00+00:00","0.136","0.269","0.0318324"
"2012-12-08 08:30:00+00:00","0.053","0.369","0.0317094"
"2012-12-08 09:00:00+00:00","0.078","0.481","0.03204765"
"2012-12-08 09:30:00+00:00","0.092","0.419","0.03160485"
"2012-12-08 10:00:00+00:00","0.041","0.563","0.0314142"
"2012-12-08 10:30:00+00:00","0.103","0.725","0.03289635"
"2012-12-08 11:00:00+00:00","0.102","0.794","0.0317586"
"2012-12-08 11:30:00+00:00","0.111","0.725","0.03145725"
"2012-12-08 12:00:00+00:00","0.104","0.875","0.0315126"
"2012-12-08 12:30:00+00:00","0.043","0.913","0.0320538"
"2012-12-08 13:00:00+00:00","0.104","0.919","0.03182625"
"2012-12-08 13:30:00+00:00","0.065","0.9","0.03299475"
"2012-12-08 14:00:00+00:00","0.088","0.894","0.03268725"
"2012-12-08 14:30:00+00:00","0.142","0.856","0.03253965"
"2012-12-08 15:00:00+00:00","0.087","0.813","0.03300705"
"2012-12-08 15:30:00+00:00","0.107","0.75","0.03255195"
"2012-12-08 16:00:00+00:00","0.066","0.675","0.03297015"
"2012-12-08 16:30:00+00:00","0.082","0.569","0.03196155"
"2012-12-08 17:00:00+00:00","0.096","0.331","0.0314265"
"2012-12-08 17:30:00+00:00","0.054","0.119","0.0314265"
"2012-12-08 18:00:00+00:00","0.153","0.106","0.03139575"
"2012-12-08 18:30:00+00:00","0.096","0.025","0.031488"
"2012-12-08 19:00:00+00:00","0.097","0.019","0.03154335"
"2012-12-08 19:30:00+00:00","0.094","0.0","0.0314388"
"2012-12-08 20:00:00+00:00","0.06","0.0","0.0314265"
"2012-12-08 20:30:00+00:00","0.116","0.0","0.0314265"
"2012-12-08 21:00:00+00:00","0.056","0.0","0.03142035"
"2012-12-08 21:30:00+00:00","0.108","0.0","0.03090375"
"2012-12-08 22:00:00+00:00","0.128","0.0","0.0303072"
"2012-12-08 22:30:00+00:00","0.078","0.0","0.03191235"
"2012-12-08 23:00:00+00:00","0.108","0.0","0.031119"
"2012-12-08 23:30:00+00:00","0.059","0.0","0.03087915"
"2012-12-09 00:00:00+00:00","0.084","0.0","0.02990745"
"2012-12-09 00:30:00+00:00","0.091","0.0","0.03075615"
"2012-12-09 01:00:00+00:00","0.05","0.0","0.03094065"
"2012-12-09 01:30:00+00:00","0.151","0.0","0.03095295"
"2012-12-09 02:00:00+00:00","0.095","0.0","0.0306885"
"2012-12-09 02:30:00+00:00","0.077","0.0","0.0295692"
"2012-12-09 03:00:00+00:00","0.091","0.0","0.02977215"
"2012-12-09 03:30:00+00:00","0.062","0.0","0.02811165"
"2012-12-09 04:00:00+00:00","0.094","0.0","0.0284745"
"2012-12-09 04:30:00+00:00","0.072","0.0","0.0283515"
"2012-12-09 05:00:00+00:00","0.106","0.0","0.02832075"
"2012-12-09 05:30:00+00:00","0.114","0.0","0.0273183"
"2012-12-09 06:00:00+00:00","0.087","0.0","0.0279825"
"2012-12-09 06:30:00+00:00","0.073","0.006","0.02781645"
"2012-12-09 07:00:00+00:00","0.092","0.038","0.0285729"
"2012-12-09 07:30:00+00:00","0.06","0.106","0.0282285"
"2012-12-09 08:00:00+00:00","0.081","0.288","0.0290895"
"2012-12-09 08:30:00+00:00","0.118","0.419","0.03035025"
"2012-12-09 09:00:00+00:00","0.097","0.525","0.03068235"
"2012-12-09 09:30:00+00:00","0.111","0.606","0.03048555"
"2012-12-09 10:00:00+00:00","0.061","0.694","0.03067005"
"2012-12-09 10:30:00+00:00","0.087","0.756","0.03049785"
"2012-12-09 11:00:00+00:00","0.084","0.813","0.0306147"
"2012-12-09 11:30:00+00:00","0.067","0.838","0.03048555"
"2012-12-09 12:00:00+00:00","0.136","0.481","0.0303933"
"2012-12-09 12:30:00+00:00","0.102","0.281","0.02995665"
"2012-12-09 13:00:00+00:00","0.111","0.319","0.0293232"
"2012-12-09 13:30:00+00:00","0.089","0.3","0.0284007"
"2012-12-09 14:00:00+00:00","0.068","0.294","0.02870205"
"2012-12-09 14:30:00+00:00","0.106","0.094","0.02883735"
"2012-12-09 15:00:00+00:00","0.055","0.05","0.02925555"
"2012-12-09 15:30:00+00:00","0.111","0.05","0.02892345"
"2012-12-09 16:00:00+00:00","0.134","0.131","0.02948925"
"2012-12-09 16:30:00+00:00","0.075","0.044","0.0294216"
"2012-12-09 17:00:00+00:00","0.11","0.063","0.03106365"
"2012-12-09 17:30:00+00:00","0.056","0.025","0.0300858"
"2012-12-09 18:00:00+00:00","0.093","0.0","0.030504"
"2012-12-09 18:30:00+00:00","0.089","0.0","0.02985825"
"2012-12-09 19:00:00+00:00","0.061","0.006","0.03012885"
"2012-12-09 19:30:00+00:00","0.144","0.0","0.0304302"
"2012-12-09 20:00:00+00:00","0.095","0.0","0.0299136"
"2012-12-09 20:30:00+00:00","0.069","0.0","0.0300858"
"2012-12-09 21:00:00+00:00","0.086","0.0","0.0287574"
"2012-12-09 21:30:00+00:00","0.082","0.0","0.0297537"
"2012-12-09 22:00:00+00:00","0.063","0.0","0.02887425"
"2012-12-09 22:30:00+00:00","0.11","0.0","0.02996895"
"2012-12-09 23:00:00+00:00","0.109","0.0","0.0288189"
"2012-12-09 23:30:00+00:00","0.093","0.0","0.0288066"
"2012-12-10 00:00:00+00:00","0.093","0.0","0.0289665"
"2012-12-10 00:30:00+00:00","0.055","0.0","0.0284499"
"2012-12-10 01:00:00+00:00","0.087","0.0","0.02727525"
"2012-12-10 01:30:00+00:00","0.08","0.0","0.02769345"
"2012-12-10 02:00:00+00:00","0.057","0.0","0.02834535"
"2012-12-10 02:30:00+00:00","0.119","0.0","0.02732445"
"2012-12-10 03:00:00+00:00","0.104","0.0","0.0274536"
"2012-12-10 03:30:00+00:00","0.043","0.0","0.0283269"
"2012-12-10 04:00:00+00:00","0.091","0.0","0.0285852"
"2012-12-10 04:30:00+00:00","0.08","0.0","0.0293478"
"2012-12-10 05:00:00+00:00","0.058","0.0","0.0306516"
"2012-12-10 05:30:00+00:00","0.095","0.0","0.0311682"
"2012-12-10 06:00:00+00:00","0.113","0.0","0.03158025"
"2012-12-10 06:30:00+00:00","0.083","0.0","0.03112515"
"2012-12-10 07:00:00+00:00","0.076","0.0","0.0319308"
"2012-12-10 07:30:00+00:00","0.076","0.006","0.0297537"
"2012-12-10 08:00:00+00:00","0.055","0.013","0.030627"
"2012-12-10 08:30:00+00:00","0.087","0.006","0.0311805"
"2012-12-10 09:00:00+00:00","0.067","0.031","0.0314265"
"2012-12-10 09:30:00+00:00","0.11","0.038","0.03148185"
"2012-12-10 10:00:00+00:00","0.079","0.05","0.03140805"
"2012-12-10 10:30:00+00:00","0.068","0.05","0.0316356"
"2012-12-10 11:00:00+00:00","0.058","0.063","0.03124815"
"2012-12-10 11:30:00+00:00","0.082","0.106","0.03121125"
"2012-12-10 12:00:00+00:00","0.066","0.188","0.03119895"
"2012-12-10 12:30:00+00:00","0.089","0.263","0.0314265"
"2012-12-10 13:00:00+00:00","0.119","0.256","0.0312543"
"2012-12-10 13:30:00+00:00","0.05","0.219","0.03127275"
"2012-12-10 14:00:00+00:00","0.079","0.219","0.0318816"
"2012-12-10 14:30:00+00:00","0.07","0.2","0.03165405"
"2012-12-10 15:00:00+00:00","0.066","0.231","0.0316233"
"2012-12-10 15:30:00+00:00","0.055","0.169","0.03156795"
"2012-12-10 16:00:00+00:00","0.132","0.138","0.0316725"
"2012-12-10 16:30:00+00:00","0.065","0.069","0.0313404"
"2012-12-10 17:00:00+00:00","0.078","0.094","0.0314265"
"2012-12-10 17:30:00+00:00","0.069","0.038","0.0313773"
"2012-12-10 18:00:00+00:00","0.059","0.056","0.0313281"
"2012-12-10 18:30:00+00:00","0.08","0.013","0.0303441"
"2012-12-10 19:00:00+00:00","0.086","0.0","0.03119895"
"2012-12-10 19:30:00+00:00","0.094","0.0","0.0307746"
"2012-12-10 20:00:00+00:00","0.084","0.0","0.03076845"
"2012-12-10 20:30:00+00:00","0.087","0.0","0.0306147"
"2012-12-10 21:00:00+00:00","0.049","0.0","0.0298521"
"2012-12-10 21:30:00+00:00","0.086","0.0","0.03075615"
"2012-12-10 22:00:00+00:00","0.055","0.0","0.0296922"
"2012-12-10 22:30:00+00:00","0.077","0.0","0.0315741"
"2012-12-10 23:00:00+00:00","0.113","0.0","0.03140805"
"2012-12-10 23:30:00+00:00","0.074","0.0","0.03140805"
"2012-12-11 00:00:00+00:00","0.055","0.0","0.03122355"
"2012-12-11 00:30:00+00:00","0.085","0.0","0.030504"
"2012-12-11 01:00:00+00:00","0.038","0.0","0.02983365"
"2012-12-11 01:30:00+00:00","0.086","0.0","0.02896035"
"2012-12-11 02:00:00+00:00","0.09","0.0","0.0281793"
"2012-12-11 02:30:00+00:00","0.088","0.0","0.02609445"
"2012-12-11 03:00:00+00:00","0.07","0.0","0.0261867"
"2012-12-11 03:30:00+00:00","0.08","0.0","0.02742285"
"2012-12-11 04:00:00+00:00","0.045","0.0","0.02814855"
"2012-12-11 04:30:00+00:00","0.083","0.0","0.0285975"
"2012-12-11 05:00:00+00:00","0.074","0.0","0.02952"
"2012-12-11 05:30:00+00:00","0.073","0.0","0.0308238"
"2012-12-11 06:00:00+00:00","0.112","0.0","0.0311805"
"2012-12-11 06:30:00+00:00","0.066","0.0","0.0311928"
"2012-12-11 07:00:00+00:00","0.062","0.013","0.03089145"
"2012-12-11 07:30:00+00:00","0.074","0.075","0.02924325"
"2012-12-11 08:00:00+00:00","0.07","0.119","0.0303441"
"2012-12-11 08:30:00+00:00","0.049","0.081","0.03135885"
"2012-12-11 09:00:00+00:00","0.119","0.081","0.0318447"
"2012-12-11 09:30:00+00:00","0.069","0.081","0.0315126"
"2012-12-11 10:00:00+00:00","0.079","0.106","0.03155565"
"2012-12-11 10:30:00+00:00","0.068","0.2","0.03142035"
"2012-12-11 11:00:00+00:00","0.059","0.325","0.03139575"
"2012-12-11 11:30:00+00:00","0.065","0.331","0.03140805"
"2012-12-11 12:00:00+00:00","0.093","0.325","0.0314265"
"2012-12-11 12:30:00+00:00","0.079","0.825","0.0314511"
"2012-12-11 13:00:00+00:00","0.103","0.844","0.0316971"
"2012-12-11 13:30:00+00:00","0.069","0.494","0.0314019"
"2012-12-11 14:00:00+00:00","0.056","0.194","0.0315126"
"2012-12-11 14:30:00+00:00","0.087","0.219","0.0314388"
"2012-12-11 15:00:00+00:00","0.066","0.169","0.031365"
"2012-12-11 15:30:00+00:00","0.091","0.163","0.0314511"
"2012-12-11 16:00:00+00:00","0.11","0.319","0.0314265"
"2012-12-11 16:30:00+00:00","0.065","0.288","0.0314265"
"2012-12-11 17:00:00+00:00","0.069","0.113","0.03138345"
"2012-12-11 17:30:00+00:00","0.089","0.169","0.03123585"
"2012-12-11 18:00:00+00:00","0.051","0.175","0.0314019"
"2012-12-11 18:30:00+00:00","0.386","0.075","0.0312912"
"2012-12-11 19:00:00+00:00","0.188","0.044","0.0310452"
"2012-12-11 19:30:00+00:00","0.157","0.0","0.03090375"
"2012-12-11 20:00:00+00:00","0.138","0.0","0.03135885"
"2012-12-11 20:30:00+00:00","0.319","0.0","0.030504"
"2012-12-11 21:00:00+00:00","0.22","0.0","0.0294093"
"2012-12-11 21:30:00+00:00","0.258","0.0","0.0305532"
"2012-12-11 22:00:00+00:00","0.181","0.0","0.02918175"
"2012-12-11 22:30:00+00:00","0.293","0.0","0.03010425"
"2012-12-11 23:00:00+00:00","0.177","0.0","0.03015345"
"2012-12-11 23:30:00+00:00","0.072","0.0","0.0307869"
"2012-12-12 00:00:00+00:00","0.09","0.0","0.0299628"
"2012-12-12 00:30:00+00:00","0.1","0.0","0.0300981"
"2012-12-12 01:00:00+00:00","0.073","0.0","0.02907105"
"2012-12-12 01:30:00+00:00","0.11","0.0","0.0283146"
"2012-12-12 02:00:00+00:00","0.108","0.0","0.0283146"
"2012-12-12 02:30:00+00:00","0.064","0.0","0.0283146"
"2012-12-12 03:00:00+00:00","0.07","0.0","0.02825925"
"2012-12-12 03:30:00+00:00","0.08","0.0","0.0283146"
"2012-12-12 04:00:00+00:00","0.06","0.0","0.02832075"
"2012-12-12 04:30:00+00:00","0.076","0.0","0.0285114"
"2012-12-12 05:00:00+00:00","0.122","0.0","0.02999355"
"2012-12-12 05:30:00+00:00","0.063","0.0","0.0307254"
"2012-12-12 06:00:00+00:00","0.089","0.0","0.03076845"
"2012-12-12 06:30:00+00:00","0.078","0.013","0.031119"
"2012-12-12 07:00:00+00:00","0.055","0.038","0.03111285"
"2012-12-12 07:30:00+00:00","0.229","0.15","0.03068235"
"2012-12-12 08:00:00+00:00","0.149","0.319","0.0311682"
"2012-12-12 08:30:00+00:00","0.105","0.394","0.03158025"
"2012-12-12 09:00:00+00:00","0.099","0.35","0.03130965"
"2012-12-12 09:30:00+00:00","0.055","0.631","0.031734"
"2012-12-12 10:00:00+00:00","0.081","0.744","0.03133425"
"2012-12-12 10:30:00+00:00","0.086","0.794","0.03166635"
"2012-12-12 11:00:00+00:00","0.052","0.856","0.03129735"
"2012-12-12 11:30:00+00:00","0.123","0.881","0.0316848"
"2012-12-12 12:00:00+00:00","0.112","0.906","0.0313773"
"2012-12-12 12:30:00+00:00","0.386","0.919","0.0313773"
"2012-12-12 13:00:00+00:00","0.394","0.919","0.0316725"
"2012-12-12 13:30:00+00:00","0.125","0.906","0.03043635"
"2012-12-12 14:00:00+00:00","0.153","0.881","0.0310944"
"2012-12-12 14:30:00+00:00","0.125","0.85","0.03669705"
"2012-12-12 15:00:00+00:00","0.194","0.806","0.03219525"
"2012-12-12 15:30:00+00:00","0.064","0.763","0.03151875"
"2012-12-12 16:00:00+00:00","0.095","0.688","0.0326319"
"2012-12-12 16:30:00+00:00","0.184","0.5","0.0317955"
"2012-12-12 17:00:00+00:00","0.101","0.35","0.03156795"
"2012-12-12 17:30:00+00:00","0.089","0.175","0.0314265"
"2012-12-12 18:00:00+00:00","0.136","0.05","0.0314265"
"2012-12-12 18:30:00+00:00","0.115","0.05","0.03289635"
"2012-12-12 19:00:00+00:00","0.09","0.013","0.03094065"
"2012-12-12 19:30:00+00:00","0.11","0.006","0.03214605"
"2012-12-12 20:00:00+00:00","0.063","0.0","0.0326811"
"2012-12-12 20:30:00+00:00","0.118","0.0","0.03190005"
"2012-12-12 21:00:00+00:00","0.376","0.0","0.0309714"
"2012-12-12 21:30:00+00:00","0.15","0.0","0.0310452"
"2012-12-12 22:00:00+00:00","0.13","0.0","0.03028875"
"2012-12-12 22:30:00+00:00","0.106","0.0","0.0307254"
"2012-12-12 23:00:00+00:00","0.101","0.0","0.0311928"
"2012-12-12 23:30:00+00:00","0.078","0.0","0.03090375"
"2012-12-13 00:00:00+00:00","0.108","0.0","0.03106365"
"2012-12-13 00:30:00+00:00","0.081","0.0","0.02966145"
"2012-12-13 01:00:00+00:00","0.123","0.0","0.02950155"
"2012-12-13 01:30:00+00:00","0.12","0.0","0.0284376"
"2012-12-13 02:00:00+00:00","0.055","0.0","0.02698005"
"2012-12-13 02:30:00+00:00","0.102","0.0","0.02818545"
"2012-12-13 03:00:00+00:00","0.09","0.0","0.02813625"
"2012-12-13 03:30:00+00:00","0.057","0.0","0.02796405"
"2012-12-13 04:00:00+00:00","0.122","0.0","0.0282654"
"2012-12-13 04:30:00+00:00","0.112","0.0","0.02832075"
"2012-12-13 05:00:00+00:00","0.071","0.0","0.02910795"
"2012-12-13 05:30:00+00:00","0.238","0.0","0.0299874"
"2012-12-13 06:00:00+00:00","0.132","0.0","0.0304794"
"2012-12-13 06:30:00+00:00","0.158","0.006","0.03091605"
"2012-12-13 07:00:00+00:00","0.218","0.038","0.03134655"
"2012-12-13 07:30:00+00:00","0.203","0.15","0.03075"
"2012-12-13 08:00:00+00:00","0.258","0.319","0.03199845"
"2012-12-13 08:30:00+00:00","0.151","0.45","0.0320784"
"2012-12-13 09:00:00+00:00","0.135","0.563","0.03198"
"2012-12-13 09:30:00+00:00","0.075","0.688","0.03151875"
"2012-12-13 10:00:00+00:00","0.098","0.763","0.03123585"
"2012-12-13 10:30:00+00:00","0.081","0.825","0.0313896"
"2012-12-13 11:00:00+00:00","0.114","0.85","0.0307377"
"2012-12-13 11:30:00+00:00","0.135","0.888","0.0319185"
"2012-12-13 12:00:00+00:00","0.066","0.913","0.0318939"
"2012-12-13 12:30:00+00:00","0.1","0.906","0.0327918"
"2012-12-13 13:00:00+00:00","0.087","0.913","0.0333207"
"2012-12-13 13:30:00+00:00","0.082","0.906","0.0376503"
"2012-12-13 14:00:00+00:00","0.111","0.888","0.0539601"
"2012-12-13 14:30:00+00:00","0.108","0.856","0.07100175"
"2012-12-13 15:00:00+00:00","0.131","0.819","0.02710305"
"2012-12-13 15:30:00+00:00","0.075","0.763","0.0365187"
"2012-12-13 16:00:00+00:00","0.084","0.688","0.0353502"
"2012-12-13 16:30:00+00:00","0.118","0.563","0.03474135"
"2012-12-13 17:00:00+00:00","0.055","0.381","0.0326442"
"2012-12-13 17:30:00+00:00","0.367","0.194","0.03151875"
"2012-12-13 18:00:00+00:00","0.152","0.019","0.03127275"
"2012-12-13 18:30:00+00:00","0.138","0.019","0.0316725"
"2012-12-13 19:00:00+00:00","0.22","0.013","0.03190005"
"2012-12-13 19:30:00+00:00","0.188","0.0","0.0319431"
"2012-12-13 20:00:00+00:00","0.213","0.0","0.0319431"
"2012-12-13 20:30:00+00:00","0.189","0.0","0.03165405"
"2012-12-13 21:00:00+00:00","0.3","0.0","0.0308853"
"2012-12-13 21:30:00+00:00","0.203","0.0","0.03151875"
"2012-12-13 22:00:00+00:00","0.141","0.006","0.0299997"
"2012-12-13 22:30:00+00:00","0.154","0.0","0.03187545"
"2012-12-13 23:00:00+00:00","0.145","0.0","0.03198"
"2012-12-13 23:30:00+00:00","0.12","0.0","0.0317955"
"2012-12-14 00:00:00+00:00","0.13","0.0","0.03194925"
"2012-12-14 00:30:00+00:00","0.168","0.0","0.03219525"
"2012-12-14 01:00:00+00:00","0.12","0.0","0.0317955"
"2012-12-14 01:30:00+00:00","0.105","0.0","0.03167865"
"2012-12-14 02:00:00+00:00","0.072","0.0","0.0308361"
"2012-12-14 02:30:00+00:00","0.077","0.0","0.02994435"
"2012-12-14 03:00:00+00:00","0.087","0.0","0.03063315"
"2012-12-14 03:30:00+00:00","0.066","0.0","0.03058395"
"2012-12-14 04:00:00+00:00","0.118","0.0","0.0306393"
"2012-12-14 04:30:00+00:00","0.107","0.0","0.03069465"
"2012-12-14 05:00:00+00:00","0.057","0.0","0.0309099"
"2012-12-14 05:30:00+00:00","0.091","0.0","0.0303195"
"2012-12-14 06:00:00+00:00","0.072","0.0","0.03049785"
"2012-12-14 06:30:00+00:00","0.064","0.0","0.03144495"
"2012-12-14 07:00:00+00:00","0.281","0.0","0.03148185"
"2012-12-14 07:30:00+00:00","0.172","0.0","0.0307377"
"2012-12-14 08:00:00+00:00","0.075","0.0","0.0306885"
"2012-12-14 08:30:00+00:00","0.146","0.0","0.03119895"
"2012-12-14 09:00:00+00:00","0.072","0.0","0.03121125"
"2012-12-14 09:30:00+00:00","0.128","0.0","0.03201075"
"2012-12-14 10:00:00+00:00","0.078","0.0","0.03255195"
"2012-12-14 10:30:00+00:00","0.085","0.0","0.03260115"
"2012-12-14 11:00:00+00:00","0.123","0.0","0.03247815"
"2012-12-14 11:30:00+00:00","0.096","0.0","0.03193695"
"2012-12-14 12:00:00+00:00","0.061","0.0","0.0319677"
"2012-12-14 12:30:00+00:00","0.099","0.0","0.0309468"
"2012-12-14 13:00:00+00:00","0.062","0.0","0.0305163"
"2012-12-14 13:30:00+00:00","0.089","0.0","0.0306639"
"2012-12-14 14:00:00+00:00","0.115","0.0","0.03097755"
"2012-12-14 14:30:00+00:00","0.102","0.0","0.03098985"
"2012-12-14 15:00:00+00:00","0.11","0.0","0.0314142"
"2012-12-14 15:30:00+00:00","0.061","0.0","0.0334929"
"2012-12-14 16:00:00+00:00","0.089","0.0","0.03527025"
"2012-12-14 16:30:00+00:00","0.096","0.0","0.0350673"
"2012-12-14 17:00:00+00:00","0.224","0.0","0.03599595"
"2012-12-14 17:30:00+00:00","0.142","0.0","0.0326319"
"2012-12-14 18:00:00+00:00","0.139","0.0","0.03183855"
"2012-12-14 18:30:00+00:00","0.094","0.0","0.03130965"
"2012-12-14 19:00:00+00:00","0.111","0.0","0.03183855"
"2012-12-14 19:30:00+00:00","0.079","0.0","0.03303165"
"2012-12-14 20:00:00+00:00","0.104","0.0","0.03219525"
"2012-12-14 20:30:00+00:00","0.091","0.0","0.03117435"
"2012-12-14 21:00:00+00:00","0.279","0.0","0.0308361"
"2012-12-14 21:30:00+00:00","0.302","0.0","0.0315864"
"2012-12-14 22:00:00+00:00","0.256","0.0","0.0304548"
"2012-12-14 22:30:00+00:00","0.122","0.0","0.0336774"
"2012-12-14 23:00:00+00:00","0.107","0.0","0.03239205"
"2012-12-14 23:30:00+00:00","0.072","0.0","0.03234285"
"2012-12-15 00:00:00+00:00","0.119","0.0","0.03161715"
"2012-12-15 00:30:00+00:00","0.1","0.0","0.03148185"
"2012-12-15 01:00:00+00:00","0.119","0.0","0.0318693"
"2012-12-15 01:30:00+00:00","0.087","0.0","0.0313281"
"2012-12-15 02:00:00+00:00","0.074","0.0","0.03086685"
"2012-12-15 02:30:00+00:00","0.087","0.0","0.03009195"
"2012-12-15 03:00:00+00:00","0.074","0.0","0.0304548"
"2012-12-15 03:30:00+00:00","0.08","0.0","0.03011655"
"2012-12-15 04:00:00+00:00","0.119","0.0","0.030627"
"2012-12-15 04:30:00+00:00","0.091","0.0","0.0295077"
"2012-12-15 05:00:00+00:00","0.096","0.0","0.0303195"
"2012-12-15 05:30:00+00:00","0.066","0.0","0.03081765"
"2012-12-15 06:00:00+00:00","0.103","0.0","0.0308361"
"2012-12-15 06:30:00+00:00","0.107","0.0","0.0309099"
"2012-12-15 07:00:00+00:00","0.134","0.044","0.0306762"
"2012-12-15 07:30:00+00:00","0.377","0.106","0.0306639"
"2012-12-15 08:00:00+00:00","0.193","0.144","0.030873"
"2012-12-15 08:30:00+00:00","0.472","0.181","0.0309837"
"2012-12-15 09:00:00+00:00","0.625","0.213","0.0309099"
"2012-12-15 09:30:00+00:00","0.062","0.238","0.03122355"
"2012-12-15 10:00:00+00:00","0.077","0.306","0.0306393"
"2012-12-15 10:30:00+00:00","0.11","0.425","0.0306393"
"2012-12-15 11:00:00+00:00","0.099","0.425","0.0306393"
"2012-12-15 11:30:00+00:00","0.124","0.525","0.03064545"
"2012-12-15 12:00:00+00:00","0.084","0.475","0.03073155"
"2012-12-15 12:30:00+00:00","0.064","0.206","0.0307377"
"2012-12-15 13:00:00+00:00","0.134","0.138","0.0305286"
"2012-12-15 13:30:00+00:00","0.276","0.113","0.03075"
"2012-12-15 14:00:00+00:00","0.181","0.075","0.03064545"
"2012-12-15 14:30:00+00:00","0.206","0.1","0.0305286"
"2012-12-15 15:00:00+00:00","0.158","0.094","0.0300981"
"2012-12-15 15:30:00+00:00","0.068","0.088","0.03026415"
"2012-12-15 16:00:00+00:00","0.113","0.113","0.03063315"
"2012-12-15 16:30:00+00:00","0.165","0.063","0.0306639"
"2012-12-15 17:00:00+00:00","0.136","0.05","0.0306516"
"2012-12-15 17:30:00+00:00","0.744","0.044","0.03064545"
"2012-12-15 18:00:00+00:00","0.421","0.05","0.030504"
"2012-12-15 18:30:00+00:00","0.297","0.031","0.03106365"
"2012-12-15 19:00:00+00:00","0.488","0.0","0.0310698"
"2012-12-15 19:30:00+00:00","0.301","0.006","0.031734"
"2012-12-15 20:00:00+00:00","0.335","0.0","0.03218295"
"2012-12-15 20:30:00+00:00","0.35","0.0","0.03171555"
"2012-12-15 21:00:00+00:00","0.325","0.0","0.0311559"
"2012-12-15 21:30:00+00:00","0.431","0.0","0.0310821"
"2012-12-15 22:00:00+00:00","0.255","0.0","0.03073155"
"2012-12-15 22:30:00+00:00","0.152","0.0","0.03046095"
"2012-12-15 23:00:00+00:00","0.172","0.0","0.03058395"
"2012-12-15 23:30:00+00:00","0.137","0.0","0.03027645"
"2012-12-16 00:00:00+00:00","0.127","0.0","0.02959995"
"2012-12-16 00:30:00+00:00","0.129","0.0","0.0299382"
"2012-12-16 01:00:00+00:00","0.135","0.0","0.03000585"
"2012-12-16 01:30:00+00:00","0.12","0.0","0.02918175"
"2012-12-16 02:00:00+00:00","0.109","0.0","0.0286836"
"2012-12-16 02:30:00+00:00","0.147","0.0","0.0273798"
"2012-12-16 03:00:00+00:00","0.134","0.0","0.0277242"
"2012-12-16 03:30:00+00:00","0.092","0.0","0.0282285"
"2012-12-16 04:00:00+00:00","0.088","0.0","0.02818545"
"2012-12-16 04:30:00+00:00","0.13","0.0","0.0283884"
"2012-12-16 05:00:00+00:00","0.089","0.0","0.0283638"
"2012-12-16 05:30:00+00:00","0.141","0.0","0.0283884"
"2012-12-16 06:00:00+00:00","0.131","0.0","0.02871435"
"2012-12-16 06:30:00+00:00","0.078","0.0","0.02932935"
"2012-12-16 07:00:00+00:00","0.183","0.05","0.02900955"
"2012-12-16 07:30:00+00:00","0.142","0.144","0.0301104"
"2012-12-16 08:00:00+00:00","0.096","0.294","0.0306393"
"2012-12-16 08:30:00+00:00","0.342","0.425","0.03075"
"2012-12-16 09:00:00+00:00","0.153","0.538","0.03092835"
"2012-12-16 09:30:00+00:00","0.123","0.625","0.03032565"
"2012-12-16 10:00:00+00:00","0.071","0.656","0.0306393"
"2012-12-16 10:30:00+00:00","0.259","0.738","0.03075"
"2012-12-16 11:00:00+00:00","0.11","0.8","0.0310206"
"2012-12-16 11:30:00+00:00","0.201","0.831","0.0308607"
"2012-12-16 12:00:00+00:00","0.255","0.85","0.03078075"
"2012-12-16 12:30:00+00:00","0.206","0.706","0.0306393"
"2012-12-16 13:00:00+00:00","0.144","0.7","0.0306516"
"2012-12-16 13:30:00+00:00","0.154","0.725","0.03064545"
"2012-12-16 14:00:00+00:00","0.158","0.675","0.03064545"
"2012-12-16 14:30:00+00:00","0.149","0.475","0.0306147"
"2012-12-16 15:00:00+00:00","0.147","0.5","0.0306639"
"2012-12-16 15:30:00+00:00","0.206","0.525","0.03064545"
"2012-12-16 16:00:00+00:00","0.281","0.481","0.03065775"
"2012-12-16 16:30:00+00:00","0.199","0.231","0.03067005"
"2012-12-16 17:00:00+00:00","0.154","0.131","0.030996"
"2012-12-16 17:30:00+00:00","0.138","0.069","0.03085455"
"2012-12-16 18:00:00+00:00","0.378","0.144","0.03064545"
"2012-12-16 18:30:00+00:00","0.188","0.081","0.03074385"
"2012-12-16 19:00:00+00:00","0.166","0.031","0.03123585"
"2012-12-16 19:30:00+00:00","0.259","0.0","0.0323121"
"2012-12-16 20:00:00+00:00","0.291","0.0","0.032226"
"2012-12-16 20:30:00+00:00","0.145","0.0","0.0318201"
"2012-12-16 21:00:00+00:00","0.249","0.0","0.0307869"
"2012-12-16 21:30:00+00:00","0.176","0.0","0.03031335"
"2012-12-16 22:00:00+00:00","0.149","0.0","0.03041175"
"2012-12-16 22:30:00+00:00","0.145","0.0","0.0312666"
"2012-12-16 23:00:00+00:00","0.668","0.0","0.03027645"
"2012-12-16 23:30:00+00:00","0.478","0.0","0.03063315"
"2012-12-17 00:00:00+00:00","0.174","0.0","0.03042405"
"2012-12-17 00:30:00+00:00","0.141","0.0","0.03049785"
"2012-12-17 01:00:00+00:00","0.103","0.0","0.02994435"
"2012-12-17 01:30:00+00:00","0.065","0.006","0.0290895"
"2012-12-17 02:00:00+00:00","0.114","0.0","0.02832075"
"2012-12-17 02:30:00+00:00","0.111","0.0","0.0283269"
"2012-12-17 03:00:00+00:00","0.086","0.0","0.02832075"
"2012-12-17 03:30:00+00:00","0.117","0.0","0.02832075"
"2012-12-17 04:00:00+00:00","0.15","0.0","0.0287574"
"2012-12-17 04:30:00+00:00","0.075","0.0","0.03071925"
"2012-12-17 05:00:00+00:00","0.102","0.0","0.03108825"
"2012-12-17 05:30:00+00:00","0.107","0.0","0.03235515"
"2012-12-17 06:00:00+00:00","0.077","0.0","0.03135885"
"2012-12-17 06:30:00+00:00","0.144","0.0","0.03068235"
"2012-12-17 07:00:00+00:00","0.14","0.006","0.03067005"
"2012-12-17 07:30:00+00:00","0.441","0.013","0.03068235"
"2012-12-17 08:00:00+00:00","0.188","0.031","0.03089145"
"2012-12-17 08:30:00+00:00","0.1","0.088","0.0307008"
"2012-12-17 09:00:00+00:00","0.111","0.2","0.0306762"
"2012-12-17 09:30:00+00:00","0.074","0.238","0.03064545"
"2012-12-17 10:00:00+00:00","0.093","0.263","0.03064545"
"2012-12-17 10:30:00+00:00","0.196","0.275","0.03067005"
"2012-12-17 11:00:00+00:00","0.163","0.3","0.0305532"
"2012-12-17 11:30:00+00:00","0.145","0.306","0.0306393"
"2012-12-17 12:00:00+00:00","0.218","0.356","0.03064545"
"2012-12-17 12:30:00+00:00","0.122","0.513","0.03064545"
"2012-12-17 13:00:00+00:00","0.106","0.619","0.03064545"
"2012-12-17 13:30:00+00:00","0.115","0.463","0.03064545"
"2012-12-17 14:00:00+00:00","0.104","0.469","0.03064545"
"2012-12-17 14:30:00+00:00","0.138","0.381","0.0306639"
"2012-12-17 15:00:00+00:00","0.143","0.3","0.0306393"
"2012-12-17 15:30:00+00:00","0.068","0.388","0.03064545"
"2012-12-17 16:00:00+00:00","0.137","0.519","0.0306393"
"2012-12-17 16:30:00+00:00","0.122","0.475","0.03064545"
"2012-12-17 17:00:00+00:00","0.212","0.319","0.03069465"
"2012-12-17 17:30:00+00:00","0.517","0.206","0.03058395"
"2012-12-17 18:00:00+00:00","0.391","0.156","0.0306393"
"2012-12-17 18:30:00+00:00","0.197","0.1","0.0304794"
"2012-12-17 19:00:00+00:00","0.277","0.044","0.03074385"
"2012-12-17 19:30:00+00:00","0.316","0.006","0.0311559"
"2012-12-17 20:00:00+00:00","0.309","0.0","0.0319431"
"2012-12-17 20:30:00+00:00","0.22","0.0","0.03187545"
"2012-12-17 21:00:00+00:00","0.261","0.0","0.03102675"
"2012-12-17 21:30:00+00:00","0.387","0.006","0.0308976"
"2012-12-17 22:00:00+00:00","0.131","0.0","0.03001815"
"2012-12-17 22:30:00+00:00","0.091","0.0","0.0311682"
"2012-12-17 23:00:00+00:00","0.132","0.0","0.0307254"
"2012-12-17 23:30:00+00:00","0.067","0.0","0.0306147"
"2012-12-18 00:00:00+00:00","0.116","0.0","0.03033795"
"2012-12-18 00:30:00+00:00","0.127","0.0","0.0311682"
"2012-12-18 01:00:00+00:00","0.1","0.0","0.03112515"
"2012-12-18 01:30:00+00:00","0.129","0.0","0.0307008"
"2012-12-18 02:00:00+00:00","0.055","0.0","0.0291141"
"2012-12-18 02:30:00+00:00","0.104","0.0","0.03017805"
"2012-12-18 03:00:00+00:00","0.095","0.0","0.02995665"
"2012-12-18 03:30:00+00:00","0.068","0.0","0.0297291"
"2012-12-18 04:00:00+00:00","0.128","0.0","0.0301842"
"2012-12-18 04:30:00+00:00","0.095","0.0","0.03068235"
"2012-12-18 05:00:00+00:00","0.106","0.0","0.0309099"
"2012-12-18 05:30:00+00:00","0.082","0.0","0.030996"
"2012-12-18 06:00:00+00:00","0.096","0.0","0.03075615"
"2012-12-18 06:30:00+00:00","0.111","0.013","0.03044865"
"2012-12-18 07:00:00+00:00","0.243","0.038","0.03075"
"2012-12-18 07:30:00+00:00","0.15","0.038","0.03035025"
"2012-12-18 08:00:00+00:00","0.114","0.106","0.03065775"
"2012-12-18 08:30:00+00:00","0.109","0.231","0.0307131"
"2012-12-18 09:00:00+00:00","0.191","0.369","0.03075615"
"2012-12-18 09:30:00+00:00","0.135","0.431","0.0306762"
"2012-12-18 10:00:00+00:00","0.099","0.306","0.03064545"
"2012-12-18 10:30:00+00:00","0.08","0.756","0.030996"
"2012-12-18 11:00:00+00:00","0.121","0.525","0.03076845"
"2012-12-18 11:30:00+00:00","0.128","0.744","0.031119"
"2012-12-18 12:00:00+00:00","0.092","0.8","0.03071925"
"2012-12-18 12:30:00+00:00","0.083","0.919","0.0309591"
"2012-12-18 13:00:00+00:00","0.12","0.906","0.03095295"
"2012-12-18 13:30:00+00:00","0.204","0.906","0.03084225"
"2012-12-18 14:00:00+00:00","0.323","0.888","0.0310575"
"2012-12-18 14:30:00+00:00","0.162","0.856","0.03075"
"2012-12-18 15:00:00+00:00","0.15","0.806","0.03156795"
"2012-12-18 15:30:00+00:00","0.111","0.744","0.0323244"
"2012-12-18 16:00:00+00:00","0.152","0.669","0.0337758"
"2012-12-18 16:30:00+00:00","0.072","0.5","0.03308085"
"2012-12-18 17:00:00+00:00","0.116","0.338","0.03230595"
"2012-12-18 17:30:00+00:00","0.099","0.2","0.0307254"
"2012-12-18 18:00:00+00:00","0.422","0.031","0.03063315"
"2012-12-18 18:30:00+00:00","0.154","0.031","0.03106365"
"2012-12-18 19:00:00+00:00","0.12","0.019","0.0313896"
"2012-12-18 19:30:00+00:00","0.173","0.006","0.0319431"
"2012-12-18 20:00:00+00:00","0.112","0.0","0.03201075"
"2012-12-18 20:30:00+00:00","0.153","0.0","0.03150645"
"2012-12-18 21:00:00+00:00","0.26","0.0","0.0311928"
"2012-12-18 21:30:00+00:00","0.135","0.0","0.03085455"
"2012-12-18 22:00:00+00:00","0.176","0.0","0.03005505"
"2012-12-18 22:30:00+00:00","0.16","0.0","0.032718"
"2012-12-18 23:00:00+00:00","0.358","0.0","0.031242"
"2012-12-18 23:30:00+00:00","0.104","0.0","0.03097755"
"2012-12-19 00:00:00+00:00","0.182","0.0","0.03074385"
"2012-12-19 00:30:00+00:00","0.073","0.0","0.03108825"
"2012-12-19 01:00:00+00:00","0.101","0.0","0.0311805"
"2012-12-19 01:30:00+00:00","0.064","0.0","0.03017805"
"2012-12-19 02:00:00+00:00","0.107","0.0","0.0289665"
"2012-12-19 02:30:00+00:00","0.102","0.0","0.0298521"
"2012-12-19 03:00:00+00:00","0.145","0.0","0.0294216"
"2012-12-19 03:30:00+00:00","0.087","0.0","0.029643"
"2012-12-19 04:00:00+00:00","0.092","0.0","0.0301473"
"2012-12-19 04:30:00+00:00","0.072","0.0","0.03055935"
"2012-12-19 05:00:00+00:00","0.094","0.0","0.03079305"
"2012-12-19 05:30:00+00:00","0.077","0.0","0.03135885"
"2012-12-19 06:00:00+00:00","0.243","0.0","0.03085455"
"2012-12-19 06:30:00+00:00","0.124","0.013","0.0307131"
"2012-12-19 07:00:00+00:00","0.429","0.038","0.0313404"
"2012-12-19 07:30:00+00:00","0.783","0.05","0.0303318"
"2012-12-19 08:00:00+00:00","0.113","0.044","0.0316356"
"2012-12-19 08:30:00+00:00","0.175","0.088","0.03151875"
"2012-12-19 09:00:00+00:00","0.058","0.106","0.03220755"
"2012-12-19 09:30:00+00:00","0.109","0.188","0.03155565"
"2012-12-19 10:00:00+00:00","0.058","0.238","0.0307746"
"2012-12-19 10:30:00+00:00","0.163","0.331","0.03057165"
"2012-12-19 11:00:00+00:00","0.12","0.6","0.03085455"
"2012-12-19 11:30:00+00:00","0.124","0.45","0.03076845"
"2012-12-19 12:00:00+00:00","0.127","0.525","0.03085455"
"2012-12-19 12:30:00+00:00","0.076","0.456","0.0306762"
"2012-12-19 13:00:00+00:00","0.107","0.5","0.030873"
"2012-12-19 13:30:00+00:00","0.055","0.431","0.0307131"
"2012-12-19 14:00:00+00:00","0.12","0.431","0.0316725"
"2012-12-19 14:30:00+00:00","0.061","0.319","0.03194925"
"2012-12-19 15:00:00+00:00","0.126","0.394","0.0323244"
"2012-12-19 15:30:00+00:00","0.132","0.588","0.03268725"
"2012-12-19 16:00:00+00:00","0.123","0.675","0.03331455"
"2012-12-19 16:30:00+00:00","0.242","0.581","0.0326442"
"2012-12-19 17:00:00+00:00","0.148","0.369","0.03311775"
"2012-12-19 17:30:00+00:00","0.188","0.244","0.03144495"
"2012-12-19 18:00:00+00:00","0.165","0.113","0.0308238"
"2012-12-19 18:30:00+00:00","0.17","0.094","0.03051015"
"2012-12-19 19:00:00+00:00","0.166","0.063","0.03156795"
"2012-12-19 19:30:00+00:00","0.1","0.019","0.0319431"
"2012-12-19 20:00:00+00:00","0.15","0.0","0.03190005"
"2012-12-19 20:30:00+00:00","0.531","0.0","0.03177705"
"2012-12-19 21:00:00+00:00","0.358","0.006","0.0311928"
"2012-12-19 21:30:00+00:00","0.264","0.0","0.0316233"
"2012-12-19 22:00:00+00:00","0.13","0.0","0.0303564"
"2012-12-19 22:30:00+00:00","0.096","0.0","0.03202305"
"2012-12-19 23:00:00+00:00","0.136","0.0","0.0315618"
"2012-12-19 23:30:00+00:00","0.134","0.0","0.03086685"
"2012-12-20 00:00:00+00:00","0.126","0.0","0.03129735"
"2012-12-20 00:30:00+00:00","0.084","0.0","0.03121125"
"2012-12-20 01:00:00+00:00","0.099","0.0","0.0313035"
"2012-12-20 01:30:00+00:00","0.17","0.0","0.0306762"
"2012-12-20 02:00:00+00:00","0.153","0.0","0.03021495"
"2012-12-20 02:30:00+00:00","0.095","0.0","0.0306147"
"2012-12-20 03:00:00+00:00","0.139","0.0","0.0304794"
"2012-12-20 03:30:00+00:00","0.125","0.0","0.0305901"
"2012-12-20 04:00:00+00:00","0.061","0.0","0.0307377"
"2012-12-20 04:30:00+00:00","0.115","0.0","0.03068235"
"2012-12-20 05:00:00+00:00","0.118","0.0","0.03085455"
"2012-12-20 05:30:00+00:00","0.051","0.0","0.03133425"
"2012-12-20 06:00:00+00:00","0.108","0.0","0.03103905"
"2012-12-20 06:30:00+00:00","0.17","0.0","0.0304302"
"2012-12-20 07:00:00+00:00","0.205","0.025","0.0309468"
"2012-12-20 07:30:00+00:00","0.205","0.194","0.02990745"
"2012-12-20 08:00:00+00:00","0.179","0.269","0.0308607"
"2012-12-20 08:30:00+00:00","0.174","0.238","0.03079305"
"2012-12-20 09:00:00+00:00","0.113","0.313","0.03143265"
"2012-12-20 09:30:00+00:00","0.125","0.275","0.031365"
"2012-12-20 10:00:00+00:00","0.114","0.244","0.03137115"
"2012-12-20 10:30:00+00:00","0.11","0.3","0.03103905"
"2012-12-20 11:00:00+00:00","0.146","0.2","0.03085455"
"2012-12-20 11:30:00+00:00","0.094","0.3","0.0306393"
"2012-12-20 12:00:00+00:00","0.15","0.313","0.03064545"
"2012-12-20 12:30:00+00:00","0.159","0.3","0.03111285"
"2012-12-20 13:00:00+00:00","0.115","0.581","0.0320538"
"2012-12-20 13:30:00+00:00","0.109","0.869","0.03205995"
"2012-12-20 14:00:00+00:00","0.116","0.8","0.03135885"
"2012-12-20 14:30:00+00:00","0.059","0.575","0.03097755"
"2012-12-20 15:00:00+00:00","0.091","0.531","0.0309099"
"2012-12-20 15:30:00+00:00","0.179","0.131","0.0309591"
"2012-12-20 16:00:00+00:00","0.24","0.181","0.0306393"
"2012-12-20 16:30:00+00:00","0.434","0.1","0.0306393"
"2012-12-20 17:00:00+00:00","0.263","0.219","0.03070695"
"2012-12-20 17:30:00+00:00","0.242","0.213","0.0305532"
"2012-12-20 18:00:00+00:00","0.223","0.144","0.03063315"
"2012-12-20 18:30:00+00:00","0.266","0.1","0.030996"
"2012-12-20 19:00:00+00:00","0.258","0.063","0.0312297"
"2012-12-20 19:30:00+00:00","0.175","0.006","0.0316602"
"2012-12-20 20:00:00+00:00","0.179","0.0","0.0316848"
"2012-12-20 20:30:00+00:00","0.205","0.0","0.03052245"
"2012-12-20 21:00:00+00:00","0.389","0.0","0.0304425"
"2012-12-20 21:30:00+00:00","0.203","0.0","0.03058395"
"2012-12-20 22:00:00+00:00","0.129","0.0","0.02990745"
"2012-12-20 22:30:00+00:00","0.146","0.0","0.03439695"
"2012-12-20 23:00:00+00:00","0.188","0.0","0.03148185"
"2012-12-20 23:30:00+00:00","0.137","0.0","0.03182625"
"2012-12-21 00:00:00+00:00","0.061","0.0","0.03162945"
"2012-12-21 00:30:00+00:00","0.122","0.0","0.0314634"
"2012-12-21 01:00:00+00:00","0.114","0.0","0.03105135"
"2012-12-21 01:30:00+00:00","0.064","0.0","0.03060855"
"2012-12-21 02:00:00+00:00","0.121","0.0","0.02978445"
"2012-12-21 02:30:00+00:00","0.102","0.0","0.03041175"
"2012-12-21 03:00:00+00:00","0.059","0.0","0.03030105"
"2012-12-21 03:30:00+00:00","0.169","0.0","0.0304548"
"2012-12-21 04:00:00+00:00","0.129","0.0","0.03049785"
"2012-12-21 04:30:00+00:00","0.075","0.0","0.03057165"
"2012-12-21 05:00:00+00:00","0.119","0.0","0.0307008"
"2012-12-21 05:30:00+00:00","0.071","0.0","0.03071925"
"2012-12-21 06:00:00+00:00","0.192","0.0","0.03067005"
"2012-12-21 06:30:00+00:00","0.147","0.0","0.03044865"
"2012-12-21 07:00:00+00:00","0.133","0.013","0.03089145"
"2012-12-21 07:30:00+00:00","0.091","0.038","0.03017805"
"2012-12-21 08:00:00+00:00","0.18","0.063","0.0306516"
"2012-12-21 08:30:00+00:00","0.189","0.088","0.0306516"
"2012-12-21 09:00:00+00:00","0.116","0.1","0.0305778"
"2012-12-21 09:30:00+00:00","0.066","0.156","0.03070695"
"2012-12-21 10:00:00+00:00","0.085","0.231","0.03064545"
"2012-12-21 10:30:00+00:00","0.111","0.225","0.03063315"
"2012-12-21 11:00:00+00:00","0.163","0.225","0.03063315"
"2012-12-21 11:30:00+00:00","0.054","0.281","0.03062085"
"2012-12-21 12:00:00+00:00","0.16","0.406","0.03062085"
"2012-12-21 12:30:00+00:00","0.196","0.638","0.030627"
"2012-12-21 13:00:00+00:00","0.154","0.813","0.03062085"
"2012-12-21 13:30:00+00:00","0.12","0.775","0.0304671"
"2012-12-21 14:00:00+00:00","0.259","0.638","0.0306147"
"2012-12-21 14:30:00+00:00","0.133","0.544","0.03060855"
"2012-12-21 15:00:00+00:00","0.172","0.525","0.0306024"
"2012-12-21 15:30:00+00:00","0.185","0.456","0.030627"
"2012-12-21 16:00:00+00:00","0.168","0.394","0.0306393"
"2012-12-21 16:30:00+00:00","0.118","0.338","0.0299382"
"2012-12-21 17:00:00+00:00","0.145","0.256","0.0304425"
"2012-12-21 17:30:00+00:00","0.163","0.163","0.0300366"
"2012-12-21 18:00:00+00:00","0.226","0.094","0.02953845"
"2012-12-21 18:30:00+00:00","0.169","0.113","0.02957535"
"2012-12-21 19:00:00+00:00","0.276","0.044","0.0301473"
"2012-12-21 19:30:00+00:00","0.173","0.006","0.03063315"
"2012-12-21 20:00:00+00:00","0.266","0.0","0.03064545"
"2012-12-21 20:30:00+00:00","0.208","0.0","0.0304425"
"2012-12-21 21:00:00+00:00","0.195","0.0","0.0305655"
"2012-12-21 21:30:00+00:00","0.239","0.0","0.03054705"
"2012-12-21 22:00:00+00:00","0.289","0.0","0.03031335"
"2012-12-21 22:30:00+00:00","0.208","0.0","0.031242"
"2012-12-21 23:00:00+00:00","1.03","0.0","0.03075"
"2012-12-21 23:30:00+00:00","0.088","0.0","0.0310575"
"2012-12-22 00:00:00+00:00","0.074","0.0","0.03137115"
"2012-12-22 00:30:00+00:00","0.118","0.0","0.0312051"
"2012-12-22 01:00:00+00:00","0.067","0.0","0.03103905"
"2012-12-22 01:30:00+00:00","0.085","0.0","0.0305778"
"2012-12-22 02:00:00+00:00","0.158","0.0","0.02912025"
"2012-12-22 02:30:00+00:00","0.1","0.006","0.0298767"
"2012-12-22 03:00:00+00:00","0.113","0.0","0.030381"
"2012-12-22 03:30:00+00:00","0.114","0.0","0.03012885"
"2012-12-22 04:00:00+00:00","0.05","0.0","0.03037485"
"2012-12-22 04:30:00+00:00","0.106","0.0","0.02926785"
"2012-12-22 05:00:00+00:00","0.106","0.0","0.0295815"
"2012-12-22 05:30:00+00:00","0.052","0.0","0.02982135"
"2012-12-22 06:00:00+00:00","0.126","0.0","0.03036255"
"2012-12-22 06:30:00+00:00","0.17","0.0","0.0297537"
"2012-12-22 07:00:00+00:00","0.288","0.019","0.03060855"
"2012-12-22 07:30:00+00:00","0.207","0.056","0.0304794"
"2012-12-22 08:00:00+00:00","0.104","0.106","0.0306393"
"2012-12-22 08:30:00+00:00","0.229","0.194","0.0306393"
"2012-12-22 09:00:00+00:00","0.393","0.294","0.0306147"
"2012-12-22 09:30:00+00:00","0.273","0.325","0.03065775"
"2012-12-22 10:00:00+00:00","0.115","0.263","0.03064545"
"2012-12-22 10:30:00+00:00","0.125","0.131","0.03064545"
"2012-12-22 11:00:00+00:00","0.097","0.181","0.03064545"
"2012-12-22 11:30:00+00:00","0.141","0.356","0.03064545"
"2012-12-22 12:00:00+00:00","0.121","0.325","0.03064545"
"2012-12-22 12:30:00+00:00","0.065","0.244","0.03064545"
"2012-12-22 13:00:00+00:00","0.09","0.175","0.03064545"
"2012-12-22 13:30:00+00:00","0.111","0.238","0.03064545"
"2012-12-22 14:00:00+00:00","0.081","0.356","0.03064545"
"2012-12-22 14:30:00+00:00","0.069","0.513","0.0307869"
"2012-12-22 15:00:00+00:00","0.131","0.394","0.03075"
"2012-12-22 15:30:00+00:00","0.157","0.569","0.03112515"
"2012-12-22 16:00:00+00:00","0.1","0.663","0.031611"
"2012-12-22 16:30:00+00:00","0.114","0.519","0.03209685"
"2012-12-22 17:00:00+00:00","0.137","0.331","0.0317586"
"2012-12-22 17:30:00+00:00","0.425","0.188","0.03145725"
"2012-12-22 18:00:00+00:00","0.357","0.069","0.0319062"
"2012-12-22 18:30:00+00:00","0.185","0.081","0.03076845"
"2012-12-22 19:00:00+00:00","0.218","0.019","0.03064545"
"2012-12-22 19:30:00+00:00","0.256","0.0","0.03071925"
"2012-12-22 20:00:00+00:00","0.272","0.0","0.0307254"
"2012-12-22 20:30:00+00:00","0.315","0.0","0.03064545"
"2012-12-22 21:00:00+00:00","0.523","0.006","0.0306393"
"2012-12-22 21:30:00+00:00","0.412","0.0","0.0306393"
"2012-12-22 22:00:00+00:00","0.263","0.0","0.0306147"
"2012-12-22 22:30:00+00:00","0.227","0.0","0.03170325"
"2012-12-22 23:00:00+00:00","0.211","0.0","0.0305901"
"2012-12-22 23:30:00+00:00","0.167","0.0","0.03044865"
"2012-12-23 00:00:00+00:00","0.113","0.0","0.0298521"
"2012-12-23 00:30:00+00:00","0.089","0.0","0.02996895"
"2012-12-23 01:00:00+00:00","0.144","0.0","0.02993205"
"2012-12-23 01:30:00+00:00","0.15","0.0","0.0288066"
"2012-12-23 02:00:00+00:00","0.093","0.0","0.02872665"
"2012-12-23 02:30:00+00:00","0.059","0.0","0.0292986"
"2012-12-23 03:00:00+00:00","0.119","0.0","0.02952615"
"2012-12-23 03:30:00+00:00","0.111","0.0","0.02952615"
"2012-12-23 04:00:00+00:00","0.062","0.0","0.0294708"
"2012-12-23 04:30:00+00:00","0.091","0.0","0.02950155"
"2012-12-23 05:00:00+00:00","0.118","0.0","0.0282777"
"2012-12-23 05:30:00+00:00","0.126","0.0","0.02878815"
"2012-12-23 06:00:00+00:00","0.117","0.0","0.02951385"
"2012-12-23 06:30:00+00:00","0.121","0.0","0.02887425"
"2012-12-23 07:00:00+00:00","0.238","0.031","0.0294708"
"2012-12-23 07:30:00+00:00","0.08","0.119","0.0286098"
"2012-12-23 08:00:00+00:00","0.12","0.269","0.02994435"
"2012-12-23 08:30:00+00:00","0.109","0.4","0.03058395"
"2012-12-23 09:00:00+00:00","0.176","0.5","0.0307008"
"2012-12-23 09:30:00+00:00","0.13","0.606","0.0306393"
"2012-12-23 10:00:00+00:00","0.247","0.688","0.03087915"
"2012-12-23 10:30:00+00:00","0.336","0.744","0.0306885"
"2012-12-23 11:00:00+00:00","0.143","0.8","0.03092835"
"2012-12-23 11:30:00+00:00","0.108","0.838","0.03090375"
"2012-12-23 12:00:00+00:00","0.234","0.863","0.0307746"
"2012-12-23 12:30:00+00:00","0.231","0.875","0.03064545"
"2012-12-23 13:00:00+00:00","0.339","0.894","0.0310698"
"2012-12-23 13:30:00+00:00","0.216","0.894","0.03122355"
"2012-12-23 14:00:00+00:00","0.24","0.881","0.03161715"
"2012-12-23 14:30:00+00:00","0.243","0.863","0.03138345"
"2012-12-23 15:00:00+00:00","0.232","0.831","0.03074385"
"2012-12-23 15:30:00+00:00","0.255","0.663","0.0306393"
"2012-12-23 16:00:00+00:00","0.23","0.719","0.03064545"
"2012-12-23 16:30:00+00:00","0.202","0.563","0.0306393"
"2012-12-23 17:00:00+00:00","0.278","0.394","0.0322875"
"2012-12-23 17:30:00+00:00","0.277","0.156","0.0315003"
"2012-12-23 18:00:00+00:00","0.269","0.081","0.03106365"
"2012-12-23 18:30:00+00:00","0.44","0.063","0.03060855"
"2012-12-23 19:00:00+00:00","0.32","0.031","0.03121125"
"2012-12-23 19:30:00+00:00","0.319","0.006","0.0335298"
"2012-12-23 20:00:00+00:00","0.335","0.0","0.03301935"
"2012-12-23 20:30:00+00:00","0.3","0.0","0.03191235"
"2012-12-23 21:00:00+00:00","0.163","0.0","0.03033795"
"2012-12-23 21:30:00+00:00","0.302","0.0","0.0307254"
"2012-12-23 22:00:00+00:00","0.188","0.0","0.03054705"
"2012-12-23 22:30:00+00:00","0.576","0.0","0.0320784"
"2012-12-23 23:00:00+00:00","0.689","0.0","0.0305532"
"2012-12-23 23:30:00+00:00","0.187","0.0","0.03075"
"2012-12-24 00:00:00+00:00","0.16","0.0","0.03118665"
"2012-12-24 00:30:00+00:00","0.083","0.0","0.0304917"
"2012-12-24 01:00:00+00:00","0.106","0.0","0.0304548"
"2012-12-24 01:30:00+00:00","0.165","0.0","0.0292986"
"2012-12-24 02:00:00+00:00","0.163","0.0","0.02902185"
"2012-12-24 02:30:00+00:00","0.159","0.0","0.02948925"
"2012-12-24 03:00:00+00:00","0.15","0.0","0.0294585"
"2012-12-24 03:30:00+00:00","0.124","0.0","0.0293232"
"2012-12-24 04:00:00+00:00","0.098","0.0","0.02912025"
"2012-12-24 04:30:00+00:00","0.062","0.0","0.02935395"
"2012-12-24 05:00:00+00:00","0.123","0.0","0.02952615"
"2012-12-24 05:30:00+00:00","0.126","0.0","0.03118665"
"2012-12-24 06:00:00+00:00","0.123","0.0","0.03091605"
"2012-12-24 06:30:00+00:00","0.183","0.0","0.0300735"
"2012-12-24 07:00:00+00:00","0.098","0.019","0.03065775"
"2012-12-24 07:30:00+00:00","0.41","0.038","0.03060855"
"2012-12-24 08:00:00+00:00","0.219","0.175","0.03159255"
"2012-12-24 08:30:00+00:00","0.336","0.4","0.0319431"
"2012-12-24 09:00:00+00:00","0.116","0.519","0.03213375"
"2012-12-24 09:30:00+00:00","0.125","0.594","0.0319431"
"2012-12-24 10:00:00+00:00","0.132","0.631","0.0320415"
"2012-12-24 10:30:00+00:00","0.126","0.731","0.03194925"
"2012-12-24 11:00:00+00:00","0.123","0.769","0.03196155"
"2012-12-24 11:30:00+00:00","0.115","0.844","0.0319431"
"2012-12-24 12:00:00+00:00","0.122","0.863","0.03198"
"2012-12-24 12:30:00+00:00","0.12","0.788","0.03198"
"2012-12-24 13:00:00+00:00","0.252","0.725","0.0319431"
"2012-12-24 13:30:00+00:00","0.181","0.894","0.0319431"
"2012-12-24 14:00:00+00:00","0.182","0.881","0.0319431"
"2012-12-24 14:30:00+00:00","0.166","0.856","0.0319431"
"2012-12-24 15:00:00+00:00","0.161","0.8","0.0318201"
"2012-12-24 15:30:00+00:00","0.16","0.738","0.0319431"
"2012-12-24 16:00:00+00:00","0.237","0.65","0.0319431"
"2012-12-24 16:30:00+00:00","0.184","0.406","0.03192465"
"2012-12-24 17:00:00+00:00","0.138","0.206","0.0315987"
"2012-12-24 17:30:00+00:00","0.084","0.106","0.0306516"
"2012-12-24 18:00:00+00:00","0.135","0.019","0.0305532"
"2012-12-24 18:30:00+00:00","0.135","0.013","0.0305532"
"2012-12-24 19:00:00+00:00","0.135","0.0","0.0305901"
"2012-12-24 19:30:00+00:00","0.145","0.0","0.03063315"
"2012-12-24 20:00:00+00:00","0.128","0.0","0.03039945"
"2012-12-24 20:30:00+00:00","0.143","0.0","0.0303195"
"2012-12-24 21:00:00+00:00","0.127","0.0","0.0298029"
"2012-12-24 21:30:00+00:00","0.298","0.0","0.0305163"
"2012-12-24 22:00:00+00:00","0.321","0.0","0.02988285"
"2012-12-24 22:30:00+00:00","0.314","0.0","0.03065775"
"2012-12-24 23:00:00+00:00","0.31","0.0","0.02963685"
"2012-12-24 23:30:00+00:00","0.18","0.0","0.02916945"
"2012-12-25 00:00:00+00:00","0.184","0.0","0.02850525"
"2012-12-25 00:30:00+00:00","0.185","0.0","0.0285114"
"2012-12-25 01:00:00+00:00","0.165","0.0","0.0282777"
"2012-12-25 01:30:00+00:00","0.142","0.0","0.0278595"
"2012-12-25 02:00:00+00:00","0.103","0.0","0.0253749"
"2012-12-25 02:30:00+00:00","0.065","0.0","0.02611905"
"2012-12-25 03:00:00+00:00","0.129","0.0","0.0256824"
"2012-12-25 03:30:00+00:00","0.129","0.0","0.02619285"
"2012-12-25 04:00:00+00:00","0.122","0.0","0.01659885"
"2012-12-25 04:30:00+00:00","0.094","0.0","0.01931715"
"2012-12-25 05:00:00+00:00","0.077","0.0","0.0199383"
"2012-12-25 05:30:00+00:00","0.138","0.0","0.02684475"
"2012-12-25 06:00:00+00:00","0.152","0.0","0.02790255"
"2012-12-25 06:30:00+00:00","0.435","0.0","0.02680785"
"2012-12-25 07:00:00+00:00","0.203","0.025","0.0278595"
"2012-12-25 07:30:00+00:00","0.172","0.044","0.02797635"
"2012-12-25 08:00:00+00:00","0.115","0.05","0.0279948"
"2012-12-25 08:30:00+00:00","0.189","0.063","0.02830845"
"2012-12-25 09:00:00+00:00","0.117","0.019","0.02839455"
"2012-12-25 09:30:00+00:00","0.107","0.019","0.02832075"
"2012-12-25 10:00:00+00:00","0.056","0.019","0.02835765"
"2012-12-25 10:30:00+00:00","0.087","0.038","0.02832075"
"2012-12-25 11:00:00+00:00","0.109","0.031","0.02832075"
"2012-12-25 11:30:00+00:00","0.114","0.063","0.02832075"
"2012-12-25 12:00:00+00:00","0.078","0.081","0.0283146"
"2012-12-25 12:30:00+00:00","0.081","0.044","0.0282039"
"2012-12-25 13:00:00+00:00","0.195","0.213","0.0279825"
"2012-12-25 13:30:00+00:00","0.221","0.238","0.02796405"
"2012-12-25 14:00:00+00:00","0.16","0.363","0.02797635"
"2012-12-25 14:30:00+00:00","0.122","0.075","0.02689395"
"2012-12-25 15:00:00+00:00","0.14","0.031","0.02674635"
"2012-12-25 15:30:00+00:00","0.16","0.019","0.02777955"
"2012-12-25 16:00:00+00:00","0.146","0.013","0.02784105"
"2012-12-25 16:30:00+00:00","0.114","0.0","0.027921"
"2012-12-25 17:00:00+00:00","0.098","0.0","0.02797635"
"2012-12-25 17:30:00+00:00","0.156","0.013","0.0279579"
"2012-12-25 18:00:00+00:00","0.115","0.0","0.02787795"
"2012-12-25 18:30:00+00:00","0.097","0.0","0.0276504"
"2012-12-25 19:00:00+00:00","0.058","0.0","0.02814855"
"2012-12-25 19:30:00+00:00","0.099","0.0","0.0282039"
"2012-12-25 20:00:00+00:00","0.144","0.0","0.0283146"
"2012-12-25 20:30:00+00:00","0.112","0.0","0.0283146"
"2012-12-25 21:00:00+00:00","0.065","0.0","0.0283884"
"2012-12-25 21:30:00+00:00","0.102","0.0","0.0286467"
"2012-12-25 22:00:00+00:00","0.111","0.0","0.0283146"
"2012-12-25 22:30:00+00:00","0.048","0.0","0.0293478"
"2012-12-25 23:00:00+00:00","0.074","0.0","0.0286221"
"2012-12-25 23:30:00+00:00","0.15","0.0","0.0285237"
"2012-12-26 00:00:00+00:00","0.11","0.0","0.02832075"
"2012-12-26 00:30:00+00:00","0.046","0.0","0.02728755"
"2012-12-26 01:00:00+00:00","0.104","0.0","0.028167"
"2012-12-26 01:30:00+00:00","0.098","0.0","0.02800095"
"2012-12-26 02:00:00+00:00","0.049","0.0","0.02653725"
"2012-12-26 02:30:00+00:00","0.097","0.0","0.0249567"
"2012-12-26 03:00:00+00:00","0.15","0.0","0.02400345"
"2012-12-26 03:30:00+00:00","0.086","0.0","0.018204"
"2012-12-26 04:00:00+00:00","0.061","0.0","0.01727535"
"2012-12-26 04:30:00+00:00","0.12","0.0","0.02626665"
"2012-12-26 05:00:00+00:00","0.068","0.0","0.02589765"
"2012-12-26 05:30:00+00:00","0.055","0.0","0.02624205"
"2012-12-26 06:00:00+00:00","0.111","0.0","0.0264327"
"2012-12-26 06:30:00+00:00","0.115","0.0","0.02779185"
"2012-12-26 07:00:00+00:00","0.094","0.0","0.02808705"
"2012-12-26 07:30:00+00:00","0.105","0.006","0.02624205"
"2012-12-26 08:00:00+00:00","0.09","0.031","0.02827155"
"2012-12-26 08:30:00+00:00","0.046","0.088","0.0283392"
"2012-12-26 09:00:00+00:00","0.096","0.169","0.02832075"
"2012-12-26 09:30:00+00:00","0.1","0.313","0.0283269"
"2012-12-26 10:00:00+00:00","0.053","0.506","0.0283269"
"2012-12-26 10:30:00+00:00","0.118","0.338","0.02833305"
"2012-12-26 11:00:00+00:00","0.146","0.363","0.02834535"
"2012-12-26 11:30:00+00:00","0.072","0.444","0.0283269"
"2012-12-26 12:00:00+00:00","0.046","0.463","0.0283146"
"2012-12-26 12:30:00+00:00","0.116","0.675","0.02828385"
"2012-12-26 13:00:00+00:00","0.104","0.531","0.02832075"
"2012-12-26 13:30:00+00:00","0.051","0.481","0.0283146"
"2012-12-26 14:00:00+00:00","0.079","0.563","0.02829615"
"2012-12-26 14:30:00+00:00","0.154","0.569","0.0283269"
"2012-12-26 15:00:00+00:00","0.126","0.231","0.02829"
"2012-12-26 15:30:00+00:00","0.053","0.331","0.02832075"
"2012-12-26 16:00:00+00:00","0.1","0.181","0.02832075"
"2012-12-26 16:30:00+00:00","0.105","0.35","0.02832075"
"2012-12-26 17:00:00+00:00","0.075","0.138","0.02832075"
"2012-12-26 17:30:00+00:00","0.045","0.206","0.02832075"
"2012-12-26 18:00:00+00:00","0.114","0.169","0.02832075"
"2012-12-26 18:30:00+00:00","0.13","0.088","0.02832075"
"2012-12-26 19:00:00+00:00","0.092","0.038","0.02832075"
"2012-12-26 19:30:00+00:00","0.094","0.013","0.0283269"
"2012-12-26 20:00:00+00:00","0.175","0.0","0.0283515"
"2012-12-26 20:30:00+00:00","0.604","0.0","0.02833305"
"2012-12-26 21:00:00+00:00","0.288","0.0","0.02829"
"2012-12-26 21:30:00+00:00","0.291","0.0","0.02868975"
"2012-12-26 22:00:00+00:00","0.301","0.0","0.0283515"
"2012-12-26 22:30:00+00:00","0.324","0.0","0.02942775"
"2012-12-26 23:00:00+00:00","0.275","0.0","0.0288435"
"2012-12-26 23:30:00+00:00","0.178","0.0","0.02845605"
"2012-12-27 00:00:00+00:00","0.091","0.0","0.028413"
"2012-12-27 00:30:00+00:00","0.178","0.0","0.0283761"
"2012-12-27 01:00:00+00:00","0.114","0.0","0.02832075"
"2012-12-27 01:30:00+00:00","0.118","0.0","0.0283146"
"2012-12-27 02:00:00+00:00","0.071","0.006","0.02829"
"2012-12-27 02:30:00+00:00","0.092","0.0","0.0282162"
"2012-12-27 03:00:00+00:00","0.151","0.0","0.02805015"
"2012-12-27 03:30:00+00:00","0.113","0.0","0.02800095"
"2012-12-27 04:00:00+00:00","0.05","0.0","0.0280563"
"2012-12-27 04:30:00+00:00","0.102","0.0","0.0283146"
"2012-12-27 05:00:00+00:00","0.115","0.0","0.02832075"
"2012-12-27 05:30:00+00:00","0.057","0.0","0.02833305"
"2012-12-27 06:00:00+00:00","0.077","0.0","0.0285606"
"2012-12-27 06:30:00+00:00","0.137","0.0","0.02839455"
"2012-12-27 07:00:00+00:00","0.094","0.031","0.02844375"
"2012-12-27 07:30:00+00:00","0.268","0.131","0.0283515"
"2012-12-27 08:00:00+00:00","0.191","0.275","0.02883735"
"2012-12-27 08:30:00+00:00","0.185","0.425","0.0290649"
"2012-12-27 09:00:00+00:00","0.118","0.538","0.0294093"
"2012-12-27 09:30:00+00:00","0.194","0.644","0.02872665"
"2012-12-27 10:00:00+00:00","0.227","0.725","0.0288558"
"2012-12-27 10:30:00+00:00","0.291","0.775","0.02854215"
"2012-12-27 11:00:00+00:00","0.071","0.569","0.02880045"
"2012-12-27 11:30:00+00:00","0.111","0.65","0.0287574"
"2012-12-27 12:00:00+00:00","0.117","0.638","0.0292002"
"2012-12-27 12:30:00+00:00","0.172","0.719","0.02877585"
"2012-12-27 13:00:00+00:00","0.185","0.825","0.02881275"
"2012-12-27 13:30:00+00:00","0.201","0.825","0.0289542"
"2012-12-27 14:00:00+00:00","0.368","0.925","0.02891115"
"2012-12-27 14:30:00+00:00","0.163","0.881","0.0289665"
"2012-12-27 15:00:00+00:00","0.12","0.831","0.0291387"
"2012-12-27 15:30:00+00:00","0.147","0.781","0.02937855"
"2012-12-27 16:00:00+00:00","0.187","0.713","0.0295815"
"2012-12-27 16:30:00+00:00","0.177","0.569","0.0298398"
"2012-12-27 17:00:00+00:00","0.298","0.375","0.03006735"
"2012-12-27 17:30:00+00:00","0.281","0.25","0.0292248"
"2012-12-27 18:00:00+00:00","0.197","0.069","0.02951385"
"2012-12-27 18:30:00+00:00","0.133","0.044","0.0287697"
"2012-12-27 19:00:00+00:00","0.11","0.025","0.02919405"
"2012-12-27 19:30:00+00:00","0.238","0.013","0.02975985"
"2012-12-27 20:00:00+00:00","0.352","0.0","0.0298521"
"2012-12-27 20:30:00+00:00","0.296","0.0","0.02912025"
"2012-12-27 21:00:00+00:00","0.285","0.0","0.0288558"
"2012-12-27 21:30:00+00:00","0.269","0.0","0.0297045"
"2012-12-27 22:00:00+00:00","0.225","0.0","0.02905875"
"2012-12-27 22:30:00+00:00","1.138","0.0","0.03041175"
"2012-12-27 23:00:00+00:00","0.276","0.0","0.03046095"
"2012-12-27 23:30:00+00:00","0.144","0.0","0.0305409"
"2012-12-28 00:00:00+00:00","0.125","0.0","0.0305409"
"2012-12-28 00:30:00+00:00","0.094","0.0","0.0293109"
"2012-12-28 01:00:00+00:00","0.066","0.0","0.02896035"
"2012-12-28 01:30:00+00:00","0.145","0.0","0.0287082"
"2012-12-28 02:00:00+00:00","0.167","0.0","0.02832075"
"2012-12-28 02:30:00+00:00","0.147","0.0","0.02864055"
"2012-12-28 03:00:00+00:00","0.079","0.0","0.02849295"
"2012-12-28 03:30:00+00:00","0.059","0.0","0.0283761"
"2012-12-28 04:00:00+00:00","0.124","0.0","0.02835765"
"2012-12-28 04:30:00+00:00","0.109","0.0","0.0286836"
"2012-12-28 05:00:00+00:00","0.072","0.0","0.0287082"
"2012-12-28 05:30:00+00:00","0.045","0.0","0.028782"
"2012-12-28 06:00:00+00:00","0.232","0.0","0.02908335"
"2012-12-28 06:30:00+00:00","0.167","0.0","0.0284622"
"2012-12-28 07:00:00+00:00","0.121","0.031","0.02891115"
"2012-12-28 07:30:00+00:00","0.067","0.119","0.0284868"
"2012-12-28 08:00:00+00:00","0.263","0.263","0.0297906"
"2012-12-28 08:30:00+00:00","0.238","0.406","0.0299751"
"2012-12-28 09:00:00+00:00","0.255","0.513","0.0294708"
"2012-12-28 09:30:00+00:00","0.179","0.619","0.02977215"
"2012-12-28 10:00:00+00:00","0.509","0.694","0.0301227"
"2012-12-28 10:30:00+00:00","1.138","0.756","0.0302088"
"2012-12-28 11:00:00+00:00","1.238","0.8","0.03060855"
"2012-12-28 11:30:00+00:00","0.646","0.838","0.03058395"
"2012-12-28 12:00:00+00:00","0.586","0.856","0.030627"
"2012-12-28 12:30:00+00:00","0.637","0.863","0.030627"
"2012-12-28 13:00:00+00:00","0.733","0.85","0.030627"
"2012-12-28 13:30:00+00:00","0.782","0.85","0.03059625"
"2012-12-28 14:00:00+00:00","0.724","0.519","0.0306147"
"2012-12-28 14:30:00+00:00","0.796","0.288","0.0305532"
"2012-12-28 15:00:00+00:00","0.383","0.55","0.0306024"
"2012-12-28 15:30:00+00:00","0.242","0.669","0.0305778"
"2012-12-28 16:00:00+00:00","0.712","0.631","0.03052245"
"2012-12-28 16:30:00+00:00","0.248","0.35","0.0305778"
"2012-12-28 17:00:00+00:00","0.24","0.238","0.030627"
"2012-12-28 17:30:00+00:00","0.242","0.206","0.029889"
"2012-12-28 18:00:00+00:00","0.231","0.244","0.0293232"
"2012-12-28 18:30:00+00:00","0.384","0.156","0.02834535"
"2012-12-28 19:00:00+00:00","0.223","0.063","0.0288189"
"2012-12-28 19:30:00+00:00","0.503","0.019","0.0294831"
"2012-12-28 20:00:00+00:00","0.149","0.0","0.02926785"
"2012-12-28 20:30:00+00:00","0.136","0.0","0.0288189"
"2012-12-28 21:00:00+00:00","0.178","0.0","0.02841915"
"2012-12-28 21:30:00+00:00","0.188","0.0","0.0286098"
"2012-12-28 22:00:00+00:00","0.281","0.0","0.02843145"
"2012-12-28 22:30:00+00:00","0.789","0.0","0.02984595"
"2012-12-28 23:00:00+00:00","0.571","0.0","0.029766"
"2012-12-28 23:30:00+00:00","0.18","0.0","0.0300366"
"2012-12-29 00:00:00+00:00","0.18","0.0","0.03090375"
"2012-12-29 00:30:00+00:00","0.167","0.0","0.02900955"
"2012-12-29 01:00:00+00:00","0.155","0.0","0.02862825"
"2012-12-29 01:30:00+00:00","0.163","0.0","0.02832075"
"2012-12-29 02:00:00+00:00","0.105","0.0","0.0283146"
"2012-12-29 02:30:00+00:00","0.136","0.0","0.02857905"
"2012-12-29 03:00:00+00:00","0.161","0.0","0.0283638"
"2012-12-29 03:30:00+00:00","0.163","0.0","0.028413"
"2012-12-29 04:00:00+00:00","0.162","0.0","0.02843145"
"2012-12-29 04:30:00+00:00","0.184","0.0","0.02835765"
"2012-12-29 05:00:00+00:00","0.163","0.0","0.028167"
"2012-12-29 05:30:00+00:00","0.112","0.0","0.0283146"
"2012-12-29 06:00:00+00:00","0.139","0.0","0.0280809"
"2012-12-29 06:30:00+00:00","0.158","0.0","0.0282531"
"2012-12-29 07:00:00+00:00","0.17","0.0","0.0283146"
"2012-12-29 07:30:00+00:00","0.137","0.006","0.02835765"
"2012-12-29 08:00:00+00:00","0.121","0.044","0.0283392"
"2012-12-29 08:30:00+00:00","0.177","0.1","0.028413"
"2012-12-29 09:00:00+00:00","0.292","0.106","0.02871435"
"2012-12-29 09:30:00+00:00","0.203","0.075","0.02861595"
"2012-12-29 10:00:00+00:00","0.181","0.069","0.02851755"
"2012-12-29 10:30:00+00:00","0.253","0.163","0.0283515"
"2012-12-29 11:00:00+00:00","0.24","0.394","0.0283515"
"2012-12-29 11:30:00+00:00","0.2","0.363","0.0283515"
"2012-12-29 12:00:00+00:00","0.161","0.538","0.0283515"
"2012-12-29 12:30:00+00:00","0.156","0.563","0.02834535"
"2012-12-29 13:00:00+00:00","0.161","0.688","0.0283515"
"2012-12-29 13:30:00+00:00","0.159","0.894","0.0283515"
"2012-12-29 14:00:00+00:00","0.269","0.925","0.02834535"
"2012-12-29 14:30:00+00:00","0.539","0.875","0.0283515"
"2012-12-29 15:00:00+00:00","1.167","0.819","0.0286467"
"2012-12-29 15:30:00+00:00","0.459","0.769","0.0291756"
"2012-12-29 16:00:00+00:00","0.269","0.694","0.0299382"
"2012-12-29 16:30:00+00:00","0.33","0.556","0.02914485"
"2012-12-29 17:00:00+00:00","0.33","0.363","0.0298644"
"2012-12-29 17:30:00+00:00","0.325","0.25","0.0294831"
"2012-12-29 18:00:00+00:00","0.285","0.044","0.02952"
"2012-12-29 18:30:00+00:00","0.325","0.031","0.0289542"
"2012-12-29 19:00:00+00:00","0.385","0.019","0.0288435"
"2012-12-29 19:30:00+00:00","0.246","0.013","0.0289419"
"2012-12-29 20:00:00+00:00","0.245","0.0","0.0293109"
"2012-12-29 20:30:00+00:00","0.235","0.0","0.02916945"
"2012-12-29 21:00:00+00:00","0.192","0.0","0.0288681"
"2012-12-29 21:30:00+00:00","0.274","0.0","0.0297168"
"2012-12-29 22:00:00+00:00","0.506","0.0","0.0292371"
"2012-12-29 22:30:00+00:00","0.349","0.0","0.03021495"
"2012-12-29 23:00:00+00:00","0.214","0.0","0.0299505"
"2012-12-29 23:30:00+00:00","0.126","0.0","0.03036255"
"2012-12-30 00:00:00+00:00","0.127","0.0","0.02991975"
"2012-12-30 00:30:00+00:00","0.158","0.0","0.0283146"
"2012-12-30 01:00:00+00:00","0.16","0.0","0.02832075"
"2012-12-30 01:30:00+00:00","0.149","0.0","0.02832075"
"2012-12-30 02:00:00+00:00","0.165","0.0","0.02832075"
"2012-12-30 02:30:00+00:00","0.135","0.0","0.0284868"
"2012-12-30 03:00:00+00:00","0.196","0.0","0.0284376"
"2012-12-30 03:30:00+00:00","0.205","0.0","0.0281178"
"2012-12-30 04:00:00+00:00","0.181","0.0","0.0283146"
"2012-12-30 04:30:00+00:00","0.137","0.0","0.02832075"
"2012-12-30 05:00:00+00:00","0.16","0.0","0.02832075"
"2012-12-30 05:30:00+00:00","0.16","0.0","0.02832075"
"2012-12-30 06:00:00+00:00","0.144","0.0","0.02816085"
"2012-12-30 06:30:00+00:00","0.242","0.0","0.02829"
"2012-12-30 07:00:00+00:00","0.15","0.019","0.0283146"
"2012-12-30 07:30:00+00:00","0.173","0.094","0.0282285"
"2012-12-30 08:00:00+00:00","0.226","0.163","0.028167"
"2012-12-30 08:30:00+00:00","0.211","0.275","0.02832075"
"2012-12-30 09:00:00+00:00","0.211","0.544","0.02832075"
"2012-12-30 09:30:00+00:00","0.15","0.369","0.02832075"
"2012-12-30 10:00:00+00:00","0.124","0.65","0.02832075"
"2012-12-30 10:30:00+00:00","0.465","0.8","0.02832075"
"2012-12-30 11:00:00+00:00","0.991","0.844","0.02832075"
"2012-12-30 11:30:00+00:00","0.153","0.881","0.02841915"
"2012-12-30 12:00:00+00:00","0.118","0.913","0.02832075"
"2012-12-30 12:30:00+00:00","0.122","0.8","0.02832075"
"2012-12-30 13:00:00+00:00","0.12","0.7","0.02832075"
"2012-12-30 13:30:00+00:00","0.308","0.706","0.02832075"
"2012-12-30 14:00:00+00:00","0.258","0.944","0.02832075"
"2012-12-30 14:30:00+00:00","0.158","0.694","0.02832075"
"2012-12-30 15:00:00+00:00","0.173","0.588","0.02835765"
"2012-12-30 15:30:00+00:00","0.146","0.5","0.0283515"
"2012-12-30 16:00:00+00:00","0.101","0.481","0.02865285"
"2012-12-30 16:30:00+00:00","0.162","0.494","0.02852985"
"2012-12-30 17:00:00+00:00","0.178","0.381","0.02881275"
"2012-12-30 17:30:00+00:00","0.172","0.256","0.0287082"
"2012-12-30 18:00:00+00:00","0.132","0.113","0.0285606"
"2012-12-30 18:30:00+00:00","0.122","0.05","0.0283515"
"2012-12-30 19:00:00+00:00","0.126","0.031","0.02835765"
"2012-12-30 19:30:00+00:00","0.128","0.013","0.0291756"
"2012-12-30 20:00:00+00:00","0.248","0.0","0.02882505"
"2012-12-30 20:30:00+00:00","0.197","0.0","0.02855445"
"2012-12-30 21:00:00+00:00","0.28","0.0","0.02833305"
"2012-12-30 21:30:00+00:00","0.348","0.0","0.0287205"
"2012-12-30 22:00:00+00:00","0.326","0.0","0.0284745"
"2012-12-30 22:30:00+00:00","0.361","0.0","0.02930475"
"2012-12-30 23:00:00+00:00","0.169","0.0","0.0287697"
"2012-12-30 23:30:00+00:00","0.151","0.0","0.02832075"
"2012-12-31 00:00:00+00:00","0.125","0.0","0.0283146"
"2012-12-31 00:30:00+00:00","0.104","0.0","0.0283146"
"2012-12-31 01:00:00+00:00","0.15","0.0","0.0283146"
"2012-12-31 01:30:00+00:00","0.125","0.0","0.0283146"
"2012-12-31 02:00:00+00:00","0.124","0.0","0.0283146"
"2012-12-31 02:30:00+00:00","0.116","0.0","0.028167"
"2012-12-31 03:00:00+00:00","0.123","0.0","0.02830845"
"2012-12-31 03:30:00+00:00","0.156","0.0","0.0282654"
"2012-12-31 04:00:00+00:00","0.175","0.0","0.0283146"
"2012-12-31 04:30:00+00:00","0.125","0.0","0.02824695"
"2012-12-31 05:00:00+00:00","0.136","0.0","0.0283146"
"2012-12-31 05:30:00+00:00","0.168","0.0","0.0283269"
"2012-12-31 06:00:00+00:00","0.23","0.0","0.02841915"
"2012-12-31 06:30:00+00:00","0.178","0.006","0.02818545"
"2012-12-31 07:00:00+00:00","0.289","0.025","0.0283515"
"2012-12-31 07:30:00+00:00","0.598","0.106","0.02835765"
"2012-12-31 08:00:00+00:00","0.533","0.244","0.0285975"
"2012-12-31 08:30:00+00:00","0.717","0.394","0.0289296"
"2012-12-31 09:00:00+00:00","0.568","0.481","0.02876355"
"2012-12-31 09:30:00+00:00","0.484","0.619","0.02881275"
"2012-12-31 10:00:00+00:00","0.528","0.694","0.0288312"
"2012-12-31 10:30:00+00:00","0.578","0.781","0.0290034"
"2012-12-31 11:00:00+00:00","0.647","0.838","0.02888655"
"2012-12-31 11:30:00+00:00","0.627","0.875","0.0290034"
"2012-12-31 12:00:00+00:00","0.367","0.894","0.0292248"
"2012-12-31 12:30:00+00:00","0.213","0.9","0.02944005"
"2012-12-31 13:00:00+00:00","0.328","0.913","0.02956305"
"2012-12-31 13:30:00+00:00","1.023","0.913","0.0299382"
"2012-12-31 14:00:00+00:00","0.256","0.9","0.030627"
"2012-12-31 14:30:00+00:00","0.206","0.875","0.03063315"
"2012-12-31 15:00:00+00:00","0.219","0.831","0.03063315"
"2012-12-31 15:30:00+00:00","0.395","0.775","0.0305901"
"2012-12-31 16:00:00+00:00","0.16","0.7","0.0306393"
"2012-12-31 16:30:00+00:00","0.164","0.625","0.0307008"
"2012-12-31 17:00:00+00:00","0.164","0.431","0.03060855"
"2012-12-31 17:30:00+00:00","0.158","0.281","0.03015345"
"2012-12-31 18:00:00+00:00","0.164","0.044","0.03025185"
"2012-12-31 18:30:00+00:00","0.164","0.031","0.02914485"
"2012-12-31 19:00:00+00:00","0.16","0.019","0.0285975"
"2012-12-31 19:30:00+00:00","0.138","0.013","0.0289173"
"2012-12-31 20:00:00+00:00","0.112","0.0","0.02877585"
"2012-12-31 20:30:00+00:00","0.104","0.0","0.0284991"
"2012-12-31 21:00:00+00:00","0.155","0.0","0.0283515"
"2012-12-31 21:30:00+00:00","0.731","0.0","0.02952615"
"2012-12-31 22:00:00+00:00","0.872","0.0","0.0288435"
"2012-12-31 22:30:00+00:00","0.337","0.0","0.0304425"
"2012-12-31 23:00:00+00:00","0.332","0.0","0.0302334"
"2012-12-31 23:30:00+00:00","0.337","0.0","0.03073155"
"2013-01-01 00:00:00+00:00","0.293","0.0","0.0304056"
"2013-01-01 00:30:00+00:00","0.225","0.0","0.02866515"
"2013-01-01 01:00:00+00:00","0.186","0.0","0.0284868"
"2013-01-01 01:30:00+00:00","0.181","0.0","0.0275274"
"2013-01-01 02:00:00+00:00","0.172","0.0","0.0263589"
"2013-01-01 02:30:00+00:00","0.168","0.0","0.0263589"
"2013-01-01 03:00:00+00:00","0.149","0.0","0.0263343"
"2013-01-01 03:30:00+00:00","0.074","0.0","0.02378205"
"2013-01-01 04:00:00+00:00","0.062","0.0","0.02461845"
"2013-01-01 04:30:00+00:00","0.122","0.0","0.0254364"
"2013-01-01 05:00:00+00:00","0.124","0.0","0.02433555"
"2013-01-01 05:30:00+00:00","0.115","0.0","0.0250551"
"2013-01-01 06:00:00+00:00","0.164","0.0","0.0239481"
"2013-01-01 06:30:00+00:00","0.166","0.0","0.02595915"
"2013-01-01 07:00:00+00:00","0.27","0.025","0.0274167"
"2013-01-01 07:30:00+00:00","0.164","0.1","0.0276627"
"2013-01-01 08:00:00+00:00","0.135","0.238","0.02758275"
"2013-01-01 08:30:00+00:00","0.16","0.381","0.02763195"
"2013-01-01 09:00:00+00:00","0.242","0.5","0.02758275"
"2013-01-01 09:30:00+00:00","0.212","0.594","0.02758275"
"2013-01-01 10:00:00+00:00","0.193","0.688","0.027921"
"2013-01-01 10:30:00+00:00","0.127","0.763","0.02829615"
"2013-01-01 11:00:00+00:00","0.28","0.813","0.0283515"
"2013-01-01 11:30:00+00:00","0.285","0.85","0.02839455"
"2013-01-01 12:00:00+00:00","0.435","0.881","0.02953845"
"2013-01-01 12:30:00+00:00","0.278","0.888","0.030012"
"2013-01-01 13:00:00+00:00","0.242","0.875","0.02969835"
"2013-01-01 13:30:00+00:00","0.259","0.888","0.03012885"
"2013-01-01 14:00:00+00:00","0.255","0.888","0.0304425"
"2013-01-01 14:30:00+00:00","0.288","0.856","0.03053475"
"2013-01-01 15:00:00+00:00","0.31","0.8","0.03063315"
"2013-01-01 15:30:00+00:00","0.487","0.75","0.03070695"
"2013-01-01 16:00:00+00:00","0.209","0.675","0.03063315"
"2013-01-01 16:30:00+00:00","0.218","0.588","0.03074385"
"2013-01-01 17:00:00+00:00","0.228","0.394","0.03070695"
"2013-01-01 17:30:00+00:00","0.237","0.194","0.03064545"
"2013-01-01 18:00:00+00:00","0.668","0.088","0.0302457"
"2013-01-01 18:30:00+00:00","0.551","0.05","0.0302211"
"2013-01-01 19:00:00+00:00","0.501","0.031","0.03006735"
"2013-01-01 19:30:00+00:00","0.262","0.013","0.03051015"
"2013-01-01 20:00:00+00:00","0.311","0.0","0.0302088"
"2013-01-01 20:30:00+00:00","0.246","0.0","0.03027645"
"2013-01-01 21:00:00+00:00","0.505","0.0","0.0294954"
"2013-01-01 21:30:00+00:00","0.203","0.0","0.0298029"
"2013-01-01 22:00:00+00:00","0.551","0.0","0.028905"
"2013-01-01 22:30:00+00:00","0.89","0.0","0.02888655"
"2013-01-01 23:00:00+00:00","0.153","0.0","0.0283884"
"2013-01-01 23:30:00+00:00","0.149","0.0","0.02800095"
"2013-01-02 00:00:00+00:00","0.146","0.0","0.02763195"
"2013-01-02 00:30:00+00:00","0.175","0.0","0.0273798"
"2013-01-02 01:00:00+00:00","0.188","0.0","0.02661105"
"2013-01-02 01:30:00+00:00","0.176","0.0","0.0268509"
"2013-01-02 02:00:00+00:00","0.176","0.0","0.0259038"
"2013-01-02 02:30:00+00:00","0.149","0.0","0.02308095"
"2013-01-02 03:00:00+00:00","0.124","0.0","0.02298255"
"2013-01-02 03:30:00+00:00","0.13","0.0","0.02549175"
"2013-01-02 04:00:00+00:00","0.096","0.0","0.0254118"
"2013-01-02 04:30:00+00:00","0.068","0.0","0.0265557"
"2013-01-02 05:00:00+00:00","0.086","0.0","0.0272937"
"2013-01-02 05:30:00+00:00","0.133","0.0","0.02760735"
"2013-01-02 06:00:00+00:00","0.129","0.0","0.0277365"
"2013-01-02 06:30:00+00:00","0.127","0.0","0.02851755"
"2013-01-02 07:00:00+00:00","0.281","0.013","0.0284499"
"2013-01-02 07:30:00+00:00","0.219","0.088","0.0284007"
"2013-01-02 08:00:00+00:00","0.169","0.269","0.029766"
"2013-01-02 08:30:00+00:00","0.213","0.356","0.02980905"
"2013-01-02 09:00:00+00:00","0.353","0.431","0.02995665"
"2013-01-02 09:30:00+00:00","0.165","0.413","0.0306147"
"2013-01-02 10:00:00+00:00","0.19","0.319","0.0304548"
"2013-01-02 10:30:00+00:00","0.175","0.356","0.03063315"
"2013-01-02 11:00:00+00:00","0.156","0.588","0.0307131"
"2013-01-02 11:30:00+00:00","0.207","0.519","0.03075"
"2013-01-02 12:00:00+00:00","0.113","0.706","0.0306393"
"2013-01-02 12:30:00+00:00","0.132","0.694","0.03020265"
"2013-01-02 13:00:00+00:00","0.29","0.9","0.03094065"
"2013-01-02 13:30:00+00:00","0.188","0.706","0.03075615"
"2013-01-02 14:00:00+00:00","0.257","0.456","0.0311559"
"2013-01-02 14:30:00+00:00","0.226","0.456","0.03106365"
"2013-01-02 15:00:00+00:00","0.22","0.456","0.03065775"
"2013-01-02 15:30:00+00:00","0.133","0.356","0.03124815"
"2013-01-02 16:00:00+00:00","0.31","0.225","0.03134655"
"2013-01-02 16:30:00+00:00","0.158","0.169","0.0314142"
"2013-01-02 17:00:00+00:00","0.245","0.15","0.0312174"
"2013-01-02 17:30:00+00:00","0.178","0.119","0.0305655"
"2013-01-02 18:00:00+00:00","0.134","0.119","0.0305778"
"2013-01-02 18:30:00+00:00","0.132","0.013","0.03032565"
"2013-01-02 19:00:00+00:00","0.126","0.0","0.0305409"
"2013-01-02 19:30:00+00:00","0.145","0.0","0.03063315"
"2013-01-02 20:00:00+00:00","0.132","0.0","0.03063315"
"2013-01-02 20:30:00+00:00","0.341","0.0","0.0303933"
"2013-01-02 21:00:00+00:00","0.315","0.0","0.03027645"
"2013-01-02 21:30:00+00:00","0.194","0.0","0.03068235"
"2013-01-02 22:00:00+00:00","0.183","0.0","0.03011655"
"2013-01-02 22:30:00+00:00","0.155","0.0","0.0315864"
"2013-01-02 23:00:00+00:00","0.179","0.0","0.0305655"
"2013-01-02 23:30:00+00:00","0.116","0.0","0.03049785"
"2013-01-03 00:00:00+00:00","0.076","0.0","0.02957535"
"2013-01-03 00:30:00+00:00","0.119","0.0","0.0299997"
"2013-01-03 01:00:00+00:00","0.122","0.0","0.02587305"
"2013-01-03 01:30:00+00:00","0.126","0.0","0.02621745"
"2013-01-03 02:00:00+00:00","0.076","0.0","0.0217218"
"2013-01-03 02:30:00+00:00","0.09","0.0","0.02353605"
"2013-01-03 03:00:00+00:00","0.129","0.0","0.0229272"
"2013-01-03 03:30:00+00:00","0.152","0.0","0.0252027"
"2013-01-03 04:00:00+00:00","0.133","0.0","0.02363445"
"2013-01-03 04:30:00+00:00","0.111","0.0","0.0259653"
"2013-01-03 05:00:00+00:00","0.171","0.0","0.02758275"
"2013-01-03 05:30:00+00:00","0.285","0.0","0.0283023"
"2013-01-03 06:00:00+00:00","0.136","0.0","0.0279702"
"2013-01-03 06:30:00+00:00","0.079","0.0","0.02795175"
"2013-01-03 07:00:00+00:00","0.241","0.013","0.02835765"
"2013-01-03 07:30:00+00:00","0.148","0.056","0.02902185"
"2013-01-03 08:00:00+00:00","0.232","0.131","0.0295569"
"2013-01-03 08:30:00+00:00","0.191","0.181","0.03001815"
"2013-01-03 09:00:00+00:00","0.109","0.256","0.0298767"
"2013-01-03 09:30:00+00:00","0.155","0.356","0.0300366"
"2013-01-03 10:00:00+00:00","1.037","0.544","0.03035025"
"2013-01-03 10:30:00+00:00","0.163","0.681","0.030258"
"2013-01-03 11:00:00+00:00","0.162","0.688","0.0306024"
"2013-01-03 11:30:00+00:00","0.14","0.875","0.030627"
"2013-01-03 12:00:00+00:00","0.1","0.944","0.03063315"
"2013-01-03 12:30:00+00:00","0.1","0.713","0.0306393"
"2013-01-03 13:00:00+00:00","0.125","0.694","0.0306393"
"2013-01-03 13:30:00+00:00","0.124","0.694","0.0306393"
"2013-01-03 14:00:00+00:00","0.117","0.644","0.03059625"
"2013-01-03 14:30:00+00:00","0.124","0.838","0.0314265"
"2013-01-03 15:00:00+00:00","0.12","0.819","0.03114975"
"2013-01-03 15:30:00+00:00","0.102","0.763","0.03138345"
"2013-01-03 16:00:00+00:00","0.066","0.688","0.0317094"
"2013-01-03 16:30:00+00:00","0.115","0.588","0.03119895"
"2013-01-03 17:00:00+00:00","0.429","0.369","0.0321399"
"2013-01-03 17:30:00+00:00","0.215","0.275","0.0309591"
"2013-01-03 18:00:00+00:00","0.228","0.05","0.0307131"
"2013-01-03 18:30:00+00:00","0.152","0.038","0.03063315"
"2013-01-03 19:00:00+00:00","0.184","0.019","0.0311805"
"2013-01-03 19:30:00+00:00","0.231","0.013","0.03205995"
"2013-01-03 20:00:00+00:00","0.238","0.0","0.0335667"
"2013-01-03 20:30:00+00:00","0.315","0.0","0.0308607"
"2013-01-03 21:00:00+00:00","0.171","0.0","0.03074385"
"2013-01-03 21:30:00+00:00","0.251","0.0","0.0304548"
"2013-01-03 22:00:00+00:00","0.182","0.0","0.02977215"
"2013-01-03 22:30:00+00:00","0.288","0.0","0.03704145"
"2013-01-03 23:00:00+00:00","0.421","0.0","0.0315495"
"2013-01-03 23:30:00+00:00","0.124","0.0","0.0308853"
"2013-01-04 00:00:00+00:00","0.112","0.0","0.0310452"
"2013-01-04 00:30:00+00:00","0.141","0.0","0.0319185"
"2013-01-04 01:00:00+00:00","0.138","0.0","0.02921865"
"2013-01-04 01:30:00+00:00","0.176","0.0","0.0279825"
"2013-01-04 02:00:00+00:00","0.109","0.0","0.0267894"
"2013-01-04 02:30:00+00:00","0.091","0.0","0.0246615"
"2013-01-04 03:00:00+00:00","0.128","0.0","0.0253872"
"2013-01-04 03:30:00+00:00","0.12","0.0","0.0255717"
"2013-01-04 04:00:00+00:00","0.08","0.0","0.0263343"
"2013-01-04 04:30:00+00:00","0.066","0.0","0.02758275"
"2013-01-04 05:00:00+00:00","0.153","0.0","0.02758275"
"2013-01-04 05:30:00+00:00","0.154","0.0","0.02818545"
"2013-01-04 06:00:00+00:00","0.088","0.0","0.02900955"
"2013-01-04 06:30:00+00:00","0.084","0.0","0.02956305"
"2013-01-04 07:00:00+00:00","0.34","0.025","0.0304548"
"2013-01-04 07:30:00+00:00","0.157","0.088","0.03043635"
"2013-01-04 08:00:00+00:00","0.364","0.238","0.0306393"
"2013-01-04 08:30:00+00:00","0.174","0.4","0.0313896"
"2013-01-04 09:00:00+00:00","0.216","0.488","0.031611"
"2013-01-04 09:30:00+00:00","0.291","0.625","0.0315372"
"2013-01-04 10:00:00+00:00","0.215","0.713","0.03155565"
"2013-01-04 10:30:00+00:00","0.174","0.781","0.0311928"
"2013-01-04 11:00:00+00:00","0.258","0.825","0.03121125"
"2013-01-04 11:30:00+00:00","0.177","0.869","0.0312543"
"2013-01-04 12:00:00+00:00","0.085","0.906","0.0314388"
"2013-01-04 12:30:00+00:00","0.069","0.919","0.03114975"
"2013-01-04 13:00:00+00:00","0.207","0.925","0.0313035"
"2013-01-04 13:30:00+00:00","0.264","0.919","0.0301104"
"2013-01-04 14:00:00+00:00","0.159","0.925","0.03186315"
"2013-01-04 14:30:00+00:00","0.124","0.888","0.0320907"
"2013-01-04 15:00:00+00:00","0.115","0.85","0.030012"
"2013-01-04 15:30:00+00:00","0.064","0.794","0.03098985"
"2013-01-04 16:00:00+00:00","0.095","0.725","0.0312666"
"2013-01-04 16:30:00+00:00","0.123","0.638","0.03119895"
"2013-01-04 17:00:00+00:00","0.124","0.45","0.03119895"
"2013-01-04 17:30:00+00:00","0.143","0.294","0.0308361"
"2013-01-04 18:00:00+00:00","0.16","0.05","0.03106365"
"2013-01-04 18:30:00+00:00","0.162","0.019","0.03256425"
"2013-01-04 19:00:00+00:00","0.136","0.019","0.03133425"
"2013-01-04 19:30:00+00:00","0.115","0.0","0.03590985"
"2013-01-04 20:00:00+00:00","0.276","0.006","0.0313527"
"2013-01-04 20:30:00+00:00","0.121","0.0","0.0311559"
"2013-01-04 21:00:00+00:00","0.202","0.0","0.03101445"
"2013-01-04 21:30:00+00:00","0.132","0.0","0.03172785"
"2013-01-04 22:00:00+00:00","0.309","0.0","0.0310698"
"2013-01-04 22:30:00+00:00","0.166","0.0","0.03819765"
"2013-01-04 23:00:00+00:00","0.192","0.0","0.03201075"
"2013-01-04 23:30:00+00:00","0.177","0.0","0.03114975"
"2013-01-05 00:00:00+00:00","0.137","0.0","0.03245355"
"2013-01-05 00:30:00+00:00","0.134","0.0","0.0321276"
"2013-01-05 01:00:00+00:00","0.132","0.0","0.03203535"
"2013-01-05 01:30:00+00:00","0.074","0.0","0.0315618"
"2013-01-05 02:00:00+00:00","0.062","0.0","0.03085455"
"2013-01-05 02:30:00+00:00","0.122","0.0","0.0305655"
"2013-01-05 03:00:00+00:00","0.116","0.0","0.0303072"
"2013-01-05 03:30:00+00:00","0.13","0.0","0.02950155"
"2013-01-05 04:00:00+00:00","0.16","0.0","0.02775495"
"2013-01-05 04:30:00+00:00","0.12","0.0","0.02779185"
"2013-01-05 05:00:00+00:00","0.084","0.0","0.0276504"
"2013-01-05 05:30:00+00:00","0.124","0.0","0.0278718"
"2013-01-05 06:00:00+00:00","0.121","0.0","0.02805015"
"2013-01-05 06:30:00+00:00","0.149","0.0","0.0281055"
"2013-01-05 07:00:00+00:00","0.072","0.019","0.02894805"
"2013-01-05 07:30:00+00:00","0.096","0.088","0.0304671"
"2013-01-05 08:00:00+00:00","0.122","0.238","0.0306516"
"2013-01-05 08:30:00+00:00","0.165","0.4","0.0312174"
"2013-01-05 09:00:00+00:00","0.113","0.519","0.0312789"
"2013-01-05 09:30:00+00:00","0.367","0.625","0.03135885"
"2013-01-05 10:00:00+00:00","0.399","0.706","0.0312912"
"2013-01-05 10:30:00+00:00","0.127","0.763","0.03183855"
"2013-01-05 11:00:00+00:00","0.971","0.806","0.0313158"
"2013-01-05 11:30:00+00:00","0.257","0.856","0.03097755"
"2013-01-05 12:00:00+00:00","1.052","0.9","0.0312789"
"2013-01-05 12:30:00+00:00","0.667","0.919","0.0339603"
"2013-01-05 13:00:00+00:00","0.605","0.906","0.03176475"
"2013-01-05 13:30:00+00:00","0.383","0.9","0.0324105"
"2013-01-05 14:00:00+00:00","0.399","0.881","0.03359745"
"2013-01-05 14:30:00+00:00","0.257","0.856","0.03394185"
"2013-01-05 15:00:00+00:00","0.253","0.831","0.03731205"
"2013-01-05 15:30:00+00:00","0.178","0.775","0.03935385"
"2013-01-05 16:00:00+00:00","0.14","0.713","0.0400119"
"2013-01-05 16:30:00+00:00","0.132","0.631","0.0350181"
"2013-01-05 17:00:00+00:00","0.131","0.45","0.03477825"
"2013-01-05 17:30:00+00:00","0.124","0.288","0.0387819"
"2013-01-05 18:00:00+00:00","0.126","0.05","0.034932"
"2013-01-05 18:30:00+00:00","0.128","0.019","0.031734"
"2013-01-05 19:00:00+00:00","0.125","0.013","0.03085455"
"2013-01-05 19:30:00+00:00","0.12","0.006","0.0312789"
"2013-01-05 20:00:00+00:00","0.147","0.0","0.0313896"
"2013-01-05 20:30:00+00:00","0.109","0.0","0.03129735"
"2013-01-05 21:00:00+00:00","0.099","0.0","0.03112515"
"2013-01-05 21:30:00+00:00","0.121","0.0","0.0313527"
"2013-01-05 22:00:00+00:00","0.132","0.0","0.030627"
"2013-01-05 22:30:00+00:00","0.123","0.0","0.031119"
"2013-01-05 23:00:00+00:00","0.128","0.0","0.0303072"
"2013-01-05 23:30:00+00:00","0.124","0.0","0.0303687"
"2013-01-06 00:00:00+00:00","0.122","0.0","0.02979675"
"2013-01-06 00:30:00+00:00","0.117","0.0","0.0287205"
"2013-01-06 01:00:00+00:00","0.122","0.0","0.02766885"
"2013-01-06 01:30:00+00:00","0.122","0.0","0.02713995"
"2013-01-06 02:00:00+00:00","0.144","0.0","0.02712765"
"2013-01-06 02:30:00+00:00","0.13","0.0","0.02757045"
"2013-01-06 03:00:00+00:00","0.103","0.0","0.02758275"
"2013-01-06 03:30:00+00:00","0.112","0.0","0.02758275"
"2013-01-06 04:00:00+00:00","0.127","0.0","0.02757045"
"2013-01-06 04:30:00+00:00","0.124","0.0","0.02769345"
"2013-01-06 05:00:00+00:00","0.121","0.0","0.02758275"
"2013-01-06 05:30:00+00:00","0.124","0.0","0.0275766"
"2013-01-06 06:00:00+00:00","0.07","0.0","0.02758275"
"2013-01-06 06:30:00+00:00","0.069","0.0","0.0275889"
"2013-01-06 07:00:00+00:00","0.128","0.025","0.02798865"
"2013-01-06 07:30:00+00:00","0.124","0.081","0.0282654"
"2013-01-06 08:00:00+00:00","0.165","0.225","0.02934165"
"2013-01-06 08:30:00+00:00","0.143","0.388","0.03019035"
"2013-01-06 09:00:00+00:00","0.095","0.531","0.03023955"
"2013-01-06 09:30:00+00:00","0.105","0.644","0.0307008"
"2013-01-06 10:00:00+00:00","0.126","0.706","0.03064545"
"2013-01-06 10:30:00+00:00","0.118","0.756","0.03119895"
"2013-01-06 11:00:00+00:00","0.124","0.8","0.0310329"
"2013-01-06 11:30:00+00:00","0.121","0.844","0.03191235"
"2013-01-06 12:00:00+00:00","0.118","0.863","0.0312297"
"2013-01-06 12:30:00+00:00","0.123","0.894","0.0318939"
"2013-01-06 13:00:00+00:00","0.099","0.894","0.0312789"
"2013-01-06 13:30:00+00:00","0.107","0.894","0.03116205"
"2013-01-06 14:00:00+00:00","0.136","0.894","0.031857"
"2013-01-06 14:30:00+00:00","0.163","0.869","0.0315618"
"2013-01-06 15:00:00+00:00","0.157","0.831","0.03124815"
"2013-01-06 15:30:00+00:00","0.134","0.769","0.03105135"
"2013-01-06 16:00:00+00:00","0.122","0.7","0.0312789"
"2013-01-06 16:30:00+00:00","0.118","0.613","0.0312789"
"2013-01-06 17:00:00+00:00","0.124","0.431","0.0312912"
"2013-01-06 17:30:00+00:00","0.124","0.275","0.03128505"
"2013-01-06 18:00:00+00:00","0.117","0.038","0.0312789"
"2013-01-06 18:30:00+00:00","0.124","0.025","0.03122355"
"2013-01-06 19:00:00+00:00","0.102","0.013","0.0312666"
"2013-01-06 19:30:00+00:00","0.204","0.006","0.0312789"
"2013-01-06 20:00:00+00:00","0.262","0.0","0.03122355"
"2013-01-06 20:30:00+00:00","0.404","0.0","0.0308238"
"2013-01-06 21:00:00+00:00","0.25","0.0","0.0305409"
"2013-01-06 21:30:00+00:00","0.257","0.0","0.03064545"
"2013-01-06 22:00:00+00:00","0.157","0.0","0.03048555"
"2013-01-06 22:30:00+00:00","0.161","0.0","0.03082995"
"2013-01-06 23:00:00+00:00","0.147","0.0","0.03006735"
"2013-01-06 23:30:00+00:00","0.149","0.0","0.0301227"
"2013-01-07 00:00:00+00:00","0.069","0.0","0.0300489"
"2013-01-07 00:30:00+00:00","0.073","0.0","0.02785335"
"2013-01-07 01:00:00+00:00","0.134","0.0","0.02752125"
"2013-01-07 01:30:00+00:00","0.129","0.0","0.0273183"
"2013-01-07 02:00:00+00:00","0.143","0.0","0.02734905"
"2013-01-07 02:30:00+00:00","0.17","0.0","0.0266787"
"2013-01-07 03:00:00+00:00","0.158","0.0","0.02689395"
"2013-01-07 03:30:00+00:00","0.102","0.0","0.0274044"
"2013-01-07 04:00:00+00:00","0.127","0.0","0.02734905"
"2013-01-07 04:30:00+00:00","0.129","0.0","0.0276996"
"2013-01-07 05:00:00+00:00","0.132","0.0","0.02758275"
"2013-01-07 05:30:00+00:00","0.128","0.0","0.028659"
"2013-01-07 06:00:00+00:00","0.084","0.0","0.03016575"
"2013-01-07 06:30:00+00:00","0.176","0.0","0.0305901"
"2013-01-07 07:00:00+00:00","0.146","0.019","0.0309099"
"2013-01-07 07:30:00+00:00","0.177","0.081","0.03107595"
"2013-01-07 08:00:00+00:00","0.246","0.225","0.03123585"
"2013-01-07 08:30:00+00:00","0.365","0.275","0.03153105"
"2013-01-07 09:00:00+00:00","0.125","0.288","0.0328902"
"2013-01-07 09:30:00+00:00","0.097","0.269","0.0332469"
"2013-01-07 10:00:00+00:00","0.14","0.594","0.03311775"
"2013-01-07 10:30:00+00:00","0.124","0.688","0.0334068"
"2013-01-07 11:00:00+00:00","0.126","0.813","0.03346215"
"2013-01-07 11:30:00+00:00","0.117","0.825","0.0339603"
"2013-01-07 12:00:00+00:00","0.123","0.844","0.0367032"
"2013-01-07 12:30:00+00:00","0.124","0.875","0.034563"
"2013-01-07 13:00:00+00:00","0.156","0.869","0.03524565"
"2013-01-07 13:30:00+00:00","0.246","0.838","0.0369861"
"2013-01-07 14:00:00+00:00","0.199","0.831","0.03593445"
"2013-01-07 14:30:00+00:00","0.203","0.85","0.04358505"
"2013-01-07 15:00:00+00:00","0.213","0.794","0.03378195"
"2013-01-07 15:30:00+00:00","0.203","0.744","0.0364203"
"2013-01-07 16:00:00+00:00","0.153","0.669","0.04964895"
"2013-01-07 16:30:00+00:00","0.347","0.581","0.06365865"
"2013-01-07 17:00:00+00:00","0.268","0.413","0.06023925"
"2013-01-07 17:30:00+00:00","0.216","0.288","0.033825"
"2013-01-07 18:00:00+00:00","0.21","0.056","0.0348828"
"2013-01-07 18:30:00+00:00","0.386","0.031","0.03119895"
"2013-01-07 19:00:00+00:00","0.207","0.019","0.0316725"
"2013-01-07 19:30:00+00:00","0.18","0.006","0.03146955"
"2013-01-07 20:00:00+00:00","0.191","0.0","0.0316356"
"2013-01-07 20:30:00+00:00","0.193","0.0","0.03086685"
"2013-01-07 21:00:00+00:00","0.333","0.0","0.03117435"
"2013-01-07 21:30:00+00:00","0.464","0.0","0.03132195"
"2013-01-07 22:00:00+00:00","0.468","0.0","0.0305778"
"2013-01-07 22:30:00+00:00","0.391","0.0","0.03830835"
"2013-01-07 23:00:00+00:00","0.232","0.0","0.03159255"
"2013-01-07 23:30:00+00:00","0.205","0.0","0.03103905"
"2013-01-08 00:00:00+00:00","0.198","0.0","0.03156795"
"2013-01-08 00:30:00+00:00","0.198","0.0","0.032349"
"2013-01-08 01:00:00+00:00","0.169","0.0","0.0302826"
"2013-01-08 01:30:00+00:00","0.153","0.0","0.02887425"
"2013-01-08 02:00:00+00:00","0.151","0.0","0.02873895"
"2013-01-08 02:30:00+00:00","0.149","0.0","0.0280686"
"2013-01-08 03:00:00+00:00","0.13","0.0","0.0279579"
"2013-01-08 03:30:00+00:00","0.074","0.0","0.02809935"
"2013-01-08 04:00:00+00:00","0.066","0.0","0.02816085"
"2013-01-08 04:30:00+00:00","0.132","0.0","0.02832075"
"2013-01-08 05:00:00+00:00","0.131","0.0","0.02928015"
"2013-01-08 05:30:00+00:00","0.128","0.0","0.03051015"
"2013-01-08 06:00:00+00:00","0.132","0.0","0.0306393"
"2013-01-08 06:30:00+00:00","0.132","0.0","0.03062085"
"2013-01-08 07:00:00+00:00","0.17","0.019","0.0306393"
"2013-01-08 07:30:00+00:00","0.213","0.075","0.03031335"
"2013-01-08 08:00:00+00:00","0.167","0.219","0.0306639"
"2013-01-08 08:30:00+00:00","0.134","0.375","0.0309714"
"2013-01-08 09:00:00+00:00","0.292","0.488","0.0312789"
"2013-01-08 09:30:00+00:00","0.175","0.594","0.031242"
"2013-01-08 10:00:00+00:00","0.155","0.688","0.0312174"
"2013-01-08 10:30:00+00:00","0.127","0.763","0.0312912"
"2013-01-08 11:00:00+00:00","0.165","0.806","0.03129735"
"2013-01-08 11:30:00+00:00","0.176","0.838","0.03138345"
"2013-01-08 12:00:00+00:00","0.182","0.888","0.0316848"
"2013-01-08 12:30:00+00:00","0.189","0.856","0.0319062"
"2013-01-08 13:00:00+00:00","0.433","0.75","0.03386805"
"2013-01-08 13:30:00+00:00","0.376","0.888","0.0323613"
"2013-01-08 14:00:00+00:00","0.351","0.894","0.0348828"
"2013-01-08 14:30:00+00:00","0.349","0.838","0.0341817"
"2013-01-08 15:00:00+00:00","0.349","0.8","0.0316725"
"2013-01-08 15:30:00+00:00","0.296","0.725","0.03520875"
"2013-01-08 16:00:00+00:00","0.374","0.6","0.0442923"
"2013-01-08 16:30:00+00:00","0.763","0.338","0.0443907"
"2013-01-08 17:00:00+00:00","0.851","0.331","0.03824685"
"2013-01-08 17:30:00+00:00","0.685","0.263","0.03507345"
"2013-01-08 18:00:00+00:00","0.279","0.056","0.0332592"
"2013-01-08 18:30:00+00:00","0.602","0.025","0.03150645"
"2013-01-08 19:00:00+00:00","0.196","0.025","0.03160485"
"2013-01-08 19:30:00+00:00","0.409","0.031","0.0334806"
"2013-01-08 20:00:00+00:00","0.351","0.0","0.0330132"
"2013-01-08 20:30:00+00:00","0.371","0.0","0.03158025"
"2013-01-08 21:00:00+00:00","0.36","0.0","0.03119895"
"2013-01-08 21:30:00+00:00","0.358","0.0","0.03121125"
"2013-01-08 22:00:00+00:00","0.54","0.0","0.0305901"
"2013-01-08 22:30:00+00:00","1.441","0.0","0.0327057"
"2013-01-08 23:00:00+00:00","0.719","0.0","0.0308484"
"2013-01-08 23:30:00+00:00","0.421","0.0","0.0308484"
"2013-01-09 00:00:00+00:00","0.159","0.0","0.03118665"
"2013-01-09 00:30:00+00:00","0.17","0.0","0.031119"
"2013-01-09 01:00:00+00:00","0.134","0.0","0.03076845"
"2013-01-09 01:30:00+00:00","0.133","0.0","0.0307254"
"2013-01-09 02:00:00+00:00","0.138","0.0","0.02846835"
"2013-01-09 02:30:00+00:00","0.174","0.0","0.0279948"
"2013-01-09 03:00:00+00:00","0.174","0.0","0.0277242"
"2013-01-09 03:30:00+00:00","0.171","0.0","0.0276135"
"2013-01-09 04:00:00+00:00","0.164","0.0","0.02750895"
"2013-01-09 04:30:00+00:00","0.167","0.0","0.0276012"
"2013-01-09 05:00:00+00:00","0.174","0.0","0.0294339"
"2013-01-09 05:30:00+00:00","0.167","0.0","0.03073155"
"2013-01-09 06:00:00+00:00","0.162","0.0","0.0302457"
"2013-01-09 06:30:00+00:00","0.296","0.006","0.03064545"
"2013-01-09 07:00:00+00:00","0.147","0.025","0.03063315"
"2013-01-09 07:30:00+00:00","0.141","0.119","0.0305655"
"2013-01-09 08:00:00+00:00","0.174","0.25","0.030627"
"2013-01-09 08:30:00+00:00","0.179","0.369","0.03063315"
"2013-01-09 09:00:00+00:00","0.147","0.438","0.03058395"
"2013-01-09 09:30:00+00:00","0.123","0.219","0.0306024"
"2013-01-09 10:00:00+00:00","0.119","0.231","0.03063315"
"2013-01-09 10:30:00+00:00","0.18","0.344","0.0306393"
"2013-01-09 11:00:00+00:00","0.307","0.413","0.030504"
"2013-01-09 11:30:00+00:00","0.29","0.5","0.030627"
"2013-01-09 12:00:00+00:00","0.351","0.369","0.0306147"
"2013-01-09 12:30:00+00:00","0.313","0.419","0.0307254"
"2013-01-09 13:00:00+00:00","0.178","0.356","0.03070695"
"2013-01-09 13:30:00+00:00","0.175","0.394","0.030627"
"2013-01-09 14:00:00+00:00","0.123","0.394","0.030627"
"2013-01-09 14:30:00+00:00","0.11","0.369","0.03058395"
"2013-01-09 15:00:00+00:00","0.257","0.656","0.030627"
"2013-01-09 15:30:00+00:00","0.142","0.431","0.0305655"
"2013-01-09 16:00:00+00:00","0.137","0.344","0.0307377"
"2013-01-09 16:30:00+00:00","0.13","0.238","0.030627"
"2013-01-09 17:00:00+00:00","0.196","0.188","0.030627"
"2013-01-09 17:30:00+00:00","0.155","0.131","0.03060855"
"2013-01-09 18:00:00+00:00","0.134","0.094","0.0305778"
"2013-01-09 18:30:00+00:00","0.107","0.05","0.030504"
"2013-01-09 19:00:00+00:00","0.084","0.038","0.0305409"
"2013-01-09 19:30:00+00:00","0.139","0.0","0.0304179"
"2013-01-09 20:00:00+00:00","0.134","0.0","0.0306024"
"2013-01-09 20:30:00+00:00","0.289","0.0","0.0302457"
"2013-01-09 21:00:00+00:00","0.193","0.0","0.02978445"
"2013-01-09 21:30:00+00:00","0.343","0.0","0.0302703"
"2013-01-09 22:00:00+00:00","0.255","0.0","0.02925555"
"2013-01-09 22:30:00+00:00","0.245","0.0","0.0303441"
"2013-01-09 23:00:00+00:00","0.089","0.0","0.03010425"
"2013-01-09 23:30:00+00:00","0.137","0.0","0.0302088"
"2013-01-10 00:00:00+00:00","0.129","0.0","0.03000585"
"2013-01-10 00:30:00+00:00","0.082","0.0","0.03016575"
"2013-01-10 01:00:00+00:00","0.141","0.0","0.02915715"
"2013-01-10 01:30:00+00:00","0.102","0.0","0.0281424"
"2013-01-10 02:00:00+00:00","0.1","0.0","0.02774265"
"2013-01-10 02:30:00+00:00","0.123","0.0","0.02758275"
"2013-01-10 03:00:00+00:00","0.075","0.006","0.02758275"
"2013-01-10 03:30:00+00:00","0.166","0.0","0.02758275"
"2013-01-10 04:00:00+00:00","0.128","0.0","0.02758275"
"2013-01-10 04:30:00+00:00","0.126","0.0","0.02768115"
"2013-01-10 05:00:00+00:00","0.141","0.0","0.0280071"
"2013-01-10 05:30:00+00:00","0.055","0.0","0.02861595"
"2013-01-10 06:00:00+00:00","0.115","0.0","0.02856675"
"2013-01-10 06:30:00+00:00","0.098","0.0","0.02924325"
"2013-01-10 07:00:00+00:00","0.088","0.0","0.029766"
"2013-01-10 07:30:00+00:00","1.166","0.006","0.030135"
"2013-01-10 08:00:00+00:00","0.085","0.05","0.0305901"
"2013-01-10 08:30:00+00:00","0.136","0.131","0.030873"
"2013-01-10 09:00:00+00:00","0.124","0.15","0.03064545"
"2013-01-10 09:30:00+00:00","0.143","0.231","0.030627"
"2013-01-10 10:00:00+00:00","0.401","0.263","0.03063315"
"2013-01-10 10:30:00+00:00","0.242","0.213","0.03064545"
"2013-01-10 11:00:00+00:00","0.172","0.163","0.03063315"
"2013-01-10 11:30:00+00:00","0.295","0.175","0.0306516"
"2013-01-10 12:00:00+00:00","0.169","0.25","0.030627"
"2013-01-10 12:30:00+00:00","0.159","0.25","0.0306762"
"2013-01-10 13:00:00+00:00","0.149","0.225","0.0306393"
"2013-01-10 13:30:00+00:00","0.244","0.331","0.03074385"
"2013-01-10 14:00:00+00:00","0.189","0.363","0.03069465"
"2013-01-10 14:30:00+00:00","0.113","0.238","0.0315618"
"2013-01-10 15:00:00+00:00","0.208","0.294","0.0316602"
"2013-01-10 15:30:00+00:00","0.377","0.256","0.0316602"
"2013-01-10 16:00:00+00:00","0.333","0.194","0.0316848"
"2013-01-10 16:30:00+00:00","0.247","0.213","0.03161715"
"2013-01-10 17:00:00+00:00","0.214","0.231","0.03167865"
"2013-01-10 17:30:00+00:00","0.128","0.175","0.03156795"
"2013-01-10 18:00:00+00:00","0.089","0.106","0.03064545"
"2013-01-10 18:30:00+00:00","0.174","0.056","0.030627"
"2013-01-10 19:00:00+00:00","0.17","0.056","0.0306147"
"2013-01-10 19:30:00+00:00","0.115","0.025","0.030627"
"2013-01-10 20:00:00+00:00","0.149","0.0","0.030627"
"2013-01-10 20:30:00+00:00","0.335","0.0","0.0306024"
"2013-01-10 21:00:00+00:00","0.221","0.0","0.0306147"
"2013-01-10 21:30:00+00:00","0.321","0.0","0.030627"
"2013-01-10 22:00:00+00:00","0.178","0.0","0.03043635"
"2013-01-10 22:30:00+00:00","0.089","0.0","0.0312543"
"2013-01-10 23:00:00+00:00","0.139","0.0","0.03063315"
"2013-01-10 23:30:00+00:00","0.094","0.0","0.03073155"
"2013-01-11 00:00:00+00:00","0.092","0.0","0.03114975"
"2013-01-11 00:30:00+00:00","0.096","0.0","0.0291756"
"2013-01-11 01:00:00+00:00","0.065","0.0","0.0298767"
"2013-01-11 01:30:00+00:00","0.116","0.0","0.0296184"
"2013-01-11 02:00:00+00:00","0.06","0.0","0.0285114"
"2013-01-11 02:30:00+00:00","0.12","0.0","0.02816085"
"2013-01-11 03:00:00+00:00","0.125","0.0","0.02792715"
"2013-01-11 03:30:00+00:00","0.119","0.0","0.02797635"
"2013-01-11 04:00:00+00:00","0.143","0.0","0.02803785"
"2013-01-11 04:30:00+00:00","0.061","0.0","0.02887425"
"2013-01-11 05:00:00+00:00","0.119","0.0","0.03055935"
"2013-01-11 05:30:00+00:00","0.057","0.0","0.0306885"
"2013-01-11 06:00:00+00:00","0.095","0.0","0.0300735"
"2013-01-11 06:30:00+00:00","0.086","0.006","0.0307377"
"2013-01-11 07:00:00+00:00","0.229","0.025","0.0306393"
"2013-01-11 07:30:00+00:00","0.198","0.056","0.03048555"
"2013-01-11 08:00:00+00:00","0.125","0.188","0.03075"
"2013-01-11 08:30:00+00:00","0.185","0.363","0.03124815"
"2013-01-11 09:00:00+00:00","0.172","0.5","0.0314142"
"2013-01-11 09:30:00+00:00","0.117","0.625","0.0314634"
"2013-01-11 10:00:00+00:00","0.154","0.669","0.0311313"
"2013-01-11 10:30:00+00:00","0.131","0.738","0.03164175"
"2013-01-11 11:00:00+00:00","0.07","0.8","0.03166635"
"2013-01-11 11:30:00+00:00","0.12","0.831","0.0316725"
"2013-01-11 12:00:00+00:00","0.085","0.863","0.0341817"
"2013-01-11 12:30:00+00:00","0.155","0.881","0.0356331"
"2013-01-11 13:00:00+00:00","0.253","0.888","0.04226895"
"2013-01-11 13:30:00+00:00","0.259","0.906","0.0417585"
"2013-01-11 14:00:00+00:00","0.25","0.894","0.0503439"
"2013-01-11 14:30:00+00:00","0.279","0.863","0.04956285"
"2013-01-11 15:00:00+00:00","0.314","0.813","0.0634926"
"2013-01-11 15:30:00+00:00","0.312","0.744","0.0500979"
"2013-01-11 16:00:00+00:00","0.33","0.656","0.0473058"
"2013-01-11 16:30:00+00:00","0.329","0.6","0.04666005"
"2013-01-11 17:00:00+00:00","0.297","0.456","0.04651245"
"2013-01-11 17:30:00+00:00","0.262","0.288","0.0410328"
"2013-01-11 18:00:00+00:00","0.226","0.056","0.04106355"
"2013-01-11 18:30:00+00:00","0.206","0.025","0.0356085"
"2013-01-11 19:00:00+00:00","0.199","0.019","0.03374505"
"2013-01-11 19:30:00+00:00","0.199","0.006","0.03325305"
"2013-01-11 20:00:00+00:00","0.209","0.0","0.0337758"
"2013-01-11 20:30:00+00:00","0.33","0.0","0.03421245"
"2013-01-11 21:00:00+00:00","0.237","0.0","0.03315465"
"2013-01-11 21:30:00+00:00","0.445","0.0","0.03192465"
"2013-01-11 22:00:00+00:00","0.151","0.0","0.0311067"
"2013-01-11 22:30:00+00:00","0.171","0.0","0.036654"
"2013-01-11 23:00:00+00:00","0.185","0.0","0.03144495"
"2013-01-11 23:30:00+00:00","0.167","0.0","0.03107595"
"2013-01-12 00:00:00+00:00","0.111","0.0","0.0317094"
"2013-01-12 00:30:00+00:00","0.154","0.0","0.03271185"
"2013-01-12 01:00:00+00:00","0.145","0.0","0.0329886"
"2013-01-12 01:30:00+00:00","0.124","0.0","0.03110055"
"2013-01-12 02:00:00+00:00","0.129","0.0","0.0311067"
"2013-01-12 02:30:00+00:00","0.082","0.0","0.03095295"
"2013-01-12 03:00:00+00:00","0.101","0.0","0.03105135"
"2013-01-12 03:30:00+00:00","0.132","0.0","0.03107595"
"2013-01-12 04:00:00+00:00","0.129","0.006","0.03069465"
"2013-01-12 04:30:00+00:00","0.086","0.0","0.03022725"
"2013-01-12 05:00:00+00:00","0.094","0.0","0.03043635"
"2013-01-12 05:30:00+00:00","0.141","0.0","0.0293847"
"2013-01-12 06:00:00+00:00","0.412","0.0","0.02871435"
"2013-01-12 06:30:00+00:00","0.287","0.0","0.03032565"
"2013-01-12 07:00:00+00:00","0.265","0.013","0.03049785"
"2013-01-12 07:30:00+00:00","0.171","0.063","0.0307008"
"2013-01-12 08:00:00+00:00","0.138","0.194","0.03100215"
"2013-01-12 08:30:00+00:00","0.142","0.306","0.03154335"
"2013-01-12 09:00:00+00:00","0.239","0.344","0.03144495"
"2013-01-12 09:30:00+00:00","0.133","0.544","0.0316971"
"2013-01-12 10:00:00+00:00","0.123","0.631","0.0323244"
"2013-01-12 10:30:00+00:00","0.115","0.35","0.03260115"
"2013-01-12 11:00:00+00:00","0.114","0.144","0.03229365"
"2013-01-12 11:30:00+00:00","0.119","0.156","0.03139575"
"2013-01-12 12:00:00+00:00","0.162","0.113","0.03143265"
"2013-01-12 12:30:00+00:00","0.153","0.275","0.0314757"
"2013-01-12 13:00:00+00:00","0.155","0.356","0.0316479"
"2013-01-12 13:30:00+00:00","0.156","0.394","0.0316725"
"2013-01-12 14:00:00+00:00","0.156","0.644","0.031611"
"2013-01-12 14:30:00+00:00","0.151","0.844","0.03154335"
"2013-01-12 15:00:00+00:00","0.15","0.813","0.031611"
"2013-01-12 15:30:00+00:00","0.121","0.738","0.03135885"
"2013-01-12 16:00:00+00:00","0.118","0.713","0.0315372"
"2013-01-12 16:30:00+00:00","0.115","0.544","0.03111285"
"2013-01-12 17:00:00+00:00","0.694","0.356","0.03126045"
"2013-01-12 17:30:00+00:00","0.303","0.244","0.0311682"
"2013-01-12 18:00:00+00:00","0.343","0.131","0.0309345"
"2013-01-12 18:30:00+00:00","0.997","0.044","0.0308238"
"2013-01-12 19:00:00+00:00","0.908","0.031","0.03062085"
"2013-01-12 19:30:00+00:00","0.742","0.019","0.03086685"
"2013-01-12 20:00:00+00:00","0.672","0.0","0.0310698"
"2013-01-12 20:30:00+00:00","0.536","0.0","0.03110055"
"2013-01-12 21:00:00+00:00","0.417","0.0","0.03074385"
"2013-01-12 21:30:00+00:00","0.417","0.0","0.0306393"
"2013-01-12 22:00:00+00:00","0.256","0.0","0.03062085"
"2013-01-12 22:30:00+00:00","0.981","0.0","0.03267495"
"2013-01-12 23:00:00+00:00","0.367","0.0","0.031119"
"2013-01-12 23:30:00+00:00","0.255","0.0","0.0307992"
"2013-01-13 00:00:00+00:00","0.157","0.0","0.03126045"
"2013-01-13 00:30:00+00:00","0.14","0.0","0.03113745"
"2013-01-13 01:00:00+00:00","0.122","0.0","0.030873"
"2013-01-13 01:30:00+00:00","0.136","0.0","0.0307008"
"2013-01-13 02:00:00+00:00","0.147","0.0","0.03038715"
"2013-01-13 02:30:00+00:00","0.134","0.0","0.02925555"
"2013-01-13 03:00:00+00:00","0.105","0.0","0.02834535"
"2013-01-13 03:30:00+00:00","0.147","0.0","0.0289419"
"2013-01-13 04:00:00+00:00","0.131","0.0","0.02942775"
"2013-01-13 04:30:00+00:00","0.124","0.0","0.0304179"
"2013-01-13 05:00:00+00:00","0.124","0.0","0.03038715"
"2013-01-13 05:30:00+00:00","0.128","0.0","0.02849295"
"2013-01-13 06:00:00+00:00","0.127","0.0","0.02802555"
"2013-01-13 06:30:00+00:00","0.082","0.0","0.0283392"
"2013-01-13 07:00:00+00:00","0.187","0.006","0.02989515"
"2013-01-13 07:30:00+00:00","0.262","0.013","0.0298767"
"2013-01-13 08:00:00+00:00","0.236","0.069","0.0303195"
"2013-01-13 08:30:00+00:00","0.348","0.138","0.03076845"
"2013-01-13 09:00:00+00:00","0.722","0.325","0.03116205"
"2013-01-13 09:30:00+00:00","0.504","0.256","0.03112515"
"2013-01-13 10:00:00+00:00","0.491","0.406","0.0312912"
"2013-01-13 10:30:00+00:00","0.618","0.356","0.03117435"
"2013-01-13 11:00:00+00:00","0.619","0.263","0.0311067"
"2013-01-13 11:30:00+00:00","0.813","0.356","0.0306516"
"2013-01-13 12:00:00+00:00","0.847","0.356","0.03126045"
"2013-01-13 12:30:00+00:00","0.777","0.388","0.0309468"
"2013-01-13 13:00:00+00:00","0.765","0.631","0.03063315"
"2013-01-13 13:30:00+00:00","0.4","0.5","0.03057165"
"2013-01-13 14:00:00+00:00","0.457","0.363","0.03063315"
"2013-01-13 14:30:00+00:00","0.285","0.163","0.030627"
"2013-01-13 15:00:00+00:00","0.294","0.188","0.030627"
"2013-01-13 15:30:00+00:00","0.42","0.213","0.0306393"
"2013-01-13 16:00:00+00:00","0.266","0.163","0.03064545"
"2013-01-13 16:30:00+00:00","0.195","0.063","0.0306393"
"2013-01-13 17:00:00+00:00","0.213","0.013","0.03070695"
"2013-01-13 17:30:00+00:00","0.197","0.006","0.03063315"
"2013-01-13 18:00:00+00:00","0.212","0.0","0.0304179"
"2013-01-13 18:30:00+00:00","0.253","0.006","0.0304671"
"2013-01-13 19:00:00+00:00","0.269","0.0","0.02973525"
"2013-01-13 19:30:00+00:00","0.278","0.0","0.03070695"
"2013-01-13 20:00:00+00:00","0.325","0.0","0.03060855"
"2013-01-13 20:30:00+00:00","0.192","0.0","0.03060855"
"2013-01-13 21:00:00+00:00","0.098","0.0","0.030381"
"2013-01-13 21:30:00+00:00","0.135","0.0","0.03032565"
"2013-01-13 22:00:00+00:00","0.146","0.0","0.029397"
"2013-01-13 22:30:00+00:00","0.135","0.0","0.0309099"
"2013-01-13 23:00:00+00:00","0.117","0.0","0.0306393"
"2013-01-13 23:30:00+00:00","0.071","0.0","0.03065775"
"2013-01-14 00:00:00+00:00","0.052","0.0","0.03086685"
"2013-01-14 00:30:00+00:00","0.108","0.0","0.03060855"
"2013-01-14 01:00:00+00:00","0.137","0.0","0.0292986"
"2013-01-14 01:30:00+00:00","0.149","0.0","0.02944005"
"2013-01-14 02:00:00+00:00","0.099","0.0","0.0284253"
"2013-01-14 02:30:00+00:00","0.076","0.0","0.02797635"
"2013-01-14 03:00:00+00:00","0.108","0.0","0.0280194"
"2013-01-14 03:30:00+00:00","0.114","0.0","0.0280932"
"2013-01-14 04:00:00+00:00","0.153","0.0","0.02821005"
"2013-01-14 04:30:00+00:00","0.184","0.0","0.03009195"
"2013-01-14 05:00:00+00:00","0.106","0.0","0.03044865"
"2013-01-14 05:30:00+00:00","0.117","0.0","0.03085455"
"2013-01-14 06:00:00+00:00","0.097","0.0","0.0304302"
"2013-01-14 06:30:00+00:00","0.101","0.0","0.03103905"
"2013-01-14 07:00:00+00:00","0.14","0.0","0.0306393"
"2013-01-14 07:30:00+00:00","0.196","0.025","0.0304056"
"2013-01-14 08:00:00+00:00","0.284","0.019","0.0306516"
"2013-01-14 08:30:00+00:00","0.131","0.025","0.0306885"
"2013-01-14 09:00:00+00:00","0.053","0.044","0.03064545"
"2013-01-14 09:30:00+00:00","0.062","0.088","0.0314757"
"2013-01-14 10:00:00+00:00","0.128","0.119","0.0313035"
"2013-01-14 10:30:00+00:00","0.114","0.338","0.0313773"
"2013-01-14 11:00:00+00:00","0.169","0.406","0.03090375"
"2013-01-14 11:30:00+00:00","0.149","0.631","0.03082995"
"2013-01-14 12:00:00+00:00","0.271","0.7","0.030627"
"2013-01-14 12:30:00+00:00","0.272","0.8","0.03063315"
"2013-01-14 13:00:00+00:00","0.233","0.938","0.03058395"
"2013-01-14 13:30:00+00:00","0.341","0.931","0.03062085"
"2013-01-14 14:00:00+00:00","0.221","0.794","0.030627"
"2013-01-14 14:30:00+00:00","0.118","0.863","0.030627"
"2013-01-14 15:00:00+00:00","0.063","0.738","0.03059625"
"2013-01-14 15:30:00+00:00","0.078","0.8","0.03075615"
"2013-01-14 16:00:00+00:00","0.119","0.731","0.03062085"
"2013-01-14 16:30:00+00:00","0.31","0.669","0.0307377"
"2013-01-14 17:00:00+00:00","0.202","0.406","0.030627"
"2013-01-14 17:30:00+00:00","0.14","0.213","0.0304425"
"2013-01-14 18:00:00+00:00","0.242","0.075","0.0305778"
"2013-01-14 18:30:00+00:00","0.164","0.05","0.0305163"
"2013-01-14 19:00:00+00:00","0.169","0.025","0.03054705"
"2013-01-14 19:30:00+00:00","0.164","0.019","0.03047325"
"2013-01-14 20:00:00+00:00","0.199","0.0","0.03051015"
"2013-01-14 20:30:00+00:00","0.281","0.0","0.030381"
"2013-01-14 21:00:00+00:00","0.136","0.0","0.0302088"
"2013-01-14 21:30:00+00:00","0.294","0.0","0.03036255"
"2013-01-14 22:00:00+00:00","0.171","0.0","0.03019035"
"2013-01-14 22:30:00+00:00","0.111","0.0","0.03047325"
"2013-01-14 23:00:00+00:00","0.07","0.0","0.0300612"
"2013-01-14 23:30:00+00:00","0.822","0.006","0.0294708"
"2013-01-15 00:00:00+00:00","0.335","0.0","0.03047325"
"2013-01-15 00:30:00+00:00","0.12","0.0","0.03075"
"2013-01-15 01:00:00+00:00","0.063","0.0","0.03006735"
"2013-01-15 01:30:00+00:00","0.097","0.0","0.02952615"
"2013-01-15 02:00:00+00:00","0.142","0.0","0.02921865"
"2013-01-15 02:30:00+00:00","0.137","0.0","0.0279825"
"2013-01-15 03:00:00+00:00","0.07","0.0","0.0278964"
"2013-01-15 03:30:00+00:00","0.089","0.0","0.0278103"
"2013-01-15 04:00:00+00:00","0.109","0.0","0.0280071"
"2013-01-15 04:30:00+00:00","0.072","0.0","0.0281916"
"2013-01-15 05:00:00+00:00","0.054","0.0","0.02950155"
"2013-01-15 05:30:00+00:00","0.111","0.0","0.02945235"
"2013-01-15 06:00:00+00:00","0.107","0.0","0.0297414"
"2013-01-15 06:30:00+00:00","0.191","0.0","0.0305655"
"2013-01-15 07:00:00+00:00","0.145","0.006","0.03060855"
"2013-01-15 07:30:00+00:00","0.158","0.031","0.02973525"
"2013-01-15 08:00:00+00:00","0.101","0.081","0.03053475"
"2013-01-15 08:30:00+00:00","0.134","0.175","0.0306147"
"2013-01-15 09:00:00+00:00","0.156","0.294","0.03062085"
"2013-01-15 09:30:00+00:00","0.101","0.306","0.03060855"
"2013-01-15 10:00:00+00:00","0.064","0.444","0.03060855"
"2013-01-15 10:30:00+00:00","0.055","0.8","0.03064545"
"2013-01-15 11:00:00+00:00","0.128","0.825","0.03065775"
"2013-01-15 11:30:00+00:00","0.152","0.788","0.03060855"
"2013-01-15 12:00:00+00:00","0.136","0.619","0.0306147"
"2013-01-15 12:30:00+00:00","0.071","0.613","0.0306762"
"2013-01-15 13:00:00+00:00","0.212","0.894","0.03073155"
"2013-01-15 13:30:00+00:00","0.357","0.794","0.0306885"
"2013-01-15 14:00:00+00:00","0.146","0.7","0.03116205"
"2013-01-15 14:30:00+00:00","0.117","0.738","0.03113745"
"2013-01-15 15:00:00+00:00","0.058","0.825","0.0311682"
"2013-01-15 15:30:00+00:00","0.101","0.8","0.0306393"
"2013-01-15 16:00:00+00:00","0.303","0.388","0.0307131"
"2013-01-15 16:30:00+00:00","0.182","0.338","0.0315126"
"2013-01-15 17:00:00+00:00","0.517","0.381","0.0316848"
"2013-01-15 17:30:00+00:00","0.281","0.294","0.03150645"
"2013-01-15 18:00:00+00:00","0.093","0.094","0.03129735"
"2013-01-15 18:30:00+00:00","0.155","0.038","0.0306393"
"2013-01-15 19:00:00+00:00","0.535","0.019","0.03063315"
"2013-01-15 19:30:00+00:00","0.133","0.006","0.0306762"
"2013-01-15 20:00:00+00:00","0.131","0.006","0.0304302"
"2013-01-15 20:30:00+00:00","0.167","0.0","0.0306147"
"2013-01-15 21:00:00+00:00","0.22","0.0","0.03059625"
"2013-01-15 21:30:00+00:00","0.172","0.0","0.03064545"
"2013-01-15 22:00:00+00:00","0.178","0.0","0.03020265"
"2013-01-15 22:30:00+00:00","0.201","0.0","0.03121125"
"2013-01-15 23:00:00+00:00","0.19","0.0","0.03073155"
"2013-01-15 23:30:00+00:00","0.308","0.0","0.03064545"
"2013-01-16 00:00:00+00:00","0.331","0.0","0.0311928"
"2013-01-16 00:30:00+00:00","0.09","0.0","0.0308361"
"2013-01-16 01:00:00+00:00","0.142","0.0","0.03068235"
"2013-01-16 01:30:00+00:00","0.147","0.0","0.030627"
"2013-01-16 02:00:00+00:00","0.138","0.0","0.03015345"
"2013-01-16 02:30:00+00:00","0.097","0.0","0.02798865"
"2013-01-16 03:00:00+00:00","0.111","0.0","0.0279825"
"2013-01-16 03:30:00+00:00","0.121","0.0","0.027921"
"2013-01-16 04:00:00+00:00","0.081","0.0","0.0282039"
"2013-01-16 04:30:00+00:00","0.058","0.0","0.028905"
"2013-01-16 05:00:00+00:00","0.121","0.0","0.0292371"
"2013-01-16 05:30:00+00:00","0.117","0.0","0.02925555"
"2013-01-16 06:00:00+00:00","0.062","0.0","0.02828385"
"2013-01-16 06:30:00+00:00","0.132","0.0","0.0300489"
"2013-01-16 07:00:00+00:00","0.289","0.019","0.028782"
"2013-01-16 07:30:00+00:00","0.219","0.069","0.0303072"
"2013-01-16 08:00:00+00:00","0.089","0.163","0.0304917"
"2013-01-16 08:30:00+00:00","0.062","0.325","0.0308115"
"2013-01-16 09:00:00+00:00","0.124","0.481","0.03166635"
"2013-01-16 09:30:00+00:00","0.113","0.588","0.03070695"
"2013-01-16 10:00:00+00:00","0.093","0.656","0.03134655"
"2013-01-16 10:30:00+00:00","0.08","0.719","0.03133425"
"2013-01-16 11:00:00+00:00","0.172","0.75","0.030873"
"2013-01-16 11:30:00+00:00","0.157","0.813","0.03145725"
"2013-01-16 12:00:00+00:00","0.152","0.844","0.0316233"
"2013-01-16 12:30:00+00:00","0.123","0.875","0.031611"
"2013-01-16 13:00:00+00:00","0.119","0.675","0.0315987"
"2013-01-16 13:30:00+00:00","0.068","0.931","0.031611"
"2013-01-16 14:00:00+00:00","0.08","0.863","0.0314388"
"2013-01-16 14:30:00+00:00","0.129","0.844","0.03167865"
"2013-01-16 15:00:00+00:00","0.125","0.806","0.0328902"
"2013-01-16 15:30:00+00:00","0.159","0.75","0.0336651"
"2013-01-16 16:00:00+00:00","0.163","0.675","0.03250275"
"2013-01-16 16:30:00+00:00","0.155","0.594","0.0327549"
"2013-01-16 17:00:00+00:00","0.15","0.444","0.0310083"
"2013-01-16 17:30:00+00:00","0.16","0.294","0.0306762"
"2013-01-16 18:00:00+00:00","0.093","0.163","0.03062085"
"2013-01-16 18:30:00+00:00","0.067","0.106","0.0306147"
"2013-01-16 19:00:00+00:00","0.103","0.05","0.0306762"
"2013-01-16 19:30:00+00:00","0.124","0.031","0.03154335"
"2013-01-16 20:00:00+00:00","0.128","0.006","0.03154335"
"2013-01-16 20:30:00+00:00","0.124","0.0","0.03144495"
"2013-01-16 21:00:00+00:00","0.215","0.0","0.030627"
"2013-01-16 21:30:00+00:00","0.377","0.0","0.0307623"
"2013-01-16 22:00:00+00:00","0.145","0.0","0.0302826"
"2013-01-16 22:30:00+00:00","0.266","0.0","0.03106365"
"2013-01-16 23:00:00+00:00","0.16","0.0","0.0297291"
"2013-01-16 23:30:00+00:00","0.219","0.0","0.0285483"
"2013-01-17 00:00:00+00:00","0.136","0.0","0.02891115"
"2013-01-17 00:30:00+00:00","0.09","0.0","0.02939085"
"2013-01-17 01:00:00+00:00","0.121","0.0","0.02962455"
"2013-01-17 01:30:00+00:00","0.138","0.0","0.02830845"
"2013-01-17 02:00:00+00:00","0.128","0.0","0.02742285"
"2013-01-17 02:30:00+00:00","0.141","0.0","0.02758275"
"2013-01-17 03:00:00+00:00","0.11","0.0","0.02758275"
"2013-01-17 03:30:00+00:00","0.135","0.0","0.02758275"
"2013-01-17 04:00:00+00:00","0.148","0.0","0.0276381"
"2013-01-17 04:30:00+00:00","0.126","0.0","0.02866515"
"2013-01-17 05:00:00+00:00","0.093","0.0","0.0298767"
"2013-01-17 05:30:00+00:00","0.065","0.0","0.0305655"
"2013-01-17 06:00:00+00:00","0.112","0.0","0.02913255"
"2013-01-17 06:30:00+00:00","0.231","0.0","0.0301842"
"2013-01-17 07:00:00+00:00","0.153","0.019","0.0296922"
"2013-01-17 07:30:00+00:00","0.186","0.069","0.0297045"
"2013-01-17 08:00:00+00:00","0.159","0.169","0.030504"
"2013-01-17 08:30:00+00:00","0.364","0.25","0.03075"
"2013-01-17 09:00:00+00:00","0.172","0.319","0.03127275"
"2013-01-17 09:30:00+00:00","1.092","0.45","0.03133425"
"2013-01-17 10:00:00+00:00","0.196","0.45","0.0315126"
"2013-01-17 10:30:00+00:00","0.168","0.556","0.0316725"
"2013-01-17 11:00:00+00:00","0.075","0.788","0.031611"
"2013-01-17 11:30:00+00:00","0.073","0.825","0.03176475"
"2013-01-17 12:00:00+00:00","0.132","0.85","0.03185085"
"2013-01-17 12:30:00+00:00","0.271","0.863","0.03172785"
"2013-01-17 13:00:00+00:00","0.183","0.875","0.04265025"
"2013-01-17 13:30:00+00:00","0.213","0.856","0.0379578"
"2013-01-17 14:00:00+00:00","0.172","0.863","0.0399381"
"2013-01-17 14:30:00+00:00","0.162","0.844","0.05137095"
"2013-01-17 15:00:00+00:00","0.106","0.819","0.03902175"
"2013-01-17 15:30:00+00:00","0.113","0.775","0.076383"
"2013-01-17 16:00:00+00:00","0.151","0.7","0.0322506"
"2013-01-17 16:30:00+00:00","0.132","0.613","0.03230595"
"2013-01-17 17:00:00+00:00","0.126","0.488","0.0437757"
"2013-01-17 17:30:00+00:00","0.271","0.294","0.0343293"
"2013-01-17 18:00:00+00:00","0.131","0.094","0.0337512"
"2013-01-17 18:30:00+00:00","0.169","0.038","0.031488"
"2013-01-17 19:00:00+00:00","0.168","0.031","0.0321522"
"2013-01-17 19:30:00+00:00","0.325","0.013","0.0325458"
"2013-01-17 20:00:00+00:00","0.223","0.0","0.031857"
"2013-01-17 20:30:00+00:00","0.403","0.0","0.03167865"
"2013-01-17 21:00:00+00:00","0.48","0.0","0.03160485"
"2013-01-17 21:30:00+00:00","0.373","0.0","0.03161715"
"2013-01-17 22:00:00+00:00","0.385","0.0","0.03079305"
"2013-01-17 22:30:00+00:00","0.326","0.0","0.03479055"
"2013-01-17 23:00:00+00:00","0.286","0.0","0.03155565"
"2013-01-17 23:30:00+00:00","0.229","0.0","0.0306393"
"2013-01-18 00:00:00+00:00","0.137","0.0","0.03178935"
"2013-01-18 00:30:00+00:00","0.121","0.0","0.03177705"
"2013-01-18 01:00:00+00:00","0.082","0.0","0.0313035"
"2013-01-18 01:30:00+00:00","0.089","0.0","0.03055935"
"2013-01-18 02:00:00+00:00","0.121","0.0","0.03042405"
"2013-01-18 02:30:00+00:00","0.122","0.0","0.0307254"
"2013-01-18 03:00:00+00:00","0.166","0.0","0.02995665"
"2013-01-18 03:30:00+00:00","0.153","0.0","0.0289788"
"2013-01-18 04:00:00+00:00","0.156","0.0","0.02931705"
"2013-01-18 04:30:00+00:00","0.146","0.0","0.0306639"
"2013-01-18 05:00:00+00:00","0.075","0.0","0.03063315"
"2013-01-18 05:30:00+00:00","0.06","0.0","0.03112515"
"2013-01-18 06:00:00+00:00","0.271","0.0","0.0304425"
"2013-01-18 06:30:00+00:00","0.149","0.0","0.03076845"
"2013-01-18 07:00:00+00:00","0.136","0.013","0.0310083"
"2013-01-18 07:30:00+00:00","0.141","0.056","0.03096525"
"2013-01-18 08:00:00+00:00","0.145","0.15","0.0316233"
"2013-01-18 08:30:00+00:00","0.164","0.325","0.03230595"
"2013-01-18 09:00:00+00:00","0.1","0.425","0.03442155"
"2013-01-18 09:30:00+00:00","0.167","0.538","0.03221985"
"2013-01-18 10:00:00+00:00","0.301","0.619","0.03202305"
"2013-01-18 10:30:00+00:00","0.277","0.706","0.03287175"
"2013-01-18 11:00:00+00:00","0.183","0.756","0.047478"
"2013-01-18 11:30:00+00:00","0.114","0.806","0.0351165"
"2013-01-18 12:00:00+00:00","0.121","0.825","0.03781635"
"2013-01-18 12:30:00+00:00","0.133","0.844","0.03824685"
"2013-01-18 13:00:00+00:00","0.224","0.838","0.07230555"
"2013-01-18 13:30:00+00:00","0.151","0.825","0.08086635"
"2013-01-18 14:00:00+00:00","0.123","0.794","0.0797286"
"2013-01-18 14:30:00+00:00","0.135","0.7","0.0734187"
"2013-01-18 15:00:00+00:00","0.28","0.763","0.08305575"
"2013-01-18 15:30:00+00:00","0.397","0.55","0.0922377"
"2013-01-18 16:00:00+00:00","0.4","0.575","0.0776745"
"2013-01-18 16:30:00+00:00","0.472","0.513","0.0922377"
"2013-01-18 17:00:00+00:00","0.407","0.45","0.0685971"
"2013-01-18 17:30:00+00:00","0.425","0.25","0.0339234"
"2013-01-18 18:00:00+00:00","0.445","0.113","0.03680775"
"2013-01-18 18:30:00+00:00","0.394","0.019","0.03485205"
"2013-01-18 19:00:00+00:00","0.291","0.0","0.03454455"
"2013-01-18 19:30:00+00:00","0.971","0.0","0.032349"
"2013-01-18 20:00:00+00:00","1.196","0.0","0.0316848"
"2013-01-18 20:30:00+00:00","1.159","0.0","0.0316725"
"2013-01-18 21:00:00+00:00","1.206","0.0","0.0316602"
"2013-01-18 21:30:00+00:00","0.926","0.0","0.0314388"
"2013-01-18 22:00:00+00:00","0.417","0.0","0.03032565"
"2013-01-18 22:30:00+00:00","0.186","0.0","0.03219525"
"2013-01-18 23:00:00+00:00","0.151","0.0","0.029643"
"2013-01-18 23:30:00+00:00","0.146","0.0","0.02982135"
"2013-01-19 00:00:00+00:00","0.139","0.0","0.03027645"
"2013-01-19 00:30:00+00:00","0.14","0.0","0.02952615"
"2013-01-19 01:00:00+00:00","0.139","0.0","0.0293847"
"2013-01-19 01:30:00+00:00","0.085","0.0","0.02886195"
"2013-01-19 02:00:00+00:00","0.061","0.0","0.02795175"
"2013-01-19 02:30:00+00:00","0.058","0.0","0.027552"
"2013-01-19 03:00:00+00:00","0.092","0.0","0.02758275"
"2013-01-19 03:30:00+00:00","0.123","0.0","0.02782875"
"2013-01-19 04:00:00+00:00","0.113","0.006","0.02758275"
"2013-01-19 04:30:00+00:00","0.121","0.0","0.0276381"
"2013-01-19 05:00:00+00:00","0.163","0.0","0.0276996"
"2013-01-19 05:30:00+00:00","0.156","0.0","0.02793945"
"2013-01-19 06:00:00+00:00","0.147","0.0","0.027921"
"2013-01-19 06:30:00+00:00","0.113","0.0","0.0279087"
"2013-01-19 07:00:00+00:00","0.165","0.0","0.02835765"
"2013-01-19 07:30:00+00:00","0.125","0.063","0.02913255"
"2013-01-19 08:00:00+00:00","0.13","0.106","0.02983365"
"2013-01-19 08:30:00+00:00","0.15","0.219","0.0305778"
"2013-01-19 09:00:00+00:00","0.26","0.094","0.03060855"
"2013-01-19 09:30:00+00:00","0.168","0.144","0.03060855"
"2013-01-19 10:00:00+00:00","0.261","0.188","0.0308115"
"2013-01-19 10:30:00+00:00","0.066","0.275","0.0306516"
"2013-01-19 11:00:00+00:00","0.085","0.388","0.030627"
"2013-01-19 11:30:00+00:00","0.126","0.663","0.03038715"
"2013-01-19 12:00:00+00:00","0.128","0.538","0.03054705"
"2013-01-19 12:30:00+00:00","0.175","0.394","0.03062085"
"2013-01-19 13:00:00+00:00","0.166","0.456","0.03062085"
"2013-01-19 13:30:00+00:00","0.159","0.413","0.03058395"
"2013-01-19 14:00:00+00:00","0.13","0.388","0.0301104"
"2013-01-19 14:30:00+00:00","0.253","0.431","0.0304548"
"2013-01-19 15:00:00+00:00","0.151","0.194","0.03046095"
"2013-01-19 15:30:00+00:00","0.122","0.119","0.030627"
"2013-01-19 16:00:00+00:00","0.125","0.125","0.0306024"
"2013-01-19 16:30:00+00:00","0.468","0.144","0.0300858"
"2013-01-19 17:00:00+00:00","0.138","0.113","0.03062085"
"2013-01-19 17:30:00+00:00","0.24","0.031","0.030135"
"2013-01-19 18:00:00+00:00","0.254","0.031","0.0303687"
"2013-01-19 18:30:00+00:00","0.329","0.013","0.03053475"
"2013-01-19 19:00:00+00:00","0.238","0.0","0.03019035"
"2013-01-19 19:30:00+00:00","0.181","0.0","0.03031335"
"2013-01-19 20:00:00+00:00","0.137","0.0","0.03027645"
"2013-01-19 20:30:00+00:00","0.148","0.0","0.0298767"
"2013-01-19 21:00:00+00:00","0.346","0.0","0.02947695"
"2013-01-19 21:30:00+00:00","0.302","0.0","0.02893575"
"2013-01-19 22:00:00+00:00","0.245","0.0","0.0275151"
"2013-01-19 22:30:00+00:00","0.312","0.0","0.0299628"
"2013-01-19 23:00:00+00:00","0.107","0.0","0.0291756"
"2013-01-19 23:30:00+00:00","0.164","0.0","0.0291018"
"2013-01-20 00:00:00+00:00","0.907","0.0","0.0276135"
"2013-01-20 00:30:00+00:00","0.069","0.0","0.02717685"
"2013-01-20 01:00:00+00:00","0.06","0.0","0.02732445"
"2013-01-20 01:30:00+00:00","0.115","0.0","0.0275766"
"2013-01-20 02:00:00+00:00","0.063","0.0","0.02795175"
"2013-01-20 02:30:00+00:00","0.076","0.0","0.0275643"
"2013-01-20 03:00:00+00:00","0.119","0.0","0.02744745"
"2013-01-20 03:30:00+00:00","0.099","0.0","0.0274905"
"2013-01-20 04:00:00+00:00","0.138","0.0","0.0275766"
"2013-01-20 04:30:00+00:00","0.12","0.0","0.02758275"
"2013-01-20 05:00:00+00:00","0.074","0.0","0.02758275"
"2013-01-20 05:30:00+00:00","0.232","0.0","0.0275151"
"2013-01-20 06:00:00+00:00","0.145","0.0","0.02712765"
"2013-01-20 06:30:00+00:00","0.094","0.0","0.02758275"
"2013-01-20 07:00:00+00:00","0.173","0.0","0.02795175"
"2013-01-20 07:30:00+00:00","0.071","0.0","0.02758275"
"2013-01-20 08:00:00+00:00","0.117","0.006","0.02775495"
"2013-01-20 08:30:00+00:00","0.073","0.006","0.02827155"
"2013-01-20 09:00:00+00:00","0.071","0.013","0.02851755"
"2013-01-20 09:30:00+00:00","0.136","0.044","0.02993205"
"2013-01-20 10:00:00+00:00","0.092","0.069","0.03054705"
"2013-01-20 10:30:00+00:00","0.138","0.044","0.03059625"
"2013-01-20 11:00:00+00:00","0.093","0.05","0.0304179"
"2013-01-20 11:30:00+00:00","0.065","0.094","0.0297906"
"2013-01-20 12:00:00+00:00","0.116","0.125","0.02937855"
"2013-01-20 12:30:00+00:00","0.057","0.106","0.0289788"
"2013-01-20 13:00:00+00:00","0.092","0.069","0.02867745"
"2013-01-20 13:30:00+00:00","0.091","0.138","0.02882505"
"2013-01-20 14:00:00+00:00","0.057","0.15","0.02930475"
"2013-01-20 14:30:00+00:00","0.114","0.244","0.02961225"
"2013-01-20 15:00:00+00:00","0.09","0.275","0.0304917"
"2013-01-20 15:30:00+00:00","0.117","0.35","0.0296184"
"2013-01-20 16:00:00+00:00","0.153","0.194","0.0299013"
"2013-01-20 16:30:00+00:00","0.092","0.138","0.0297414"
"2013-01-20 17:00:00+00:00","0.088","0.106","0.0304302"
"2013-01-20 17:30:00+00:00","0.1","0.063","0.0306393"
"2013-01-20 18:00:00+00:00","0.054","0.044","0.0306393"
"2013-01-20 18:30:00+00:00","0.102","0.044","0.03062085"
"2013-01-20 19:00:00+00:00","0.098","0.0","0.03063315"
"2013-01-20 19:30:00+00:00","0.157","0.0","0.030627"
"2013-01-20 20:00:00+00:00","0.295","0.0","0.03063315"
"2013-01-20 20:30:00+00:00","0.26","0.0","0.0306393"
"2013-01-20 21:00:00+00:00","0.175","0.0","0.03026415"
"2013-01-20 21:30:00+00:00","0.168","0.0","0.03062085"
"2013-01-20 22:00:00+00:00","0.26","0.0","0.030504"
"2013-01-20 22:30:00+00:00","0.242","0.0","0.03075"
"2013-01-20 23:00:00+00:00","0.1","0.0","0.03047325"
"2013-01-20 23:30:00+00:00","0.121","0.0","0.0303072"
"2013-01-21 00:00:00+00:00","0.062","0.0","0.02989515"
"2013-01-21 00:30:00+00:00","0.117","0.0","0.02924325"
"2013-01-21 01:00:00+00:00","0.079","0.0","0.0279825"
"2013-01-21 01:30:00+00:00","0.07","0.0","0.0280809"
"2013-01-21 02:00:00+00:00","0.13","0.0","0.027798"
"2013-01-21 02:30:00+00:00","0.095","0.0","0.02758275"
"2013-01-21 03:00:00+00:00","0.133","0.0","0.02758275"
"2013-01-21 03:30:00+00:00","0.121","0.0","0.02758275"
"2013-01-21 04:00:00+00:00","0.056","0.0","0.0278349"
"2013-01-21 04:30:00+00:00","0.116","0.0","0.0292371"
"2013-01-21 05:00:00+00:00","0.073","0.0","0.0295446"
"2013-01-21 05:30:00+00:00","0.087","0.0","0.02996895"
"2013-01-21 06:00:00+00:00","0.246","0.0","0.03062085"
"2013-01-21 06:30:00+00:00","0.081","0.0","0.0307746"
"2013-01-21 07:00:00+00:00","0.111","0.013","0.0307869"
"2013-01-21 07:30:00+00:00","0.149","0.044","0.03081765"
"2013-01-21 08:00:00+00:00","0.21","0.15","0.03176475"
"2013-01-21 08:30:00+00:00","0.119","0.356","0.03188775"
"2013-01-21 09:00:00+00:00","0.137","0.319","0.0317094"
"2013-01-21 09:30:00+00:00","0.055","0.138","0.03160485"
"2013-01-21 10:00:00+00:00","0.098","0.275","0.0317217"
"2013-01-21 10:30:00+00:00","0.115","0.356","0.03188775"
"2013-01-21 11:00:00+00:00","0.055","0.338","0.03170325"
"2013-01-21 11:30:00+00:00","0.113","0.35","0.03159255"
"2013-01-21 12:00:00+00:00","0.1","0.45","0.0317094"
"2013-01-21 12:30:00+00:00","0.066","0.469","0.03166635"
"2013-01-21 13:00:00+00:00","0.165","0.569","0.03170325"
"2013-01-21 13:30:00+00:00","0.138","0.581","0.0317094"
"2013-01-21 14:00:00+00:00","0.103","0.531","0.0316848"
"2013-01-21 14:30:00+00:00","0.144","0.563","0.0317094"
"2013-01-21 15:00:00+00:00","0.115","0.594","0.0317094"
"2013-01-21 15:30:00+00:00","0.062","0.6","0.0317463"
"2013-01-21 16:00:00+00:00","0.109","0.5","0.0316848"
"2013-01-21 16:30:00+00:00","0.273","0.481","0.0316971"
"2013-01-21 17:00:00+00:00","0.212","0.475","0.031734"
"2013-01-21 17:30:00+00:00","0.138","0.3","0.03128505"
"2013-01-21 18:00:00+00:00","0.375","0.1","0.0317094"
"2013-01-21 18:30:00+00:00","0.658","0.031","0.03073155"
"2013-01-21 19:00:00+00:00","0.297","0.019","0.0306639"
"2013-01-21 19:30:00+00:00","0.299","0.013","0.03069465"
"2013-01-21 20:00:00+00:00","0.282","0.0","0.03107595"
"2013-01-21 20:30:00+00:00","0.181","0.0","0.0310452"
"2013-01-21 21:00:00+00:00","0.266","0.0","0.0306147"
"2013-01-21 21:30:00+00:00","0.233","0.0","0.03064545"
"2013-01-21 22:00:00+00:00","0.271","0.0","0.0299505"
"2013-01-21 22:30:00+00:00","0.216","0.0","0.0315249"
"2013-01-21 23:00:00+00:00","0.232","0.0","0.0304917"
"2013-01-21 23:30:00+00:00","0.133","0.0","0.03063315"
"2013-01-22 00:00:00+00:00","0.088","0.0","0.030996"
"2013-01-22 00:30:00+00:00","0.104","0.0","0.03049785"
"2013-01-22 01:00:00+00:00","0.157","0.0","0.029889"
"2013-01-22 01:30:00+00:00","0.126","0.0","0.02902185"
"2013-01-22 02:00:00+00:00","0.091","0.0","0.0280686"
"2013-01-22 02:30:00+00:00","0.121","0.0","0.02786565"
"2013-01-22 03:00:00+00:00","0.082","0.0","0.0276627"
"2013-01-22 03:30:00+00:00","0.061","0.0","0.02766885"
"2013-01-22 04:00:00+00:00","0.12","0.0","0.02782875"
"2013-01-22 04:30:00+00:00","0.079","0.0","0.02844375"
"2013-01-22 05:00:00+00:00","0.072","0.0","0.02982135"
"2013-01-22 05:30:00+00:00","0.118","0.0","0.0309714"
"2013-01-22 06:00:00+00:00","0.22","0.0","0.0302949"
"2013-01-22 06:30:00+00:00","0.172","0.0","0.03062085"
"2013-01-22 07:00:00+00:00","0.142","0.013","0.03079305"
"2013-01-22 07:30:00+00:00","0.107","0.05","0.02918175"
"2013-01-22 08:00:00+00:00","0.206","0.156","0.0299628"
"2013-01-22 08:30:00+00:00","0.276","0.313","0.0306147"
"2013-01-22 09:00:00+00:00","0.112","0.469","0.0306516"
"2013-01-22 09:30:00+00:00","0.119","0.569","0.03070695"
"2013-01-22 10:00:00+00:00","0.056","0.663","0.0309591"
"2013-01-22 10:30:00+00:00","0.093","0.719","0.03139575"
"2013-01-22 11:00:00+00:00","0.116","0.794","0.0318324"
"2013-01-22 11:30:00+00:00","0.071","0.825","0.03171555"
"2013-01-22 12:00:00+00:00","0.137","0.85","0.03170325"
"2013-01-22 12:30:00+00:00","0.162","0.875","0.0317217"
"2013-01-22 13:00:00+00:00","0.12","0.906","0.03165405"
"2013-01-22 13:30:00+00:00","0.109","0.956","0.0317832"
"2013-01-22 14:00:00+00:00","0.157","0.725","0.0316848"
"2013-01-22 14:30:00+00:00","0.129","0.9","0.0316848"
"2013-01-22 15:00:00+00:00","0.562","0.475","0.03170325"
"2013-01-22 15:30:00+00:00","0.515","0.369","0.0316971"
"2013-01-22 16:00:00+00:00","0.339","0.213","0.03215835"
"2013-01-22 16:30:00+00:00","0.394","0.063","0.03160485"
"2013-01-22 17:00:00+00:00","0.292","0.013","0.03150645"
"2013-01-22 17:30:00+00:00","0.321","0.0","0.03164175"
"2013-01-22 18:00:00+00:00","0.42","0.0","0.03150645"
"2013-01-22 18:30:00+00:00","0.57","0.0","0.030627"
"2013-01-22 19:00:00+00:00","0.283","0.0","0.0307377"
"2013-01-22 19:30:00+00:00","0.288","0.0","0.0306516"
"2013-01-22 20:00:00+00:00","0.235","0.0","0.03074385"
"2013-01-22 20:30:00+00:00","0.361","0.0","0.03064545"
"2013-01-22 21:00:00+00:00","0.208","0.0","0.0306147"
"2013-01-22 21:30:00+00:00","0.326","0.0","0.0304056"
"2013-01-22 22:00:00+00:00","0.319","0.0","0.0297783"
"2013-01-22 22:30:00+00:00","0.123","0.0","0.0315495"
"2013-01-22 23:00:00+00:00","0.19","0.0","0.03051015"
"2013-01-22 23:30:00+00:00","0.802","0.0","0.03062085"
"2013-01-23 00:00:00+00:00","0.42","0.0","0.0304056"
"2013-01-23 00:30:00+00:00","0.132","0.0","0.02968605"
"2013-01-23 01:00:00+00:00","0.136","0.0","0.0292986"
"2013-01-23 01:30:00+00:00","0.223","0.0","0.02856675"
"2013-01-23 02:00:00+00:00","0.173","0.0","0.02793945"
"2013-01-23 02:30:00+00:00","0.123","0.0","0.0277365"
"2013-01-23 03:00:00+00:00","0.201","0.0","0.02758275"
"2013-01-23 03:30:00+00:00","0.124","0.0","0.02758275"
"2013-01-23 04:00:00+00:00","0.099","0.0","0.02775495"
"2013-01-23 04:30:00+00:00","0.182","0.0","0.02819775"
"2013-01-23 05:00:00+00:00","0.094","0.0","0.0297906"
"2013-01-23 05:30:00+00:00","0.123","0.006","0.0296553"
"2013-01-23 06:00:00+00:00","0.168","0.0","0.0305409"
"2013-01-23 06:30:00+00:00","0.246","0.0","0.03089145"
"2013-01-23 07:00:00+00:00","0.161","0.0","0.03064545"
"2013-01-23 07:30:00+00:00","0.192","0.0","0.03063315"
"2013-01-23 08:00:00+00:00","0.18","0.044","0.03129735"
"2013-01-23 08:30:00+00:00","0.177","0.138","0.03065775"
"2013-01-23 09:00:00+00:00","0.138","0.306","0.0309345"
"2013-01-23 09:30:00+00:00","0.306","0.238","0.0306516"
"2013-01-23 10:00:00+00:00","0.184","0.181","0.0310329"
"2013-01-23 10:30:00+00:00","0.188","0.225","0.0306885"
"2013-01-23 11:00:00+00:00","0.143","0.275","0.03082995"
"2013-01-23 11:30:00+00:00","0.066","0.2","0.0306516"
"2013-01-23 12:00:00+00:00","0.469","0.231","0.0308607"
"2013-01-23 12:30:00+00:00","0.328","0.275","0.03178935"
"2013-01-23 13:00:00+00:00","0.412","0.169","0.03150645"
"2013-01-23 13:30:00+00:00","0.366","0.156","0.0314757"
"2013-01-23 14:00:00+00:00","0.262","0.194","0.0308853"
"2013-01-23 14:30:00+00:00","0.253","0.163","0.0315003"
"2013-01-23 15:00:00+00:00","0.213","0.15","0.03160485"
"2013-01-23 15:30:00+00:00","0.182","0.181","0.03164175"
"2013-01-23 16:00:00+00:00","0.26","0.194","0.03117435"
"2013-01-23 16:30:00+00:00","0.224","0.106","0.03065775"
"2013-01-23 17:00:00+00:00","0.248","0.119","0.03059625"
"2013-01-23 17:30:00+00:00","0.17","0.069","0.0303318"
"2013-01-23 18:00:00+00:00","0.143","0.031","0.03062085"
"2013-01-23 18:30:00+00:00","0.209","0.019","0.0301596"
"2013-01-23 19:00:00+00:00","0.147","0.025","0.03052245"
"2013-01-23 19:30:00+00:00","0.155","0.0","0.0306024"
"2013-01-23 20:00:00+00:00","0.168","0.0","0.0306147"
"2013-01-23 20:30:00+00:00","0.46","0.0","0.0305655"
"2013-01-23 21:00:00+00:00","0.173","0.0","0.0298521"
"2013-01-23 21:30:00+00:00","0.177","0.0","0.0304179"
"2013-01-23 22:00:00+00:00","0.098","0.0","0.0298029"
"2013-01-23 22:30:00+00:00","0.186","0.0","0.032964"
"2013-01-23 23:00:00+00:00","0.165","0.0","0.03063315"
"2013-01-23 23:30:00+00:00","0.111","0.0","0.03063315"
"2013-01-24 00:00:00+00:00","0.248","0.0","0.03082995"
"2013-01-24 00:30:00+00:00","0.151","0.0","0.0301596"
"2013-01-24 01:00:00+00:00","0.132","0.0","0.02865285"
"2013-01-24 01:30:00+00:00","0.19","0.0","0.02787795"
"2013-01-24 02:00:00+00:00","0.079","0.0","0.02758275"
"2013-01-24 02:30:00+00:00","0.14","0.0","0.02758275"
"2013-01-24 03:00:00+00:00","0.176","0.0","0.02758275"
"2013-01-24 03:30:00+00:00","0.068","0.0","0.02758275"
"2013-01-24 04:00:00+00:00","0.158","0.0","0.02758275"
"2013-01-24 04:30:00+00:00","0.154","0.0","0.0278964"
"2013-01-24 05:00:00+00:00","0.139","0.006","0.0290526"
"2013-01-24 05:30:00+00:00","0.212","0.0","0.0296061"
"2013-01-24 06:00:00+00:00","0.11","0.0","0.02996895"
"2013-01-24 06:30:00+00:00","0.143","0.0","0.0305655"
"2013-01-24 07:00:00+00:00","0.185","0.0","0.0306147"
"2013-01-24 07:30:00+00:00","0.11","0.006","0.03059625"
"2013-01-24 08:00:00+00:00","0.269","0.013","0.0306516"
"2013-01-24 08:30:00+00:00","0.338","0.125","0.0306516"
"2013-01-24 09:00:00+00:00","0.208","0.163","0.030627"
"2013-01-24 09:30:00+00:00","0.167","0.356","0.03079305"
"2013-01-24 10:00:00+00:00","0.175","0.794","0.03124815"
"2013-01-24 10:30:00+00:00","0.205","0.706","0.0307623"
"2013-01-24 11:00:00+00:00","0.115","0.544","0.0311559"
"2013-01-24 11:30:00+00:00","0.149","0.556","0.03065775"
"2013-01-24 12:00:00+00:00","0.181","0.888","0.03126045"
"2013-01-24 12:30:00+00:00","0.079","0.919","0.03068235"
"2013-01-24 13:00:00+00:00","0.166","0.906","0.03159255"
"2013-01-24 13:30:00+00:00","0.181","0.906","0.03159255"
"2013-01-24 14:00:00+00:00","0.084","0.888","0.03287175"
"2013-01-24 14:30:00+00:00","0.198","0.856","0.0315126"
"2013-01-24 15:00:00+00:00","0.211","0.838","0.03983355"
"2013-01-24 15:30:00+00:00","0.172","0.8","0.0330993"
"2013-01-24 16:00:00+00:00","0.169","0.669","0.0484005"
"2013-01-24 16:30:00+00:00","0.173","0.606","0.0317463"
"2013-01-24 17:00:00+00:00","0.411","0.494","0.03098985"
"2013-01-24 17:30:00+00:00","0.259","0.244","0.0306393"
"2013-01-24 18:00:00+00:00","0.34","0.088","0.030627"
"2013-01-24 18:30:00+00:00","0.324","0.031","0.03062085"
"2013-01-24 19:00:00+00:00","0.349","0.025","0.03107595"
"2013-01-24 19:30:00+00:00","0.247","0.006","0.03086685"
"2013-01-24 20:00:00+00:00","0.329","0.0","0.0307992"
"2013-01-24 20:30:00+00:00","0.256","0.0","0.03062085"
"2013-01-24 21:00:00+00:00","0.218","0.0","0.0305778"
"2013-01-24 21:30:00+00:00","0.22","0.0","0.03085455"
"2013-01-24 22:00:00+00:00","0.253","0.0","0.03051015"
"2013-01-24 22:30:00+00:00","0.11","0.0","0.03348675"
"2013-01-24 23:00:00+00:00","0.163","0.0","0.03069465"
"2013-01-24 23:30:00+00:00","0.187","0.0","0.03069465"
"2013-01-25 00:00:00+00:00","0.12","0.0","0.03235515"
"2013-01-25 00:30:00+00:00","0.117","0.0","0.03160485"
"2013-01-25 01:00:00+00:00","0.193","0.0","0.0307992"
"2013-01-25 01:30:00+00:00","0.137","0.0","0.03036255"
"2013-01-25 02:00:00+00:00","0.117","0.0","0.0296922"
"2013-01-25 02:30:00+00:00","0.215","0.0","0.02808705"
"2013-01-25 03:00:00+00:00","0.171","0.0","0.0279087"
"2013-01-25 03:30:00+00:00","0.175","0.0","0.027921"
"2013-01-25 04:00:00+00:00","0.166","0.0","0.0279087"
"2013-01-25 04:30:00+00:00","0.14","0.0","0.02924325"
"2013-01-25 05:00:00+00:00","0.136","0.0","0.03016575"
"2013-01-25 05:30:00+00:00","0.127","0.0","0.0316233"
"2013-01-25 06:00:00+00:00","0.253","0.0","0.03081765"
"2013-01-25 06:30:00+00:00","0.199","0.0","0.03098985"
"2013-01-25 07:00:00+00:00","0.317","0.013","0.0309837"
"2013-01-25 07:30:00+00:00","1.074","0.038","0.03014115"
"2013-01-25 08:00:00+00:00","0.28","0.138","0.03107595"
"2013-01-25 08:30:00+00:00","0.266","0.294","0.03103905"
"2013-01-25 09:00:00+00:00","0.219","0.481","0.0307992"
"2013-01-25 09:30:00+00:00","0.278","0.594","0.0306516"
"2013-01-25 10:00:00+00:00","0.172","0.4","0.03095295"
"2013-01-25 10:30:00+00:00","0.186","0.419","0.0314142"
"2013-01-25 11:00:00+00:00","0.114","0.769","0.03165405"
"2013-01-25 11:30:00+00:00","0.103","0.8","0.03169095"
"2013-01-25 12:00:00+00:00","0.19","0.856","0.0324351"
"2013-01-25 12:30:00+00:00","0.14","0.875","0.03169095"
"2013-01-25 13:00:00+00:00","0.166","0.881","0.03165405"
"2013-01-25 13:30:00+00:00","0.131","0.888","0.0316725"
"2013-01-25 14:00:00+00:00","0.151","0.875","0.0334806"
"2013-01-25 14:30:00+00:00","0.222","0.856","0.0340095"
"2013-01-25 15:00:00+00:00","0.219","0.8","0.0337881"
"2013-01-25 15:30:00+00:00","0.146","0.769","0.03417555"
"2013-01-25 16:00:00+00:00","0.16","0.7","0.0387819"
"2013-01-25 16:30:00+00:00","0.197","0.625","0.03252735"
"2013-01-25 17:00:00+00:00","0.13","0.525","0.0323982"
"2013-01-25 17:30:00+00:00","0.181","0.325","0.03091605"
"2013-01-25 18:00:00+00:00","0.144","0.1","0.0308238"
"2013-01-25 18:30:00+00:00","0.087","0.019","0.0306024"
"2013-01-25 19:00:00+00:00","0.186","0.013","0.030627"
"2013-01-25 19:30:00+00:00","0.18","0.0","0.0306393"
"2013-01-25 20:00:00+00:00","0.114","0.0","0.03063315"
"2013-01-25 20:30:00+00:00","0.116","0.0","0.0305778"
"2013-01-25 21:00:00+00:00","0.228","0.0","0.0305655"
"2013-01-25 21:30:00+00:00","0.175","0.0","0.0306393"
"2013-01-25 22:00:00+00:00","0.173","0.0","0.0303564"
"2013-01-25 22:30:00+00:00","0.167","0.0","0.03094065"
"2013-01-25 23:00:00+00:00","0.168","0.0","0.0305901"
"2013-01-25 23:30:00+00:00","0.183","0.0","0.03041175"
"2013-01-26 00:00:00+00:00","0.121","0.0","0.030381"
"2013-01-26 00:30:00+00:00","0.277","0.0","0.02955075"
"2013-01-26 01:00:00+00:00","0.248","0.0","0.0280686"
"2013-01-26 01:30:00+00:00","0.222","0.0","0.027552"
"2013-01-26 02:00:00+00:00","0.209","0.0","0.02769345"
"2013-01-26 02:30:00+00:00","0.155","0.006","0.02750895"
"2013-01-26 03:00:00+00:00","0.17","0.0","0.0275643"
"2013-01-26 03:30:00+00:00","0.174","0.0","0.0275766"
"2013-01-26 04:00:00+00:00","0.233","0.0","0.02753355"
"2013-01-26 04:30:00+00:00","0.205","0.0","0.0275766"
"2013-01-26 05:00:00+00:00","0.148","0.0","0.02758275"
"2013-01-26 05:30:00+00:00","0.198","0.0","0.02758275"
"2013-01-26 06:00:00+00:00","0.199","0.0","0.02768115"
"2013-01-26 06:30:00+00:00","0.114","0.0","0.02785335"
"2013-01-26 07:00:00+00:00","0.142","0.006","0.02811165"
"2013-01-26 07:30:00+00:00","0.192","0.044","0.0283761"
"2013-01-26 08:00:00+00:00","0.235","0.138","0.0296553"
"2013-01-26 08:30:00+00:00","0.135","0.281","0.0306393"
"2013-01-26 09:00:00+00:00","0.252","0.269","0.03069465"
"2013-01-26 09:30:00+00:00","0.255","0.413","0.0306639"
"2013-01-26 10:00:00+00:00","0.239","0.519","0.03063315"
"2013-01-26 10:30:00+00:00","0.489","0.7","0.03064545"
"2013-01-26 11:00:00+00:00","0.311","0.681","0.0307008"
"2013-01-26 11:30:00+00:00","0.266","0.85","0.03059625"
"2013-01-26 12:00:00+00:00","0.266","0.844","0.03060855"
"2013-01-26 12:30:00+00:00","0.165","0.863","0.030627"
"2013-01-26 13:00:00+00:00","0.223","0.95","0.03063315"
"2013-01-26 13:30:00+00:00","0.43","0.894","0.030627"
"2013-01-26 14:00:00+00:00","0.288","0.938","0.0306393"
"2013-01-26 14:30:00+00:00","0.236","0.575","0.030627"
"2013-01-26 15:00:00+00:00","0.295","0.569","0.03064545"
"2013-01-26 15:30:00+00:00","0.262","0.394","0.0306516"
"2013-01-26 16:00:00+00:00","0.3","0.525","0.03070695"
"2013-01-26 16:30:00+00:00","0.427","0.488","0.0306516"
"2013-01-26 17:00:00+00:00","0.401","0.444","0.0306516"
"2013-01-26 17:30:00+00:00","0.372","0.231","0.0306393"
"2013-01-26 18:00:00+00:00","0.19","0.163","0.0306393"
"2013-01-26 18:30:00+00:00","0.293","0.088","0.03062085"
"2013-01-26 19:00:00+00:00","0.542","0.044","0.03062085"
"2013-01-26 19:30:00+00:00","0.373","0.025","0.0306147"
"2013-01-26 20:00:00+00:00","0.279","0.0","0.03063315"
"2013-01-26 20:30:00+00:00","0.3","0.0","0.03063315"
"2013-01-26 21:00:00+00:00","0.324","0.0","0.03048555"
"2013-01-26 21:30:00+00:00","0.258","0.0","0.0306024"
"2013-01-26 22:00:00+00:00","0.432","0.0","0.0303195"
"2013-01-26 22:30:00+00:00","0.217","0.0","0.0328041"
"2013-01-26 23:00:00+00:00","0.169","0.0","0.0303564"
"2013-01-26 23:30:00+00:00","0.221","0.0","0.03038715"
"2013-01-27 00:00:00+00:00","0.187","0.0","0.0302211"
"2013-01-27 00:30:00+00:00","0.125","0.0","0.02897265"
"2013-01-27 01:00:00+00:00","0.232","0.0","0.02824695"
"2013-01-27 01:30:00+00:00","0.22","0.0","0.02786565"
"2013-01-27 02:00:00+00:00","0.102","0.0","0.0276258"
"2013-01-27 02:30:00+00:00","0.144","0.0","0.02782875"
"2013-01-27 03:00:00+00:00","0.181","0.0","0.02758275"
"2013-01-27 03:30:00+00:00","0.127","0.0","0.027798"
"2013-01-27 04:00:00+00:00","0.131","0.0","0.0279825"
"2013-01-27 04:30:00+00:00","0.17","0.0","0.0290649"
"2013-01-27 05:00:00+00:00","0.132","0.0","0.03021495"
"2013-01-27 05:30:00+00:00","0.132","0.0","0.02990745"
"2013-01-27 06:00:00+00:00","0.133","0.0","0.0281916"
"2013-01-27 06:30:00+00:00","0.32","0.0","0.02721375"
"2013-01-27 07:00:00+00:00","0.253","0.0","0.02873895"
"2013-01-27 07:30:00+00:00","0.24","0.0","0.02883735"
"2013-01-27 08:00:00+00:00","0.185","0.006","0.03043635"
"2013-01-27 08:30:00+00:00","0.149","0.013","0.03071925"
"2013-01-27 09:00:00+00:00","0.164","0.019","0.03067005"
"2013-01-27 09:30:00+00:00","0.103","0.081","0.0310452"
"2013-01-27 10:00:00+00:00","0.135","0.175","0.0306393"
"2013-01-27 10:30:00+00:00","0.173","0.219","0.030627"
"2013-01-27 11:00:00+00:00","0.096","0.225","0.03069465"
"2013-01-27 11:30:00+00:00","0.13","0.244","0.03065775"
"2013-01-27 12:00:00+00:00","0.188","0.163","0.03059625"
"2013-01-27 12:30:00+00:00","0.13","0.144","0.0306147"
"2013-01-27 13:00:00+00:00","0.157","0.156","0.030627"
"2013-01-27 13:30:00+00:00","0.221","0.219","0.0306147"
"2013-01-27 14:00:00+00:00","0.112","0.15","0.03057165"
"2013-01-27 14:30:00+00:00","0.11","0.069","0.0303441"
"2013-01-27 15:00:00+00:00","0.181","0.031","0.03042405"
"2013-01-27 15:30:00+00:00","0.101","0.038","0.03055935"
"2013-01-27 16:00:00+00:00","0.114","0.05","0.03063315"
"2013-01-27 16:30:00+00:00","0.17","0.056","0.0306147"
"2013-01-27 17:00:00+00:00","0.107","0.044","0.0306393"
"2013-01-27 17:30:00+00:00","0.121","0.019","0.030627"
"2013-01-27 18:00:00+00:00","0.179","0.031","0.030627"
"2013-01-27 18:30:00+00:00","0.159","0.025","0.03058395"
"2013-01-27 19:00:00+00:00","0.157","0.013","0.0305901"
"2013-01-27 19:30:00+00:00","0.163","0.0","0.03059625"
"2013-01-27 20:00:00+00:00","0.144","0.0","0.0306024"
"2013-01-27 20:30:00+00:00","0.111","0.0","0.0305778"
"2013-01-27 21:00:00+00:00","0.109","0.0","0.0303687"
"2013-01-27 21:30:00+00:00","0.158","0.0","0.0301965"
"2013-01-27 22:00:00+00:00","0.273","0.0","0.0296799"
"2013-01-27 22:30:00+00:00","0.341","0.0","0.03122355"
"2013-01-27 23:00:00+00:00","0.198","0.0","0.0304917"
"2013-01-27 23:30:00+00:00","0.14","0.0","0.03055935"
"2013-01-28 00:00:00+00:00","0.158","0.0","0.03089145"
"2013-01-28 00:30:00+00:00","0.209","0.0","0.02929245"
"2013-01-28 01:00:00+00:00","0.121","0.0","0.02849295"
"2013-01-28 01:30:00+00:00","0.098","0.0","0.0282654"
"2013-01-28 02:00:00+00:00","0.18","0.0","0.02780415"
"2013-01-28 02:30:00+00:00","0.102","0.0","0.02758275"
"2013-01-28 03:00:00+00:00","0.132","0.0","0.02758275"
"2013-01-28 03:30:00+00:00","0.164","0.0","0.02758275"
"2013-01-28 04:00:00+00:00","0.086","0.0","0.02758275"
"2013-01-28 04:30:00+00:00","0.138","0.0","0.0282408"
"2013-01-28 05:00:00+00:00","0.163","0.0","0.0295815"
"2013-01-28 05:30:00+00:00","0.134","0.0","0.03022725"
"2013-01-28 06:00:00+00:00","0.182","0.0","0.0295323"
"2013-01-28 06:30:00+00:00","0.281","0.0","0.02994435"
"2013-01-28 07:00:00+00:00","0.138","0.0","0.03048555"
"2013-01-28 07:30:00+00:00","0.24","0.0","0.03022725"
"2013-01-28 08:00:00+00:00","0.207","0.013","0.0305655"
"2013-01-28 08:30:00+00:00","0.194","0.025","0.03067005"
"2013-01-28 09:00:00+00:00","0.247","0.044","0.03064545"
"2013-01-28 09:30:00+00:00","0.32","0.05","0.03062085"
"2013-01-28 10:00:00+00:00","0.273","0.044","0.030627"
"2013-01-28 10:30:00+00:00","0.257","0.025","0.030627"
"2013-01-28 11:00:00+00:00","0.32","0.025","0.030627"
"2013-01-28 11:30:00+00:00","0.289","0.05","0.03060855"
"2013-01-28 12:00:00+00:00","0.226","0.044","0.030627"
"2013-01-28 12:30:00+00:00","0.225","0.038","0.030627"
"2013-01-28 13:00:00+00:00","0.342","0.044","0.030627"
"2013-01-28 13:30:00+00:00","0.326","0.056","0.03060855"
"2013-01-28 14:00:00+00:00","0.254","0.019","0.030627"
"2013-01-28 14:30:00+00:00","0.194","0.019","0.03062085"
"2013-01-28 15:00:00+00:00","0.313","0.013","0.03064545"
"2013-01-28 15:30:00+00:00","0.232","0.013","0.03063315"
"2013-01-28 16:00:00+00:00","0.237","0.013","0.0306516"
"2013-01-28 16:30:00+00:00","0.308","0.025","0.03075615"
"2013-01-28 17:00:00+00:00","0.438","0.006","0.0306516"
"2013-01-28 17:30:00+00:00","0.302","0.013","0.0306147"
"2013-01-28 18:00:00+00:00","0.278","0.019","0.030627"
"2013-01-28 18:30:00+00:00","0.306","0.0","0.0306147"
"2013-01-28 19:00:00+00:00","0.396","0.0","0.0306147"
"2013-01-28 19:30:00+00:00","0.12","0.006","0.03063315"
"2013-01-28 20:00:00+00:00","0.287","0.0","0.03023955"
"2013-01-28 20:30:00+00:00","0.33","0.0","0.03021495"
"2013-01-28 21:00:00+00:00","0.416","0.0","0.0302703"
"2013-01-28 21:30:00+00:00","0.511","0.0","0.03064545"
"2013-01-28 22:00:00+00:00","0.28","0.0","0.03054705"
"2013-01-28 22:30:00+00:00","0.768","0.0","0.03181395"
"2013-01-28 23:00:00+00:00","0.203","0.0","0.03049785"
"2013-01-28 23:30:00+00:00","0.115","0.0","0.03052245"
"2013-01-29 00:00:00+00:00","0.17","0.0","0.0307869"
"2013-01-29 00:30:00+00:00","0.085","0.0","0.0300489"
"2013-01-29 01:00:00+00:00","0.107","0.0","0.0301965"
"2013-01-29 01:30:00+00:00","0.232","0.0","0.02934165"
"2013-01-29 02:00:00+00:00","0.137","0.0","0.02769345"
"2013-01-29 02:30:00+00:00","0.161","0.0","0.02758275"
"2013-01-29 03:00:00+00:00","0.154","0.0","0.02758275"
"2013-01-29 03:30:00+00:00","0.106","0.0","0.02758275"
"2013-01-29 04:00:00+00:00","0.123","0.0","0.02758275"
"2013-01-29 04:30:00+00:00","0.128","0.0","0.02758275"
"2013-01-29 05:00:00+00:00","0.121","0.0","0.02909565"
"2013-01-29 05:30:00+00:00","0.11","0.0","0.0304548"
"2013-01-29 06:00:00+00:00","0.145","0.0","0.03113745"
"2013-01-29 06:30:00+00:00","0.178","0.0","0.03096525"
"2013-01-29 07:00:00+00:00","0.292","0.0","0.03075"
"2013-01-29 07:30:00+00:00","0.187","0.0","0.03064545"
"2013-01-29 08:00:00+00:00","0.15","0.031","0.03119895"
"2013-01-29 08:30:00+00:00","0.133","0.044","0.0311928"
"2013-01-29 09:00:00+00:00","0.364","0.106","0.03176475"
"2013-01-29 09:30:00+00:00","0.537","0.244","0.0316725"
"2013-01-29 10:00:00+00:00","0.235","0.281","0.031734"
"2013-01-29 10:30:00+00:00","0.17","0.238","0.03171555"
"2013-01-29 11:00:00+00:00","0.208","0.444","0.03170325"
"2013-01-29 11:30:00+00:00","0.195","0.169","0.03167865"
"2013-01-29 12:00:00+00:00","0.267","0.244","0.0316725"
"2013-01-29 12:30:00+00:00","0.162","0.1","0.0316725"
"2013-01-29 13:00:00+00:00","0.192","0.181","0.0316602"
"2013-01-29 13:30:00+00:00","0.193","0.131","0.03158025"
"2013-01-29 14:00:00+00:00","0.172","0.044","0.03097755"
"2013-01-29 14:30:00+00:00","0.159","0.113","0.0314265"
"2013-01-29 15:00:00+00:00","0.157","0.175","0.03097755"
"2013-01-29 15:30:00+00:00","0.147","0.15","0.0314142"
"2013-01-29 16:00:00+00:00","0.165","0.281","0.0310944"
"2013-01-29 16:30:00+00:00","0.476","0.406","0.03087915"
"2013-01-29 17:00:00+00:00","0.695","0.531","0.0308484"
"2013-01-29 17:30:00+00:00","0.863","0.325","0.03055935"
"2013-01-29 18:00:00+00:00","0.394","0.113","0.03062085"
"2013-01-29 18:30:00+00:00","0.196","0.025","0.0305532"
"2013-01-29 19:00:00+00:00","0.23","0.019","0.0305532"
"2013-01-29 19:30:00+00:00","0.22","0.006","0.03041175"
"2013-01-29 20:00:00+00:00","0.392","0.0","0.0309837"
"2013-01-29 20:30:00+00:00","0.283","0.0","0.03057165"
"2013-01-29 21:00:00+00:00","0.221","0.0","0.03027645"
"2013-01-29 21:30:00+00:00","0.184","0.0","0.03079305"
"2013-01-29 22:00:00+00:00","0.233","0.0","0.03049785"
"2013-01-29 22:30:00+00:00","0.249","0.0","0.0340956"
"2013-01-29 23:00:00+00:00","0.2","0.0","0.02991975"
"2013-01-29 23:30:00+00:00","0.087","0.0","0.03098985"
"2013-01-30 00:00:00+00:00","0.182","0.0","0.0306024"
"2013-01-30 00:30:00+00:00","0.16","0.0","0.0317217"
"2013-01-30 01:00:00+00:00","0.079","0.0","0.0305901"
"2013-01-30 01:30:00+00:00","0.18","0.0","0.0304179"
"2013-01-30 02:00:00+00:00","0.157","0.0","0.0301473"
"2013-01-30 02:30:00+00:00","0.116","0.0","0.02833305"
"2013-01-30 03:00:00+00:00","0.205","0.0","0.02814855"
"2013-01-30 03:30:00+00:00","0.178","0.0","0.0280563"
"2013-01-30 04:00:00+00:00","0.149","0.0","0.0281424"
"2013-01-30 04:30:00+00:00","0.143","0.0","0.02925555"
"2013-01-30 05:00:00+00:00","0.136","0.0","0.03063315"
"2013-01-30 05:30:00+00:00","0.116","0.0","0.03122355"
"2013-01-30 06:00:00+00:00","0.123","0.0","0.0308976"
"2013-01-30 06:30:00+00:00","0.151","0.0","0.03108825"
"2013-01-30 07:00:00+00:00","0.1","0.006","0.03160485"
"2013-01-30 07:30:00+00:00","0.128","0.044","0.03074385"
"2013-01-30 08:00:00+00:00","0.284","0.069","0.0308976"
"2013-01-30 08:30:00+00:00","0.127","0.169","0.03166635"
"2013-01-30 09:00:00+00:00","0.18","0.2","0.0316602"
"2013-01-30 09:30:00+00:00","0.182","0.263","0.03165405"
"2013-01-30 10:00:00+00:00","0.071","0.356","0.0316725"
"2013-01-30 10:30:00+00:00","0.146","0.369","0.031611"
"2013-01-30 11:00:00+00:00","0.2","0.369","0.0311067"
"2013-01-30 11:30:00+00:00","0.133","0.306","0.03065775"
"2013-01-30 12:00:00+00:00","0.162","0.356","0.0306762"
"2013-01-30 12:30:00+00:00","0.209","0.431","0.03111285"
"2013-01-30 13:00:00+00:00","0.155","0.444","0.03151875"
"2013-01-30 13:30:00+00:00","0.216","0.35","0.0316479"
"2013-01-30 14:00:00+00:00","0.158","0.238","0.0316602"
"2013-01-30 14:30:00+00:00","0.187","0.175","0.0316725"
"2013-01-30 15:00:00+00:00","0.131","0.3","0.0319554"
"2013-01-30 15:30:00+00:00","0.198","0.306","0.03224445"
"2013-01-30 16:00:00+00:00","0.254","0.131","0.0317094"
"2013-01-30 16:30:00+00:00","0.204","0.419","0.03167865"
"2013-01-30 17:00:00+00:00","0.318","0.375","0.03167865"
"2013-01-30 17:30:00+00:00","0.262","0.225","0.0316602"
"2013-01-30 18:00:00+00:00","0.17","0.269","0.03124815"
"2013-01-30 18:30:00+00:00","0.175","0.113","0.03064545"
"2013-01-30 19:00:00+00:00","0.178","0.019","0.03065775"
"2013-01-30 19:30:00+00:00","0.143","0.013","0.03081765"
"2013-01-30 20:00:00+00:00","0.162","0.0","0.0312297"
"2013-01-30 20:30:00+00:00","0.105","0.0","0.0307131"
"2013-01-30 21:00:00+00:00","0.322","0.0","0.0306147"
"2013-01-30 21:30:00+00:00","0.223","0.0","0.03074385"
"2013-01-30 22:00:00+00:00","0.103","0.0","0.03059625"
"2013-01-30 22:30:00+00:00","0.223","0.0","0.0315987"
"2013-01-30 23:00:00+00:00","0.23","0.0","0.0307746"
"2013-01-30 23:30:00+00:00","0.133","0.0","0.03067005"
"2013-01-31 00:00:00+00:00","0.153","0.0","0.0311313"
"2013-01-31 00:30:00+00:00","0.142","0.0","0.02998125"
"2013-01-31 01:00:00+00:00","0.109","0.0","0.02861595"
"2013-01-31 01:30:00+00:00","0.141","0.0","0.02934165"
"2013-01-31 02:00:00+00:00","0.136","0.0","0.02814855"
"2013-01-31 02:30:00+00:00","0.143","0.0","0.0276381"
"2013-01-31 03:00:00+00:00","0.114","0.0","0.0277611"
"2013-01-31 03:30:00+00:00","0.168","0.0","0.02758275"
"2013-01-31 04:00:00+00:00","0.191","0.0","0.0279579"
"2013-01-31 04:30:00+00:00","0.134","0.0","0.02914485"
"2013-01-31 05:00:00+00:00","0.158","0.0","0.03069465"
"2013-01-31 05:30:00+00:00","0.148","0.0","0.03073155"
"2013-01-31 06:00:00+00:00","0.209","0.0","0.03097755"
"2013-01-31 06:30:00+00:00","0.239","0.0","0.03169095"
"2013-01-31 07:00:00+00:00","0.159","0.006","0.0329517"
"2013-01-31 07:30:00+00:00","0.089","0.038","0.0328533"
"2013-01-31 08:00:00+00:00","0.18","0.075","0.03378195"
"2013-01-31 08:30:00+00:00","0.195","0.163","0.03362205"
"2013-01-31 09:00:00+00:00","0.155","0.256","0.03506115"
"2013-01-31 09:30:00+00:00","0.181","0.169","0.03455685"
"2013-01-31 10:00:00+00:00","0.131","0.088","0.03383115"
"2013-01-31 10:30:00+00:00","0.15","0.056","0.033948"
"2013-01-31 11:00:00+00:00","0.135","0.15","0.033825"
"2013-01-31 11:30:00+00:00","0.146","0.2","0.03256425"
"2013-01-31 12:00:00+00:00","0.199","0.313","0.0333945"
"2013-01-31 12:30:00+00:00","0.267","0.206","0.03384345"
"2013-01-31 13:00:00+00:00","0.261","0.4","0.0339357"
"2013-01-31 13:30:00+00:00","0.305","0.644","0.03432315"
"2013-01-31 14:00:00+00:00","0.242","0.325","0.04052235"
"2013-01-31 14:30:00+00:00","0.149","0.044","0.03959985"
"2013-01-31 15:00:00+00:00","0.265","0.194","0.03894795"
"2013-01-31 15:30:00+00:00","0.246","0.419","0.03695535"
"2013-01-31 16:00:00+00:00","0.209","0.438","0.0421152"
"2013-01-31 16:30:00+00:00","0.342","0.544","0.0435789"
"2013-01-31 17:00:00+00:00","0.211","0.531","0.04037475"
"2013-01-31 17:30:00+00:00","0.621","0.369","0.0334437"
"2013-01-31 18:00:00+00:00","0.745","0.138","0.033825"
"2013-01-31 18:30:00+00:00","0.2","0.031","0.0372321"
"2013-01-31 19:00:00+00:00","0.188","0.019","0.033825"
"2013-01-31 19:30:00+00:00","0.164","0.006","0.03142035"
"2013-01-31 20:00:00+00:00","0.326","0.0","0.03284715"
"2013-01-31 20:30:00+00:00","0.177","0.0","0.0319431"
"2013-01-31 21:00:00+00:00","0.243","0.0","0.03169095"
"2013-01-31 21:30:00+00:00","0.448","0.0","0.03124815"
"2013-01-31 22:00:00+00:00","0.293","0.0","0.03054705"
"2013-01-31 22:30:00+00:00","0.604","0.0","0.03247815"
"2013-01-31 23:00:00+00:00","0.403","0.0","0.03092835"
"2013-01-31 23:30:00+00:00","0.185","0.0","0.03067005"
"2013-02-01 00:00:00+00:00","0.215","0.0","0.0306762"
"2013-02-01 00:30:00+00:00","0.165","0.006","0.03094065"
"2013-02-01 01:00:00+00:00","0.143","0.0","0.02946465"
"2013-02-01 01:30:00+00:00","0.166","0.0","0.03043635"
"2013-02-01 02:00:00+00:00","0.135","0.0","0.0286221"
"2013-02-01 02:30:00+00:00","0.186","0.0","0.02812395"
"2013-02-01 03:00:00+00:00","0.132","0.0","0.02758275"
"2013-02-01 03:30:00+00:00","0.08","0.0","0.02779185"
"2013-02-01 04:00:00+00:00","0.187","0.0","0.02803785"
"2013-02-01 04:30:00+00:00","0.17","0.0","0.030012"
"2013-02-01 05:00:00+00:00","0.08","0.0","0.0303933"
"2013-02-01 05:30:00+00:00","0.178","0.0","0.03060855"
"2013-02-01 06:00:00+00:00","0.189","0.0","0.0309222"
"2013-02-01 06:30:00+00:00","0.25","0.0","0.0322014"
"2013-02-01 07:00:00+00:00","0.196","0.006","0.03161715"
"2013-02-01 07:30:00+00:00","0.267","0.056","0.0315618"
"2013-02-01 08:00:00+00:00","0.148","0.15","0.03142035"
"2013-02-01 08:30:00+00:00","0.122","0.188","0.03175245"
"2013-02-01 09:00:00+00:00","0.108","0.244","0.0318324"
"2013-02-01 09:30:00+00:00","0.178","0.544","0.03214605"
"2013-02-01 10:00:00+00:00","0.172","0.5","0.03174015"
"2013-02-01 10:30:00+00:00","0.079","0.138","0.0316725"
"2013-02-01 11:00:00+00:00","0.205","0.275","0.0318447"
"2013-02-01 11:30:00+00:00","0.201","0.119","0.0316725"
"2013-02-01 12:00:00+00:00","0.148","0.05","0.0316725"
"2013-02-01 12:30:00+00:00","0.13","0.181","0.0315987"
"2013-02-01 13:00:00+00:00","0.156","0.206","0.031365"
"2013-02-01 13:30:00+00:00","0.143","0.25","0.0313281"
"2013-02-01 14:00:00+00:00","0.146","0.238","0.03089145"
"2013-02-01 14:30:00+00:00","0.096","0.138","0.03064545"
"2013-02-01 15:00:00+00:00","0.151","0.069","0.03078075"
"2013-02-01 15:30:00+00:00","0.167","0.006","0.03162945"
"2013-02-01 16:00:00+00:00","0.09","0.0","0.03162945"
"2013-02-01 16:30:00+00:00","0.176","0.006","0.03148185"
"2013-02-01 17:00:00+00:00","0.215","0.0","0.03134655"
"2013-02-01 17:30:00+00:00","0.085","0.0","0.0306393"
"2013-02-01 18:00:00+00:00","0.16","0.0","0.03048555"
"2013-02-01 18:30:00+00:00","0.284","0.0","0.03039945"
"2013-02-01 19:00:00+00:00","0.364","0.0","0.0306147"
"2013-02-01 19:30:00+00:00","0.208","0.0","0.0306393"
"2013-02-01 20:00:00+00:00","0.133","0.0","0.03062085"
"2013-02-01 20:30:00+00:00","0.222","0.0","0.03036255"
"2013-02-01 21:00:00+00:00","0.227","0.0","0.0302703"
"2013-02-01 21:30:00+00:00","0.142","0.0","0.0306024"
"2013-02-01 22:00:00+00:00","0.251","0.0","0.0304179"
"2013-02-01 22:30:00+00:00","0.179","0.0","0.0306762"
"2013-02-01 23:00:00+00:00","0.134","0.0","0.0305532"
"2013-02-01 23:30:00+00:00","0.209","0.0","0.03059625"
"2013-02-02 00:00:00+00:00","0.112","0.0","0.03057165"
"2013-02-02 00:30:00+00:00","0.098","0.0","0.03020265"
"2013-02-02 01:00:00+00:00","0.143","0.0","0.02925555"
"2013-02-02 01:30:00+00:00","0.11","0.0","0.03023955"
"2013-02-02 02:00:00+00:00","0.165","0.0","0.02886195"
"2013-02-02 02:30:00+00:00","0.169","0.0","0.02758275"
"2013-02-02 03:00:00+00:00","0.143","0.0","0.02701695"
"2013-02-02 03:30:00+00:00","0.111","0.0","0.0270477"
"2013-02-02 04:00:00+00:00","0.132","0.0","0.02731215"
"2013-02-02 04:30:00+00:00","0.135","0.0","0.02759505"
"2013-02-02 05:00:00+00:00","0.087","0.0","0.0273429"
"2013-02-02 05:30:00+00:00","0.152","0.0","0.02777955"
"2013-02-02 06:00:00+00:00","0.111","0.0","0.02731215"
"2013-02-02 06:30:00+00:00","0.192","0.0","0.0278964"
"2013-02-02 07:00:00+00:00","0.243","0.0","0.0288312"
"2013-02-02 07:30:00+00:00","0.152","0.0","0.02968605"
"2013-02-02 08:00:00+00:00","0.224","0.0","0.02983365"
"2013-02-02 08:30:00+00:00","0.239","0.006","0.03044865"
"2013-02-02 09:00:00+00:00","0.26","0.013","0.03059625"
"2013-02-02 09:30:00+00:00","0.262","0.006","0.030504"
"2013-02-02 10:00:00+00:00","0.188","0.025","0.03047325"
"2013-02-02 10:30:00+00:00","0.183","0.05","0.0303195"
"2013-02-02 11:00:00+00:00","0.217","0.05","0.0300735"
"2013-02-02 11:30:00+00:00","0.22","0.069","0.03012885"
"2013-02-02 12:00:00+00:00","0.266","0.063","0.03009195"
"2013-02-02 12:30:00+00:00","0.181","0.194","0.02942775"
"2013-02-02 13:00:00+00:00","0.184","0.288","0.02934165"
"2013-02-02 13:30:00+00:00","0.184","0.244","0.0292125"
"2013-02-02 14:00:00+00:00","0.216","0.294","0.0294585"
"2013-02-02 14:30:00+00:00","0.18","0.206","0.02945235"
"2013-02-02 15:00:00+00:00","0.193","0.3","0.0298275"
"2013-02-02 15:30:00+00:00","0.246","0.419","0.03015345"
"2013-02-02 16:00:00+00:00","0.23","0.244","0.03059625"
"2013-02-02 16:30:00+00:00","0.365","0.169","0.03060855"
"2013-02-02 17:00:00+00:00","0.38","0.169","0.0306147"
"2013-02-02 17:30:00+00:00","0.318","0.194","0.0305778"
"2013-02-02 18:00:00+00:00","0.211","0.144","0.0304794"
"2013-02-02 18:30:00+00:00","0.07","0.094","0.02996895"
"2013-02-02 19:00:00+00:00","0.163","0.038","0.0295938"
"2013-02-02 19:30:00+00:00","0.096","0.006","0.0303933"
"2013-02-02 20:00:00+00:00","0.134","0.0","0.03059625"
"2013-02-02 20:30:00+00:00","0.21","0.0","0.03058395"
"2013-02-02 21:00:00+00:00","0.05","0.0","0.029643"
"2013-02-02 21:30:00+00:00","0.153","0.0","0.02966145"
"2013-02-02 22:00:00+00:00","0.105","0.0","0.02936625"
"2013-02-02 22:30:00+00:00","0.083","0.0","0.03014115"
"2013-02-02 23:00:00+00:00","0.284","0.0","0.0294954"
"2013-02-02 23:30:00+00:00","0.183","0.0","0.0294954"
"2013-02-03 00:00:00+00:00","0.118","0.0","0.0299997"
"2013-02-03 00:30:00+00:00","0.155","0.0","0.0286467"
"2013-02-03 01:00:00+00:00","0.134","0.0","0.02739825"
"2013-02-03 01:30:00+00:00","0.098","0.0","0.02744745"
"2013-02-03 02:00:00+00:00","0.109","0.0","0.0269493"
"2013-02-03 02:30:00+00:00","0.108","0.0","0.02726295"
"2013-02-03 03:00:00+00:00","0.101","0.0","0.02726295"
"2013-02-03 03:30:00+00:00","0.131","0.0","0.02726295"
"2013-02-03 04:00:00+00:00","0.081","0.0","0.02726295"
"2013-02-03 04:30:00+00:00","0.147","0.0","0.02726295"
"2013-02-03 05:00:00+00:00","0.129","0.006","0.0278718"
"2013-02-03 05:30:00+00:00","0.159","0.0","0.0276381"
"2013-02-03 06:00:00+00:00","0.13","0.0","0.0263097"
"2013-02-03 06:30:00+00:00","0.169","0.0","0.02734905"
"2013-02-03 07:00:00+00:00","0.27","0.0","0.02827155"
"2013-02-03 07:30:00+00:00","0.1","0.006","0.0278103"
"2013-02-03 08:00:00+00:00","0.198","0.006","0.0293601"
"2013-02-03 08:30:00+00:00","0.269","0.094","0.0304548"
"2013-02-03 09:00:00+00:00","0.108","0.188","0.0304425"
"2013-02-03 09:30:00+00:00","0.202","0.588","0.03033795"
"2013-02-03 10:00:00+00:00","0.134","0.625","0.03023955"
"2013-02-03 10:30:00+00:00","0.194","0.294","0.03051015"
"2013-02-03 11:00:00+00:00","0.14","0.325","0.03027645"
"2013-02-03 11:30:00+00:00","0.113","0.106","0.0304179"
"2013-02-03 12:00:00+00:00","0.149","0.106","0.03051015"
"2013-02-03 12:30:00+00:00","0.056","0.044","0.02945235"
"2013-02-03 13:00:00+00:00","0.193","0.094","0.02865285"
"2013-02-03 13:30:00+00:00","0.145","0.094","0.02774265"
"2013-02-03 14:00:00+00:00","0.103","0.094","0.0286467"
"2013-02-03 14:30:00+00:00","0.167","0.156","0.02898495"
"2013-02-03 15:00:00+00:00","0.064","0.15","0.02910795"
"2013-02-03 15:30:00+00:00","0.145","0.169","0.0295323"
"2013-02-03 16:00:00+00:00","0.294","0.344","0.03016575"
"2013-02-03 16:30:00+00:00","0.686","0.256","0.03017805"
"2013-02-03 17:00:00+00:00","0.567","0.344","0.0304179"
"2013-02-03 17:30:00+00:00","0.593","0.363","0.0304671"
"2013-02-03 18:00:00+00:00","0.578","0.119","0.03065775"
"2013-02-03 18:30:00+00:00","0.484","0.031","0.03053475"
"2013-02-03 19:00:00+00:00","0.211","0.013","0.0306639"
"2013-02-03 19:30:00+00:00","0.28","0.006","0.0308853"
"2013-02-03 20:00:00+00:00","0.2","0.0","0.030996"
"2013-02-03 20:30:00+00:00","0.26","0.0","0.03062085"
"2013-02-03 21:00:00+00:00","0.21","0.0","0.030258"
"2013-02-03 21:30:00+00:00","0.364","0.0","0.0303687"
"2013-02-03 22:00:00+00:00","0.253","0.0","0.02996895"
"2013-02-03 22:30:00+00:00","0.171","0.0","0.0307008"
"2013-02-03 23:00:00+00:00","0.173","0.0","0.0302211"
"2013-02-03 23:30:00+00:00","0.169","0.0","0.0297168"
"2013-02-04 00:00:00+00:00","0.121","0.0","0.0290034"
"2013-02-04 00:30:00+00:00","0.154","0.0","0.02806245"
"2013-02-04 01:00:00+00:00","0.154","0.0","0.02723835"
"2013-02-04 01:30:00+00:00","0.112","0.0","0.02731215"
"2013-02-04 02:00:00+00:00","0.205","0.0","0.02726295"
"2013-02-04 02:30:00+00:00","0.164","0.0","0.02726295"
"2013-02-04 03:00:00+00:00","0.134","0.0","0.02726295"
"2013-02-04 03:30:00+00:00","0.167","0.0","0.02726295"
"2013-02-04 04:00:00+00:00","0.111","0.0","0.02726295"
"2013-02-04 04:30:00+00:00","0.153","0.0","0.02752125"
"2013-02-04 05:00:00+00:00","0.134","0.0","0.0288435"
"2013-02-04 05:30:00+00:00","0.107","0.0","0.03067005"
"2013-02-04 06:00:00+00:00","0.193","0.0","0.0310698"
"2013-02-04 06:30:00+00:00","0.148","0.0","0.03236745"
"2013-02-04 07:00:00+00:00","0.164","0.006","0.03226905"
"2013-02-04 07:30:00+00:00","0.267","0.019","0.0314634"
"2013-02-04 08:00:00+00:00","0.277","0.088","0.03156795"
"2013-02-04 08:30:00+00:00","0.146","0.294","0.0316479"
"2013-02-04 09:00:00+00:00","0.123","0.444","0.03164175"
"2013-02-04 09:30:00+00:00","0.164","0.569","0.03153105"
"2013-02-04 10:00:00+00:00","0.13","0.331","0.0315864"
"2013-02-04 10:30:00+00:00","0.12","0.219","0.03155565"
"2013-02-04 11:00:00+00:00","0.227","0.406","0.0316602"
"2013-02-04 11:30:00+00:00","0.142","0.019","0.0316725"
"2013-02-04 12:00:00+00:00","0.105","0.056","0.0316602"
"2013-02-04 12:30:00+00:00","0.236","0.063","0.03166635"
"2013-02-04 13:00:00+00:00","0.243","0.069","0.03148185"
"2013-02-04 13:30:00+00:00","0.315","0.175","0.03156795"
"2013-02-04 14:00:00+00:00","0.237","0.063","0.0316356"
"2013-02-04 14:30:00+00:00","0.17","0.1","0.03161715"
"2013-02-04 15:00:00+00:00","0.228","0.325","0.03164175"
"2013-02-04 15:30:00+00:00","0.205","0.413","0.03237975"
"2013-02-04 16:00:00+00:00","0.194","0.425","0.0320046"
"2013-02-04 16:30:00+00:00","0.105","0.338","0.03119895"
"2013-02-04 17:00:00+00:00","0.142","0.413","0.03105135"
"2013-02-04 17:30:00+00:00","0.345","0.275","0.03079305"
"2013-02-04 18:00:00+00:00","0.189","0.144","0.03119895"
"2013-02-04 18:30:00+00:00","0.923","0.038","0.03113745"
"2013-02-04 19:00:00+00:00","0.219","0.013","0.0315618"
"2013-02-04 19:30:00+00:00","0.242","0.006","0.0315741"
"2013-02-04 20:00:00+00:00","0.285","0.0","0.031488"
"2013-02-04 20:30:00+00:00","0.254","0.0","0.0312666"
"2013-02-04 21:00:00+00:00","0.372","0.0","0.03049785"
"2013-02-04 21:30:00+00:00","0.204","0.0","0.03090375"
"2013-02-04 22:00:00+00:00","0.159","0.0","0.03042405"
"2013-02-04 22:30:00+00:00","0.164","0.0","0.0308607"
"2013-02-04 23:00:00+00:00","0.263","0.0","0.03086685"
"2013-02-04 23:30:00+00:00","0.126","0.0","0.0307008"
"2013-02-05 00:00:00+00:00","0.595","0.0","0.0307869"
"2013-02-05 00:30:00+00:00","0.276","0.0","0.03004275"
"2013-02-05 01:00:00+00:00","0.131","0.0","0.0296799"
"2013-02-05 01:30:00+00:00","0.055","0.0","0.02959995"
"2013-02-05 02:00:00+00:00","0.172","0.0","0.02789025"
"2013-02-05 02:30:00+00:00","0.151","0.0","0.0273552"
"2013-02-05 03:00:00+00:00","0.134","0.0","0.02726295"
"2013-02-05 03:30:00+00:00","0.16","0.0","0.02727525"
"2013-02-05 04:00:00+00:00","0.123","0.0","0.02749665"
"2013-02-05 04:30:00+00:00","0.152","0.0","0.02952615"
"2013-02-05 05:00:00+00:00","0.119","0.0","0.03075615"
"2013-02-05 05:30:00+00:00","0.052","0.0","0.0332715"
"2013-02-05 06:00:00+00:00","0.179","0.0","0.03256425"
"2013-02-05 06:30:00+00:00","0.194","0.0","0.0329517"
"2013-02-05 07:00:00+00:00","0.186","0.006","0.03220755"
"2013-02-05 07:30:00+00:00","0.157","0.031","0.03158025"
"2013-02-05 08:00:00+00:00","0.166","0.075","0.03158025"
"2013-02-05 08:30:00+00:00","0.214","0.256","0.03162945"
"2013-02-05 09:00:00+00:00","0.128","0.469","0.0317463"
"2013-02-05 09:30:00+00:00","0.137","0.375","0.03171555"
"2013-02-05 10:00:00+00:00","0.226","0.606","0.0317217"
"2013-02-05 10:30:00+00:00","0.265","0.619","0.03122355"
"2013-02-05 11:00:00+00:00","0.138","0.163","0.0321645"
"2013-02-05 11:30:00+00:00","0.122","0.144","0.0317463"
"2013-02-05 12:00:00+00:00","0.216","0.088","0.03185085"
"2013-02-05 12:30:00+00:00","0.232","0.625","0.03156795"
"2013-02-05 13:00:00+00:00","0.29","0.2","0.0314019"
"2013-02-05 13:30:00+00:00","0.241","0.094","0.0316602"
"2013-02-05 14:00:00+00:00","0.259","0.169","0.03172785"
"2013-02-05 14:30:00+00:00","0.298","0.175","0.03169095"
"2013-02-05 15:00:00+00:00","0.245","0.106","0.032226"
"2013-02-05 15:30:00+00:00","0.187","0.056","0.03440925"
"2013-02-05 16:00:00+00:00","0.189","0.388","0.03567615"
"2013-02-05 16:30:00+00:00","0.325","0.638","0.03122355"
"2013-02-05 17:00:00+00:00","0.305","0.55","0.03285945"
"2013-02-05 17:30:00+00:00","0.229","0.281","0.0315618"
"2013-02-05 18:00:00+00:00","0.353","0.175","0.03146955"
"2013-02-05 18:30:00+00:00","0.256","0.025","0.0311436"
"2013-02-05 19:00:00+00:00","0.159","0.006","0.031611"
"2013-02-05 19:30:00+00:00","0.357","0.006","0.0316602"
"2013-02-05 20:00:00+00:00","0.354","0.0","0.0316602"
"2013-02-05 20:30:00+00:00","0.265","0.0","0.0311067"
"2013-02-05 21:00:00+00:00","0.273","0.0","0.0313527"
"2013-02-05 21:30:00+00:00","0.242","0.0","0.0313035"
"2013-02-05 22:00:00+00:00","0.214","0.0","0.0302334"
"2013-02-05 22:30:00+00:00","0.144","0.0","0.03123585"
"2013-02-05 23:00:00+00:00","0.194","0.0","0.0309714"
"2013-02-05 23:30:00+00:00","0.07","0.0","0.0310452"
"2013-02-06 00:00:00+00:00","0.145","0.0","0.0312051"
"2013-02-06 00:30:00+00:00","0.184","0.0","0.0306762"
"2013-02-06 01:00:00+00:00","0.097","0.0","0.03025185"
"2013-02-06 01:30:00+00:00","0.145","0.0","0.0300366"
"2013-02-06 02:00:00+00:00","0.126","0.0","0.0289542"
"2013-02-06 02:30:00+00:00","0.105","0.0","0.02738595"
"2013-02-06 03:00:00+00:00","0.148","0.0","0.02726295"
"2013-02-06 03:30:00+00:00","0.107","0.0","0.02726295"
"2013-02-06 04:00:00+00:00","0.112","0.0","0.027429"
"2013-02-06 04:30:00+00:00","0.176","0.0","0.02816085"
"2013-02-06 05:00:00+00:00","0.146","0.0","0.0293724"
"2013-02-06 05:30:00+00:00","0.122","0.0","0.03122355"
"2013-02-06 06:00:00+00:00","0.127","0.0","0.03207225"
"2013-02-06 06:30:00+00:00","0.116","0.0","0.0328902"
"2013-02-06 07:00:00+00:00","0.275","0.006","0.03183855"
"2013-02-06 07:30:00+00:00","0.152","0.025","0.03039945"
"2013-02-06 08:00:00+00:00","0.107","0.081","0.03113745"
"2013-02-06 08:30:00+00:00","0.128","0.213","0.03247815"
"2013-02-06 09:00:00+00:00","0.271","0.406","0.03162945"
"2013-02-06 09:30:00+00:00","0.195","0.575","0.03159255"
"2013-02-06 10:00:00+00:00","0.096","0.569","0.0316971"
"2013-02-06 10:30:00+00:00","0.187","0.413","0.0316479"
"2013-02-06 11:00:00+00:00","0.107","0.056","0.03187545"
"2013-02-06 11:30:00+00:00","0.122","0.038","0.03164175"
"2013-02-06 12:00:00+00:00","0.15","0.044","0.0316725"
"2013-02-06 12:30:00+00:00","0.147","0.056","0.0319923"
"2013-02-06 13:00:00+00:00","0.164","0.075","0.0318078"
"2013-02-06 13:30:00+00:00","0.149","0.069","0.0317586"
"2013-02-06 14:00:00+00:00","0.2","0.25","0.03172785"
"2013-02-06 14:30:00+00:00","0.139","0.081","0.0317094"
"2013-02-06 15:00:00+00:00","0.173","0.05","0.0336159"
"2013-02-06 15:30:00+00:00","0.191","0.131","0.03272415"
"2013-02-06 16:00:00+00:00","0.188","0.638","0.03250275"
"2013-02-06 16:30:00+00:00","0.144","0.438","0.03167865"
"2013-02-06 17:00:00+00:00","0.263","0.544","0.03167865"
"2013-02-06 17:30:00+00:00","0.169","0.363","0.03186315"
"2013-02-06 18:00:00+00:00","0.162","0.138","0.0316725"
"2013-02-06 18:30:00+00:00","0.193","0.019","0.03160485"
"2013-02-06 19:00:00+00:00","0.096","0.013","0.0315618"
"2013-02-06 19:30:00+00:00","0.115","0.0","0.03162945"
"2013-02-06 20:00:00+00:00","0.267","0.0","0.03143265"
"2013-02-06 20:30:00+00:00","0.198","0.0","0.03150645"
"2013-02-06 21:00:00+00:00","0.13","0.0","0.03078075"
"2013-02-06 21:30:00+00:00","0.196","0.0","0.030996"
"2013-02-06 22:00:00+00:00","0.183","0.0","0.03058395"
"2013-02-06 22:30:00+00:00","0.178","0.0","0.0340341"
"2013-02-06 23:00:00+00:00","0.156","0.0","0.0315003"
"2013-02-06 23:30:00+00:00","0.169","0.0","0.0315864"
"2013-02-07 00:00:00+00:00","0.118","0.0","0.03126045"
"2013-02-07 00:30:00+00:00","0.089","0.0","0.0310452"
"2013-02-07 01:00:00+00:00","0.169","0.0","0.02978445"
"2013-02-07 01:30:00+00:00","0.126","0.0","0.0298152"
"2013-02-07 02:00:00+00:00","0.121","0.0","0.0287697"
"2013-02-07 02:30:00+00:00","0.232","0.006","0.0275028"
"2013-02-07 03:00:00+00:00","0.125","0.0","0.02757045"
"2013-02-07 03:30:00+00:00","0.121","0.0","0.02765655"
"2013-02-07 04:00:00+00:00","0.17","0.0","0.02784105"
"2013-02-07 04:30:00+00:00","0.072","0.0","0.02827155"
"2013-02-07 05:00:00+00:00","0.16","0.0","0.0292125"
"2013-02-07 05:30:00+00:00","0.135","0.0","0.03091605"
"2013-02-07 06:00:00+00:00","0.098","0.0","0.03164175"
"2013-02-07 06:30:00+00:00","0.197","0.0","0.0320907"
"2013-02-07 07:00:00+00:00","0.312","0.0","0.032595"
"2013-02-07 07:30:00+00:00","0.149","0.013","0.0303687"
"2013-02-07 08:00:00+00:00","0.146","0.069","0.0316725"
"2013-02-07 08:30:00+00:00","0.118","0.194","0.0317217"
"2013-02-07 09:00:00+00:00","0.129","0.4","0.0320907"
"2013-02-07 09:30:00+00:00","0.141","0.569","0.03171555"
"2013-02-07 10:00:00+00:00","0.148","0.513","0.03167865"
"2013-02-07 10:30:00+00:00","0.127","0.25","0.03167865"
"2013-02-07 11:00:00+00:00","0.207","0.281","0.0320784"
"2013-02-07 11:30:00+00:00","0.184","0.106","0.0320538"
"2013-02-07 12:00:00+00:00","0.084","0.044","0.03167865"
"2013-02-07 12:30:00+00:00","0.18","0.081","0.03169095"
"2013-02-07 13:00:00+00:00","0.147","0.106","0.03167865"
"2013-02-07 13:30:00+00:00","0.083","0.019","0.03169095"
"2013-02-07 14:00:00+00:00","0.187","0.075","0.03178935"
"2013-02-07 14:30:00+00:00","0.144","0.063","0.0318324"
"2013-02-07 15:00:00+00:00","0.158","0.075","0.03202305"
"2013-02-07 15:30:00+00:00","0.306","0.706","0.03180165"
"2013-02-07 16:00:00+00:00","0.274","0.644","0.03172785"
"2013-02-07 16:30:00+00:00","0.167","0.65","0.0316725"
"2013-02-07 17:00:00+00:00","0.173","0.55","0.0316725"
"2013-02-07 17:30:00+00:00","0.154","0.4","0.0316725"
"2013-02-07 18:00:00+00:00","0.147","0.144","0.03162945"
"2013-02-07 18:30:00+00:00","0.136","0.025","0.03076845"
"2013-02-07 19:00:00+00:00","0.147","0.013","0.03148185"
"2013-02-07 19:30:00+00:00","0.21","0.0","0.03159255"
"2013-02-07 20:00:00+00:00","0.18","0.0","0.03162945"
"2013-02-07 20:30:00+00:00","0.141","0.0","0.03123585"
"2013-02-07 21:00:00+00:00","0.197","0.0","0.0308115"
"2013-02-07 21:30:00+00:00","0.137","0.0","0.03108825"
"2013-02-07 22:00:00+00:00","0.325","0.006","0.0300366"
"2013-02-07 22:30:00+00:00","0.268","0.0","0.03210915"
"2013-02-07 23:00:00+00:00","0.146","0.0","0.0309591"
"2013-02-07 23:30:00+00:00","0.108","0.0","0.0317586"
"2013-02-08 00:00:00+00:00","0.184","0.0","0.0316971"
"2013-02-08 00:30:00+00:00","0.193","0.0","0.03108825"
"2013-02-08 01:00:00+00:00","0.16","0.0","0.0303072"
"2013-02-08 01:30:00+00:00","0.169","0.0","0.0294093"
"2013-02-08 02:00:00+00:00","0.124","0.0","0.0286221"
"2013-02-08 02:30:00+00:00","0.137","0.0","0.0276627"
"2013-02-08 03:00:00+00:00","0.133","0.0","0.0278718"
"2013-02-08 03:30:00+00:00","0.148","0.0","0.027921"
"2013-02-08 04:00:00+00:00","0.127","0.0","0.02822235"
"2013-02-08 04:30:00+00:00","0.1","0.0","0.03044865"
"2013-02-08 05:00:00+00:00","0.205","0.0","0.03114975"
"2013-02-08 05:30:00+00:00","0.157","0.0","0.0316356"
"2013-02-08 06:00:00+00:00","0.218","0.0","0.0331731"
"2013-02-08 06:30:00+00:00","0.206","0.0","0.0386589"
"2013-02-08 07:00:00+00:00","0.103","0.0","0.0427794"
"2013-02-08 07:30:00+00:00","0.193","0.013","0.03198"
"2013-02-08 08:00:00+00:00","0.236","0.069","0.03367125"
"2013-02-08 08:30:00+00:00","0.255","0.188","0.0328779"
"2013-02-08 09:00:00+00:00","0.34","0.394","0.0332715"
"2013-02-08 09:30:00+00:00","0.201","0.569","0.0318324"
"2013-02-08 10:00:00+00:00","0.154","0.644","0.03183855"
"2013-02-08 10:30:00+00:00","0.165","0.444","0.0316725"
"2013-02-08 11:00:00+00:00","0.137","0.138","0.03188775"
"2013-02-08 11:30:00+00:00","0.206","0.256","0.03199845"
"2013-02-08 12:00:00+00:00","0.259","0.681","0.03204765"
"2013-02-08 12:30:00+00:00","0.76","0.444","0.03167865"
"2013-02-08 13:00:00+00:00","1.055","0.638","0.03166635"
"2013-02-08 13:30:00+00:00","0.428","0.188","0.0318816"
"2013-02-08 14:00:00+00:00","0.425","0.206","0.03373275"
"2013-02-08 14:30:00+00:00","0.328","0.156","0.03164175"
"2013-02-08 15:00:00+00:00","0.193","0.119","0.03955065"
"2013-02-08 15:30:00+00:00","0.324","0.25","0.0375273"
"2013-02-08 16:00:00+00:00","0.209","0.375","0.0368631"
"2013-02-08 16:30:00+00:00","0.279","0.369","0.0316356"
"2013-02-08 17:00:00+00:00","0.322","0.525","0.0317463"
"2013-02-08 17:30:00+00:00","0.312","0.388","0.03165405"
"2013-02-08 18:00:00+00:00","0.231","0.144","0.0316602"
"2013-02-08 18:30:00+00:00","0.623","0.031","0.0315003"
"2013-02-08 19:00:00+00:00","0.574","0.025","0.03166635"
"2013-02-08 19:30:00+00:00","0.211","0.0","0.03167865"
"2013-02-08 20:00:00+00:00","0.233","0.0","0.03167865"
"2013-02-08 20:30:00+00:00","0.37","0.0","0.03164175"
"2013-02-08 21:00:00+00:00","0.268","0.0","0.0312543"
"2013-02-08 21:30:00+00:00","0.203","0.0","0.03162945"
"2013-02-08 22:00:00+00:00","0.371","0.0","0.0307746"
"2013-02-08 22:30:00+00:00","0.227","0.0","0.0325581"
"2013-02-08 23:00:00+00:00","0.189","0.0","0.03265035"
"2013-02-08 23:30:00+00:00","0.205","0.0","0.03150645"
"2013-02-09 00:00:00+00:00","0.132","0.0","0.0315741"
"2013-02-09 00:30:00+00:00","0.11","0.0","0.03076845"
"2013-02-09 01:00:00+00:00","0.149","0.0","0.03038715"
"2013-02-09 01:30:00+00:00","0.127","0.006","0.03069465"
"2013-02-09 02:00:00+00:00","0.153","0.0","0.02962455"
"2013-02-09 02:30:00+00:00","0.15","0.0","0.02828385"
"2013-02-09 03:00:00+00:00","0.191","0.0","0.0279087"
"2013-02-09 03:30:00+00:00","0.195","0.0","0.02784105"
"2013-02-09 04:00:00+00:00","0.098","0.0","0.0279702"
"2013-02-09 04:30:00+00:00","0.151","0.0","0.0282285"
"2013-02-09 05:00:00+00:00","0.133","0.0","0.02860365"
"2013-02-09 05:30:00+00:00","0.073","0.0","0.03032565"
"2013-02-09 06:00:00+00:00","0.167","0.0","0.02999355"
"2013-02-09 06:30:00+00:00","0.121","0.0","0.0301104"
"2013-02-09 07:00:00+00:00","0.105","0.0","0.03103905"
"2013-02-09 07:30:00+00:00","0.23","0.013","0.0309222"
"2013-02-09 08:00:00+00:00","0.144","0.05","0.0308484"
"2013-02-09 08:30:00+00:00","0.126","0.181","0.03108825"
"2013-02-09 09:00:00+00:00","0.172","0.4","0.0320046"
"2013-02-09 09:30:00+00:00","0.246","0.544","0.0318939"
"2013-02-09 10:00:00+00:00","0.231","0.675","0.0327303"
"2013-02-09 10:30:00+00:00","0.191","0.381","0.03129735"
"2013-02-09 11:00:00+00:00","0.082","0.15","0.0319554"
"2013-02-09 11:30:00+00:00","0.231","0.588","0.03225675"
"2013-02-09 12:00:00+00:00","0.197","0.481","0.03204765"
"2013-02-09 12:30:00+00:00","0.134","0.344","0.0324228"
"2013-02-09 13:00:00+00:00","0.141","0.213","0.0320046"
"2013-02-09 13:30:00+00:00","0.147","0.225","0.0312912"
"2013-02-09 14:00:00+00:00","0.151","0.144","0.03166635"
"2013-02-09 14:30:00+00:00","0.133","0.05","0.0337881"
"2013-02-09 15:00:00+00:00","0.115","0.038","0.0344523"
"2013-02-09 15:30:00+00:00","0.163","0.281","0.0318447"
"2013-02-09 16:00:00+00:00","0.227","0.525","0.03165405"
"2013-02-09 16:30:00+00:00","0.152","0.394","0.03160485"
"2013-02-09 17:00:00+00:00","0.251","0.488","0.0321399"
"2013-02-09 17:30:00+00:00","0.271","0.388","0.0336036"
"2013-02-09 18:00:00+00:00","0.18","0.081","0.0316233"
"2013-02-09 18:30:00+00:00","0.106","0.113","0.0315741"
"2013-02-09 19:00:00+00:00","0.137","0.044","0.03231825"
"2013-02-09 19:30:00+00:00","0.193","0.013","0.0333945"
"2013-02-09 20:00:00+00:00","0.127","0.0","0.0322383"
"2013-02-09 20:30:00+00:00","0.15","0.0","0.03162945"
"2013-02-09 21:00:00+00:00","0.163","0.0","0.0311436"
"2013-02-09 21:30:00+00:00","0.184","0.0","0.0312789"
"2013-02-09 22:00:00+00:00","0.223","0.0","0.0308484"
"2013-02-09 22:30:00+00:00","0.273","0.0","0.03094065"
"2013-02-09 23:00:00+00:00","0.332","0.0","0.03107595"
"2013-02-09 23:30:00+00:00","0.287","0.0","0.0309099"
"2013-02-10 00:00:00+00:00","0.23","0.0","0.03128505"
"2013-02-10 00:30:00+00:00","0.111","0.0","0.03006735"
"2013-02-10 01:00:00+00:00","0.186","0.0","0.02944005"
"2013-02-10 01:30:00+00:00","0.191","0.0","0.0300366"
"2013-02-10 02:00:00+00:00","0.112","0.0","0.02964915"
"2013-02-10 02:30:00+00:00","0.179","0.0","0.0290034"
"2013-02-10 03:00:00+00:00","0.229","0.0","0.028413"
"2013-02-10 03:30:00+00:00","0.117","0.0","0.02881275"
"2013-02-10 04:00:00+00:00","0.121","0.0","0.02838225"
"2013-02-10 04:30:00+00:00","0.177","0.0","0.0282777"
"2013-02-10 05:00:00+00:00","0.134","0.0","0.0285606"
"2013-02-10 05:30:00+00:00","0.124","0.0","0.0289788"
"2013-02-10 06:00:00+00:00","0.156","0.0","0.02805015"
"2013-02-10 06:30:00+00:00","0.649","0.0","0.0279456"
"2013-02-10 07:00:00+00:00","0.662","0.006","0.0286344"
"2013-02-10 07:30:00+00:00","0.523","0.025","0.03052245"
"2013-02-10 08:00:00+00:00","0.187","0.05","0.0306516"
"2013-02-10 08:30:00+00:00","0.206","0.169","0.03076845"
"2013-02-10 09:00:00+00:00","0.378","0.313","0.0307746"
"2013-02-10 09:30:00+00:00","0.27","0.538","0.03085455"
"2013-02-10 10:00:00+00:00","1.098","0.506","0.03080535"
"2013-02-10 10:30:00+00:00","0.495","0.619","0.0307623"
"2013-02-10 11:00:00+00:00","0.5","0.375","0.03080535"
"2013-02-10 11:30:00+00:00","0.836","0.488","0.03069465"
"2013-02-10 12:00:00+00:00","0.789","0.888","0.0307131"
"2013-02-10 12:30:00+00:00","0.739","0.869","0.03073155"
"2013-02-10 13:00:00+00:00","0.668","0.744","0.0307377"
"2013-02-10 13:30:00+00:00","0.31","0.231","0.0307254"
"2013-02-10 14:00:00+00:00","0.256","0.069","0.0308853"
"2013-02-10 14:30:00+00:00","0.616","0.806","0.03081765"
"2013-02-10 15:00:00+00:00","0.609","0.563","0.03073155"
"2013-02-10 15:30:00+00:00","0.238","0.319","0.03068235"
"2013-02-10 16:00:00+00:00","0.205","0.156","0.0307254"
"2013-02-10 16:30:00+00:00","0.239","0.3","0.0306393"
"2013-02-10 17:00:00+00:00","0.23","0.231","0.0306516"
"2013-02-10 17:30:00+00:00","0.145","0.163","0.0307131"
"2013-02-10 18:00:00+00:00","0.176","0.131","0.03078075"
"2013-02-10 18:30:00+00:00","0.135","0.063","0.0307992"
"2013-02-10 19:00:00+00:00","0.135","0.006","0.03075"
"2013-02-10 19:30:00+00:00","0.233","0.0","0.03076845"
"2013-02-10 20:00:00+00:00","0.334","0.0","0.0306762"
"2013-02-10 20:30:00+00:00","0.223","0.0","0.0306147"
"2013-02-10 21:00:00+00:00","0.212","0.0","0.030504"
"2013-02-10 21:30:00+00:00","0.205","0.0","0.03047325"
"2013-02-10 22:00:00+00:00","0.221","0.0","0.03006735"
"2013-02-10 22:30:00+00:00","0.173","0.0","0.03044865"
"2013-02-10 23:00:00+00:00","0.199","0.0","0.03052245"
"2013-02-10 23:30:00+00:00","0.115","0.0","0.0303687"
"2013-02-11 00:00:00+00:00","0.1","0.0","0.02999355"
"2013-02-11 00:30:00+00:00","0.177","0.0","0.0289419"
"2013-02-11 01:00:00+00:00","0.161","0.0","0.02840685"
"2013-02-11 01:30:00+00:00","0.135","0.0","0.02755815"
"2013-02-11 02:00:00+00:00","0.202","0.0","0.0270969"
"2013-02-11 02:30:00+00:00","0.145","0.0","0.027183"
"2013-02-11 03:00:00+00:00","0.131","0.0","0.02726295"
"2013-02-11 03:30:00+00:00","0.122","0.0","0.02706615"
"2013-02-11 04:00:00+00:00","0.129","0.0","0.02726295"
"2013-02-11 04:30:00+00:00","0.162","0.0","0.02791485"
"2013-02-11 05:00:00+00:00","0.115","0.0","0.03059625"
"2013-02-11 05:30:00+00:00","0.154","0.0","0.030873"
"2013-02-11 06:00:00+00:00","0.367","0.0","0.0312666"
"2013-02-11 06:30:00+00:00","0.195","0.0","0.03201075"
"2013-02-11 07:00:00+00:00","0.155","0.0","0.0326565"
"2013-02-11 07:30:00+00:00","0.234","0.019","0.0309837"
"2013-02-11 08:00:00+00:00","0.235","0.088","0.0314634"
"2013-02-11 08:30:00+00:00","0.265","0.094","0.03177705"
"2013-02-11 09:00:00+00:00","0.252","0.069","0.0322014"
"2013-02-11 09:30:00+00:00","0.211","0.1","0.03171555"
"2013-02-11 10:00:00+00:00","0.237","0.156","0.0314142"
"2013-02-11 10:30:00+00:00","0.263","0.181","0.0314634"
"2013-02-11 11:00:00+00:00","0.203","0.188","0.0316725"
"2013-02-11 11:30:00+00:00","0.295","0.181","0.0317217"
"2013-02-11 12:00:00+00:00","0.256","0.188","0.0317094"
"2013-02-11 12:30:00+00:00","0.319","0.094","0.03177705"
"2013-02-11 13:00:00+00:00","0.239","0.125","0.0318324"
"2013-02-11 13:30:00+00:00","0.254","0.125","0.03185085"
"2013-02-11 14:00:00+00:00","0.35","0.169","0.0322875"
"2013-02-11 14:30:00+00:00","0.366","0.081","0.03335145"
"2013-02-11 15:00:00+00:00","0.212","0.088","0.0333084"
"2013-02-11 15:30:00+00:00","0.233","0.138","0.03322845"
"2013-02-11 16:00:00+00:00","0.217","0.225","0.03289635"
"2013-02-11 16:30:00+00:00","0.065","0.106","0.03383115"
"2013-02-11 17:00:00+00:00","0.29","0.05","0.03380655"
"2013-02-11 17:30:00+00:00","0.267","0.038","0.03349905"
"2013-02-11 18:00:00+00:00","0.153","0.05","0.0328656"
"2013-02-11 18:30:00+00:00","0.243","0.044","0.03123585"
"2013-02-11 19:00:00+00:00","0.265","0.0","0.031119"
"2013-02-11 19:30:00+00:00","0.265","0.0","0.0315987"
"2013-02-11 20:00:00+00:00","0.352","0.0","0.0311559"
"2013-02-11 20:30:00+00:00","0.225","0.0","0.0305655"
"2013-02-11 21:00:00+00:00","0.151","0.0","0.03037485"
"2013-02-11 21:30:00+00:00","0.169","0.0","0.0307131"
"2013-02-11 22:00:00+00:00","0.172","0.0","0.0300612"
"2013-02-11 22:30:00+00:00","0.219","0.0","0.03246585"
"2013-02-11 23:00:00+00:00","0.811","0.0","0.0311928"
"2013-02-11 23:30:00+00:00","0.125","0.0","0.03074385"
"2013-02-12 00:00:00+00:00","0.136","0.0","0.0305286"
"2013-02-12 00:30:00+00:00","0.065","0.0","0.03058395"
"2013-02-12 01:00:00+00:00","0.125","0.0","0.02939085"
"2013-02-12 01:30:00+00:00","0.19","0.0","0.0284868"
"2013-02-12 02:00:00+00:00","0.096","0.0","0.02748435"
"2013-02-12 02:30:00+00:00","0.167","0.0","0.02760735"
"2013-02-12 03:00:00+00:00","0.13","0.0","0.0278841"
"2013-02-12 03:30:00+00:00","0.073","0.0","0.0278964"
"2013-02-12 04:00:00+00:00","0.163","0.0","0.0279456"
"2013-02-12 04:30:00+00:00","0.108","0.0","0.03012885"
"2013-02-12 05:00:00+00:00","0.099","0.0","0.0306024"
"2013-02-12 05:30:00+00:00","0.204","0.0","0.0316971"
"2013-02-12 06:00:00+00:00","0.125","0.0","0.0327549"
"2013-02-12 06:30:00+00:00","0.207","0.0","0.0352149"
"2013-02-12 07:00:00+00:00","0.169","0.0","0.03447075"
"2013-02-12 07:30:00+00:00","0.201","0.05","0.03331455"
"2013-02-12 08:00:00+00:00","0.267","0.113","0.03381885"
"2013-02-12 08:30:00+00:00","0.249","0.056","0.03391725"
"2013-02-12 09:00:00+00:00","0.214","0.031","0.033702"
"2013-02-12 09:30:00+00:00","0.163","0.063","0.03379425"
"2013-02-12 10:00:00+00:00","0.117","0.05","0.0338004"
"2013-02-12 10:30:00+00:00","0.185","0.056","0.03358515"
"2013-02-12 11:00:00+00:00","0.109","0.138","0.03321"
"2013-02-12 11:30:00+00:00","0.103","0.244","0.0332346"
"2013-02-12 12:00:00+00:00","0.21","0.119","0.03324075"
"2013-02-12 12:30:00+00:00","0.105","0.163","0.03370815"
"2013-02-12 13:00:00+00:00","0.171","0.163","0.03370815"
"2013-02-12 13:30:00+00:00","0.748","0.225","0.03402795"
"2013-02-12 14:00:00+00:00","0.957","0.269","0.0332346"
"2013-02-12 14:30:00+00:00","0.652","0.363","0.03383115"
"2013-02-12 15:00:00+00:00","0.661","0.444","0.0338742"
"2013-02-12 15:30:00+00:00","0.482","0.319","0.03324075"
"2013-02-12 16:00:00+00:00","0.666","0.213","0.0335544"
"2013-02-12 16:30:00+00:00","0.881","0.3","0.03188775"
"2013-02-12 17:00:00+00:00","0.85","0.213","0.0321153"
"2013-02-12 17:30:00+00:00","0.938","0.063","0.03053475"
"2013-02-12 18:00:00+00:00","0.743","0.025","0.03080535"
"2013-02-12 18:30:00+00:00","0.478","0.05","0.0309837"
"2013-02-12 19:00:00+00:00","0.264","0.031","0.03146955"
"2013-02-12 19:30:00+00:00","0.248","0.0","0.03175245"
"2013-02-12 20:00:00+00:00","0.196","0.0","0.0312051"
"2013-02-12 20:30:00+00:00","0.289","0.0","0.0300366"
"2013-02-12 21:00:00+00:00","0.387","0.0","0.0300243"
"2013-02-12 21:30:00+00:00","0.384","0.0","0.0304425"
"2013-02-12 22:00:00+00:00","0.178","0.0","0.02931705"
"2013-02-12 22:30:00+00:00","0.91","0.0","0.0330378"
"2013-02-12 23:00:00+00:00","0.155","0.0","0.03085455"
"2013-02-12 23:30:00+00:00","0.204","0.0","0.0307008"
"2013-02-13 00:00:00+00:00","0.179","0.0","0.03038715"
"2013-02-13 00:30:00+00:00","0.067","0.0","0.0301227"
"2013-02-13 01:00:00+00:00","0.189","0.0","0.0292863"
"2013-02-13 01:30:00+00:00","0.224","0.0","0.02987055"
"2013-02-13 02:00:00+00:00","0.098","0.0","0.0280194"
"2013-02-13 02:30:00+00:00","0.162","0.0","0.02723835"
"2013-02-13 03:00:00+00:00","0.12","0.0","0.02726295"
"2013-02-13 03:30:00+00:00","0.152","0.0","0.02726295"
"2013-02-13 04:00:00+00:00","0.174","0.0","0.02726295"
"2013-02-13 04:30:00+00:00","0.127","0.0","0.02969835"
"2013-02-13 05:00:00+00:00","0.117","0.0","0.03036255"
"2013-02-13 05:30:00+00:00","0.11","0.0","0.0316356"
"2013-02-13 06:00:00+00:00","0.152","0.0","0.03215835"
"2013-02-13 06:30:00+00:00","0.118","0.0","0.0311928"
"2013-02-13 07:00:00+00:00","0.103","0.006","0.035301"
"2013-02-13 07:30:00+00:00","0.365","0.019","0.03162945"
"2013-02-13 08:00:00+00:00","0.226","0.05","0.031857"
"2013-02-13 08:30:00+00:00","0.172","0.106","0.03426165"
"2013-02-13 09:00:00+00:00","0.161","0.225","0.0333699"
"2013-02-13 09:30:00+00:00","0.134","0.331","0.03381885"
"2013-02-13 10:00:00+00:00","0.247","0.313","0.03389265"
"2013-02-13 10:30:00+00:00","0.189","0.225","0.03386805"
"2013-02-13 11:00:00+00:00","0.369","0.2","0.0355593"
"2013-02-13 11:30:00+00:00","0.499","0.438","0.03450765"
"2013-02-13 12:00:00+00:00","0.255","0.356","0.03515955"
"2013-02-13 12:30:00+00:00","0.261","0.181","0.03528255"
"2013-02-13 13:00:00+00:00","0.237","0.05","0.0339357"
"2013-02-13 13:30:00+00:00","0.147","0.025","0.0338373"
"2013-02-13 14:00:00+00:00","0.248","0.063","0.0337881"
"2013-02-13 14:30:00+00:00","0.341","0.219","0.0329763"
"2013-02-13 15:00:00+00:00","0.284","0.113","0.03386805"
"2013-02-13 15:30:00+00:00","0.249","0.156","0.03383115"
"2013-02-13 16:00:00+00:00","0.072","0.306","0.0338619"
"2013-02-13 16:30:00+00:00","0.161","0.306","0.0338496"
"2013-02-13 17:00:00+00:00","0.185","0.244","0.0338496"
"2013-02-13 17:30:00+00:00","0.197","0.106","0.0324474"
"2013-02-13 18:00:00+00:00","0.192","0.131","0.03374505"
"2013-02-13 18:30:00+00:00","0.178","0.075","0.03165405"
"2013-02-13 19:00:00+00:00","0.129","0.038","0.03197385"
"2013-02-13 19:30:00+00:00","0.177","0.013","0.03297015"
"2013-02-13 20:00:00+00:00","0.217","0.0","0.0318693"
"2013-02-13 20:30:00+00:00","0.276","0.0","0.0316848"
"2013-02-13 21:00:00+00:00","0.371","0.0","0.03124815"
"2013-02-13 21:30:00+00:00","0.177","0.0","0.03119895"
"2013-02-13 22:00:00+00:00","0.152","0.0","0.03016575"
"2013-02-13 22:30:00+00:00","0.174","0.0","0.0312297"
"2013-02-13 23:00:00+00:00","0.185","0.0","0.03048555"
"2013-02-13 23:30:00+00:00","0.203","0.0","0.0305532"
"2013-02-14 00:00:00+00:00","0.129","0.0","0.0302088"
"2013-02-14 00:30:00+00:00","0.06","0.0","0.0294462"
"2013-02-14 01:00:00+00:00","0.14","0.0","0.028905"
"2013-02-14 01:30:00+00:00","0.145","0.0","0.02841915"
"2013-02-14 02:00:00+00:00","0.139","0.0","0.0277242"
"2013-02-14 02:30:00+00:00","0.151","0.0","0.02757045"
"2013-02-14 03:00:00+00:00","0.12","0.0","0.02726295"
"2013-02-14 03:30:00+00:00","0.168","0.0","0.02726295"
"2013-02-14 04:00:00+00:00","0.132","0.0","0.02726295"
"2013-02-14 04:30:00+00:00","0.069","0.0","0.0296922"
"2013-02-14 05:00:00+00:00","0.16","0.0","0.0302457"
"2013-02-14 05:30:00+00:00","0.131","0.0","0.0313281"
"2013-02-14 06:00:00+00:00","0.11","0.0","0.0317955"
"2013-02-14 06:30:00+00:00","0.141","0.0","0.03402795"
"2013-02-14 07:00:00+00:00","0.326","0.006","0.03614355"
"2013-02-14 07:30:00+00:00","0.2","0.006","0.0322014"
"2013-02-14 08:00:00+00:00","0.155","0.025","0.0335175"
"2013-02-14 08:30:00+00:00","0.239","0.156","0.0371952"
"2013-02-14 09:00:00+00:00","0.294","0.213","0.03388035"
"2013-02-14 09:30:00+00:00","0.155","0.394","0.0370845"
"2013-02-14 10:00:00+00:00","0.197","0.344","0.03629115"
"2013-02-14 10:30:00+00:00","0.217","0.35","0.0387081"
"2013-02-14 11:00:00+00:00","0.229","0.313","0.0362235"
"2013-02-14 11:30:00+00:00","0.33","0.425","0.0330132"
"2013-02-14 12:00:00+00:00","0.099","0.194","0.0363219"
"2013-02-14 12:30:00+00:00","0.129","0.125","0.0384498"
"2013-02-14 13:00:00+00:00","0.161","0.131","0.0345753"
"2013-02-14 13:30:00+00:00","0.16","0.094","0.03734895"
"2013-02-14 14:00:00+00:00","0.213","0.156","0.0438864"
"2013-02-14 14:30:00+00:00","0.11","0.044","0.0440709"
"2013-02-14 15:00:00+00:00","0.122","0.244","0.0351903"
"2013-02-14 15:30:00+00:00","0.192","0.4","0.0365802"
"2013-02-14 16:00:00+00:00","0.126","0.488","0.03560235"
"2013-02-14 16:30:00+00:00","0.314","0.631","0.0337881"
"2013-02-14 17:00:00+00:00","0.143","0.475","0.0338865"
"2013-02-14 17:30:00+00:00","0.137","0.4","0.03356055"
"2013-02-14 18:00:00+00:00","0.248","0.138","0.03262575"
"2013-02-14 18:30:00+00:00","0.226","0.025","0.03044865"
"2013-02-14 19:00:00+00:00","0.212","0.013","0.032472"
"2013-02-14 19:30:00+00:00","0.269","0.0","0.03412635"
"2013-02-14 20:00:00+00:00","0.28","0.0","0.03337605"
"2013-02-14 20:30:00+00:00","0.242","0.0","0.03283485"
"2013-02-14 21:00:00+00:00","0.254","0.0","0.0312051"
"2013-02-14 21:30:00+00:00","0.392","0.0","0.03194925"
"2013-02-14 22:00:00+00:00","0.205","0.0","0.03006735"
"2013-02-14 22:30:00+00:00","0.188","0.0","0.0306393"
"2013-02-14 23:00:00+00:00","0.116","0.0","0.03105135"
"2013-02-14 23:30:00+00:00","0.115","0.0","0.0319308"
"2013-02-15 00:00:00+00:00","0.159","0.0","0.03108825"
"2013-02-15 00:30:00+00:00","0.116","0.0","0.0297291"
"2013-02-15 01:00:00+00:00","0.208","0.006","0.02948925"
"2013-02-15 01:30:00+00:00","0.145","0.0","0.03004275"
"2013-02-15 02:00:00+00:00","0.126","0.0","0.0299013"
"2013-02-15 02:30:00+00:00","0.196","0.0","0.02852985"
"2013-02-15 03:00:00+00:00","0.134","0.0","0.02946465"
"2013-02-15 03:30:00+00:00","0.097","0.0","0.03035025"
"2013-02-15 04:00:00+00:00","0.137","0.0","0.03064545"
"2013-02-15 04:30:00+00:00","0.112","0.0","0.0312051"
"2013-02-15 05:00:00+00:00","0.191","0.0","0.0316848"
"2013-02-15 05:30:00+00:00","0.122","0.0","0.035178"
"2013-02-15 06:00:00+00:00","0.116","0.0","0.04299465"
"2013-02-15 06:30:00+00:00","0.303","0.0","0.0471582"
"2013-02-15 07:00:00+00:00","0.204","0.0","0.0591138"
"2013-02-15 07:30:00+00:00","0.227","0.006","0.03689385"
"2013-02-15 08:00:00+00:00","0.272","0.044","0.0528654"
"2013-02-15 08:30:00+00:00","0.218","0.075","0.04472895"
"2013-02-15 09:00:00+00:00","0.306","0.181","0.03663555"
"2013-02-15 09:30:00+00:00","0.945","0.188","0.037638"
"2013-02-15 10:00:00+00:00","0.155","0.238","0.03465525"
"2013-02-15 10:30:00+00:00","0.147","0.406","0.03308085"
"2013-02-15 11:00:00+00:00","0.073","0.313","0.035178"
"2013-02-15 11:30:00+00:00","0.164","0.219","0.0361128"
"2013-02-15 12:00:00+00:00","0.181","0.238","0.03436005"
"2013-02-15 12:30:00+00:00","0.175","0.081","0.0369"
"2013-02-15 13:00:00+00:00","0.155","0.288","0.0337881"
"2013-02-15 13:30:00+00:00","0.113","0.206","0.0338988"
"2013-02-15 14:00:00+00:00","0.154","0.113","0.03240435"
"2013-02-15 14:30:00+00:00","0.186","0.069","0.0350181"
"2013-02-15 15:00:00+00:00","0.14","0.088","0.03394185"
"2013-02-15 15:30:00+00:00","0.112","0.038","0.0328287"
"2013-02-15 16:00:00+00:00","0.278","0.288","0.0334068"
"2013-02-15 16:30:00+00:00","0.214","0.413","0.03383115"
"2013-02-15 17:00:00+00:00","0.202","0.431","0.03404025"
"2013-02-15 17:30:00+00:00","0.193","0.413","0.0329886"
"2013-02-15 18:00:00+00:00","0.276","0.144","0.033825"
"2013-02-15 18:30:00+00:00","0.354","0.019","0.0338373"
"2013-02-15 19:00:00+00:00","0.27","0.019","0.03383115"
"2013-02-15 19:30:00+00:00","0.273","0.006","0.0349566"
"2013-02-15 20:00:00+00:00","0.27","0.0","0.03921855"
"2013-02-15 20:30:00+00:00","0.338","0.0","0.03588525"
"2013-02-15 21:00:00+00:00","0.159","0.0","0.03033795"
"2013-02-15 21:30:00+00:00","0.147","0.0","0.03017805"
"2013-02-15 22:00:00+00:00","0.183","0.0","0.02941545"
"2013-02-15 22:30:00+00:00","0.147","0.0","0.03643875"
"2013-02-15 23:00:00+00:00","0.179","0.0","0.0336405"
"2013-02-15 23:30:00+00:00","0.146","0.0","0.0341571"
"2013-02-16 00:00:00+00:00","0.118","0.0","0.03294555"
"2013-02-16 00:30:00+00:00","0.207","0.0","0.0311313"
"2013-02-16 01:00:00+00:00","0.159","0.0","0.030258"
"2013-02-16 01:30:00+00:00","0.076","0.0","0.03065775"
"2013-02-16 02:00:00+00:00","0.119","0.0","0.0289173"
"2013-02-16 02:30:00+00:00","0.158","0.0","0.02801325"
"2013-02-16 03:00:00+00:00","0.144","0.0","0.0286098"
"2013-02-16 03:30:00+00:00","0.141","0.0","0.02851755"
"2013-02-16 04:00:00+00:00","0.122","0.0","0.0283269"
"2013-02-16 04:30:00+00:00","0.174","0.0","0.02814855"
"2013-02-16 05:00:00+00:00","0.152","0.0","0.02894805"
"2013-02-16 05:30:00+00:00","0.058","0.0","0.03076845"
"2013-02-16 06:00:00+00:00","0.143","0.0","0.030381"
"2013-02-16 06:30:00+00:00","0.35","0.0","0.03283485"
"2013-02-16 07:00:00+00:00","0.186","0.0","0.03370815"
"2013-02-16 07:30:00+00:00","0.205","0.0","0.03236745"
"2013-02-16 08:00:00+00:00","0.154","0.025","0.03572535"
"2013-02-16 08:30:00+00:00","0.135","0.213","0.0424842"
"2013-02-16 09:00:00+00:00","0.112","0.306","0.0417708"
"2013-02-16 09:30:00+00:00","0.124","0.531","0.03825915"
"2013-02-16 10:00:00+00:00","0.145","0.613","0.03659865"
"2013-02-16 10:30:00+00:00","0.11","0.506","0.03790245"
"2013-02-16 11:00:00+00:00","0.174","0.606","0.03822225"
"2013-02-16 11:30:00+00:00","0.181","0.581","0.03682005"
"2013-02-16 12:00:00+00:00","0.116","0.05","0.0380808"
"2013-02-16 12:30:00+00:00","0.169","0.1","0.0384867"
"2013-02-16 13:00:00+00:00","0.14","0.056","0.0379455"
"2013-02-16 13:30:00+00:00","0.08","0.038","0.03812385"
"2013-02-16 14:00:00+00:00","0.177","0.2","0.03814845"
"2013-02-16 14:30:00+00:00","0.153","0.113","0.0408606"
"2013-02-16 15:00:00+00:00","0.121","0.238","0.04523325"
"2013-02-16 15:30:00+00:00","0.224","0.513","0.0338742"
"2013-02-16 16:00:00+00:00","0.165","0.381","0.03483975"
"2013-02-16 16:30:00+00:00","0.082","0.488","0.0359529"
"2013-02-16 17:00:00+00:00","0.17","0.575","0.03978435"
"2013-02-16 17:30:00+00:00","0.162","0.456","0.03953835"
"2013-02-16 18:00:00+00:00","0.108","0.194","0.0322629"
"2013-02-16 18:30:00+00:00","0.163","0.119","0.03194925"
"2013-02-16 19:00:00+00:00","0.196","0.019","0.0322506"
"2013-02-16 19:30:00+00:00","0.161","0.0","0.0349443"
"2013-02-16 20:00:00+00:00","0.12","0.0","0.03353595"
"2013-02-16 20:30:00+00:00","0.126","0.0","0.0322383"
"2013-02-16 21:00:00+00:00","0.148","0.0","0.03153105"
"2013-02-16 21:30:00+00:00","0.135","0.006","0.03303165"
"2013-02-16 22:00:00+00:00","0.095","0.0","0.0335175"
"2013-02-16 22:30:00+00:00","0.2","0.0","0.03545475"
"2013-02-16 23:00:00+00:00","0.18","0.0","0.0317955"
"2013-02-16 23:30:00+00:00","0.068","0.0","0.0324597"
"2013-02-17 00:00:00+00:00","0.155","0.0","0.0308238"
"2013-02-17 00:30:00+00:00","0.143","0.0","0.03054705"
"2013-02-17 01:00:00+00:00","0.054","0.0","0.03068235"
"2013-02-17 01:30:00+00:00","0.175","0.0","0.03067005"
"2013-02-17 02:00:00+00:00","0.174","0.0","0.0299382"
"2013-02-17 02:30:00+00:00","0.106","0.0","0.0292248"
"2013-02-17 03:00:00+00:00","0.18","0.0","0.0296799"
"2013-02-17 03:30:00+00:00","0.134","0.0","0.02946465"
"2013-02-17 04:00:00+00:00","0.081","0.0","0.0295692"
"2013-02-17 04:30:00+00:00","0.163","0.0","0.0290034"
"2013-02-17 05:00:00+00:00","0.108","0.0","0.02946465"
"2013-02-17 05:30:00+00:00","0.104","0.0","0.03016575"
"2013-02-17 06:00:00+00:00","0.19","0.0","0.02833305"
"2013-02-17 06:30:00+00:00","0.128","0.0","0.02892345"
"2013-02-17 07:00:00+00:00","0.117","0.0","0.02973525"
"2013-02-17 07:30:00+00:00","0.138","0.006","0.03010425"
"2013-02-17 08:00:00+00:00","0.116","0.025","0.0313158"
"2013-02-17 08:30:00+00:00","0.116","0.15","0.0329148"
"2013-02-17 09:00:00+00:00","0.124","0.275","0.0316356"
"2013-02-17 09:30:00+00:00","0.165","0.294","0.0331239"
"2013-02-17 10:00:00+00:00","0.155","0.656","0.03202305"
"2013-02-17 10:30:00+00:00","0.148","0.506","0.0317709"
"2013-02-17 11:00:00+00:00","0.123","0.306","0.03230595"
"2013-02-17 11:30:00+00:00","0.096","0.219","0.0328533"
"2013-02-17 12:00:00+00:00","0.166","0.2","0.0326688"
"2013-02-17 12:30:00+00:00","0.132","0.094","0.03359745"
"2013-02-17 13:00:00+00:00","0.104","0.044","0.0340218"
"2013-02-17 13:30:00+00:00","0.231","0.138","0.0338619"
"2013-02-17 14:00:00+00:00","0.158","0.056","0.03383115"
"2013-02-17 14:30:00+00:00","0.067","0.05","0.0341325"
"2013-02-17 15:00:00+00:00","0.196","0.481","0.0324351"
"2013-02-17 15:30:00+00:00","0.154","0.088","0.03442155"
"2013-02-17 16:00:00+00:00","0.08","0.3","0.033825"
"2013-02-17 16:30:00+00:00","0.187","0.563","0.03219525"
"2013-02-17 17:00:00+00:00","0.192","0.488","0.0384498"
"2013-02-17 17:30:00+00:00","0.135","0.388","0.03900945"
"2013-02-17 18:00:00+00:00","0.131","0.175","0.04451985"
"2013-02-17 18:30:00+00:00","0.146","0.063","0.03631575"
"2013-02-17 19:00:00+00:00","0.138","0.031","0.04224435"
"2013-02-17 19:30:00+00:00","0.113","0.0","0.04070685"
"2013-02-17 20:00:00+00:00","0.14","0.0","0.0372444"
"2013-02-17 20:30:00+00:00","0.439","0.0","0.03475365"
"2013-02-17 21:00:00+00:00","0.267","0.0","0.03300705"
"2013-02-17 21:30:00+00:00","0.168","0.0","0.03652485"
"2013-02-17 22:00:00+00:00","0.211","0.0","0.0368262"
"2013-02-17 22:30:00+00:00","0.171","0.0","0.0345876"
"2013-02-17 23:00:00+00:00","0.073","0.0","0.0317709"
"2013-02-17 23:30:00+00:00","0.181","0.0","0.0336159"
"2013-02-18 00:00:00+00:00","0.158","0.0","0.0320292"
"2013-02-18 00:30:00+00:00","0.101","0.0","0.02999355"
"2013-02-18 01:00:00+00:00","0.179","0.0","0.02989515"
"2013-02-18 01:30:00+00:00","0.137","0.0","0.02795175"
"2013-02-18 02:00:00+00:00","0.092","0.0","0.0275643"
"2013-02-18 02:30:00+00:00","0.168","0.0","0.0259284"
"2013-02-18 03:00:00+00:00","0.105","0.0","0.0274782"
"2013-02-18 03:30:00+00:00","0.115","0.0","0.02726295"
"2013-02-18 04:00:00+00:00","0.213","0.0","0.02726295"
"2013-02-18 04:30:00+00:00","0.112","0.0","0.0277119"
"2013-02-18 05:00:00+00:00","0.119","0.0","0.0288066"
"2013-02-18 05:30:00+00:00","0.31","0.0","0.031242"
"2013-02-18 06:00:00+00:00","0.131","0.0","0.0310206"
"2013-02-18 06:30:00+00:00","0.216","0.0","0.0315741"
"2013-02-18 07:00:00+00:00","0.239","0.006","0.03631575"
"2013-02-18 07:30:00+00:00","0.359","0.013","0.03256425"
"2013-02-18 08:00:00+00:00","0.376","0.031","0.0338373"
"2013-02-18 08:30:00+00:00","0.157","0.163","0.03376965"
"2013-02-18 09:00:00+00:00","0.169","0.363","0.03616815"
"2013-02-18 09:30:00+00:00","0.085","0.569","0.04132185"
"2013-02-18 10:00:00+00:00","0.186","0.531","0.037638"
"2013-02-18 10:30:00+00:00","0.397","0.194","0.03951375"
"2013-02-18 11:00:00+00:00","0.134","0.163","0.0367032"
"2013-02-18 11:30:00+00:00","0.3","0.406","0.04214595"
"2013-02-18 12:00:00+00:00","0.199","0.125","0.03261345"
"2013-02-18 12:30:00+00:00","0.096","0.056","0.0338127"
"2013-02-18 13:00:00+00:00","0.194","0.063","0.03434775"
"2013-02-18 13:30:00+00:00","0.149","0.05","0.0348705"
"2013-02-18 14:00:00+00:00","0.103","0.038","0.0338127"
"2013-02-18 14:30:00+00:00","0.211","0.344","0.03244125"
"2013-02-18 15:00:00+00:00","0.195","0.369","0.0333207"
"2013-02-18 15:30:00+00:00","0.169","0.494","0.03121125"
"2013-02-18 16:00:00+00:00","0.164","0.281","0.0275766"
"2013-02-18 16:30:00+00:00","0.146","0.581","0.02952"
"2013-02-18 17:00:00+00:00","0.165","0.456","0.032595"
"2013-02-18 17:30:00+00:00","0.336","0.188","0.03396645"
"2013-02-18 18:00:00+00:00","0.142","0.094","0.0327918"
"2013-02-18 18:30:00+00:00","0.195","0.031","0.034563"
"2013-02-18 19:00:00+00:00","0.4","0.056","0.0374658"
"2013-02-18 19:30:00+00:00","0.193","0.013","0.03519645"
"2013-02-18 20:00:00+00:00","0.295","0.0","0.0337881"
"2013-02-18 20:30:00+00:00","0.339","0.0","0.0313035"
"2013-02-18 21:00:00+00:00","0.244","0.0","0.03062085"
"2013-02-18 21:30:00+00:00","0.251","0.0","0.03090375"
"2013-02-18 22:00:00+00:00","0.168","0.0","0.0298398"
"2013-02-18 22:30:00+00:00","0.168","0.0","0.03876345"
"2013-02-18 23:00:00+00:00","0.209","0.0","0.03356055"
"2013-02-18 23:30:00+00:00","0.141","0.0","0.0324597"
"2013-02-19 00:00:00+00:00","0.078","0.0","0.03094065"
"2013-02-19 00:30:00+00:00","0.766","0.0","0.0308115"
"2013-02-19 01:00:00+00:00","0.116","0.0","0.03041175"
"2013-02-19 01:30:00+00:00","0.068","0.0","0.030135"
"2013-02-19 02:00:00+00:00","0.23","0.0","0.02993205"
"2013-02-19 02:30:00+00:00","0.162","0.0","0.0298029"
"2013-02-19 03:00:00+00:00","0.086","0.0","0.02852985"
"2013-02-19 03:30:00+00:00","0.181","0.0","0.0292494"
"2013-02-19 04:00:00+00:00","0.112","0.0","0.02947695"
"2013-02-19 04:30:00+00:00","0.228","0.0","0.0295692"
"2013-02-19 05:00:00+00:00","0.186","0.0","0.0311067"
"2013-02-19 05:30:00+00:00","0.114","0.0","0.0331362"
"2013-02-19 06:00:00+00:00","0.163","0.0","0.03444"
"2013-02-19 06:30:00+00:00","0.19","0.0","0.0347106"
"2013-02-19 07:00:00+00:00","0.102","0.0","0.0395568"
"2013-02-19 07:30:00+00:00","0.324","0.006","0.03007965"
"2013-02-19 08:00:00+00:00","0.28","0.031","0.03325305"
"2013-02-19 08:30:00+00:00","0.31","0.181","0.03498735"
"2013-02-19 09:00:00+00:00","0.283","0.325","0.0342555"
"2013-02-19 09:30:00+00:00","0.24","0.481","0.0346614"
"2013-02-19 10:00:00+00:00","0.157","0.175","0.03480285"
"2013-02-19 10:30:00+00:00","0.129","0.256","0.03396645"
"2013-02-19 11:00:00+00:00","0.125","0.131","0.0336159"
"2013-02-19 11:30:00+00:00","0.132","0.125","0.0333084"
"2013-02-19 12:00:00+00:00","0.129","0.175","0.03328995"
"2013-02-19 12:30:00+00:00","0.133","0.069","0.0334068"
"2013-02-19 13:00:00+00:00","0.276","0.219","0.0338004"
"2013-02-19 13:30:00+00:00","0.415","0.6","0.0334068"
"2013-02-19 14:00:00+00:00","0.312","0.494","0.03376965"
"2013-02-19 14:30:00+00:00","0.216","0.106","0.03373275"
"2013-02-19 15:00:00+00:00","0.2","0.275","0.03383115"
"2013-02-19 15:30:00+00:00","0.208","0.563","0.03383115"
"2013-02-19 16:00:00+00:00","0.205","0.7","0.03383115"
"2013-02-19 16:30:00+00:00","0.298","0.606","0.03383115"
"2013-02-19 17:00:00+00:00","0.227","0.506","0.03348675"
"2013-02-19 17:30:00+00:00","0.283","0.394","0.03180165"
"2013-02-19 18:00:00+00:00","0.318","0.15","0.0316725"
"2013-02-19 18:30:00+00:00","0.693","0.019","0.0316233"
"2013-02-19 19:00:00+00:00","0.55","0.006","0.03165405"
"2013-02-19 19:30:00+00:00","0.28","0.0","0.0316725"
"2013-02-19 20:00:00+00:00","0.272","0.0","0.0316602"
"2013-02-19 20:30:00+00:00","0.343","0.0","0.0310452"
"2013-02-19 21:00:00+00:00","0.165","0.0","0.0306639"
"2013-02-19 21:30:00+00:00","0.354","0.0","0.03108825"
"2013-02-19 22:00:00+00:00","0.392","0.0","0.0304548"
"2013-02-19 22:30:00+00:00","0.426","0.0","0.0310821"
"2013-02-19 23:00:00+00:00","0.153","0.0","0.0315618"
"2013-02-19 23:30:00+00:00","0.253","0.0","0.0303441"
"2013-02-20 00:00:00+00:00","0.223","0.006","0.03017805"
"2013-02-20 00:30:00+00:00","0.199","0.0","0.02952615"
"2013-02-20 01:00:00+00:00","0.117","0.0","0.02856675"
"2013-02-20 01:30:00+00:00","0.179","0.0","0.02784105"
"2013-02-20 02:00:00+00:00","0.196","0.0","0.0272076"
"2013-02-20 02:30:00+00:00","0.136","0.0","0.02658645"
"2013-02-20 03:00:00+00:00","0.151","0.0","0.02723835"
"2013-02-20 03:30:00+00:00","0.193","0.0","0.02725065"
"2013-02-20 04:00:00+00:00","0.145","0.0","0.02726295"
"2013-02-20 04:30:00+00:00","0.126","0.0","0.0282162"
"2013-02-20 05:00:00+00:00","0.18","0.0","0.02893575"
"2013-02-20 05:30:00+00:00","0.213","0.0","0.03076845"
"2013-02-20 06:00:00+00:00","0.134","0.0","0.03144495"
"2013-02-20 06:30:00+00:00","0.233","0.0","0.03170325"
"2013-02-20 07:00:00+00:00","0.253","0.0","0.032103"
"2013-02-20 07:30:00+00:00","0.29","0.019","0.0310329"
"2013-02-20 08:00:00+00:00","0.085","0.056","0.03166635"
"2013-02-20 08:30:00+00:00","0.274","0.175","0.03229365"
"2013-02-20 09:00:00+00:00","0.145","0.35","0.03202305"
"2013-02-20 09:30:00+00:00","0.137","0.213","0.0331485"
"2013-02-20 10:00:00+00:00","0.299","0.6","0.03311775"
"2013-02-20 10:30:00+00:00","0.331","0.563","0.0329763"
"2013-02-20 11:00:00+00:00","0.249","0.688","0.03352365"
"2013-02-20 11:30:00+00:00","0.117","0.125","0.0321522"
"2013-02-20 12:00:00+00:00","0.133","0.088","0.0322998"
"2013-02-20 12:30:00+00:00","0.165","0.056","0.03328995"
"2013-02-20 13:00:00+00:00","0.134","0.05","0.03378195"
"2013-02-20 13:30:00+00:00","0.156","0.069","0.0338619"
"2013-02-20 14:00:00+00:00","0.115","0.05","0.0346368"
"2013-02-20 14:30:00+00:00","0.185","0.456","0.0338004"
"2013-02-20 15:00:00+00:00","0.233","0.606","0.0345999"
"2013-02-20 15:30:00+00:00","0.228","0.563","0.0378102"
"2013-02-20 16:00:00+00:00","0.578","0.594","0.0340218"
"2013-02-20 16:30:00+00:00","0.592","0.619","0.0321645"
"2013-02-20 17:00:00+00:00","0.199","0.413","0.03161715"
"2013-02-20 17:30:00+00:00","0.196","0.394","0.0328656"
"2013-02-20 18:00:00+00:00","0.196","0.163","0.03234285"
"2013-02-20 18:30:00+00:00","0.134","0.031","0.0316479"
"2013-02-20 19:00:00+00:00","0.175","0.006","0.0317217"
"2013-02-20 19:30:00+00:00","0.156","0.006","0.0317955"
"2013-02-20 20:00:00+00:00","0.214","0.0","0.03159255"
"2013-02-20 20:30:00+00:00","0.351","0.0","0.03139575"
"2013-02-20 21:00:00+00:00","0.308","0.0","0.03037485"
"2013-02-20 21:30:00+00:00","0.272","0.0","0.03086685"
"2013-02-20 22:00:00+00:00","0.234","0.0","0.0296676"
"2013-02-20 22:30:00+00:00","0.165","0.0","0.0305778"
"2013-02-20 23:00:00+00:00","0.119","0.0","0.0307623"
"2013-02-20 23:30:00+00:00","0.19","0.0","0.03015345"
"2013-02-21 00:00:00+00:00","0.136","0.0","0.0294831"
"2013-02-21 00:30:00+00:00","0.375","0.0","0.02841915"
"2013-02-21 01:00:00+00:00","0.511","0.0","0.02779185"
"2013-02-21 01:30:00+00:00","0.165","0.0","0.02758275"
"2013-02-21 02:00:00+00:00","0.196","0.0","0.02739825"
"2013-02-21 02:30:00+00:00","0.184","0.0","0.02726295"
"2013-02-21 03:00:00+00:00","0.154","0.0","0.02726295"
"2013-02-21 03:30:00+00:00","0.151","0.0","0.02726295"
"2013-02-21 04:00:00+00:00","0.177","0.0","0.0273798"
"2013-02-21 04:30:00+00:00","0.127","0.0","0.027921"
"2013-02-21 05:00:00+00:00","0.128","0.0","0.029151"
"2013-02-21 05:30:00+00:00","0.128","0.0","0.03229365"
"2013-02-21 06:00:00+00:00","0.18","0.0","0.03145725"
"2013-02-21 06:30:00+00:00","0.099","0.0","0.03198"
"2013-02-21 07:00:00+00:00","0.281","0.0","0.0375273"
"2013-02-21 07:30:00+00:00","0.22","0.025","0.0295569"
"2013-02-21 08:00:00+00:00","0.288","0.038","0.03161715"
"2013-02-21 08:30:00+00:00","0.223","0.138","0.03162945"
"2013-02-21 09:00:00+00:00","0.285","0.319","0.03205995"
"2013-02-21 09:30:00+00:00","0.187","0.35","0.03161715"
"2013-02-21 10:00:00+00:00","0.117","0.15","0.03161715"
"2013-02-21 10:30:00+00:00","0.126","0.144","0.03161715"
"2013-02-21 11:00:00+00:00","0.145","0.244","0.0316356"
"2013-02-21 11:30:00+00:00","0.199","0.363","0.0316356"
"2013-02-21 12:00:00+00:00","0.224","0.425","0.0316725"
"2013-02-21 12:30:00+00:00","0.243","0.1","0.0325704"
"2013-02-21 13:00:00+00:00","0.271","0.131","0.03640185"
"2013-02-21 13:30:00+00:00","0.193","0.081","0.03235515"
"2013-02-21 14:00:00+00:00","0.23","0.175","0.03258885"
"2013-02-21 14:30:00+00:00","0.154","0.125","0.0314757"
"2013-02-21 15:00:00+00:00","0.242","0.094","0.0316971"
"2013-02-21 15:30:00+00:00","0.224","0.413","0.0315372"
"2013-02-21 16:00:00+00:00","0.22","0.569","0.0316233"
"2013-02-21 16:30:00+00:00","0.263","0.619","0.03144495"
"2013-02-21 17:00:00+00:00","0.566","0.519","0.0316356"
"2013-02-21 17:30:00+00:00","0.321","0.394","0.03101445"
"2013-02-21 18:00:00+00:00","0.247","0.15","0.03094065"
"2013-02-21 18:30:00+00:00","0.27","0.088","0.031242"
"2013-02-21 19:00:00+00:00","0.079","0.013","0.0315126"
"2013-02-21 19:30:00+00:00","0.0","0.0","0.0315741"
"2013-02-21 20:00:00+00:00","0.051","0.0","0.0315372"
"2013-02-21 20:30:00+00:00","0.245","0.0","0.0307008"
"2013-02-21 21:00:00+00:00","0.39","0.0","0.03064545"
"2013-02-21 21:30:00+00:00","0.218","0.0","0.0303933"
"2013-02-21 22:00:00+00:00","0.355","0.0","0.02941545"
"2013-02-21 22:30:00+00:00","0.257","0.0","0.0302088"
"2013-02-21 23:00:00+00:00","0.328","0.0","0.0299997"
"2013-02-21 23:30:00+00:00","0.258","0.0","0.0296061"
"2013-02-22 00:00:00+00:00","0.129","0.0","0.0288435"
"2013-02-22 00:30:00+00:00","0.188","0.0","0.0286713"
"2013-02-22 01:00:00+00:00","0.155","0.0","0.02793945"
"2013-02-22 01:30:00+00:00","0.201","0.0","0.0274905"
"2013-02-22 02:00:00+00:00","0.092","0.0","0.02728755"
"2013-02-22 02:30:00+00:00","0.175","0.0","0.02726295"
"2013-02-22 03:00:00+00:00","0.185","0.0","0.0270846"
"2013-02-22 03:30:00+00:00","0.212","0.0","0.0270354"
"2013-02-22 04:00:00+00:00","0.144","0.0","0.02726295"
"2013-02-22 04:30:00+00:00","0.163","0.0","0.02739825"
"2013-02-22 05:00:00+00:00","0.171","0.0","0.0289173"
"2013-02-22 05:30:00+00:00","0.149","0.0","0.0306024"
"2013-02-22 06:00:00+00:00","0.125","0.0","0.0306516"
"2013-02-22 06:30:00+00:00","0.335","0.0","0.030873"
"2013-02-22 07:00:00+00:00","0.489","0.0","0.0324228"
"2013-02-22 07:30:00+00:00","0.412","0.006","0.03005505"
"2013-02-22 08:00:00+00:00","0.422","0.031","0.0309099"
"2013-02-22 08:30:00+00:00","0.286","0.106","0.0309591"
"2013-02-22 09:00:00+00:00","0.173","0.113","0.03098985"
"2013-02-22 09:30:00+00:00","0.129","0.225","0.03075"
"2013-02-22 10:00:00+00:00","0.1","0.413","0.0307254"
"2013-02-22 10:30:00+00:00","0.148","0.319","0.0307746"
"2013-02-22 11:00:00+00:00","0.212","0.231","0.0313773"
"2013-02-22 11:30:00+00:00","0.127","0.419","0.03137115"
"2013-02-22 12:00:00+00:00","0.131","0.388","0.03137115"
"2013-02-22 12:30:00+00:00","0.125","0.406","0.0308361"
"2013-02-22 13:00:00+00:00","0.172","0.531","0.0307623"
"2013-02-22 13:30:00+00:00","0.067","0.444","0.0307623"
"2013-02-22 14:00:00+00:00","0.19","0.306","0.0307746"
"2013-02-22 14:30:00+00:00","0.156","0.481","0.0307746"
"2013-02-22 15:00:00+00:00","0.202","0.456","0.03078075"
"2013-02-22 15:30:00+00:00","0.064","0.394","0.0308853"
"2013-02-22 16:00:00+00:00","0.171","0.256","0.0307746"
"2013-02-22 16:30:00+00:00","0.119","0.056","0.03331455"
"2013-02-22 17:00:00+00:00","0.144","0.094","0.0318201"
"2013-02-22 17:30:00+00:00","0.089","0.025","0.0306762"
"2013-02-22 18:00:00+00:00","0.214","0.019","0.03114975"
"2013-02-22 18:30:00+00:00","0.171","0.0","0.03010425"
"2013-02-22 19:00:00+00:00","0.13","0.0","0.0312789"
"2013-02-22 19:30:00+00:00","0.104","0.0","0.03097755"
"2013-02-22 20:00:00+00:00","0.161","0.0","0.0307746"
"2013-02-22 20:30:00+00:00","0.123","0.0","0.03030105"
"2013-02-22 21:00:00+00:00","0.127","0.0","0.02974755"
"2013-02-22 21:30:00+00:00","0.153","0.0","0.03026415"
"2013-02-22 22:00:00+00:00","0.198","0.0","0.0299628"
"2013-02-22 22:30:00+00:00","0.133","0.0","0.03087915"
"2013-02-22 23:00:00+00:00","0.114","0.0","0.0303441"
"2013-02-22 23:30:00+00:00","0.126","0.0","0.0300612"
"2013-02-23 00:00:00+00:00","0.151","0.0","0.02971065"
"2013-02-23 00:30:00+00:00","0.073","0.0","0.02958765"
"2013-02-23 01:00:00+00:00","0.165","0.0","0.02923095"
"2013-02-23 01:30:00+00:00","0.158","0.0","0.0282408"
"2013-02-23 02:00:00+00:00","0.178","0.0","0.02729985"
"2013-02-23 02:30:00+00:00","0.111","0.0","0.02696775"
"2013-02-23 03:00:00+00:00","0.161","0.0","0.02781645"
"2013-02-23 03:30:00+00:00","0.113","0.0","0.0269247"
"2013-02-23 04:00:00+00:00","0.125","0.0","0.0271338"
"2013-02-23 04:30:00+00:00","0.118","0.0","0.02771805"
"2013-02-23 05:00:00+00:00","0.173","0.0","0.0284499"
"2013-02-23 05:30:00+00:00","0.085","0.0","0.02809935"
"2013-02-23 06:00:00+00:00","0.176","0.0","0.0280317"
"2013-02-23 06:30:00+00:00","0.152","0.0","0.02886195"
"2013-02-23 07:00:00+00:00","0.149","0.0","0.030504"
"2013-02-23 07:30:00+00:00","0.077","0.0","0.03070695"
"2013-02-23 08:00:00+00:00","0.155","0.013","0.03080535"
"2013-02-23 08:30:00+00:00","0.13","0.019","0.03086685"
"2013-02-23 09:00:00+00:00","0.081","0.025","0.0307992"
"2013-02-23 09:30:00+00:00","0.131","0.063","0.030873"
"2013-02-23 10:00:00+00:00","0.193","0.156","0.0307869"
"2013-02-23 10:30:00+00:00","0.138","0.081","0.0308115"
"2013-02-23 11:00:00+00:00","0.105","0.163","0.03080535"
"2013-02-23 11:30:00+00:00","0.149","0.288","0.03078075"
"2013-02-23 12:00:00+00:00","0.118","0.188","0.03075"
"2013-02-23 12:30:00+00:00","0.082","0.169","0.03078075"
"2013-02-23 13:00:00+00:00","0.142","0.35","0.03086685"
"2013-02-23 13:30:00+00:00","0.162","0.081","0.03081765"
"2013-02-23 14:00:00+00:00","0.134","0.1","0.0308238"
"2013-02-23 14:30:00+00:00","0.162","0.156","0.0309468"
"2013-02-23 15:00:00+00:00","0.132","0.119","0.0320661"
"2013-02-23 15:30:00+00:00","0.133","0.169","0.03335145"
"2013-02-23 16:00:00+00:00","0.075","0.169","0.03568845"
"2013-02-23 16:30:00+00:00","0.154","0.044","0.030873"
"2013-02-23 17:00:00+00:00","0.136","0.038","0.03383115"
"2013-02-23 17:30:00+00:00","0.123","0.006","0.0313527"
"2013-02-23 18:00:00+00:00","0.153","0.013","0.031857"
"2013-02-23 18:30:00+00:00","0.186","0.013","0.0304548"
"2013-02-23 19:00:00+00:00","0.124","0.0","0.0308115"
"2013-02-23 19:30:00+00:00","0.095","0.0","0.0309591"
"2013-02-23 20:00:00+00:00","0.137","0.0","0.03176475"
"2013-02-23 20:30:00+00:00","0.159","0.0","0.0307008"
"2013-02-23 21:00:00+00:00","0.086","0.0","0.03080535"
"2013-02-23 21:30:00+00:00","0.132","0.0","0.03080535"
"2013-02-23 22:00:00+00:00","0.172","0.0","0.0306147"
"2013-02-23 22:30:00+00:00","0.17","0.0","0.0307992"
"2013-02-23 23:00:00+00:00","0.091","0.0","0.0313404"
"2013-02-23 23:30:00+00:00","0.166","0.0","0.0322752"
"2013-02-24 00:00:00+00:00","0.125","0.0","0.03145725"
"2013-02-24 00:30:00+00:00","0.105","0.0","0.03052245"
"2013-02-24 01:00:00+00:00","0.107","0.0","0.0300612"
"2013-02-24 01:30:00+00:00","0.148","0.0","0.03019035"
"2013-02-24 02:00:00+00:00","0.137","0.0","0.02957535"
"2013-02-24 02:30:00+00:00","0.165","0.0","0.02811165"
"2013-02-24 03:00:00+00:00","0.137","0.0","0.0278964"
"2013-02-24 03:30:00+00:00","0.16","0.0","0.0279456"
"2013-02-24 04:00:00+00:00","0.062","0.0","0.0269616"
"2013-02-24 04:30:00+00:00","0.145","0.0","0.02722605"
"2013-02-24 05:00:00+00:00","0.124","0.0","0.0288804"
"2013-02-24 05:30:00+00:00","0.124","0.0","0.02871435"
"2013-02-24 06:00:00+00:00","0.115","0.0","0.0281547"
"2013-02-24 06:30:00+00:00","0.21","0.0","0.02979675"
"2013-02-24 07:00:00+00:00","0.119","0.0","0.0302949"
"2013-02-24 07:30:00+00:00","0.101","0.013","0.03063315"
"2013-02-24 08:00:00+00:00","0.117","0.05","0.0308115"
"2013-02-24 08:30:00+00:00","0.163","0.088","0.0313158"
"2013-02-24 09:00:00+00:00","0.064","0.15","0.032841"
"2013-02-24 09:30:00+00:00","0.154","0.419","0.0309714"
"2013-02-24 10:00:00+00:00","0.143","0.556","0.0308115"
"2013-02-24 10:30:00+00:00","0.175","0.631","0.0308238"
"2013-02-24 11:00:00+00:00","0.114","0.694","0.03078075"
"2013-02-24 11:30:00+00:00","0.158","0.713","0.03095295"
"2013-02-24 12:00:00+00:00","0.141","0.675","0.0329763"
"2013-02-24 12:30:00+00:00","0.101","0.888","0.0340341"
"2013-02-24 13:00:00+00:00","0.135","0.794","0.0337881"
"2013-02-24 13:30:00+00:00","0.141","0.881","0.03392955"
"2013-02-24 14:00:00+00:00","0.191","0.888","0.03383115"
"2013-02-24 14:30:00+00:00","0.085","0.869","0.0339726"
"2013-02-24 15:00:00+00:00","0.219","0.75","0.03383115"
"2013-02-24 15:30:00+00:00","0.167","0.6","0.03391725"
"2013-02-24 16:00:00+00:00","0.156","0.406","0.03726285"
"2013-02-24 16:30:00+00:00","0.097","0.269","0.0381054"
"2013-02-24 17:00:00+00:00","0.136","0.075","0.03807465"
"2013-02-24 17:30:00+00:00","0.241","0.025","0.03622965"
"2013-02-24 18:00:00+00:00","0.231","0.044","0.0397044"
"2013-02-24 18:30:00+00:00","0.181","0.075","0.0362358"
"2013-02-24 19:00:00+00:00","0.249","0.025","0.03583605"
"2013-02-24 19:30:00+00:00","0.289","0.006","0.03529485"
"2013-02-24 20:00:00+00:00","0.333","0.0","0.0340464"
"2013-02-24 20:30:00+00:00","0.213","0.0","0.0338373"
"2013-02-24 21:00:00+00:00","0.288","0.0","0.0325581"
"2013-02-24 21:30:00+00:00","0.228","0.0","0.03388035"
"2013-02-24 22:00:00+00:00","0.197","0.0","0.03246585"
"2013-02-24 22:30:00+00:00","0.391","0.0","0.0349689"
"2013-02-24 23:00:00+00:00","0.166","0.0","0.0323367"
"2013-02-24 23:30:00+00:00","0.244","0.0","0.03426165"
"2013-02-25 00:00:00+00:00","0.241","0.0","0.03336375"
"2013-02-25 00:30:00+00:00","0.116","0.0","0.03058395"
"2013-02-25 01:00:00+00:00","0.181","0.0","0.0303687"
"2013-02-25 01:30:00+00:00","0.136","0.0","0.030258"
"2013-02-25 02:00:00+00:00","0.181","0.0","0.0299751"
"2013-02-25 02:30:00+00:00","0.099","0.0","0.02945235"
"2013-02-25 03:00:00+00:00","0.19","0.0","0.02975985"
"2013-02-25 03:30:00+00:00","0.176","0.0","0.02948925"
"2013-02-25 04:00:00+00:00","0.188","0.0","0.02998125"
"2013-02-25 04:30:00+00:00","0.143","0.0","0.0305778"
"2013-02-25 05:00:00+00:00","0.17","0.0","0.03076845"
"2013-02-25 05:30:00+00:00","0.149","0.0","0.0318939"
"2013-02-25 06:00:00+00:00","0.119","0.0","0.0351534"
"2013-02-25 06:30:00+00:00","0.152","0.0","0.0395445"
"2013-02-25 07:00:00+00:00","0.197","0.0","0.04158015"
"2013-02-25 07:30:00+00:00","0.138","0.006","0.03028875"
"2013-02-25 08:00:00+00:00","0.199","0.019","0.03278565"
"2013-02-25 08:30:00+00:00","0.451","0.081","0.03587295"
"2013-02-25 09:00:00+00:00","0.206","0.288","0.0325335"
"2013-02-25 09:30:00+00:00","0.141","0.525","0.0358668"
"2013-02-25 10:00:00+00:00","0.199","0.644","0.03688155"
"2013-02-25 10:30:00+00:00","0.177","0.65","0.0356454"
"2013-02-25 11:00:00+00:00","0.131","0.65","0.0361374"
"2013-02-25 11:30:00+00:00","0.183","0.731","0.0335667"
"2013-02-25 12:00:00+00:00","0.175","0.813","0.03643875"
"2013-02-25 12:30:00+00:00","0.242","0.881","0.04038705"
"2013-02-25 13:00:00+00:00","0.138","0.738","0.0396552"
"2013-02-25 13:30:00+00:00","0.154","0.838","0.04690605"
"2013-02-25 14:00:00+00:00","0.214","0.594","0.0418692"
"2013-02-25 14:30:00+00:00","0.199","0.769","0.0408975"
"2013-02-25 15:00:00+00:00","0.083","0.794","0.04353585"
"2013-02-25 15:30:00+00:00","0.183","0.763","0.04185075"
"2013-02-25 16:00:00+00:00","0.213","0.644","0.03919395"
"2013-02-25 16:30:00+00:00","0.197","0.5","0.03958755"
"2013-02-25 17:00:00+00:00","0.202","0.419","0.0364572"
"2013-02-25 17:30:00+00:00","0.441","0.319","0.03354825"
"2013-02-25 18:00:00+00:00","0.216","0.194","0.03379425"
"2013-02-25 18:30:00+00:00","0.283","0.081","0.03379425"
"2013-02-25 19:00:00+00:00","0.318","0.031","0.0333699"
"2013-02-25 19:30:00+00:00","0.19","0.0","0.0335667"
"2013-02-25 20:00:00+00:00","0.405","0.0","0.03321615"
"2013-02-25 20:30:00+00:00","0.299","0.0","0.0315618"
"2013-02-25 21:00:00+00:00","0.234","0.0","0.03062085"
"2013-02-25 21:30:00+00:00","0.212","0.0","0.03071925"
"2013-02-25 22:00:00+00:00","0.196","0.0","0.03058395"
"2013-02-25 22:30:00+00:00","0.184","0.0","0.0364449"
"2013-02-25 23:00:00+00:00","0.156","0.0","0.03367125"
"2013-02-25 23:30:00+00:00","0.105","0.0","0.0333945"
"2013-02-26 00:00:00+00:00","0.177","0.0","0.0322752"
"2013-02-26 00:30:00+00:00","0.133","0.0","0.03091605"
"2013-02-26 01:00:00+00:00","0.148","0.0","0.03014115"
"2013-02-26 01:30:00+00:00","0.136","0.0","0.0301227"
"2013-02-26 02:00:00+00:00","0.213","0.0","0.0302457"
"2013-02-26 02:30:00+00:00","0.111","0.0","0.02915715"
"2013-02-26 03:00:00+00:00","0.124","0.0","0.02884965"
"2013-02-26 03:30:00+00:00","0.123","0.0","0.02928015"
"2013-02-26 04:00:00+00:00","0.177","0.0","0.0297783"
"2013-02-26 04:30:00+00:00","0.091","0.0","0.03069465"
"2013-02-26 05:00:00+00:00","0.143","0.0","0.0308853"
"2013-02-26 05:30:00+00:00","0.164","0.0","0.03630345"
"2013-02-26 06:00:00+00:00","0.287","0.0","0.0445506"
"2013-02-26 06:30:00+00:00","0.114","0.0","0.046248"
"2013-02-26 07:00:00+00:00","0.162","0.0","0.04651245"
"2013-02-26 07:30:00+00:00","0.175","0.019","0.04274865"
"2013-02-26 08:00:00+00:00","0.149","0.038","0.0441078"
"2013-02-26 08:30:00+00:00","0.213","0.088","0.04631565"
"2013-02-26 09:00:00+00:00","0.202","0.306","0.04524555"
"2013-02-26 09:30:00+00:00","0.282","0.531","0.0418938"
"2013-02-26 10:00:00+00:00","0.121","0.606","0.038745"
"2013-02-26 10:30:00+00:00","0.211","0.706","0.041082"
"2013-02-26 11:00:00+00:00","0.138","0.769","0.0421398"
"2013-02-26 11:30:00+00:00","0.168","0.825","0.0404547"
"2013-02-26 12:00:00+00:00","0.218","0.913","0.04250265"
"2013-02-26 12:30:00+00:00","0.336","0.731","0.04603275"
"2013-02-26 13:00:00+00:00","0.328","0.669","0.04376955"
"2013-02-26 13:30:00+00:00","0.281","0.494","0.04203525"
"2013-02-26 14:00:00+00:00","0.335","0.55","0.03897255"
"2013-02-26 14:30:00+00:00","0.218","0.594","0.03801315"
"2013-02-26 15:00:00+00:00","0.244","0.65","0.0411927"
"2013-02-26 15:30:00+00:00","0.217","0.656","0.042066"
"2013-02-26 16:00:00+00:00","0.187","0.5","0.046125"
"2013-02-26 16:30:00+00:00","0.394","0.338","0.0414387"
"2013-02-26 17:00:00+00:00","0.424","0.188","0.0392124"
"2013-02-26 17:30:00+00:00","0.278","0.156","0.0349566"
"2013-02-26 18:00:00+00:00","0.263","0.144","0.03627885"
"2013-02-26 18:30:00+00:00","0.921","0.088","0.03375735"
"2013-02-26 19:00:00+00:00","0.391","0.038","0.0342555"
"2013-02-26 19:30:00+00:00","0.077","0.006","0.0346614"
"2013-02-26 20:00:00+00:00","0.34","0.0","0.03383115"
"2013-02-26 20:30:00+00:00","0.303","0.0","0.0341694"
"2013-02-26 21:00:00+00:00","0.394","0.0","0.0326565"
"2013-02-26 21:30:00+00:00","0.201","0.0","0.03247815"
"2013-02-26 22:00:00+00:00","0.206","0.0","0.03035025"
"2013-02-26 22:30:00+00:00","0.207","0.0","0.0361497"
"2013-02-26 23:00:00+00:00","0.257","0.0","0.04048545"
"2013-02-26 23:30:00+00:00","0.929","0.0","0.04438455"
"2013-02-27 00:00:00+00:00","0.139","0.0","0.0398151"
"2013-02-27 00:30:00+00:00","0.143","0.0","0.03336375"
"2013-02-27 01:00:00+00:00","0.11","0.0","0.0307992"
"2013-02-27 01:30:00+00:00","0.228","0.0","0.0307623"
"2013-02-27 02:00:00+00:00","0.151","0.0","0.03058395"
"2013-02-27 02:30:00+00:00","0.153","0.0","0.03075"
"2013-02-27 03:00:00+00:00","0.138","0.0","0.03076845"
"2013-02-27 03:30:00+00:00","0.189","0.0","0.030504"
"2013-02-27 04:00:00+00:00","0.067","0.0","0.0307008"
"2013-02-27 04:30:00+00:00","0.166","0.0","0.031119"
"2013-02-27 05:00:00+00:00","0.139","0.0","0.0330624"
"2013-02-27 05:30:00+00:00","0.184","0.0","0.041943"
"2013-02-27 06:00:00+00:00","0.166","0.0","0.0461004"
"2013-02-27 06:30:00+00:00","0.384","0.0","0.0455469"
"2013-02-27 07:00:00+00:00","0.224","0.0","0.0463464"
"2013-02-27 07:30:00+00:00","0.195","0.013","0.03343755"
"2013-02-27 08:00:00+00:00","0.201","0.05","0.04321605"
"2013-02-27 08:30:00+00:00","0.235","0.113","0.0444276"
"2013-02-27 09:00:00+00:00","0.145","0.269","0.04613115"
"2013-02-27 09:30:00+00:00","0.266","0.45","0.0408729"
"2013-02-27 10:00:00+00:00","0.179","0.531","0.0414264"
"2013-02-27 10:30:00+00:00","0.22","0.744","0.046125"
"2013-02-27 11:00:00+00:00","0.118","0.738","0.04418775"
"2013-02-27 11:30:00+00:00","0.142","0.856","0.04038705"
"2013-02-27 12:00:00+00:00","0.169","0.9","0.0413895"
"2013-02-27 12:30:00+00:00","0.078","0.9","0.0421767"
"2013-02-27 13:00:00+00:00","0.182","0.944","0.03443385"
"2013-02-27 13:30:00+00:00","0.245","0.938","0.03171555"
"2013-02-27 14:00:00+00:00","0.229","0.888","0.03463065"
"2013-02-27 14:30:00+00:00","0.173","0.844","0.03375735"
"2013-02-27 15:00:00+00:00","0.091","0.706","0.03346215"
"2013-02-27 15:30:00+00:00","0.177","0.725","0.03444615"
"2013-02-27 16:00:00+00:00","0.182","0.725","0.03734895"
"2013-02-27 16:30:00+00:00","0.103","0.625","0.03385575"
"2013-02-27 17:00:00+00:00","0.128","0.506","0.0337635"
"2013-02-27 17:30:00+00:00","0.211","0.35","0.03080535"
"2013-02-27 18:00:00+00:00","0.191","0.163","0.03078075"
"2013-02-27 18:30:00+00:00","0.219","0.038","0.03078075"
"2013-02-27 19:00:00+00:00","0.083","0.025","0.03087915"
"2013-02-27 19:30:00+00:00","0.146","0.0","0.03183855"
"2013-02-27 20:00:00+00:00","0.271","0.0","0.03330225"
"2013-02-27 20:30:00+00:00","0.211","0.0","0.0334314"
"2013-02-27 21:00:00+00:00","0.162","0.0","0.03170325"
"2013-02-27 21:30:00+00:00","0.121","0.0","0.03327765"
"2013-02-27 22:00:00+00:00","0.247","0.0","0.03085455"
"2013-02-27 22:30:00+00:00","0.178","0.0","0.04051005"
"2013-02-27 23:00:00+00:00","0.185","0.0","0.03407715"
"2013-02-27 23:30:00+00:00","0.097","0.0","0.03256425"
"2013-02-28 00:00:00+00:00","0.187","0.0","0.03101445"
"2013-02-28 00:30:00+00:00","0.13","0.0","0.0303441"
"2013-02-28 01:00:00+00:00","0.142","0.0","0.03049785"
"2013-02-28 01:30:00+00:00","0.106","0.0","0.03048555"
"2013-02-28 02:00:00+00:00","0.212","0.0","0.03026415"
"2013-02-28 02:30:00+00:00","0.185","0.0","0.02868975"
"2013-02-28 03:00:00+00:00","0.125","0.0","0.0297414"
"2013-02-28 03:30:00+00:00","0.129","0.0","0.0292986"
"2013-02-28 04:00:00+00:00","0.166","0.0","0.02953845"
"2013-02-28 04:30:00+00:00","0.135","0.0","0.030504"
"2013-02-28 05:00:00+00:00","0.267","0.0","0.0307377"
"2013-02-28 05:30:00+00:00","0.16","0.0","0.0325089"
"2013-02-28 06:00:00+00:00","0.201","0.0","0.031242"
"2013-02-28 06:30:00+00:00","0.214","0.0","0.0437388"
"2013-02-28 07:00:00+00:00","0.247","0.0","0.0462111"
"2013-02-28 07:30:00+00:00","0.314","0.019","0.03779175"
"2013-02-28 08:00:00+00:00","0.506","0.056","0.03554085"
"2013-02-28 08:30:00+00:00","0.174","0.113","0.03394185"
"2013-02-28 09:00:00+00:00","0.385","0.144","0.03408945"
"2013-02-28 09:30:00+00:00","0.2","0.356","0.03563925"
"2013-02-28 10:00:00+00:00","0.145","0.219","0.03614355"
"2013-02-28 10:30:00+00:00","0.193","0.544","0.034071"
"2013-02-28 11:00:00+00:00","0.147","0.519","0.03383115"
"2013-02-28 11:30:00+00:00","0.349","0.569","0.0333945"
"2013-02-28 12:00:00+00:00","0.325","0.306","0.0336405"
"2013-02-28 12:30:00+00:00","0.812","0.263","0.03616815"
"2013-02-28 13:00:00+00:00","0.607","0.463","0.032964"
"2013-02-28 13:30:00+00:00","0.249","0.513","0.03326535"
"2013-02-28 14:00:00+00:00","0.246","0.475","0.03229365"
"2013-02-28 14:30:00+00:00","0.297","0.263","0.03086685"
"2013-02-28 15:00:00+00:00","0.211","0.2","0.0307377"
"2013-02-28 15:30:00+00:00","0.295","0.119","0.03071925"
"2013-02-28 16:00:00+00:00","0.375","0.056","0.03068235"
"2013-02-28 16:30:00+00:00","0.309","0.106","0.0306762"
"2013-02-28 17:00:00+00:00","0.193","0.163","0.03080535"
"2013-02-28 17:30:00+00:00","0.316","0.125","0.0305286"
"2013-02-28 18:00:00+00:00","0.237","0.025","0.0307869"
"2013-02-28 18:30:00+00:00","0.281","0.006","0.03067005"
"2013-02-28 19:00:00+00:00","0.177","0.0","0.0313527"
"2013-02-28 19:30:00+00:00","0.295","0.0","0.03174015"
"2013-02-28 20:00:00+00:00","0.495","0.0","0.0316848"
"2013-02-28 20:30:00+00:00","0.335","0.0","0.03001815"
"2013-02-28 21:00:00+00:00","0.392","0.0","0.0293601"
"2013-02-28 21:30:00+00:00","0.228","0.0","0.0300243"
"2013-02-28 22:00:00+00:00","0.211","0.0","0.02867745"
"2013-02-28 22:30:00+00:00","0.148","0.0","0.0300981"
"2013-02-28 23:00:00+00:00","0.28","0.0","0.0295815"
"2013-02-28 23:30:00+00:00","0.943","0.0","0.03012885"
"2013-03-01 00:00:00+00:00","0.15","0.0","0.0292248"
"2013-03-01 00:30:00+00:00","0.07","0.0","0.0283884"
"2013-03-01 01:00:00+00:00","0.18","0.0","0.0281547"
"2013-03-01 01:30:00+00:00","0.113","0.0","0.0276012"
"2013-03-01 02:00:00+00:00","0.142","0.0","0.0263958"
"2013-03-01 02:30:00+00:00","0.145","0.0","0.0273798"
"2013-03-01 03:00:00+00:00","0.175","0.0","0.0272199"
"2013-03-01 03:30:00+00:00","0.093","0.0","0.02688165"
"2013-03-01 04:00:00+00:00","0.13","0.0","0.02739825"
"2013-03-01 04:30:00+00:00","0.142","0.0","0.0276258"
"2013-03-01 05:00:00+00:00","0.146","0.0","0.0292125"
"2013-03-01 05:30:00+00:00","0.09","0.0","0.0318078"
"2013-03-01 06:00:00+00:00","0.202","0.0","0.03194925"
"2013-03-01 06:30:00+00:00","0.474","0.0","0.03865275"
"2013-03-01 07:00:00+00:00","0.116","0.0","0.03495045"
"2013-03-01 07:30:00+00:00","0.354","0.0","0.03166635"
"2013-03-01 08:00:00+00:00","0.149","0.0","0.0326196"
"2013-03-01 08:30:00+00:00","0.093","0.0","0.03383115"
"2013-03-01 09:00:00+00:00","0.123","0.0","0.0338004"
"2013-03-01 09:30:00+00:00","0.155","0.0","0.0338127"
"2013-03-01 10:00:00+00:00","0.138","0.0","0.0330132"
"2013-03-01 10:30:00+00:00","0.154","0.0","0.03332685"
"2013-03-01 11:00:00+00:00","0.128","0.0","0.0328164"
"2013-03-01 11:30:00+00:00","0.126","0.0","0.0336036"
"2013-03-01 12:00:00+00:00","0.073","0.0","0.033087"
"2013-03-01 12:30:00+00:00","0.175","0.0","0.0324351"
"2013-03-01 13:00:00+00:00","0.095","0.0","0.03269955"
"2013-03-01 13:30:00+00:00","0.144","0.0","0.0320661"
"2013-03-01 14:00:00+00:00","0.17","0.0","0.03105135"
"2013-03-01 14:30:00+00:00","0.165","0.0","0.0307869"
"2013-03-01 15:00:00+00:00","0.258","0.0","0.03081765"
"2013-03-01 15:30:00+00:00","0.277","0.0","0.0312174"
"2013-03-01 16:00:00+00:00","0.274","0.0","0.0317463"
"2013-03-01 16:30:00+00:00","0.116","0.0","0.03181395"
"2013-03-01 17:00:00+00:00","0.125","0.0","0.0315126"
"2013-03-01 17:30:00+00:00","0.353","0.0","0.0308853"
"2013-03-01 18:00:00+00:00","0.329","0.0","0.03090375"
"2013-03-01 18:30:00+00:00","0.166","0.0","0.03032565"
"2013-03-01 19:00:00+00:00","0.217","0.0","0.03116205"
"2013-03-01 19:30:00+00:00","0.185","0.0","0.0323121"
"2013-03-01 20:00:00+00:00","0.277","0.0","0.0316971"
"2013-03-01 20:30:00+00:00","0.299","0.0","0.0311682"
"2013-03-01 21:00:00+00:00","0.266","0.0","0.03059625"
"2013-03-01 21:30:00+00:00","0.459","0.0","0.03102675"
"2013-03-01 22:00:00+00:00","0.239","0.0","0.0306516"
"2013-03-01 22:30:00+00:00","0.124","0.0","0.0328533"
"2013-03-01 23:00:00+00:00","0.145","0.0","0.0319185"
"2013-03-01 23:30:00+00:00","0.173","0.0","0.03076845"
"2013-03-02 00:00:00+00:00","0.089","0.0","0.03144495"
"2013-03-02 00:30:00+00:00","0.158","0.0","0.0302088"
"2013-03-02 01:00:00+00:00","0.176","0.0","0.0299874"
"2013-03-02 01:30:00+00:00","0.145","0.0","0.02941545"
"2013-03-02 02:00:00+00:00","0.114","0.0","0.02747205"
"2013-03-02 02:30:00+00:00","0.157","0.0","0.02650035"
"2013-03-02 03:00:00+00:00","0.09","0.0","0.02604525"
"2013-03-02 03:30:00+00:00","0.121","0.0","0.02700465"
"2013-03-02 04:00:00+00:00","0.153","0.0","0.0277857"
"2013-03-02 04:30:00+00:00","0.079","0.0","0.02845605"
"2013-03-02 05:00:00+00:00","0.195","0.0","0.02852985"
"2013-03-02 05:30:00+00:00","0.207","0.0","0.0297168"
"2013-03-02 06:00:00+00:00","0.224","0.0","0.0293601"
"2013-03-02 06:30:00+00:00","0.121","0.0","0.02995665"
"2013-03-02 07:00:00+00:00","0.164","0.006","0.0303441"
"2013-03-02 07:30:00+00:00","0.11","0.0","0.03052245"
"2013-03-02 08:00:00+00:00","0.149","0.0","0.0307746"
"2013-03-02 08:30:00+00:00","0.307","0.019","0.0322875"
"2013-03-02 09:00:00+00:00","0.288","0.044","0.03258885"
"2013-03-02 09:30:00+00:00","0.233","0.056","0.03362205"
"2013-03-02 10:00:00+00:00","0.179","0.069","0.0334437"
"2013-03-02 10:30:00+00:00","0.211","0.106","0.03372045"
"2013-03-02 11:00:00+00:00","0.355","0.1","0.03362205"
"2013-03-02 11:30:00+00:00","0.13","0.138","0.0330009"
"2013-03-02 12:00:00+00:00","0.129","0.125","0.0329517"
"2013-03-02 12:30:00+00:00","0.179","0.113","0.03258885"
"2013-03-02 13:00:00+00:00","0.131","0.125","0.0313404"
"2013-03-02 13:30:00+00:00","0.082","0.113","0.03075615"
"2013-03-02 14:00:00+00:00","0.191","0.081","0.0313158"
"2013-03-02 14:30:00+00:00","0.116","0.156","0.0324474"
"2013-03-02 15:00:00+00:00","0.124","0.138","0.03233055"
"2013-03-02 15:30:00+00:00","0.257","0.056","0.03279795"
"2013-03-02 16:00:00+00:00","0.362","0.081","0.03362205"
"2013-03-02 16:30:00+00:00","0.257","0.063","0.03341295"
"2013-03-02 17:00:00+00:00","0.986","0.063","0.03383115"
"2013-03-02 17:30:00+00:00","0.629","0.038","0.03341295"
"2013-03-02 18:00:00+00:00","0.647","0.013","0.03320385"
"2013-03-02 18:30:00+00:00","0.328","0.006","0.03383115"
"2013-03-02 19:00:00+00:00","0.241","0.006","0.03774255"
"2013-03-02 19:30:00+00:00","0.379","0.0","0.03984585"
"2013-03-02 20:00:00+00:00","0.317","0.0","0.0339234"
"2013-03-02 20:30:00+00:00","0.296","0.0","0.03336375"
"2013-03-02 21:00:00+00:00","0.255","0.0","0.03258885"
"2013-03-02 21:30:00+00:00","0.246","0.0","0.03257655"
"2013-03-02 22:00:00+00:00","0.417","0.0","0.03166635"
"2013-03-02 22:30:00+00:00","0.141","0.0","0.03424935"
"2013-03-02 23:00:00+00:00","0.184","0.0","0.0322752"
"2013-03-02 23:30:00+00:00","1.104","0.0","0.03212145"
"2013-03-03 00:00:00+00:00","0.107","0.0","0.03116205"
"2013-03-03 00:30:00+00:00","0.171","0.0","0.0299628"
"2013-03-03 01:00:00+00:00","0.107","0.0","0.02973525"
"2013-03-03 01:30:00+00:00","0.134","0.0","0.02912025"
"2013-03-03 02:00:00+00:00","0.154","0.0","0.0271215"
"2013-03-03 02:30:00+00:00","0.095","0.0","0.0270969"
"2013-03-03 03:00:00+00:00","0.184","0.0","0.0272076"
"2013-03-03 03:30:00+00:00","0.136","0.0","0.0272445"
"2013-03-03 04:00:00+00:00","0.106","0.0","0.02725065"
"2013-03-03 04:30:00+00:00","0.112","0.0","0.0267279"
"2013-03-03 05:00:00+00:00","0.146","0.0","0.02764425"
"2013-03-03 05:30:00+00:00","0.102","0.0","0.0282162"
"2013-03-03 06:00:00+00:00","0.341","0.0","0.02773035"
"2013-03-03 06:30:00+00:00","0.243","0.0","0.0283884"
"2013-03-03 07:00:00+00:00","0.258","0.0","0.02972295"
"2013-03-03 07:30:00+00:00","0.269","0.013","0.0303318"
"2013-03-03 08:00:00+00:00","0.353","0.075","0.030873"
"2013-03-03 08:30:00+00:00","0.14","0.188","0.0312666"
"2013-03-03 09:00:00+00:00","0.153","0.281","0.03146955"
"2013-03-03 09:30:00+00:00","0.128","0.35","0.0306762"
"2013-03-03 10:00:00+00:00","0.109","0.463","0.0310944"
"2013-03-03 10:30:00+00:00","0.158","0.369","0.03116205"
"2013-03-03 11:00:00+00:00","0.159","0.681","0.0308115"
"2013-03-03 11:30:00+00:00","0.099","0.606","0.0310575"
"2013-03-03 12:00:00+00:00","0.115","0.894","0.0307746"
"2013-03-03 12:30:00+00:00","0.161","0.8","0.03085455"
"2013-03-03 13:00:00+00:00","0.083","0.906","0.03078075"
"2013-03-03 13:30:00+00:00","0.139","0.919","0.03063315"
"2013-03-03 14:00:00+00:00","0.174","0.925","0.03074385"
"2013-03-03 14:30:00+00:00","0.15","0.919","0.03076845"
"2013-03-03 15:00:00+00:00","0.108","0.831","0.03081765"
"2013-03-03 15:30:00+00:00","0.159","0.819","0.030873"
"2013-03-03 16:00:00+00:00","0.108","0.675","0.0309591"
"2013-03-03 16:30:00+00:00","0.117","0.675","0.0315249"
"2013-03-03 17:00:00+00:00","0.132","0.506","0.0336282"
"2013-03-03 17:30:00+00:00","0.174","0.406","0.03212145"
"2013-03-03 18:00:00+00:00","0.121","0.194","0.0318201"
"2013-03-03 18:30:00+00:00","0.172","0.038","0.0313773"
"2013-03-03 19:00:00+00:00","0.136","0.019","0.040098"
"2013-03-03 19:30:00+00:00","0.102","0.0","0.0350181"
"2013-03-03 20:00:00+00:00","0.13","0.0","0.0309222"
"2013-03-03 20:30:00+00:00","0.145","0.0","0.03033795"
"2013-03-03 21:00:00+00:00","0.092","0.0","0.0304425"
"2013-03-03 21:30:00+00:00","0.176","0.0","0.03058395"
"2013-03-03 22:00:00+00:00","0.164","0.0","0.03023955"
"2013-03-03 22:30:00+00:00","0.125","0.0","0.0306024"
"2013-03-03 23:00:00+00:00","0.09","0.0","0.03058395"
"2013-03-03 23:30:00+00:00","0.166","0.0","0.0308607"
"2013-03-04 00:00:00+00:00","0.085","0.0","0.030627"
"2013-03-04 00:30:00+00:00","0.121","0.0","0.0296799"
"2013-03-04 01:00:00+00:00","0.142","0.0","0.0294216"
"2013-03-04 01:30:00+00:00","0.198","0.0","0.02795175"
"2013-03-04 02:00:00+00:00","0.069","0.0","0.0268263"
"2013-03-04 02:30:00+00:00","0.17","0.0","0.02695545"
"2013-03-04 03:00:00+00:00","0.111","0.0","0.02726295"
"2013-03-04 03:30:00+00:00","0.1","0.0","0.0271707"
"2013-03-04 04:00:00+00:00","0.119","0.0","0.0277119"
"2013-03-04 04:30:00+00:00","0.16","0.0","0.029028"
"2013-03-04 05:00:00+00:00","0.111","0.0","0.0302334"
"2013-03-04 05:30:00+00:00","0.174","0.0","0.0337389"
"2013-03-04 06:00:00+00:00","0.132","0.0","0.03258885"
"2013-03-04 06:30:00+00:00","0.091","0.0","0.0357438"
"2013-03-04 07:00:00+00:00","0.11","0.0","0.04123575"
"2013-03-04 07:30:00+00:00","0.144","0.006","0.03256425"
"2013-03-04 08:00:00+00:00","0.096","0.025","0.0334806"
"2013-03-04 08:30:00+00:00","0.125","0.069","0.0338373"
"2013-03-04 09:00:00+00:00","0.193","0.281","0.033825"
"2013-03-04 09:30:00+00:00","0.101","0.631","0.03383115"
"2013-03-04 10:00:00+00:00","0.122","0.663","0.033702"
"2013-03-04 10:30:00+00:00","0.131","0.7","0.0336774"
"2013-03-04 11:00:00+00:00","0.125","0.75","0.03378195"
"2013-03-04 11:30:00+00:00","0.097","0.619","0.0338496"
"2013-03-04 12:00:00+00:00","0.164","0.8","0.03383115"
"2013-03-04 12:30:00+00:00","0.15","0.425","0.03415095"
"2013-03-04 13:00:00+00:00","0.137","0.425","0.03383115"
"2013-03-04 13:30:00+00:00","0.146","0.481","0.0339972"
"2013-03-04 14:00:00+00:00","0.137","0.575","0.0347106"
"2013-03-04 14:30:00+00:00","0.095","0.506","0.033825"
"2013-03-04 15:00:00+00:00","0.141","0.406","0.03479055"
"2013-03-04 15:30:00+00:00","0.169","0.288","0.0354609"
"2013-03-04 16:00:00+00:00","0.085","0.306","0.0338127"
"2013-03-04 16:30:00+00:00","0.201","0.5","0.03400335"
"2013-03-04 17:00:00+00:00","0.132","0.313","0.03447075"
"2013-03-04 17:30:00+00:00","0.148","0.244","0.0311313"
"2013-03-04 18:00:00+00:00","0.087","0.138","0.03130965"
"2013-03-04 18:30:00+00:00","0.167","0.075","0.03094065"
"2013-03-04 19:00:00+00:00","0.121","0.025","0.03453225"
"2013-03-04 19:30:00+00:00","0.098","0.0","0.03616815"
"2013-03-04 20:00:00+00:00","0.179","0.0","0.0331608"
"2013-03-04 20:30:00+00:00","0.187","0.0","0.0327795"
"2013-03-04 21:00:00+00:00","0.085","0.0","0.0306762"
"2013-03-04 21:30:00+00:00","0.135","0.0","0.0307746"
"2013-03-04 22:00:00+00:00","0.146","0.0","0.030381"
"2013-03-04 22:30:00+00:00","0.104","0.0","0.0365187"
"2013-03-04 23:00:00+00:00","0.11","0.0","0.03349905"
"2013-03-04 23:30:00+00:00","0.157","0.0","0.0318447"
"2013-03-05 00:00:00+00:00","0.172","0.0","0.0313773"
"2013-03-05 00:30:00+00:00","0.102","0.0","0.03064545"
"2013-03-05 01:00:00+00:00","0.154","0.0","0.03005505"
"2013-03-05 01:30:00+00:00","0.13","0.0","0.0300981"
"2013-03-05 02:00:00+00:00","0.082","0.0","0.0291633"
"2013-03-05 02:30:00+00:00","0.139","0.0","0.0281793"
"2013-03-05 03:00:00+00:00","0.14","0.0","0.02806245"
"2013-03-05 03:30:00+00:00","0.137","0.0","0.02836995"
"2013-03-05 04:00:00+00:00","0.154","0.0","0.0283638"
"2013-03-05 04:30:00+00:00","0.152","0.0","0.0301473"
"2013-03-05 05:00:00+00:00","0.094","0.0","0.0309837"
"2013-03-05 05:30:00+00:00","0.115","0.0","0.03252735"
"2013-03-05 06:00:00+00:00","0.131","0.0","0.03282255"
"2013-03-05 06:30:00+00:00","0.119","0.0","0.04037475"
"2013-03-05 07:00:00+00:00","0.124","0.0","0.04218285"
"2013-03-05 07:30:00+00:00","0.2","0.006","0.0323982"
"2013-03-05 08:00:00+00:00","0.108","0.019","0.0345753"
"2013-03-05 08:30:00+00:00","0.109","0.038","0.0364203"
"2013-03-05 09:00:00+00:00","0.114","0.244","0.03841905"
"2013-03-05 09:30:00+00:00","0.155","0.544","0.0353994"
"2013-03-05 10:00:00+00:00","0.061","0.638","0.03374505"
"2013-03-05 10:30:00+00:00","0.191","0.731","0.03573765"
"2013-03-05 11:00:00+00:00","0.16","0.794","0.0374658"
"2013-03-05 11:30:00+00:00","0.137","0.669","0.03340065"
"2013-03-05 12:00:00+00:00","0.119","0.831","0.03750885"
"2013-03-05 12:30:00+00:00","0.158","0.931","0.03113745"
"2013-03-05 13:00:00+00:00","0.101","0.944","0.0333453"
"2013-03-05 13:30:00+00:00","0.123","0.938","0.03348675"
"2013-03-05 14:00:00+00:00","0.172","0.906","0.03289635"
"2013-03-05 14:30:00+00:00","0.14","0.863","0.03236745"
"2013-03-05 15:00:00+00:00","0.174","0.838","0.03402795"
"2013-03-05 15:30:00+00:00","0.132","0.775","0.03321615"
"2013-03-05 16:00:00+00:00","0.174","0.694","0.03352365"
"2013-03-05 16:30:00+00:00","0.087","0.606","0.0330009"
"2013-03-05 17:00:00+00:00","0.141","0.456","0.0329025"
"2013-03-05 17:30:00+00:00","0.171","0.313","0.0340095"
"2013-03-05 18:00:00+00:00","0.103","0.15","0.03709065"
"2013-03-05 18:30:00+00:00","0.177","0.031","0.03429855"
"2013-03-05 19:00:00+00:00","0.158","0.006","0.03480285"
"2013-03-05 19:30:00+00:00","0.183","0.0","0.0333207"
"2013-03-05 20:00:00+00:00","0.078","0.0","0.03278565"
"2013-03-05 20:30:00+00:00","0.154","0.0","0.03775485"
"2013-03-05 21:00:00+00:00","0.139","0.0","0.03666015"
"2013-03-05 21:30:00+00:00","0.13","0.0","0.0322383"
"2013-03-05 22:00:00+00:00","0.106","0.0","0.03016575"
"2013-03-05 22:30:00+00:00","0.181","0.0","0.041697"
"2013-03-05 23:00:00+00:00","0.184","0.0","0.03453225"
"2013-03-05 23:30:00+00:00","0.075","0.0","0.03224445"
"2013-03-06 00:00:00+00:00","0.154","0.0","0.03386805"
"2013-03-06 00:30:00+00:00","0.138","0.0","0.03059625"
"2013-03-06 01:00:00+00:00","0.118","0.0","0.02977215"
"2013-03-06 01:30:00+00:00","0.098","0.0","0.02951385"
"2013-03-06 02:00:00+00:00","0.178","0.0","0.02844375"
"2013-03-06 02:30:00+00:00","0.15","0.0","0.02769345"
"2013-03-06 03:00:00+00:00","0.139","0.0","0.02726295"
"2013-03-06 03:30:00+00:00","0.126","0.0","0.02726295"
"2013-03-06 04:00:00+00:00","0.168","0.0","0.02787795"
"2013-03-06 04:30:00+00:00","0.073","0.0","0.02913255"
"2013-03-06 05:00:00+00:00","0.143","0.0","0.03096525"
"2013-03-06 05:30:00+00:00","0.122","0.0","0.0315249"
"2013-03-06 06:00:00+00:00","0.156","0.0","0.0311436"
"2013-03-06 06:30:00+00:00","0.137","0.0","0.0387081"
"2013-03-06 07:00:00+00:00","0.17","0.0","0.03795165"
"2013-03-06 07:30:00+00:00","0.103","0.006","0.03194925"
"2013-03-06 08:00:00+00:00","0.11","0.05","0.03394185"
"2013-03-06 08:30:00+00:00","0.126","0.1","0.0366048"
"2013-03-06 09:00:00+00:00","0.142","0.244","0.0364695"
"2013-03-06 09:30:00+00:00","0.086","0.469","0.0334068"
"2013-03-06 10:00:00+00:00","0.196","0.65","0.0339726"
"2013-03-06 10:30:00+00:00","0.176","0.55","0.0343785"
"2013-03-06 11:00:00+00:00","0.107","0.438","0.0398028"
"2013-03-06 11:30:00+00:00","0.114","0.588","0.0452025"
"2013-03-06 12:00:00+00:00","0.166","0.613","0.0441078"
"2013-03-06 12:30:00+00:00","0.09","0.631","0.03866505"
"2013-03-06 13:00:00+00:00","0.142","0.938","0.03550395"
"2013-03-06 13:30:00+00:00","0.154","0.913","0.03320385"
"2013-03-06 14:00:00+00:00","0.217","0.9","0.03279795"
"2013-03-06 14:30:00+00:00","0.115","0.863","0.03140805"
"2013-03-06 15:00:00+00:00","0.138","0.8","0.0303318"
"2013-03-06 15:30:00+00:00","0.159","0.763","0.03145725"
"2013-03-06 16:00:00+00:00","0.106","0.688","0.03320385"
"2013-03-06 16:30:00+00:00","0.134","0.594","0.0303564"
"2013-03-06 17:00:00+00:00","0.129","0.488","0.031242"
"2013-03-06 17:30:00+00:00","0.198","0.325","0.03073155"
"2013-03-06 18:00:00+00:00","0.147","0.094","0.0308607"
"2013-03-06 18:30:00+00:00","0.15","0.075","0.03423705"
"2013-03-06 19:00:00+00:00","0.156","0.019","0.0391263"
"2013-03-06 19:30:00+00:00","0.14","0.0","0.0409098"
"2013-03-06 20:00:00+00:00","0.117","0.0","0.03768105"
"2013-03-06 20:30:00+00:00","0.108","0.0","0.0349074"
"2013-03-06 21:00:00+00:00","0.187","0.0","0.0332838"
"2013-03-06 21:30:00+00:00","0.114","0.0","0.0401226"
"2013-03-06 22:00:00+00:00","0.165","0.0","0.0332346"
"2013-03-06 22:30:00+00:00","0.155","0.0","0.04004265"
"2013-03-06 23:00:00+00:00","0.157","0.0","0.0331977"
"2013-03-06 23:30:00+00:00","0.083","0.0","0.03935385"
"2013-03-07 00:00:00+00:00","0.147","0.0","0.0346245"
"2013-03-07 00:30:00+00:00","0.142","0.0","0.032349"
"2013-03-07 01:00:00+00:00","0.114","0.0","0.03038715"
"2013-03-07 01:30:00+00:00","0.13","0.0","0.03044865"
"2013-03-07 02:00:00+00:00","0.186","0.0","0.0296799"
"2013-03-07 02:30:00+00:00","0.138","0.0","0.0292002"
"2013-03-07 03:00:00+00:00","0.095","0.0","0.02948925"
"2013-03-07 03:30:00+00:00","0.145","0.0","0.02988285"
"2013-03-07 04:00:00+00:00","0.146","0.0","0.0302457"
"2013-03-07 04:30:00+00:00","0.074","0.0","0.0308115"
"2013-03-07 05:00:00+00:00","0.141","0.0","0.03164175"
"2013-03-07 05:30:00+00:00","0.159","0.0","0.0355962"
"2013-03-07 06:00:00+00:00","0.145","0.0","0.03835755"
"2013-03-07 06:30:00+00:00","0.112","0.0","0.0400857"
"2013-03-07 07:00:00+00:00","0.172","0.0","0.0404793"
"2013-03-07 07:30:00+00:00","0.072","0.006","0.03353595"
"2013-03-07 08:00:00+00:00","0.13","0.013","0.03567"
"2013-03-07 08:30:00+00:00","0.115","0.038","0.0399135"
"2013-03-07 09:00:00+00:00","0.129","0.256","0.0387081"
"2013-03-07 09:30:00+00:00","0.135","0.538","0.0388434"
"2013-03-07 10:00:00+00:00","0.2","0.631","0.038745"
"2013-03-07 10:30:00+00:00","0.1","0.719","0.036777"
"2013-03-07 11:00:00+00:00","0.112","0.806","0.03832065"
"2013-03-07 11:30:00+00:00","0.123","0.85","0.0373551"
"2013-03-07 12:00:00+00:00","0.177","0.881","0.03824685"
"2013-03-07 12:30:00+00:00","0.052","0.888","0.03304395"
"2013-03-07 13:00:00+00:00","0.21","0.906","0.0321891"
"2013-03-07 13:30:00+00:00","0.16","0.9","0.03267495"
"2013-03-07 14:00:00+00:00","0.156","0.888","0.03347445"
"2013-03-07 14:30:00+00:00","0.115","0.856","0.03365895"
"2013-03-07 15:00:00+00:00","0.153","0.825","0.03445845"
"2013-03-07 15:30:00+00:00","0.15","0.763","0.03341295"
"2013-03-07 16:00:00+00:00","0.077","0.694","0.0357315"
"2013-03-07 16:30:00+00:00","0.181","0.6","0.0337266"
"2013-03-07 17:00:00+00:00","0.132","0.488","0.03750885"
"2013-03-07 17:30:00+00:00","0.356","0.363","0.033087"
"2013-03-07 18:00:00+00:00","0.176","0.163","0.04645095"
"2013-03-07 18:30:00+00:00","0.196","0.031","0.03608205"
"2013-03-07 19:00:00+00:00","0.292","0.0","0.03894795"
"2013-03-07 19:30:00+00:00","0.348","0.0","0.03568845"
"2013-03-07 20:00:00+00:00","0.408","0.0","0.034563"
"2013-03-07 20:30:00+00:00","0.441","0.0","0.0334806"
"2013-03-07 21:00:00+00:00","0.475","0.0","0.03278565"
"2013-03-07 21:30:00+00:00","0.319","0.0","0.0319185"
"2013-03-07 22:00:00+00:00","0.315","0.0","0.03048555"
"2013-03-07 22:30:00+00:00","0.304","0.0","0.03899715"
"2013-03-07 23:00:00+00:00","0.179","0.0","0.0339726"
"2013-03-07 23:30:00+00:00","0.21","0.0","0.0333084"
"2013-03-08 00:00:00+00:00","0.12","0.0","0.03257655"
"2013-03-08 00:30:00+00:00","0.109","0.0","0.0304794"
"2013-03-08 01:00:00+00:00","0.128","0.0","0.0305409"
"2013-03-08 01:30:00+00:00","0.228","0.0","0.0305655"
"2013-03-08 02:00:00+00:00","0.129","0.0","0.0302211"
"2013-03-08 02:30:00+00:00","0.145","0.0","0.0304548"
"2013-03-08 03:00:00+00:00","0.135","0.0","0.0304548"
"2013-03-08 03:30:00+00:00","0.134","0.0","0.03044865"
"2013-03-08 04:00:00+00:00","0.097","0.0","0.0304794"
"2013-03-08 04:30:00+00:00","0.165","0.0","0.0305655"
"2013-03-08 05:00:00+00:00","0.12","0.0","0.03085455"
"2013-03-08 05:30:00+00:00","0.157","0.0","0.03217065"
"2013-03-08 06:00:00+00:00","0.357","0.0","0.03261345"
"2013-03-08 06:30:00+00:00","0.174","0.0","0.0427179"
"2013-03-08 07:00:00+00:00","0.378","0.0","0.0417708"
"2013-03-08 07:30:00+00:00","0.289","0.006","0.0304671"
"2013-03-08 08:00:00+00:00","0.391","0.013","0.03320385"
"2013-03-08 08:30:00+00:00","0.09","0.025","0.0338373"
"2013-03-08 09:00:00+00:00","0.147","0.269","0.03406485"
"2013-03-08 09:30:00+00:00","0.223","0.538","0.0338127"
"2013-03-08 10:00:00+00:00","0.109","0.644","0.03384345"
"2013-03-08 10:30:00+00:00","0.166","0.731","0.0364326"
"2013-03-08 11:00:00+00:00","0.315","0.769","0.0369246"
"2013-03-08 11:30:00+00:00","0.176","0.631","0.03544245"
"2013-03-08 12:00:00+00:00","0.109","0.6","0.03383115"
"2013-03-08 12:30:00+00:00","0.132","0.781","0.0330132"
"2013-03-08 13:00:00+00:00","0.224","0.681","0.03341295"
"2013-03-08 13:30:00+00:00","0.144","0.863","0.0337881"
"2013-03-08 14:00:00+00:00","0.168","0.644","0.03368355"
"2013-03-08 14:30:00+00:00","0.151","0.75","0.0336897"
"2013-03-08 15:00:00+00:00","0.141","0.825","0.033825"
"2013-03-08 15:30:00+00:00","0.134","0.631","0.03236745"
"2013-03-08 16:00:00+00:00","0.107","0.525","0.03442155"
"2013-03-08 16:30:00+00:00","0.185","0.481","0.0337881"
"2013-03-08 17:00:00+00:00","0.18","0.475","0.03320385"
"2013-03-08 17:30:00+00:00","0.131","0.225","0.03320385"
"2013-03-08 18:00:00+00:00","0.198","0.069","0.03513495"
"2013-03-08 18:30:00+00:00","0.125","0.094","0.0320415"
"2013-03-08 19:00:00+00:00","0.17","0.013","0.0332469"
"2013-03-08 19:30:00+00:00","0.078","0.0","0.0307992"
"2013-03-08 20:00:00+00:00","0.174","0.0","0.03031335"
"2013-03-08 20:30:00+00:00","0.15","0.0","0.0333084"
"2013-03-08 21:00:00+00:00","0.138","0.0","0.03220755"
"2013-03-08 21:30:00+00:00","0.159","0.0","0.0319554"
"2013-03-08 22:00:00+00:00","0.181","0.0","0.02945235"
"2013-03-08 22:30:00+00:00","0.164","0.0","0.03589755"
"2013-03-08 23:00:00+00:00","0.075","0.0","0.0309345"
"2013-03-08 23:30:00+00:00","0.162","0.0","0.03058395"
"2013-03-09 00:00:00+00:00","0.131","0.0","0.03055935"
"2013-03-09 00:30:00+00:00","0.136","0.0","0.03048555"
"2013-03-09 01:00:00+00:00","0.091","0.0","0.03038715"
"2013-03-09 01:30:00+00:00","0.223","0.006","0.0299628"
"2013-03-09 02:00:00+00:00","0.145","0.0","0.0299013"
"2013-03-09 02:30:00+00:00","0.122","0.0","0.02813625"
"2013-03-09 03:00:00+00:00","0.111","0.0","0.0292002"
"2013-03-09 03:30:00+00:00","0.176","0.0","0.0283884"
"2013-03-09 04:00:00+00:00","0.075","0.0","0.0286344"
"2013-03-09 04:30:00+00:00","0.14","0.0","0.02891115"
"2013-03-09 05:00:00+00:00","0.134","0.0","0.02897265"
"2013-03-09 05:30:00+00:00","0.209","0.0","0.03068235"
"2013-03-09 06:00:00+00:00","0.085","0.0","0.0299751"
"2013-03-09 06:30:00+00:00","0.177","0.0","0.0305409"
"2013-03-09 07:00:00+00:00","0.12","0.0","0.0307008"
"2013-03-09 07:30:00+00:00","0.108","0.013","0.03076845"
"2013-03-09 08:00:00+00:00","0.112","0.031","0.0307869"
"2013-03-09 08:30:00+00:00","0.17","0.081","0.03149415"
"2013-03-09 09:00:00+00:00","0.106","0.188","0.0336282"
"2013-03-09 09:30:00+00:00","0.18","0.481","0.03386805"
"2013-03-09 10:00:00+00:00","0.14","0.569","0.03423705"
"2013-03-09 10:30:00+00:00","0.152","0.306","0.03444615"
"2013-03-09 11:00:00+00:00","0.074","0.669","0.0342924"
"2013-03-09 11:30:00+00:00","0.184","0.638","0.03394185"
"2013-03-09 12:00:00+00:00","0.122","0.35","0.0338619"
"2013-03-09 12:30:00+00:00","0.121","0.381","0.03320385"
"2013-03-09 13:00:00+00:00","0.148","0.719","0.03383115"
"2013-03-09 13:30:00+00:00","0.21","0.619","0.0334068"
"2013-03-09 14:00:00+00:00","0.144","0.394","0.03242895"
"2013-03-09 14:30:00+00:00","0.112","0.363","0.03437235"
"2013-03-09 15:00:00+00:00","0.169","0.438","0.0341448"
"2013-03-09 15:30:00+00:00","0.129","0.463","0.0359406"
"2013-03-09 16:00:00+00:00","0.129","0.544","0.03647565"
"2013-03-09 16:30:00+00:00","0.093","0.525","0.0333576"
"2013-03-09 17:00:00+00:00","0.198","0.469","0.0352764"
"2013-03-09 17:30:00+00:00","0.166","0.238","0.03400335"
"2013-03-09 18:00:00+00:00","0.145","0.05","0.0336159"
"2013-03-09 18:30:00+00:00","0.149","0.038","0.03198"
"2013-03-09 19:00:00+00:00","0.152","0.006","0.03674625"
"2013-03-09 19:30:00+00:00","0.127","0.0","0.03929235"
"2013-03-09 20:00:00+00:00","0.1","0.0","0.03626655"
"2013-03-09 20:30:00+00:00","0.179","0.0","0.03637725"
"2013-03-09 21:00:00+00:00","0.116","0.0","0.03613125"
"2013-03-09 21:30:00+00:00","0.16","0.0","0.0359652"
"2013-03-09 22:00:00+00:00","0.153","0.0","0.03471675"
"2013-03-09 22:30:00+00:00","0.171","0.0","0.03835755"
"2013-03-09 23:00:00+00:00","0.093","0.0","0.0386712"
"2013-03-09 23:30:00+00:00","0.137","0.0","0.03717675"
"2013-03-10 00:00:00+00:00","0.13","0.0","0.03631575"
"2013-03-10 00:30:00+00:00","0.148","0.0","0.03613125"
"2013-03-10 01:00:00+00:00","0.079","0.0","0.03017805"
"2013-03-10 01:30:00+00:00","0.199","0.0","0.0304056"
"2013-03-10 02:00:00+00:00","0.184","0.0","0.0304056"
"2013-03-10 02:30:00+00:00","0.095","0.0","0.0304179"
"2013-03-10 03:00:00+00:00","0.127","0.0","0.03038715"
"2013-03-10 03:30:00+00:00","0.142","0.0","0.03063315"
"2013-03-10 04:00:00+00:00","0.105","0.0","0.030504"
"2013-03-10 04:30:00+00:00","0.111","0.0","0.03043635"
"2013-03-10 05:00:00+00:00","0.139","0.0","0.0303195"
"2013-03-10 05:30:00+00:00","0.172","0.0","0.0306885"
"2013-03-10 06:00:00+00:00","0.126","0.0","0.0301596"
"2013-03-10 06:30:00+00:00","0.152","0.0","0.0304917"
"2013-03-10 07:00:00+00:00","0.132","0.0","0.0307377"
"2013-03-10 07:30:00+00:00","0.086","0.006","0.03096525"
"2013-03-10 08:00:00+00:00","0.125","0.038","0.03221985"
"2013-03-10 08:30:00+00:00","0.144","0.05","0.0333084"
"2013-03-10 09:00:00+00:00","0.074","0.281","0.035547"
"2013-03-10 09:30:00+00:00","0.185","0.531","0.0369123"
"2013-03-10 10:00:00+00:00","0.165","0.588","0.03614355"
"2013-03-10 10:30:00+00:00","0.123","0.713","0.03889875"
"2013-03-10 11:00:00+00:00","0.096","0.781","0.036654"
"2013-03-10 11:30:00+00:00","0.166","0.844","0.0383268"
"2013-03-10 12:00:00+00:00","0.113","0.819","0.03677085"
"2013-03-10 12:30:00+00:00","0.103","0.888","0.03544245"
"2013-03-10 13:00:00+00:00","0.185","0.813","0.0339234"
"2013-03-10 13:30:00+00:00","0.173","0.838","0.03394185"
"2013-03-10 14:00:00+00:00","0.154","0.881","0.03383115"
"2013-03-10 14:30:00+00:00","0.105","0.75","0.03456915"
"2013-03-10 15:00:00+00:00","0.186","0.725","0.0346245"
"2013-03-10 15:30:00+00:00","0.103","0.763","0.03641415"
"2013-03-10 16:00:00+00:00","0.119","0.675","0.03774255"
"2013-03-10 16:30:00+00:00","0.155","0.506","0.037761"
"2013-03-10 17:00:00+00:00","0.16","0.294","0.03832065"
"2013-03-10 17:30:00+00:00","0.166","0.319","0.0358668"
"2013-03-10 18:00:00+00:00","0.142","0.206","0.03595905"
"2013-03-10 18:30:00+00:00","0.184","0.031","0.0344277"
"2013-03-10 19:00:00+00:00","0.119","0.0","0.0378717"
"2013-03-10 19:30:00+00:00","0.116","0.0","0.04185075"
"2013-03-10 20:00:00+00:00","0.132","0.0","0.0386589"
"2013-03-10 20:30:00+00:00","0.159","0.0","0.03736125"
"2013-03-10 21:00:00+00:00","0.129","0.0","0.03445845"
"2013-03-10 21:30:00+00:00","0.134","0.0","0.0323367"
"2013-03-10 22:00:00+00:00","0.21","0.0","0.03025185"
"2013-03-10 22:30:00+00:00","0.139","0.0","0.03069465"
"2013-03-10 23:00:00+00:00","0.12","0.0","0.03058395"
"2013-03-10 23:30:00+00:00","0.103","0.0","0.0305655"
"2013-03-11 00:00:00+00:00","0.181","0.0","0.03121125"
"2013-03-11 00:30:00+00:00","0.088","0.0","0.0300243"
"2013-03-11 01:00:00+00:00","0.126","0.0","0.0297168"
"2013-03-11 01:30:00+00:00","0.157","0.0","0.0280563"
"2013-03-11 02:00:00+00:00","0.211","0.0","0.0279579"
"2013-03-11 02:30:00+00:00","0.078","0.0","0.02775495"
"2013-03-11 03:00:00+00:00","0.155","0.0","0.0279456"
"2013-03-11 03:30:00+00:00","0.131","0.0","0.02811165"
"2013-03-11 04:00:00+00:00","0.136","0.0","0.0283515"
"2013-03-11 04:30:00+00:00","0.088","0.0","0.0291633"
"2013-03-11 05:00:00+00:00","0.172","0.0","0.03079305"
"2013-03-11 05:30:00+00:00","0.14","0.0","0.03235515"
"2013-03-11 06:00:00+00:00","0.144","0.0","0.0319062"
"2013-03-11 06:30:00+00:00","0.126","0.006","0.03306855"
"2013-03-11 07:00:00+00:00","0.165","0.0","0.03428625"
"2013-03-11 07:30:00+00:00","0.063","0.006","0.0335544"
"2013-03-11 08:00:00+00:00","0.153","0.031","0.0339234"
"2013-03-11 08:30:00+00:00","0.118","0.069","0.0338742"
"2013-03-11 09:00:00+00:00","0.133","0.3","0.03758265"
"2013-03-11 09:30:00+00:00","0.125","0.525","0.03824685"
"2013-03-11 10:00:00+00:00","0.216","0.625","0.03683235"
"2013-03-11 10:30:00+00:00","0.09","0.713","0.03384345"
"2013-03-11 11:00:00+00:00","0.125","0.475","0.0369"
"2013-03-11 11:30:00+00:00","0.128","0.769","0.0388065"
"2013-03-11 12:00:00+00:00","0.17","0.65","0.04073145"
"2013-03-11 12:30:00+00:00","0.087","0.706","0.0395568"
"2013-03-11 13:00:00+00:00","0.163","0.731","0.0377241"
"2013-03-11 13:30:00+00:00","0.202","0.919","0.0393108"
"2013-03-11 14:00:00+00:00","0.163","0.906","0.0363465"
"2013-03-11 14:30:00+00:00","0.144","0.863","0.0410943"
"2013-03-11 15:00:00+00:00","0.119","0.788","0.04417545"
"2013-03-11 15:30:00+00:00","0.18","0.694","0.04146945"
"2013-03-11 16:00:00+00:00","0.105","0.638","0.04249035"
"2013-03-11 16:30:00+00:00","0.119","0.419","0.0446613"
"2013-03-11 17:00:00+00:00","0.179","0.363","0.0427179"
"2013-03-11 17:30:00+00:00","0.145","0.25","0.04041165"
"2013-03-11 18:00:00+00:00","0.188","0.138","0.0369984"
"2013-03-11 18:30:00+00:00","0.149","0.063","0.03840675"
"2013-03-11 19:00:00+00:00","0.169","0.006","0.03846825"
"2013-03-11 19:30:00+00:00","0.171","0.0","0.03529485"
"2013-03-11 20:00:00+00:00","0.086","0.0","0.0371214"
"2013-03-11 20:30:00+00:00","0.158","0.0","0.03614355"
"2013-03-11 21:00:00+00:00","0.119","0.0","0.03341295"
"2013-03-11 21:30:00+00:00","0.171","0.0","0.03417555"
"2013-03-11 22:00:00+00:00","0.101","0.0","0.0318447"
"2013-03-11 22:30:00+00:00","0.207","0.0","0.04170315"
"2013-03-11 23:00:00+00:00","0.155","0.0","0.03710295"
"2013-03-11 23:30:00+00:00","0.13","0.0","0.0373182"
"2013-03-12 00:00:00+00:00","0.109","0.0","0.03635265"
"2013-03-12 00:30:00+00:00","0.144","0.0","0.0324597"
"2013-03-12 01:00:00+00:00","0.157","0.0","0.03167865"
"2013-03-12 01:30:00+00:00","0.082","0.0","0.03078075"
"2013-03-12 02:00:00+00:00","0.165","0.0","0.0298644"
"2013-03-12 02:30:00+00:00","0.175","0.0","0.0295323"
"2013-03-12 03:00:00+00:00","0.151","0.006","0.02871435"
"2013-03-12 03:30:00+00:00","0.094","0.0","0.0284622"
"2013-03-12 04:00:00+00:00","0.173","0.0","0.0298398"
"2013-03-12 04:30:00+00:00","0.124","0.0","0.03016575"
"2013-03-12 05:00:00+00:00","0.102","0.0","0.03073155"
"2013-03-12 05:30:00+00:00","0.128","0.0","0.0322752"
"2013-03-12 06:00:00+00:00","0.171","0.0","0.03274875"
"2013-03-12 06:30:00+00:00","0.13","0.0","0.041697"
"2013-03-12 07:00:00+00:00","0.144","0.0","0.0363342"
"2013-03-12 07:30:00+00:00","0.142","0.006","0.0304548"
"2013-03-12 08:00:00+00:00","0.123","0.025","0.0319431"
"2013-03-12 08:30:00+00:00","0.093","0.013","0.03268725"
"2013-03-12 09:00:00+00:00","0.155","0.156","0.0336405"
"2013-03-12 09:30:00+00:00","0.134","0.575","0.0329763"
"2013-03-12 10:00:00+00:00","0.11","0.631","0.0329886"
"2013-03-12 10:30:00+00:00","0.174","0.456","0.03352365"
"2013-03-12 11:00:00+00:00","0.184","0.781","0.03378195"
"2013-03-12 11:30:00+00:00","0.103","0.888","0.0344277"
"2013-03-12 12:00:00+00:00","0.139","0.725","0.0354486"
"2013-03-12 12:30:00+00:00","0.124","0.9","0.03324075"
"2013-03-12 13:00:00+00:00","0.184","0.869","0.034194"
"2013-03-12 13:30:00+00:00","0.069","0.875","0.0339111"
"2013-03-12 14:00:00+00:00","0.2","0.85","0.03383115"
"2013-03-12 14:30:00+00:00","0.199","0.819","0.0344646"
"2013-03-12 15:00:00+00:00","0.36","0.763","0.03124815"
"2013-03-12 15:30:00+00:00","0.344","0.731","0.03288405"
"2013-03-12 16:00:00+00:00","0.352","0.656","0.0335421"
"2013-03-12 16:30:00+00:00","0.332","0.563","0.03621735"
"2013-03-12 17:00:00+00:00","0.318","0.394","0.0338127"
"2013-03-12 17:30:00+00:00","0.303","0.356","0.03252735"
"2013-03-12 18:00:00+00:00","0.354","0.163","0.03577455"
"2013-03-12 18:30:00+00:00","0.445","0.025","0.0343662"
"2013-03-12 19:00:00+00:00","0.277","0.006","0.03417555"
"2013-03-12 19:30:00+00:00","0.439","0.0","0.03381885"
"2013-03-12 20:00:00+00:00","0.277","0.0","0.03389265"
"2013-03-12 20:30:00+00:00","0.34","0.0","0.035055"
"2013-03-12 21:00:00+00:00","0.245","0.0","0.0323121"
"2013-03-12 21:30:00+00:00","0.163","0.0","0.03071925"
"2013-03-12 22:00:00+00:00","0.218","0.0","0.0307869"
"2013-03-12 22:30:00+00:00","0.146","0.0","0.03770565"
"2013-03-12 23:00:00+00:00","0.226","0.0","0.03155565"
"2013-03-12 23:30:00+00:00","0.141","0.0","0.03117435"
"2013-03-13 00:00:00+00:00","0.205","0.0","0.03075"
"2013-03-13 00:30:00+00:00","0.135","0.0","0.0305532"
"2013-03-13 01:00:00+00:00","0.137","0.0","0.0302949"
"2013-03-13 01:30:00+00:00","0.12","0.0","0.0299997"
"2013-03-13 02:00:00+00:00","0.198","0.0","0.0286836"
"2013-03-13 02:30:00+00:00","0.109","0.0","0.02766885"
"2013-03-13 03:00:00+00:00","0.174","0.0","0.0277119"
"2013-03-13 03:30:00+00:00","0.185","0.0","0.02771805"
"2013-03-13 04:00:00+00:00","0.179","0.0","0.0282777"
"2013-03-13 04:30:00+00:00","0.088","0.0","0.02930475"
"2013-03-13 05:00:00+00:00","0.165","0.0","0.03086685"
"2013-03-13 05:30:00+00:00","0.153","0.0","0.03235515"
"2013-03-13 06:00:00+00:00","0.12","0.0","0.03177705"
"2013-03-13 06:30:00+00:00","0.132","0.0","0.04257645"
"2013-03-13 07:00:00+00:00","0.375","0.0","0.0397659"
"2013-03-13 07:30:00+00:00","0.194","0.006","0.03046095"
"2013-03-13 08:00:00+00:00","0.112","0.013","0.03313005"
"2013-03-13 08:30:00+00:00","0.272","0.031","0.03351135"
"2013-03-13 09:00:00+00:00","0.214","0.294","0.03379425"
"2013-03-13 09:30:00+00:00","0.195","0.531","0.03378195"
"2013-03-13 10:00:00+00:00","0.249","0.638","0.033825"
"2013-03-13 10:30:00+00:00","0.301","0.719","0.03380655"
"2013-03-13 11:00:00+00:00","0.231","0.788","0.03381885"
"2013-03-13 11:30:00+00:00","0.22","0.844","0.03381885"
"2013-03-13 12:00:00+00:00","0.278","0.881","0.03381885"
"2013-03-13 12:30:00+00:00","0.229","0.906","0.03383115"
"2013-03-13 13:00:00+00:00","0.207","0.856","0.0340218"
"2013-03-13 13:30:00+00:00","0.333","0.85","0.03467985"
"2013-03-13 14:00:00+00:00","0.252","0.681","0.03475365"
"2013-03-13 14:30:00+00:00","0.099","0.669","0.033948"
"2013-03-13 15:00:00+00:00","0.202","0.806","0.03467985"
"2013-03-13 15:30:00+00:00","0.184","0.744","0.0339726"
"2013-03-13 16:00:00+00:00","0.203","0.669","0.03454455"
"2013-03-13 16:30:00+00:00","0.117","0.575","0.0348705"
"2013-03-13 17:00:00+00:00","0.271","0.456","0.0346368"
"2013-03-13 17:30:00+00:00","0.219","0.338","0.0333453"
"2013-03-13 18:00:00+00:00","0.138","0.156","0.03383115"
"2013-03-13 18:30:00+00:00","0.178","0.025","0.0331116"
"2013-03-13 19:00:00+00:00","0.133","0.006","0.0358668"
"2013-03-13 19:30:00+00:00","0.224","0.0","0.0348828"
"2013-03-13 20:00:00+00:00","0.289","0.0","0.03282255"
"2013-03-13 20:30:00+00:00","0.43","0.0","0.03105135"
"2013-03-13 21:00:00+00:00","0.237","0.0","0.03079305"
"2013-03-13 21:30:00+00:00","0.174","0.0","0.0307377"
"2013-03-13 22:00:00+00:00","0.195","0.0","0.03012885"
"2013-03-13 22:30:00+00:00","0.143","0.0","0.03257655"
"2013-03-13 23:00:00+00:00","0.156","0.0","0.03038715"
"2013-03-13 23:30:00+00:00","0.216","0.0","0.03075"
"2013-03-14 00:00:00+00:00","0.208","0.0","0.03063315"
"2013-03-14 00:30:00+00:00","0.131","0.0","0.03051015"
"2013-03-14 01:00:00+00:00","0.154","0.0","0.030381"
"2013-03-14 01:30:00+00:00","0.172","0.0","0.0291264"
"2013-03-14 02:00:00+00:00","0.133","0.0","0.0282039"
"2013-03-14 02:30:00+00:00","0.123","0.0","0.0282408"
"2013-03-14 03:00:00+00:00","0.154","0.0","0.0282531"
"2013-03-14 03:30:00+00:00","0.198","0.0","0.0284253"
"2013-03-14 04:00:00+00:00","0.143","0.0","0.02861595"
"2013-03-14 04:30:00+00:00","0.149","0.0","0.0296799"
"2013-03-14 05:00:00+00:00","0.174","0.0","0.0306393"
"2013-03-14 05:30:00+00:00","0.108","0.0","0.03078075"
"2013-03-14 06:00:00+00:00","0.603","0.0","0.03139575"
"2013-03-14 06:30:00+00:00","0.46","0.0","0.03931695"
"2013-03-14 07:00:00+00:00","0.219","0.0","0.0372813"
"2013-03-14 07:30:00+00:00","0.191","0.0","0.0301719"
"2013-03-14 08:00:00+00:00","0.264","0.031","0.0316479"
"2013-03-14 08:30:00+00:00","0.188","0.044","0.0333699"
"2013-03-14 09:00:00+00:00","0.13","0.275","0.033825"
"2013-03-14 09:30:00+00:00","0.13","0.281","0.03376965"
"2013-03-14 10:00:00+00:00","0.176","0.588","0.0337512"
"2013-03-14 10:30:00+00:00","0.09","0.681","0.03359745"
"2013-03-14 11:00:00+00:00","0.154","0.75","0.033825"
"2013-03-14 11:30:00+00:00","0.205","0.788","0.03383115"
"2013-03-14 12:00:00+00:00","0.21","0.813","0.0335544"
"2013-03-14 12:30:00+00:00","0.154","0.831","0.03364665"
"2013-03-14 13:00:00+00:00","0.173","0.731","0.033825"
"2013-03-14 13:30:00+00:00","0.229","0.725","0.0338127"
"2013-03-14 14:00:00+00:00","0.152","0.394","0.03380655"
"2013-03-14 14:30:00+00:00","0.125","0.344","0.03376965"
"2013-03-14 15:00:00+00:00","0.165","0.219","0.03344985"
"2013-03-14 15:30:00+00:00","0.175","0.331","0.03389265"
"2013-03-14 16:00:00+00:00","0.256","0.431","0.0333945"
"2013-03-14 16:30:00+00:00","0.28","0.238","0.0338004"
"2013-03-14 17:00:00+00:00","0.518","0.131","0.0337266"
"2013-03-14 17:30:00+00:00","0.269","0.094","0.03239205"
"2013-03-14 18:00:00+00:00","0.266","0.044","0.03525795"
"2013-03-14 18:30:00+00:00","0.408","0.05","0.03357285"
"2013-03-14 19:00:00+00:00","0.281","0.006","0.03477825"
"2013-03-14 19:30:00+00:00","0.325","0.0","0.03517185"
"2013-03-14 20:00:00+00:00","0.296","0.0","0.03429855"
"2013-03-14 20:30:00+00:00","0.306","0.0","0.03123585"
"2013-03-14 21:00:00+00:00","0.313","0.0","0.03069465"
"2013-03-14 21:30:00+00:00","0.445","0.0","0.03106365"
"2013-03-14 22:00:00+00:00","0.499","0.0","0.0297906"
"2013-03-14 22:30:00+00:00","0.243","0.0","0.0309222"
"2013-03-14 23:00:00+00:00","0.211","0.0","0.03052245"
"2013-03-14 23:30:00+00:00","0.216","0.0","0.0310944"
"2013-03-15 00:00:00+00:00","0.15","0.0","0.03046095"
"2013-03-15 00:30:00+00:00","0.14","0.0","0.03023955"
"2013-03-15 01:00:00+00:00","0.138","0.0","0.0299505"
"2013-03-15 01:30:00+00:00","0.221","0.0","0.02900955"
"2013-03-15 02:00:00+00:00","0.193","0.0","0.02805015"
"2013-03-15 02:30:00+00:00","0.118","0.0","0.02755815"
"2013-03-15 03:00:00+00:00","0.143","0.0","0.0278349"
"2013-03-15 03:30:00+00:00","0.165","0.0","0.0279825"
"2013-03-15 04:00:00+00:00","0.145","0.0","0.02825925"
"2013-03-15 04:30:00+00:00","0.099","0.0","0.02987055"
"2013-03-15 05:00:00+00:00","0.178","0.0","0.03086685"
"2013-03-15 05:30:00+00:00","0.209","0.0","0.030873"
"2013-03-15 06:00:00+00:00","0.152","0.0","0.0326811"
"2013-03-15 06:30:00+00:00","0.257","0.0","0.0345876"
"2013-03-15 07:00:00+00:00","0.197","0.0","0.0336651"
"2013-03-15 07:30:00+00:00","0.154","0.0","0.03341295"
"2013-03-15 08:00:00+00:00","0.226","0.0","0.0337758"
"2013-03-15 08:30:00+00:00","0.205","0.006","0.0339603"
"2013-03-15 09:00:00+00:00","0.202","0.031","0.03383115"
"2013-03-15 09:30:00+00:00","0.144","0.063","0.03360975"
"2013-03-15 10:00:00+00:00","0.167","0.05","0.0338373"
"2013-03-15 10:30:00+00:00","0.113","0.119","0.0338496"
"2013-03-15 11:00:00+00:00","0.175","0.069","0.03434775"
"2013-03-15 11:30:00+00:00","0.068","0.044","0.0342432"
"2013-03-15 12:00:00+00:00","0.158","0.094","0.0341325"
"2013-03-15 12:30:00+00:00","0.127","0.131","0.03383115"
"2013-03-15 13:00:00+00:00","0.173","0.1","0.03380655"
"2013-03-15 13:30:00+00:00","0.104","0.063","0.033948"
"2013-03-15 14:00:00+00:00","0.252","0.15","0.03383115"
"2013-03-15 14:30:00+00:00","0.22","0.1","0.03369585"
"2013-03-15 15:00:00+00:00","0.109","0.056","0.0338373"
"2013-03-15 15:30:00+00:00","0.162","0.194","0.0337758"
"2013-03-15 16:00:00+00:00","0.137","0.15","0.0335421"
"2013-03-15 16:30:00+00:00","0.133","0.081","0.03273645"
"2013-03-15 17:00:00+00:00","0.101","0.094","0.03314235"
"2013-03-15 17:30:00+00:00","0.323","0.094","0.03169095"
"2013-03-15 18:00:00+00:00","0.251","0.163","0.03240435"
"2013-03-15 18:30:00+00:00","0.195","0.031","0.03359745"
"2013-03-15 19:00:00+00:00","0.236","0.0","0.0337143"
"2013-03-15 19:30:00+00:00","0.347","0.0","0.03370815"
"2013-03-15 20:00:00+00:00","0.704","0.0","0.032718"
"2013-03-15 20:30:00+00:00","0.632","0.0","0.0313773"
"2013-03-15 21:00:00+00:00","0.322","0.0","0.03117435"
"2013-03-15 21:30:00+00:00","0.245","0.0","0.0316233"
"2013-03-15 22:00:00+00:00","0.135","0.0","0.0307992"
"2013-03-15 22:30:00+00:00","0.18","0.0","0.0312174"
"2013-03-15 23:00:00+00:00","0.812","0.0","0.03051015"
"2013-03-15 23:30:00+00:00","0.392","0.0","0.03070695"
"2013-03-16 00:00:00+00:00","0.079","0.0","0.03186315"
"2013-03-16 00:30:00+00:00","0.165","0.0","0.0306639"
"2013-03-16 01:00:00+00:00","0.151","0.0","0.0304425"
"2013-03-16 01:30:00+00:00","0.156","0.0","0.03058395"
"2013-03-16 02:00:00+00:00","0.163","0.0","0.02849295"
"2013-03-16 02:30:00+00:00","0.151","0.0","0.02792715"
"2013-03-16 03:00:00+00:00","0.12","0.0","0.0279456"
"2013-03-16 03:30:00+00:00","0.1","0.0","0.0274413"
"2013-03-16 04:00:00+00:00","0.146","0.0","0.02797635"
"2013-03-16 04:30:00+00:00","0.154","0.0","0.02821005"
"2013-03-16 05:00:00+00:00","0.202","0.0","0.0285483"
"2013-03-16 05:30:00+00:00","0.258","0.0","0.0299997"
"2013-03-16 06:00:00+00:00","0.243","0.0","0.02969835"
"2013-03-16 06:30:00+00:00","0.2","0.0","0.0300612"
"2013-03-16 07:00:00+00:00","0.238","0.0","0.03075615"
"2013-03-16 07:30:00+00:00","0.199","0.006","0.03175245"
"2013-03-16 08:00:00+00:00","0.161","0.025","0.0329394"
"2013-03-16 08:30:00+00:00","0.086","0.056","0.0334314"
"2013-03-16 09:00:00+00:00","0.152","0.263","0.0336897"
"2013-03-16 09:30:00+00:00","0.171","0.5","0.03379425"
"2013-03-16 10:00:00+00:00","0.143","0.613","0.0338127"
"2013-03-16 10:30:00+00:00","0.128","0.469","0.0337758"
"2013-03-16 11:00:00+00:00","0.157","0.444","0.0334191"
"2013-03-16 11:30:00+00:00","0.111","0.4","0.03348675"
"2013-03-16 12:00:00+00:00","0.102","0.45","0.03324075"
"2013-03-16 12:30:00+00:00","0.146","0.838","0.03269955"
"2013-03-16 13:00:00+00:00","0.142","0.825","0.032349"
"2013-03-16 13:30:00+00:00","0.15","0.831","0.0322629"
"2013-03-16 14:00:00+00:00","0.159","0.775","0.03317925"
"2013-03-16 14:30:00+00:00","0.201","0.606","0.033333"
"2013-03-16 15:00:00+00:00","0.107","0.488","0.0337512"
"2013-03-16 15:30:00+00:00","0.11","0.7","0.03383115"
"2013-03-16 16:00:00+00:00","0.145","0.613","0.0337389"
"2013-03-16 16:30:00+00:00","0.144","0.531","0.03384345"
"2013-03-16 17:00:00+00:00","0.161","0.369","0.0334806"
"2013-03-16 17:30:00+00:00","0.089","0.269","0.03320385"
"2013-03-16 18:00:00+00:00","0.226","0.144","0.0338988"
"2013-03-16 18:30:00+00:00","0.183","0.038","0.0340218"
"2013-03-16 19:00:00+00:00","0.133","0.0","0.03385575"
"2013-03-16 19:30:00+00:00","0.116","0.0","0.03357285"
"2013-03-16 20:00:00+00:00","0.138","0.0","0.0327918"
"2013-03-16 20:30:00+00:00","0.178","0.0","0.0319431"
"2013-03-16 21:00:00+00:00","0.096","0.0","0.0318201"
"2013-03-16 21:30:00+00:00","0.139","0.0","0.0311928"
"2013-03-16 22:00:00+00:00","0.166","0.0","0.0301596"
"2013-03-16 22:30:00+00:00","0.21","0.0","0.0303441"
"2013-03-16 23:00:00+00:00","0.123","0.0","0.0305655"
"2013-03-16 23:30:00+00:00","0.114","0.0","0.03161715"
"2013-03-17 00:00:00+00:00","0.157","0.0","0.0303195"
"2013-03-17 00:30:00+00:00","0.142","0.0","0.03025185"
"2013-03-17 01:00:00+00:00","0.115","0.0","0.02968605"
"2013-03-17 01:30:00+00:00","0.116","0.0","0.0284868"
"2013-03-17 02:00:00+00:00","0.166","0.0","0.0272937"
"2013-03-17 02:30:00+00:00","0.169","0.0","0.02745975"
"2013-03-17 03:00:00+00:00","0.153","0.0","0.02747205"
"2013-03-17 03:30:00+00:00","0.119","0.0","0.0280563"
"2013-03-17 04:00:00+00:00","0.187","0.0","0.02789025"
"2013-03-17 04:30:00+00:00","0.095","0.006","0.0279456"
"2013-03-17 05:00:00+00:00","0.126","0.0","0.02793945"
"2013-03-17 05:30:00+00:00","0.126","0.0","0.028659"
"2013-03-17 06:00:00+00:00","0.159","0.0","0.02807475"
"2013-03-17 06:30:00+00:00","0.102","0.0","0.0292125"
"2013-03-17 07:00:00+00:00","0.178","0.0","0.0302826"
"2013-03-17 07:30:00+00:00","0.168","0.0","0.0298152"
"2013-03-17 08:00:00+00:00","0.144","0.019","0.0307377"
"2013-03-17 08:30:00+00:00","0.073","0.088","0.030996"
"2013-03-17 09:00:00+00:00","0.153","0.194","0.03092835"
"2013-03-17 09:30:00+00:00","0.128","0.206","0.03085455"
"2013-03-17 10:00:00+00:00","0.099","0.338","0.0308361"
"2013-03-17 10:30:00+00:00","0.129","0.738","0.0308607"
"2013-03-17 11:00:00+00:00","0.19","0.738","0.0307254"
"2013-03-17 11:30:00+00:00","0.159","0.525","0.0307008"
"2013-03-17 12:00:00+00:00","0.093","0.8","0.03075615"
"2013-03-17 12:30:00+00:00","0.166","0.938","0.03076845"
"2013-03-17 13:00:00+00:00","0.118","0.956","0.03075615"
"2013-03-17 13:30:00+00:00","0.116","0.888","0.02892345"
"2013-03-17 14:00:00+00:00","0.119","0.906","0.03000585"
"2013-03-17 14:30:00+00:00","0.175","0.888","0.03071925"
"2013-03-17 15:00:00+00:00","0.117","0.85","0.0297045"
"2013-03-17 15:30:00+00:00","0.169","0.775","0.03078075"
"2013-03-17 16:00:00+00:00","0.155","0.694","0.0310698"
"2013-03-17 16:30:00+00:00","0.145","0.581","0.0307746"
"2013-03-17 17:00:00+00:00","0.085","0.463","0.03143265"
"2013-03-17 17:30:00+00:00","0.146","0.338","0.0308853"
"2013-03-17 18:00:00+00:00","0.147","0.15","0.0309345"
"2013-03-17 18:30:00+00:00","0.085","0.025","0.03140805"
"2013-03-17 19:00:00+00:00","0.17","0.0","0.0319923"
"2013-03-17 19:30:00+00:00","0.164","0.0","0.0315495"
"2013-03-17 20:00:00+00:00","0.519","0.0","0.0296184"
"2013-03-17 20:30:00+00:00","0.177","0.0","0.0304548"
"2013-03-17 21:00:00+00:00","0.43","0.0","0.030627"
"2013-03-17 21:30:00+00:00","0.432","0.0","0.030381"
"2013-03-17 22:00:00+00:00","0.243","0.0","0.0293232"
"2013-03-17 22:30:00+00:00","0.288","0.0","0.0302826"
"2013-03-17 23:00:00+00:00","0.3","0.0","0.029151"
"2013-03-17 23:30:00+00:00","0.147","0.0","0.03054705"
"2013-03-18 00:00:00+00:00","0.138","0.0","0.0300366"
"2013-03-18 00:30:00+00:00","0.125","0.0","0.0284499"
"2013-03-18 01:00:00+00:00","0.166","0.0","0.027675"
"2013-03-18 01:30:00+00:00","0.074","0.0","0.027306"
"2013-03-18 02:00:00+00:00","0.16","0.0","0.0264204"
"2013-03-18 02:30:00+00:00","0.138","0.0","0.0271338"
"2013-03-18 03:00:00+00:00","0.115","0.0","0.02721375"
"2013-03-18 03:30:00+00:00","0.175","0.0","0.02722605"
"2013-03-18 04:00:00+00:00","0.152","0.0","0.02726295"
"2013-03-18 04:30:00+00:00","0.118","0.0","0.0284991"
"2013-03-18 05:00:00+00:00","0.097","0.0","0.0290034"
"2013-03-18 05:30:00+00:00","0.157","0.0","0.0308607"
"2013-03-18 06:00:00+00:00","0.087","0.0","0.0310452"
"2013-03-18 06:30:00+00:00","0.199","0.0","0.03146955"
"2013-03-18 07:00:00+00:00","0.35","0.0","0.0334683"
"2013-03-18 07:30:00+00:00","0.182","0.006","0.03075"
"2013-03-18 08:00:00+00:00","0.177","0.019","0.03114975"
"2013-03-18 08:30:00+00:00","0.169","0.038","0.0315249"
"2013-03-18 09:00:00+00:00","0.128","0.281","0.03133425"
"2013-03-18 09:30:00+00:00","0.104","0.531","0.03130965"
"2013-03-18 10:00:00+00:00","0.17","0.613","0.03142035"
"2013-03-18 10:30:00+00:00","0.085","0.719","0.03178935"
"2013-03-18 11:00:00+00:00","0.182","0.756","0.03146955"
"2013-03-18 11:30:00+00:00","0.179","0.856","0.0314634"
"2013-03-18 12:00:00+00:00","0.153","0.819","0.03146955"
"2013-03-18 12:30:00+00:00","0.122","0.781","0.0316602"
"2013-03-18 13:00:00+00:00","0.251","0.875","0.03151875"
"2013-03-18 13:30:00+00:00","0.376","0.856","0.0317955"
"2013-03-18 14:00:00+00:00","0.196","0.838","0.0319677"
"2013-03-18 14:30:00+00:00","0.237","0.725","0.03229365"
"2013-03-18 15:00:00+00:00","0.295","0.738","0.0318693"
"2013-03-18 15:30:00+00:00","0.25","0.519","0.0327057"
"2013-03-18 16:00:00+00:00","0.185","0.606","0.03289635"
"2013-03-18 16:30:00+00:00","0.142","0.531","0.03289635"
"2013-03-18 17:00:00+00:00","0.174","0.356","0.0322998"
"2013-03-18 17:30:00+00:00","0.29","0.213","0.0315003"
"2013-03-18 18:00:00+00:00","0.148","0.15","0.0326319"
"2013-03-18 18:30:00+00:00","0.361","0.025","0.0321276"
"2013-03-18 19:00:00+00:00","0.237","0.006","0.03289635"
"2013-03-18 19:30:00+00:00","0.275","0.0","0.03181395"
"2013-03-18 20:00:00+00:00","0.356","0.0","0.0310329"
"2013-03-18 20:30:00+00:00","0.385","0.0","0.0312051"
"2013-03-18 21:00:00+00:00","0.319","0.0","0.03060855"
"2013-03-18 21:30:00+00:00","0.356","0.0","0.03079305"
"2013-03-18 22:00:00+00:00","0.131","0.0","0.0294708"
"2013-03-18 22:30:00+00:00","0.187","0.0","0.03105135"
"2013-03-18 23:00:00+00:00","0.174","0.0","0.03075"
"2013-03-18 23:30:00+00:00","0.185","0.0","0.0312051"
"2013-03-19 00:00:00+00:00","0.128","0.0","0.03063315"
"2013-03-19 00:30:00+00:00","0.12","0.0","0.03032565"
"2013-03-19 01:00:00+00:00","0.166","0.0","0.02969835"
"2013-03-19 01:30:00+00:00","0.169","0.0","0.0283515"
"2013-03-19 02:00:00+00:00","0.092","0.0","0.02726295"
"2013-03-19 02:30:00+00:00","0.222","0.0","0.0272445"
"2013-03-19 03:00:00+00:00","0.14","0.0","0.0272445"
"2013-03-19 03:30:00+00:00","0.093","0.0","0.02726295"
"2013-03-19 04:00:00+00:00","0.131","0.0","0.02726295"
"2013-03-19 04:30:00+00:00","0.137","0.0","0.02935395"
"2013-03-19 05:00:00+00:00","0.089","0.0","0.0307008"
"2013-03-19 05:30:00+00:00","0.118","0.0","0.03091605"
"2013-03-19 06:00:00+00:00","0.147","0.0","0.03122355"
"2013-03-19 06:30:00+00:00","0.093","0.0","0.0313281"
"2013-03-19 07:00:00+00:00","0.184","0.0","0.0312174"
"2013-03-19 07:30:00+00:00","0.142","0.0","0.03022725"
"2013-03-19 08:00:00+00:00","0.093","0.006","0.03076845"
"2013-03-19 08:30:00+00:00","0.275","0.025","0.03084225"
"2013-03-19 09:00:00+00:00","0.161","0.288","0.03084225"
"2013-03-19 09:30:00+00:00","0.1","0.544","0.0307746"
"2013-03-19 10:00:00+00:00","0.123","0.569","0.03085455"
"2013-03-19 10:30:00+00:00","0.556","0.681","0.03073155"
"2013-03-19 11:00:00+00:00","0.155","0.775","0.03076845"
"2013-03-19 11:30:00+00:00","0.241","0.85","0.0307746"
"2013-03-19 12:00:00+00:00","0.139","0.875","0.0306639"
"2013-03-19 12:30:00+00:00","0.14","0.9","0.03075615"
"2013-03-19 13:00:00+00:00","0.127","0.863","0.0307746"
"2013-03-19 13:30:00+00:00","0.167","0.875","0.0307623"
"2013-03-19 14:00:00+00:00","0.169","0.856","0.03075"
"2013-03-19 14:30:00+00:00","0.318","0.838","0.0306885"
"2013-03-19 15:00:00+00:00","0.271","0.838","0.0307746"
"2013-03-19 15:30:00+00:00","0.207","0.619","0.03086685"
"2013-03-19 16:00:00+00:00","0.186","0.65","0.03079305"
"2013-03-19 16:30:00+00:00","0.209","0.556","0.0310944"
"2013-03-19 17:00:00+00:00","0.209","0.45","0.0314757"
"2013-03-19 17:30:00+00:00","0.208","0.313","0.0310452"
"2013-03-19 18:00:00+00:00","0.345","0.175","0.03244125"
"2013-03-19 18:30:00+00:00","0.262","0.025","0.03140805"
"2013-03-19 19:00:00+00:00","0.156","0.006","0.0317217"
"2013-03-19 19:30:00+00:00","0.329","0.0","0.0304425"
"2013-03-19 20:00:00+00:00","0.171","0.0","0.0305532"
"2013-03-19 20:30:00+00:00","0.217","0.0","0.03031335"
"2013-03-19 21:00:00+00:00","0.119","0.0","0.02919405"
"2013-03-19 21:30:00+00:00","0.199","0.0","0.03042405"
"2013-03-19 22:00:00+00:00","0.2","0.0","0.0292002"
"2013-03-19 22:30:00+00:00","0.163","0.0","0.0318939"
"2013-03-19 23:00:00+00:00","0.114","0.0","0.0313773"
"2013-03-19 23:30:00+00:00","0.167","0.0","0.03144495"
"2013-03-20 00:00:00+00:00","0.149","0.0","0.03041175"
"2013-03-20 00:30:00+00:00","0.089","0.0","0.0296799"
"2013-03-20 01:00:00+00:00","0.168","0.0","0.02950155"
"2013-03-20 01:30:00+00:00","0.163","0.0","0.02791485"
"2013-03-20 02:00:00+00:00","0.142","0.0","0.02664795"
"2013-03-20 02:30:00+00:00","0.121","0.0","0.02684475"
"2013-03-20 03:00:00+00:00","0.173","0.0","0.02706"
"2013-03-20 03:30:00+00:00","0.082","0.0","0.0269739"
"2013-03-20 04:00:00+00:00","0.15","0.0","0.0271461"
"2013-03-20 04:30:00+00:00","0.148","0.0","0.02726295"
"2013-03-20 05:00:00+00:00","0.081","0.0","0.02886195"
"2013-03-20 05:30:00+00:00","0.18","0.0","0.0308976"
"2013-03-20 06:00:00+00:00","0.319","0.0","0.031242"
"2013-03-20 06:30:00+00:00","0.136","0.0","0.0331485"
"2013-03-20 07:00:00+00:00","0.124","0.0","0.0338127"
"2013-03-20 07:30:00+00:00","0.196","0.0","0.03075"
"2013-03-20 08:00:00+00:00","0.272","0.006","0.03096525"
"2013-03-20 08:30:00+00:00","0.517","0.031","0.03126045"
"2013-03-20 09:00:00+00:00","0.839","0.281","0.0315618"
"2013-03-20 09:30:00+00:00","0.17","0.513","0.0334929"
"2013-03-20 10:00:00+00:00","0.243","0.619","0.0336774"
"2013-03-20 10:30:00+00:00","0.229","0.7","0.03137115"
"2013-03-20 11:00:00+00:00","0.218","0.763","0.032472"
"2013-03-20 11:30:00+00:00","0.257","0.806","0.03225675"
"2013-03-20 12:00:00+00:00","0.301","0.85","0.0323121"
"2013-03-20 12:30:00+00:00","0.197","0.444","0.03281025"
"2013-03-20 13:00:00+00:00","0.283","0.463","0.0334929"
"2013-03-20 13:30:00+00:00","0.282","0.85","0.03359745"
"2013-03-20 14:00:00+00:00","0.366","0.856","0.033579"
"2013-03-20 14:30:00+00:00","0.149","0.806","0.03367125"
"2013-03-20 15:00:00+00:00","0.31","0.769","0.0337881"
"2013-03-20 15:30:00+00:00","0.22","0.494","0.03347445"
"2013-03-20 16:00:00+00:00","0.172","0.356","0.0335667"
"2013-03-20 16:30:00+00:00","0.179","0.225","0.0333945"
"2013-03-20 17:00:00+00:00","0.286","0.444","0.033702"
"2013-03-20 17:30:00+00:00","0.179","0.3","0.0326934"
"2013-03-20 18:00:00+00:00","0.149","0.156","0.0334068"
"2013-03-20 18:30:00+00:00","0.14","0.019","0.0337758"
"2013-03-20 19:00:00+00:00","0.159","0.0","0.0336651"
"2013-03-20 19:30:00+00:00","0.071","0.006","0.03279795"
"2013-03-20 20:00:00+00:00","0.178","0.0","0.03106365"
"2013-03-20 20:30:00+00:00","0.352","0.0","0.030627"
"2013-03-20 21:00:00+00:00","0.293","0.0","0.02991975"
"2013-03-20 21:30:00+00:00","0.143","0.0","0.0315987"
"2013-03-20 22:00:00+00:00","0.173","0.0","0.0303072"
"2013-03-20 22:30:00+00:00","0.095","0.0","0.03271185"
"2013-03-20 23:00:00+00:00","0.138","0.0","0.03129735"
"2013-03-20 23:30:00+00:00","0.145","0.0","0.03044865"
"2013-03-21 00:00:00+00:00","0.133","0.0","0.030873"
"2013-03-21 00:30:00+00:00","0.121","0.0","0.02968605"
"2013-03-21 01:00:00+00:00","0.19","0.0","0.0287205"
"2013-03-21 01:30:00+00:00","0.118","0.0","0.02813625"
"2013-03-21 02:00:00+00:00","0.081","0.0","0.02754585"
"2013-03-21 02:30:00+00:00","0.15","0.0","0.02726295"
"2013-03-21 03:00:00+00:00","0.137","0.0","0.0274905"
"2013-03-21 03:30:00+00:00","0.092","0.0","0.0277488"
"2013-03-21 04:00:00+00:00","0.129","0.0","0.02880045"
"2013-03-21 04:30:00+00:00","0.187","0.0","0.03021495"
"2013-03-21 05:00:00+00:00","0.092","0.0","0.03091605"
"2013-03-21 05:30:00+00:00","0.149","0.0","0.0327426"
"2013-03-21 06:00:00+00:00","0.118","0.0","0.03383115"
"2013-03-21 06:30:00+00:00","0.119","0.0","0.03376965"
"2013-03-21 07:00:00+00:00","0.289","0.0","0.033825"
"2013-03-21 07:30:00+00:00","0.242","0.0","0.031119"
"2013-03-21 08:00:00+00:00","0.183","0.013","0.03135885"
"2013-03-21 08:30:00+00:00","0.302","0.031","0.03340065"
"2013-03-21 09:00:00+00:00","0.211","0.275","0.0337512"
"2013-03-21 09:30:00+00:00","0.103","0.513","0.0322137"
"2013-03-21 10:00:00+00:00","0.108","0.619","0.03321"
"2013-03-21 10:30:00+00:00","0.176","0.7","0.0337635"
"2013-03-21 11:00:00+00:00","0.058","0.763","0.0337512"
"2013-03-21 11:30:00+00:00","0.165","0.806","0.0335298"
"2013-03-21 12:00:00+00:00","0.149","0.813","0.03127275"
"2013-03-21 12:30:00+00:00","0.157","0.844","0.0330132"
"2013-03-21 13:00:00+00:00","0.131","0.844","0.03331455"
"2013-03-21 13:30:00+00:00","0.155","0.844","0.03383115"
"2013-03-21 14:00:00+00:00","0.138","0.763","0.0336036"
"2013-03-21 14:30:00+00:00","0.088","0.688","0.0324597"
"2013-03-21 15:00:00+00:00","0.18","0.656","0.033825"
"2013-03-21 15:30:00+00:00","0.109","0.519","0.03335145"
"2013-03-21 16:00:00+00:00","0.178","0.3","0.033825"
"2013-03-21 16:30:00+00:00","0.366","0.375","0.0319062"
"2013-03-21 17:00:00+00:00","0.241","0.188","0.0337881"
"2013-03-21 17:30:00+00:00","0.214","0.144","0.0337512"
"2013-03-21 18:00:00+00:00","0.18","0.044","0.03428625"
"2013-03-21 18:30:00+00:00","0.198","0.031","0.0324228"
"2013-03-21 19:00:00+00:00","0.203","0.0","0.03274875"
"2013-03-21 19:30:00+00:00","0.248","0.0","0.0316479"
"2013-03-21 20:00:00+00:00","0.183","0.0","0.0330747"
"2013-03-21 20:30:00+00:00","0.338","0.0","0.03070695"
"2013-03-21 21:00:00+00:00","0.482","0.0","0.03047325"
"2013-03-21 21:30:00+00:00","0.28","0.0","0.03084225"
"2013-03-21 22:00:00+00:00","0.154","0.0","0.02966145"
"2013-03-21 22:30:00+00:00","0.2","0.0","0.0320046"
"2013-03-21 23:00:00+00:00","0.154","0.0","0.0302334"
"2013-03-21 23:30:00+00:00","0.165","0.0","0.03047325"
"2013-03-22 00:00:00+00:00","0.159","0.0","0.0300489"
"2013-03-22 00:30:00+00:00","0.248","0.0","0.03025185"
"2013-03-22 01:00:00+00:00","0.164","0.0","0.02887425"
"2013-03-22 01:30:00+00:00","0.109","0.0","0.0287082"
"2013-03-22 02:00:00+00:00","0.13","0.0","0.02806245"
"2013-03-22 02:30:00+00:00","0.176","0.0","0.0280317"
"2013-03-22 03:00:00+00:00","0.107","0.0","0.02793945"
"2013-03-22 03:30:00+00:00","0.139","0.0","0.02790255"
"2013-03-22 04:00:00+00:00","0.165","0.0","0.02821005"
"2013-03-22 04:30:00+00:00","0.182","0.0","0.0301473"
"2013-03-22 05:00:00+00:00","0.098","0.0","0.03097755"
"2013-03-22 05:30:00+00:00","0.175","0.0","0.0331485"
"2013-03-22 06:00:00+00:00","0.167","0.0","0.03433545"
"2013-03-22 06:30:00+00:00","0.294","0.0","0.0339357"
"2013-03-22 07:00:00+00:00","0.229","0.0","0.0338127"
"2013-03-22 07:30:00+00:00","0.23","0.006","0.03213375"
"2013-03-22 08:00:00+00:00","0.244","0.025","0.0337758"
"2013-03-22 08:30:00+00:00","0.268","0.063","0.03383115"
"2013-03-22 09:00:00+00:00","0.239","0.169","0.03383115"
"2013-03-22 09:30:00+00:00","0.174","0.419","0.03383115"
"2013-03-22 10:00:00+00:00","0.124","0.638","0.03383115"
"2013-03-22 10:30:00+00:00","0.146","0.525","0.03383115"
"2013-03-22 11:00:00+00:00","0.263","0.7","0.0339111"
"2013-03-22 11:30:00+00:00","0.181","0.769","0.03383115"
"2013-03-22 12:00:00+00:00","0.116","0.806","0.03383115"
"2013-03-22 12:30:00+00:00","0.218","0.875","0.0338865"
"2013-03-22 13:00:00+00:00","0.211","0.819","0.0341325"
"2013-03-22 13:30:00+00:00","0.178","0.756","0.03416325"
"2013-03-22 14:00:00+00:00","0.153","0.563","0.03383115"
"2013-03-22 14:30:00+00:00","0.137","0.406","0.03383115"
"2013-03-22 15:00:00+00:00","0.15","0.325","0.03385575"
"2013-03-22 15:30:00+00:00","0.194","0.25","0.03386805"
"2013-03-22 16:00:00+00:00","0.185","0.094","0.034194"
"2013-03-22 16:30:00+00:00","0.31","0.081","0.03383115"
"2013-03-22 17:00:00+00:00","0.365","0.075","0.0347967"
"2013-03-22 17:30:00+00:00","0.327","0.075","0.03394185"
"2013-03-22 18:00:00+00:00","0.268","0.044","0.0336159"
"2013-03-22 18:30:00+00:00","0.279","0.019","0.0337881"
"2013-03-22 19:00:00+00:00","0.262","0.0","0.0345507"
"2013-03-22 19:30:00+00:00","0.188","0.0","0.0339726"
"2013-03-22 20:00:00+00:00","0.276","0.0","0.03380655"
"2013-03-22 20:30:00+00:00","0.31","0.0","0.03515955"
"2013-03-22 21:00:00+00:00","0.221","0.0","0.03314235"
"2013-03-22 21:30:00+00:00","0.192","0.0","0.0338619"
"2013-03-22 22:00:00+00:00","0.183","0.0","0.03268725"
"2013-03-22 22:30:00+00:00","0.225","0.0","0.0345507"
"2013-03-22 23:00:00+00:00","0.233","0.0","0.03549165"
"2013-03-22 23:30:00+00:00","0.141","0.0","0.03454455"
"2013-03-23 00:00:00+00:00","0.134","0.0","0.0342432"
"2013-03-23 00:30:00+00:00","0.176","0.0","0.0323613"
"2013-03-23 01:00:00+00:00","0.157","0.0","0.0321153"
"2013-03-23 01:30:00+00:00","0.194","0.0","0.0307008"
"2013-03-23 02:00:00+00:00","0.075","0.0","0.0306024"
"2013-03-23 02:30:00+00:00","0.209","0.0","0.0305163"
"2013-03-23 03:00:00+00:00","0.203","0.0","0.02923095"
"2013-03-23 03:30:00+00:00","0.195","0.0","0.0302826"
"2013-03-23 04:00:00+00:00","0.141","0.0","0.0298275"
"2013-03-23 04:30:00+00:00","0.131","0.0","0.02945235"
"2013-03-23 05:00:00+00:00","0.193","0.0","0.02962455"
"2013-03-23 05:30:00+00:00","0.133","0.0","0.0306147"
"2013-03-23 06:00:00+00:00","0.13","0.0","0.0307746"
"2013-03-23 06:30:00+00:00","0.125","0.0","0.03091605"
"2013-03-23 07:00:00+00:00","0.187","0.0","0.0315618"
"2013-03-23 07:30:00+00:00","0.335","0.006","0.0334437"
"2013-03-23 08:00:00+00:00","0.165","0.019","0.03428625"
"2013-03-23 08:30:00+00:00","0.182","0.069","0.0361005"
"2013-03-23 09:00:00+00:00","0.218","0.25","0.0340956"
"2013-03-23 09:30:00+00:00","0.217","0.475","0.03348675"
"2013-03-23 10:00:00+00:00","0.177","0.625","0.03383115"
"2013-03-23 10:30:00+00:00","0.188","0.663","0.03391725"
"2013-03-23 11:00:00+00:00","0.135","0.556","0.03389265"
"2013-03-23 11:30:00+00:00","0.232","0.8","0.03331455"
"2013-03-23 12:00:00+00:00","0.324","0.781","0.03389265"
"2013-03-23 12:30:00+00:00","0.29","0.775","0.03383115"
"2013-03-23 13:00:00+00:00","0.31","0.831","0.03389265"
"2013-03-23 13:30:00+00:00","0.241","0.556","0.03483975"
"2013-03-23 14:00:00+00:00","0.336","0.138","0.0347106"
"2013-03-23 14:30:00+00:00","0.239","0.463","0.03383115"
"2013-03-23 15:00:00+00:00","0.28","0.206","0.03395415"
"2013-03-23 15:30:00+00:00","0.243","0.05","0.03383115"
"2013-03-23 16:00:00+00:00","0.309","0.063","0.03383115"
"2013-03-23 16:30:00+00:00","0.228","0.044","0.0331116"
"2013-03-23 17:00:00+00:00","0.303","0.056","0.03389265"
"2013-03-23 17:30:00+00:00","0.316","0.25","0.03383115"
"2013-03-23 18:00:00+00:00","0.483","0.144","0.03456915"
"2013-03-23 18:30:00+00:00","0.2","0.013","0.0353256"
"2013-03-23 19:00:00+00:00","0.247","0.006","0.035301"
"2013-03-23 19:30:00+00:00","0.271","0.0","0.03383115"
"2013-03-23 20:00:00+00:00","0.319","0.0","0.033825"
"2013-03-23 20:30:00+00:00","0.352","0.0","0.0321276"
"2013-03-23 21:00:00+00:00","0.361","0.0","0.03279795"
"2013-03-23 21:30:00+00:00","0.387","0.0","0.032841"
"2013-03-23 22:00:00+00:00","0.332","0.0","0.0309345"
"2013-03-23 22:30:00+00:00","1.235","0.0","0.03176475"
"2013-03-23 23:00:00+00:00","0.316","0.0","0.0343662"
"2013-03-23 23:30:00+00:00","0.271","0.0","0.03107595"
"2013-03-24 00:00:00+00:00","0.284","0.0","0.0307131"
"2013-03-24 00:30:00+00:00","0.141","0.0","0.0289173"
"2013-03-24 01:00:00+00:00","0.128","0.0","0.02905875"
"2013-03-24 01:30:00+00:00","0.154","0.0","0.0287697"
"2013-03-24 02:00:00+00:00","0.187","0.0","0.0278472"
"2013-03-24 02:30:00+00:00","0.176","0.0","0.027429"
"2013-03-24 03:00:00+00:00","0.122","0.0","0.02726295"
"2013-03-24 03:30:00+00:00","0.166","0.0","0.02717685"
"2013-03-24 04:00:00+00:00","0.135","0.0","0.02766885"
"2013-03-24 04:30:00+00:00","0.168","0.0","0.029643"
"2013-03-24 05:00:00+00:00","0.07","0.0","0.0297414"
"2013-03-24 05:30:00+00:00","0.181","0.0","0.03068235"
"2013-03-24 06:00:00+00:00","0.121","0.0","0.02784105"
"2013-03-24 06:30:00+00:00","0.187","0.0","0.02798865"
"2013-03-24 07:00:00+00:00","0.255","0.0","0.0290157"
"2013-03-24 07:30:00+00:00","0.235","0.0","0.03009195"
"2013-03-24 08:00:00+00:00","0.137","0.019","0.03234285"
"2013-03-24 08:30:00+00:00","0.135","0.063","0.0314634"
"2013-03-24 09:00:00+00:00","0.269","0.313","0.03217065"
"2013-03-24 09:30:00+00:00","0.232","0.494","0.03292095"
"2013-03-24 10:00:00+00:00","0.175","0.588","0.03287175"
"2013-03-24 10:30:00+00:00","0.117","0.681","0.03300705"
"2013-03-24 11:00:00+00:00","0.26","0.725","0.0330009"
"2013-03-24 11:30:00+00:00","0.288","0.788","0.03306855"
"2013-03-24 12:00:00+00:00","0.495","0.744","0.0326811"
"2013-03-24 12:30:00+00:00","0.25","0.613","0.03383115"
"2013-03-24 13:00:00+00:00","0.2","0.781","0.03383115"
"2013-03-24 13:30:00+00:00","0.184","0.825","0.03383115"
"2013-03-24 14:00:00+00:00","0.256","0.831","0.03383115"
"2013-03-24 14:30:00+00:00","0.394","0.781","0.03406485"
"2013-03-24 15:00:00+00:00","0.419","0.738","0.03444"
"2013-03-24 15:30:00+00:00","0.366","0.669","0.0387327"
"2013-03-24 16:00:00+00:00","0.338","0.6","0.03560235"
"2013-03-24 16:30:00+00:00","0.267","0.506","0.03332685"
"2013-03-24 17:00:00+00:00","0.403","0.394","0.033948"
"2013-03-24 17:30:00+00:00","0.354","0.275","0.0339111"
"2013-03-24 18:00:00+00:00","0.282","0.131","0.0362727"
"2013-03-24 18:30:00+00:00","0.344","0.013","0.0359406"
"2013-03-24 19:00:00+00:00","0.301","0.0","0.03824685"
"2013-03-24 19:30:00+00:00","0.291","0.0","0.0341448"
"2013-03-24 20:00:00+00:00","0.36","0.0","0.0337512"
"2013-03-24 20:30:00+00:00","0.479","0.0","0.03354825"
"2013-03-24 21:00:00+00:00","0.291","0.0","0.0336528"
"2013-03-24 21:30:00+00:00","0.215","0.0","0.0330255"
"2013-03-24 22:00:00+00:00","0.158","0.0","0.0307377"
"2013-03-24 22:30:00+00:00","0.162","0.0","0.0313896"
"2013-03-24 23:00:00+00:00","0.176","0.0","0.03105135"
"2013-03-24 23:30:00+00:00","0.192","0.0","0.0320169"
"2013-03-25 00:00:00+00:00","0.11","0.0","0.0308361"
"2013-03-25 00:30:00+00:00","0.116","0.0","0.0307131"
"2013-03-25 01:00:00+00:00","0.195","0.0","0.0301473"
"2013-03-25 01:30:00+00:00","0.191","0.0","0.02913255"
"2013-03-25 02:00:00+00:00","0.196","0.0","0.0292494"
"2013-03-25 02:30:00+00:00","0.083","0.006","0.0292986"
"2013-03-25 03:00:00+00:00","0.171","0.0","0.02950155"
"2013-03-25 03:30:00+00:00","0.309","0.0","0.0297045"
"2013-03-25 04:00:00+00:00","0.225","0.0","0.0296307"
"2013-03-25 04:30:00+00:00","0.07","0.0","0.0307131"
"2013-03-25 05:00:00+00:00","0.151","0.0","0.03154335"
"2013-03-25 05:30:00+00:00","0.158","0.0","0.03317925"
"2013-03-25 06:00:00+00:00","0.222","0.0","0.0342063"
"2013-03-25 06:30:00+00:00","0.102","0.0","0.03472905"
"2013-03-25 07:00:00+00:00","0.174","0.0","0.03691845"
"2013-03-25 07:30:00+00:00","0.245","0.0","0.03331455"
"2013-03-25 08:00:00+00:00","0.322","0.006","0.033825"
"2013-03-25 08:30:00+00:00","0.137","0.044","0.0340464"
"2013-03-25 09:00:00+00:00","0.138","0.269","0.03429855"
"2013-03-25 09:30:00+00:00","0.188","0.469","0.0339357"
"2013-03-25 10:00:00+00:00","0.157","0.588","0.0338373"
"2013-03-25 10:30:00+00:00","0.258","0.675","0.03383115"
"2013-03-25 11:00:00+00:00","0.247","0.75","0.03402795"
"2013-03-25 11:30:00+00:00","0.209","0.794","0.0338496"
"2013-03-25 12:00:00+00:00","0.186","0.819","0.0358053"
"2013-03-25 12:30:00+00:00","0.105","0.838","0.0354855"
"2013-03-25 13:00:00+00:00","0.131","0.844","0.0346368"
"2013-03-25 13:30:00+00:00","0.194","0.831","0.0371091"
"2013-03-25 14:00:00+00:00","0.191","0.819","0.03541785"
"2013-03-25 14:30:00+00:00","0.173","0.794","0.035178"
"2013-03-25 15:00:00+00:00","0.193","0.738","0.0358668"
"2013-03-25 15:30:00+00:00","0.182","0.681","0.03586065"
"2013-03-25 16:00:00+00:00","0.158","0.606","0.0367401"
"2013-03-25 16:30:00+00:00","0.426","0.506","0.0359037"
"2013-03-25 17:00:00+00:00","0.247","0.369","0.0348705"
"2013-03-25 17:30:00+00:00","0.26","0.206","0.03379425"
"2013-03-25 18:00:00+00:00","0.399","0.075","0.03362205"
"2013-03-25 18:30:00+00:00","0.356","0.019","0.03391725"
"2013-03-25 19:00:00+00:00","0.371","0.0","0.0340341"
"2013-03-25 19:30:00+00:00","0.418","0.0","0.03380655"
"2013-03-25 20:00:00+00:00","0.374","0.0","0.03460605"
"2013-03-25 20:30:00+00:00","0.358","0.0","0.0331731"
"2013-03-25 21:00:00+00:00","0.431","0.0","0.0328902"
"2013-03-25 21:30:00+00:00","0.226","0.0","0.03337605"
"2013-03-25 22:00:00+00:00","0.163","0.0","0.03235515"
"2013-03-25 22:30:00+00:00","0.944","0.0","0.03315465"
"2013-03-25 23:00:00+00:00","0.217","0.0","0.03418785"
"2013-03-25 23:30:00+00:00","0.234","0.0","0.0331608"
"2013-03-26 00:00:00+00:00","0.211","0.0","0.0322014"
"2013-03-26 00:30:00+00:00","0.145","0.0","0.0312666"
"2013-03-26 01:00:00+00:00","0.151","0.0","0.03048555"
"2013-03-26 01:30:00+00:00","0.145","0.0","0.02947695"
"2013-03-26 02:00:00+00:00","0.171","0.0","0.0295077"
"2013-03-26 02:30:00+00:00","0.097","0.0","0.0295323"
"2013-03-26 03:00:00+00:00","0.156","0.0","0.02996895"
"2013-03-26 03:30:00+00:00","0.144","0.0","0.0294585"
"2013-03-26 04:00:00+00:00","0.223","0.0","0.02994435"
"2013-03-26 04:30:00+00:00","0.117","0.0","0.0311928"
"2013-03-26 05:00:00+00:00","0.173","0.0","0.03186315"
"2013-03-26 05:30:00+00:00","0.239","0.0","0.0335421"
"2013-03-26 06:00:00+00:00","0.168","0.0","0.03429855"
"2013-03-26 06:30:00+00:00","0.161","0.0","0.0339849"
"2013-03-26 07:00:00+00:00","0.15","0.0","0.0337143"
"2013-03-26 07:30:00+00:00","0.173","0.0","0.03208455"
"2013-03-26 08:00:00+00:00","0.284","0.044","0.03381885"
"2013-03-26 08:30:00+00:00","0.196","0.119","0.0344277"
"2013-03-26 09:00:00+00:00","0.323","0.219","0.03257655"
"2013-03-26 09:30:00+00:00","0.263","0.194","0.03397875"
"2013-03-26 10:00:00+00:00","0.398","0.263","0.0338742"
"2013-03-26 10:30:00+00:00","0.156","0.381","0.03384345"
"2013-03-26 11:00:00+00:00","0.254","0.575","0.03392955"
"2013-03-26 11:30:00+00:00","0.307","0.613","0.03380655"
"2013-03-26 12:00:00+00:00","0.291","0.75","0.0340587"
"2013-03-26 12:30:00+00:00","0.303","0.819","0.03397875"
"2013-03-26 13:00:00+00:00","0.395","0.769","0.0343293"
"2013-03-26 13:30:00+00:00","0.256","0.769","0.03444"
"2013-03-26 14:00:00+00:00","0.23","0.825","0.03429855"
"2013-03-26 14:30:00+00:00","0.201","0.706","0.0338496"
"2013-03-26 15:00:00+00:00","0.436","0.744","0.0339234"
"2013-03-26 15:30:00+00:00","0.288","0.6","0.03392955"
"2013-03-26 16:00:00+00:00","0.317","0.4","0.0360636"
"2013-03-26 16:30:00+00:00","0.561","0.2","0.03782865"
"2013-03-26 17:00:00+00:00","0.412","0.156","0.0341325"
"2013-03-26 17:30:00+00:00","0.222","0.1","0.033825"
"2013-03-26 18:00:00+00:00","0.339","0.044","0.03389265"
"2013-03-26 18:30:00+00:00","0.316","0.013","0.03392955"
"2013-03-26 19:00:00+00:00","0.298","0.0","0.03383115"
"2013-03-26 19:30:00+00:00","0.272","0.0","0.03336375"
"2013-03-26 20:00:00+00:00","0.351","0.0","0.03380655"
"2013-03-26 20:30:00+00:00","0.348","0.0","0.0324228"
"2013-03-26 21:00:00+00:00","0.445","0.0","0.0315864"
"2013-03-26 21:30:00+00:00","0.195","0.0","0.03226905"
"2013-03-26 22:00:00+00:00","0.14","0.0","0.0303687"
"2013-03-26 22:30:00+00:00","0.204","0.0","0.0318939"
"2013-03-26 23:00:00+00:00","0.208","0.0","0.0318939"
"2013-03-26 23:30:00+00:00","0.147","0.0","0.0303318"
"2013-03-27 00:00:00+00:00","0.131","0.0","0.03174015"
"2013-03-27 00:30:00+00:00","0.196","0.0","0.0306762"
"2013-03-27 01:00:00+00:00","0.142","0.0","0.0307377"
"2013-03-27 01:30:00+00:00","0.154","0.0","0.02942775"
"2013-03-27 02:00:00+00:00","0.197","0.0","0.02859135"
"2013-03-27 02:30:00+00:00","0.161","0.0","0.0282285"
"2013-03-27 03:00:00+00:00","0.182","0.0","0.0284376"
"2013-03-27 03:30:00+00:00","0.099","0.0","0.0285975"
"2013-03-27 04:00:00+00:00","0.144","0.0","0.02860365"
"2013-03-27 04:30:00+00:00","0.158","0.0","0.03026415"
"2013-03-27 05:00:00+00:00","0.115","0.0","0.03203535"
"2013-03-27 05:30:00+00:00","0.143","0.0","0.03390495"
"2013-03-27 06:00:00+00:00","0.352","0.0","0.03401565"
"2013-03-27 06:30:00+00:00","0.236","0.0","0.0341325"
"2013-03-27 07:00:00+00:00","0.103","0.0","0.0339972"
"2013-03-27 07:30:00+00:00","0.172","0.006","0.0316848"
"2013-03-27 08:00:00+00:00","0.169","0.006","0.033825"
"2013-03-27 08:30:00+00:00","0.206","0.044","0.0339603"
"2013-03-27 09:00:00+00:00","0.155","0.294","0.0339603"
"2013-03-27 09:30:00+00:00","0.223","0.488","0.0333576"
"2013-03-27 10:00:00+00:00","0.225","0.581","0.03383115"
"2013-03-27 10:30:00+00:00","0.241","0.663","0.03642645"
"2013-03-27 11:00:00+00:00","0.315","0.719","0.0335175"
"2013-03-27 11:30:00+00:00","0.2","0.769","0.0339357"
"2013-03-27 12:00:00+00:00","0.173","0.781","0.0340464"
"2013-03-27 12:30:00+00:00","0.142","0.806","0.03472905"
"2013-03-27 13:00:00+00:00","0.208","0.813","0.0358053"
"2013-03-27 13:30:00+00:00","0.196","0.806","0.0379455"
"2013-03-27 14:00:00+00:00","0.416","0.806","0.0384744"
"2013-03-27 14:30:00+00:00","0.407","0.769","0.03693075"
"2013-03-27 15:00:00+00:00","0.354","0.731","0.0387327"
"2013-03-27 15:30:00+00:00","0.364","0.663","0.04652475"
"2013-03-27 16:00:00+00:00","0.462","0.581","0.04082985"
"2013-03-27 16:30:00+00:00","0.254","0.494","0.0382161"
"2013-03-27 17:00:00+00:00","0.33","0.388","0.03764415"
"2013-03-27 17:30:00+00:00","0.254","0.256","0.0351534"
"2013-03-27 18:00:00+00:00","0.255","0.113","0.033825"
"2013-03-27 18:30:00+00:00","0.093","0.013","0.0339111"
"2013-03-27 19:00:00+00:00","0.156","0.0","0.03383115"
"2013-03-27 19:30:00+00:00","0.24","0.0","0.03383115"
"2013-03-27 20:00:00+00:00","0.227","0.0","0.0339111"
"2013-03-27 20:30:00+00:00","0.141","0.0","0.03313005"
"2013-03-27 21:00:00+00:00","0.338","0.0","0.03325305"
"2013-03-27 21:30:00+00:00","0.308","0.0","0.0329517"
"2013-03-27 22:00:00+00:00","0.235","0.0","0.0328164"
"2013-03-27 22:30:00+00:00","0.128","0.0","0.0357561"
"2013-03-27 23:00:00+00:00","0.195","0.0","0.0332346"
"2013-03-27 23:30:00+00:00","0.188","0.0","0.0358791"
"2013-03-28 00:00:00+00:00","0.193","0.0","0.03397875"
"2013-03-28 00:30:00+00:00","0.173","0.0","0.0339111"
"2013-03-28 01:00:00+00:00","0.159","0.0","0.0341079"
"2013-03-28 01:30:00+00:00","0.203","0.0","0.0331731"
"2013-03-28 02:00:00+00:00","0.148","0.0","0.0317709"
"2013-03-28 02:30:00+00:00","0.11","0.0","0.0307131"
"2013-03-28 03:00:00+00:00","0.178","0.0","0.0303687"
"2013-03-28 03:30:00+00:00","0.146","0.0","0.0307623"
"2013-03-28 04:00:00+00:00","0.14","0.0","0.03096525"
"2013-03-28 04:30:00+00:00","0.124","0.0","0.0302949"
"2013-03-28 05:00:00+00:00","0.233","0.0","0.0322137"
"2013-03-28 05:30:00+00:00","0.171","0.0","0.03429855"
"2013-03-28 06:00:00+00:00","0.146","0.0","0.03368355"
"2013-03-28 06:30:00+00:00","0.12","0.0","0.0338127"
"2013-03-28 07:00:00+00:00","0.287","0.0","0.03712755"
"2013-03-28 07:30:00+00:00","0.172","0.0","0.03271185"
"2013-03-28 08:00:00+00:00","0.136","0.019","0.03369585"
"2013-03-28 08:30:00+00:00","0.366","0.044","0.03383115"
"2013-03-28 09:00:00+00:00","0.311","0.281","0.03383115"
"2013-03-28 09:30:00+00:00","0.143","0.469","0.0339849"
"2013-03-28 10:00:00+00:00","0.181","0.563","0.03459375"
"2013-03-28 10:30:00+00:00","0.18","0.644","0.03474135"
"2013-03-28 11:00:00+00:00","0.13","0.7","0.04043625"
"2013-03-28 11:30:00+00:00","0.122","0.75","0.0348951"
"2013-03-28 12:00:00+00:00","0.193","0.806","0.03474135"
"2013-03-28 12:30:00+00:00","0.285","0.819","0.04043625"
"2013-03-28 13:00:00+00:00","0.268","0.831","0.0338742"
"2013-03-28 13:30:00+00:00","0.24","0.819","0.03474135"
"2013-03-28 14:00:00+00:00","0.198","0.8","0.03428625"
"2013-03-28 14:30:00+00:00","0.293","0.75","0.0336774"
"2013-03-28 15:00:00+00:00","0.278","0.725","0.03389265"
"2013-03-28 15:30:00+00:00","0.408","0.669","0.03370815"
"2013-03-28 16:00:00+00:00","0.337","0.138","0.03383115"
"2013-03-28 16:30:00+00:00","0.329","0.15","0.03408945"
"2013-03-28 17:00:00+00:00","0.303","0.325","0.0339234"
"2013-03-28 17:30:00+00:00","0.295","0.256","0.0336528"
"2013-03-28 18:00:00+00:00","0.367","0.056","0.03456915"
"2013-03-28 18:30:00+00:00","0.824","0.019","0.03474135"
"2013-03-28 19:00:00+00:00","0.513","0.0","0.03474135"
"2013-03-28 19:30:00+00:00","0.408","0.0","0.034563"
"2013-03-28 20:00:00+00:00","0.372","0.0","0.03348675"
"2013-03-28 20:30:00+00:00","0.338","0.0","0.0327918"
"2013-03-28 21:00:00+00:00","0.372","0.0","0.0308976"
"2013-03-28 21:30:00+00:00","0.173","0.0","0.0314388"
"2013-03-28 22:00:00+00:00","0.223","0.0","0.03089145"
"2013-03-28 22:30:00+00:00","0.175","0.0","0.03190005"
"2013-03-28 23:00:00+00:00","0.185","0.0","0.03442155"
"2013-03-28 23:30:00+00:00","0.176","0.0","0.03352365"
"2013-03-29 00:00:00+00:00","0.939","0.0","0.03198"
"2013-03-29 00:30:00+00:00","0.296","0.0","0.0297045"
"2013-03-29 01:00:00+00:00","0.189","0.0","0.0298398"
"2013-03-29 01:30:00+00:00","0.178","0.0","0.02759505"
"2013-03-29 02:00:00+00:00","0.212","0.0","0.0280932"
"2013-03-29 02:30:00+00:00","0.176","0.0","0.0277242"
"2013-03-29 03:00:00+00:00","0.094","0.0","0.0276996"
"2013-03-29 03:30:00+00:00","0.192","0.0","0.02747205"
"2013-03-29 04:00:00+00:00","0.148","0.0","0.02759505"
"2013-03-29 04:30:00+00:00","0.167","0.0","0.0272691"
"2013-03-29 05:00:00+00:00","0.111","0.0","0.02741055"
"2013-03-29 05:30:00+00:00","0.193","0.0","0.02704155"
"2013-03-29 06:00:00+00:00","0.209","0.0","0.0278595"
"2013-03-29 06:30:00+00:00","0.248","0.0","0.02838225"
"2013-03-29 07:00:00+00:00","0.155","0.0","0.0292371"
"2013-03-29 07:30:00+00:00","0.163","0.0","0.03036255"
"2013-03-29 08:00:00+00:00","0.159","0.019","0.03265035"
"2013-03-29 08:30:00+00:00","0.104","0.038","0.0309837"
"2013-03-29 09:00:00+00:00","0.198","0.313","0.03251505"
"2013-03-29 09:30:00+00:00","0.21","0.488","0.03159255"
"2013-03-29 10:00:00+00:00","0.207","0.619","0.0308484"
"2013-03-29 10:30:00+00:00","0.239","0.706","0.03064545"
"2013-03-29 11:00:00+00:00","0.419","0.394","0.03078075"
"2013-03-29 11:30:00+00:00","0.149","0.588","0.0307254"
"2013-03-29 12:00:00+00:00","0.087","0.775","0.0307377"
"2013-03-29 12:30:00+00:00","0.404","0.456","0.03076845"
"2013-03-29 13:00:00+00:00","0.456","0.444","0.03065775"
"2013-03-29 13:30:00+00:00","0.264","0.344","0.0305409"
"2013-03-29 14:00:00+00:00","0.146","0.338","0.0305655"
"2013-03-29 14:30:00+00:00","0.228","0.381","0.03075"
"2013-03-29 15:00:00+00:00","0.429","0.675","0.0303933"
"2013-03-29 15:30:00+00:00","0.098","0.456","0.03105135"
"2013-03-29 16:00:00+00:00","0.186","0.256","0.0309345"
"2013-03-29 16:30:00+00:00","0.189","0.15","0.0308115"
"2013-03-29 17:00:00+00:00","0.14","0.144","0.0309714"
"2013-03-29 17:30:00+00:00","0.192","0.175","0.03076845"
"2013-03-29 18:00:00+00:00","0.266","0.081","0.03075615"
"2013-03-29 18:30:00+00:00","0.268","0.031","0.03097755"
"2013-03-29 19:00:00+00:00","0.281","0.0","0.03092835"
"2013-03-29 19:30:00+00:00","0.237","0.0","0.0304056"
"2013-03-29 20:00:00+00:00","0.305","0.0","0.03054705"
"2013-03-29 20:30:00+00:00","0.37","0.0","0.03076845"
"2013-03-29 21:00:00+00:00","0.31","0.0","0.03068235"
"2013-03-29 21:30:00+00:00","0.225","0.0","0.0308853"
"2013-03-29 22:00:00+00:00","0.377","0.0","0.03074385"
"2013-03-29 22:30:00+00:00","0.213","0.0","0.03095295"
"2013-03-29 23:00:00+00:00","0.347","0.0","0.0307377"
"2013-03-29 23:30:00+00:00","0.902","0.0","0.03310545"
"2013-03-30 00:00:00+00:00","0.178","0.0","0.03127275"
"2013-03-30 00:30:00+00:00","0.17","0.0","0.02903415"
"2013-03-30 01:00:00+00:00","0.166","0.0","0.02919405"
"2013-03-30 01:30:00+00:00","0.085","0.0","0.0286098"
"2013-03-30 02:00:00+00:00","0.169","0.0","0.02758275"
"2013-03-30 02:30:00+00:00","0.173","0.0","0.02695545"
"2013-03-30 03:00:00+00:00","0.135","0.0","0.02726295"
"2013-03-30 03:30:00+00:00","0.12","0.0","0.0272568"
"2013-03-30 04:00:00+00:00","0.173","0.0","0.02726295"
"2013-03-30 04:30:00+00:00","0.076","0.0","0.02726295"
"2013-03-30 05:00:00+00:00","0.152","0.0","0.02657415"
"2013-03-30 05:30:00+00:00","0.114","0.0","0.02808705"
"2013-03-30 06:00:00+00:00","0.132","0.0","0.02843145"
"2013-03-30 06:30:00+00:00","0.148","0.0","0.0289173"
"2013-03-30 07:00:00+00:00","0.19","0.0","0.02978445"
"2013-03-30 07:30:00+00:00","0.179","0.0","0.0310698"
"2013-03-30 08:00:00+00:00","0.141","0.006","0.03328995"
"2013-03-30 08:30:00+00:00","0.171","0.044","0.03273645"
"2013-03-30 09:00:00+00:00","0.143","0.35","0.03133425"
"2013-03-30 09:30:00+00:00","0.223","0.519","0.0308238"
"2013-03-30 10:00:00+00:00","0.181","0.613","0.03055935"
"2013-03-30 10:30:00+00:00","0.152","0.694","0.03075615"
"2013-03-30 11:00:00+00:00","0.13","0.756","0.0300981"
"2013-03-30 11:30:00+00:00","0.161","0.806","0.0307131"
"2013-03-30 12:00:00+00:00","0.108","0.85","0.03091605"
"2013-03-30 12:30:00+00:00","0.136","0.563","0.03052245"
"2013-03-30 13:00:00+00:00","0.139","0.688","0.03009195"
"2013-03-30 13:30:00+00:00","0.152","0.838","0.03076845"
"2013-03-30 14:00:00+00:00","0.119","0.825","0.03076845"
"2013-03-30 14:30:00+00:00","0.227","0.688","0.0307746"
"2013-03-30 15:00:00+00:00","0.127","0.725","0.03062085"
"2013-03-30 15:30:00+00:00","0.119","0.688","0.0308238"
"2013-03-30 16:00:00+00:00","0.146","0.606","0.0308361"
"2013-03-30 16:30:00+00:00","0.156","0.506","0.0308238"
"2013-03-30 17:00:00+00:00","0.126","0.331","0.0312789"
"2013-03-30 17:30:00+00:00","0.167","0.113","0.03079305"
"2013-03-30 18:00:00+00:00","0.332","0.156","0.03087915"
"2013-03-30 18:30:00+00:00","0.218","0.025","0.03214605"
"2013-03-30 19:00:00+00:00","0.149","0.0","0.03188775"
"2013-03-30 19:30:00+00:00","0.292","0.0","0.03089145"
"2013-03-30 20:00:00+00:00","0.28","0.0","0.0307254"
"2013-03-30 20:30:00+00:00","0.188","0.0","0.03075"
"2013-03-30 21:00:00+00:00","0.148","0.0","0.0304917"
"2013-03-30 21:30:00+00:00","0.263","0.0","0.0311313"
"2013-03-30 22:00:00+00:00","0.216","0.0","0.0297414"
"2013-03-30 22:30:00+00:00","0.272","0.0","0.030381"
"2013-03-30 23:00:00+00:00","0.165","0.0","0.0303564"
"2013-03-30 23:30:00+00:00","0.174","0.0","0.03032565"
"2013-03-31 00:00:00+00:00","0.086","0.0","0.0296553"
"2013-03-31 00:30:00+00:00","0.147","0.0","0.02862825"
"2013-03-31 01:00:00+00:00","0.156","0.0","0.0272937"
"2013-03-31 01:30:00+00:00","0.135","0.0","0.02684475"
"2013-03-31 02:00:00+00:00","0.168","0.0","0.0255594"
"2013-03-31 02:30:00+00:00","0.172","0.0","0.02696775"
"2013-03-31 03:00:00+00:00","0.137","0.0","0.02726295"
"2013-03-31 03:30:00+00:00","0.081","0.0","0.02725065"
"2013-03-31 04:00:00+00:00","0.176","0.0","0.0269124"
"2013-03-31 04:30:00+00:00","0.124","0.0","0.02726295"
"2013-03-31 05:00:00+00:00","0.121","0.0","0.02726295"
"2013-03-31 05:30:00+00:00","0.125","0.0","0.02726295"
"2013-03-31 06:00:00+00:00","0.214","0.0","0.02726295"
"2013-03-31 06:30:00+00:00","0.091","0.0","0.0276258"
"2013-03-31 07:00:00+00:00","0.345","0.0","0.0290034"
"2013-03-31 07:30:00+00:00","0.163","0.0","0.0290526"
"2013-03-31 08:00:00+00:00","0.132","0.019","0.03028875"
"2013-03-31 08:30:00+00:00","0.183","0.025","0.030504"
"2013-03-31 09:00:00+00:00","0.368","0.031","0.0307623"
"2013-03-31 09:30:00+00:00","0.137","0.031","0.03076845"
"2013-03-31 10:00:00+00:00","0.154","0.038","0.0307623"
"2013-03-31 10:30:00+00:00","0.166","0.131","0.03065775"
"2013-03-31 11:00:00+00:00","0.125","0.119","0.0307254"
"2013-03-31 11:30:00+00:00","0.09","0.219","0.0307746"
"2013-03-31 12:00:00+00:00","0.335","0.388","0.03065775"
"2013-03-31 12:30:00+00:00","0.175","0.3","0.03060855"
"2013-03-31 13:00:00+00:00","0.066","0.294","0.0305655"
"2013-03-31 13:30:00+00:00","0.2","0.294","0.03048555"
"2013-03-31 14:00:00+00:00","0.174","0.325","0.0304671"
"2013-03-31 14:30:00+00:00","0.146","0.544","0.03007965"
"2013-03-31 15:00:00+00:00","0.312","0.588","0.03060855"
"2013-03-31 15:30:00+00:00","0.224","0.1","0.0307254"
"2013-03-31 16:00:00+00:00","0.146","0.175","0.0308238"
"2013-03-31 16:30:00+00:00","0.09","0.25","0.0307377"
"2013-03-31 17:00:00+00:00","0.182","0.181","0.03091605"
"2013-03-31 17:30:00+00:00","0.222","0.119","0.03075615"
"2013-03-31 18:00:00+00:00","0.115","0.056","0.0308484"
"2013-03-31 18:30:00+00:00","0.19","0.013","0.0326811"
"2013-03-31 19:00:00+00:00","0.165","0.0","0.03196155"
"2013-03-31 19:30:00+00:00","0.086","0.0","0.03027645"
"2013-03-31 20:00:00+00:00","0.153","0.0","0.03102675"
"2013-03-31 20:30:00+00:00","0.133","0.0","0.03062085"
"2013-03-31 21:00:00+00:00","0.149","0.0","0.03076845"
"2013-03-31 21:30:00+00:00","0.126","0.0","0.03134655"
"2013-03-31 22:00:00+00:00","0.227","0.0","0.03055935"
"2013-03-31 22:30:00+00:00","0.106","0.0","0.03065775"
"2013-03-31 23:00:00+00:00","0.125","0.0","0.03001815"
"2013-03-31 23:30:00+00:00","0.123","0.0","0.03101445"
"2013-04-01 00:00:00+00:00","0.175","0.006","0.0296799"
"2013-04-01 00:30:00+00:00","0.063","0.0","0.0282531"
"2013-04-01 01:00:00+00:00","0.177","0.0","0.02833305"
"2013-04-01 01:30:00+00:00","0.132","0.0","0.02785335"
"2013-04-01 02:00:00+00:00","0.155","0.0","0.02706"
"2013-04-01 02:30:00+00:00","0.133","0.0","0.02726295"
"2013-04-01 03:00:00+00:00","0.178","0.0","0.02727525"
"2013-04-01 03:30:00+00:00","0.068","0.0","0.02716455"
"2013-04-01 04:00:00+00:00","0.154","0.0","0.0272076"
"2013-04-01 04:30:00+00:00","0.123","0.0","0.0278841"
"2013-04-01 05:00:00+00:00","0.118","0.0","0.0279825"
"2013-04-01 05:30:00+00:00","0.131","0.0","0.02806245"
"2013-04-01 06:00:00+00:00","0.216","0.0","0.02829"
"2013-04-01 06:30:00+00:00","0.084","0.0","0.02809935"
"2013-04-01 07:00:00+00:00","0.142","0.0","0.02932935"
"2013-04-01 07:30:00+00:00","0.13","0.0","0.03014115"
"2013-04-01 08:00:00+00:00","0.121","0.013","0.03091605"
"2013-04-01 08:30:00+00:00","0.102","0.069","0.0325212"
"2013-04-01 09:00:00+00:00","0.16","0.381","0.0319062"
"2013-04-01 09:30:00+00:00","0.094","0.263","0.03383115"
"2013-04-01 10:00:00+00:00","0.189","0.244","0.0321153"
"2013-04-01 10:30:00+00:00","0.147","0.175","0.031242"
"2013-04-01 11:00:00+00:00","0.134","0.506","0.03097755"
"2013-04-01 11:30:00+00:00","0.089","0.8","0.030504"
"2013-04-01 12:00:00+00:00","0.167","0.781","0.0307254"
"2013-04-01 12:30:00+00:00","0.106","0.681","0.0304917"
"2013-04-01 13:00:00+00:00","0.12","0.231","0.0307131"
"2013-04-01 13:30:00+00:00","0.202","0.588","0.03057165"
"2013-04-01 14:00:00+00:00","0.148","0.681","0.03073155"
"2013-04-01 14:30:00+00:00","0.14","0.475","0.0308361"
"2013-04-01 15:00:00+00:00","0.123","0.744","0.0307869"
"2013-04-01 15:30:00+00:00","0.181","0.75","0.0315126"
"2013-04-01 16:00:00+00:00","0.087","0.3","0.03071925"
"2013-04-01 16:30:00+00:00","0.148","0.194","0.0312297"
"2013-04-01 17:00:00+00:00","0.172","0.275","0.03231825"
"2013-04-01 17:30:00+00:00","0.12","0.256","0.0336897"
"2013-04-01 18:00:00+00:00","0.196","0.1","0.0333207"
"2013-04-01 18:30:00+00:00","0.143","0.006","0.0316479"
"2013-04-01 19:00:00+00:00","0.148","0.0","0.03239205"
"2013-04-01 19:30:00+00:00","0.107","0.0","0.03113745"
"2013-04-01 20:00:00+00:00","0.138","0.0","0.0308115"
"2013-04-01 20:30:00+00:00","0.161","0.0","0.0314142"
"2013-04-01 21:00:00+00:00","0.071","0.0","0.03047325"
"2013-04-01 21:30:00+00:00","0.218","0.0","0.03133425"
"2013-04-01 22:00:00+00:00","0.168","0.0","0.0304548"
"2013-04-01 22:30:00+00:00","0.111","0.0","0.03151875"
"2013-04-01 23:00:00+00:00","0.116","0.0","0.0310821"
"2013-04-01 23:30:00+00:00","0.147","0.0","0.0330378"
"2013-04-02 00:00:00+00:00","0.112","0.0","0.03153105"
"2013-04-02 00:30:00+00:00","0.115","0.0","0.0291387"
"2013-04-02 01:00:00+00:00","0.169","0.0","0.0296553"
"2013-04-02 01:30:00+00:00","0.134","0.0","0.0287943"
"2013-04-02 02:00:00+00:00","0.153","0.0","0.0272445"
"2013-04-02 02:30:00+00:00","0.129","0.0","0.02761965"
"2013-04-02 03:00:00+00:00","0.147","0.0","0.02781645"
"2013-04-02 03:30:00+00:00","0.079","0.0","0.02785335"
"2013-04-02 04:00:00+00:00","0.179","0.0","0.02834535"
"2013-04-02 04:30:00+00:00","0.08","0.0","0.02947695"
"2013-04-02 05:00:00+00:00","0.146","0.0","0.0307254"
"2013-04-02 05:30:00+00:00","0.166","0.0","0.03214605"
"2013-04-02 06:00:00+00:00","0.172","0.0","0.034686"
"2013-04-02 06:30:00+00:00","0.075","0.0","0.03413865"
"2013-04-02 07:00:00+00:00","0.161","0.0","0.03572535"
"2013-04-02 07:30:00+00:00","0.096","0.0","0.0332223"
"2013-04-02 08:00:00+00:00","0.126","0.013","0.0342801"
"2013-04-02 08:30:00+00:00","0.124","0.038","0.0352764"
"2013-04-02 09:00:00+00:00","0.136","0.344","0.03527025"
"2013-04-02 09:30:00+00:00","0.119","0.513","0.03397875"
"2013-04-02 10:00:00+00:00","0.205","0.606","0.0330993"
"2013-04-02 10:30:00+00:00","0.109","0.688","0.0326196"
"2013-04-02 11:00:00+00:00","0.112","0.756","0.03327765"
"2013-04-02 11:30:00+00:00","0.15","0.806","0.03383115"
"2013-04-02 12:00:00+00:00","0.117","0.838","0.03383115"
"2013-04-02 12:30:00+00:00","0.131","0.85","0.03384345"
"2013-04-02 13:00:00+00:00","0.15","0.844","0.033825"
"2013-04-02 13:30:00+00:00","0.217","0.831","0.0338496"
"2013-04-02 14:00:00+00:00","0.109","0.813","0.0338742"
"2013-04-02 14:30:00+00:00","0.14","0.775","0.03392955"
"2013-04-02 15:00:00+00:00","0.19","0.731","0.033825"
"2013-04-02 15:30:00+00:00","0.077","0.675","0.0338373"
"2013-04-02 16:00:00+00:00","0.159","0.588","0.03383115"
"2013-04-02 16:30:00+00:00","0.162","0.488","0.03380655"
"2013-04-02 17:00:00+00:00","0.244","0.369","0.03383115"
"2013-04-02 17:30:00+00:00","0.26","0.244","0.0335052"
"2013-04-02 18:00:00+00:00","0.84","0.094","0.03360975"
"2013-04-02 18:30:00+00:00","0.421","0.006","0.03410175"
"2013-04-02 19:00:00+00:00","0.201","0.0","0.03405255"
"2013-04-02 19:30:00+00:00","0.16","0.0","0.0322137"
"2013-04-02 20:00:00+00:00","0.242","0.0","0.03105135"
"2013-04-02 20:30:00+00:00","0.218","0.0","0.03389265"
"2013-04-02 21:00:00+00:00","0.337","0.0","0.03123585"
"2013-04-02 21:30:00+00:00","0.267","0.0","0.03199845"
"2013-04-02 22:00:00+00:00","0.378","0.0","0.0312051"
"2013-04-02 22:30:00+00:00","0.441","0.0","0.03181395"
"2013-04-02 23:00:00+00:00","0.172","0.0","0.03172785"
"2013-04-02 23:30:00+00:00","0.18","0.0","0.03069465"
"2013-04-03 00:00:00+00:00","0.16","0.0","0.03047325"
"2013-04-03 00:30:00+00:00","0.086","0.0","0.0301227"
"2013-04-03 01:00:00+00:00","0.165","0.0","0.0297783"
"2013-04-03 01:30:00+00:00","0.173","0.0","0.03052245"
"2013-04-03 02:00:00+00:00","0.138","0.0","0.02889885"
"2013-04-03 02:30:00+00:00","0.104","0.0","0.0276504"
"2013-04-03 03:00:00+00:00","0.165","0.0","0.0279579"
"2013-04-03 03:30:00+00:00","0.109","0.0","0.0279579"
"2013-04-03 04:00:00+00:00","0.107","0.0","0.0283146"
"2013-04-03 04:30:00+00:00","0.135","0.0","0.0294216"
"2013-04-03 05:00:00+00:00","0.172","0.0","0.03091605"
"2013-04-03 05:30:00+00:00","0.123","0.0","0.0326073"
"2013-04-03 06:00:00+00:00","0.317","0.0","0.0324474"
"2013-04-03 06:30:00+00:00","0.215","0.0","0.03420015"
"2013-04-03 07:00:00+00:00","0.176","0.0","0.0341571"
"2013-04-03 07:30:00+00:00","0.244","0.0","0.0342063"
"2013-04-03 08:00:00+00:00","0.249","0.0","0.03423705"
"2013-04-03 08:30:00+00:00","0.229","0.0","0.03367125"
"2013-04-03 09:00:00+00:00","0.321","0.006","0.0330255"
"2013-04-03 09:30:00+00:00","0.308","0.006","0.03316695"
"2013-04-03 10:00:00+00:00","0.197","0.056","0.03295785"
"2013-04-03 10:30:00+00:00","0.268","0.019","0.03289635"
"2013-04-03 11:00:00+00:00","0.209","0.056","0.03278565"
"2013-04-03 11:30:00+00:00","0.143","0.113","0.032841"
"2013-04-03 12:00:00+00:00","0.135","0.094","0.03234285"
"2013-04-03 12:30:00+00:00","0.166","0.069","0.03236745"
"2013-04-03 13:00:00+00:00","0.115","0.044","0.032472"
"2013-04-03 13:30:00+00:00","0.182","0.1","0.03114975"
"2013-04-03 14:00:00+00:00","0.153","0.169","0.0304548"
"2013-04-03 14:30:00+00:00","0.09","0.169","0.0308853"
"2013-04-03 15:00:00+00:00","0.151","0.181","0.0307746"
"2013-04-03 15:30:00+00:00","0.143","0.075","0.0307746"
"2013-04-03 16:00:00+00:00","0.086","0.038","0.0307746"
"2013-04-03 16:30:00+00:00","0.135","0.056","0.03097755"
"2013-04-03 17:00:00+00:00","0.201","0.044","0.0309468"
"2013-04-03 17:30:00+00:00","0.124","0.006","0.030873"
"2013-04-03 18:00:00+00:00","0.156","0.006","0.03156795"
"2013-04-03 18:30:00+00:00","0.14","0.0","0.0318939"
"2013-04-03 19:00:00+00:00","0.116","0.0","0.0310452"
"2013-04-03 19:30:00+00:00","0.134","0.0","0.03012885"
"2013-04-03 20:00:00+00:00","0.172","0.0","0.02952"
"2013-04-03 20:30:00+00:00","0.069","0.0","0.02944005"
"2013-04-03 21:00:00+00:00","0.317","0.0","0.02910795"
"2013-04-03 21:30:00+00:00","0.216","0.0","0.02955075"
"2013-04-03 22:00:00+00:00","0.204","0.0","0.02889885"
"2013-04-03 22:30:00+00:00","0.316","0.0","0.02947695"
"2013-04-03 23:00:00+00:00","0.309","0.0","0.02930475"
"2013-04-03 23:30:00+00:00","0.088","0.0","0.030135"
"2013-04-04 00:00:00+00:00","0.172","0.0","0.02951385"
"2013-04-04 00:30:00+00:00","0.117","0.0","0.02947695"
"2013-04-04 01:00:00+00:00","0.133","0.0","0.029643"
"2013-04-04 01:30:00+00:00","0.152","0.0","0.02989515"
"2013-04-04 02:00:00+00:00","0.139","0.0","0.02912025"
"2013-04-04 02:30:00+00:00","0.076","0.0","0.02829615"
"2013-04-04 03:00:00+00:00","0.154","0.0","0.02821005"
"2013-04-04 03:30:00+00:00","0.096","0.0","0.0284622"
"2013-04-04 04:00:00+00:00","0.115","0.0","0.0283392"
"2013-04-04 04:30:00+00:00","0.127","0.0","0.02978445"
"2013-04-04 05:00:00+00:00","0.165","0.006","0.03051015"
"2013-04-04 05:30:00+00:00","0.105","0.0","0.0310944"
"2013-04-04 06:00:00+00:00","0.164","0.0","0.0315249"
"2013-04-04 06:30:00+00:00","0.079","0.0","0.03181395"
"2013-04-04 07:00:00+00:00","0.381","0.0","0.0358299"
"2013-04-04 07:30:00+00:00","0.263","0.0","0.031857"
"2013-04-04 08:00:00+00:00","0.297","0.0","0.03289635"
"2013-04-04 08:30:00+00:00","0.236","0.044","0.0340341"
"2013-04-04 09:00:00+00:00","0.238","0.075","0.0329148"
"2013-04-04 09:30:00+00:00","0.101","0.075","0.03320385"
"2013-04-04 10:00:00+00:00","0.15","0.238","0.0336651"
"2013-04-04 10:30:00+00:00","0.117","0.325","0.0329148"
"2013-04-04 11:00:00+00:00","0.104","0.325","0.0329271"
"2013-04-04 11:30:00+00:00","0.124","0.219","0.0329148"
"2013-04-04 12:00:00+00:00","0.123","0.213","0.0329148"
"2013-04-04 12:30:00+00:00","0.094","0.25","0.03295785"
"2013-04-04 13:00:00+00:00","0.206","0.181","0.0329271"
"2013-04-04 13:30:00+00:00","0.121","0.275","0.03290865"
"2013-04-04 14:00:00+00:00","0.107","0.244","0.03290865"
"2013-04-04 14:30:00+00:00","0.144","0.356","0.033087"
"2013-04-04 15:00:00+00:00","0.111","0.269","0.0329148"
"2013-04-04 15:30:00+00:00","0.117","0.169","0.0330132"
"2013-04-04 16:00:00+00:00","0.137","0.088","0.03290865"
"2013-04-04 16:30:00+00:00","0.263","0.081","0.03327765"
"2013-04-04 17:00:00+00:00","0.147","0.106","0.03299475"
"2013-04-04 17:30:00+00:00","0.236","0.019","0.03290865"
"2013-04-04 18:00:00+00:00","0.109","0.013","0.03321"
"2013-04-04 18:30:00+00:00","0.198","0.0","0.0342186"
"2013-04-04 19:00:00+00:00","0.17","0.0","0.0338988"
"2013-04-04 19:30:00+00:00","0.269","0.0","0.03289635"
"2013-04-04 20:00:00+00:00","0.209","0.0","0.03219525"
"2013-04-04 20:30:00+00:00","0.363","0.0","0.03053475"
"2013-04-04 21:00:00+00:00","0.404","0.0","0.0305532"
"2013-04-04 21:30:00+00:00","0.265","0.0","0.0315003"
"2013-04-04 22:00:00+00:00","0.161","0.0","0.03076845"
"2013-04-04 22:30:00+00:00","0.119","0.0","0.0316602"
"2013-04-04 23:00:00+00:00","0.992","0.0","0.0310944"
"2013-04-04 23:30:00+00:00","0.173","0.0","0.0307869"
"2013-04-05 00:00:00+00:00","0.074","0.0","0.0324474"
"2013-04-05 00:30:00+00:00","0.199","0.0","0.03107595"
"2013-04-05 01:00:00+00:00","0.134","0.0","0.02947695"
"2013-04-05 01:30:00+00:00","0.113","0.0","0.0302703"
"2013-04-05 02:00:00+00:00","0.13","0.0","0.029397"
"2013-04-05 02:30:00+00:00","0.132","0.0","0.02830845"
"2013-04-05 03:00:00+00:00","0.086","0.0","0.02780415"
"2013-04-05 03:30:00+00:00","0.206","0.0","0.02871435"
"2013-04-05 04:00:00+00:00","0.239","0.0","0.0293109"
"2013-04-05 04:30:00+00:00","0.203","0.0","0.03003045"
"2013-04-05 05:00:00+00:00","0.171","0.0","0.03096525"
"2013-04-05 05:30:00+00:00","0.12","0.0","0.0318693"
"2013-04-05 06:00:00+00:00","0.12","0.0","0.0322752"
"2013-04-05 06:30:00+00:00","0.171","0.0","0.03488895"
"2013-04-05 07:00:00+00:00","0.092","0.0","0.03661095"
"2013-04-05 07:30:00+00:00","0.163","0.0","0.03289635"
"2013-04-05 08:00:00+00:00","0.342","0.025","0.0344523"
"2013-04-05 08:30:00+00:00","0.2","0.013","0.0338619"
"2013-04-05 09:00:00+00:00","0.314","0.038","0.0335913"
"2013-04-05 09:30:00+00:00","0.112","0.063","0.03289635"
"2013-04-05 10:00:00+00:00","0.102","0.125","0.0329025"
"2013-04-05 10:30:00+00:00","0.133","0.094","0.0334806"
"2013-04-05 11:00:00+00:00","0.132","0.563","0.0329148"
"2013-04-05 11:30:00+00:00","0.175","0.631","0.0329148"
"2013-04-05 12:00:00+00:00","0.236","0.613","0.0329148"
"2013-04-05 12:30:00+00:00","0.239","0.525","0.03290865"
"2013-04-05 13:00:00+00:00","0.249","0.781","0.0329148"
"2013-04-05 13:30:00+00:00","0.26","0.844","0.03321615"
"2013-04-05 14:00:00+00:00","0.155","0.813","0.0335175"
"2013-04-05 14:30:00+00:00","0.088","0.794","0.0330624"
"2013-04-05 15:00:00+00:00","0.18","0.744","0.032964"
"2013-04-05 15:30:00+00:00","0.118","0.688","0.03290865"
"2013-04-05 16:00:00+00:00","0.15","0.6","0.03290865"
"2013-04-05 16:30:00+00:00","0.322","0.488","0.0329517"
"2013-04-05 17:00:00+00:00","0.307","0.4","0.03290865"
"2013-04-05 17:30:00+00:00","0.216","0.275","0.03274875"
"2013-04-05 18:00:00+00:00","0.261","0.088","0.03309315"
"2013-04-05 18:30:00+00:00","0.438","0.006","0.03310545"
"2013-04-05 19:00:00+00:00","0.245","0.0","0.0341325"
"2013-04-05 19:30:00+00:00","0.299","0.0","0.03231825"
"2013-04-05 20:00:00+00:00","0.445","0.0","0.0322998"
"2013-04-05 20:30:00+00:00","0.246","0.0","0.0310575"
"2013-04-05 21:00:00+00:00","0.237","0.0","0.0304179"
"2013-04-05 21:30:00+00:00","0.198","0.0","0.03071925"
"2013-04-05 22:00:00+00:00","0.414","0.0","0.03054705"
"2013-04-05 22:30:00+00:00","0.192","0.0","0.03143265"
"2013-04-05 23:00:00+00:00","0.18","0.0","0.030873"
"2013-04-05 23:30:00+00:00","0.134","0.0","0.0308853"
"2013-04-06 00:00:00+00:00","0.18","0.0","0.03097755"
"2013-04-06 00:30:00+00:00","0.17","0.0","0.0307746"
"2013-04-06 01:00:00+00:00","0.105","0.0","0.0306885"
"2013-04-06 01:30:00+00:00","0.143","0.0","0.030627"
"2013-04-06 02:00:00+00:00","0.13","0.0","0.03004275"
"2013-04-06 02:30:00+00:00","0.099","0.0","0.02808705"
"2013-04-06 03:00:00+00:00","0.119","0.0","0.0291756"
"2013-04-06 03:30:00+00:00","0.203","0.0","0.0279702"
"2013-04-06 04:00:00+00:00","0.094","0.0","0.028167"
"2013-04-06 04:30:00+00:00","0.157","0.0","0.0288681"
"2013-04-06 05:00:00+00:00","0.107","0.0","0.0296061"
"2013-04-06 05:30:00+00:00","0.111","0.0","0.03044865"
"2013-04-06 06:00:00+00:00","0.133","0.0","0.02958765"
"2013-04-06 06:30:00+00:00","0.133","0.0","0.0301227"
"2013-04-06 07:00:00+00:00","0.167","0.0","0.0308484"
"2013-04-06 07:30:00+00:00","0.219","0.0","0.0308976"
"2013-04-06 08:00:00+00:00","0.149","0.006","0.03103905"
"2013-04-06 08:30:00+00:00","0.27","0.031","0.03294555"
"2013-04-06 09:00:00+00:00","0.287","0.056","0.033579"
"2013-04-06 09:30:00+00:00","0.177","0.094","0.03449535"
"2013-04-06 10:00:00+00:00","0.184","0.1","0.0330993"
"2013-04-06 10:30:00+00:00","0.243","0.275","0.03338835"
"2013-04-06 11:00:00+00:00","0.196","0.488","0.0339726"
"2013-04-06 11:30:00+00:00","0.23","0.544","0.03159255"
"2013-04-06 12:00:00+00:00","0.359","0.575","0.0307869"
"2013-04-06 12:30:00+00:00","0.197","0.469","0.03081765"
"2013-04-06 13:00:00+00:00","0.477","0.694","0.0307623"
"2013-04-06 13:30:00+00:00","0.435","0.656","0.03075615"
"2013-04-06 14:00:00+00:00","0.151","0.531","0.0308607"
"2013-04-06 14:30:00+00:00","0.359","0.588","0.03075615"
"2013-04-06 15:00:00+00:00","0.32","0.6","0.0307746"
"2013-04-06 15:30:00+00:00","0.2","0.35","0.0307746"
"2013-04-06 16:00:00+00:00","0.243","0.4","0.03106365"
"2013-04-06 16:30:00+00:00","0.297","0.106","0.03102675"
"2013-04-06 17:00:00+00:00","0.382","0.113","0.0315864"
"2013-04-06 17:30:00+00:00","0.295","0.075","0.0335175"
"2013-04-06 18:00:00+00:00","0.612","0.031","0.0359037"
"2013-04-06 18:30:00+00:00","0.37","0.0","0.03251505"
"2013-04-06 19:00:00+00:00","1.014","0.0","0.0318324"
"2013-04-06 19:30:00+00:00","0.998","0.0","0.0307746"
"2013-04-06 20:00:00+00:00","0.56","0.0","0.03076845"
"2013-04-06 20:30:00+00:00","0.524","0.0","0.0305655"
"2013-04-06 21:00:00+00:00","0.519","0.0","0.03025185"
"2013-04-06 21:30:00+00:00","0.256","0.0","0.03086685"
"2013-04-06 22:00:00+00:00","0.23","0.0","0.03069465"
"2013-04-06 22:30:00+00:00","0.302","0.0","0.03210915"
"2013-04-06 23:00:00+00:00","0.76","0.0","0.030627"
"2013-04-06 23:30:00+00:00","0.641","0.0","0.0323244"
"2013-04-07 00:00:00+00:00","0.183","0.006","0.0317709"
"2013-04-07 00:30:00+00:00","0.154","0.0","0.03084225"
"2013-04-07 01:00:00+00:00","0.125","0.0","0.02964915"
"2013-04-07 01:30:00+00:00","0.155","0.0","0.0295569"
"2013-04-07 02:00:00+00:00","0.048","0.0","0.02940315"
"2013-04-07 02:30:00+00:00","0.286","0.0","0.02812395"
"2013-04-07 03:00:00+00:00","0.278","0.0","0.0280932"
"2013-04-07 03:30:00+00:00","0.101","0.0","0.02777955"
"2013-04-07 04:00:00+00:00","0.113","0.0","0.02803785"
"2013-04-07 04:30:00+00:00","0.129","0.0","0.0279948"
"2013-04-07 05:00:00+00:00","0.106","0.0","0.02829615"
"2013-04-07 05:30:00+00:00","0.079","0.0","0.02824695"
"2013-04-07 06:00:00+00:00","0.188","0.0","0.02856675"
"2013-04-07 06:30:00+00:00","0.224","0.0","0.02902185"
"2013-04-07 07:00:00+00:00","0.161","0.0","0.0297045"
"2013-04-07 07:30:00+00:00","0.2","0.025","0.0299136"
"2013-04-07 08:00:00+00:00","0.098","0.325","0.03096525"
"2013-04-07 08:30:00+00:00","0.143","0.494","0.03144495"
"2013-04-07 09:00:00+00:00","0.127","0.581","0.03129735"
"2013-04-07 09:30:00+00:00","0.071","0.663","0.0323121"
"2013-04-07 10:00:00+00:00","0.195","0.631","0.0307377"
"2013-04-07 10:30:00+00:00","0.12","0.806","0.03081765"
"2013-04-07 11:00:00+00:00","0.124","0.844","0.03065775"
"2013-04-07 11:30:00+00:00","0.133","0.844","0.03068235"
"2013-04-07 12:00:00+00:00","0.12","0.838","0.03107595"
"2013-04-07 12:30:00+00:00","0.116","0.825","0.0313896"
"2013-04-07 13:00:00+00:00","0.101","0.8","0.03144495"
"2013-04-07 13:30:00+00:00","0.16","0.788","0.03054705"
"2013-04-07 14:00:00+00:00","0.136","0.725","0.03146955"
"2013-04-07 14:30:00+00:00","0.171","0.663","0.0320292"
"2013-04-07 15:00:00+00:00","0.145","0.588","0.032964"
"2013-04-07 15:30:00+00:00","0.054","0.481","0.03304395"
"2013-04-07 16:00:00+00:00","0.171","0.35","0.03396645"
"2013-04-07 16:30:00+00:00","0.13","0.213","0.03474135"
"2013-04-07 17:00:00+00:00","0.079","0.025","0.03861585"
"2013-04-07 17:30:00+00:00","0.196","0.0","0.0384129"
"2013-04-07 18:00:00+00:00","0.133","0.0","0.03593445"
"2013-04-07 18:30:00+00:00","0.135","0.0","0.0390894"
"2013-04-07 19:00:00+00:00","0.116","0.0","0.03276105"
"2013-04-07 19:30:00+00:00","0.156","0.0","0.03074385"
"2013-04-07 20:00:00+00:00","0.068","0.0","0.0308238"
"2013-04-07 20:30:00+00:00","0.125","0.0","0.0302088"
"2013-04-07 21:00:00+00:00","0.148","0.0","0.0307623"
"2013-04-07 21:30:00+00:00","0.092","0.0","0.0316971"
"2013-04-07 22:00:00+00:00","0.187","0.0","0.03023955"
"2013-04-07 22:30:00+00:00","0.108","0.0","0.03073155"
"2013-04-07 23:00:00+00:00","0.1","0.0","0.03031335"
"2013-04-07 23:30:00+00:00","0.109","0.0","0.03250275"
"2013-04-08 00:00:00+00:00","0.155","0.0","0.03166635"
"2013-04-08 00:30:00+00:00","0.047","0.0","0.0307131"
"2013-04-08 01:00:00+00:00","0.165","0.0","0.03068235"
"2013-04-08 01:30:00+00:00","0.122","0.0","0.0304917"
"2013-04-08 02:00:00+00:00","0.143","0.0","0.02974755"
"2013-04-08 02:30:00+00:00","0.118","0.0","0.0293601"
"2013-04-08 03:00:00+00:00","0.134","0.0","0.028782"
"2013-04-08 03:30:00+00:00","0.059","0.0","0.02872665"
"2013-04-08 04:00:00+00:00","0.162","0.0","0.029151"
"2013-04-08 04:30:00+00:00","0.08","0.0","0.0296061"
"2013-04-08 05:00:00+00:00","0.106","0.0","0.0300366"
"2013-04-08 05:30:00+00:00","0.123","0.0","0.0309468"
"2013-04-08 06:00:00+00:00","0.157","0.0","0.0307131"
"2013-04-08 06:30:00+00:00","0.097","0.0","0.0341079"
"2013-04-08 07:00:00+00:00","0.153","0.006","0.03682005"
"2013-04-08 07:30:00+00:00","0.056","0.044","0.0329271"
"2013-04-08 08:00:00+00:00","0.138","0.313","0.0374166"
"2013-04-08 08:30:00+00:00","0.099","0.481","0.0344154"
"2013-04-08 09:00:00+00:00","0.099","0.569","0.035055"
"2013-04-08 09:30:00+00:00","0.118","0.65","0.0350673"
"2013-04-08 10:00:00+00:00","0.189","0.713","0.0348582"
"2013-04-08 10:30:00+00:00","0.08","0.756","0.034809"
"2013-04-08 11:00:00+00:00","0.135","0.806","0.03503655"
"2013-04-08 11:30:00+00:00","0.139","0.788","0.034563"
"2013-04-08 12:00:00+00:00","0.066","0.825","0.0340464"
"2013-04-08 12:30:00+00:00","0.173","0.806","0.03416325"
"2013-04-08 13:00:00+00:00","0.091","0.775","0.03454455"
"2013-04-08 13:30:00+00:00","0.144","0.731","0.03471675"
"2013-04-08 14:00:00+00:00","0.182","0.681","0.0355224"
"2013-04-08 14:30:00+00:00","0.147","0.619","0.03427395"
"2013-04-08 15:00:00+00:00","0.102","0.55","0.0340587"
"2013-04-08 15:30:00+00:00","0.101","0.438","0.03378195"
"2013-04-08 16:00:00+00:00","0.18","0.325","0.03549165"
"2013-04-08 16:30:00+00:00","0.073","0.194","0.03467985"
"2013-04-08 17:00:00+00:00","0.143","0.063","0.0342801"
"2013-04-08 17:30:00+00:00","0.192","0.0","0.0343539"
"2013-04-08 18:00:00+00:00","0.101","0.0","0.0357438"
"2013-04-08 18:30:00+00:00","0.161","0.0","0.0372936"
"2013-04-08 19:00:00+00:00","0.111","0.0","0.03488895"
"2013-04-08 19:30:00+00:00","0.133","0.0","0.03290865"
"2013-04-08 20:00:00+00:00","0.085","0.0","0.0322137"
"2013-04-08 20:30:00+00:00","0.156","0.0","0.03263805"
"2013-04-08 21:00:00+00:00","0.109","0.0","0.03137115"
"2013-04-08 21:30:00+00:00","0.151","0.0","0.03133425"
"2013-04-08 22:00:00+00:00","0.169","0.0","0.03043635"
"2013-04-08 22:30:00+00:00","0.079","0.0","0.03188775"
"2013-04-08 23:00:00+00:00","0.121","0.0","0.0321276"
"2013-04-08 23:30:00+00:00","0.12","0.0","0.0339111"
"2013-04-09 00:00:00+00:00","0.129","0.0","0.033702"
"2013-04-09 00:30:00+00:00","0.075","0.0","0.030996"
"2013-04-09 01:00:00+00:00","0.168","0.0","0.0309468"
"2013-04-09 01:30:00+00:00","0.117","0.0","0.03105135"
"2013-04-09 02:00:00+00:00","0.16","0.0","0.0297537"
"2013-04-09 02:30:00+00:00","0.112","0.0","0.0284622"
"2013-04-09 03:00:00+00:00","0.105","0.0","0.0292494"
"2013-04-09 03:30:00+00:00","0.092","0.0","0.02803785"
"2013-04-09 04:00:00+00:00","0.155","0.0","0.02642655"
"2013-04-09 04:30:00+00:00","0.066","0.0","0.02793945"
"2013-04-09 05:00:00+00:00","0.13","0.0","0.0280194"
"2013-04-09 05:30:00+00:00","0.16","0.006","0.03032565"
"2013-04-09 06:00:00+00:00","0.106","0.0","0.03121125"
"2013-04-09 06:30:00+00:00","0.117","0.0","0.0329886"
"2013-04-09 07:00:00+00:00","0.133","0.0","0.0348828"
"2013-04-09 07:30:00+00:00","0.062","0.013","0.0347352"
"2013-04-09 08:00:00+00:00","0.142","0.05","0.0383883"
"2013-04-09 08:30:00+00:00","0.105","0.25","0.0368877"
"2013-04-09 09:00:00+00:00","0.083","0.5","0.03552855"
"2013-04-09 09:30:00+00:00","0.18","0.669","0.03498735"
"2013-04-09 10:00:00+00:00","0.137","0.531","0.0350919"
"2013-04-09 10:30:00+00:00","0.103","0.806","0.0359037"
"2013-04-09 11:00:00+00:00","0.126","0.913","0.0342186"
"2013-04-09 11:30:00+00:00","0.131","0.781","0.03290865"
"2013-04-09 12:00:00+00:00","0.071","0.588","0.03301935"
"2013-04-09 12:30:00+00:00","0.176","0.175","0.03290865"
"2013-04-09 13:00:00+00:00","0.118","0.269","0.0335298"
"2013-04-09 13:30:00+00:00","0.145","0.244","0.03353595"
"2013-04-09 14:00:00+00:00","0.154","0.219","0.0329148"
"2013-04-09 14:30:00+00:00","0.105","0.238","0.03333915"
"2013-04-09 15:00:00+00:00","0.122","0.25","0.0329148"
"2013-04-09 15:30:00+00:00","0.113","0.181","0.03290865"
"2013-04-09 16:00:00+00:00","0.14","0.1","0.03290865"
"2013-04-09 16:30:00+00:00","0.073","0.013","0.03290865"
"2013-04-09 17:00:00+00:00","0.197","0.013","0.0329148"
"2013-04-09 17:30:00+00:00","0.155","0.0","0.03300705"
"2013-04-09 18:00:00+00:00","0.1","0.0","0.0335175"
"2013-04-09 18:30:00+00:00","0.14","0.0","0.0347106"
"2013-04-09 19:00:00+00:00","0.102","0.0","0.0336651"
"2013-04-09 19:30:00+00:00","0.11","0.006","0.0326565"
"2013-04-09 20:00:00+00:00","0.124","0.0","0.0316725"
"2013-04-09 20:30:00+00:00","0.123","0.0","0.0333576"
"2013-04-09 21:00:00+00:00","0.101","0.0","0.0328902"
"2013-04-09 21:30:00+00:00","0.209","0.0","0.03251505"
"2013-04-09 22:00:00+00:00","0.075","0.0","0.0313158"
"2013-04-09 22:30:00+00:00","0.12","0.0","0.0328902"
"2013-04-09 23:00:00+00:00","0.112","0.0","0.03223215"
"2013-04-09 23:30:00+00:00","0.106","0.0","0.03386805"
"2013-04-10 00:00:00+00:00","0.094","0.0","0.0338373"
"2013-04-10 00:30:00+00:00","0.141","0.0","0.03134655"
"2013-04-10 01:00:00+00:00","0.096","0.0","0.031119"
"2013-04-10 01:30:00+00:00","0.162","0.0","0.03133425"
"2013-04-10 02:00:00+00:00","0.134","0.0","0.03090375"
"2013-04-10 02:30:00+00:00","0.075","0.0","0.02891115"
"2013-04-10 03:00:00+00:00","0.114","0.0","0.02813625"
"2013-04-10 03:30:00+00:00","0.128","0.0","0.02812395"
"2013-04-10 04:00:00+00:00","0.082","0.0","0.0280194"
"2013-04-10 04:30:00+00:00","0.131","0.0","0.02963685"
"2013-04-10 05:00:00+00:00","0.12","0.0","0.0297537"
"2013-04-10 05:30:00+00:00","0.122","0.0","0.03067005"
"2013-04-10 06:00:00+00:00","0.15","0.0","0.030873"
"2013-04-10 06:30:00+00:00","0.091","0.0","0.03402795"
"2013-04-10 07:00:00+00:00","0.091","0.0","0.0347967"
"2013-04-10 07:30:00+00:00","0.132","0.038","0.0326196"
"2013-04-10 08:00:00+00:00","0.095","0.325","0.0355839"
"2013-04-10 08:30:00+00:00","0.096","0.488","0.0344892"
"2013-04-10 09:00:00+00:00","0.141","0.581","0.03299475"
"2013-04-10 09:30:00+00:00","0.111","0.656","0.0349935"
"2013-04-10 10:00:00+00:00","0.158","0.719","0.0329148"
"2013-04-10 10:30:00+00:00","0.107","0.544","0.03309315"
"2013-04-10 11:00:00+00:00","0.105","0.838","0.03341295"
"2013-04-10 11:30:00+00:00","0.106","0.844","0.03474135"
"2013-04-10 12:00:00+00:00","0.157","0.85","0.03538095"
"2013-04-10 12:30:00+00:00","0.06","0.756","0.0353748"
"2013-04-10 13:00:00+00:00","0.171","0.806","0.03486435"
"2013-04-10 13:30:00+00:00","0.177","0.763","0.03539325"
"2013-04-10 14:00:00+00:00","0.08","0.706","0.0362481"
"2013-04-10 14:30:00+00:00","0.179","0.638","0.0372567"
"2013-04-10 15:00:00+00:00","0.102","0.556","0.0356577"
"2013-04-10 15:30:00+00:00","0.096","0.456","0.0353379"
"2013-04-10 16:00:00+00:00","0.142","0.338","0.0342924"
"2013-04-10 16:30:00+00:00","0.138","0.219","0.0357561"
"2013-04-10 17:00:00+00:00","0.169","0.069","0.0349443"
"2013-04-10 17:30:00+00:00","0.16","0.0","0.0340341"
"2013-04-10 18:00:00+00:00","0.171","0.0","0.04471665"
"2013-04-10 18:30:00+00:00","0.113","0.0","0.0573795"
"2013-04-10 19:00:00+00:00","0.129","0.0","0.0400857"
"2013-04-10 19:30:00+00:00","0.173","0.0","0.0346737"
"2013-04-10 20:00:00+00:00","0.088","0.0","0.0327549"
"2013-04-10 20:30:00+00:00","0.323","0.0","0.03289635"
"2013-04-10 21:00:00+00:00","0.177","0.0","0.03289635"
"2013-04-10 21:30:00+00:00","0.201","0.0","0.03253965"
"2013-04-10 22:00:00+00:00","0.087","0.0","0.03076845"
"2013-04-10 22:30:00+00:00","0.162","0.0","0.03439695"
"2013-04-10 23:00:00+00:00","0.119","0.0","0.03474135"
"2013-04-10 23:30:00+00:00","0.115","0.0","0.03515955"
"2013-04-11 00:00:00+00:00","0.148","0.0","0.0390279"
"2013-04-11 00:30:00+00:00","0.101","0.0","0.0343908"
"2013-04-11 01:00:00+00:00","0.119","0.0","0.0331731"
"2013-04-11 01:30:00+00:00","0.174","0.0","0.0321153"
"2013-04-11 02:00:00+00:00","0.122","0.0","0.0307746"
"2013-04-11 02:30:00+00:00","0.083","0.0","0.02920635"
"2013-04-11 03:00:00+00:00","0.141","0.0","0.0277857"
"2013-04-11 03:30:00+00:00","0.097","0.0","0.02793945"
"2013-04-11 04:00:00+00:00","0.107","0.0","0.02791485"
"2013-04-11 04:30:00+00:00","0.133","0.0","0.0279825"
"2013-04-11 05:00:00+00:00","0.109","0.0","0.02861595"
"2013-04-11 05:30:00+00:00","0.129","0.0","0.0309591"
"2013-04-11 06:00:00+00:00","0.266","0.0","0.0311805"
"2013-04-11 06:30:00+00:00","0.17","0.0","0.03368355"
"2013-04-11 07:00:00+00:00","0.284","0.006","0.03464295"
"2013-04-11 07:30:00+00:00","0.234","0.038","0.0324966"
"2013-04-11 08:00:00+00:00","0.208","0.344","0.0334683"
"2013-04-11 08:30:00+00:00","0.236","0.5","0.033948"
"2013-04-11 09:00:00+00:00","0.233","0.594","0.0332961"
"2013-04-11 09:30:00+00:00","0.128","0.669","0.03614355"
"2013-04-11 10:00:00+00:00","0.226","0.725","0.0367032"
"2013-04-11 10:30:00+00:00","0.119","0.769","0.0358914"
"2013-04-11 11:00:00+00:00","0.087","0.794","0.03527025"
"2013-04-11 11:30:00+00:00","0.157","0.813","0.03588525"
"2013-04-11 12:00:00+00:00","0.131","0.813","0.0369861"
"2013-04-11 12:30:00+00:00","0.122","0.8","0.0361866"
"2013-04-11 13:00:00+00:00","0.124","0.775","0.036777"
"2013-04-11 13:30:00+00:00","0.209","0.738","0.03739815"
"2013-04-11 14:00:00+00:00","0.121","0.694","0.0383391"
"2013-04-11 14:30:00+00:00","0.163","0.631","0.0409098"
"2013-04-11 15:00:00+00:00","0.195","0.55","0.03813"
"2013-04-11 15:30:00+00:00","0.261","0.45","0.03603285"
"2013-04-11 16:00:00+00:00","0.204","0.344","0.0350796"
"2013-04-11 16:30:00+00:00","0.389","0.213","0.0350058"
"2013-04-11 17:00:00+00:00","0.205","0.069","0.0345876"
"2013-04-11 17:30:00+00:00","0.273","0.006","0.0341571"
"2013-04-11 18:00:00+00:00","0.359","0.0","0.03570075"
"2013-04-11 18:30:00+00:00","0.33","0.0","0.03985815"
"2013-04-11 19:00:00+00:00","0.272","0.0","0.03677085"
"2013-04-11 19:30:00+00:00","0.316","0.0","0.035055"
"2013-04-11 20:00:00+00:00","0.288","0.0","0.03651255"
"2013-04-11 20:30:00+00:00","0.204","0.0","0.03761955"
"2013-04-11 21:00:00+00:00","0.6","0.0","0.03728745"
"2013-04-11 21:30:00+00:00","0.652","0.0","0.03604515"
"2013-04-11 22:00:00+00:00","0.336","0.0","0.03253965"
"2013-04-11 22:30:00+00:00","0.261","0.0","0.03636495"
"2013-04-11 23:00:00+00:00","0.445","0.0","0.0362604"
"2013-04-11 23:30:00+00:00","0.302","0.0","0.03739815"
"2013-04-12 00:00:00+00:00","0.151","0.0","0.03652485"
"2013-04-12 00:30:00+00:00","0.135","0.0","0.033333"
"2013-04-12 01:00:00+00:00","0.1","0.0","0.0326319"
"2013-04-12 01:30:00+00:00","0.172","0.0","0.0320292"
"2013-04-12 02:00:00+00:00","0.171","0.0","0.0304548"
"2013-04-12 02:30:00+00:00","0.103","0.0","0.0295938"
"2013-04-12 03:00:00+00:00","0.104","0.0","0.0293601"
"2013-04-12 03:30:00+00:00","0.168","0.0","0.02841915"
"2013-04-12 04:00:00+00:00","0.082","0.0","0.02829615"
"2013-04-12 04:30:00+00:00","0.126","0.0","0.0292125"
"2013-04-12 05:00:00+00:00","0.127","0.0","0.0298029"
"2013-04-12 05:30:00+00:00","0.136","0.0","0.03068235"
"2013-04-12 06:00:00+00:00","0.151","0.0","0.03204765"
"2013-04-12 06:30:00+00:00","0.222","0.0","0.03348675"
"2013-04-12 07:00:00+00:00","0.115","0.0","0.03573765"
"2013-04-12 07:30:00+00:00","0.132","0.013","0.0332346"
"2013-04-12 08:00:00+00:00","0.176","0.056","0.03529485"
"2013-04-12 08:30:00+00:00","0.162","0.113","0.03619275"
"2013-04-12 09:00:00+00:00","0.235","0.206","0.03538095"
"2013-04-12 09:30:00+00:00","0.827","0.538","0.03704145"
"2013-04-12 10:00:00+00:00","0.353","0.731","0.04664775"
"2013-04-12 10:30:00+00:00","0.12","0.788","0.0401841"
"2013-04-12 11:00:00+00:00","0.171","0.794","0.04552845"
"2013-04-12 11:30:00+00:00","0.066","0.831","0.03932925"
"2013-04-12 12:00:00+00:00","0.17","0.8","0.04328985"
"2013-04-12 12:30:00+00:00","0.123","0.806","0.0397782"
"2013-04-12 13:00:00+00:00","0.099","0.788","0.03806235"
"2013-04-12 13:30:00+00:00","0.304","0.75","0.0380685"
"2013-04-12 14:00:00+00:00","0.229","0.706","0.03813"
"2013-04-12 14:30:00+00:00","0.138","0.631","0.03802545"
"2013-04-12 15:00:00+00:00","0.112","0.556","0.0379209"
"2013-04-12 15:30:00+00:00","0.182","0.45","0.03614355"
"2013-04-12 16:00:00+00:00","0.265","0.331","0.0487326"
"2013-04-12 16:30:00+00:00","0.09","0.213","0.03835755"
"2013-04-12 17:00:00+00:00","0.469","0.069","0.0393108"
"2013-04-12 17:30:00+00:00","0.354","0.0","0.04014105"
"2013-04-12 18:00:00+00:00","0.427","0.0","0.04937835"
"2013-04-12 18:30:00+00:00","0.272","0.0","0.0457191"
"2013-04-12 19:00:00+00:00","0.296","0.0","0.03599595"
"2013-04-12 19:30:00+00:00","0.285","0.0","0.035055"
"2013-04-12 20:00:00+00:00","0.298","0.0","0.03388035"
"2013-04-12 20:30:00+00:00","0.404","0.0","0.0331116"
"2013-04-12 21:00:00+00:00","0.246","0.0","0.03381885"
"2013-04-12 21:30:00+00:00","0.364","0.0","0.0332838"
"2013-04-12 22:00:00+00:00","0.22","0.0","0.03166635"
"2013-04-12 22:30:00+00:00","0.132","0.0","0.03474135"
"2013-04-12 23:00:00+00:00","0.11","0.0","0.034809"
"2013-04-12 23:30:00+00:00","0.193","0.0","0.03573765"
"2013-04-13 00:00:00+00:00","0.089","0.0","0.0351411"
"2013-04-13 00:30:00+00:00","0.143","0.0","0.0338988"
"2013-04-13 01:00:00+00:00","0.128","0.0","0.03241665"
"2013-04-13 01:30:00+00:00","0.202","0.0","0.0328533"
"2013-04-13 02:00:00+00:00","0.118","0.0","0.03103905"
"2013-04-13 02:30:00+00:00","0.174","0.0","0.028536"
"2013-04-13 03:00:00+00:00","0.087","0.0","0.0284745"
"2013-04-13 03:30:00+00:00","0.129","0.0","0.0271215"
"2013-04-13 04:00:00+00:00","0.109","0.0","0.02763195"
"2013-04-13 04:30:00+00:00","0.121","0.0","0.0281301"
"2013-04-13 05:00:00+00:00","0.086","0.0","0.02796405"
"2013-04-13 05:30:00+00:00","0.195","0.0","0.02953845"
"2013-04-13 06:00:00+00:00","0.101","0.0","0.0286098"
"2013-04-13 06:30:00+00:00","0.132","0.0","0.0286467"
"2013-04-13 07:00:00+00:00","0.215","0.0","0.0297537"
"2013-04-13 07:30:00+00:00","0.098","0.025","0.0304548"
"2013-04-13 08:00:00+00:00","0.17","0.263","0.0308238"
"2013-04-13 08:30:00+00:00","0.141","0.388","0.0329517"
"2013-04-13 09:00:00+00:00","0.422","0.569","0.03406485"
"2013-04-13 09:30:00+00:00","0.213","0.663","0.0359775"
"2013-04-13 10:00:00+00:00","0.157","0.725","0.0348459"
"2013-04-13 10:30:00+00:00","0.106","0.719","0.03621735"
"2013-04-13 11:00:00+00:00","0.144","0.775","0.03399105"
"2013-04-13 11:30:00+00:00","0.234","0.694","0.0329025"
"2013-04-13 12:00:00+00:00","0.092","0.625","0.0313896"
"2013-04-13 12:30:00+00:00","0.13","0.75","0.0312051"
"2013-04-13 13:00:00+00:00","0.18","0.438","0.03198"
"2013-04-13 13:30:00+00:00","0.131","0.438","0.0311928"
"2013-04-13 14:00:00+00:00","0.156","0.688","0.0308853"
"2013-04-13 14:30:00+00:00","0.17","0.519","0.0310206"
"2013-04-13 15:00:00+00:00","0.079","0.55","0.03197385"
"2013-04-13 15:30:00+00:00","0.154","0.45","0.0327549"
"2013-04-13 16:00:00+00:00","0.272","0.338","0.0334068"
"2013-04-13 16:30:00+00:00","0.2","0.2","0.03573765"
"2013-04-13 17:00:00+00:00","0.212","0.063","0.0328902"
"2013-04-13 17:30:00+00:00","0.388","0.0","0.0326196"
"2013-04-13 18:00:00+00:00","0.315","0.0","0.0365925"
"2013-04-13 18:30:00+00:00","0.189","0.0","0.0378963"
"2013-04-13 19:00:00+00:00","0.237","0.0","0.0350058"
"2013-04-13 19:30:00+00:00","0.274","0.0","0.0315864"
"2013-04-13 20:00:00+00:00","0.219","0.0","0.03138345"
"2013-04-13 20:30:00+00:00","0.236","0.0","0.0312051"
"2013-04-13 21:00:00+00:00","0.234","0.0","0.03063315"
"2013-04-13 21:30:00+00:00","0.314","0.0","0.030627"
"2013-04-13 22:00:00+00:00","0.262","0.0","0.0308361"
"2013-04-13 22:30:00+00:00","0.259","0.0","0.03239205"
"2013-04-13 23:00:00+00:00","0.202","0.0","0.03787785"
"2013-04-13 23:30:00+00:00","0.132","0.0","0.03801315"
"2013-04-14 00:00:00+00:00","0.707","0.0","0.03809925"
"2013-04-14 00:30:00+00:00","0.431","0.0","0.03324075"
"2013-04-14 01:00:00+00:00","0.064","0.0","0.032349"
"2013-04-14 01:30:00+00:00","0.17","0.0","0.03165405"
"2013-04-14 02:00:00+00:00","0.155","0.0","0.0308607"
"2013-04-14 02:30:00+00:00","0.123","0.0","0.02912025"
"2013-04-14 03:00:00+00:00","0.092","0.0","0.0294708"
"2013-04-14 03:30:00+00:00","0.149","0.0","0.02940315"
"2013-04-14 04:00:00+00:00","0.084","0.0","0.0294216"
"2013-04-14 04:30:00+00:00","0.12","0.0","0.0297414"
"2013-04-14 05:00:00+00:00","0.125","0.0","0.02968605"
"2013-04-14 05:30:00+00:00","0.135","0.0","0.02987055"
"2013-04-14 06:00:00+00:00","0.123","0.0","0.030135"
"2013-04-14 06:30:00+00:00","0.29","0.0","0.02969835"
"2013-04-14 07:00:00+00:00","0.103","0.0","0.02979675"
"2013-04-14 07:30:00+00:00","0.106","0.044","0.03011655"
"2013-04-14 08:00:00+00:00","0.153","0.331","0.03059625"
"2013-04-14 08:30:00+00:00","0.111","0.469","0.0310944"
"2013-04-14 09:00:00+00:00","0.22","0.569","0.03236745"
"2013-04-14 09:30:00+00:00","0.128","0.631","0.03347445"
"2013-04-14 10:00:00+00:00","0.175","0.713","0.03333915"
"2013-04-14 10:30:00+00:00","0.107","0.75","0.0338496"
"2013-04-14 11:00:00+00:00","0.146","0.775","0.03311775"
"2013-04-14 11:30:00+00:00","0.138","0.788","0.03294555"
"2013-04-14 12:00:00+00:00","0.184","0.788","0.03287175"
"2013-04-14 12:30:00+00:00","0.24","0.775","0.03292095"
"2013-04-14 13:00:00+00:00","0.14","0.75","0.0338373"
"2013-04-14 13:30:00+00:00","0.322","0.725","0.03417555"
"2013-04-14 14:00:00+00:00","0.228","0.675","0.0327303"
"2013-04-14 14:30:00+00:00","0.207","0.613","0.03281025"
"2013-04-14 15:00:00+00:00","0.19","0.525","0.0328902"
"2013-04-14 15:30:00+00:00","0.19","0.431","0.03522105"
"2013-04-14 16:00:00+00:00","0.18","0.319","0.0339849"
"2013-04-14 16:30:00+00:00","0.242","0.188","0.0350058"
"2013-04-14 17:00:00+00:00","0.176","0.056","0.03642645"
"2013-04-14 17:30:00+00:00","0.206","0.0","0.0366663"
"2013-04-14 18:00:00+00:00","0.261","0.0","0.03940305"
"2013-04-14 18:30:00+00:00","0.352","0.0","0.04422465"
"2013-04-14 19:00:00+00:00","0.335","0.0","0.03752115"
"2013-04-14 19:30:00+00:00","0.516","0.0","0.0348336"
"2013-04-14 20:00:00+00:00","0.278","0.0","0.03282255"
"2013-04-14 20:30:00+00:00","0.117","0.0","0.03368355"
"2013-04-14 21:00:00+00:00","0.126","0.0","0.03218295"
"2013-04-14 21:30:00+00:00","0.159","0.0","0.03191235"
"2013-04-14 22:00:00+00:00","0.177","0.0","0.03063315"
"2013-04-14 22:30:00+00:00","0.19","0.0","0.0328533"
"2013-04-14 23:00:00+00:00","0.143","0.0","0.0325458"
"2013-04-14 23:30:00+00:00","0.179","0.0","0.03443385"
"2013-04-15 00:00:00+00:00","0.057","0.0","0.03346215"
"2013-04-15 00:30:00+00:00","0.136","0.0","0.0315372"
"2013-04-15 01:00:00+00:00","0.134","0.0","0.03015345"
"2013-04-15 01:30:00+00:00","0.108","0.0","0.0299136"
"2013-04-15 02:00:00+00:00","0.137","0.0","0.0293355"
"2013-04-15 02:30:00+00:00","0.16","0.0","0.02913255"
"2013-04-15 03:00:00+00:00","0.141","0.0","0.0291264"
"2013-04-15 03:30:00+00:00","0.068","0.0","0.02864055"
"2013-04-15 04:00:00+00:00","0.167","0.0","0.0283884"
"2013-04-15 04:30:00+00:00","0.077","0.0","0.03014115"
"2013-04-15 05:00:00+00:00","0.118","0.0","0.0306516"
"2013-04-15 05:30:00+00:00","0.285","0.0","0.0314511"
"2013-04-15 06:00:00+00:00","0.153","0.0","0.03142035"
"2013-04-15 06:30:00+00:00","0.116","0.0","0.0340587"
"2013-04-15 07:00:00+00:00","0.2","0.013","0.0585357"
"2013-04-15 07:30:00+00:00","0.194","0.038","0.03277335"
"2013-04-15 08:00:00+00:00","0.295","0.119","0.03663555"
"2013-04-15 08:30:00+00:00","0.145","0.181","0.0410205"
"2013-04-15 09:00:00+00:00","0.121","0.444","0.0377733"
"2013-04-15 09:30:00+00:00","0.107","0.381","0.04282245"
"2013-04-15 10:00:00+00:00","0.196","0.4","0.0412296"
"2013-04-15 10:30:00+00:00","0.269","0.469","0.05344965"
"2013-04-15 11:00:00+00:00","0.229","0.4","0.03836985"
"2013-04-15 11:30:00+00:00","0.233","0.356","0.0375888"
"2013-04-15 12:00:00+00:00","0.174","0.406","0.0486957"
"2013-04-15 12:30:00+00:00","0.226","0.656","0.04459365"
"2013-04-15 13:00:00+00:00","0.205","0.556","0.04338825"
"2013-04-15 13:30:00+00:00","0.245","0.463","0.04899705"
"2013-04-15 14:00:00+00:00","0.26","0.675","0.03995655"
"2013-04-15 14:30:00+00:00","0.294","0.281","0.03721365"
"2013-04-15 15:00:00+00:00","0.398","0.269","0.03749655"
"2013-04-15 15:30:00+00:00","0.172","0.406","0.0371337"
"2013-04-15 16:00:00+00:00","0.201","0.25","0.0416478"
"2013-04-15 16:30:00+00:00","0.208","0.069","0.03519645"
"2013-04-15 17:00:00+00:00","0.19","0.006","0.0406515"
"2013-04-15 17:30:00+00:00","0.256","0.0","0.03614355"
"2013-04-15 18:00:00+00:00","0.306","0.0","0.05303145"
"2013-04-15 18:30:00+00:00","0.339","0.0","0.0481791"
"2013-04-15 19:00:00+00:00","0.355","0.0","0.03584835"
"2013-04-15 19:30:00+00:00","0.293","0.0","0.0345507"
"2013-04-15 20:00:00+00:00","0.283","0.0","0.03440925"
"2013-04-15 20:30:00+00:00","0.256","0.0","0.0348951"
"2013-04-15 21:00:00+00:00","0.252","0.0","0.03502425"
"2013-04-15 21:30:00+00:00","0.336","0.0","0.03610665"
"2013-04-15 22:00:00+00:00","0.303","0.0","0.03388035"
"2013-04-15 22:30:00+00:00","0.61","0.0","0.06583575"
"2013-04-15 23:00:00+00:00","0.857","0.0","0.04603275"
"2013-04-15 23:30:00+00:00","0.266","0.0","0.04469205"
"2013-04-16 00:00:00+00:00","0.077","0.006","0.0537264"
"2013-04-16 00:30:00+00:00","0.173","0.0","0.04282245"
"2013-04-16 01:00:00+00:00","0.114","0.0","0.03619275"
"2013-04-16 01:30:00+00:00","0.111","0.0","0.0353256"
"2013-04-16 02:00:00+00:00","0.103","0.0","0.03450765"
"2013-04-16 02:30:00+00:00","0.167","0.0","0.0318939"
"2013-04-16 03:00:00+00:00","0.133","0.0","0.03129735"
"2013-04-16 03:30:00+00:00","0.131","0.0","0.03032565"
"2013-04-16 04:00:00+00:00","0.141","0.0","0.03065775"
"2013-04-16 04:30:00+00:00","0.096","0.0","0.03142035"
"2013-04-16 05:00:00+00:00","0.12","0.0","0.0314388"
"2013-04-16 05:30:00+00:00","0.115","0.0","0.03416325"
"2013-04-16 06:00:00+00:00","0.248","0.0","0.03750885"
"2013-04-16 06:30:00+00:00","0.079","0.0","0.0439233"
"2013-04-16 07:00:00+00:00","0.4","0.0","0.0510327"
"2013-04-16 07:30:00+00:00","0.42","0.0","0.0354117"
"2013-04-16 08:00:00+00:00","0.34","0.013","0.0380808"
"2013-04-16 08:30:00+00:00","0.29","0.038","0.0371952"
"2013-04-16 09:00:00+00:00","0.248","0.044","0.03723825"
"2013-04-16 09:30:00+00:00","0.156","0.125","0.0514755"
"2013-04-16 10:00:00+00:00","0.106","0.138","0.03765645"
"2013-04-16 10:30:00+00:00","0.146","0.15","0.03421245"
"2013-04-16 11:00:00+00:00","0.094","0.325","0.03498735"
"2013-04-16 11:30:00+00:00","0.201","0.513","0.0349197"
"2013-04-16 12:00:00+00:00","0.097","0.281","0.03488895"
"2013-04-16 12:30:00+00:00","0.099","0.281","0.035055"
"2013-04-16 13:00:00+00:00","0.129","0.5","0.03572535"
"2013-04-16 13:30:00+00:00","0.143","0.544","0.0364695"
"2013-04-16 14:00:00+00:00","0.072","0.456","0.03611895"
"2013-04-16 14:30:00+00:00","0.118","0.475","0.0390525"
"2013-04-16 15:00:00+00:00","0.202","0.463","0.0361497"
"2013-04-16 15:30:00+00:00","0.092","0.213","0.03474135"
"2013-04-16 16:00:00+00:00","0.204","0.031","0.0338619"
"2013-04-16 16:30:00+00:00","0.244","0.075","0.03316695"
"2013-04-16 17:00:00+00:00","0.147","0.006","0.03362205"
"2013-04-16 17:30:00+00:00","0.18","0.0","0.03372045"
"2013-04-16 18:00:00+00:00","0.281","0.0","0.0442185"
"2013-04-16 18:30:00+00:00","0.215","0.0","0.0514632"
"2013-04-16 19:00:00+00:00","0.236","0.0","0.03517185"
"2013-04-16 19:30:00+00:00","0.31","0.0","0.03321"
"2013-04-16 20:00:00+00:00","0.399","0.0","0.0313281"
"2013-04-16 20:30:00+00:00","0.218","0.0","0.03074385"
"2013-04-16 21:00:00+00:00","0.287","0.0","0.0309468"
"2013-04-16 21:30:00+00:00","0.258","0.0","0.03199845"
"2013-04-16 22:00:00+00:00","0.093","0.0","0.03071925"
"2013-04-16 22:30:00+00:00","0.171","0.0","0.0443907"
"2013-04-16 23:00:00+00:00","0.107","0.0","0.03653715"
"2013-04-16 23:30:00+00:00","0.172","0.0","0.0360267"
"2013-04-17 00:00:00+00:00","0.154","0.0","0.03554085"
"2013-04-17 00:30:00+00:00","0.118","0.0","0.0316356"
"2013-04-17 01:00:00+00:00","0.094","0.0","0.0308976"
"2013-04-17 01:30:00+00:00","0.139","0.0","0.03121125"
"2013-04-17 02:00:00+00:00","0.106","0.0","0.02978445"
"2013-04-17 02:30:00+00:00","0.077","0.0","0.02946465"
"2013-04-17 03:00:00+00:00","0.147","0.0","0.02916945"
"2013-04-17 03:30:00+00:00","0.13","0.0","0.02866515"
"2013-04-17 04:00:00+00:00","0.182","0.0","0.02829615"
"2013-04-17 04:30:00+00:00","0.102","0.0","0.02807475"
"2013-04-17 05:00:00+00:00","0.117","0.0","0.0286836"
"2013-04-17 05:30:00+00:00","0.084","0.0","0.02977215"
"2013-04-17 06:00:00+00:00","0.157","0.0","0.03021495"
"2013-04-17 06:30:00+00:00","0.089","0.0","0.0320784"
"2013-04-17 07:00:00+00:00","0.242","0.006","0.0340464"
"2013-04-17 07:30:00+00:00","0.159","0.056","0.0326073"
"2013-04-17 08:00:00+00:00","0.207","0.319","0.0332715"
"2013-04-17 08:30:00+00:00","0.207","0.463","0.0345384"
"2013-04-17 09:00:00+00:00","0.224","0.569","0.0331977"
"2013-04-17 09:30:00+00:00","0.172","0.644","0.03506115"
"2013-04-17 10:00:00+00:00","0.278","0.713","0.035547"
"2013-04-17 10:30:00+00:00","0.371","0.763","0.03619275"
"2013-04-17 11:00:00+00:00","0.305","0.794","0.03374505"
"2013-04-17 11:30:00+00:00","0.447","0.75","0.03356055"
"2013-04-17 12:00:00+00:00","0.333","0.831","0.03543015"
"2013-04-17 12:30:00+00:00","0.265","0.781","0.03598365"
"2013-04-17 13:00:00+00:00","0.446","0.775","0.0355224"
"2013-04-17 13:30:00+00:00","0.198","0.719","0.03540555"
"2013-04-17 14:00:00+00:00","0.139","0.644","0.03625425"
"2013-04-17 14:30:00+00:00","0.11","0.375","0.03807465"
"2013-04-17 15:00:00+00:00","0.186","0.375","0.03712755"
"2013-04-17 15:30:00+00:00","0.157","0.256","0.03465525"
"2013-04-17 16:00:00+00:00","0.158","0.15","0.03472905"
"2013-04-17 16:30:00+00:00","0.244","0.188","0.03486435"
"2013-04-17 17:00:00+00:00","0.121","0.006","0.0346368"
"2013-04-17 17:30:00+00:00","0.116","0.0","0.03662325"
"2013-04-17 18:00:00+00:00","0.163","0.0","0.05065755"
"2013-04-17 18:30:00+00:00","0.118","0.0","0.041697"
"2013-04-17 19:00:00+00:00","0.135","0.0","0.03750885"
"2013-04-17 19:30:00+00:00","0.159","0.0","0.03475365"
"2013-04-17 20:00:00+00:00","0.209","0.0","0.03483975"
"2013-04-17 20:30:00+00:00","0.3","0.0","0.0355962"
"2013-04-17 21:00:00+00:00","0.238","0.0","0.0358668"
"2013-04-17 21:30:00+00:00","0.22","0.0","0.0369"
"2013-04-17 22:00:00+00:00","0.135","0.0","0.0338865"
"2013-04-17 22:30:00+00:00","0.116","0.0","0.03806235"
"2013-04-17 23:00:00+00:00","0.147","0.0","0.0374166"
"2013-04-17 23:30:00+00:00","0.188","0.0","0.03806235"
"2013-04-18 00:00:00+00:00","0.132","0.0","0.0373797"
"2013-04-18 00:30:00+00:00","0.183","0.0","0.03405255"
"2013-04-18 01:00:00+00:00","0.098","0.0","0.0313527"
"2013-04-18 01:30:00+00:00","0.148","0.0","0.0312789"
"2013-04-18 02:00:00+00:00","0.136","0.0","0.0302334"
"2013-04-18 02:30:00+00:00","0.159","0.0","0.02903415"
"2013-04-18 03:00:00+00:00","0.082","0.0","0.0273921"
"2013-04-18 03:30:00+00:00","0.25","0.0","0.02784105"
"2013-04-18 04:00:00+00:00","0.162","0.0","0.0279579"
"2013-04-18 04:30:00+00:00","0.099","0.0","0.0279579"
"2013-04-18 05:00:00+00:00","0.145","0.0","0.02898495"
"2013-04-18 05:30:00+00:00","0.262","0.0","0.030627"
"2013-04-18 06:00:00+00:00","0.111","0.0","0.03086685"
"2013-04-18 06:30:00+00:00","0.281","0.0","0.0333453"
"2013-04-18 07:00:00+00:00","0.288","0.006","0.03529485"
"2013-04-18 07:30:00+00:00","0.257","0.056","0.033456"
"2013-04-18 08:00:00+00:00","0.392","0.219","0.03461835"
"2013-04-18 08:30:00+00:00","0.159","0.425","0.03529485"
"2013-04-18 09:00:00+00:00","0.125","0.556","0.03480285"
"2013-04-18 09:30:00+00:00","0.114","0.638","0.035424"
"2013-04-18 10:00:00+00:00","0.134","0.7","0.03528255"
"2013-04-18 10:30:00+00:00","0.07","0.713","0.03561465"
"2013-04-18 11:00:00+00:00","0.152","0.713","0.03515955"
"2013-04-18 11:30:00+00:00","0.147","0.456","0.03474135"
"2013-04-18 12:00:00+00:00","0.129","0.394","0.03496275"
"2013-04-18 12:30:00+00:00","0.168","0.575","0.03482745"
"2013-04-18 13:00:00+00:00","0.089","0.281","0.03589755"
"2013-04-18 13:30:00+00:00","0.125","0.506","0.0384867"
"2013-04-18 14:00:00+00:00","0.138","0.556","0.03916935"
"2013-04-18 14:30:00+00:00","0.12","0.569","0.03472905"
"2013-04-18 15:00:00+00:00","0.097","0.513","0.03474135"
"2013-04-18 15:30:00+00:00","0.158","0.144","0.0349935"
"2013-04-18 16:00:00+00:00","0.216","0.219","0.0350919"
"2013-04-18 16:30:00+00:00","0.073","0.025","0.035055"
"2013-04-18 17:00:00+00:00","0.287","0.05","0.0364449"
"2013-04-18 17:30:00+00:00","0.26","0.0","0.03819765"
"2013-04-18 18:00:00+00:00","0.148","0.0","0.06001785"
"2013-04-18 18:30:00+00:00","0.186","0.0","0.0610449"
"2013-04-18 19:00:00+00:00","0.222","0.0","0.04611885"
"2013-04-18 19:30:00+00:00","0.227","0.0","0.03590985"
"2013-04-18 20:00:00+00:00","0.288","0.0","0.0347106"
"2013-04-18 20:30:00+00:00","0.259","0.0","0.03652485"
"2013-04-18 21:00:00+00:00","0.373","0.0","0.0369492"
"2013-04-18 21:30:00+00:00","0.255","0.0","0.03461835"
"2013-04-18 22:00:00+00:00","0.291","0.0","0.0337389"
"2013-04-18 22:30:00+00:00","1.154","0.0","0.03806235"
"2013-04-18 23:00:00+00:00","0.259","0.0","0.03806235"
"2013-04-18 23:30:00+00:00","0.342","0.0","0.03777945"
"2013-04-19 00:00:00+00:00","0.169","0.0","0.0369123"
"2013-04-19 00:30:00+00:00","0.099","0.0","0.034809"
"2013-04-19 01:00:00+00:00","0.117","0.0","0.03336375"
"2013-04-19 01:30:00+00:00","0.145","0.0","0.0326196"
"2013-04-19 02:00:00+00:00","0.051","0.0","0.0304302"
"2013-04-19 02:30:00+00:00","0.164","0.0","0.02862825"
"2013-04-19 03:00:00+00:00","0.111","0.0","0.02776725"
"2013-04-19 03:30:00+00:00","0.103","0.0","0.02784105"
"2013-04-19 04:00:00+00:00","0.146","0.0","0.02793945"
"2013-04-19 04:30:00+00:00","0.178","0.0","0.0279579"
"2013-04-19 05:00:00+00:00","0.05","0.0","0.02845605"
"2013-04-19 05:30:00+00:00","0.136","0.0","0.0306024"
"2013-04-19 06:00:00+00:00","0.117","0.0","0.03112515"
"2013-04-19 06:30:00+00:00","0.087","0.0","0.03459375"
"2013-04-19 07:00:00+00:00","0.18","0.006","0.0379947"
"2013-04-19 07:30:00+00:00","0.157","0.025","0.03370815"
"2013-04-19 08:00:00+00:00","0.278","0.156","0.0346737"
"2013-04-19 08:30:00+00:00","0.305","0.456","0.03517185"
"2013-04-19 09:00:00+00:00","0.113","0.581","0.03491355"
"2013-04-19 09:30:00+00:00","0.086","0.675","0.034194"
"2013-04-19 10:00:00+00:00","0.152","0.756","0.03408945"
"2013-04-19 10:30:00+00:00","0.105","0.8","0.0336282"
"2013-04-19 11:00:00+00:00","0.088","0.825","0.03237975"
"2013-04-19 11:30:00+00:00","0.131","0.856","0.03260115"
"2013-04-19 12:00:00+00:00","0.189","0.638","0.0328041"
"2013-04-19 12:30:00+00:00","0.082","0.763","0.0331731"
"2013-04-19 13:00:00+00:00","0.168","0.638","0.03338835"
"2013-04-19 13:30:00+00:00","0.093","0.419","0.0339972"
"2013-04-19 14:00:00+00:00","0.116","0.425","0.03411405"
"2013-04-19 14:30:00+00:00","0.127","0.106","0.03342525"
"2013-04-19 15:00:00+00:00","0.112","0.406","0.03344985"
"2013-04-19 15:30:00+00:00","0.116","0.438","0.03354825"
"2013-04-19 16:00:00+00:00","0.177","0.144","0.0332592"
"2013-04-19 16:30:00+00:00","0.15","0.044","0.0340833"
"2013-04-19 17:00:00+00:00","0.057","0.031","0.0349074"
"2013-04-19 17:30:00+00:00","0.189","0.0","0.03396645"
"2013-04-19 18:00:00+00:00","0.086","0.0","0.03546705"
"2013-04-19 18:30:00+00:00","0.091","0.0","0.03779175"
"2013-04-19 19:00:00+00:00","0.129","0.0","0.03592215"
"2013-04-19 19:30:00+00:00","0.117","0.0","0.0346983"
"2013-04-19 20:00:00+00:00","0.136","0.0","0.03362205"
"2013-04-19 20:30:00+00:00","0.146","0.0","0.03415095"
"2013-04-19 21:00:00+00:00","0.117","0.0","0.03437235"
"2013-04-19 21:30:00+00:00","0.078","0.0","0.0342801"
"2013-04-19 22:00:00+00:00","0.147","0.0","0.03108825"
"2013-04-19 22:30:00+00:00","0.06","0.0","0.03696765"
"2013-04-19 23:00:00+00:00","0.127","0.0","0.03422475"
"2013-04-19 23:30:00+00:00","0.113","0.0","0.0342309"
"2013-04-20 00:00:00+00:00","0.132","0.0","0.0337266"
"2013-04-20 00:30:00+00:00","0.112","0.0","0.03197385"
"2013-04-20 01:00:00+00:00","0.159","0.0","0.0314388"
"2013-04-20 01:30:00+00:00","0.054","0.0","0.0324105"
"2013-04-20 02:00:00+00:00","0.122","0.0","0.03028875"
"2013-04-20 02:30:00+00:00","0.114","0.0","0.02872665"
"2013-04-20 03:00:00+00:00","0.083","0.0","0.0273306"
"2013-04-20 03:30:00+00:00","0.109","0.0","0.02695545"
"2013-04-20 04:00:00+00:00","0.124","0.0","0.0274536"
"2013-04-20 04:30:00+00:00","0.119","0.0","0.02773035"
"2013-04-20 05:00:00+00:00","0.132","0.0","0.0276012"
"2013-04-20 05:30:00+00:00","0.104","0.0","0.02902185"
"2013-04-20 06:00:00+00:00","0.078","0.0","0.02839455"
"2013-04-20 06:30:00+00:00","0.152","0.0","0.02894805"
"2013-04-20 07:00:00+00:00","0.049","0.0","0.03051015"
"2013-04-20 07:30:00+00:00","0.127","0.0","0.03158025"
"2013-04-20 08:00:00+00:00","0.11","0.0","0.03316695"
"2013-04-20 08:30:00+00:00","0.126","0.006","0.03647565"
"2013-04-20 09:00:00+00:00","0.116","0.044","0.03757035"
"2013-04-20 09:30:00+00:00","0.139","0.025","0.03964905"
"2013-04-20 10:00:00+00:00","0.047","0.056","0.03823455"
"2013-04-20 10:30:00+00:00","0.136","0.106","0.03636495"
"2013-04-20 11:00:00+00:00","0.104","0.0","0.03474135"
"2013-04-20 11:30:00+00:00","0.085","0.006","0.03402795"
"2013-04-20 12:00:00+00:00","0.117","0.013","0.0345384"
"2013-04-20 12:30:00+00:00","0.106","0.044","0.03421245"
"2013-04-20 13:00:00+00:00","0.142","0.081","0.0332346"
"2013-04-20 13:30:00+00:00","0.106","0.113","0.03346215"
"2013-04-20 14:00:00+00:00","0.102","0.044","0.03424935"
"2013-04-20 14:30:00+00:00","0.087","0.006","0.0337635"
"2013-04-20 15:00:00+00:00","0.16","0.0","0.03420015"
"2013-04-20 15:30:00+00:00","0.047","0.0","0.03444"
"2013-04-20 16:00:00+00:00","0.151","0.0","0.0345876"
"2013-04-20 16:30:00+00:00","0.096","0.0","0.0339726"
"2013-04-20 17:00:00+00:00","0.12","0.0","0.03507345"
"2013-04-20 17:30:00+00:00","0.14","0.0","0.03543015"
"2013-04-20 18:00:00+00:00","0.1","0.0","0.0464202"
"2013-04-20 18:30:00+00:00","0.075","0.0","0.0400734"
"2013-04-20 19:00:00+00:00","0.124","0.0","0.0363957"
"2013-04-20 19:30:00+00:00","0.103","0.0","0.03413865"
"2013-04-20 20:00:00+00:00","0.072","0.0","0.03428625"
"2013-04-20 20:30:00+00:00","0.148","0.0","0.035055"
"2013-04-20 21:00:00+00:00","0.078","0.0","0.0350304"
"2013-04-20 21:30:00+00:00","0.174","0.0","0.03464295"
"2013-04-20 22:00:00+00:00","0.08","0.0","0.03391725"
"2013-04-20 22:30:00+00:00","0.093","0.0","0.0340587"
"2013-04-20 23:00:00+00:00","0.113","0.0","0.03180165"
"2013-04-20 23:30:00+00:00","0.093","0.0","0.03267495"
"2013-04-21 00:00:00+00:00","0.078","0.0","0.03241665"
"2013-04-21 00:30:00+00:00","0.133","0.0","0.0309468"
"2013-04-21 01:00:00+00:00","0.061","0.0","0.0316602"
"2013-04-21 01:30:00+00:00","0.14","0.0","0.03030105"
"2013-04-21 02:00:00+00:00","0.151","0.0","0.03014115"
"2013-04-21 02:30:00+00:00","0.044","0.0","0.0283515"
"2013-04-21 03:00:00+00:00","0.137","0.0","0.0282162"
"2013-04-21 03:30:00+00:00","0.088","0.0","0.02798865"
"2013-04-21 04:00:00+00:00","0.085","0.0","0.0271707"
"2013-04-21 04:30:00+00:00","0.112","0.0","0.02748435"
"2013-04-21 05:00:00+00:00","0.106","0.0","0.0279579"
"2013-04-21 05:30:00+00:00","0.06","0.0","0.02884965"
"2013-04-21 06:00:00+00:00","0.186","0.0","0.02856675"
"2013-04-21 06:30:00+00:00","0.079","0.0","0.02855445"
"2013-04-21 07:00:00+00:00","0.122","0.006","0.02930475"
"2013-04-21 07:30:00+00:00","0.09","0.069","0.0308976"
"2013-04-21 08:00:00+00:00","0.085","0.331","0.03076845"
"2013-04-21 08:30:00+00:00","0.106","0.475","0.03149415"
"2013-04-21 09:00:00+00:00","0.099","0.581","0.0323736"
"2013-04-21 09:30:00+00:00","0.087","0.656","0.0327057"
"2013-04-21 10:00:00+00:00","0.133","0.725","0.032472"
"2013-04-21 10:30:00+00:00","0.123","0.775","0.03124815"
"2013-04-21 11:00:00+00:00","0.106","0.8","0.0308976"
"2013-04-21 11:30:00+00:00","0.137","0.819","0.03075"
"2013-04-21 12:00:00+00:00","0.045","0.825","0.0307746"
"2013-04-21 12:30:00+00:00","0.162","0.825","0.03076845"
"2013-04-21 13:00:00+00:00","0.085","0.675","0.0307746"
"2013-04-21 13:30:00+00:00","0.084","0.744","0.03073155"
"2013-04-21 14:00:00+00:00","0.163","0.675","0.03073155"
"2013-04-21 14:30:00+00:00","0.14","0.313","0.03064545"
"2013-04-21 15:00:00+00:00","0.105","0.344","0.0307377"
"2013-04-21 15:30:00+00:00","0.109","0.394","0.03076845"
"2013-04-21 16:00:00+00:00","0.13","0.106","0.03080535"
"2013-04-21 16:30:00+00:00","0.077","0.075","0.03372045"
"2013-04-21 17:00:00+00:00","0.139","0.019","0.03576225"
"2013-04-21 17:30:00+00:00","0.081","0.0","0.03838215"
"2013-04-21 18:00:00+00:00","0.14","0.0","0.058671"
"2013-04-21 18:30:00+00:00","0.172","0.0","0.03562695"
"2013-04-21 19:00:00+00:00","0.055","0.0","0.03562695"
"2013-04-21 19:30:00+00:00","0.146","0.0","0.0352026"
"2013-04-21 20:00:00+00:00","0.102","0.0","0.0353379"
"2013-04-21 20:30:00+00:00","0.374","0.0","0.03304395"
"2013-04-21 21:00:00+00:00","0.478","0.0","0.03278565"
"2013-04-21 21:30:00+00:00","0.225","0.0","0.03279795"
"2013-04-21 22:00:00+00:00","0.183","0.0","0.0313035"
"2013-04-21 22:30:00+00:00","0.2","0.0","0.031611"
"2013-04-21 23:00:00+00:00","0.118","0.0","0.03063315"
"2013-04-21 23:30:00+00:00","0.099","0.0","0.0307746"
"2013-04-22 00:00:00+00:00","0.135","0.0","0.0312789"
"2013-04-22 00:30:00+00:00","0.092","0.0","0.0303933"
"2013-04-22 01:00:00+00:00","0.117","0.006","0.0298767"
"2013-04-22 01:30:00+00:00","0.099","0.0","0.03051015"
"2013-04-22 02:00:00+00:00","0.103","0.0","0.02877585"
"2013-04-22 02:30:00+00:00","0.134","0.0","0.0272814"
"2013-04-22 03:00:00+00:00","0.175","0.0","0.02750895"
"2013-04-22 03:30:00+00:00","0.044","0.0","0.02773035"
"2013-04-22 04:00:00+00:00","0.143","0.0","0.0277365"
"2013-04-22 04:30:00+00:00","0.095","0.0","0.0279579"
"2013-04-22 05:00:00+00:00","0.08","0.0","0.0283761"
"2013-04-22 05:30:00+00:00","0.124","0.0","0.02935395"
"2013-04-22 06:00:00+00:00","0.1","0.0","0.0301473"
"2013-04-22 06:30:00+00:00","0.148","0.0","0.0315126"
"2013-04-22 07:00:00+00:00","0.314","0.0","0.0362973"
"2013-04-22 07:30:00+00:00","0.117","0.013","0.03337605"
"2013-04-22 08:00:00+00:00","0.085","0.019","0.03710295"
"2013-04-22 08:30:00+00:00","0.156","0.05","0.03615585"
"2013-04-22 09:00:00+00:00","0.097","0.269","0.0354363"
"2013-04-22 09:30:00+00:00","0.143","0.65","0.0359406"
"2013-04-22 10:00:00+00:00","0.269","0.569","0.03527025"
"2013-04-22 10:30:00+00:00","0.164","0.656","0.0333822"
"2013-04-22 11:00:00+00:00","0.201","0.794","0.0321399"
"2013-04-22 11:30:00+00:00","0.115","0.8","0.03153105"
"2013-04-22 12:00:00+00:00","0.12","0.819","0.03357285"
"2013-04-22 12:30:00+00:00","0.114","0.806","0.03294555"
"2013-04-22 13:00:00+00:00","0.112","0.781","0.0329271"
"2013-04-22 13:30:00+00:00","0.097","0.731","0.0336159"
"2013-04-22 14:00:00+00:00","0.134","0.681","0.033948"
"2013-04-22 14:30:00+00:00","0.146","0.606","0.034563"
"2013-04-22 15:00:00+00:00","0.098","0.525","0.0344892"
"2013-04-22 15:30:00+00:00","0.197","0.413","0.0328656"
"2013-04-22 16:00:00+00:00","0.346","0.3","0.03402795"
"2013-04-22 16:30:00+00:00","0.203","0.169","0.03466755"
"2013-04-22 17:00:00+00:00","0.209","0.031","0.0351165"
"2013-04-22 17:30:00+00:00","0.165","0.0","0.03616815"
"2013-04-22 18:00:00+00:00","0.695","0.0","0.06169065"
"2013-04-22 18:30:00+00:00","0.414","0.0","0.03989505"
"2013-04-22 19:00:00+00:00","0.255","0.0","0.03418785"
"2013-04-22 19:30:00+00:00","0.289","0.0","0.03379425"
"2013-04-22 20:00:00+00:00","0.306","0.0","0.0333084"
"2013-04-22 20:30:00+00:00","0.441","0.0","0.03273645"
"2013-04-22 21:00:00+00:00","0.211","0.0","0.033333"
"2013-04-22 21:30:00+00:00","0.271","0.0","0.0346491"
"2013-04-22 22:00:00+00:00","0.247","0.0","0.0316602"
"2013-04-22 22:30:00+00:00","0.122","0.0","0.0365064"
"2013-04-22 23:00:00+00:00","0.226","0.0","0.0321891"
"2013-04-22 23:30:00+00:00","0.123","0.0","0.03266265"
"2013-04-23 00:00:00+00:00","0.127","0.0","0.0329025"
"2013-04-23 00:30:00+00:00","0.14","0.0","0.03198615"
"2013-04-23 01:00:00+00:00","0.12","0.0","0.03187545"
"2013-04-23 01:30:00+00:00","0.089","0.0","0.03167865"
"2013-04-23 02:00:00+00:00","0.13","0.006","0.0313158"
"2013-04-23 02:30:00+00:00","0.094","0.0","0.02824695"
"2013-04-23 03:00:00+00:00","0.093","0.0","0.0276873"
"2013-04-23 03:30:00+00:00","0.198","0.0","0.02791485"
"2013-04-23 04:00:00+00:00","0.067","0.0","0.02736135"
"2013-04-23 04:30:00+00:00","0.129","0.0","0.0279579"
"2013-04-23 05:00:00+00:00","0.1","0.0","0.0279948"
"2013-04-23 05:30:00+00:00","0.096","0.0","0.0294339"
"2013-04-23 06:00:00+00:00","0.097","0.0","0.03011655"
"2013-04-23 06:30:00+00:00","0.236","0.0","0.0321891"
"2013-04-23 07:00:00+00:00","0.081","0.0","0.037023"
"2013-04-23 07:30:00+00:00","0.162","0.069","0.03289635"
"2013-04-23 08:00:00+00:00","0.15","0.331","0.0347967"
"2013-04-23 08:30:00+00:00","0.118","0.469","0.03506115"
"2013-04-23 09:00:00+00:00","0.214","0.569","0.0351042"
"2013-04-23 09:30:00+00:00","0.142","0.663","0.0361497"
"2013-04-23 10:00:00+00:00","0.151","0.725","0.03506115"
"2013-04-23 10:30:00+00:00","0.264","0.769","0.03482745"
"2013-04-23 11:00:00+00:00","0.163","0.794","0.03490125"
"2013-04-23 11:30:00+00:00","0.19","0.813","0.03474135"
"2013-04-23 12:00:00+00:00","0.336","0.806","0.0344892"
"2013-04-23 12:30:00+00:00","0.451","0.788","0.03440925"
"2013-04-23 13:00:00+00:00","0.512","0.775","0.03390495"
"2013-04-23 13:30:00+00:00","0.196","0.725","0.03426165"
"2013-04-23 14:00:00+00:00","0.098","0.669","0.03474135"
"2013-04-23 14:30:00+00:00","0.132","0.6","0.0349935"
"2013-04-23 15:00:00+00:00","0.174","0.513","0.03438465"
"2013-04-23 15:30:00+00:00","0.097","0.413","0.03470445"
"2013-04-23 16:00:00+00:00","0.369","0.288","0.03482745"
"2013-04-23 16:30:00+00:00","0.337","0.163","0.0349689"
"2013-04-23 17:00:00+00:00","0.147","0.025","0.03454455"
"2013-04-23 17:30:00+00:00","0.312","0.0","0.03481515"
"2013-04-23 18:00:00+00:00","0.428","0.0","0.05228115"
"2013-04-23 18:30:00+00:00","0.299","0.0","0.0363096"
"2013-04-23 19:00:00+00:00","0.261","0.0","0.034932"
"2013-04-23 19:30:00+00:00","0.3","0.0","0.0348459"
"2013-04-23 20:00:00+00:00","0.313","0.0","0.0347967"
"2013-04-23 20:30:00+00:00","0.298","0.0","0.0347967"
"2013-04-23 21:00:00+00:00","0.205","0.0","0.0345261"
"2013-04-23 21:30:00+00:00","0.139","0.0","0.03326535"
"2013-04-23 22:00:00+00:00","0.202","0.0","0.03117435"
"2013-04-23 22:30:00+00:00","0.149","0.0","0.03747195"
"2013-04-23 23:00:00+00:00","0.065","0.0","0.0338865"
"2013-04-23 23:30:00+00:00","0.176","0.0","0.03374505"
"2013-04-24 00:00:00+00:00","0.173","0.0","0.03269955"
"2013-04-24 00:30:00+00:00","0.084","0.0","0.03251505"
"2013-04-24 01:00:00+00:00","0.192","0.0","0.03158025"
"2013-04-24 01:30:00+00:00","0.104","0.0","0.0300858"
"2013-04-24 02:00:00+00:00","0.08","0.0","0.0295938"
"2013-04-24 02:30:00+00:00","0.152","0.0","0.0283638"
"2013-04-24 03:00:00+00:00","0.072","0.0","0.02816085"
"2013-04-24 03:30:00+00:00","0.119","0.0","0.02793945"
"2013-04-24 04:00:00+00:00","0.144","0.0","0.02795175"
"2013-04-24 04:30:00+00:00","0.883","0.0","0.0279456"
"2013-04-24 05:00:00+00:00","0.349","0.0","0.02796405"
"2013-04-24 05:30:00+00:00","0.102","0.0","0.02793945"
"2013-04-24 06:00:00+00:00","0.114","0.0","0.0289911"
"2013-04-24 06:30:00+00:00","0.109","0.0","0.0325335"
"2013-04-24 07:00:00+00:00","0.138","0.0","0.03385575"
"2013-04-24 07:30:00+00:00","0.082","0.075","0.0327918"
"2013-04-24 08:00:00+00:00","0.291","0.325","0.03504885"
"2013-04-24 08:30:00+00:00","0.277","0.469","0.03531945"
"2013-04-24 09:00:00+00:00","0.213","0.569","0.0354732"
"2013-04-24 09:30:00+00:00","0.144","0.65","0.03506115"
"2013-04-24 10:00:00+00:00","0.125","0.713","0.0350796"
"2013-04-24 10:30:00+00:00","0.215","0.763","0.0350796"
"2013-04-24 11:00:00+00:00","0.186","0.788","0.03498735"
"2013-04-24 11:30:00+00:00","0.145","0.8","0.0347352"
"2013-04-24 12:00:00+00:00","0.235","0.806","0.03341295"
"2013-04-24 12:30:00+00:00","0.272","0.794","0.03381885"
"2013-04-24 13:00:00+00:00","0.262","0.769","0.03389265"
"2013-04-24 13:30:00+00:00","0.392","0.725","0.03388035"
"2013-04-24 14:00:00+00:00","0.24","0.675","0.03443385"
"2013-04-24 14:30:00+00:00","0.091","0.606","0.03437235"
"2013-04-24 15:00:00+00:00","0.118","0.525","0.03418785"
"2013-04-24 15:30:00+00:00","0.199","0.406","0.03290865"
"2013-04-24 16:00:00+00:00","0.159","0.294","0.033087"
"2013-04-24 16:30:00+00:00","0.273","0.163","0.03322845"
"2013-04-24 17:00:00+00:00","0.276","0.019","0.0346245"
"2013-04-24 17:30:00+00:00","0.098","0.0","0.0384252"
"2013-04-24 18:00:00+00:00","0.176","0.0","0.03959985"
"2013-04-24 18:30:00+00:00","0.125","0.0","0.03846825"
"2013-04-24 19:00:00+00:00","0.096","0.0","0.0350304"
"2013-04-24 19:30:00+00:00","0.145","0.0","0.03492585"
"2013-04-24 20:00:00+00:00","0.126","0.0","0.03499965"
"2013-04-24 20:30:00+00:00","0.307","0.0","0.0336036"
"2013-04-24 21:00:00+00:00","0.184","0.0","0.0317832"
"2013-04-24 21:30:00+00:00","0.254","0.0","0.0321891"
"2013-04-24 22:00:00+00:00","0.08","0.0","0.03145725"
"2013-04-24 22:30:00+00:00","0.166","0.0","0.05317905"
"2013-04-24 23:00:00+00:00","0.102","0.0","0.03335145"
"2013-04-24 23:30:00+00:00","0.108","0.0","0.0352149"
"2013-04-25 00:00:00+00:00","0.153","0.0","0.0364203"
"2013-04-25 00:30:00+00:00","0.106","0.0","0.030873"
"2013-04-25 01:00:00+00:00","0.164","0.0","0.03089145"
"2013-04-25 01:30:00+00:00","0.111","0.0","0.0322629"
"2013-04-25 02:00:00+00:00","0.087","0.0","0.0300612"
"2013-04-25 02:30:00+00:00","0.102","0.0","0.0284991"
"2013-04-25 03:00:00+00:00","0.14","0.0","0.02776725"
"2013-04-25 03:30:00+00:00","0.036","0.0","0.02791485"
"2013-04-25 04:00:00+00:00","0.155","0.0","0.02793945"
"2013-04-25 04:30:00+00:00","0.094","0.0","0.02825925"
"2013-04-25 05:00:00+00:00","0.127","0.0","0.02851755"
"2013-04-25 05:30:00+00:00","0.184","0.0","0.02926785"
"2013-04-25 06:00:00+00:00","0.133","0.0","0.02963685"
"2013-04-25 06:30:00+00:00","0.111","0.0","0.0304548"
"2013-04-25 07:00:00+00:00","0.393","0.006","0.03057165"
"2013-04-25 07:30:00+00:00","0.183","0.05","0.0304302"
"2013-04-25 08:00:00+00:00","0.106","0.119","0.03076845"
"2013-04-25 08:30:00+00:00","0.119","0.219","0.0307623"
"2013-04-25 09:00:00+00:00","0.098","0.363","0.0307746"
"2013-04-25 09:30:00+00:00","0.155","0.506","0.03084225"
"2013-04-25 10:00:00+00:00","0.101","0.625","0.030996"
"2013-04-25 10:30:00+00:00","0.082","0.738","0.0309345"
"2013-04-25 11:00:00+00:00","0.141","0.781","0.03078075"
"2013-04-25 11:30:00+00:00","0.058","0.631","0.03076845"
"2013-04-25 12:00:00+00:00","0.149","0.781","0.03037485"
"2013-04-25 12:30:00+00:00","0.092","0.781","0.03012885"
"2013-04-25 13:00:00+00:00","0.153","0.756","0.0302334"
"2013-04-25 13:30:00+00:00","0.364","0.719","0.0292494"
"2013-04-25 14:00:00+00:00","0.195","0.663","0.02930475"
"2013-04-25 14:30:00+00:00","0.163","0.594","0.0294216"
"2013-04-25 15:00:00+00:00","0.178","0.5","0.0293355"
"2013-04-25 15:30:00+00:00","0.158","0.4","0.02940315"
"2013-04-25 16:00:00+00:00","0.05","0.288","0.03020265"
"2013-04-25 16:30:00+00:00","0.162","0.156","0.030381"
"2013-04-25 17:00:00+00:00","0.157","0.013","0.03096525"
"2013-04-25 17:30:00+00:00","0.334","0.0","0.0326319"
"2013-04-25 18:00:00+00:00","0.17","0.0","0.0352026"
"2013-04-25 18:30:00+00:00","0.193","0.0","0.03491355"
"2013-04-25 19:00:00+00:00","0.212","0.0","0.03439695"
"2013-04-25 19:30:00+00:00","0.186","0.0","0.0333207"
"2013-04-25 20:00:00+00:00","0.199","0.0","0.03278565"
"2013-04-25 20:30:00+00:00","0.244","0.0","0.0322506"
"2013-04-25 21:00:00+00:00","0.261","0.0","0.0309345"
"2013-04-25 21:30:00+00:00","0.443","0.0","0.03012885"
"2013-04-25 22:00:00+00:00","0.215","0.0","0.0299505"
"2013-04-25 22:30:00+00:00","0.216","0.0","0.0310206"
"2013-04-25 23:00:00+00:00","0.085","0.0","0.03062085"
"2013-04-25 23:30:00+00:00","0.163","0.0","0.0309714"
"2013-04-26 00:00:00+00:00","0.122","0.0","0.03089145"
"2013-04-26 00:30:00+00:00","0.119","0.0","0.0305901"
"2013-04-26 01:00:00+00:00","0.137","0.0","0.0303441"
"2013-04-26 01:30:00+00:00","0.168","0.0","0.03026415"
"2013-04-26 02:00:00+00:00","0.061","0.0","0.0291018"
"2013-04-26 02:30:00+00:00","0.151","0.006","0.02758275"
"2013-04-26 03:00:00+00:00","0.062","0.0","0.0273798"
"2013-04-26 03:30:00+00:00","0.127","0.0","0.0273921"
"2013-04-26 04:00:00+00:00","0.103","0.0","0.0272568"
"2013-04-26 04:30:00+00:00","0.088","0.0","0.0272568"
"2013-04-26 05:00:00+00:00","0.103","0.0","0.0272691"
"2013-04-26 05:30:00+00:00","0.155","0.0","0.02821005"
"2013-04-26 06:00:00+00:00","0.174","0.0","0.02838225"
"2013-04-26 06:30:00+00:00","0.173","0.0","0.0294954"
"2013-04-26 07:00:00+00:00","0.1","0.0","0.03031335"
"2013-04-26 07:30:00+00:00","0.459","0.069","0.03111285"
"2013-04-26 08:00:00+00:00","0.398","0.325","0.03197385"
"2013-04-26 08:30:00+00:00","0.303","0.45","0.0329148"
"2013-04-26 09:00:00+00:00","0.219","0.563","0.0323736"
"2013-04-26 09:30:00+00:00","0.193","0.644","0.03239205"
"2013-04-26 10:00:00+00:00","0.134","0.706","0.0322137"
"2013-04-26 10:30:00+00:00","0.17","0.75","0.0320661"
"2013-04-26 11:00:00+00:00","0.084","0.775","0.0323613"
"2013-04-26 11:30:00+00:00","0.104","0.788","0.03208455"
"2013-04-26 12:00:00+00:00","0.434","0.788","0.03205995"
"2013-04-26 12:30:00+00:00","0.132","0.781","0.0311559"
"2013-04-26 13:00:00+00:00","0.149","0.75","0.0329271"
"2013-04-26 13:30:00+00:00","0.227","0.7","0.032964"
"2013-04-26 14:00:00+00:00","0.163","0.65","0.03262575"
"2013-04-26 14:30:00+00:00","0.083","0.575","0.0322875"
"2013-04-26 15:00:00+00:00","0.166","0.494","0.03217065"
"2013-04-26 15:30:00+00:00","0.13","0.394","0.032841"
"2013-04-26 16:00:00+00:00","0.092","0.275","0.0343293"
"2013-04-26 16:30:00+00:00","0.287","0.15","0.03332685"
"2013-04-26 17:00:00+00:00","0.149","0.019","0.03297015"
"2013-04-26 17:30:00+00:00","0.224","0.0","0.03402795"
"2013-04-26 18:00:00+00:00","0.274","0.0","0.03743505"
"2013-04-26 18:30:00+00:00","0.484","0.0","0.03556545"
"2013-04-26 19:00:00+00:00","0.274","0.0","0.0331608"
"2013-04-26 19:30:00+00:00","0.307","0.0","0.03237975"
"2013-04-26 20:00:00+00:00","0.362","0.0","0.0325581"
"2013-04-26 20:30:00+00:00","0.256","0.0","0.032595"
"2013-04-26 21:00:00+00:00","0.273","0.0","0.03245355"
"2013-04-26 21:30:00+00:00","0.296","0.0","0.03137115"
"2013-04-26 22:00:00+00:00","0.198","0.0","0.0308853"
"2013-04-26 22:30:00+00:00","1.071","0.0","0.03359745"
"2013-04-26 23:00:00+00:00","0.131","0.0","0.03258885"
"2013-04-26 23:30:00+00:00","0.121","0.0","0.032595"
"2013-04-27 00:00:00+00:00","0.133","0.0","0.0317832"
"2013-04-27 00:30:00+00:00","0.146","0.0","0.0304302"
"2013-04-27 01:00:00+00:00","0.071","0.0","0.0304794"
"2013-04-27 01:30:00+00:00","0.203","0.0","0.0295938"
"2013-04-27 02:00:00+00:00","0.13","0.0","0.0284868"
"2013-04-27 02:30:00+00:00","0.095","0.0","0.02732445"
"2013-04-27 03:00:00+00:00","0.153","0.0","0.0268017"
"2013-04-27 03:30:00+00:00","0.087","0.0","0.02684475"
"2013-04-27 04:00:00+00:00","0.12","0.0","0.0259653"
"2013-04-27 04:30:00+00:00","0.123","0.0","0.02654955"
"2013-04-27 05:00:00+00:00","0.113","0.0","0.02663565"
"2013-04-27 05:30:00+00:00","0.112","0.0","0.02718915"
"2013-04-27 06:00:00+00:00","0.193","0.0","0.02729985"
"2013-04-27 06:30:00+00:00","0.068","0.0","0.0273798"
"2013-04-27 07:00:00+00:00","0.325","0.0","0.030258"
"2013-04-27 07:30:00+00:00","0.134","0.069","0.0283023"
"2013-04-27 08:00:00+00:00","0.357","0.306","0.02918175"
"2013-04-27 08:30:00+00:00","0.219","0.438","0.0298275"
"2013-04-27 09:00:00+00:00","0.1","0.544","0.0307623"
"2013-04-27 09:30:00+00:00","0.12","0.631","0.03081765"
"2013-04-27 10:00:00+00:00","0.178","0.688","0.0307869"
"2013-04-27 10:30:00+00:00","0.128","0.725","0.03087915"
"2013-04-27 11:00:00+00:00","0.097","0.75","0.0307377"
"2013-04-27 11:30:00+00:00","0.176","0.763","0.0293724"
"2013-04-27 12:00:00+00:00","0.064","0.763","0.03014115"
"2013-04-27 12:30:00+00:00","0.131","0.75","0.02999355"
"2013-04-27 13:00:00+00:00","0.172","0.713","0.0298152"
"2013-04-27 13:30:00+00:00","0.09","0.694","0.0295938"
"2013-04-27 14:00:00+00:00","0.241","0.631","0.0292371"
"2013-04-27 14:30:00+00:00","0.271","0.563","0.029151"
"2013-04-27 15:00:00+00:00","0.106","0.475","0.02864055"
"2013-04-27 15:30:00+00:00","0.155","0.388","0.0297783"
"2013-04-27 16:00:00+00:00","0.147","0.263","0.0302211"
"2013-04-27 16:30:00+00:00","0.097","0.138","0.03057165"
"2013-04-27 17:00:00+00:00","0.174","0.013","0.03237975"
"2013-04-27 17:30:00+00:00","0.312","0.0","0.03292095"
"2013-04-27 18:00:00+00:00","0.35","0.0","0.0328164"
"2013-04-27 18:30:00+00:00","0.494","0.0","0.0323121"
"2013-04-27 19:00:00+00:00","0.369","0.0","0.03245355"
"2013-04-27 19:30:00+00:00","0.259","0.0","0.0325581"
"2013-04-27 20:00:00+00:00","0.271","0.0","0.03176475"
"2013-04-27 20:30:00+00:00","0.316","0.0","0.03076845"
"2013-04-27 21:00:00+00:00","0.133","0.0","0.0307746"
"2013-04-27 21:30:00+00:00","0.124","0.0","0.0306516"
"2013-04-27 22:00:00+00:00","0.163","0.0","0.02953845"
"2013-04-27 22:30:00+00:00","0.174","0.0","0.03044865"
"2013-04-27 23:00:00+00:00","0.09","0.0","0.03004275"
"2013-04-27 23:30:00+00:00","0.173","0.0","0.03001815"
"2013-04-28 00:00:00+00:00","0.094","0.0","0.0302088"
"2013-04-28 00:30:00+00:00","0.108","0.0","0.0287205"
"2013-04-28 01:00:00+00:00","0.118","0.0","0.0301596"
"2013-04-28 01:30:00+00:00","0.191","0.0","0.03012885"
"2013-04-28 02:00:00+00:00","0.078","0.0","0.02851755"
"2013-04-28 02:30:00+00:00","0.19","0.0","0.02696775"
"2013-04-28 03:00:00+00:00","0.084","0.0","0.0275151"
"2013-04-28 03:30:00+00:00","0.136","0.0","0.02712765"
"2013-04-28 04:00:00+00:00","0.099","0.0","0.02782875"
"2013-04-28 04:30:00+00:00","0.1","0.0","0.0272937"
"2013-04-28 05:00:00+00:00","0.102","0.0","0.0272814"
"2013-04-28 05:30:00+00:00","0.133","0.0","0.02728755"
"2013-04-28 06:00:00+00:00","0.05","0.0","0.02817315"
"2013-04-28 06:30:00+00:00","0.173","0.0","0.0285114"
"2013-04-28 07:00:00+00:00","0.292","0.006","0.0286713"
"2013-04-28 07:30:00+00:00","0.146","0.069","0.0295938"
"2013-04-28 08:00:00+00:00","0.128","0.3","0.0295569"
"2013-04-28 08:30:00+00:00","0.126","0.438","0.0297168"
"2013-04-28 09:00:00+00:00","0.167","0.538","0.03025185"
"2013-04-28 09:30:00+00:00","0.159","0.619","0.0301842"
"2013-04-28 10:00:00+00:00","0.074","0.681","0.03075"
"2013-04-28 10:30:00+00:00","0.133","0.731","0.0307254"
"2013-04-28 11:00:00+00:00","0.276","0.763","0.02946465"
"2013-04-28 11:30:00+00:00","0.374","0.775","0.02950155"
"2013-04-28 12:00:00+00:00","0.15","0.788","0.02963685"
"2013-04-28 12:30:00+00:00","0.176","0.763","0.0294339"
"2013-04-28 13:00:00+00:00","0.344","0.738","0.02913255"
"2013-04-28 13:30:00+00:00","0.244","0.706","0.03005505"
"2013-04-28 14:00:00+00:00","0.207","0.644","0.03048555"
"2013-04-28 14:30:00+00:00","0.254","0.575","0.03070695"
"2013-04-28 15:00:00+00:00","0.176","0.488","0.03082995"
"2013-04-28 15:30:00+00:00","0.144","0.388","0.0307746"
"2013-04-28 16:00:00+00:00","0.123","0.263","0.03078075"
"2013-04-28 16:30:00+00:00","0.111","0.138","0.032595"
"2013-04-28 17:00:00+00:00","0.164","0.013","0.0327918"
"2013-04-28 17:30:00+00:00","0.135","0.0","0.03363435"
"2013-04-28 18:00:00+00:00","0.092","0.0","0.04704135"
"2013-04-28 18:30:00+00:00","0.37","0.0","0.04367115"
"2013-04-28 19:00:00+00:00","0.379","0.0","0.03370815"
"2013-04-28 19:30:00+00:00","0.362","0.006","0.03213375"
"2013-04-28 20:00:00+00:00","0.358","0.0","0.0335544"
"2013-04-28 20:30:00+00:00","0.389","0.0","0.03412635"
"2013-04-28 21:00:00+00:00","0.273","0.0","0.0346983"
"2013-04-28 21:30:00+00:00","0.161","0.0","0.03438465"
"2013-04-28 22:00:00+00:00","0.143","0.0","0.03182625"
"2013-04-28 22:30:00+00:00","0.125","0.0","0.03293325"
"2013-04-28 23:00:00+00:00","0.191","0.0","0.0313773"
"2013-04-28 23:30:00+00:00","0.174","0.0","0.0312297"
"2013-04-29 00:00:00+00:00","0.068","0.0","0.031119"
"2013-04-29 00:30:00+00:00","0.185","0.0","0.03075"
"2013-04-29 01:00:00+00:00","0.096","0.0","0.0303564"
"2013-04-29 01:30:00+00:00","0.103","0.0","0.0298521"
"2013-04-29 02:00:00+00:00","0.13","0.0","0.0292617"
"2013-04-29 02:30:00+00:00","0.142","0.0","0.02766885"
"2013-04-29 03:00:00+00:00","0.102","0.0","0.0276504"
"2013-04-29 03:30:00+00:00","0.198","0.0","0.0279087"
"2013-04-29 04:00:00+00:00","0.103","0.0","0.027921"
"2013-04-29 04:30:00+00:00","0.104","0.0","0.0279579"
"2013-04-29 05:00:00+00:00","0.136","0.0","0.02812395"
"2013-04-29 05:30:00+00:00","0.207","0.0","0.03035025"
"2013-04-29 06:00:00+00:00","0.179","0.0","0.0310329"
"2013-04-29 06:30:00+00:00","0.142","0.0","0.03662325"
"2013-04-29 07:00:00+00:00","0.114","0.0","0.03678315"
"2013-04-29 07:30:00+00:00","0.17","0.069","0.0349074"
"2013-04-29 08:00:00+00:00","0.174","0.294","0.03937845"
"2013-04-29 08:30:00+00:00","0.191","0.425","0.03522105"
"2013-04-29 09:00:00+00:00","0.214","0.519","0.03635265"
"2013-04-29 09:30:00+00:00","0.182","0.6","0.0363219"
"2013-04-29 10:00:00+00:00","0.214","0.656","0.03506115"
"2013-04-29 10:30:00+00:00","0.189","0.706","0.03611895"
"2013-04-29 11:00:00+00:00","0.505","0.656","0.03499965"
"2013-04-29 11:30:00+00:00","0.242","0.75","0.03594675"
"2013-04-29 12:00:00+00:00","0.225","0.744","0.03835755"
"2013-04-29 12:30:00+00:00","0.261","0.738","0.0378963"
"2013-04-29 13:00:00+00:00","0.123","0.719","0.0389049"
"2013-04-29 13:30:00+00:00","0.221","0.675","0.035055"
"2013-04-29 14:00:00+00:00","0.215","0.619","0.0372075"
"2013-04-29 14:30:00+00:00","0.123","0.55","0.04896015"
"2013-04-29 15:00:00+00:00","0.266","0.469","0.03736125"
"2013-04-29 15:30:00+00:00","0.245","0.369","0.03902175"
"2013-04-29 16:00:00+00:00","0.183","0.25","0.0408237"
"2013-04-29 16:30:00+00:00","0.231","0.119","0.03559005"
"2013-04-29 17:00:00+00:00","0.389","0.006","0.03877575"
"2013-04-29 17:30:00+00:00","0.191","0.0","0.0379947"
"2013-04-29 18:00:00+00:00","0.281","0.0","0.06197355"
"2013-04-29 18:30:00+00:00","0.439","0.0","0.03876345"
"2013-04-29 19:00:00+00:00","0.421","0.0","0.037638"
"2013-04-29 19:30:00+00:00","0.31","0.0","0.0359529"
"2013-04-29 20:00:00+00:00","0.422","0.0","0.03525795"
"2013-04-29 20:30:00+00:00","0.514","0.0","0.04335135"
"2013-04-29 21:00:00+00:00","0.528","0.0","0.0371214"
"2013-04-29 21:30:00+00:00","0.512","0.0","0.03536865"
"2013-04-29 22:00:00+00:00","0.423","0.0","0.03415095"
"2013-04-29 22:30:00+00:00","0.484","0.0","0.0348336"
"2013-04-29 23:00:00+00:00","0.76","0.0","0.03368355"
"2013-04-29 23:30:00+00:00","0.475","0.0","0.03650025"
"2013-04-30 00:00:00+00:00","0.065","0.0","0.034686"
"2013-04-30 00:30:00+00:00","0.17","0.0","0.03413865"
"2013-04-30 01:00:00+00:00","0.096","0.0","0.0326196"
"2013-04-30 01:30:00+00:00","0.119","0.0","0.03233055"
"2013-04-30 02:00:00+00:00","0.113","0.0","0.0314757"
"2013-04-30 02:30:00+00:00","0.155","0.0","0.03062085"
"2013-04-30 03:00:00+00:00","0.081","0.0","0.0301965"
"2013-04-30 03:30:00+00:00","0.184","0.0","0.0288189"
"2013-04-30 04:00:00+00:00","0.362","0.0","0.0284622"
"2013-04-30 04:30:00+00:00","0.154","0.0","0.02918175"
"2013-04-30 05:00:00+00:00","0.161","0.0","0.03058395"
"2013-04-30 05:30:00+00:00","0.219","0.0","0.03082995"
"2013-04-30 06:00:00+00:00","0.104","0.0","0.0326811"
"2013-04-30 06:30:00+00:00","0.084","0.0","0.03680775"
"2013-04-30 07:00:00+00:00","0.181","0.0","0.03806235"
"2013-04-30 07:30:00+00:00","0.114","0.006","0.041943"
"2013-04-30 08:00:00+00:00","0.144","0.044","0.04651245"
"2013-04-30 08:30:00+00:00","0.111","0.088","0.03844365"
"2013-04-30 09:00:00+00:00","0.122","0.031","0.0428655"
"2013-04-30 09:30:00+00:00","0.082","0.05","0.0453624"
"2013-04-30 10:00:00+00:00","0.145","0.15","0.038253"
"2013-04-30 10:30:00+00:00","0.086","0.3","0.0378225"
"2013-04-30 11:00:00+00:00","0.122","0.319","0.05731185"
"2013-04-30 11:30:00+00:00","0.182","0.269","0.0383637"
"2013-04-30 12:00:00+00:00","0.092","0.45","0.0413895"
"2013-04-30 12:30:00+00:00","0.141","0.7","0.0378963"
"2013-04-30 13:00:00+00:00","0.118","0.694","0.0384129"
"2013-04-30 13:30:00+00:00","0.109","0.65","0.03829605"
"2013-04-30 14:00:00+00:00","0.104","0.588","0.03852975"
"2013-04-30 14:30:00+00:00","0.15","0.531","0.040344"
"2013-04-30 15:00:00+00:00","0.153","0.456","0.0389295"
"2013-04-30 15:30:00+00:00","0.11","0.35","0.03803775"
"2013-04-30 16:00:00+00:00","0.197","0.238","0.0378102"
"2013-04-30 16:30:00+00:00","0.106","0.113","0.03839445"
"2013-04-30 17:00:00+00:00","0.1","0.013","0.0406269"
"2013-04-30 17:30:00+00:00","0.149","0.0","0.04886175"
"2013-04-30 18:00:00+00:00","0.106","0.0","0.06888"
"2013-04-30 18:30:00+00:00","0.117","0.0","0.0525948"
"2013-04-30 19:00:00+00:00","0.142","0.0","0.03943995"
"2013-04-30 19:30:00+00:00","0.175","0.0","0.03656175"
"2013-04-30 20:00:00+00:00","0.101","0.0","0.03919395"
"2013-04-30 20:30:00+00:00","0.122","0.0","0.0477117"
"2013-04-30 21:00:00+00:00","0.154","0.0","0.03980895"
"2013-04-30 21:30:00+00:00","0.052","0.0","0.0387204"
"2013-04-30 22:00:00+00:00","0.15","0.0","0.0353994"
"2013-04-30 22:30:00+00:00","0.132","0.0","0.03808695"
"2013-04-30 23:00:00+00:00","0.093","0.0","0.0385974"
"2013-04-30 23:30:00+00:00","0.17","0.0","0.0391017"
"2013-05-01 00:00:00+00:00","0.128","0.0","0.03897255"
"2013-05-01 00:30:00+00:00","0.115","0.0","0.03590985"
"2013-05-01 01:00:00+00:00","0.082","0.0","0.03223215"
"2013-05-01 01:30:00+00:00","0.165","0.0","0.03219525"
"2013-05-01 02:00:00+00:00","0.073","0.0","0.03268725"
"2013-05-01 02:30:00+00:00","0.109","0.0","0.0314019"
"2013-05-01 03:00:00+00:00","0.161","0.0","0.0307377"
"2013-05-01 03:30:00+00:00","0.103","0.0","0.03073155"
"2013-05-01 04:00:00+00:00","0.163","0.0","0.03074385"
"2013-05-01 04:30:00+00:00","0.098","0.0","0.03069465"
"2013-05-01 05:00:00+00:00","0.107","0.0","0.03073155"
"2013-05-01 05:30:00+00:00","0.103","0.0","0.03111285"
"2013-05-01 06:00:00+00:00","0.14","0.0","0.034194"
"2013-05-01 06:30:00+00:00","0.066","0.0","0.037638"
"2013-05-01 07:00:00+00:00","0.132","0.0","0.03806235"
"2013-05-01 07:30:00+00:00","0.183","0.019","0.0344646"
"2013-05-01 08:00:00+00:00","0.062","0.263","0.03513495"
"2013-05-01 08:30:00+00:00","0.162","0.394","0.03506115"
"2013-05-01 09:00:00+00:00","0.099","0.5","0.0350181"
"2013-05-01 09:30:00+00:00","0.093","0.581","0.03717675"
"2013-05-01 10:00:00+00:00","0.124","0.644","0.03796395"
"2013-05-01 10:30:00+00:00","0.131","0.688","0.0369738"
"2013-05-01 11:00:00+00:00","0.108","0.725","0.0353748"
"2013-05-01 11:30:00+00:00","0.147","0.75","0.03530715"
"2013-05-01 12:00:00+00:00","0.196","0.75","0.03568845"
"2013-05-01 12:30:00+00:00","0.068","0.731","0.0349566"
"2013-05-01 13:00:00+00:00","0.133","0.713","0.03792705"
"2013-05-01 13:30:00+00:00","0.158","0.7","0.03428625"
"2013-05-01 14:00:00+00:00","0.067","0.631","0.03429855"
"2013-05-01 14:30:00+00:00","0.148","0.544","0.0345384"
"2013-05-01 15:00:00+00:00","0.196","0.463","0.0377487"
"2013-05-01 15:30:00+00:00","0.11","0.369","0.03467985"
"2013-05-01 16:00:00+00:00","0.16","0.181","0.0349443"
"2013-05-01 16:30:00+00:00","0.15","0.025","0.034932"
"2013-05-01 17:00:00+00:00","0.11","0.0","0.0361989"
"2013-05-01 17:30:00+00:00","0.109","0.0","0.03594675"
"2013-05-01 18:00:00+00:00","0.142","0.0","0.0497412"
"2013-05-01 18:30:00+00:00","0.137","0.0","0.04828365"
"2013-05-01 19:00:00+00:00","0.131","0.0","0.0368508"
"2013-05-01 19:30:00+00:00","0.126","0.0","0.0346614"
"2013-05-01 20:00:00+00:00","0.193","0.0","0.0342063"
"2013-05-01 20:30:00+00:00","0.097","0.0","0.04112505"
"2013-05-01 21:00:00+00:00","0.093","0.0","0.0377979"
"2013-05-01 21:30:00+00:00","0.159","0.0","0.034317"
"2013-05-01 22:00:00+00:00","0.088","0.0","0.0324843"
"2013-05-01 22:30:00+00:00","0.119","0.0","0.037392"
"2013-05-01 23:00:00+00:00","0.132","0.0","0.03421245"
"2013-05-01 23:30:00+00:00","0.166","0.0","0.03745965"
"2013-05-02 00:00:00+00:00","0.113","0.0","0.037638"
"2013-05-02 00:30:00+00:00","0.12","0.0","0.0351288"
"2013-05-02 01:00:00+00:00","0.153","0.0","0.03396645"
"2013-05-02 01:30:00+00:00","0.055","0.0","0.0323244"
"2013-05-02 02:00:00+00:00","0.151","0.0","0.03148185"
"2013-05-02 02:30:00+00:00","0.127","0.0","0.03031335"
"2013-05-02 03:00:00+00:00","0.07","0.0","0.030504"
"2013-05-02 03:30:00+00:00","0.186","0.0","0.0303687"
"2013-05-02 04:00:00+00:00","0.142","0.0","0.030504"
"2013-05-02 04:30:00+00:00","0.097","0.0","0.03001815"
"2013-05-02 05:00:00+00:00","0.101","0.0","0.03036255"
"2013-05-02 05:30:00+00:00","0.161","0.0","0.03086685"
"2013-05-02 06:00:00+00:00","0.048","0.0","0.03231825"
"2013-05-02 06:30:00+00:00","0.152","0.0","0.0368508"
"2013-05-02 07:00:00+00:00","0.115","0.0","0.03773025"
"2013-05-02 07:30:00+00:00","0.099","0.006","0.0358176"
"2013-05-02 08:00:00+00:00","0.157","0.019","0.04266255"
"2013-05-02 08:30:00+00:00","0.122","0.288","0.03705375"
"2013-05-02 09:00:00+00:00","0.094","0.481","0.0348336"
"2013-05-02 09:30:00+00:00","0.103","0.619","0.03892335"
"2013-05-02 10:00:00+00:00","0.133","0.694","0.03846825"
"2013-05-02 10:30:00+00:00","0.07","0.756","0.0359775"
"2013-05-02 11:00:00+00:00","0.163","0.788","0.0350427"
"2013-05-02 11:30:00+00:00","0.093","0.794","0.03654945"
"2013-05-02 12:00:00+00:00","0.151","0.775","0.03819765"
"2013-05-02 12:30:00+00:00","0.164","0.788","0.0381792"
"2013-05-02 13:00:00+00:00","0.075","0.769","0.03916935"
"2013-05-02 13:30:00+00:00","0.128","0.638","0.0382284"
"2013-05-02 14:00:00+00:00","0.117","0.513","0.03483975"
"2013-05-02 14:30:00+00:00","0.125","0.525","0.03493815"
"2013-05-02 15:00:00+00:00","0.082","0.256","0.03697995"
"2013-05-02 15:30:00+00:00","0.167","0.056","0.03900945"
"2013-05-02 16:00:00+00:00","0.146","0.181","0.03753345"
"2013-05-02 16:30:00+00:00","0.091","0.138","0.0397905"
"2013-05-02 17:00:00+00:00","0.162","0.019","0.03682005"
"2013-05-02 17:30:00+00:00","0.077","0.0","0.04075605"
"2013-05-02 18:00:00+00:00","0.127","0.0","0.06695505"
"2013-05-02 18:30:00+00:00","0.106","0.0","0.0543291"
"2013-05-02 19:00:00+00:00","0.108","0.0","0.03873885"
"2013-05-02 19:30:00+00:00","0.117","0.0","0.039114"
"2013-05-02 20:00:00+00:00","0.163","0.0","0.03625425"
"2013-05-02 20:30:00+00:00","0.096","0.0","0.03717675"
"2013-05-02 21:00:00+00:00","0.107","0.0","0.0360144"
"2013-05-02 21:30:00+00:00","0.135","0.0","0.0337512"
"2013-05-02 22:00:00+00:00","0.049","0.0","0.03245355"
"2013-05-02 22:30:00+00:00","0.156","0.0","0.035793"
"2013-05-02 23:00:00+00:00","0.078","0.0","0.0329763"
"2013-05-02 23:30:00+00:00","0.1","0.0","0.0368631"
"2013-05-03 00:00:00+00:00","0.159","0.0","0.035178"
"2013-05-03 00:30:00+00:00","0.136","0.0","0.0323121"
"2013-05-03 01:00:00+00:00","0.071","0.0","0.03221985"
"2013-05-03 01:30:00+00:00","0.142","0.0","0.0313896"
"2013-05-03 02:00:00+00:00","0.077","0.0","0.0305409"
"2013-05-03 02:30:00+00:00","0.098","0.0","0.02941545"
"2013-05-03 03:00:00+00:00","0.134","0.0","0.02877585"
"2013-05-03 03:30:00+00:00","0.059","0.0","0.02782875"
"2013-05-03 04:00:00+00:00","0.145","0.0","0.0279579"
"2013-05-03 04:30:00+00:00","0.139","0.0","0.0279579"
"2013-05-03 05:00:00+00:00","0.092","0.0","0.02929245"
"2013-05-03 05:30:00+00:00","0.1","0.0","0.03069465"
"2013-05-03 06:00:00+00:00","0.116","0.0","0.0309714"
"2013-05-03 06:30:00+00:00","0.067","0.0","0.036654"
"2013-05-03 07:00:00+00:00","0.148","0.0","0.03546705"
"2013-05-03 07:30:00+00:00","0.054","0.088","0.0333822"
"2013-05-03 08:00:00+00:00","0.125","0.294","0.0354486"
"2013-05-03 08:30:00+00:00","0.117","0.431","0.03502425"
"2013-05-03 09:00:00+00:00","0.123","0.531","0.0328902"
"2013-05-03 09:30:00+00:00","0.111","0.619","0.0326319"
"2013-05-03 10:00:00+00:00","0.107","0.681","0.0327303"
"2013-05-03 10:30:00+00:00","0.088","0.725","0.0331854"
"2013-05-03 11:00:00+00:00","0.122","0.756","0.03203535"
"2013-05-03 11:30:00+00:00","0.094","0.563","0.03265035"
"2013-05-03 12:00:00+00:00","0.088","0.594","0.03215835"
"2013-05-03 12:30:00+00:00","0.195","0.55","0.032349"
"2013-05-03 13:00:00+00:00","0.077","0.75","0.03266265"
"2013-05-03 13:30:00+00:00","0.158","0.7","0.0319677"
"2013-05-03 14:00:00+00:00","0.118","0.656","0.032349"
"2013-05-03 14:30:00+00:00","0.07","0.581","0.0322506"
"2013-05-03 15:00:00+00:00","0.136","0.494","0.0313035"
"2013-05-03 15:30:00+00:00","0.109","0.375","0.03164175"
"2013-05-03 16:00:00+00:00","0.105","0.25","0.0316356"
"2013-05-03 16:30:00+00:00","0.157","0.119","0.033579"
"2013-05-03 17:00:00+00:00","0.163","0.019","0.03369585"
"2013-05-03 17:30:00+00:00","0.066","0.0","0.0347598"
"2013-05-03 18:00:00+00:00","0.126","0.0","0.03707835"
"2013-05-03 18:30:00+00:00","0.128","0.0","0.0384375"
"2013-05-03 19:00:00+00:00","0.073","0.0","0.0355962"
"2013-05-03 19:30:00+00:00","0.15","0.0","0.0324966"
"2013-05-03 20:00:00+00:00","0.078","0.0","0.03166635"
"2013-05-03 20:30:00+00:00","0.168","0.0","0.03244125"
"2013-05-03 21:00:00+00:00","0.13","0.0","0.033948"
"2013-05-03 21:30:00+00:00","0.113","0.0","0.03251505"
"2013-05-03 22:00:00+00:00","0.096","0.0","0.03175245"
"2013-05-03 22:30:00+00:00","0.13","0.0","0.035055"
"2013-05-03 23:00:00+00:00","0.062","0.0","0.0338004"
"2013-05-03 23:30:00+00:00","0.108","0.0","0.0376995"
"2013-05-04 00:00:00+00:00","0.133","0.0","0.037023"
"2013-05-04 00:30:00+00:00","0.067","0.0","0.0310329"
"2013-05-04 01:00:00+00:00","0.199","0.0","0.03204765"
"2013-05-04 01:30:00+00:00","0.077","0.0","0.0316602"
"2013-05-04 02:00:00+00:00","0.099","0.0","0.0307623"
"2013-05-04 02:30:00+00:00","0.111","0.0","0.02974755"
"2013-05-04 03:00:00+00:00","0.104","0.0","0.02830845"
"2013-05-04 03:30:00+00:00","0.073","0.0","0.02759505"
"2013-05-04 04:00:00+00:00","0.138","0.0","0.0279579"
"2013-05-04 04:30:00+00:00","0.079","0.0","0.02796405"
"2013-05-04 05:00:00+00:00","0.161","0.0","0.0280809"
"2013-05-04 05:30:00+00:00","0.134","0.0","0.0286098"
"2013-05-04 06:00:00+00:00","0.068","0.0","0.029766"
"2013-05-04 06:30:00+00:00","0.131","0.0","0.0306762"
"2013-05-04 07:00:00+00:00","0.076","0.0","0.03076845"
"2013-05-04 07:30:00+00:00","0.118","0.0","0.03132195"
"2013-05-04 08:00:00+00:00","0.097","0.019","0.032841"
"2013-05-04 08:30:00+00:00","0.1","0.019","0.03406485"
"2013-05-04 09:00:00+00:00","0.093","0.025","0.03576225"
"2013-05-04 09:30:00+00:00","0.178","0.025","0.0504546"
"2013-05-04 10:00:00+00:00","0.068","0.063","0.03527025"
"2013-05-04 10:30:00+00:00","0.148","0.138","0.03486435"
"2013-05-04 11:00:00+00:00","0.07","0.25","0.03276105"
"2013-05-04 11:30:00+00:00","0.093","0.269","0.03299475"
"2013-05-04 12:00:00+00:00","0.12","0.288","0.03268725"
"2013-05-04 12:30:00+00:00","0.084","0.475","0.0324843"
"2013-05-04 13:00:00+00:00","0.094","0.738","0.0319923"
"2013-05-04 13:30:00+00:00","0.158","0.663","0.0322998"
"2013-05-04 14:00:00+00:00","0.126","0.638","0.03180165"
"2013-05-04 14:30:00+00:00","0.093","0.556","0.03142035"
"2013-05-04 15:00:00+00:00","0.171","0.469","0.0321522"
"2013-05-04 15:30:00+00:00","0.034","0.338","0.0333084"
"2013-05-04 16:00:00+00:00","0.144","0.113","0.03369585"
"2013-05-04 16:30:00+00:00","0.114","0.031","0.03455685"
"2013-05-04 17:00:00+00:00","0.071","0.0","0.03576225"
"2013-05-04 17:30:00+00:00","0.16","0.0","0.0339357"
"2013-05-04 18:00:00+00:00","0.142","0.0","0.05073135"
"2013-05-04 18:30:00+00:00","0.1","0.0","0.04723815"
"2013-05-04 19:00:00+00:00","0.114","0.0","0.0353256"
"2013-05-04 19:30:00+00:00","0.135","0.0","0.0329025"
"2013-05-04 20:00:00+00:00","0.067","0.0","0.0324966"
"2013-05-04 20:30:00+00:00","0.144","0.0","0.03672165"
"2013-05-04 21:00:00+00:00","0.074","0.0","0.0355593"
"2013-05-04 21:30:00+00:00","0.139","0.0","0.036039"
"2013-05-04 22:00:00+00:00","0.149","0.0","0.03240435"
"2013-05-04 22:30:00+00:00","0.086","0.0","0.03845595"
"2013-05-04 23:00:00+00:00","0.117","0.0","0.0343047"
"2013-05-04 23:30:00+00:00","0.101","0.0","0.03668475"
"2013-05-05 00:00:00+00:00","0.081","0.0","0.03549165"
"2013-05-05 00:30:00+00:00","0.113","0.0","0.03231825"
"2013-05-05 01:00:00+00:00","0.128","0.0","0.0307254"
"2013-05-05 01:30:00+00:00","0.051","0.0","0.03074385"
"2013-05-05 02:00:00+00:00","0.205","0.0","0.03017805"
"2013-05-05 02:30:00+00:00","0.091","0.0","0.0295938"
"2013-05-05 03:00:00+00:00","0.11","0.0","0.0290649"
"2013-05-05 03:30:00+00:00","0.113","0.0","0.0289296"
"2013-05-05 04:00:00+00:00","0.097","0.0","0.0285483"
"2013-05-05 04:30:00+00:00","0.089","0.0","0.02803785"
"2013-05-05 05:00:00+00:00","0.131","0.0","0.02809935"
"2013-05-05 05:30:00+00:00","0.064","0.0","0.0287205"
"2013-05-05 06:00:00+00:00","0.13","0.0","0.0294954"
"2013-05-05 06:30:00+00:00","0.145","0.0","0.03046095"
"2013-05-05 07:00:00+00:00","0.08","0.0","0.0302457"
"2013-05-05 07:30:00+00:00","0.13","0.069","0.0309714"
"2013-05-05 08:00:00+00:00","0.069","0.263","0.03118665"
"2013-05-05 08:30:00+00:00","0.119","0.406","0.032103"
"2013-05-05 09:00:00+00:00","0.098","0.519","0.0331854"
"2013-05-05 09:30:00+00:00","0.103","0.606","0.0334806"
"2013-05-05 10:00:00+00:00","0.098","0.675","0.03370815"
"2013-05-05 10:30:00+00:00","0.168","0.719","0.03423705"
"2013-05-05 11:00:00+00:00","0.085","0.769","0.03363435"
"2013-05-05 11:30:00+00:00","0.15","0.788","0.03260115"
"2013-05-05 12:00:00+00:00","0.084","0.806","0.032472"
"2013-05-05 12:30:00+00:00","0.088","0.756","0.03246585"
"2013-05-05 13:00:00+00:00","0.153","0.725","0.0324351"
"2013-05-05 13:30:00+00:00","0.058","0.675","0.03187545"
"2013-05-05 14:00:00+00:00","0.152","0.656","0.0314142"
"2013-05-05 14:30:00+00:00","0.155","0.575","0.03228135"
"2013-05-05 15:00:00+00:00","0.122","0.481","0.0312543"
"2013-05-05 15:30:00+00:00","0.099","0.369","0.03182625"
"2013-05-05 16:00:00+00:00","0.139","0.244","0.0330378"
"2013-05-05 16:30:00+00:00","0.085","0.119","0.0331362"
"2013-05-05 17:00:00+00:00","0.101","0.006","0.03622965"
"2013-05-05 17:30:00+00:00","0.152","0.0","0.0363096"
"2013-05-05 18:00:00+00:00","0.051","0.0","0.0581544"
"2013-05-05 18:30:00+00:00","0.19","0.0","0.03980895"
"2013-05-05 19:00:00+00:00","0.112","0.0","0.03364665"
"2013-05-05 19:30:00+00:00","0.097","0.0","0.03247815"
"2013-05-05 20:00:00+00:00","0.116","0.0","0.0326934"
"2013-05-05 20:30:00+00:00","0.1","0.0","0.0335175"
"2013-05-05 21:00:00+00:00","0.095","0.0","0.03581145"
"2013-05-05 21:30:00+00:00","0.132","0.0","0.0329025"
"2013-05-05 22:00:00+00:00","0.08","0.0","0.0315741"
"2013-05-05 22:30:00+00:00","0.111","0.0","0.0329886"
"2013-05-05 23:00:00+00:00","0.177","0.0","0.03235515"
"2013-05-05 23:30:00+00:00","0.044","0.0","0.0332346"
"2013-05-06 00:00:00+00:00","0.148","0.0","0.03376965"
"2013-05-06 00:30:00+00:00","0.078","0.0","0.03210915"
"2013-05-06 01:00:00+00:00","0.092","0.0","0.03087915"
"2013-05-06 01:30:00+00:00","0.113","0.0","0.0306393"
"2013-05-06 02:00:00+00:00","0.102","0.0","0.03052245"
"2013-05-06 02:30:00+00:00","0.073","0.0","0.0303441"
"2013-05-06 03:00:00+00:00","0.164","0.0","0.02956305"
"2013-05-06 03:30:00+00:00","0.089","0.0","0.0285606"
"2013-05-06 04:00:00+00:00","0.123","0.0","0.02835765"
"2013-05-06 04:30:00+00:00","0.095","0.0","0.0285852"
"2013-05-06 05:00:00+00:00","0.072","0.0","0.03004275"
"2013-05-06 05:30:00+00:00","0.126","0.0","0.0308853"
"2013-05-06 06:00:00+00:00","0.08","0.0","0.0311067"
"2013-05-06 06:30:00+00:00","0.089","0.0","0.03625425"
"2013-05-06 07:00:00+00:00","0.118","0.006","0.038007"
"2013-05-06 07:30:00+00:00","0.084","0.106","0.03793935"
"2013-05-06 08:00:00+00:00","0.134","0.294","0.05472885"
"2013-05-06 08:30:00+00:00","0.128","0.419","0.03851745"
"2013-05-06 09:00:00+00:00","0.061","0.525","0.0382899"
"2013-05-06 09:30:00+00:00","0.144","0.606","0.0398151"
"2013-05-06 10:00:00+00:00","0.06","0.675","0.0385974"
"2013-05-06 10:30:00+00:00","0.129","0.713","0.03670935"
"2013-05-06 11:00:00+00:00","0.091","0.75","0.0350796"
"2013-05-06 11:30:00+00:00","0.093","0.706","0.03379425"
"2013-05-06 12:00:00+00:00","0.143","0.775","0.0344646"
"2013-05-06 12:30:00+00:00","0.141","0.825","0.03260115"
"2013-05-06 13:00:00+00:00","0.082","0.756","0.0332469"
"2013-05-06 13:30:00+00:00","0.128","0.706","0.0390894"
"2013-05-06 14:00:00+00:00","0.095","0.638","0.0447843"
"2013-05-06 14:30:00+00:00","0.084","0.575","0.041574"
"2013-05-06 15:00:00+00:00","0.17","0.5","0.0464202"
"2013-05-06 15:30:00+00:00","0.043","0.475","0.0368262"
"2013-05-06 16:00:00+00:00","0.19","0.144","0.0357192"
"2013-05-06 16:30:00+00:00","0.135","0.006","0.03996885"
"2013-05-06 17:00:00+00:00","0.089","0.0","0.0448335"
"2013-05-06 17:30:00+00:00","0.117","0.006","0.05641395"
"2013-05-06 18:00:00+00:00","0.112","0.0","0.088068"
"2013-05-06 18:30:00+00:00","0.081","0.0","0.04396635"
"2013-05-06 19:00:00+00:00","0.115","0.0","0.04144485"
"2013-05-06 19:30:00+00:00","0.119","0.0","0.04385565"
"2013-05-06 20:00:00+00:00","0.105","0.0","0.0439602"
"2013-05-06 20:30:00+00:00","0.176","0.0","0.04932915"
"2013-05-06 21:00:00+00:00","0.06","0.0","0.0358545"
"2013-05-06 21:30:00+00:00","0.137","0.0","0.03476595"
"2013-05-06 22:00:00+00:00","0.087","0.0","0.03265035"
"2013-05-06 22:30:00+00:00","0.095","0.0","0.03769335"
"2013-05-06 23:00:00+00:00","0.103","0.0","0.034563"
"2013-05-06 23:30:00+00:00","0.114","0.0","0.037761"
"2013-05-07 00:00:00+00:00","0.089","0.0","0.0376749"
"2013-05-07 00:30:00+00:00","0.185","0.0","0.0335175"
"2013-05-07 01:00:00+00:00","0.073","0.0","0.03272415"
"2013-05-07 01:30:00+00:00","0.1","0.0","0.03268725"
"2013-05-07 02:00:00+00:00","0.131","0.0","0.03251505"
"2013-05-07 02:30:00+00:00","0.067","0.0","0.03178935"
"2013-05-07 03:00:00+00:00","0.115","0.0","0.0307869"
"2013-05-07 03:30:00+00:00","0.115","0.0","0.0294708"
"2013-05-07 04:00:00+00:00","0.061","0.0","0.02860365"
"2013-05-07 04:30:00+00:00","0.162","0.0","0.0303195"
"2013-05-07 05:00:00+00:00","0.133","0.0","0.03058395"
"2013-05-07 05:30:00+00:00","0.06","0.0","0.0316479"
"2013-05-07 06:00:00+00:00","0.15","0.0","0.03212145"
"2013-05-07 06:30:00+00:00","0.062","0.0","0.0375396"
"2013-05-07 07:00:00+00:00","0.118","0.0","0.049077"
"2013-05-07 07:30:00+00:00","0.1","0.088","0.03613125"
"2013-05-07 08:00:00+00:00","0.095","0.306","0.0405285"
"2013-05-07 08:30:00+00:00","0.096","0.425","0.03574995"
"2013-05-07 09:00:00+00:00","0.171","0.531","0.03496275"
"2013-05-07 09:30:00+00:00","0.085","0.513","0.0351165"
"2013-05-07 10:00:00+00:00","0.142","0.494","0.0345384"
"2013-05-07 10:30:00+00:00","0.068","0.713","0.03824685"
"2013-05-07 11:00:00+00:00","0.121","0.431","0.0355839"
"2013-05-07 11:30:00+00:00","0.113","0.681","0.03600825"
"2013-05-07 12:00:00+00:00","0.079","0.513","0.0390771"
"2013-05-07 12:30:00+00:00","0.137","0.688","0.0369615"
"2013-05-07 13:00:00+00:00","0.139","0.738","0.03488895"
"2013-05-07 13:30:00+00:00","0.125","0.663","0.0349935"
"2013-05-07 14:00:00+00:00","0.115","0.331","0.0349566"
"2013-05-07 14:30:00+00:00","0.137","0.194","0.0352149"
"2013-05-07 15:00:00+00:00","0.058","0.125","0.0350919"
"2013-05-07 15:30:00+00:00","0.156","0.1","0.03443385"
"2013-05-07 16:00:00+00:00","0.094","0.244","0.0347967"
"2013-05-07 16:30:00+00:00","0.089","0.094","0.03524565"
"2013-05-07 17:00:00+00:00","0.19","0.006","0.03528255"
"2013-05-07 17:30:00+00:00","0.085","0.0","0.04212135"
"2013-05-07 18:00:00+00:00","0.127","0.0","0.05396625"
"2013-05-07 18:30:00+00:00","0.102","0.0","0.03511035"
"2013-05-07 19:00:00+00:00","0.109","0.0","0.03495045"
"2013-05-07 19:30:00+00:00","0.097","0.0","0.0350181"
"2013-05-07 20:00:00+00:00","0.121","0.0","0.0349074"
"2013-05-07 20:30:00+00:00","0.063","0.0","0.03465525"
"2013-05-07 21:00:00+00:00","0.177","0.0","0.034194"
"2013-05-07 21:30:00+00:00","0.112","0.0","0.03369585"
"2013-05-07 22:00:00+00:00","0.094","0.0","0.0330624"
"2013-05-07 22:30:00+00:00","0.145","0.0","0.0396552"
"2013-05-07 23:00:00+00:00","0.052","0.0","0.0331854"
"2013-05-07 23:30:00+00:00","0.128","0.0","0.033702"
"2013-05-08 00:00:00+00:00","0.099","0.0","0.03294555"
"2013-05-08 00:30:00+00:00","0.081","0.0","0.0326688"
"2013-05-08 01:00:00+00:00","0.12","0.0","0.03260115"
"2013-05-08 01:30:00+00:00","0.172","0.0","0.0308607"
"2013-05-08 02:00:00+00:00","0.055","0.0","0.0309468"
"2013-05-08 02:30:00+00:00","0.16","0.0","0.0276873"
"2013-05-08 03:00:00+00:00","0.072","0.006","0.0270231"
"2013-05-08 03:30:00+00:00","0.103","0.0","0.0269616"
"2013-05-08 04:00:00+00:00","0.116","0.0","0.02729985"
"2013-05-08 04:30:00+00:00","0.08","0.0","0.0280071"
"2013-05-08 05:00:00+00:00","0.102","0.0","0.02855445"
"2013-05-08 05:30:00+00:00","0.138","0.0","0.02987055"
"2013-05-08 06:00:00+00:00","0.114","0.0","0.0324966"
"2013-05-08 06:30:00+00:00","0.118","0.0","0.03647565"
"2013-05-08 07:00:00+00:00","0.102","0.0","0.0381177"
"2013-05-08 07:30:00+00:00","0.085","0.075","0.03390495"
"2013-05-08 08:00:00+00:00","0.131","0.344","0.0339234"
"2013-05-08 08:30:00+00:00","0.052","0.225","0.03391725"
"2013-05-08 09:00:00+00:00","0.135","0.231","0.0346122"
"2013-05-08 09:30:00+00:00","0.081","0.163","0.03506115"
"2013-05-08 10:00:00+00:00","0.14","0.338","0.03359745"
"2013-05-08 10:30:00+00:00","0.136","0.388","0.03434775"
"2013-05-08 11:00:00+00:00","0.115","0.456","0.0350673"
"2013-05-08 11:30:00+00:00","0.071","0.7","0.03444615"
"2013-05-08 12:00:00+00:00","0.165","0.713","0.03252735"
"2013-05-08 12:30:00+00:00","0.06","0.738","0.03260115"
"2013-05-08 13:00:00+00:00","0.119","0.275","0.03443385"
"2013-05-08 13:30:00+00:00","0.127","0.55","0.0347598"
"2013-05-08 14:00:00+00:00","0.12","0.219","0.0331485"
"2013-05-08 14:30:00+00:00","0.145","0.488","0.03464295"
"2013-05-08 15:00:00+00:00","0.109","0.438","0.03448305"
"2013-05-08 15:30:00+00:00","0.099","0.281","0.033579"
"2013-05-08 16:00:00+00:00","0.1","0.231","0.03363435"
"2013-05-08 16:30:00+00:00","0.149","0.031","0.03448305"
"2013-05-08 17:00:00+00:00","0.065","0.013","0.0347721"
"2013-05-08 17:30:00+00:00","0.151","0.0","0.03567"
"2013-05-08 18:00:00+00:00","0.124","0.0","0.04106355"
"2013-05-08 18:30:00+00:00","0.123","0.0","0.0345384"
"2013-05-08 19:00:00+00:00","0.132","0.0","0.0338742"
"2013-05-08 19:30:00+00:00","0.08","0.0","0.0336405"
"2013-05-08 20:00:00+00:00","0.123","0.0","0.03493815"
"2013-05-08 20:30:00+00:00","0.113","0.0","0.0350058"
"2013-05-08 21:00:00+00:00","0.082","0.0","0.03388035"
"2013-05-08 21:30:00+00:00","0.099","0.0","0.03376965"
"2013-05-08 22:00:00+00:00","0.176","0.0","0.0312666"
"2013-05-08 22:30:00+00:00","0.068","0.0","0.0358791"
"2013-05-08 23:00:00+00:00","0.159","0.0","0.0330009"
"2013-05-08 23:30:00+00:00","0.086","0.0","0.03412635"
"2013-05-09 00:00:00+00:00","0.092","0.0","0.03376965"
"2013-05-09 00:30:00+00:00","0.119","0.0","0.03255195"
"2013-05-09 01:00:00+00:00","0.086","0.0","0.0323859"
"2013-05-09 01:30:00+00:00","0.097","0.0","0.03114975"
"2013-05-09 02:00:00+00:00","0.118","0.0","0.02999355"
"2013-05-09 02:30:00+00:00","0.123","0.0","0.0296553"
"2013-05-09 03:00:00+00:00","0.123","0.0","0.027798"
"2013-05-09 03:30:00+00:00","0.11","0.0","0.02781645"
"2013-05-09 04:00:00+00:00","0.068","0.0","0.0279579"
"2013-05-09 04:30:00+00:00","0.141","0.0","0.02796405"
"2013-05-09 05:00:00+00:00","0.057","0.0","0.02939085"
"2013-05-09 05:30:00+00:00","0.132","0.0","0.03075"
"2013-05-09 06:00:00+00:00","0.091","0.0","0.0313158"
"2013-05-09 06:30:00+00:00","0.105","0.0","0.0357315"
"2013-05-09 07:00:00+00:00","0.146","0.0","0.03773025"
"2013-05-09 07:30:00+00:00","0.114","0.1","0.03421245"
"2013-05-09 08:00:00+00:00","0.062","0.281","0.0368016"
"2013-05-09 08:30:00+00:00","0.156","0.419","0.0356577"
"2013-05-09 09:00:00+00:00","0.043","0.513","0.03309315"
"2013-05-09 09:30:00+00:00","0.134","0.581","0.03273645"
"2013-05-09 10:00:00+00:00","0.105","0.65","0.033456"
"2013-05-09 10:30:00+00:00","0.073","0.694","0.03434775"
"2013-05-09 11:00:00+00:00","0.161","0.725","0.03316695"
"2013-05-09 11:30:00+00:00","0.143","0.744","0.03394185"
"2013-05-09 12:00:00+00:00","0.07","0.744","0.03411405"
"2013-05-09 12:30:00+00:00","0.139","0.731","0.03272415"
"2013-05-09 13:00:00+00:00","0.111","0.706","0.03331455"
"2013-05-09 13:30:00+00:00","0.086","0.669","0.03702915"
"2013-05-09 14:00:00+00:00","0.232","0.613","0.0374904"
"2013-05-09 14:30:00+00:00","0.148","0.544","0.0408606"
"2013-05-09 15:00:00+00:00","0.196","0.456","0.0338004"
"2013-05-09 15:30:00+00:00","0.222","0.356","0.0339972"
"2013-05-09 16:00:00+00:00","0.103","0.238","0.0349689"
"2013-05-09 16:30:00+00:00","0.212","0.106","0.03634035"
"2013-05-09 17:00:00+00:00","0.165","0.006","0.03405255"
"2013-05-09 17:30:00+00:00","0.13","0.0","0.0377487"
"2013-05-09 18:00:00+00:00","0.175","0.0","0.0686586"
"2013-05-09 18:30:00+00:00","0.361","0.0","0.044895"
"2013-05-09 19:00:00+00:00","0.222","0.0","0.0353994"
"2013-05-09 19:30:00+00:00","0.276","0.0","0.03835755"
"2013-05-09 20:00:00+00:00","0.222","0.0","0.0380439"
"2013-05-09 20:30:00+00:00","0.177","0.0","0.0447966"
"2013-05-09 21:00:00+00:00","0.331","0.0","0.0407253"
"2013-05-09 21:30:00+00:00","0.199","0.0","0.03583605"
"2013-05-09 22:00:00+00:00","0.133","0.0","0.03315465"
"2013-05-09 22:30:00+00:00","0.136","0.0","0.03464295"
"2013-05-09 23:00:00+00:00","0.149","0.0","0.0333822"
"2013-05-09 23:30:00+00:00","0.142","0.0","0.0349074"
"2013-05-10 00:00:00+00:00","0.134","0.0","0.0351534"
"2013-05-10 00:30:00+00:00","0.097","0.0","0.0329271"
"2013-05-10 01:00:00+00:00","0.119","0.0","0.0328164"
"2013-05-10 01:30:00+00:00","0.137","0.0","0.03258885"
"2013-05-10 02:00:00+00:00","0.063","0.0","0.0312912"
"2013-05-10 02:30:00+00:00","0.171","0.0","0.0306024"
"2013-05-10 03:00:00+00:00","0.08","0.0","0.0296184"
"2013-05-10 03:30:00+00:00","0.168","0.0","0.0286467"
"2013-05-10 04:00:00+00:00","0.14","0.0","0.02835765"
"2013-05-10 04:30:00+00:00","0.097","0.0","0.0278964"
"2013-05-10 05:00:00+00:00","0.269","0.0","0.02796405"
"2013-05-10 05:30:00+00:00","0.155","0.0","0.0287451"
"2013-05-10 06:00:00+00:00","0.078","0.0","0.03142035"
"2013-05-10 06:30:00+00:00","0.16","0.0","0.03533175"
"2013-05-10 07:00:00+00:00","0.114","0.006","0.0361989"
"2013-05-10 07:30:00+00:00","0.168","0.094","0.0345384"
"2013-05-10 08:00:00+00:00","0.253","0.263","0.0428901"
"2013-05-10 08:30:00+00:00","0.327","0.35","0.03502425"
"2013-05-10 09:00:00+00:00","0.283","0.375","0.03485205"
"2013-05-10 09:30:00+00:00","0.185","0.456","0.0338742"
"2013-05-10 10:00:00+00:00","0.215","0.581","0.03351135"
"2013-05-10 10:30:00+00:00","0.298","0.688","0.033825"
"2013-05-10 11:00:00+00:00","0.23","0.719","0.03503655"
"2013-05-10 11:30:00+00:00","0.205","0.731","0.0345384"
"2013-05-10 12:00:00+00:00","0.308","0.738","0.0348459"
"2013-05-10 12:30:00+00:00","0.223","0.719","0.03485205"
"2013-05-10 13:00:00+00:00","0.428","0.694","0.03470445"
"2013-05-10 13:30:00+00:00","0.272","0.656","0.0349074"
"2013-05-10 14:00:00+00:00","0.185","0.594","0.0357069"
"2013-05-10 14:30:00+00:00","0.26","0.525","0.0376503"
"2013-05-10 15:00:00+00:00","0.214","0.438","0.0350304"
"2013-05-10 15:30:00+00:00","0.233","0.331","0.03351135"
"2013-05-10 16:00:00+00:00","0.436","0.225","0.03369585"
"2013-05-10 16:30:00+00:00","0.235","0.094","0.0339234"
"2013-05-10 17:00:00+00:00","0.276","0.006","0.0349935"
"2013-05-10 17:30:00+00:00","0.128","0.0","0.0352026"
"2013-05-10 18:00:00+00:00","0.17","0.0","0.0425703"
"2013-05-10 18:30:00+00:00","0.381","0.0","0.03529485"
"2013-05-10 19:00:00+00:00","0.233","0.0","0.03433545"
"2013-05-10 19:30:00+00:00","0.221","0.0","0.0329025"
"2013-05-10 20:00:00+00:00","0.235","0.0","0.0339726"
"2013-05-10 20:30:00+00:00","0.212","0.0","0.0334437"
"2013-05-10 21:00:00+00:00","0.265","0.0","0.03252735"
"2013-05-10 21:30:00+00:00","0.221","0.0","0.0329148"
"2013-05-10 22:00:00+00:00","0.145","0.0","0.032472"
"2013-05-10 22:30:00+00:00","0.1","0.0","0.03464295"
"2013-05-10 23:00:00+00:00","0.13","0.0","0.0331731"
"2013-05-10 23:30:00+00:00","0.145","0.0","0.03474135"
"2013-05-11 00:00:00+00:00","0.104","0.0","0.0353379"
"2013-05-11 00:30:00+00:00","0.192","0.0","0.03319155"
"2013-05-11 01:00:00+00:00","0.07","0.0","0.03257655"
"2013-05-11 01:30:00+00:00","0.114","0.0","0.03241665"
"2013-05-11 02:00:00+00:00","0.118","0.0","0.0310206"
"2013-05-11 02:30:00+00:00","0.105","0.0","0.02839455"
"2013-05-11 03:00:00+00:00","0.08","0.0","0.028044"
"2013-05-11 03:30:00+00:00","0.154","0.0","0.02785335"
"2013-05-11 04:00:00+00:00","0.07","0.0","0.02795175"
"2013-05-11 04:30:00+00:00","0.186","0.0","0.02796405"
"2013-05-11 05:00:00+00:00","0.1","0.0","0.0279702"
"2013-05-11 05:30:00+00:00","0.099","0.0","0.0281547"
"2013-05-11 06:00:00+00:00","0.108","0.0","0.02980905"
"2013-05-11 06:30:00+00:00","0.123","0.0","0.0307131"
"2013-05-11 07:00:00+00:00","0.643","0.0","0.0308853"
"2013-05-11 07:30:00+00:00","0.806","0.013","0.0309345"
"2013-05-11 08:00:00+00:00","0.429","0.038","0.03192465"
"2013-05-11 08:30:00+00:00","0.469","0.094","0.03460605"
"2013-05-11 09:00:00+00:00","0.29","0.125","0.0352518"
"2013-05-11 09:30:00+00:00","0.156","0.388","0.0350919"
"2013-05-11 10:00:00+00:00","0.506","0.413","0.0351165"
"2013-05-11 10:30:00+00:00","0.125","0.106","0.0349566"
"2013-05-11 11:00:00+00:00","0.117","0.044","0.0344892"
"2013-05-11 11:30:00+00:00","0.121","0.125","0.0332838"
"2013-05-11 12:00:00+00:00","0.107","0.144","0.03274875"
"2013-05-11 12:30:00+00:00","0.14","0.063","0.03094065"
"2013-05-11 13:00:00+00:00","0.162","0.063","0.0308361"
"2013-05-11 13:30:00+00:00","0.075","0.081","0.03197385"
"2013-05-11 14:00:00+00:00","0.125","0.481","0.0316479"
"2013-05-11 14:30:00+00:00","0.124","0.306","0.0308976"
"2013-05-11 15:00:00+00:00","0.076","0.369","0.030873"
"2013-05-11 15:30:00+00:00","0.141","0.319","0.03154335"
"2013-05-11 16:00:00+00:00","0.108","0.213","0.0311313"
"2013-05-11 16:30:00+00:00","0.139","0.031","0.0331362"
"2013-05-11 17:00:00+00:00","0.168","0.0","0.0345384"
"2013-05-11 17:30:00+00:00","0.315","0.0","0.033456"
"2013-05-11 18:00:00+00:00","0.238","0.0","0.0342309"
"2013-05-11 18:30:00+00:00","0.589","0.0","0.03290865"
"2013-05-11 19:00:00+00:00","0.276","0.0","0.0320784"
"2013-05-11 19:30:00+00:00","0.285","0.0","0.0329886"
"2013-05-11 20:00:00+00:00","0.33","0.0","0.03509805"
"2013-05-11 20:30:00+00:00","0.42","0.0","0.0361743"
"2013-05-11 21:00:00+00:00","0.238","0.0","0.03554085"
"2013-05-11 21:30:00+00:00","0.14","0.0","0.0347352"
"2013-05-11 22:00:00+00:00","0.106","0.006","0.03344985"
"2013-05-11 22:30:00+00:00","0.113","0.0","0.03806235"
"2013-05-11 23:00:00+00:00","0.147","0.0","0.03536865"
"2013-05-11 23:30:00+00:00","0.084","0.0","0.03444615"
"2013-05-12 00:00:00+00:00","0.568","0.0","0.0356331"
"2013-05-12 00:30:00+00:00","0.568","0.0","0.03407715"
"2013-05-12 01:00:00+00:00","0.181","0.0","0.0327426"
"2013-05-12 01:30:00+00:00","0.099","0.0","0.03148185"
"2013-05-12 02:00:00+00:00","0.105","0.0","0.029397"
"2013-05-12 02:30:00+00:00","0.093","0.0","0.02816085"
"2013-05-12 03:00:00+00:00","0.134","0.0","0.02771805"
"2013-05-12 03:30:00+00:00","0.051","0.0","0.0275028"
"2013-05-12 04:00:00+00:00","0.162","0.0","0.02784105"
"2013-05-12 04:30:00+00:00","0.072","0.0","0.02796405"
"2013-05-12 05:00:00+00:00","0.153","0.0","0.02796405"
"2013-05-12 05:30:00+00:00","0.174","0.0","0.0279702"
"2013-05-12 06:00:00+00:00","0.235","0.0","0.02914485"
"2013-05-12 06:30:00+00:00","0.092","0.0","0.0286344"
"2013-05-12 07:00:00+00:00","0.144","0.0","0.0301596"
"2013-05-12 07:30:00+00:00","0.073","0.094","0.02978445"
"2013-05-12 08:00:00+00:00","0.226","0.281","0.03076845"
"2013-05-12 08:30:00+00:00","0.332","0.406","0.0308853"
"2013-05-12 09:00:00+00:00","0.181","0.506","0.03090375"
"2013-05-12 09:30:00+00:00","0.22","0.588","0.0325089"
"2013-05-12 10:00:00+00:00","0.146","0.644","0.03175245"
"2013-05-12 10:30:00+00:00","0.393","0.7","0.03203535"
"2013-05-12 11:00:00+00:00","0.243","0.738","0.0320169"
"2013-05-12 11:30:00+00:00","0.628","0.738","0.03087915"
"2013-05-12 12:00:00+00:00","0.847","0.738","0.03084225"
"2013-05-12 12:30:00+00:00","0.776","0.725","0.030504"
"2013-05-12 13:00:00+00:00","0.752","0.7","0.03053475"
"2013-05-12 13:30:00+00:00","0.267","0.631","0.0304056"
"2013-05-12 14:00:00+00:00","0.186","0.613","0.03051015"
"2013-05-12 14:30:00+00:00","0.199","0.538","0.0304671"
"2013-05-12 15:00:00+00:00","0.402","0.456","0.03046095"
"2013-05-12 15:30:00+00:00","0.374","0.35","0.03063315"
"2013-05-12 16:00:00+00:00","0.193","0.231","0.03070695"
"2013-05-12 16:30:00+00:00","0.282","0.1","0.0307623"
"2013-05-12 17:00:00+00:00","0.221","0.0","0.0309468"
"2013-05-12 17:30:00+00:00","0.388","0.0","0.03129735"
"2013-05-12 18:00:00+00:00","0.312","0.0","0.03404025"
"2013-05-12 18:30:00+00:00","0.404","0.0","0.0333084"
"2013-05-12 19:00:00+00:00","0.35","0.006","0.0315618"
"2013-05-12 19:30:00+00:00","0.682","0.0","0.03234285"
"2013-05-12 20:00:00+00:00","0.289","0.0","0.0320784"
"2013-05-12 20:30:00+00:00","0.266","0.0","0.03255195"
"2013-05-12 21:00:00+00:00","0.23","0.0","0.0310821"
"2013-05-12 21:30:00+00:00","0.085","0.0","0.03078075"
"2013-05-12 22:00:00+00:00","0.167","0.0","0.03071925"
"2013-05-12 22:30:00+00:00","0.102","0.0","0.03133425"
"2013-05-12 23:00:00+00:00","0.123","0.0","0.031488"
"2013-05-12 23:30:00+00:00","0.122","0.0","0.03174015"
"2013-05-13 00:00:00+00:00","0.182","0.0","0.03228135"
"2013-05-13 00:30:00+00:00","0.09","0.0","0.03102675"
"2013-05-13 01:00:00+00:00","0.18","0.0","0.03079305"
"2013-05-13 01:30:00+00:00","0.065","0.0","0.0307377"
"2013-05-13 02:00:00+00:00","0.118","0.0","0.02918175"
"2013-05-13 02:30:00+00:00","0.117","0.0","0.0278349"
"2013-05-13 03:00:00+00:00","0.088","0.0","0.0275643"
"2013-05-13 03:30:00+00:00","0.093","0.0","0.02784105"
"2013-05-13 04:00:00+00:00","0.185","0.0","0.0279579"
"2013-05-13 04:30:00+00:00","0.059","0.0","0.0279825"
"2013-05-13 05:00:00+00:00","0.155","0.0","0.0281178"
"2013-05-13 05:30:00+00:00","0.082","0.0","0.03004275"
"2013-05-13 06:00:00+00:00","0.093","0.0","0.03171555"
"2013-05-13 06:30:00+00:00","0.115","0.0","0.03643875"
"2013-05-13 07:00:00+00:00","0.127","0.0","0.0447474"
"2013-05-13 07:30:00+00:00","0.096","0.013","0.040467"
"2013-05-13 08:00:00+00:00","0.313","0.1","0.04994415"
"2013-05-13 08:30:00+00:00","0.092","0.294","0.05557755"
"2013-05-13 09:00:00+00:00","0.135","0.169","0.05850495"
"2013-05-13 09:30:00+00:00","0.094","0.263","0.0653253"
"2013-05-13 10:00:00+00:00","0.151","0.294","0.03913245"
"2013-05-13 10:30:00+00:00","0.166","0.613","0.0385359"
"2013-05-13 11:00:00+00:00","0.115","0.738","0.04492575"
"2013-05-13 11:30:00+00:00","0.079","0.469","0.04080525"
"2013-05-13 12:00:00+00:00","0.174","0.438","0.0444522"
"2013-05-13 12:30:00+00:00","0.131","0.363","0.0477732"
"2013-05-13 13:00:00+00:00","0.102","0.256","0.0388557"
"2013-05-13 13:30:00+00:00","0.144","0.213","0.0373551"
"2013-05-13 14:00:00+00:00","0.073","0.206","0.0384867"
"2013-05-13 14:30:00+00:00","0.125","0.119","0.0373182"
"2013-05-13 15:00:00+00:00","0.112","0.163","0.03394185"
"2013-05-13 15:30:00+00:00","0.105","0.125","0.0351903"
"2013-05-13 16:00:00+00:00","0.142","0.056","0.0351165"
"2013-05-13 16:30:00+00:00","0.181","0.019","0.03578685"
"2013-05-13 17:00:00+00:00","0.254","0.0","0.03773025"
"2013-05-13 17:30:00+00:00","0.168","0.0","0.0474411"
"2013-05-13 18:00:00+00:00","0.236","0.006","0.05408925"
"2013-05-13 18:30:00+00:00","0.207","0.0","0.03496275"
"2013-05-13 19:00:00+00:00","0.281","0.0","0.0344277"
"2013-05-13 19:30:00+00:00","0.277","0.0","0.03469215"
"2013-05-13 20:00:00+00:00","0.354","0.0","0.0352149"
"2013-05-13 20:30:00+00:00","0.294","0.0","0.04038705"
"2013-05-13 21:00:00+00:00","0.101","0.0","0.03535635"
"2013-05-13 21:30:00+00:00","0.142","0.0","0.03498735"
"2013-05-13 22:00:00+00:00","0.124","0.0","0.03383115"
"2013-05-13 22:30:00+00:00","0.133","0.0","0.03862815"
"2013-05-13 23:00:00+00:00","0.092","0.0","0.0344154"
"2013-05-13 23:30:00+00:00","0.635","0.0","0.0368754"
"2013-05-14 00:00:00+00:00","0.545","0.0","0.03399105"
"2013-05-14 00:30:00+00:00","0.146","0.0","0.0343416"
"2013-05-14 01:00:00+00:00","0.11","0.0","0.03353595"
"2013-05-14 01:30:00+00:00","0.1","0.0","0.0325089"
"2013-05-14 02:00:00+00:00","0.096","0.0","0.0322998"
"2013-05-14 02:30:00+00:00","0.149","0.0","0.0308361"
"2013-05-14 03:00:00+00:00","0.057","0.0","0.0300612"
"2013-05-14 03:30:00+00:00","0.144","0.0","0.0288681"
"2013-05-14 04:00:00+00:00","0.173","0.0","0.02978445"
"2013-05-14 04:30:00+00:00","0.082","0.0","0.0279579"
"2013-05-14 05:00:00+00:00","0.135","0.0","0.0283146"
"2013-05-14 05:30:00+00:00","0.107","0.0","0.02952615"
"2013-05-14 06:00:00+00:00","0.185","0.0","0.0299013"
"2013-05-14 06:30:00+00:00","0.174","0.0","0.0345384"
"2013-05-14 07:00:00+00:00","0.2","0.0","0.0381177"
"2013-05-14 07:30:00+00:00","0.09","0.0","0.0321891"
"2013-05-14 08:00:00+00:00","0.378","0.0","0.03518415"
"2013-05-14 08:30:00+00:00","0.139","0.013","0.0370353"
"2013-05-14 09:00:00+00:00","0.192","0.006","0.0370968"
"2013-05-14 09:30:00+00:00","0.207","0.013","0.03566385"
"2013-05-14 10:00:00+00:00","0.157","0.05","0.0349935"
"2013-05-14 10:30:00+00:00","0.148","0.125","0.03479055"
"2013-05-14 11:00:00+00:00","0.432","0.238","0.0339111"
"2013-05-14 11:30:00+00:00","0.127","0.344","0.03325305"
"2013-05-14 12:00:00+00:00","0.163","0.313","0.03250275"
"2013-05-14 12:30:00+00:00","0.226","0.756","0.0332223"
"2013-05-14 13:00:00+00:00","0.169","0.7","0.03234285"
"2013-05-14 13:30:00+00:00","0.461","0.675","0.0313035"
"2013-05-14 14:00:00+00:00","0.151","0.581","0.03240435"
"2013-05-14 14:30:00+00:00","0.161","0.394","0.03260115"
"2013-05-14 15:00:00+00:00","0.184","0.263","0.03260115"
"2013-05-14 15:30:00+00:00","0.192","0.3","0.03263805"
"2013-05-14 16:00:00+00:00","0.14","0.244","0.0327303"
"2013-05-14 16:30:00+00:00","0.249","0.106","0.03351135"
"2013-05-14 17:00:00+00:00","0.17","0.0","0.0346491"
"2013-05-14 17:30:00+00:00","0.133","0.0","0.0369615"
"2013-05-14 18:00:00+00:00","0.374","0.0","0.03690615"
"2013-05-14 18:30:00+00:00","0.268","0.0","0.03557775"
"2013-05-14 19:00:00+00:00","0.254","0.0","0.03410175"
"2013-05-14 19:30:00+00:00","0.302","0.0","0.0337758"
"2013-05-14 20:00:00+00:00","0.379","0.0","0.0339234"
"2013-05-14 20:30:00+00:00","0.162","0.0","0.0344277"
"2013-05-14 21:00:00+00:00","0.118","0.0","0.0344277"
"2013-05-14 21:30:00+00:00","0.119","0.0","0.03317925"
"2013-05-14 22:00:00+00:00","0.158","0.0","0.03160485"
"2013-05-14 22:30:00+00:00","0.112","0.0","0.03559005"
"2013-05-14 23:00:00+00:00","0.101","0.0","0.032472"
"2013-05-14 23:30:00+00:00","0.147","0.0","0.03426165"
"2013-05-15 00:00:00+00:00","0.092","0.0","0.0350919"
"2013-05-15 00:30:00+00:00","0.17","0.0","0.03260115"
"2013-05-15 01:00:00+00:00","0.081","0.0","0.0324843"
"2013-05-15 01:30:00+00:00","0.102","0.0","0.03151875"
"2013-05-15 02:00:00+00:00","0.099","0.0","0.0302703"
"2013-05-15 02:30:00+00:00","0.11","0.0","0.0288435"
"2013-05-15 03:00:00+00:00","0.077","0.0","0.0279825"
"2013-05-15 03:30:00+00:00","0.139","0.0","0.0279456"
"2013-05-15 04:00:00+00:00","0.052","0.0","0.0279579"
"2013-05-15 04:30:00+00:00","0.149","0.0","0.02796405"
"2013-05-15 05:00:00+00:00","0.117","0.0","0.0280071"
"2013-05-15 05:30:00+00:00","0.095","0.0","0.02955075"
"2013-05-15 06:00:00+00:00","0.101","0.0","0.03162945"
"2013-05-15 06:30:00+00:00","0.272","0.0","0.0360882"
"2013-05-15 07:00:00+00:00","0.112","0.0","0.0381177"
"2013-05-15 07:30:00+00:00","0.377","0.1","0.03554085"
"2013-05-15 08:00:00+00:00","0.156","0.281","0.0382776"
"2013-05-15 08:30:00+00:00","0.197","0.406","0.03570075"
"2013-05-15 09:00:00+00:00","0.159","0.513","0.03495045"
"2013-05-15 09:30:00+00:00","0.108","0.606","0.035547"
"2013-05-15 10:00:00+00:00","0.163","0.669","0.0353625"
"2013-05-15 10:30:00+00:00","0.069","0.725","0.03483975"
"2013-05-15 11:00:00+00:00","0.133","0.75","0.03485205"
"2013-05-15 11:30:00+00:00","0.108","0.775","0.03503655"
"2013-05-15 12:00:00+00:00","0.098","0.775","0.0348459"
"2013-05-15 12:30:00+00:00","0.123","0.763","0.03464295"
"2013-05-15 13:00:00+00:00","0.19","0.731","0.0345384"
"2013-05-15 13:30:00+00:00","0.27","0.675","0.0345876"
"2013-05-15 14:00:00+00:00","0.199","0.638","0.0338988"
"2013-05-15 14:30:00+00:00","0.1","0.563","0.03369585"
"2013-05-15 15:00:00+00:00","0.126","0.419","0.0336036"
"2013-05-15 15:30:00+00:00","0.332","0.25","0.03400335"
"2013-05-15 16:00:00+00:00","0.254","0.188","0.03547935"
"2013-05-15 16:30:00+00:00","0.215","0.056","0.03509805"
"2013-05-15 17:00:00+00:00","0.287","0.006","0.0409344"
"2013-05-15 17:30:00+00:00","0.128","0.0","0.03642645"
"2013-05-15 18:00:00+00:00","0.158","0.0","0.0483882"
"2013-05-15 18:30:00+00:00","0.117","0.0","0.0356577"
"2013-05-15 19:00:00+00:00","0.105","0.0","0.03454455"
"2013-05-15 19:30:00+00:00","0.115","0.0","0.03424935"
"2013-05-15 20:00:00+00:00","0.147","0.0","0.0333576"
"2013-05-15 20:30:00+00:00","0.254","0.0","0.0338004"
"2013-05-15 21:00:00+00:00","0.342","0.0","0.03263805"
"2013-05-15 21:30:00+00:00","0.14","0.0","0.03235515"
"2013-05-15 22:00:00+00:00","0.132","0.0","0.0317094"
"2013-05-15 22:30:00+00:00","0.137","0.0","0.0357684"
"2013-05-15 23:00:00+00:00","0.106","0.0","0.0326688"
"2013-05-15 23:30:00+00:00","0.112","0.0","0.0340956"
"2013-05-16 00:00:00+00:00","0.142","0.0","0.0331608"
"2013-05-16 00:30:00+00:00","0.057","0.0","0.03256425"
"2013-05-16 01:00:00+00:00","0.146","0.0","0.0313281"
"2013-05-16 01:30:00+00:00","0.147","0.0","0.0305163"
"2013-05-16 02:00:00+00:00","0.113","0.0","0.02876355"
"2013-05-16 02:30:00+00:00","0.134","0.0","0.02776725"
"2013-05-16 03:00:00+00:00","0.099","0.0","0.0278472"
"2013-05-16 03:30:00+00:00","0.093","0.0","0.0279333"
"2013-05-16 04:00:00+00:00","0.14","0.0","0.0279579"
"2013-05-16 04:30:00+00:00","0.071","0.0","0.0279579"
"2013-05-16 05:00:00+00:00","0.122","0.0","0.0279456"
"2013-05-16 05:30:00+00:00","0.116","0.0","0.02857905"
"2013-05-16 06:00:00+00:00","0.319","0.0","0.0299874"
"2013-05-16 06:30:00+00:00","0.168","0.0","0.03298245"
"2013-05-16 07:00:00+00:00","0.233","0.0","0.0381177"
"2013-05-16 07:30:00+00:00","0.328","0.044","0.03309315"
"2013-05-16 08:00:00+00:00","0.227","0.244","0.03498735"
"2013-05-16 08:30:00+00:00","0.148","0.344","0.0347598"
"2013-05-16 09:00:00+00:00","0.134","0.5","0.0349566"
"2013-05-16 09:30:00+00:00","0.117","0.588","0.0350673"
"2013-05-16 10:00:00+00:00","0.117","0.656","0.03506115"
"2013-05-16 10:30:00+00:00","0.178","0.706","0.03507345"
"2013-05-16 11:00:00+00:00","0.089","0.738","0.03506115"
"2013-05-16 11:30:00+00:00","0.131","0.763","0.0336651"
"2013-05-16 12:00:00+00:00","0.119","0.769","0.03321"
"2013-05-16 12:30:00+00:00","0.115","0.688","0.0330501"
"2013-05-16 13:00:00+00:00","0.104","0.738","0.0340464"
"2013-05-16 13:30:00+00:00","0.358","0.531","0.0326688"
"2013-05-16 14:00:00+00:00","0.181","0.463","0.0331239"
"2013-05-16 14:30:00+00:00","0.15","0.125","0.0317586"
"2013-05-16 15:00:00+00:00","0.182","0.119","0.03158025"
"2013-05-16 15:30:00+00:00","0.177","0.131","0.0324105"
"2013-05-16 16:00:00+00:00","0.187","0.138","0.03354825"
"2013-05-16 16:30:00+00:00","0.394","0.056","0.03402795"
"2013-05-16 17:00:00+00:00","0.2","0.006","0.03360975"
"2013-05-16 17:30:00+00:00","0.256","0.0","0.03638955"
"2013-05-16 18:00:00+00:00","0.47","0.0","0.06380625"
"2013-05-16 18:30:00+00:00","0.263","0.0","0.03755805"
"2013-05-16 19:00:00+00:00","0.244","0.0","0.03497505"
"2013-05-16 19:30:00+00:00","0.274","0.0","0.0368016"
"2013-05-16 20:00:00+00:00","0.285","0.0","0.0342432"
"2013-05-16 20:30:00+00:00","0.225","0.0","0.0349566"
"2013-05-16 21:00:00+00:00","0.253","0.0","0.03399105"
"2013-05-16 21:30:00+00:00","0.13","0.0","0.032349"
"2013-05-16 22:00:00+00:00","0.178","0.0","0.03073155"
"2013-05-16 22:30:00+00:00","0.121","0.0","0.0369369"
"2013-05-16 23:00:00+00:00","0.121","0.0","0.03305625"
"2013-05-16 23:30:00+00:00","0.458","0.0","0.03394185"
"2013-05-17 00:00:00+00:00","0.657","0.0","0.03448305"
"2013-05-17 00:30:00+00:00","0.139","0.0","0.0325581"
"2013-05-17 01:00:00+00:00","0.122","0.0","0.032595"
"2013-05-17 01:30:00+00:00","0.059","0.0","0.0316848"
"2013-05-17 02:00:00+00:00","0.181","0.0","0.0288435"
"2013-05-17 02:30:00+00:00","0.095","0.0","0.02818545"
"2013-05-17 03:00:00+00:00","0.126","0.0","0.02761965"
"2013-05-17 03:30:00+00:00","0.101","0.0","0.02773035"
"2013-05-17 04:00:00+00:00","0.088","0.0","0.02785335"
"2013-05-17 04:30:00+00:00","0.099","0.0","0.0279579"
"2013-05-17 05:00:00+00:00","0.11","0.0","0.02800095"
"2013-05-17 05:30:00+00:00","0.059","0.0","0.0297045"
"2013-05-17 06:00:00+00:00","0.144","0.0","0.0308607"
"2013-05-17 06:30:00+00:00","0.088","0.0","0.0348705"
"2013-05-17 07:00:00+00:00","0.131","0.0","0.0381177"
"2013-05-17 07:30:00+00:00","0.135","0.081","0.03635265"
"2013-05-17 08:00:00+00:00","0.061","0.269","0.04011645"
"2013-05-17 08:30:00+00:00","0.349","0.4","0.0391755"
"2013-05-17 09:00:00+00:00","0.133","0.513","0.0356085"
"2013-05-17 09:30:00+00:00","0.228","0.6","0.03506115"
"2013-05-17 10:00:00+00:00","0.134","0.669","0.03508575"
"2013-05-17 10:30:00+00:00","0.264","0.719","0.0342063"
"2013-05-17 11:00:00+00:00","0.795","0.744","0.0343785"
"2013-05-17 11:30:00+00:00","0.393","0.775","0.0338373"
"2013-05-17 12:00:00+00:00","0.142","0.769","0.03465525"
"2013-05-17 12:30:00+00:00","0.194","0.756","0.0330255"
"2013-05-17 13:00:00+00:00","0.358","0.725","0.0326073"
"2013-05-17 13:30:00+00:00","0.138","0.681","0.03279795"
"2013-05-17 14:00:00+00:00","0.296","0.606","0.0326934"
"2013-05-17 14:30:00+00:00","0.167","0.544","0.03267495"
"2013-05-17 15:00:00+00:00","0.127","0.456","0.03210915"
"2013-05-17 15:30:00+00:00","0.504","0.35","0.03322845"
"2013-05-17 16:00:00+00:00","0.737","0.231","0.0341079"
"2013-05-17 16:30:00+00:00","0.786","0.075","0.03260115"
"2013-05-17 17:00:00+00:00","0.553","0.0","0.035055"
"2013-05-17 17:30:00+00:00","0.702","0.0","0.0366663"
"2013-05-17 18:00:00+00:00","0.568","0.006","0.06218265"
"2013-05-17 18:30:00+00:00","0.736","0.0","0.03417555"
"2013-05-17 19:00:00+00:00","0.515","0.0","0.03513495"
"2013-05-17 19:30:00+00:00","0.172","0.0","0.03432315"
"2013-05-17 20:00:00+00:00","0.39","0.0","0.03524565"
"2013-05-17 20:30:00+00:00","0.148","0.0","0.0341079"
"2013-05-17 21:00:00+00:00","0.313","0.0","0.0352395"
"2013-05-17 21:30:00+00:00","0.393","0.0","0.03413865"
"2013-05-17 22:00:00+00:00","0.162","0.0","0.03271185"
"2013-05-17 22:30:00+00:00","0.21","0.0","0.03791475"
"2013-05-17 23:00:00+00:00","0.098","0.0","0.03685695"
"2013-05-17 23:30:00+00:00","0.138","0.0","0.0427179"
"2013-05-18 00:00:00+00:00","0.104","0.0","0.03328995"
"2013-05-18 00:30:00+00:00","0.097","0.0","0.0330132"
"2013-05-18 01:00:00+00:00","0.119","0.0","0.03090375"
"2013-05-18 01:30:00+00:00","0.136","0.0","0.0317586"
"2013-05-18 02:00:00+00:00","0.055","0.0","0.02859135"
"2013-05-18 02:30:00+00:00","0.16","0.0","0.0281178"
"2013-05-18 03:00:00+00:00","0.112","0.0","0.02766885"
"2013-05-18 03:30:00+00:00","0.116","0.0","0.0278718"
"2013-05-18 04:00:00+00:00","0.094","0.0","0.0279579"
"2013-05-18 04:30:00+00:00","0.098","0.0","0.02795175"
"2013-05-18 05:00:00+00:00","0.089","0.0","0.0279456"
"2013-05-18 05:30:00+00:00","0.12","0.0","0.0279579"
"2013-05-18 06:00:00+00:00","0.056","0.0","0.02795175"
"2013-05-18 06:30:00+00:00","0.174","0.0","0.0279948"
"2013-05-18 07:00:00+00:00","0.289","0.0","0.0282408"
"2013-05-18 07:30:00+00:00","0.192","0.081","0.03078075"
"2013-05-18 08:00:00+00:00","0.126","0.269","0.0325335"
"2013-05-18 08:30:00+00:00","0.115","0.394","0.03271185"
"2013-05-18 09:00:00+00:00","0.182","0.506","0.0329763"
"2013-05-18 09:30:00+00:00","0.293","0.588","0.0353871"
"2013-05-18 10:00:00+00:00","0.259","0.656","0.0330009"
"2013-05-18 10:30:00+00:00","0.173","0.713","0.03308085"
"2013-05-18 11:00:00+00:00","0.18","0.744","0.03417555"
"2013-05-18 11:30:00+00:00","0.18","0.756","0.0324843"
"2013-05-18 12:00:00+00:00","0.099","0.763","0.0323613"
"2013-05-18 12:30:00+00:00","0.096","0.744","0.0315372"
"2013-05-18 13:00:00+00:00","0.282","0.706","0.0316602"
"2013-05-18 13:30:00+00:00","0.091","0.656","0.0312174"
"2013-05-18 14:00:00+00:00","0.112","0.569","0.0310206"
"2013-05-18 14:30:00+00:00","0.114","0.45","0.03098985"
"2013-05-18 15:00:00+00:00","0.166","0.413","0.03106365"
"2013-05-18 15:30:00+00:00","0.101","0.319","0.0317709"
"2013-05-18 16:00:00+00:00","0.15","0.2","0.032226"
"2013-05-18 16:30:00+00:00","0.072","0.075","0.0326811"
"2013-05-18 17:00:00+00:00","0.187","0.0","0.03550395"
"2013-05-18 17:30:00+00:00","0.272","0.0","0.03375735"
"2013-05-18 18:00:00+00:00","0.119","0.0","0.03605745"
"2013-05-18 18:30:00+00:00","0.217","0.0","0.03260115"
"2013-05-18 19:00:00+00:00","0.331","0.0","0.032349"
"2013-05-18 19:30:00+00:00","0.264","0.0","0.032595"
"2013-05-18 20:00:00+00:00","0.355","0.0","0.03252735"
"2013-05-18 20:30:00+00:00","0.433","0.0","0.0343047"
"2013-05-18 21:00:00+00:00","0.437","0.0","0.03230595"
"2013-05-18 21:30:00+00:00","0.148","0.0","0.03226905"
"2013-05-18 22:00:00+00:00","0.126","0.0","0.03234285"
"2013-05-18 22:30:00+00:00","0.987","0.0","0.03496275"
"2013-05-18 23:00:00+00:00","0.171","0.0","0.03229365"
"2013-05-18 23:30:00+00:00","0.09","0.0","0.0327795"
"2013-05-19 00:00:00+00:00","0.129","0.0","0.0328287"
"2013-05-19 00:30:00+00:00","0.09","0.0","0.03103905"
"2013-05-19 01:00:00+00:00","0.065","0.0","0.0318201"
"2013-05-19 01:30:00+00:00","0.16","0.0","0.03121125"
"2013-05-19 02:00:00+00:00","0.04","0.0","0.02828385"
"2013-05-19 02:30:00+00:00","0.14","0.0","0.02795175"
"2013-05-19 03:00:00+00:00","0.082","0.0","0.02795175"
"2013-05-19 03:30:00+00:00","0.11","0.0","0.0277365"
"2013-05-19 04:00:00+00:00","0.156","0.0","0.0273798"
"2013-05-19 04:30:00+00:00","0.075","0.0","0.0270723"
"2013-05-19 05:00:00+00:00","0.091","0.006","0.02749665"
"2013-05-19 05:30:00+00:00","0.102","0.0","0.02795175"
"2013-05-19 06:00:00+00:00","0.086","0.0","0.0276258"
"2013-05-19 06:30:00+00:00","0.306","0.0","0.02796405"
"2013-05-19 07:00:00+00:00","0.189","0.0","0.0279087"
"2013-05-19 07:30:00+00:00","0.061","0.063","0.02813625"
"2013-05-19 08:00:00+00:00","0.175","0.231","0.03055935"
"2013-05-19 08:30:00+00:00","0.173","0.4","0.032349"
"2013-05-19 09:00:00+00:00","0.17","0.506","0.03266265"
"2013-05-19 09:30:00+00:00","0.17","0.594","0.03260115"
"2013-05-19 10:00:00+00:00","0.138","0.663","0.0325581"
"2013-05-19 10:30:00+00:00","0.219","0.713","0.0319923"
"2013-05-19 11:00:00+00:00","0.103","0.744","0.03011655"
"2013-05-19 11:30:00+00:00","0.13","0.763","0.0301104"
"2013-05-19 12:00:00+00:00","0.101","0.756","0.0296799"
"2013-05-19 12:30:00+00:00","0.139","0.75","0.02953845"
"2013-05-19 13:00:00+00:00","0.126","0.713","0.0290649"
"2013-05-19 13:30:00+00:00","0.096","0.675","0.02846835"
"2013-05-19 14:00:00+00:00","0.108","0.613","0.0289542"
"2013-05-19 14:30:00+00:00","0.092","0.531","0.02904645"
"2013-05-19 15:00:00+00:00","0.126","0.45","0.0301842"
"2013-05-19 15:30:00+00:00","0.08","0.344","0.0304548"
"2013-05-19 16:00:00+00:00","0.143","0.219","0.03107595"
"2013-05-19 16:30:00+00:00","0.354","0.088","0.0321522"
"2013-05-19 17:00:00+00:00","0.076","0.0","0.03196155"
"2013-05-19 17:30:00+00:00","0.199","0.0","0.0355593"
"2013-05-19 18:00:00+00:00","0.119","0.0","0.0441939"
"2013-05-19 18:30:00+00:00","0.207","0.0","0.03679545"
"2013-05-19 19:00:00+00:00","0.204","0.0","0.0354609"
"2013-05-19 19:30:00+00:00","0.372","0.0","0.03472905"
"2013-05-19 20:00:00+00:00","1.069","0.0","0.0345015"
"2013-05-19 20:30:00+00:00","0.96","0.0","0.0353625"
"2013-05-19 21:00:00+00:00","0.473","0.0","0.0325458"
"2013-05-19 21:30:00+00:00","0.527","0.0","0.03226905"
"2013-05-19 22:00:00+00:00","0.117","0.0","0.0310083"
"2013-05-19 22:30:00+00:00","0.14","0.0","0.03360975"
"2013-05-19 23:00:00+00:00","0.117","0.0","0.03258885"
"2013-05-19 23:30:00+00:00","0.091","0.0","0.03213375"
"2013-05-20 00:00:00+00:00","0.144","0.0","0.03214605"
"2013-05-20 00:30:00+00:00","0.092","0.0","0.03226905"
"2013-05-20 01:00:00+00:00","0.15","0.0","0.0325089"
"2013-05-20 01:30:00+00:00","0.123","0.0","0.0289542"
"2013-05-20 02:00:00+00:00","0.08","0.0","0.0277365"
"2013-05-20 02:30:00+00:00","0.09","0.0","0.02773035"
"2013-05-20 03:00:00+00:00","0.117","0.0","0.02765655"
"2013-05-20 03:30:00+00:00","0.049","0.0","0.02745975"
"2013-05-20 04:00:00+00:00","0.156","0.0","0.0278103"
"2013-05-20 04:30:00+00:00","0.045","0.0","0.0273552"
"2013-05-20 05:00:00+00:00","0.111","0.0","0.0279579"
"2013-05-20 05:30:00+00:00","0.102","0.0","0.0289788"
"2013-05-20 06:00:00+00:00","0.112","0.0","0.03142035"
"2013-05-20 06:30:00+00:00","0.111","0.0","0.0351042"
"2013-05-20 07:00:00+00:00","0.223","0.0","0.03860355"
"2013-05-20 07:30:00+00:00","0.147","0.044","0.0403071"
"2013-05-20 08:00:00+00:00","0.222","0.156","0.0414141"
"2013-05-20 08:30:00+00:00","0.091","0.356","0.04224435"
"2013-05-20 09:00:00+00:00","0.47","0.469","0.03629115"
"2013-05-20 09:30:00+00:00","0.164","0.606","0.0371337"
"2013-05-20 10:00:00+00:00","0.619","0.525","0.03486435"
"2013-05-20 10:30:00+00:00","0.733","0.588","0.03557775"
"2013-05-20 11:00:00+00:00","0.499","0.694","0.03506115"
"2013-05-20 11:30:00+00:00","0.205","0.756","0.0340464"
"2013-05-20 12:00:00+00:00","0.17","0.763","0.0346491"
"2013-05-20 12:30:00+00:00","0.145","0.744","0.03570075"
"2013-05-20 13:00:00+00:00","0.124","0.713","0.03476595"
"2013-05-20 13:30:00+00:00","0.108","0.663","0.03503655"
"2013-05-20 14:00:00+00:00","0.099","0.594","0.0336405"
"2013-05-20 14:30:00+00:00","0.18","0.45","0.0336405"
"2013-05-20 15:00:00+00:00","0.126","0.156","0.0324597"
"2013-05-20 15:30:00+00:00","0.106","0.338","0.03299475"
"2013-05-20 16:00:00+00:00","0.16","0.156","0.03342525"
"2013-05-20 16:30:00+00:00","0.223","0.075","0.0354978"
"2013-05-20 17:00:00+00:00","0.203","0.0","0.0380562"
"2013-05-20 17:30:00+00:00","0.581","0.0","0.03662325"
"2013-05-20 18:00:00+00:00","0.979","0.0","0.05444595"
"2013-05-20 18:30:00+00:00","1.028","0.0","0.03538095"
"2013-05-20 19:00:00+00:00","0.415","0.0","0.03469215"
"2013-05-20 19:30:00+00:00","0.291","0.0","0.03477825"
"2013-05-20 20:00:00+00:00","0.452","0.0","0.03423705"
"2013-05-20 20:30:00+00:00","1.2","0.0","0.03595905"
"2013-05-20 21:00:00+00:00","0.552","0.0","0.0340833"
"2013-05-20 21:30:00+00:00","1.0","0.0","0.03269955"
"2013-05-20 22:00:00+00:00","0.94","0.0","0.0310821"
"2013-05-20 22:30:00+00:00","0.938","0.0","0.0339726"
"2013-05-20 23:00:00+00:00","1.02","0.0","0.03268725"
"2013-05-20 23:30:00+00:00","1.432","0.0","0.0337635"
"2013-05-21 00:00:00+00:00","0.806","0.0","0.0343293"
"2013-05-21 00:30:00+00:00","0.157","0.0","0.03245355"
"2013-05-21 01:00:00+00:00","0.126","0.0","0.032595"
"2013-05-21 01:30:00+00:00","0.122","0.0","0.0307869"
"2013-05-21 02:00:00+00:00","0.063","0.0","0.0288558"
"2013-05-21 02:30:00+00:00","0.173","0.0","0.02802555"
"2013-05-21 03:00:00+00:00","0.055","0.0","0.02795175"
"2013-05-21 03:30:00+00:00","0.164","0.0","0.02795175"
"2013-05-21 04:00:00+00:00","0.136","0.0","0.02796405"
"2013-05-21 04:30:00+00:00","0.096","0.0","0.0279087"
"2013-05-21 05:00:00+00:00","0.151","0.0","0.0279702"
"2013-05-21 05:30:00+00:00","0.088","0.0","0.0296553"
"2013-05-21 06:00:00+00:00","0.135","0.0","0.03150645"
"2013-05-21 06:30:00+00:00","0.117","0.0","0.03718905"
"2013-05-21 07:00:00+00:00","0.237","0.0","0.05242875"
"2013-05-21 07:30:00+00:00","0.105","0.081","0.03707835"
"2013-05-21 08:00:00+00:00","0.192","0.256","0.04336365"
"2013-05-21 08:30:00+00:00","0.194","0.381","0.0402333"
"2013-05-21 09:00:00+00:00","0.381","0.481","0.03512265"
"2013-05-21 09:30:00+00:00","0.175","0.519","0.03384345"
"2013-05-21 10:00:00+00:00","0.094","0.331","0.0348705"
"2013-05-21 10:30:00+00:00","0.137","0.575","0.03616815"
"2013-05-21 11:00:00+00:00","0.057","0.656","0.03067005"
"2013-05-21 11:30:00+00:00","0.143","0.6","0.03477825"
"2013-05-21 12:00:00+00:00","0.128","0.7","0.03277335"
"2013-05-21 12:30:00+00:00","0.125","0.725","0.0332715"
"2013-05-21 13:00:00+00:00","0.622","0.675","0.0330009"
"2013-05-21 13:30:00+00:00","0.251","0.575","0.03192465"
"2013-05-21 14:00:00+00:00","0.092","0.525","0.03242895"
"2013-05-21 14:30:00+00:00","0.157","0.363","0.03343755"
"2013-05-21 15:00:00+00:00","0.068","0.363","0.03256425"
"2013-05-21 15:30:00+00:00","0.129","0.388","0.03244125"
"2013-05-21 16:00:00+00:00","0.4","0.156","0.03299475"
"2013-05-21 16:30:00+00:00","0.113","0.025","0.03454455"
"2013-05-21 17:00:00+00:00","0.341","0.0","0.03775485"
"2013-05-21 17:30:00+00:00","0.158","0.0","0.0396183"
"2013-05-21 18:00:00+00:00","0.187","0.0","0.06175215"
"2013-05-21 18:30:00+00:00","0.311","0.0","0.0601224"
"2013-05-21 19:00:00+00:00","0.434","0.0","0.0503685"
"2013-05-21 19:30:00+00:00","0.994","0.0","0.0373674"
"2013-05-21 20:00:00+00:00","1.001","0.0","0.0360021"
"2013-05-21 20:30:00+00:00","1.015","0.0","0.0423735"
"2013-05-21 21:00:00+00:00","0.741","0.0","0.0346983"
"2013-05-21 21:30:00+00:00","0.19","0.0","0.03380655"
"2013-05-21 22:00:00+00:00","0.09","0.0","0.03096525"
"2013-05-21 22:30:00+00:00","0.116","0.0","0.03697995"
"2013-05-21 23:00:00+00:00","0.148","0.0","0.03571305"
"2013-05-21 23:30:00+00:00","0.744","0.0","0.03582375"
"2013-05-22 00:00:00+00:00","0.407","0.0","0.0359898"
"2013-05-22 00:30:00+00:00","0.119","0.0","0.03423705"
"2013-05-22 01:00:00+00:00","0.113","0.0","0.0337758"
"2013-05-22 01:30:00+00:00","0.106","0.0","0.03357285"
"2013-05-22 02:00:00+00:00","0.103","0.0","0.03165405"
"2013-05-22 02:30:00+00:00","0.079","0.0","0.0308238"
"2013-05-22 03:00:00+00:00","0.134","0.0","0.0288066"
"2013-05-22 03:30:00+00:00","0.065","0.0","0.02798865"
"2013-05-22 04:00:00+00:00","0.115","0.0","0.02786565"
"2013-05-22 04:30:00+00:00","0.145","0.0","0.02796405"
"2013-05-22 05:00:00+00:00","0.079","0.0","0.02845605"
"2013-05-22 05:30:00+00:00","0.207","0.0","0.03057165"
"2013-05-22 06:00:00+00:00","0.108","0.0","0.0305901"
"2013-05-22 06:30:00+00:00","0.127","0.0","0.0446982"
"2013-05-22 07:00:00+00:00","0.118","0.0","0.10052175"
"2013-05-22 07:30:00+00:00","0.101","0.013","0.0390525"
"2013-05-22 08:00:00+00:00","0.206","0.031","0.0597534"
"2013-05-22 08:30:00+00:00","0.405","0.056","0.04866495"
"2013-05-22 09:00:00+00:00","0.132","0.1","0.0368139"
"2013-05-22 09:30:00+00:00","0.274","0.225","0.04146945"
"2013-05-22 10:00:00+00:00","0.121","0.431","0.03707835"
"2013-05-22 10:30:00+00:00","0.19","0.375","0.0350919"
"2013-05-22 11:00:00+00:00","0.171","0.338","0.0352764"
"2013-05-22 11:30:00+00:00","0.166","0.219","0.034932"
"2013-05-22 12:00:00+00:00","0.166","0.188","0.03645105"
"2013-05-22 12:30:00+00:00","0.132","0.181","0.03680775"
"2013-05-22 13:00:00+00:00","0.119","0.094","0.03672165"
"2013-05-22 13:30:00+00:00","0.162","0.044","0.03520875"
"2013-05-22 14:00:00+00:00","0.107","0.088","0.03686925"
"2013-05-22 14:30:00+00:00","0.099","0.1","0.03764415"
"2013-05-22 15:00:00+00:00","0.232","0.05","0.0378348"
"2013-05-22 15:30:00+00:00","0.11","0.025","0.03813"
"2013-05-22 16:00:00+00:00","0.218","0.006","0.03829605"
"2013-05-22 16:30:00+00:00","0.163","0.0","0.0381546"
"2013-05-22 17:00:00+00:00","0.087","0.0","0.0374412"
"2013-05-22 17:30:00+00:00","0.2","0.0","0.0504054"
"2013-05-22 18:00:00+00:00","0.093","0.0","0.08022675"
"2013-05-22 18:30:00+00:00","0.136","0.0","0.0558051"
"2013-05-22 19:00:00+00:00","0.135","0.0","0.04541775"
"2013-05-22 19:30:00+00:00","0.104","0.0","0.0339111"
"2013-05-22 20:00:00+00:00","0.285","0.0","0.0334068"
"2013-05-22 20:30:00+00:00","0.503","0.0","0.03860355"
"2013-05-22 21:00:00+00:00","0.2","0.0","0.0347229"
"2013-05-22 21:30:00+00:00","0.162","0.0","0.03295785"
"2013-05-22 22:00:00+00:00","0.17","0.0","0.0324597"
"2013-05-22 22:30:00+00:00","0.119","0.0","0.04384335"
"2013-05-22 23:00:00+00:00","0.194","0.0","0.0351903"
"2013-05-22 23:30:00+00:00","0.065","0.0","0.0359898"
"2013-05-23 00:00:00+00:00","0.156","0.0","0.03437235"
"2013-05-23 00:30:00+00:00","0.091","0.0","0.0331239"
"2013-05-23 01:00:00+00:00","0.083","0.0","0.0324843"
"2013-05-23 01:30:00+00:00","0.138","0.0","0.03236745"
"2013-05-23 02:00:00+00:00","0.078","0.0","0.03074385"
"2013-05-23 02:30:00+00:00","0.147","0.0","0.0280194"
"2013-05-23 03:00:00+00:00","0.143","0.0","0.0277119"
"2013-05-23 03:30:00+00:00","0.1","0.0","0.0279456"
"2013-05-23 04:00:00+00:00","0.104","0.0","0.02795175"
"2013-05-23 04:30:00+00:00","0.131","0.0","0.0279579"
"2013-05-23 05:00:00+00:00","0.063","0.0","0.02797635"
"2013-05-23 05:30:00+00:00","0.14","0.0","0.0277734"
"2013-05-23 06:00:00+00:00","0.334","0.0","0.02771805"
"2013-05-23 06:30:00+00:00","0.107","0.0","0.03321"
"2013-05-23 07:00:00+00:00","0.229","0.0","0.04039935"
"2013-05-23 07:30:00+00:00","0.137","0.0","0.03279795"
"2013-05-23 08:00:00+00:00","0.165","0.006","0.03941535"
"2013-05-23 08:30:00+00:00","0.365","0.025","0.0335175"
"2013-05-23 09:00:00+00:00","0.289","0.1","0.0317955"
"2013-05-23 09:30:00+00:00","0.898","0.088","0.0307746"
"2013-05-23 10:00:00+00:00","0.124","0.125","0.0306024"
"2013-05-23 10:30:00+00:00","0.08","0.131","0.0307377"
"2013-05-23 11:00:00+00:00","0.136","0.263","0.03128505"
"2013-05-23 11:30:00+00:00","0.079","0.3","0.03233055"
"2013-05-23 12:00:00+00:00","0.687","0.188","0.0322752"
"2013-05-23 12:30:00+00:00","1.48","0.138","0.0328656"
"2013-05-23 13:00:00+00:00","1.093","0.338","0.03384345"
"2013-05-23 13:30:00+00:00","0.751","0.319","0.0353994"
"2013-05-23 14:00:00+00:00","0.094","0.038","0.03267495"
"2013-05-23 14:30:00+00:00","0.136","0.025","0.0350181"
"2013-05-23 15:00:00+00:00","0.115","0.0","0.0341817"
"2013-05-23 15:30:00+00:00","0.105","0.0","0.0348582"
"2013-05-23 16:00:00+00:00","0.118","0.0","0.0332223"
"2013-05-23 16:30:00+00:00","0.367","0.0","0.03347445"
"2013-05-23 17:00:00+00:00","1.181","0.0","0.0345507"
"2013-05-23 17:30:00+00:00","1.282","0.0","0.03295785"
"2013-05-23 18:00:00+00:00","1.531","0.0","0.04652475"
"2013-05-23 18:30:00+00:00","1.52","0.0","0.0326565"
"2013-05-23 19:00:00+00:00","1.468","0.0","0.0325581"
"2013-05-23 19:30:00+00:00","1.055","0.0","0.03353595"
"2013-05-23 20:00:00+00:00","0.203","0.0","0.03512265"
"2013-05-23 20:30:00+00:00","0.168","0.0","0.04224435"
"2013-05-23 21:00:00+00:00","0.116","0.0","0.0353379"
"2013-05-23 21:30:00+00:00","0.19","0.0","0.03239205"
"2013-05-23 22:00:00+00:00","0.091","0.0","0.0301965"
"2013-05-23 22:30:00+00:00","0.135","0.006","0.0519183"
"2013-05-23 23:00:00+00:00","0.125","0.0","0.03557775"
"2013-05-23 23:30:00+00:00","0.099","0.0","0.0343047"
"2013-05-24 00:00:00+00:00","0.096","0.0","0.0356946"
"2013-05-24 00:30:00+00:00","0.113","0.0","0.03474135"
"2013-05-24 01:00:00+00:00","0.075","0.0","0.0342063"
"2013-05-24 01:30:00+00:00","0.255","0.0","0.03230595"
"2013-05-24 02:00:00+00:00","0.085","0.0","0.0321276"
"2013-05-24 02:30:00+00:00","0.099","0.0","0.03116205"
"2013-05-24 03:00:00+00:00","0.134","0.0","0.0269985"
"2013-05-24 03:30:00+00:00","0.052","0.0","0.02773035"
"2013-05-24 04:00:00+00:00","0.152","0.0","0.02795175"
"2013-05-24 04:30:00+00:00","0.091","0.0","0.0279579"
"2013-05-24 05:00:00+00:00","0.102","0.0","0.0286836"
"2013-05-24 05:30:00+00:00","0.132","0.0","0.02980905"
"2013-05-24 06:00:00+00:00","0.154","0.0","0.02916945"
"2013-05-24 06:30:00+00:00","0.098","0.0","0.0363096"
"2013-05-24 07:00:00+00:00","0.143","0.0","0.0380439"
"2013-05-24 07:30:00+00:00","0.156","0.0","0.03496275"
"2013-05-24 08:00:00+00:00","0.144","0.056","0.058794"
"2013-05-24 08:30:00+00:00","0.127","0.288","0.0399504"
"2013-05-24 09:00:00+00:00","0.231","0.444","0.04720125"
"2013-05-24 09:30:00+00:00","0.228","0.481","0.04096515"
"2013-05-24 10:00:00+00:00","0.143","0.65","0.0353256"
"2013-05-24 10:30:00+00:00","0.207","0.7","0.03621735"
"2013-05-24 11:00:00+00:00","0.145","0.475","0.03586065"
"2013-05-24 11:30:00+00:00","0.074","0.363","0.03513495"
"2013-05-24 12:00:00+00:00","0.139","0.269","0.03784095"
"2013-05-24 12:30:00+00:00","0.119","0.169","0.03645105"
"2013-05-24 13:00:00+00:00","0.251","0.375","0.03320385"
"2013-05-24 13:30:00+00:00","0.243","0.338","0.03427395"
"2013-05-24 14:00:00+00:00","0.105","0.325","0.03426165"
"2013-05-24 14:30:00+00:00","0.21","0.456","0.03567"
"2013-05-24 15:00:00+00:00","0.136","0.244","0.03533175"
"2013-05-24 15:30:00+00:00","0.081","0.169","0.03464295"
"2013-05-24 16:00:00+00:00","0.139","0.038","0.0350181"
"2013-05-24 16:30:00+00:00","0.111","0.013","0.03733665"
"2013-05-24 17:00:00+00:00","0.3","0.0","0.0430131"
"2013-05-24 17:30:00+00:00","0.189","0.0","0.0731358"
"2013-05-24 18:00:00+00:00","0.789","0.0","0.07691805"
"2013-05-24 18:30:00+00:00","0.659","0.0","0.050676"
"2013-05-24 19:00:00+00:00","0.646","0.0","0.0466785"
"2013-05-24 19:30:00+00:00","0.863","0.0","0.03362205"
"2013-05-24 20:00:00+00:00","0.294","0.0","0.03658635"
"2013-05-24 20:30:00+00:00","0.204","0.0","0.03827145"
"2013-05-24 21:00:00+00:00","0.168","0.0","0.03402795"
"2013-05-24 21:30:00+00:00","0.217","0.0","0.0321768"
"2013-05-24 22:00:00+00:00","0.176","0.0","0.03242895"
"2013-05-24 22:30:00+00:00","0.1","0.0","0.03773025"
"2013-05-24 23:00:00+00:00","0.228","0.0","0.0338373"
"2013-05-24 23:30:00+00:00","0.108","0.0","0.0349689"
"2013-05-25 00:00:00+00:00","0.121","0.0","0.0329763"
"2013-05-25 00:30:00+00:00","0.126","0.0","0.0324843"
"2013-05-25 01:00:00+00:00","0.078","0.0","0.03258885"
"2013-05-25 01:30:00+00:00","0.135","0.0","0.0324474"
"2013-05-25 02:00:00+00:00","0.104","0.0","0.03186315"
"2013-05-25 02:30:00+00:00","0.093","0.0","0.0291387"
"2013-05-25 03:00:00+00:00","0.14","0.0","0.0279948"
"2013-05-25 03:30:00+00:00","0.156","0.0","0.02795175"
"2013-05-25 04:00:00+00:00","0.081","0.0","0.0279456"
"2013-05-25 04:30:00+00:00","0.153","0.0","0.0283023"
"2013-05-25 05:00:00+00:00","0.05","0.0","0.02877585"
"2013-05-25 05:30:00+00:00","0.155","0.0","0.02999355"
"2013-05-25 06:00:00+00:00","0.09","0.0","0.0280071"
"2013-05-25 06:30:00+00:00","0.099","0.0","0.02838225"
"2013-05-25 07:00:00+00:00","0.175","0.0","0.0279333"
"2013-05-25 07:30:00+00:00","0.263","0.038","0.02963685"
"2013-05-25 08:00:00+00:00","0.153","0.138","0.0310452"
"2013-05-25 08:30:00+00:00","0.299","0.119","0.03153105"
"2013-05-25 09:00:00+00:00","0.274","0.275","0.0327672"
"2013-05-25 09:30:00+00:00","0.301","0.381","0.034686"
"2013-05-25 10:00:00+00:00","0.113","0.631","0.0324597"
"2013-05-25 10:30:00+00:00","0.09","0.669","0.0321522"
"2013-05-25 11:00:00+00:00","0.155","0.419","0.03182625"
"2013-05-25 11:30:00+00:00","0.044","0.294","0.03196155"
"2013-05-25 12:00:00+00:00","0.192","0.6","0.03035025"
"2013-05-25 12:30:00+00:00","0.131","0.463","0.02903415"
"2013-05-25 13:00:00+00:00","0.094","0.694","0.02919405"
"2013-05-25 13:30:00+00:00","0.137","0.656","0.02951385"
"2013-05-25 14:00:00+00:00","0.104","0.6","0.0292617"
"2013-05-25 14:30:00+00:00","0.111","0.525","0.02918175"
"2013-05-25 15:00:00+00:00","0.124","0.425","0.0278718"
"2013-05-25 15:30:00+00:00","0.12","0.288","0.0287205"
"2013-05-25 16:00:00+00:00","0.139","0.163","0.0302457"
"2013-05-25 16:30:00+00:00","0.164","0.063","0.03065775"
"2013-05-25 17:00:00+00:00","0.086","0.0","0.0326688"
"2013-05-25 17:30:00+00:00","0.243","0.0","0.03667245"
"2013-05-25 18:00:00+00:00","0.369","0.0","0.0415371"
"2013-05-25 18:30:00+00:00","0.183","0.0","0.03512265"
"2013-05-25 19:00:00+00:00","0.253","0.0","0.03191235"
"2013-05-25 19:30:00+00:00","0.26","0.0","0.0312789"
"2013-05-25 20:00:00+00:00","0.183","0.0","0.03220755"
"2013-05-25 20:30:00+00:00","0.207","0.0","0.03188775"
"2013-05-25 21:00:00+00:00","0.192","0.0","0.03221985"
"2013-05-25 21:30:00+00:00","0.194","0.0","0.03221985"
"2013-05-25 22:00:00+00:00","0.143","0.0","0.03197385"
"2013-05-25 22:30:00+00:00","0.21","0.0","0.0338127"
"2013-05-25 23:00:00+00:00","0.134","0.0","0.03183855"
"2013-05-25 23:30:00+00:00","0.136","0.0","0.0324351"
"2013-05-26 00:00:00+00:00","0.1","0.0","0.0315987"
"2013-05-26 00:30:00+00:00","0.162","0.0","0.0307746"
"2013-05-26 01:00:00+00:00","0.95","0.0","0.0312666"
"2013-05-26 01:30:00+00:00","0.107","0.0","0.0310083"
"2013-05-26 02:00:00+00:00","0.11","0.0","0.0292248"
"2013-05-26 02:30:00+00:00","0.097","0.0","0.0279579"
"2013-05-26 03:00:00+00:00","0.162","0.0","0.0278841"
"2013-05-26 03:30:00+00:00","0.055","0.0","0.02774265"
"2013-05-26 04:00:00+00:00","0.119","0.0","0.02793945"
"2013-05-26 04:30:00+00:00","0.094","0.0","0.02795175"
"2013-05-26 05:00:00+00:00","0.079","0.0","0.02774265"
"2013-05-26 05:30:00+00:00","0.11","0.006","0.02795175"
"2013-05-26 06:00:00+00:00","0.092","0.0","0.0276504"
"2013-05-26 06:30:00+00:00","0.313","0.0","0.0279087"
"2013-05-26 07:00:00+00:00","0.186","0.0","0.02793945"
"2013-05-26 07:30:00+00:00","0.093","0.044","0.02796405"
"2013-05-26 08:00:00+00:00","0.3","0.206","0.02838225"
"2013-05-26 08:30:00+00:00","0.3","0.388","0.03075615"
"2013-05-26 09:00:00+00:00","0.624","0.494","0.0315987"
"2013-05-26 09:30:00+00:00","0.188","0.575","0.03182625"
"2013-05-26 10:00:00+00:00","0.094","0.638","0.0315495"
"2013-05-26 10:30:00+00:00","0.168","0.694","0.0311313"
"2013-05-26 11:00:00+00:00","0.137","0.719","0.03080535"
"2013-05-26 11:30:00+00:00","0.106","0.725","0.03052245"
"2013-05-26 12:00:00+00:00","0.114","0.731","0.02964915"
"2013-05-26 12:30:00+00:00","0.135","0.719","0.02920635"
"2013-05-26 13:00:00+00:00","0.085","0.694","0.02937855"
"2013-05-26 13:30:00+00:00","0.194","0.65","0.02971065"
"2013-05-26 14:00:00+00:00","0.098","0.588","0.02962455"
"2013-05-26 14:30:00+00:00","0.127","0.525","0.0284868"
"2013-05-26 15:00:00+00:00","0.151","0.431","0.02952"
"2013-05-26 15:30:00+00:00","0.063","0.325","0.02972295"
"2013-05-26 16:00:00+00:00","0.162","0.213","0.0311436"
"2013-05-26 16:30:00+00:00","0.094","0.069","0.03207225"
"2013-05-26 17:00:00+00:00","0.171","0.0","0.03376965"
"2013-05-26 17:30:00+00:00","0.445","0.0","0.04534395"
"2013-05-26 18:00:00+00:00","0.127","0.0","0.03511035"
"2013-05-26 18:30:00+00:00","0.218","0.0","0.036777"
"2013-05-26 19:00:00+00:00","0.223","0.0","0.03389265"
"2013-05-26 19:30:00+00:00","0.222","0.0","0.03354825"
"2013-05-26 20:00:00+00:00","0.199","0.0","0.0322629"
"2013-05-26 20:30:00+00:00","0.166","0.0","0.0333576"
"2013-05-26 21:00:00+00:00","0.201","0.0","0.0318939"
"2013-05-26 21:30:00+00:00","0.163","0.0","0.0318693"
"2013-05-26 22:00:00+00:00","0.133","0.0","0.03073155"
"2013-05-26 22:30:00+00:00","0.1","0.0","0.0331116"
"2013-05-26 23:00:00+00:00","0.153","0.0","0.0319554"
"2013-05-26 23:30:00+00:00","0.07","0.0","0.03335145"
"2013-05-27 00:00:00+00:00","0.14","0.0","0.031365"
"2013-05-27 00:30:00+00:00","0.095","0.0","0.0306516"
"2013-05-27 01:00:00+00:00","0.093","0.0","0.03162945"
"2013-05-27 01:30:00+00:00","0.176","0.0","0.0323244"
"2013-05-27 02:00:00+00:00","0.055","0.0","0.0302703"
"2013-05-27 02:30:00+00:00","0.135","0.0","0.02966145"
"2013-05-27 03:00:00+00:00","0.075","0.0","0.02866515"
"2013-05-27 03:30:00+00:00","0.095","0.0","0.02905875"
"2013-05-27 04:00:00+00:00","0.102","0.0","0.0279579"
"2013-05-27 04:30:00+00:00","0.137","0.0","0.02777955"
"2013-05-27 05:00:00+00:00","0.086","0.0","0.02910795"
"2013-05-27 05:30:00+00:00","0.34","0.0","0.03118665"
"2013-05-27 06:00:00+00:00","0.163","0.0","0.03653715"
"2013-05-27 06:30:00+00:00","0.125","0.0","0.04432305"
"2013-05-27 07:00:00+00:00","0.281","0.0","0.04472895"
"2013-05-27 07:30:00+00:00","0.796","0.006","0.0333084"
"2013-05-27 08:00:00+00:00","0.907","0.013","0.0390894"
"2013-05-27 08:30:00+00:00","0.125","0.031","0.0399135"
"2013-05-27 09:00:00+00:00","0.127","0.094","0.03812385"
"2013-05-27 09:30:00+00:00","0.095","0.05","0.03666015"
"2013-05-27 10:00:00+00:00","0.088","0.056","0.03294555"
"2013-05-27 10:30:00+00:00","0.153","0.106","0.033825"
"2013-05-27 11:00:00+00:00","0.124","0.119","0.03217065"
"2013-05-27 11:30:00+00:00","0.15","0.225","0.0323121"
"2013-05-27 12:00:00+00:00","0.114","0.175","0.0328533"
"2013-05-27 12:30:00+00:00","0.093","0.144","0.03245355"
"2013-05-27 13:00:00+00:00","0.108","0.256","0.03260115"
"2013-05-27 13:30:00+00:00","0.136","0.331","0.0331731"
"2013-05-27 14:00:00+00:00","0.059","0.35","0.03208455"
"2013-05-27 14:30:00+00:00","0.172","0.263","0.03110055"
"2013-05-27 15:00:00+00:00","0.313","0.406","0.0318693"
"2013-05-27 15:30:00+00:00","0.176","0.125","0.0315249"
"2013-05-27 16:00:00+00:00","0.204","0.05","0.033825"
"2013-05-27 16:30:00+00:00","0.204","0.019","0.03025185"
"2013-05-27 17:00:00+00:00","0.282","0.0","0.0340095"
"2013-05-27 17:30:00+00:00","0.38","0.0","0.03492585"
"2013-05-27 18:00:00+00:00","0.741","0.0","0.0518568"
"2013-05-27 18:30:00+00:00","0.726","0.0","0.03913245"
"2013-05-27 19:00:00+00:00","0.696","0.0","0.03812385"
"2013-05-27 19:30:00+00:00","0.72","0.0","0.03603285"
"2013-05-27 20:00:00+00:00","0.718","0.0","0.03428625"
"2013-05-27 20:30:00+00:00","1.342","0.0","0.0345876"
"2013-05-27 21:00:00+00:00","0.548","0.0","0.03220755"
"2013-05-27 21:30:00+00:00","0.262","0.0","0.0318078"
"2013-05-27 22:00:00+00:00","0.084","0.0","0.03078075"
"2013-05-27 22:30:00+00:00","0.176","0.0","0.044649"
"2013-05-27 23:00:00+00:00","0.087","0.0","0.0345876"
"2013-05-27 23:30:00+00:00","0.188","0.0","0.0329271"
"2013-05-28 00:00:00+00:00","0.099","0.0","0.03256425"
"2013-05-28 00:30:00+00:00","0.094","0.0","0.03381885"
"2013-05-28 01:00:00+00:00","0.12","0.0","0.032595"
"2013-05-28 01:30:00+00:00","0.111","0.0","0.03261345"
"2013-05-28 02:00:00+00:00","0.08","0.0","0.03271185"
"2013-05-28 02:30:00+00:00","0.159","0.0","0.03137115"
"2013-05-28 03:00:00+00:00","0.051","0.0","0.0299013"
"2013-05-28 03:30:00+00:00","0.187","0.0","0.0288189"
"2013-05-28 04:00:00+00:00","0.097","0.0","0.02802555"
"2013-05-28 04:30:00+00:00","0.089","0.0","0.0309099"
"2013-05-28 05:00:00+00:00","0.132","0.0","0.03119895"
"2013-05-28 05:30:00+00:00","0.076","0.0","0.0321399"
"2013-05-28 06:00:00+00:00","0.133","0.0","0.03266265"
"2013-05-28 06:30:00+00:00","0.318","0.0","0.0345999"
"2013-05-28 07:00:00+00:00","0.097","0.0","0.03525795"
"2013-05-28 07:30:00+00:00","0.161","0.013","0.03317925"
"2013-05-28 08:00:00+00:00","0.145","0.031","0.03566385"
"2013-05-28 08:30:00+00:00","0.159","0.025","0.03493815"
"2013-05-28 09:00:00+00:00","0.226","0.106","0.03379425"
"2013-05-28 09:30:00+00:00","0.239","0.438","0.03506115"
"2013-05-28 10:00:00+00:00","0.277","0.319","0.035178"
"2013-05-28 10:30:00+00:00","0.109","0.375","0.03490125"
"2013-05-28 11:00:00+00:00","0.157","0.375","0.03429855"
"2013-05-28 11:30:00+00:00","0.147","0.275","0.03260115"
"2013-05-28 12:00:00+00:00","0.149","0.106","0.0328041"
"2013-05-28 12:30:00+00:00","0.082","0.225","0.03423705"
"2013-05-28 13:00:00+00:00","0.141","0.3","0.03411405"
"2013-05-28 13:30:00+00:00","0.054","0.3","0.03341295"
"2013-05-28 14:00:00+00:00","0.152","0.431","0.03305625"
"2013-05-28 14:30:00+00:00","0.073","0.306","0.0324105"
"2013-05-28 15:00:00+00:00","0.108","0.231","0.0322752"
"2013-05-28 15:30:00+00:00","0.138","0.088","0.03236745"
"2013-05-28 16:00:00+00:00","0.129","0.044","0.0344769"
"2013-05-28 16:30:00+00:00","0.325","0.013","0.0345015"
"2013-05-28 17:00:00+00:00","0.199","0.0","0.0356085"
"2013-05-28 17:30:00+00:00","0.567","0.0","0.03615585"
"2013-05-28 18:00:00+00:00","0.746","0.0","0.03479055"
"2013-05-28 18:30:00+00:00","0.767","0.0","0.03412635"
"2013-05-28 19:00:00+00:00","0.684","0.0","0.0349566"
"2013-05-28 19:30:00+00:00","0.715","0.0","0.03497505"
"2013-05-28 20:00:00+00:00","0.749","0.0","0.03827145"
"2013-05-28 20:30:00+00:00","0.691","0.0","0.035055"
"2013-05-28 21:00:00+00:00","0.728","0.0","0.03201075"
"2013-05-28 21:30:00+00:00","0.537","0.0","0.03042405"
"2013-05-28 22:00:00+00:00","0.162","0.0","0.02923095"
"2013-05-28 22:30:00+00:00","0.139","0.0","0.03508575"
"2013-05-28 23:00:00+00:00","0.075","0.0","0.03212145"
"2013-05-28 23:30:00+00:00","1.115","0.0","0.03375735"
"2013-05-29 00:00:00+00:00","0.098","0.0","0.0340833"
"2013-05-29 00:30:00+00:00","0.11","0.0","0.032226"
"2013-05-29 01:00:00+00:00","0.114","0.0","0.0323121"
"2013-05-29 01:30:00+00:00","0.147","0.0","0.0319677"
"2013-05-29 02:00:00+00:00","0.164","0.006","0.03103905"
"2013-05-29 02:30:00+00:00","0.087","0.0","0.02829"
"2013-05-29 03:00:00+00:00","0.119","0.0","0.0278472"
"2013-05-29 03:30:00+00:00","0.12","0.0","0.0279456"
"2013-05-29 04:00:00+00:00","0.127","0.0","0.02795175"
"2013-05-29 04:30:00+00:00","0.109","0.0","0.02752125"
"2013-05-29 05:00:00+00:00","0.095","0.0","0.0280563"
"2013-05-29 05:30:00+00:00","0.097","0.0","0.0284868"
"2013-05-29 06:00:00+00:00","0.099","0.0","0.02918175"
"2013-05-29 06:30:00+00:00","0.125","0.0","0.03234285"
"2013-05-29 07:00:00+00:00","0.197","0.0","0.03634035"
"2013-05-29 07:30:00+00:00","0.164","0.019","0.0321399"
"2013-05-29 08:00:00+00:00","0.481","0.169","0.03599595"
"2013-05-29 08:30:00+00:00","0.719","0.3","0.0349566"
"2013-05-29 09:00:00+00:00","0.34","0.356","0.03300705"
"2013-05-29 09:30:00+00:00","0.246","0.463","0.0331485"
"2013-05-29 10:00:00+00:00","0.301","0.6","0.03221985"
"2013-05-29 10:30:00+00:00","0.153","0.563","0.0326073"
"2013-05-29 11:00:00+00:00","0.209","0.688","0.03374505"
"2013-05-29 11:30:00+00:00","0.207","0.706","0.03260115"
"2013-05-29 12:00:00+00:00","0.466","0.663","0.03300705"
"2013-05-29 12:30:00+00:00","0.307","0.706","0.03375735"
"2013-05-29 13:00:00+00:00","0.228","0.675","0.03068235"
"2013-05-29 13:30:00+00:00","0.361","0.613","0.02958765"
"2013-05-29 14:00:00+00:00","0.172","0.581","0.0304302"
"2013-05-29 14:30:00+00:00","0.106","0.463","0.03055935"
"2013-05-29 15:00:00+00:00","0.185","0.331","0.03132195"
"2013-05-29 15:30:00+00:00","0.219","0.319","0.031857"
"2013-05-29 16:00:00+00:00","0.097","0.194","0.0324474"
"2013-05-29 16:30:00+00:00","0.165","0.038","0.03208455"
"2013-05-29 17:00:00+00:00","0.111","0.0","0.03529485"
"2013-05-29 17:30:00+00:00","0.121","0.0","0.0358914"
"2013-05-29 18:00:00+00:00","0.16","0.0","0.0342063"
"2013-05-29 18:30:00+00:00","0.117","0.0","0.03256425"
"2013-05-29 19:00:00+00:00","0.19","0.0","0.0334068"
"2013-05-29 19:30:00+00:00","0.117","0.0","0.03383115"
"2013-05-29 20:00:00+00:00","0.124","0.0","0.0322506"
"2013-05-29 20:30:00+00:00","0.227","0.0","0.0325581"
"2013-05-29 21:00:00+00:00","0.572","0.0","0.0319923"
"2013-05-29 21:30:00+00:00","0.393","0.0","0.03121125"
"2013-05-29 22:00:00+00:00","0.127","0.0","0.0293232"
"2013-05-29 22:30:00+00:00","0.211","0.0","0.03401565"
"2013-05-29 23:00:00+00:00","0.124","0.0","0.0300489"
"2013-05-29 23:30:00+00:00","0.164","0.0","0.03240435"
"2013-05-30 00:00:00+00:00","0.135","0.0","0.033456"
"2013-05-30 00:30:00+00:00","0.088","0.0","0.0322014"
"2013-05-30 01:00:00+00:00","0.172","0.0","0.03224445"
"2013-05-30 01:30:00+00:00","0.08","0.0","0.0307131"
"2013-05-30 02:00:00+00:00","0.144","0.0","0.02957535"
"2013-05-30 02:30:00+00:00","0.131","0.0","0.02850525"
"2013-05-30 03:00:00+00:00","0.126","0.0","0.0279456"
"2013-05-30 03:30:00+00:00","0.127","0.0","0.0275397"
"2013-05-30 04:00:00+00:00","0.13","0.0","0.02796405"
"2013-05-30 04:30:00+00:00","0.13","0.0","0.0277242"
"2013-05-30 05:00:00+00:00","0.13","0.0","0.02805015"
"2013-05-30 05:30:00+00:00","0.127","0.0","0.02808705"
"2013-05-30 06:00:00+00:00","0.103","0.0","0.028782"
"2013-05-30 06:30:00+00:00","0.337","0.0","0.03281025"
"2013-05-30 07:00:00+00:00","0.115","0.0","0.0349689"
"2013-05-30 07:30:00+00:00","0.178","0.006","0.0325089"
"2013-05-30 08:00:00+00:00","0.149","0.106","0.0359037"
"2013-05-30 08:30:00+00:00","0.205","0.344","0.03321"
"2013-05-30 09:00:00+00:00","0.172","0.463","0.03255195"
"2013-05-30 09:30:00+00:00","0.08","0.55","0.033825"
"2013-05-30 10:00:00+00:00","0.128","0.606","0.03354825"
"2013-05-30 10:30:00+00:00","0.098","0.663","0.0330624"
"2013-05-30 11:00:00+00:00","0.166","0.731","0.0329394"
"2013-05-30 11:30:00+00:00","0.112","0.713","0.0328041"
"2013-05-30 12:00:00+00:00","0.112","0.688","0.03260115"
"2013-05-30 12:30:00+00:00","0.094","0.581","0.03245355"
"2013-05-30 13:00:00+00:00","0.127","0.663","0.03186315"
"2013-05-30 13:30:00+00:00","0.117","0.613","0.0330378"
"2013-05-30 14:00:00+00:00","0.09","0.556","0.03268725"
"2013-05-30 14:30:00+00:00","0.195","0.456","0.03181395"
"2013-05-30 15:00:00+00:00","0.124","0.338","0.03260115"
"2013-05-30 15:30:00+00:00","0.108","0.231","0.03260115"
"2013-05-30 16:00:00+00:00","0.134","0.156","0.03273645"
"2013-05-30 16:30:00+00:00","0.207","0.038","0.0328779"
"2013-05-30 17:00:00+00:00","0.16","0.0","0.0346614"
"2013-05-30 17:30:00+00:00","0.13","0.0","0.03631575"
"2013-05-30 18:00:00+00:00","0.255","0.0","0.0295323"
"2013-05-30 18:30:00+00:00","0.242","0.006","0.0367278"
"2013-05-30 19:00:00+00:00","0.339","0.0","0.0326442"
"2013-05-30 19:30:00+00:00","0.166","0.0","0.03205995"
"2013-05-30 20:00:00+00:00","0.25","0.0","0.03255195"
"2013-05-30 20:30:00+00:00","0.277","0.0","0.03261345"
"2013-05-30 21:00:00+00:00","0.224","0.0","0.0324228"
"2013-05-30 21:30:00+00:00","0.175","0.0","0.03021495"
"2013-05-30 22:00:00+00:00","0.217","0.0","0.0295692"
"2013-05-30 22:30:00+00:00","0.282","0.0","0.03351135"
"2013-05-30 23:00:00+00:00","0.176","0.0","0.032595"
"2013-05-30 23:30:00+00:00","0.099","0.0","0.03282255"
"2013-05-31 00:00:00+00:00","0.182","0.0","0.03191235"
"2013-05-31 00:30:00+00:00","0.107","0.0","0.0306885"
"2013-05-31 01:00:00+00:00","0.125","0.0","0.03037485"
"2013-05-31 01:30:00+00:00","0.11","0.0","0.0292617"
"2013-05-31 02:00:00+00:00","0.132","0.0","0.02864055"
"2013-05-31 02:30:00+00:00","0.112","0.0","0.02757045"
"2013-05-31 03:00:00+00:00","0.108","0.0","0.0277242"
"2013-05-31 03:30:00+00:00","0.071","0.0","0.02727525"
"2013-05-31 04:00:00+00:00","0.143","0.0","0.02712765"
"2013-05-31 04:30:00+00:00","0.065","0.0","0.02732445"
"2013-05-31 05:00:00+00:00","0.106","0.0","0.02773035"
"2013-05-31 05:30:00+00:00","0.148","0.0","0.0283515"
"2013-05-31 06:00:00+00:00","0.209","0.0","0.02875125"
"2013-05-31 06:30:00+00:00","0.17","0.0","0.0321276"
"2013-05-31 07:00:00+00:00","0.102","0.0","0.03385575"
"2013-05-31 07:30:00+00:00","0.103","0.038","0.03267495"
"2013-05-31 08:00:00+00:00","0.185","0.219","0.03442155"
"2013-05-31 08:30:00+00:00","0.22","0.35","0.0344646"
"2013-05-31 09:00:00+00:00","0.757","0.456","0.03261345"
"2013-05-31 09:30:00+00:00","0.686","0.531","0.03230595"
"2013-05-31 10:00:00+00:00","0.165","0.594","0.03256425"
"2013-05-31 10:30:00+00:00","0.28","0.65","0.0324351"
"2013-05-31 11:00:00+00:00","0.153","0.675","0.03247815"
"2013-05-31 11:30:00+00:00","0.25","0.694","0.03241665"
"2013-05-31 12:00:00+00:00","0.173","0.694","0.03256425"
"2013-05-31 12:30:00+00:00","0.131","0.675","0.03174015"
"2013-05-31 13:00:00+00:00","0.196","0.65","0.03230595"
"2013-05-31 13:30:00+00:00","0.176","0.606","0.03249045"
"2013-05-31 14:00:00+00:00","0.181","0.556","0.03253965"
"2013-05-31 14:30:00+00:00","0.139","0.494","0.03256425"
"2013-05-31 15:00:00+00:00","0.098","0.4","0.03256425"
"2013-05-31 15:30:00+00:00","0.139","0.275","0.0325704"
"2013-05-31 16:00:00+00:00","0.131","0.194","0.03260115"
"2013-05-31 16:30:00+00:00","0.3","0.056","0.03199845"
"2013-05-31 17:00:00+00:00","0.172","0.0","0.0331608"
"2013-05-31 17:30:00+00:00","0.184","0.0","0.03805005"
"2013-05-31 18:00:00+00:00","0.247","0.0","0.0334683"
"2013-05-31 18:30:00+00:00","0.354","0.0","0.0324843"
"2013-05-31 19:00:00+00:00","0.272","0.0","0.032472"
"2013-05-31 19:30:00+00:00","0.475","0.0","0.0325704"
"2013-05-31 20:00:00+00:00","0.523","0.0","0.03236745"
"2013-05-31 20:30:00+00:00","0.461","0.0","0.0318447"
"2013-05-31 21:00:00+00:00","0.451","0.0","0.0323367"
"2013-05-31 21:30:00+00:00","0.691","0.0","0.03150645"
"2013-05-31 22:00:00+00:00","0.79","0.0","0.03047325"
"2013-05-31 22:30:00+00:00","0.443","0.006","0.03477825"
"2013-05-31 23:00:00+00:00","0.455","0.0","0.03204765"
"2013-05-31 23:30:00+00:00","0.233","0.0","0.03274875"
"2013-06-01 00:00:00+00:00","0.17","0.0","0.0331977"
"2013-06-01 00:30:00+00:00","0.126","0.0","0.03225675"
"2013-06-01 01:00:00+00:00","0.137","0.0","0.03049785"
"2013-06-01 01:30:00+00:00","0.146","0.0","0.0303318"
"2013-06-01 02:00:00+00:00","0.076","0.0","0.0300243"
"2013-06-01 02:30:00+00:00","0.116","0.0","0.0278226"
"2013-06-01 03:00:00+00:00","0.108","0.0","0.0272937"
"2013-06-01 03:30:00+00:00","0.099","0.0","0.02694315"
"2013-06-01 04:00:00+00:00","0.097","0.0","0.0269616"
"2013-06-01 04:30:00+00:00","0.132","0.0","0.02771805"
"2013-06-01 05:00:00+00:00","0.125","0.0","0.0274167"
"2013-06-01 05:30:00+00:00","0.1","0.0","0.02716455"
"2013-06-01 06:00:00+00:00","0.124","0.0","0.0273675"
"2013-06-01 06:30:00+00:00","0.272","0.0","0.02728755"
"2013-06-01 07:00:00+00:00","0.276","0.0","0.0277365"
"2013-06-01 07:30:00+00:00","0.108","0.006","0.0291141"
"2013-06-01 08:00:00+00:00","0.324","0.031","0.02977215"
"2013-06-01 08:30:00+00:00","0.233","0.063","0.02958765"
"2013-06-01 09:00:00+00:00","0.158","0.156","0.0311313"
"2013-06-01 09:30:00+00:00","0.122","0.206","0.0336159"
"2013-06-01 10:00:00+00:00","0.314","0.375","0.0320292"
"2013-06-01 10:30:00+00:00","0.699","0.388","0.0309837"
"2013-06-01 11:00:00+00:00","0.522","0.513","0.0306024"
"2013-06-01 11:30:00+00:00","0.404","0.35","0.0305778"
"2013-06-01 12:00:00+00:00","0.538","0.356","0.03058395"
"2013-06-01 12:30:00+00:00","0.289","0.344","0.03190005"
"2013-06-01 13:00:00+00:00","0.098","0.319","0.03165405"
"2013-06-01 13:30:00+00:00","0.144","0.288","0.03097755"
"2013-06-01 14:00:00+00:00","0.116","0.169","0.0308115"
"2013-06-01 14:30:00+00:00","0.084","0.056","0.03069465"
"2013-06-01 15:00:00+00:00","0.157","0.019","0.03048555"
"2013-06-01 15:30:00+00:00","0.264","0.006","0.0304917"
"2013-06-01 16:00:00+00:00","0.151","0.0","0.0321768"
"2013-06-01 16:30:00+00:00","0.178","0.0","0.0304056"
"2013-06-01 17:00:00+00:00","0.419","0.0","0.03155565"
"2013-06-01 17:30:00+00:00","0.725","0.0","0.0319923"
"2013-06-01 18:00:00+00:00","1.054","0.0","0.030996"
"2013-06-01 18:30:00+00:00","0.916","0.0","0.0305778"
"2013-06-01 19:00:00+00:00","1.207","0.0","0.0304917"
"2013-06-01 19:30:00+00:00","0.938","0.0","0.0304548"
"2013-06-01 20:00:00+00:00","0.854","0.0","0.03044865"
"2013-06-01 20:30:00+00:00","0.926","0.0","0.03043635"
"2013-06-01 21:00:00+00:00","0.877","0.0","0.02994435"
"2013-06-01 21:30:00+00:00","0.822","0.0","0.02971065"
"2013-06-01 22:00:00+00:00","0.894","0.0","0.0292248"
"2013-06-01 22:30:00+00:00","1.109","0.0","0.029643"
"2013-06-01 23:00:00+00:00","1.645","0.0","0.0290034"
"2013-06-01 23:30:00+00:00","0.789","0.0","0.030381"
"2013-06-02 00:00:00+00:00","0.178","0.0","0.02944005"
"2013-06-02 00:30:00+00:00","0.14","0.0","0.02952"
"2013-06-02 01:00:00+00:00","0.18","0.0","0.0286959"
"2013-06-02 01:30:00+00:00","0.069","0.0","0.0279333"
"2013-06-02 02:00:00+00:00","0.127","0.0","0.0276381"
"2013-06-02 02:30:00+00:00","0.11","0.0","0.0271215"
"2013-06-02 03:00:00+00:00","0.081","0.0","0.0270354"
"2013-06-02 03:30:00+00:00","0.134","0.0","0.02712765"
"2013-06-02 04:00:00+00:00","0.122","0.0","0.026568"
"2013-06-02 04:30:00+00:00","0.123","0.0","0.02616825"
"2013-06-02 05:00:00+00:00","0.126","0.0","0.0266295"
"2013-06-02 05:30:00+00:00","0.102","0.0","0.0260022"
"2013-06-02 06:00:00+00:00","0.214","0.0","0.026937"
"2013-06-02 06:30:00+00:00","0.201","0.0","0.0272691"
"2013-06-02 07:00:00+00:00","0.062","0.0","0.0272445"
"2013-06-02 07:30:00+00:00","0.185","0.0","0.02717685"
"2013-06-02 08:00:00+00:00","0.429","0.0","0.02832075"
"2013-06-02 08:30:00+00:00","0.146","0.0","0.02914485"
"2013-06-02 09:00:00+00:00","0.147","0.006","0.02951385"
"2013-06-02 09:30:00+00:00","0.153","0.019","0.0298029"
"2013-06-02 10:00:00+00:00","0.18","0.038","0.0306516"
"2013-06-02 10:30:00+00:00","0.138","0.169","0.03058395"
"2013-06-02 11:00:00+00:00","0.315","0.069","0.0321891"
"2013-06-02 11:30:00+00:00","0.127","0.013","0.03207225"
"2013-06-02 12:00:00+00:00","0.145","0.006","0.0320415"
"2013-06-02 12:30:00+00:00","0.09","0.0","0.03260115"
"2013-06-02 13:00:00+00:00","0.168","0.0","0.0325581"
"2013-06-02 13:30:00+00:00","0.062","0.006","0.031857"
"2013-06-02 14:00:00+00:00","0.116","0.006","0.03253965"
"2013-06-02 14:30:00+00:00","0.11","0.013","0.0307869"
"2013-06-02 15:00:00+00:00","0.088","0.119","0.0308607"
"2013-06-02 15:30:00+00:00","0.097","0.231","0.0315987"
"2013-06-02 16:00:00+00:00","0.273","0.188","0.0319062"
"2013-06-02 16:30:00+00:00","0.385","0.075","0.030381"
"2013-06-02 17:00:00+00:00","0.345","0.0","0.03498735"
"2013-06-02 17:30:00+00:00","0.276","0.006","0.034686"
"2013-06-02 18:00:00+00:00","0.847","0.0","0.04199835"
"2013-06-02 18:30:00+00:00","0.888","0.0","0.03290865"
"2013-06-02 19:00:00+00:00","0.814","0.0","0.03276105"
"2013-06-02 19:30:00+00:00","0.888","0.0","0.0346368"
"2013-06-02 20:00:00+00:00","0.888","0.0","0.0329763"
"2013-06-02 20:30:00+00:00","0.985","0.0","0.03269955"
"2013-06-02 21:00:00+00:00","1.005","0.0","0.0321399"
"2013-06-02 21:30:00+00:00","0.868","0.0","0.0314757"
"2013-06-02 22:00:00+00:00","0.877","0.0","0.0303318"
"2013-06-02 22:30:00+00:00","0.448","0.0","0.03151875"
"2013-06-02 23:00:00+00:00","0.112","0.0","0.0299874"
"2013-06-02 23:30:00+00:00","0.124","0.0","0.0318447"
"2013-06-03 00:00:00+00:00","0.111","0.0","0.03092835"
"2013-06-03 00:30:00+00:00","0.098","0.0","0.030381"
"2013-06-03 01:00:00+00:00","0.14","0.0","0.0293601"
"2013-06-03 01:30:00+00:00","0.175","0.0","0.02919405"
"2013-06-03 02:00:00+00:00","0.115","0.0","0.0281178"
"2013-06-03 02:30:00+00:00","0.175","0.0","0.02795175"
"2013-06-03 03:00:00+00:00","0.07","0.0","0.0279456"
"2013-06-03 03:30:00+00:00","0.111","0.0","0.0277242"
"2013-06-03 04:00:00+00:00","0.108","0.0","0.02729985"
"2013-06-03 04:30:00+00:00","0.061","0.0","0.0277365"
"2013-06-03 05:00:00+00:00","0.16","0.0","0.02795175"
"2013-06-03 05:30:00+00:00","0.044","0.0","0.02843145"
"2013-06-03 06:00:00+00:00","0.152","0.0","0.02822235"
"2013-06-03 06:30:00+00:00","0.108","0.0","0.03117435"
"2013-06-03 07:00:00+00:00","0.202","0.0","0.03622965"
"2013-06-03 07:30:00+00:00","0.204","0.019","0.03201075"
"2013-06-03 08:00:00+00:00","0.231","0.163","0.03471675"
"2013-06-03 08:30:00+00:00","0.256","0.263","0.03482745"
"2013-06-03 09:00:00+00:00","0.089","0.238","0.0325827"
"2013-06-03 09:30:00+00:00","0.1","0.313","0.03258885"
"2013-06-03 10:00:00+00:00","0.084","0.394","0.0323736"
"2013-06-03 10:30:00+00:00","0.146","0.638","0.0324843"
"2013-06-03 11:00:00+00:00","0.091","0.688","0.03212145"
"2013-06-03 11:30:00+00:00","0.121","0.694","0.0318201"
"2013-06-03 12:00:00+00:00","0.104","0.563","0.0325212"
"2013-06-03 12:30:00+00:00","0.141","0.513","0.03171555"
"2013-06-03 13:00:00+00:00","0.189","0.706","0.03114975"
"2013-06-03 13:30:00+00:00","0.12","0.65","0.0310083"
"2013-06-03 14:00:00+00:00","0.2","0.581","0.0312174"
"2013-06-03 14:30:00+00:00","0.202","0.513","0.03097755"
"2013-06-03 15:00:00+00:00","0.084","0.425","0.0309714"
"2013-06-03 15:30:00+00:00","0.175","0.319","0.0313527"
"2013-06-03 16:00:00+00:00","0.122","0.2","0.03269955"
"2013-06-03 16:30:00+00:00","0.289","0.056","0.032595"
"2013-06-03 17:00:00+00:00","0.148","0.0","0.03364665"
"2013-06-03 17:30:00+00:00","0.384","0.0","0.0443538"
"2013-06-03 18:00:00+00:00","0.247","0.0","0.03699225"
"2013-06-03 18:30:00+00:00","0.62","0.0","0.0349935"
"2013-06-03 19:00:00+00:00","0.726","0.0","0.0386466"
"2013-06-03 19:30:00+00:00","0.646","0.0","0.03545475"
"2013-06-03 20:00:00+00:00","0.41","0.0","0.0347475"
"2013-06-03 20:30:00+00:00","0.24","0.0","0.03689385"
"2013-06-03 21:00:00+00:00","0.125","0.0","0.0344031"
"2013-06-03 21:30:00+00:00","0.105","0.0","0.03295785"
"2013-06-03 22:00:00+00:00","0.129","0.0","0.03165405"
"2013-06-03 22:30:00+00:00","0.134","0.0","0.0352641"
"2013-06-03 23:00:00+00:00","0.119","0.0","0.03321"
"2013-06-03 23:30:00+00:00","0.146","0.0","0.0335544"
"2013-06-04 00:00:00+00:00","0.047","0.0","0.03331455"
"2013-06-04 00:30:00+00:00","0.134","0.0","0.0330501"
"2013-06-04 01:00:00+00:00","0.075","0.0","0.03198615"
"2013-06-04 01:30:00+00:00","0.093","0.0","0.0309099"
"2013-06-04 02:00:00+00:00","0.153","0.0","0.03059625"
"2013-06-04 02:30:00+00:00","0.106","0.0","0.0291141"
"2013-06-04 03:00:00+00:00","0.082","0.0","0.02795175"
"2013-06-04 03:30:00+00:00","0.215","0.0","0.02797635"
"2013-06-04 04:00:00+00:00","0.097","0.0","0.02795175"
"2013-06-04 04:30:00+00:00","0.114","0.0","0.02795175"
"2013-06-04 05:00:00+00:00","0.101","0.0","0.02801325"
"2013-06-04 05:30:00+00:00","0.055","0.0","0.02979675"
"2013-06-04 06:00:00+00:00","0.144","0.0","0.03196155"
"2013-06-04 06:30:00+00:00","0.043","0.0","0.0323367"
"2013-06-04 07:00:00+00:00","0.13","0.0","0.0374535"
"2013-06-04 07:30:00+00:00","0.104","0.006","0.035301"
"2013-06-04 08:00:00+00:00","0.124","0.094","0.0354609"
"2013-06-04 08:30:00+00:00","0.143","0.25","0.0347967"
"2013-06-04 09:00:00+00:00","0.26","0.313","0.0343908"
"2013-06-04 09:30:00+00:00","0.154","0.519","0.0345015"
"2013-06-04 10:00:00+00:00","0.192","0.606","0.0331977"
"2013-06-04 10:30:00+00:00","0.187","0.638","0.03160485"
"2013-06-04 11:00:00+00:00","0.216","0.7","0.0317586"
"2013-06-04 11:30:00+00:00","0.203","0.706","0.0332223"
"2013-06-04 12:00:00+00:00","0.188","0.706","0.03258885"
"2013-06-04 12:30:00+00:00","0.175","0.694","0.03149415"
"2013-06-04 13:00:00+00:00","0.065","0.669","0.032595"
"2013-06-04 13:30:00+00:00","0.147","0.619","0.03155565"
"2013-06-04 14:00:00+00:00","0.097","0.569","0.03053475"
"2013-06-04 14:30:00+00:00","0.151","0.488","0.0312174"
"2013-06-04 15:00:00+00:00","0.181","0.406","0.03260115"
"2013-06-04 15:30:00+00:00","0.357","0.3","0.032595"
"2013-06-04 16:00:00+00:00","0.133","0.181","0.0332469"
"2013-06-04 16:30:00+00:00","0.181","0.044","0.03188775"
"2013-06-04 17:00:00+00:00","0.196","0.0","0.0337389"
"2013-06-04 17:30:00+00:00","0.222","0.0","0.0420537"
"2013-06-04 18:00:00+00:00","0.311","0.0","0.0338496"
"2013-06-04 18:30:00+00:00","0.249","0.0","0.03482745"
"2013-06-04 19:00:00+00:00","1.184","0.0","0.03483975"
"2013-06-04 19:30:00+00:00","0.86","0.0","0.0346122"
"2013-06-04 20:00:00+00:00","0.852","0.0","0.0357069"
"2013-06-04 20:30:00+00:00","0.614","0.0","0.0346122"
"2013-06-04 21:00:00+00:00","0.211","0.0","0.0334929"
"2013-06-04 21:30:00+00:00","0.125","0.0","0.03074385"
"2013-06-04 22:00:00+00:00","0.186","0.0","0.03064545"
"2013-06-04 22:30:00+00:00","0.63","0.0","0.04046085"
"2013-06-04 23:00:00+00:00","0.491","0.0","0.03513495"
"2013-06-04 23:30:00+00:00","0.14","0.0","0.03507345"
"2013-06-05 00:00:00+00:00","0.127","0.0","0.03335145"
"2013-06-05 00:30:00+00:00","0.153","0.0","0.03349905"
"2013-06-05 01:00:00+00:00","0.089","0.0","0.0291633"
"2013-06-05 01:30:00+00:00","0.125","0.0","0.0303687"
"2013-06-05 02:00:00+00:00","0.112","0.0","0.0284622"
"2013-06-05 02:30:00+00:00","0.092","0.0","0.0273429"
"2013-06-05 03:00:00+00:00","0.116","0.0","0.0279456"
"2013-06-05 03:30:00+00:00","0.108","0.0","0.0279456"
"2013-06-05 04:00:00+00:00","0.129","0.0","0.02755815"
"2013-06-05 04:30:00+00:00","0.128","0.0","0.0278103"
"2013-06-05 05:00:00+00:00","0.102","0.0","0.02795175"
"2013-06-05 05:30:00+00:00","0.292","0.0","0.02802555"
"2013-06-05 06:00:00+00:00","0.17","0.0","0.02832075"
"2013-06-05 06:30:00+00:00","0.086","0.006","0.0314634"
"2013-06-05 07:00:00+00:00","0.194","0.0","0.0336651"
"2013-06-05 07:30:00+00:00","0.18","0.0","0.03379425"
"2013-06-05 08:00:00+00:00","0.169","0.031","0.03598365"
"2013-06-05 08:30:00+00:00","0.282","0.088","0.0344769"
"2013-06-05 09:00:00+00:00","0.295","0.156","0.0329025"
"2013-06-05 09:30:00+00:00","0.201","0.156","0.03372045"
"2013-06-05 10:00:00+00:00","0.139","0.125","0.03309315"
"2013-06-05 10:30:00+00:00","0.384","0.388","0.0338127"
"2013-06-05 11:00:00+00:00","0.265","0.575","0.03303165"
"2013-06-05 11:30:00+00:00","0.138","0.425","0.03258885"
"2013-06-05 12:00:00+00:00","0.173","0.506","0.032841"
"2013-06-05 12:30:00+00:00","0.13","0.425","0.032595"
"2013-06-05 13:00:00+00:00","0.126","0.313","0.03177705"
"2013-06-05 13:30:00+00:00","0.116","0.256","0.0305901"
"2013-06-05 14:00:00+00:00","0.099","0.25","0.03062085"
"2013-06-05 14:30:00+00:00","0.105","0.169","0.03060855"
"2013-06-05 15:00:00+00:00","0.125","0.256","0.03058395"
"2013-06-05 15:30:00+00:00","0.117","0.169","0.03058395"
"2013-06-05 16:00:00+00:00","0.087","0.075","0.0306024"
"2013-06-05 16:30:00+00:00","0.165","0.038","0.0311559"
"2013-06-05 17:00:00+00:00","0.098","0.0","0.03313005"
"2013-06-05 17:30:00+00:00","0.151","0.0","0.034194"
"2013-06-05 18:00:00+00:00","0.145","0.0","0.035301"
"2013-06-05 18:30:00+00:00","0.08","0.0","0.03492585"
"2013-06-05 19:00:00+00:00","0.167","0.0","0.03388035"
"2013-06-05 19:30:00+00:00","0.075","0.0","0.0326565"
"2013-06-05 20:00:00+00:00","0.127","0.0","0.032718"
"2013-06-05 20:30:00+00:00","0.401","0.0","0.032595"
"2013-06-05 21:00:00+00:00","0.107","0.0","0.0315126"
"2013-06-05 21:30:00+00:00","0.184","0.0","0.03113745"
"2013-06-05 22:00:00+00:00","0.07","0.0","0.02903415"
"2013-06-05 22:30:00+00:00","0.116","0.0","0.03068235"
"2013-06-05 23:00:00+00:00","0.129","0.0","0.0300981"
"2013-06-05 23:30:00+00:00","0.065","0.0","0.03245355"
"2013-06-06 00:00:00+00:00","0.138","0.0","0.03177705"
"2013-06-06 00:30:00+00:00","0.092","0.0","0.03044865"
"2013-06-06 01:00:00+00:00","0.137","0.0","0.0299628"
"2013-06-06 01:30:00+00:00","0.11","0.0","0.02829615"
"2013-06-06 02:00:00+00:00","0.095","0.0","0.0278349"
"2013-06-06 02:30:00+00:00","0.099","0.0","0.02791485"
"2013-06-06 03:00:00+00:00","0.116","0.0","0.02728755"
"2013-06-06 03:30:00+00:00","0.068","0.0","0.0267279"
"2013-06-06 04:00:00+00:00","0.153","0.0","0.02717685"
"2013-06-06 04:30:00+00:00","0.126","0.0","0.0272691"
"2013-06-06 05:00:00+00:00","0.111","0.0","0.0275028"
"2013-06-06 05:30:00+00:00","0.189","0.0","0.02795175"
"2013-06-06 06:00:00+00:00","0.073","0.0","0.02781645"
"2013-06-06 06:30:00+00:00","0.123","0.0","0.0281916"
"2013-06-06 07:00:00+00:00","0.111","0.0","0.0286221"
"2013-06-06 07:30:00+00:00","0.089","0.006","0.0318693"
"2013-06-06 08:00:00+00:00","0.33","0.056","0.0333699"
"2013-06-06 08:30:00+00:00","0.134","0.119","0.0326934"
"2013-06-06 09:00:00+00:00","0.311","0.188","0.03249045"
"2013-06-06 09:30:00+00:00","0.237","0.375","0.032472"
"2013-06-06 10:00:00+00:00","0.19","0.588","0.0319431"
"2013-06-06 10:30:00+00:00","0.104","0.506","0.0308607"
"2013-06-06 11:00:00+00:00","0.127","0.319","0.02973525"
"2013-06-06 11:30:00+00:00","0.072","0.194","0.0298029"
"2013-06-06 12:00:00+00:00","0.133","0.181","0.03053475"
"2013-06-06 12:30:00+00:00","0.111","0.306","0.03057165"
"2013-06-06 13:00:00+00:00","0.079","0.225","0.0305655"
"2013-06-06 13:30:00+00:00","0.216","0.15","0.0305532"
"2013-06-06 14:00:00+00:00","0.06","0.075","0.0306024"
"2013-06-06 14:30:00+00:00","0.144","0.063","0.03064545"
"2013-06-06 15:00:00+00:00","0.101","0.025","0.0307008"
"2013-06-06 15:30:00+00:00","0.08","0.013","0.03122355"
"2013-06-06 16:00:00+00:00","0.332","0.006","0.03097755"
"2013-06-06 16:30:00+00:00","0.275","0.0","0.0315495"
"2013-06-06 17:00:00+00:00","1.253","0.0","0.032964"
"2013-06-06 17:30:00+00:00","1.117","0.0","0.03346215"
"2013-06-06 18:00:00+00:00","1.154","0.0","0.0344277"
"2013-06-06 18:30:00+00:00","0.909","0.0","0.0331239"
"2013-06-06 19:00:00+00:00","0.606","0.0","0.03341295"
"2013-06-06 19:30:00+00:00","0.589","0.0","0.03251505"
"2013-06-06 20:00:00+00:00","0.965","0.0","0.032595"
"2013-06-06 20:30:00+00:00","0.906","0.0","0.0326196"
"2013-06-06 21:00:00+00:00","0.859","0.0","0.03241665"
"2013-06-06 21:30:00+00:00","1.139","0.0","0.030627"
"2013-06-06 22:00:00+00:00","1.125","0.0","0.02903415"
"2013-06-06 22:30:00+00:00","0.598","0.0","0.03057165"
"2013-06-06 23:00:00+00:00","0.129","0.0","0.03127275"
"2013-06-06 23:30:00+00:00","0.091","0.0","0.03265035"
"2013-06-07 00:00:00+00:00","0.159","0.0","0.03278565"
"2013-06-07 00:30:00+00:00","0.073","0.0","0.03169095"
"2013-06-07 01:00:00+00:00","0.122","0.0","0.03046095"
"2013-06-07 01:30:00+00:00","0.148","0.0","0.0295938"
"2013-06-07 02:00:00+00:00","0.126","0.0","0.02779185"
"2013-06-07 02:30:00+00:00","0.104","0.0","0.0277242"
"2013-06-07 03:00:00+00:00","0.129","0.0","0.02357295"
"2013-06-07 03:30:00+00:00","0.068","0.006","0.02728755"
"2013-06-07 04:00:00+00:00","0.139","0.0","0.02701695"
"2013-06-07 04:30:00+00:00","0.096","0.0","0.0271707"
"2013-06-07 05:00:00+00:00","0.085","0.0","0.0277734"
"2013-06-07 05:30:00+00:00","0.17","0.0","0.02795175"
"2013-06-07 06:00:00+00:00","0.264","0.0","0.0280194"
"2013-06-07 06:30:00+00:00","0.166","0.0","0.02808705"
"2013-06-07 07:00:00+00:00","0.167","0.0","0.02930475"
"2013-06-07 07:30:00+00:00","0.245","0.0","0.03039945"
"2013-06-07 08:00:00+00:00","0.222","0.0","0.0323736"
"2013-06-07 08:30:00+00:00","0.168","0.019","0.0330624"
"2013-06-07 09:00:00+00:00","0.097","0.05","0.0317709"
"2013-06-07 09:30:00+00:00","0.139","0.081","0.0334314"
"2013-06-07 10:00:00+00:00","0.146","0.1","0.0323859"
"2013-06-07 10:30:00+00:00","0.084","0.15","0.03198"
"2013-06-07 11:00:00+00:00","0.163","0.188","0.0323736"
"2013-06-07 11:30:00+00:00","0.059","0.2","0.03133425"
"2013-06-07 12:00:00+00:00","0.15","0.394","0.03051015"
"2013-06-07 12:30:00+00:00","0.098","0.294","0.02995665"
"2013-06-07 13:00:00+00:00","0.099","0.369","0.0297291"
"2013-06-07 13:30:00+00:00","0.164","0.219","0.0295077"
"2013-06-07 14:00:00+00:00","0.133","0.206","0.02980905"
"2013-06-07 14:30:00+00:00","0.109","0.256","0.02994435"
"2013-06-07 15:00:00+00:00","0.127","0.231","0.0305532"
"2013-06-07 15:30:00+00:00","0.133","0.256","0.0304425"
"2013-06-07 16:00:00+00:00","0.081","0.094","0.0307008"
"2013-06-07 16:30:00+00:00","0.151","0.013","0.0304425"
"2013-06-07 17:00:00+00:00","0.094","0.0","0.03113745"
"2013-06-07 17:30:00+00:00","0.158","0.0","0.03368355"
"2013-06-07 18:00:00+00:00","0.155","0.0","0.03300705"
"2013-06-07 18:30:00+00:00","0.122","0.0","0.0327795"
"2013-06-07 19:00:00+00:00","0.497","0.0","0.0319431"
"2013-06-07 19:30:00+00:00","0.152","0.0","0.0334437"
"2013-06-07 20:00:00+00:00","0.355","0.0","0.0325212"
"2013-06-07 20:30:00+00:00","0.269","0.0","0.0316479"
"2013-06-07 21:00:00+00:00","0.257","0.0","0.03123585"
"2013-06-07 21:30:00+00:00","0.471","0.0","0.0310821"
"2013-06-07 22:00:00+00:00","0.401","0.0","0.02968605"
"2013-06-07 22:30:00+00:00","0.443","0.0","0.03309315"
"2013-06-07 23:00:00+00:00","0.148","0.0","0.03362205"
"2013-06-07 23:30:00+00:00","0.149","0.0","0.0349689"
"2013-06-08 00:00:00+00:00","0.061","0.0","0.03459375"
"2013-06-08 00:30:00+00:00","0.146","0.0","0.03472905"
"2013-06-08 01:00:00+00:00","0.084","0.0","0.0333945"
"2013-06-08 01:30:00+00:00","0.137","0.0","0.0322137"
"2013-06-08 02:00:00+00:00","0.154","0.0","0.0307992"
"2013-06-08 02:30:00+00:00","0.057","0.0","0.0293232"
"2013-06-08 03:00:00+00:00","0.131","0.0","0.0281424"
"2013-06-08 03:30:00+00:00","0.087","0.0","0.0279456"
"2013-06-08 04:00:00+00:00","0.085","0.0","0.0278472"
"2013-06-08 04:30:00+00:00","0.114","0.0","0.02768115"
"2013-06-08 05:00:00+00:00","0.096","0.0","0.02782875"
"2013-06-08 05:30:00+00:00","0.121","0.0","0.02749665"
"2013-06-08 06:00:00+00:00","0.555","0.0","0.0277365"
"2013-06-08 06:30:00+00:00","0.803","0.0","0.02797635"
"2013-06-08 07:00:00+00:00","0.242","0.0","0.02797635"
"2013-06-08 07:30:00+00:00","0.155","0.0","0.02972295"
"2013-06-08 08:00:00+00:00","0.306","0.013","0.0312789"
"2013-06-08 08:30:00+00:00","0.441","0.038","0.0330624"
"2013-06-08 09:00:00+00:00","0.196","0.094","0.0338865"
"2013-06-08 09:30:00+00:00","0.242","0.231","0.03381885"
"2013-06-08 10:00:00+00:00","0.158","0.331","0.0326073"
"2013-06-08 10:30:00+00:00","0.063","0.406","0.03260115"
"2013-06-08 11:00:00+00:00","0.131","0.331","0.03158025"
"2013-06-08 11:30:00+00:00","0.088","0.35","0.0297783"
"2013-06-08 12:00:00+00:00","0.08","0.331","0.0303564"
"2013-06-08 12:30:00+00:00","0.156","0.45","0.02963685"
"2013-06-08 13:00:00+00:00","0.039","0.613","0.03047325"
"2013-06-08 13:30:00+00:00","0.194","0.431","0.030381"
"2013-06-08 14:00:00+00:00","0.095","0.45","0.0303564"
"2013-06-08 14:30:00+00:00","0.096","0.138","0.0299013"
"2013-06-08 15:00:00+00:00","0.129","0.106","0.03062085"
"2013-06-08 15:30:00+00:00","0.082","0.05","0.03091605"
"2013-06-08 16:00:00+00:00","0.104","0.025","0.03217065"
"2013-06-08 16:30:00+00:00","0.101","0.006","0.0321645"
"2013-06-08 17:00:00+00:00","0.125","0.0","0.03174015"
"2013-06-08 17:30:00+00:00","0.128","0.0","0.03365895"
"2013-06-08 18:00:00+00:00","0.2","0.0","0.03272415"
"2013-06-08 18:30:00+00:00","0.826","0.0","0.0325212"
"2013-06-08 19:00:00+00:00","0.808","0.0","0.0315495"
"2013-06-08 19:30:00+00:00","0.639","0.0","0.03052245"
"2013-06-08 20:00:00+00:00","0.723","0.0","0.0305901"
"2013-06-08 20:30:00+00:00","0.66","0.0","0.03054705"
"2013-06-08 21:00:00+00:00","0.229","0.0","0.0305655"
"2013-06-08 21:30:00+00:00","0.143","0.0","0.03035025"
"2013-06-08 22:00:00+00:00","0.158","0.0","0.02987055"
"2013-06-08 22:30:00+00:00","0.076","0.0","0.0308484"
"2013-06-08 23:00:00+00:00","0.157","0.0","0.03292095"
"2013-06-08 23:30:00+00:00","0.106","0.0","0.0314142"
"2013-06-09 00:00:00+00:00","0.118","0.0","0.0307869"
"2013-06-09 00:30:00+00:00","0.131","0.0","0.02988285"
"2013-06-09 01:00:00+00:00","0.121","0.0","0.0306762"
"2013-06-09 01:30:00+00:00","0.139","0.0","0.0290895"
"2013-06-09 02:00:00+00:00","0.104","0.0","0.0279456"
"2013-06-09 02:30:00+00:00","0.094","0.0","0.0279333"
"2013-06-09 03:00:00+00:00","0.104","0.0","0.02726295"
"2013-06-09 03:30:00+00:00","0.125","0.0","0.02648805"
"2013-06-09 04:00:00+00:00","0.073","0.0","0.02705385"
"2013-06-09 04:30:00+00:00","0.153","0.0","0.027921"
"2013-06-09 05:00:00+00:00","0.116","0.0","0.0279456"
"2013-06-09 05:30:00+00:00","0.166","0.0","0.0271707"
"2013-06-09 06:00:00+00:00","0.098","0.0","0.02738595"
"2013-06-09 06:30:00+00:00","0.17","0.0","0.02750895"
"2013-06-09 07:00:00+00:00","0.164","0.0","0.02728755"
"2013-06-09 07:30:00+00:00","0.126","0.013","0.02812395"
"2013-06-09 08:00:00+00:00","0.089","0.138","0.02919405"
"2013-06-09 08:30:00+00:00","0.2","0.313","0.0301227"
"2013-06-09 09:00:00+00:00","0.142","0.431","0.0313773"
"2013-06-09 09:30:00+00:00","0.229","0.519","0.0323736"
"2013-06-09 10:00:00+00:00","0.388","0.581","0.03258885"
"2013-06-09 10:30:00+00:00","0.128","0.631","0.03257655"
"2013-06-09 11:00:00+00:00","0.302","0.663","0.03170325"
"2013-06-09 11:30:00+00:00","0.069","0.688","0.03015345"
"2013-06-09 12:00:00+00:00","0.138","0.644","0.02971065"
"2013-06-09 12:30:00+00:00","0.154","0.35","0.0294585"
"2013-06-09 13:00:00+00:00","0.095","0.15","0.02889885"
"2013-06-09 13:30:00+00:00","0.444","0.219","0.02945235"
"2013-06-09 14:00:00+00:00","0.101","0.294","0.0289911"
"2013-06-09 14:30:00+00:00","0.092","0.225","0.0284868"
"2013-06-09 15:00:00+00:00","0.16","0.238","0.02825925"
"2013-06-09 15:30:00+00:00","0.073","0.213","0.02932935"
"2013-06-09 16:00:00+00:00","0.145","0.119","0.02980905"
"2013-06-09 16:30:00+00:00","0.154","0.031","0.02952"
"2013-06-09 17:00:00+00:00","0.13","0.0","0.0322752"
"2013-06-09 17:30:00+00:00","0.121","0.0","0.0332838"
"2013-06-09 18:00:00+00:00","0.119","0.0","0.03317925"
"2013-06-09 18:30:00+00:00","0.192","0.0","0.0330009"
"2013-06-09 19:00:00+00:00","0.191","0.0","0.03253965"
"2013-06-09 19:30:00+00:00","0.21","0.0","0.0315741"
"2013-06-09 20:00:00+00:00","0.631","0.0","0.0309837"
"2013-06-09 20:30:00+00:00","0.966","0.0","0.03182625"
"2013-06-09 21:00:00+00:00","0.819","0.0","0.0308853"
"2013-06-09 21:30:00+00:00","0.875","0.0","0.03075"
"2013-06-09 22:00:00+00:00","0.846","0.0","0.02862825"
"2013-06-09 22:30:00+00:00","0.401","0.0","0.02995665"
"2013-06-09 23:00:00+00:00","0.161","0.0","0.0301719"
"2013-06-09 23:30:00+00:00","0.1","0.0","0.030627"
"2013-06-10 00:00:00+00:00","0.15","0.0","0.03047325"
"2013-06-10 00:30:00+00:00","0.168","0.0","0.0291387"
"2013-06-10 01:00:00+00:00","0.101","0.0","0.02852985"
"2013-06-10 01:30:00+00:00","0.1","0.0","0.0272691"
"2013-06-10 02:00:00+00:00","0.126","0.0","0.0277242"
"2013-06-10 02:30:00+00:00","0.057","0.0","0.02773035"
"2013-06-10 03:00:00+00:00","0.144","0.0","0.02698005"
"2013-06-10 03:30:00+00:00","0.079","0.0","0.02706615"
"2013-06-10 04:00:00+00:00","0.087","0.0","0.02667255"
"2013-06-10 04:30:00+00:00","0.158","0.0","0.02444625"
"2013-06-10 05:00:00+00:00","0.072","0.0","0.0263835"
"2013-06-10 05:30:00+00:00","0.151","0.0","0.02733675"
"2013-06-10 06:00:00+00:00","0.084","0.0","0.02747205"
"2013-06-10 06:30:00+00:00","0.32","0.0","0.02784105"
"2013-06-10 07:00:00+00:00","0.148","0.0","0.02728755"
"2013-06-10 07:30:00+00:00","0.104","0.013","0.0272937"
"2013-06-10 08:00:00+00:00","0.203","0.194","0.0278226"
"2013-06-10 08:30:00+00:00","0.264","0.325","0.0298275"
"2013-06-10 09:00:00+00:00","0.173","0.431","0.0302703"
"2013-06-10 09:30:00+00:00","0.813","0.519","0.0306762"
"2013-06-10 10:00:00+00:00","0.339","0.619","0.0312789"
"2013-06-10 10:30:00+00:00","0.109","0.381","0.03242895"
"2013-06-10 11:00:00+00:00","0.115","0.463","0.03229365"
"2013-06-10 11:30:00+00:00","0.101","0.538","0.03095295"
"2013-06-10 12:00:00+00:00","0.095","0.45","0.0307254"
"2013-06-10 12:30:00+00:00","0.148","0.644","0.03052245"
"2013-06-10 13:00:00+00:00","0.109","0.45","0.0305778"
"2013-06-10 13:30:00+00:00","0.19","0.381","0.0305286"
"2013-06-10 14:00:00+00:00","0.149","0.188","0.0305655"
"2013-06-10 14:30:00+00:00","0.399","0.125","0.03060855"
"2013-06-10 15:00:00+00:00","0.249","0.006","0.0304302"
"2013-06-10 15:30:00+00:00","0.193","0.006","0.0305286"
"2013-06-10 16:00:00+00:00","0.243","0.006","0.03080535"
"2013-06-10 16:30:00+00:00","0.288","0.0","0.03073155"
"2013-06-10 17:00:00+00:00","0.194","0.0","0.0330501"
"2013-06-10 17:30:00+00:00","0.913","0.0","0.03742275"
"2013-06-10 18:00:00+00:00","0.704","0.0","0.0396306"
"2013-06-10 18:30:00+00:00","0.728","0.0","0.03436005"
"2013-06-10 19:00:00+00:00","0.674","0.0","0.03376965"
"2013-06-10 19:30:00+00:00","0.663","0.0","0.0322383"
"2013-06-10 20:00:00+00:00","0.736","0.0","0.0315495"
"2013-06-10 20:30:00+00:00","0.694","0.0","0.03156795"
"2013-06-10 21:00:00+00:00","0.543","0.0","0.03058395"
"2013-06-10 21:30:00+00:00","0.2","0.0","0.03058395"
"2013-06-10 22:00:00+00:00","0.147","0.0","0.02955075"
"2013-06-10 22:30:00+00:00","0.092","0.0","0.03014115"
"2013-06-10 23:00:00+00:00","0.16","0.0","0.03137115"
"2013-06-10 23:30:00+00:00","0.1","0.0","0.0320169"
"2013-06-11 00:00:00+00:00","0.116","0.0","0.0320415"
"2013-06-11 00:30:00+00:00","0.152","0.0","0.0311559"
"2013-06-11 01:00:00+00:00","0.097","0.0","0.03095295"
"2013-06-11 01:30:00+00:00","0.094","0.0","0.030258"
"2013-06-11 02:00:00+00:00","0.135","0.0","0.0293232"
"2013-06-11 02:30:00+00:00","0.039","0.0","0.02775495"
"2013-06-11 03:00:00+00:00","0.154","0.0","0.02786565"
"2013-06-11 03:30:00+00:00","0.07","0.0","0.027798"
"2013-06-11 04:00:00+00:00","0.119","0.0","0.0273552"
"2013-06-11 04:30:00+00:00","0.132","0.0","0.0272814"
"2013-06-11 05:00:00+00:00","0.112","0.0","0.02784105"
"2013-06-11 05:30:00+00:00","0.1","0.0","0.0292494"
"2013-06-11 06:00:00+00:00","0.107","0.0","0.0286467"
"2013-06-11 06:30:00+00:00","0.056","0.0","0.0319062"
"2013-06-11 07:00:00+00:00","0.314","0.0","0.0356946"
"2013-06-11 07:30:00+00:00","0.117","0.013","0.03390495"
"2013-06-11 08:00:00+00:00","0.285","0.2","0.0363588"
"2013-06-11 08:30:00+00:00","0.22","0.325","0.0370722"
"2013-06-11 09:00:00+00:00","0.097","0.444","0.03509805"
"2013-06-11 09:30:00+00:00","0.159","0.525","0.03511035"
"2013-06-11 10:00:00+00:00","0.199","0.6","0.0349443"
"2013-06-11 10:30:00+00:00","0.145","0.65","0.03501195"
"2013-06-11 11:00:00+00:00","0.136","0.681","0.03506115"
"2013-06-11 11:30:00+00:00","0.119","0.7","0.03394185"
"2013-06-11 12:00:00+00:00","0.142","0.7","0.0336897"
"2013-06-11 12:30:00+00:00","0.249","0.7","0.03257655"
"2013-06-11 13:00:00+00:00","0.153","0.669","0.03239205"
"2013-06-11 13:30:00+00:00","0.115","0.619","0.03260115"
"2013-06-11 14:00:00+00:00","0.134","0.588","0.03239205"
"2013-06-11 14:30:00+00:00","0.097","0.513","0.032595"
"2013-06-11 15:00:00+00:00","0.136","0.425","0.03224445"
"2013-06-11 15:30:00+00:00","0.27","0.306","0.03214605"
"2013-06-11 16:00:00+00:00","0.209","0.2","0.032964"
"2013-06-11 16:30:00+00:00","0.189","0.056","0.03383115"
"2013-06-11 17:00:00+00:00","0.091","0.0","0.0326811"
"2013-06-11 17:30:00+00:00","0.23","0.0","0.03547935"
"2013-06-11 18:00:00+00:00","0.297","0.0","0.0420783"
"2013-06-11 18:30:00+00:00","0.409","0.0","0.03598365"
"2013-06-11 19:00:00+00:00","0.275","0.0","0.0347721"
"2013-06-11 19:30:00+00:00","0.232","0.0","0.03440925"
"2013-06-11 20:00:00+00:00","0.259","0.0","0.0340833"
"2013-06-11 20:30:00+00:00","0.176","0.0","0.0361743"
"2013-06-11 21:00:00+00:00","0.096","0.0","0.03495045"
"2013-06-11 21:30:00+00:00","0.145","0.0","0.0325704"
"2013-06-11 22:00:00+00:00","0.129","0.0","0.0318939"
"2013-06-11 22:30:00+00:00","0.104","0.0","0.03440925"
"2013-06-11 23:00:00+00:00","0.106","0.0","0.03408945"
"2013-06-11 23:30:00+00:00","0.14","0.0","0.0332715"
"2013-06-12 00:00:00+00:00","0.086","0.0","0.0342924"
"2013-06-12 00:30:00+00:00","0.153","0.0","0.03359745"
"2013-06-12 01:00:00+00:00","0.078","0.0","0.032595"
"2013-06-12 01:30:00+00:00","0.085","0.0","0.03060855"
"2013-06-12 02:00:00+00:00","0.14","0.0","0.0294831"
"2013-06-12 02:30:00+00:00","0.04","0.0","0.0281793"
"2013-06-12 03:00:00+00:00","0.134","0.0","0.027921"
"2013-06-12 03:30:00+00:00","0.166","0.0","0.0276996"
"2013-06-12 04:00:00+00:00","0.135","0.0","0.0279456"
"2013-06-12 04:30:00+00:00","0.169","0.0","0.0278349"
"2013-06-12 05:00:00+00:00","0.121","0.0","0.0279333"
"2013-06-12 05:30:00+00:00","0.093","0.0","0.0283761"
"2013-06-12 06:00:00+00:00","0.155","0.0","0.02956305"
"2013-06-12 06:30:00+00:00","0.088","0.0","0.03338835"
"2013-06-12 07:00:00+00:00","0.129","0.0","0.03456915"
"2013-06-12 07:30:00+00:00","0.125","0.0","0.0336036"
"2013-06-12 08:00:00+00:00","0.172","0.031","0.0363834"
"2013-06-12 08:30:00+00:00","0.355","0.05","0.03559005"
"2013-06-12 09:00:00+00:00","0.419","0.063","0.03504885"
"2013-06-12 09:30:00+00:00","0.111","0.181","0.03602055"
"2013-06-12 10:00:00+00:00","0.181","0.063","0.03674625"
"2013-06-12 10:30:00+00:00","0.098","0.144","0.0343293"
"2013-06-12 11:00:00+00:00","0.141","0.094","0.03689385"
"2013-06-12 11:30:00+00:00","0.258","0.15","0.0364449"
"2013-06-12 12:00:00+00:00","0.251","0.106","0.0350673"
"2013-06-12 12:30:00+00:00","0.902","0.0","0.03506115"
"2013-06-12 13:00:00+00:00","0.225","0.0","0.03506115"
"2013-06-12 13:30:00+00:00","0.573","0.0","0.03506115"
"2013-06-12 14:00:00+00:00","1.143","0.0","0.03506115"
"2013-06-12 14:30:00+00:00","0.605","0.063","0.03506115"
"2013-06-12 15:00:00+00:00","0.915","0.063","0.03349905"
"2013-06-12 15:30:00+00:00","1.52","0.013","0.03384345"
"2013-06-12 16:00:00+00:00","0.65","0.044","0.0349689"
"2013-06-12 16:30:00+00:00","0.546","0.081","0.0346368"
"2013-06-12 17:00:00+00:00","1.139","0.006","0.0346122"
"2013-06-12 17:30:00+00:00","0.67","0.0","0.039114"
"2013-06-12 18:00:00+00:00","0.141","0.0","0.05381865"
"2013-06-12 18:30:00+00:00","0.102","0.0","0.04226895"
"2013-06-12 19:00:00+00:00","0.117","0.0","0.03892335"
"2013-06-12 19:30:00+00:00","0.138","0.0","0.0354609"
"2013-06-12 20:00:00+00:00","0.079","0.0","0.0345507"
"2013-06-12 20:30:00+00:00","0.436","0.0","0.03476595"
"2013-06-12 21:00:00+00:00","0.13","0.0","0.03449535"
"2013-06-12 21:30:00+00:00","0.154","0.0","0.03343755"
"2013-06-12 22:00:00+00:00","0.216","0.0","0.03181395"
"2013-06-12 22:30:00+00:00","0.092","0.0","0.0369369"
"2013-06-12 23:00:00+00:00","0.162","0.0","0.03429855"
"2013-06-12 23:30:00+00:00","0.104","0.0","0.03306855"
"2013-06-13 00:00:00+00:00","0.975","0.0","0.03298245"
"2013-06-13 00:30:00+00:00","0.14","0.0","0.0319185"
"2013-06-13 01:00:00+00:00","0.072","0.0","0.0305778"
"2013-06-13 01:30:00+00:00","0.131","0.0","0.0296553"
"2013-06-13 02:00:00+00:00","0.126","0.0","0.0283761"
"2013-06-13 02:30:00+00:00","0.126","0.0","0.0272691"
"2013-06-13 03:00:00+00:00","0.096","0.0","0.02748435"
"2013-06-13 03:30:00+00:00","0.117","0.0","0.02790255"
"2013-06-13 04:00:00+00:00","0.079","0.0","0.02786565"
"2013-06-13 04:30:00+00:00","0.124","0.0","0.02795175"
"2013-06-13 05:00:00+00:00","0.102","0.0","0.02795175"
"2013-06-13 05:30:00+00:00","0.071","0.0","0.0285483"
"2013-06-13 06:00:00+00:00","0.148","0.0","0.02835765"
"2013-06-13 06:30:00+00:00","0.246","0.0","0.03006735"
"2013-06-13 07:00:00+00:00","0.309","0.0","0.0329025"
"2013-06-13 07:30:00+00:00","0.298","0.006","0.0336159"
"2013-06-13 08:00:00+00:00","0.143","0.2","0.03490125"
"2013-06-13 08:30:00+00:00","0.173","0.325","0.03495045"
"2013-06-13 09:00:00+00:00","0.094","0.438","0.03450765"
"2013-06-13 09:30:00+00:00","0.11","0.525","0.0342801"
"2013-06-13 10:00:00+00:00","0.093","0.594","0.03356055"
"2013-06-13 10:30:00+00:00","0.114","0.65","0.0345015"
"2013-06-13 11:00:00+00:00","0.152","0.688","0.03313005"
"2013-06-13 11:30:00+00:00","0.107","0.719","0.03340065"
"2013-06-13 12:00:00+00:00","0.218","0.719","0.03274875"
"2013-06-13 12:30:00+00:00","0.159","0.713","0.03241665"
"2013-06-13 13:00:00+00:00","0.2","0.688","0.03260115"
"2013-06-13 13:30:00+00:00","0.121","0.613","0.03260115"
"2013-06-13 14:00:00+00:00","0.147","0.594","0.03260115"
"2013-06-13 14:30:00+00:00","0.084","0.5","0.03260115"
"2013-06-13 15:00:00+00:00","0.192","0.288","0.03240435"
"2013-06-13 15:30:00+00:00","0.08","0.306","0.0326073"
"2013-06-13 16:00:00+00:00","0.101","0.075","0.03317925"
"2013-06-13 16:30:00+00:00","0.297","0.025","0.0309591"
"2013-06-13 17:00:00+00:00","0.178","0.0","0.03215835"
"2013-06-13 17:30:00+00:00","0.219","0.0","0.03348675"
"2013-06-13 18:00:00+00:00","0.394","0.0","0.03661095"
"2013-06-13 18:30:00+00:00","0.256","0.0","0.03495045"
"2013-06-13 19:00:00+00:00","0.272","0.0","0.0340341"
"2013-06-13 19:30:00+00:00","0.482","0.0","0.03368355"
"2013-06-13 20:00:00+00:00","0.506","0.0","0.0326934"
"2013-06-13 20:30:00+00:00","0.721","0.0","0.0328779"
"2013-06-13 21:00:00+00:00","1.063","0.0","0.03208455"
"2013-06-13 21:30:00+00:00","0.489","0.0","0.03156795"
"2013-06-13 22:00:00+00:00","0.365","0.0","0.0304425"
"2013-06-13 22:30:00+00:00","0.299","0.0","0.0347106"
"2013-06-13 23:00:00+00:00","0.163","0.0","0.0331854"
"2013-06-13 23:30:00+00:00","0.145","0.0","0.0329886"
"2013-06-14 00:00:00+00:00","0.662","0.0","0.03176475"
"2013-06-14 00:30:00+00:00","0.402","0.0","0.03059625"
"2013-06-14 01:00:00+00:00","0.143","0.0","0.0303072"
"2013-06-14 01:30:00+00:00","0.05","0.0","0.02934165"
"2013-06-14 02:00:00+00:00","0.136","0.0","0.0282039"
"2013-06-14 02:30:00+00:00","0.091","0.0","0.02739825"
"2013-06-14 03:00:00+00:00","0.152","0.0","0.02786565"
"2013-06-14 03:30:00+00:00","0.109","0.0","0.0279456"
"2013-06-14 04:00:00+00:00","0.093","0.0","0.0277365"
"2013-06-14 04:30:00+00:00","0.088","0.0","0.027921"
"2013-06-14 05:00:00+00:00","0.126","0.0","0.0279456"
"2013-06-14 05:30:00+00:00","0.049","0.0","0.02854215"
"2013-06-14 06:00:00+00:00","0.28","0.0","0.028413"
"2013-06-14 06:30:00+00:00","0.088","0.0","0.0307746"
"2013-06-14 07:00:00+00:00","0.228","0.0","0.03332685"
"2013-06-14 07:30:00+00:00","0.284","0.006","0.03266265"
"2013-06-14 08:00:00+00:00","0.148","0.206","0.03482745"
"2013-06-14 08:30:00+00:00","0.159","0.344","0.03449535"
"2013-06-14 09:00:00+00:00","0.309","0.419","0.0325212"
"2013-06-14 09:30:00+00:00","0.557","0.538","0.032595"
"2013-06-14 10:00:00+00:00","0.54","0.625","0.032595"
"2013-06-14 10:30:00+00:00","0.522","0.675","0.03300705"
"2013-06-14 11:00:00+00:00","0.542","0.7","0.0324474"
"2013-06-14 11:30:00+00:00","1.207","0.731","0.03249045"
"2013-06-14 12:00:00+00:00","1.133","0.656","0.0309099"
"2013-06-14 12:30:00+00:00","0.655","0.625","0.03057165"
"2013-06-14 13:00:00+00:00","0.487","0.688","0.030381"
"2013-06-14 13:30:00+00:00","0.51","0.644","0.03032565"
"2013-06-14 14:00:00+00:00","0.51","0.588","0.0304671"
"2013-06-14 14:30:00+00:00","0.417","0.513","0.03054705"
"2013-06-14 15:00:00+00:00","0.155","0.381","0.0306393"
"2013-06-14 15:30:00+00:00","0.118","0.244","0.0312789"
"2013-06-14 16:00:00+00:00","0.141","0.194","0.0317094"
"2013-06-14 16:30:00+00:00","0.556","0.056","0.0325212"
"2013-06-14 17:00:00+00:00","0.844","0.0","0.03255195"
"2013-06-14 17:30:00+00:00","0.147","0.0","0.03289635"
"2013-06-14 18:00:00+00:00","0.177","0.0","0.032964"
"2013-06-14 18:30:00+00:00","0.377","0.0","0.03359745"
"2013-06-14 19:00:00+00:00","0.232","0.0","0.0331977"
"2013-06-14 19:30:00+00:00","0.382","0.0","0.0334929"
"2013-06-14 20:00:00+00:00","0.66","0.0","0.03421245"
"2013-06-14 20:30:00+00:00","1.24","0.0","0.03401565"
"2013-06-14 21:00:00+00:00","0.337","0.0","0.03438465"
"2013-06-14 21:30:00+00:00","0.156","0.0","0.03295785"
"2013-06-14 22:00:00+00:00","0.116","0.0","0.0323244"
"2013-06-14 22:30:00+00:00","0.161","0.0","0.0361743"
"2013-06-14 23:00:00+00:00","0.43","0.0","0.03508575"
"2013-06-14 23:30:00+00:00","0.703","0.0","0.0352026"
"2013-06-15 00:00:00+00:00","0.12","0.0","0.0354486"
"2013-06-15 00:30:00+00:00","0.102","0.006","0.0339603"
"2013-06-15 01:00:00+00:00","0.131","0.0","0.03246585"
"2013-06-15 01:30:00+00:00","0.079","0.0","0.03223215"
"2013-06-15 02:00:00+00:00","0.094","0.0","0.03158025"
"2013-06-15 02:30:00+00:00","0.202","0.0","0.03058395"
"2013-06-15 03:00:00+00:00","0.1","0.0","0.0302949"
"2013-06-15 03:30:00+00:00","0.175","0.0","0.0295692"
"2013-06-15 04:00:00+00:00","0.074","0.0","0.02813625"
"2013-06-15 04:30:00+00:00","0.107","0.0","0.02795175"
"2013-06-15 05:00:00+00:00","0.099","0.0","0.02795175"
"2013-06-15 05:30:00+00:00","0.1","0.0","0.028413"
"2013-06-15 06:00:00+00:00","0.081","0.0","0.0288558"
"2013-06-15 06:30:00+00:00","0.13","0.0","0.02795175"
"2013-06-15 07:00:00+00:00","0.078","0.0","0.02891115"
"2013-06-15 07:30:00+00:00","0.438","0.0","0.0321153"
"2013-06-15 08:00:00+00:00","0.569","0.031","0.0327057"
"2013-06-15 08:30:00+00:00","0.152","0.244","0.03365895"
"2013-06-15 09:00:00+00:00","0.105","0.363","0.0348582"
"2013-06-15 09:30:00+00:00","0.103","0.444","0.03514725"
"2013-06-15 10:00:00+00:00","0.069","0.225","0.03367125"
"2013-06-15 10:30:00+00:00","0.143","0.613","0.0327549"
"2013-06-15 11:00:00+00:00","0.065","0.681","0.0325827"
"2013-06-15 11:30:00+00:00","0.18","0.713","0.0324105"
"2013-06-15 12:00:00+00:00","0.107","0.713","0.032595"
"2013-06-15 12:30:00+00:00","0.065","0.7","0.0324843"
"2013-06-15 13:00:00+00:00","0.156","0.394","0.03204765"
"2013-06-15 13:30:00+00:00","0.054","0.2","0.0319185"
"2013-06-15 14:00:00+00:00","0.145","0.319","0.03202305"
"2013-06-15 14:30:00+00:00","0.13","0.131","0.0324474"
"2013-06-15 15:00:00+00:00","0.118","0.069","0.0325581"
"2013-06-15 15:30:00+00:00","0.371","0.056","0.0336036"
"2013-06-15 16:00:00+00:00","0.174","0.019","0.03362205"
"2013-06-15 16:30:00+00:00","0.134","0.006","0.0319431"
"2013-06-15 17:00:00+00:00","0.5","0.0","0.03287175"
"2013-06-15 17:30:00+00:00","0.81","0.0","0.03517185"
"2013-06-15 18:00:00+00:00","0.967","0.0","0.0391632"
"2013-06-15 18:30:00+00:00","0.803","0.0","0.0365433"
"2013-06-15 19:00:00+00:00","0.67","0.0","0.0346491"
"2013-06-15 19:30:00+00:00","0.653","0.0","0.03335145"
"2013-06-15 20:00:00+00:00","0.975","0.0","0.0345999"
"2013-06-15 20:30:00+00:00","0.776","0.0","0.0350304"
"2013-06-15 21:00:00+00:00","0.533","0.0","0.034686"
"2013-06-15 21:30:00+00:00","0.13","0.0","0.0328533"
"2013-06-15 22:00:00+00:00","0.092","0.0","0.03417555"
"2013-06-15 22:30:00+00:00","0.144","0.0","0.03512265"
"2013-06-15 23:00:00+00:00","0.451","0.0","0.03481515"
"2013-06-15 23:30:00+00:00","0.715","0.0","0.0343047"
"2013-06-16 00:00:00+00:00","0.111","0.0","0.03437235"
"2013-06-16 00:30:00+00:00","0.119","0.0","0.0322752"
"2013-06-16 01:00:00+00:00","0.089","0.0","0.03214605"
"2013-06-16 01:30:00+00:00","0.156","0.0","0.03159255"
"2013-06-16 02:00:00+00:00","0.065","0.0","0.0307746"
"2013-06-16 02:30:00+00:00","0.177","0.0","0.0303933"
"2013-06-16 03:00:00+00:00","0.112","0.0","0.0307377"
"2013-06-16 03:30:00+00:00","0.118","0.0","0.02985825"
"2013-06-16 04:00:00+00:00","0.125","0.0","0.0301842"
"2013-06-16 04:30:00+00:00","0.06","0.0","0.02956305"
"2013-06-16 05:00:00+00:00","0.113","0.0","0.0293724"
"2013-06-16 05:30:00+00:00","0.101","0.0","0.0289788"
"2013-06-16 06:00:00+00:00","0.071","0.0","0.02947695"
"2013-06-16 06:30:00+00:00","0.112","0.0","0.0287082"
"2013-06-16 07:00:00+00:00","0.096","0.0","0.02802555"
"2013-06-16 07:30:00+00:00","0.189","0.006","0.02980905"
"2013-06-16 08:00:00+00:00","0.202","0.169","0.03272415"
"2013-06-16 08:30:00+00:00","0.158","0.306","0.03308085"
"2013-06-16 09:00:00+00:00","0.443","0.394","0.03436005"
"2013-06-16 09:30:00+00:00","0.121","0.494","0.03431085"
"2013-06-16 10:00:00+00:00","0.103","0.613","0.03289635"
"2013-06-16 10:30:00+00:00","0.108","0.588","0.03278565"
"2013-06-16 11:00:00+00:00","0.113","0.6","0.03256425"
"2013-06-16 11:30:00+00:00","0.136","0.694","0.03239205"
"2013-06-16 12:00:00+00:00","0.119","0.719","0.03256425"
"2013-06-16 12:30:00+00:00","0.1","0.631","0.0322014"
"2013-06-16 13:00:00+00:00","0.082","0.606","0.0316602"
"2013-06-16 13:30:00+00:00","0.147","0.594","0.0305532"
"2013-06-16 14:00:00+00:00","0.054","0.581","0.0311436"
"2013-06-16 14:30:00+00:00","0.143","0.519","0.0323613"
"2013-06-16 15:00:00+00:00","0.143","0.419","0.032595"
"2013-06-16 15:30:00+00:00","0.083","0.319","0.0326196"
"2013-06-16 16:00:00+00:00","0.174","0.194","0.0326319"
"2013-06-16 16:30:00+00:00","0.05","0.056","0.0323244"
"2013-06-16 17:00:00+00:00","0.325","0.0","0.0354609"
"2013-06-16 17:30:00+00:00","0.207","0.0","0.0407253"
"2013-06-16 18:00:00+00:00","0.22","0.0","0.0578592"
"2013-06-16 18:30:00+00:00","0.678","0.0","0.05047305"
"2013-06-16 19:00:00+00:00","0.762","0.0","0.04219515"
"2013-06-16 19:30:00+00:00","0.753","0.0","0.0398643"
"2013-06-16 20:00:00+00:00","0.863","0.0","0.03552855"
"2013-06-16 20:30:00+00:00","1.118","0.0","0.04359735"
"2013-06-16 21:00:00+00:00","1.117","0.0","0.0373182"
"2013-06-16 21:30:00+00:00","0.502","0.0","0.0329271"
"2013-06-16 22:00:00+00:00","0.105","0.0","0.03327765"
"2013-06-16 22:30:00+00:00","0.156","0.0","0.03625425"
"2013-06-16 23:00:00+00:00","0.125","0.0","0.03333915"
"2013-06-16 23:30:00+00:00","0.13","0.0","0.03225675"
"2013-06-17 00:00:00+00:00","0.152","0.0","0.0320538"
"2013-06-17 00:30:00+00:00","0.066","0.0","0.0325581"
"2013-06-17 01:00:00+00:00","0.136","0.0","0.03265035"
"2013-06-17 01:30:00+00:00","0.09","0.006","0.03202305"
"2013-06-17 02:00:00+00:00","0.101","0.0","0.03155565"
"2013-06-17 02:30:00+00:00","0.1","0.0","0.03006735"
"2013-06-17 03:00:00+00:00","0.125","0.0","0.03049785"
"2013-06-17 03:30:00+00:00","0.057","0.0","0.03080535"
"2013-06-17 04:00:00+00:00","0.191","0.0","0.03042405"
"2013-06-17 04:30:00+00:00","0.086","0.0","0.0308607"
"2013-06-17 05:00:00+00:00","0.11","0.0","0.0300981"
"2013-06-17 05:30:00+00:00","0.108","0.0","0.0330993"
"2013-06-17 06:00:00+00:00","0.156","0.0","0.03218295"
"2013-06-17 06:30:00+00:00","0.397","0.0","0.0349443"
"2013-06-17 07:00:00+00:00","0.2","0.0","0.03820995"
"2013-06-17 07:30:00+00:00","0.33","0.006","0.02953845"
"2013-06-17 08:00:00+00:00","0.372","0.188","0.04563915"
"2013-06-17 08:30:00+00:00","0.173","0.294","0.034563"
"2013-06-17 09:00:00+00:00","0.142","0.15","0.0345507"
"2013-06-17 09:30:00+00:00","0.13","0.313","0.0364941"
"2013-06-17 10:00:00+00:00","0.225","0.475","0.0355716"
"2013-06-17 10:30:00+00:00","0.601","0.35","0.0349935"
"2013-06-17 11:00:00+00:00","0.136","0.313","0.035055"
"2013-06-17 11:30:00+00:00","0.681","0.45","0.03504885"
"2013-06-17 12:00:00+00:00","0.349","0.55","0.03507345"
"2013-06-17 12:30:00+00:00","0.092","0.413","0.035055"
"2013-06-17 13:00:00+00:00","0.243","0.475","0.0320415"
"2013-06-17 13:30:00+00:00","0.35","0.4","0.034194"
"2013-06-17 14:00:00+00:00","0.125","0.256","0.03506115"
"2013-06-17 14:30:00+00:00","0.212","0.306","0.03511035"
"2013-06-17 15:00:00+00:00","0.098","0.188","0.0321768"
"2013-06-17 15:30:00+00:00","0.665","0.088","0.0333699"
"2013-06-17 16:00:00+00:00","0.318","0.15","0.0350304"
"2013-06-17 16:30:00+00:00","0.122","0.075","0.03178935"
"2013-06-17 17:00:00+00:00","0.605","0.0","0.03443385"
"2013-06-17 17:30:00+00:00","1.236","0.0","0.04592205"
"2013-06-17 18:00:00+00:00","1.224","0.0","0.04604505"
"2013-06-17 18:30:00+00:00","1.067","0.0","0.0387327"
"2013-06-17 19:00:00+00:00","1.251","0.0","0.04405245"
"2013-06-17 19:30:00+00:00","1.273","0.0","0.0359898"
"2013-06-17 20:00:00+00:00","1.252","0.0","0.0350304"
"2013-06-17 20:30:00+00:00","0.968","0.0","0.03474135"
"2013-06-17 21:00:00+00:00","0.166","0.0","0.03613125"
"2013-06-17 21:30:00+00:00","0.114","0.0","0.03224445"
"2013-06-17 22:00:00+00:00","0.153","0.0","0.0336036"
"2013-06-17 22:30:00+00:00","0.809","0.0","0.04899705"
"2013-06-17 23:00:00+00:00","0.333","0.0","0.0430377"
"2013-06-17 23:30:00+00:00","0.097","0.0","0.0363711"
"2013-06-18 00:00:00+00:00","0.154","0.0","0.0345261"
"2013-06-18 00:30:00+00:00","0.06","0.0","0.0363342"
"2013-06-18 01:00:00+00:00","0.155","0.0","0.0353379"
"2013-06-18 01:30:00+00:00","0.09","0.0","0.0342555"
"2013-06-18 02:00:00+00:00","0.094","0.0","0.0331854"
"2013-06-18 02:30:00+00:00","0.147","0.0","0.03251505"
"2013-06-18 03:00:00+00:00","0.097","0.0","0.0326073"
"2013-06-18 03:30:00+00:00","0.14","0.0","0.03262575"
"2013-06-18 04:00:00+00:00","0.076","0.0","0.03260115"
"2013-06-18 04:30:00+00:00","0.109","0.0","0.03237975"
"2013-06-18 05:00:00+00:00","0.11","0.0","0.03261345"
"2013-06-18 05:30:00+00:00","0.108","0.0","0.03342525"
"2013-06-18 06:00:00+00:00","0.134","0.0","0.03359745"
"2013-06-18 06:30:00+00:00","0.203","0.0","0.034563"
"2013-06-18 07:00:00+00:00","0.081","0.0","0.0462972"
"2013-06-18 07:30:00+00:00","0.129","0.006","0.05461815"
"2013-06-18 08:00:00+00:00","0.162","0.188","0.0346614"
"2013-06-18 08:30:00+00:00","0.087","0.325","0.03420015"
"2013-06-18 09:00:00+00:00","0.407","0.438","0.0330378"
"2013-06-18 09:30:00+00:00","0.067","0.525","0.0324597"
"2013-06-18 10:00:00+00:00","0.321","0.6","0.0334068"
"2013-06-18 10:30:00+00:00","0.205","0.644","0.0360882"
"2013-06-18 11:00:00+00:00","0.081","0.694","0.0345876"
"2013-06-18 11:30:00+00:00","0.133","0.713","0.0352149"
"2013-06-18 12:00:00+00:00","0.124","0.719","0.0347844"
"2013-06-18 12:30:00+00:00","0.116","0.706","0.0349197"
"2013-06-18 13:00:00+00:00","0.104","0.675","0.0347352"
"2013-06-18 13:30:00+00:00","0.097","0.638","0.0349689"
"2013-06-18 14:00:00+00:00","0.092","0.575","0.03501195"
"2013-06-18 14:30:00+00:00","0.133","0.513","0.03508575"
"2013-06-18 15:00:00+00:00","0.064","0.419","0.0347352"
"2013-06-18 15:30:00+00:00","0.119","0.313","0.0344277"
"2013-06-18 16:00:00+00:00","0.144","0.2","0.03541785"
"2013-06-18 16:30:00+00:00","0.196","0.056","0.03588525"
"2013-06-18 17:00:00+00:00","0.238","0.0","0.0343416"
"2013-06-18 17:30:00+00:00","0.208","0.0","0.041205"
"2013-06-18 18:00:00+00:00","0.225","0.0","0.03683235"
"2013-06-18 18:30:00+00:00","1.183","0.0","0.03663555"
"2013-06-18 19:00:00+00:00","1.3","0.0","0.03498735"
"2013-06-18 19:30:00+00:00","1.249","0.0","0.0352149"
"2013-06-18 20:00:00+00:00","1.247","0.0","0.0364203"
"2013-06-18 20:30:00+00:00","1.387","0.0","0.0353256"
"2013-06-18 21:00:00+00:00","1.145","0.0","0.03502425"
"2013-06-18 21:30:00+00:00","0.814","0.0","0.03496275"
"2013-06-18 22:00:00+00:00","0.159","0.0","0.03492585"
"2013-06-18 22:30:00+00:00","0.116","0.0","0.0544767"
"2013-06-18 23:00:00+00:00","0.116","0.0","0.03670935"
"2013-06-18 23:30:00+00:00","0.137","0.0","0.0358791"
"2013-06-19 00:00:00+00:00","0.105","0.0","0.0341325"
"2013-06-19 00:30:00+00:00","0.148","0.0","0.0343416"
"2013-06-19 01:00:00+00:00","0.138","0.0","0.0344277"
"2013-06-19 01:30:00+00:00","0.084","0.0","0.033825"
"2013-06-19 02:00:00+00:00","0.089","0.0","0.0323613"
"2013-06-19 02:30:00+00:00","0.118","0.0","0.03198615"
"2013-06-19 03:00:00+00:00","0.055","0.0","0.0310698"
"2013-06-19 03:30:00+00:00","0.135","0.0","0.02950155"
"2013-06-19 04:00:00+00:00","0.066","0.0","0.02891115"
"2013-06-19 04:30:00+00:00","0.082","0.0","0.0314142"
"2013-06-19 05:00:00+00:00","0.139","0.0","0.03186315"
"2013-06-19 05:30:00+00:00","0.085","0.0","0.0335667"
"2013-06-19 06:00:00+00:00","0.133","0.0","0.03117435"
"2013-06-19 06:30:00+00:00","0.08","0.0","0.0342309"
"2013-06-19 07:00:00+00:00","0.147","0.0","0.03586065"
"2013-06-19 07:30:00+00:00","0.246","0.0","0.04937835"
"2013-06-19 08:00:00+00:00","0.182","0.0","0.05060835"
"2013-06-19 08:30:00+00:00","0.493","0.063","0.03471675"
"2013-06-19 09:00:00+00:00","0.223","0.038","0.03602055"
"2013-06-19 09:30:00+00:00","0.121","0.363","0.03408945"
"2013-06-19 10:00:00+00:00","0.186","0.381","0.0325581"
"2013-06-19 10:30:00+00:00","0.116","0.281","0.0326934"
"2013-06-19 11:00:00+00:00","0.069","0.388","0.0330747"
"2013-06-19 11:30:00+00:00","0.142","0.2","0.03389265"
"2013-06-19 12:00:00+00:00","0.045","0.406","0.0330993"
"2013-06-19 12:30:00+00:00","0.116","0.488","0.0326196"
"2013-06-19 13:00:00+00:00","0.099","0.231","0.03261345"
"2013-06-19 13:30:00+00:00","0.052","0.5","0.03305625"
"2013-06-19 14:00:00+00:00","0.144","0.15","0.03467985"
"2013-06-19 14:30:00+00:00","0.091","0.256","0.03640185"
"2013-06-19 15:00:00+00:00","0.143","0.363","0.0324105"
"2013-06-19 15:30:00+00:00","0.101","0.125","0.034686"
"2013-06-19 16:00:00+00:00","0.059","0.094","0.0352272"
"2013-06-19 16:30:00+00:00","0.121","0.081","0.03193695"
"2013-06-19 17:00:00+00:00","0.066","0.0","0.03985815"
"2013-06-19 17:30:00+00:00","0.112","0.0","0.03921855"
"2013-06-19 18:00:00+00:00","0.36","0.0","0.05814825"
"2013-06-19 18:30:00+00:00","1.391","0.0","0.0457683"
"2013-06-19 19:00:00+00:00","1.392","0.0","0.03996885"
"2013-06-19 19:30:00+00:00","1.196","0.0","0.03465525"
"2013-06-19 20:00:00+00:00","1.219","0.0","0.03502425"
"2013-06-19 20:30:00+00:00","0.542","0.0","0.04993185"
"2013-06-19 21:00:00+00:00","0.273","0.0","0.0377118"
"2013-06-19 21:30:00+00:00","0.092","0.0","0.0348459"
"2013-06-19 22:00:00+00:00","0.162","0.0","0.0334806"
"2013-06-19 22:30:00+00:00","0.079","0.0","0.0467154"
"2013-06-19 23:00:00+00:00","0.124","0.0","0.03442155"
"2013-06-19 23:30:00+00:00","0.182","0.0","0.0368385"
"2013-06-20 00:00:00+00:00","0.071","0.0","0.0341079"
"2013-06-20 00:30:00+00:00","0.174","0.0","0.03512265"
"2013-06-20 01:00:00+00:00","0.064","0.0","0.03522105"
"2013-06-20 01:30:00+00:00","0.141","0.0","0.0337635"
"2013-06-20 02:00:00+00:00","0.111","0.0","0.0327672"
"2013-06-20 02:30:00+00:00","0.081","0.0","0.0324105"
"2013-06-20 03:00:00+00:00","0.121","0.0","0.03126045"
"2013-06-20 03:30:00+00:00","0.059","0.0","0.0295323"
"2013-06-20 04:00:00+00:00","0.135","0.0","0.02891115"
"2013-06-20 04:30:00+00:00","0.119","0.0","0.0317217"
"2013-06-20 05:00:00+00:00","0.091","0.0","0.03249045"
"2013-06-20 05:30:00+00:00","0.072","0.0","0.03185085"
"2013-06-20 06:00:00+00:00","0.102","0.0","0.0351165"
"2013-06-20 06:30:00+00:00","0.205","0.0","0.04082985"
"2013-06-20 07:00:00+00:00","0.136","0.0","0.0589539"
"2013-06-20 07:30:00+00:00","0.235","0.0","0.0494337"
"2013-06-20 08:00:00+00:00","0.194","0.025","0.0350796"
"2013-06-20 08:30:00+00:00","0.161","0.063","0.0674409"
"2013-06-20 09:00:00+00:00","0.079","0.181","0.09296955"
"2013-06-20 09:30:00+00:00","0.145","0.15","0.04481505"
"2013-06-20 10:00:00+00:00","0.079","0.219","0.03941535"
"2013-06-20 10:30:00+00:00","0.071","0.313","0.0456207"
"2013-06-20 11:00:00+00:00","0.128","0.2","0.0435297"
"2013-06-20 11:30:00+00:00","0.067","0.294","0.03787785"
"2013-06-20 12:00:00+00:00","0.256","0.406","0.03284715"
"2013-06-20 12:30:00+00:00","0.176","0.388","0.0352149"
"2013-06-20 13:00:00+00:00","0.183","0.469","0.03463065"
"2013-06-20 13:30:00+00:00","0.185","0.194","0.03512265"
"2013-06-20 14:00:00+00:00","0.189","0.25","0.0337512"
"2013-06-20 14:30:00+00:00","0.08","0.225","0.032349"
"2013-06-20 15:00:00+00:00","0.131","0.175","0.0329025"
"2013-06-20 15:30:00+00:00","0.067","0.213","0.0340341"
"2013-06-20 16:00:00+00:00","0.251","0.075","0.03356055"
"2013-06-20 16:30:00+00:00","0.229","0.019","0.03506115"
"2013-06-20 17:00:00+00:00","1.014","0.0","0.0398028"
"2013-06-20 17:30:00+00:00","1.075","0.0","0.04497495"
"2013-06-20 18:00:00+00:00","1.088","0.0","0.07827105"
"2013-06-20 18:30:00+00:00","1.164","0.0","0.07244085"
"2013-06-20 19:00:00+00:00","1.183","0.0","0.06043605"
"2013-06-20 19:30:00+00:00","1.105","0.0","0.0380562"
"2013-06-20 20:00:00+00:00","1.219","0.0","0.0361251"
"2013-06-20 20:30:00+00:00","1.228","0.0","0.04410165"
"2013-06-20 21:00:00+00:00","0.55","0.0","0.04137105"
"2013-06-20 21:30:00+00:00","0.203","0.0","0.0347967"
"2013-06-20 22:00:00+00:00","0.214","0.0","0.0344154"
"2013-06-20 22:30:00+00:00","0.218","0.0","0.0487449"
"2013-06-20 23:00:00+00:00","0.179","0.0","0.0359406"
"2013-06-20 23:30:00+00:00","0.833","0.0","0.03504885"
"2013-06-21 00:00:00+00:00","0.285","0.0","0.0346614"
"2013-06-21 00:30:00+00:00","0.043","0.0","0.03491355"
"2013-06-21 01:00:00+00:00","0.137","0.0","0.0347352"
"2013-06-21 01:30:00+00:00","0.081","0.0","0.0330132"
"2013-06-21 02:00:00+00:00","0.084","0.0","0.0322629"
"2013-06-21 02:30:00+00:00","0.107","0.0","0.03251505"
"2013-06-21 03:00:00+00:00","0.091","0.0","0.03121125"
"2013-06-21 03:30:00+00:00","0.129","0.0","0.03000585"
"2013-06-21 04:00:00+00:00","0.107","0.0","0.0285852"
"2013-06-21 04:30:00+00:00","0.063","0.0","0.02846835"
"2013-06-21 05:00:00+00:00","0.104","0.0","0.0304425"
"2013-06-21 05:30:00+00:00","0.092","0.0","0.0325089"
"2013-06-21 06:00:00+00:00","0.062","0.0","0.03314235"
"2013-06-21 06:30:00+00:00","0.174","0.0","0.0335544"
"2013-06-21 07:00:00+00:00","0.22","0.0","0.03455685"
"2013-06-21 07:30:00+00:00","0.135","0.006","0.0340464"
"2013-06-21 08:00:00+00:00","0.252","0.031","0.03867735"
"2013-06-21 08:30:00+00:00","0.212","0.113","0.0449565"
"2013-06-21 09:00:00+00:00","0.217","0.194","0.0379701"
"2013-06-21 09:30:00+00:00","0.509","0.294","0.0434559"
"2013-06-21 10:00:00+00:00","0.409","0.269","0.02062095"
"2013-06-21 10:30:00+00:00","0.685","0.538","0.03365895"
"2013-06-21 11:00:00+00:00","0.332","0.681","0.0325581"
"2013-06-21 11:30:00+00:00","0.161","0.744","0.03790245"
"2013-06-21 12:00:00+00:00","0.053","0.65","0.0357315"
"2013-06-21 12:30:00+00:00","0.132","0.425","0.04117425"
"2013-06-21 13:00:00+00:00","0.124","0.356","0.0394338"
"2013-06-21 13:30:00+00:00","0.102","0.35","0.03797625"
"2013-06-21 14:00:00+00:00","0.108","0.406","0.03752115"
"2013-06-21 14:30:00+00:00","0.181","0.475","0.033702"
"2013-06-21 15:00:00+00:00","0.235","0.331","0.03203535"
"2013-06-21 15:30:00+00:00","0.193","0.2","0.03051015"
"2013-06-21 16:00:00+00:00","0.147","0.175","0.0339603"
"2013-06-21 16:30:00+00:00","0.321","0.05","0.0358668"
"2013-06-21 17:00:00+00:00","0.831","0.0","0.0469368"
"2013-06-21 17:30:00+00:00","1.597","0.0","0.0626685"
"2013-06-21 18:00:00+00:00","1.584","0.0","0.07768065"
"2013-06-21 18:30:00+00:00","1.213","0.0","0.06265005"
"2013-06-21 19:00:00+00:00","1.123","0.0","0.04212135"
"2013-06-21 19:30:00+00:00","1.325","0.0","0.03897255"
"2013-06-21 20:00:00+00:00","1.165","0.0","0.0368877"
"2013-06-21 20:30:00+00:00","0.923","0.0","0.03754575"
"2013-06-21 21:00:00+00:00","0.234","0.0","0.03845595"
"2013-06-21 21:30:00+00:00","0.109","0.0","0.03682005"
"2013-06-21 22:00:00+00:00","0.207","0.0","0.0355962"
"2013-06-21 22:30:00+00:00","0.056","0.0","0.0513279"
"2013-06-21 23:00:00+00:00","0.149","0.0","0.0449196"
"2013-06-21 23:30:00+00:00","0.096","0.0","0.04915695"
"2013-06-22 00:00:00+00:00","0.105","0.0","0.0524964"
"2013-06-22 00:30:00+00:00","0.119","0.0","0.0373305"
"2013-06-22 01:00:00+00:00","0.1","0.0","0.03745965"
"2013-06-22 01:30:00+00:00","0.099","0.0","0.03507345"
"2013-06-22 02:00:00+00:00","0.113","0.0","0.0347598"
"2013-06-22 02:30:00+00:00","0.112","0.0","0.0334806"
"2013-06-22 03:00:00+00:00","0.097","0.0","0.03252735"
"2013-06-22 03:30:00+00:00","0.101","0.0","0.0323121"
"2013-06-22 04:00:00+00:00","0.051","0.0","0.0316848"
"2013-06-22 04:30:00+00:00","0.139","0.0","0.0325458"
"2013-06-22 05:00:00+00:00","0.045","0.0","0.0326073"
"2013-06-22 05:30:00+00:00","0.116","0.0","0.0326073"
"2013-06-22 06:00:00+00:00","0.079","0.0","0.03262575"
"2013-06-22 06:30:00+00:00","0.078","0.0","0.0324843"
"2013-06-22 07:00:00+00:00","0.318","0.0","0.03321"
"2013-06-22 07:30:00+00:00","0.114","0.006","0.0356208"
"2013-06-22 08:00:00+00:00","0.238","0.15","0.0481299"
"2013-06-22 08:30:00+00:00","0.384","0.275","0.05493795"
"2013-06-22 09:00:00+00:00","0.488","0.394","0.05819745"
"2013-06-22 09:30:00+00:00","0.196","0.475","0.0614385"
"2013-06-22 10:00:00+00:00","0.095","0.538","0.05204745"
"2013-06-22 10:30:00+00:00","0.071","0.675","0.0465924"
"2013-06-22 11:00:00+00:00","0.131","0.688","0.0404178"
"2013-06-22 11:30:00+00:00","0.051","0.719","0.0397044"
"2013-06-22 12:00:00+00:00","0.154","0.488","0.0409344"
"2013-06-22 12:30:00+00:00","0.103","0.313","0.036777"
"2013-06-22 13:00:00+00:00","0.072","0.575","0.0367155"
"2013-06-22 13:30:00+00:00","0.204","0.494","0.0395445"
"2013-06-22 14:00:00+00:00","0.038","0.531","0.0404178"
"2013-06-22 14:30:00+00:00","0.148","0.519","0.0389172"
"2013-06-22 15:00:00+00:00","0.075","0.369","0.03920625"
"2013-06-22 15:30:00+00:00","0.083","0.156","0.03807465"
"2013-06-22 16:00:00+00:00","0.149","0.069","0.04568835"
"2013-06-22 16:30:00+00:00","0.09","0.013","0.0514017"
"2013-06-22 17:00:00+00:00","0.112","0.0","0.05843115"
"2013-06-22 17:30:00+00:00","0.938","0.0","0.0577731"
"2013-06-22 18:00:00+00:00","0.157","0.0","0.10493745"
"2013-06-22 18:30:00+00:00","0.179","0.0","0.06790215"
"2013-06-22 19:00:00+00:00","0.151","0.0","0.0615984"
"2013-06-22 19:30:00+00:00","0.121","0.0","0.0543045"
"2013-06-22 20:00:00+00:00","0.188","0.0","0.05201055"
"2013-06-22 20:30:00+00:00","0.142","0.0","0.06142005"
"2013-06-22 21:00:00+00:00","0.183","0.0","0.05618025"
"2013-06-22 21:30:00+00:00","0.136","0.0","0.04642635"
"2013-06-22 22:00:00+00:00","0.123","0.0","0.04384335"
"2013-06-22 22:30:00+00:00","0.175","0.0","0.05374485"
"2013-06-22 23:00:00+00:00","0.096","0.0","0.0547473"
"2013-06-22 23:30:00+00:00","0.17","0.0","0.04367115"
"2013-06-23 00:00:00+00:00","0.222","0.0","0.0356946"
"2013-06-23 00:30:00+00:00","0.169","0.0","0.03755805"
"2013-06-23 01:00:00+00:00","0.258","0.0","0.0379947"
"2013-06-23 01:30:00+00:00","0.136","0.0","0.0363834"
"2013-06-23 02:00:00+00:00","0.072","0.0","0.0334683"
"2013-06-23 02:30:00+00:00","0.116","0.0","0.0341079"
"2013-06-23 03:00:00+00:00","0.053","0.0","0.0332346"
"2013-06-23 03:30:00+00:00","0.117","0.0","0.03258885"
"2013-06-23 04:00:00+00:00","0.081","0.0","0.0321645"
"2013-06-23 04:30:00+00:00","0.09","0.0","0.0319923"
"2013-06-23 05:00:00+00:00","0.159","0.0","0.03217065"
"2013-06-23 05:30:00+00:00","0.056","0.0","0.03299475"
"2013-06-23 06:00:00+00:00","0.183","0.0","0.03226905"
"2013-06-23 06:30:00+00:00","0.083","0.0","0.0315003"
"2013-06-23 07:00:00+00:00","0.202","0.0","0.0324843"
"2013-06-23 07:30:00+00:00","0.184","0.0","0.02958765"
"2013-06-23 08:00:00+00:00","0.11","0.006","0.0330009"
"2013-06-23 08:30:00+00:00","0.175","0.05","0.03747195"
"2013-06-23 09:00:00+00:00","0.231","0.094","0.04330215"
"2013-06-23 09:30:00+00:00","0.151","0.125","0.03479055"
"2013-06-23 10:00:00+00:00","0.126","0.1","0.04923075"
"2013-06-23 10:30:00+00:00","0.108","0.194","0.04443375"
"2013-06-23 11:00:00+00:00","0.091","0.4","0.03744735"
"2013-06-23 11:30:00+00:00","0.147","0.506","0.03679545"
"2013-06-23 12:00:00+00:00","0.037","0.275","0.0368877"
"2013-06-23 12:30:00+00:00","0.143","0.356","0.03504885"
"2013-06-23 13:00:00+00:00","0.121","0.244","0.03509805"
"2013-06-23 13:30:00+00:00","0.108","0.1","0.0351165"
"2013-06-23 14:00:00+00:00","0.581","0.025","0.0350673"
"2013-06-23 14:30:00+00:00","1.322","0.013","0.03506115"
"2013-06-23 15:00:00+00:00","1.239","0.0","0.0356085"
"2013-06-23 15:30:00+00:00","0.985","0.0","0.0365925"
"2013-06-23 16:00:00+00:00","1.42","0.0","0.04401555"
"2013-06-23 16:30:00+00:00","1.631","0.0","0.04151865"
"2013-06-23 17:00:00+00:00","0.641","0.006","0.05941515"
"2013-06-23 17:30:00+00:00","0.609","0.0","0.0614385"
"2013-06-23 18:00:00+00:00","1.19","0.0","0.06782835"
"2013-06-23 18:30:00+00:00","1.123","0.0","0.06963645"
"2013-06-23 19:00:00+00:00","1.159","0.0","0.05356035"
"2013-06-23 19:30:00+00:00","1.134","0.0","0.0427056"
"2013-06-23 20:00:00+00:00","1.163","0.0","0.04592205"
"2013-06-23 20:30:00+00:00","0.343","0.0","0.05379405"
"2013-06-23 21:00:00+00:00","0.307","0.0","0.0400119"
"2013-06-23 21:30:00+00:00","0.111","0.0","0.0387819"
"2013-06-23 22:00:00+00:00","0.131","0.0","0.0366417"
"2013-06-23 22:30:00+00:00","0.075","0.0","0.04256415"
"2013-06-23 23:00:00+00:00","0.169","0.0","0.03557775"
"2013-06-23 23:30:00+00:00","0.058","0.0","0.037515"
"2013-06-24 00:00:00+00:00","0.999","0.0","0.03796395"
"2013-06-24 00:30:00+00:00","0.153","0.0","0.03465525"
"2013-06-24 01:00:00+00:00","0.097","0.0","0.034809"
"2013-06-24 01:30:00+00:00","0.121","0.0","0.03492585"
"2013-06-24 02:00:00+00:00","0.086","0.0","0.03437235"
"2013-06-24 02:30:00+00:00","0.142","0.0","0.0327918"
"2013-06-24 03:00:00+00:00","0.131","0.0","0.0328779"
"2013-06-24 03:30:00+00:00","0.058","0.0","0.03271185"
"2013-06-24 04:00:00+00:00","0.138","0.0","0.0324843"
"2013-06-24 04:30:00+00:00","0.083","0.0","0.03346215"
"2013-06-24 05:00:00+00:00","0.118","0.0","0.03405255"
"2013-06-24 05:30:00+00:00","0.145","0.0","0.0357192"
"2013-06-24 06:00:00+00:00","0.071","0.0","0.0403932"
"2013-06-24 06:30:00+00:00","0.096","0.0","0.04303155"
"2013-06-24 07:00:00+00:00","0.086","0.0","0.06757005"
"2013-06-24 07:30:00+00:00","0.14","0.0","0.05176455"
"2013-06-24 08:00:00+00:00","0.17","0.0","0.0778344"
"2013-06-24 08:30:00+00:00","0.173","0.019","0.08016525"
"2013-06-24 09:00:00+00:00","0.075","0.025","0.07173975"
"2013-06-24 09:30:00+00:00","0.115","0.119","0.06177675"
"2013-06-24 10:00:00+00:00","0.072","0.463","0.0474411"
"2013-06-24 10:30:00+00:00","0.16","0.563","0.0533574"
"2013-06-24 11:00:00+00:00","0.078","0.681","0.050184"
"2013-06-24 11:30:00+00:00","0.077","0.713","0.06439665"
"2013-06-24 12:00:00+00:00","0.126","0.319","0.05705355"
"2013-06-24 12:30:00+00:00","0.197","0.394","0.0606759"
"2013-06-24 13:00:00+00:00","0.234","0.194","0.04754565"
"2013-06-24 13:30:00+00:00","0.147","0.575","0.04388025"
"2013-06-24 14:00:00+00:00","0.29","0.488","0.04178925"
"2013-06-24 14:30:00+00:00","0.344","0.244","0.0476502"
"2013-06-24 15:00:00+00:00","0.469","0.131","0.04734885"
"2013-06-24 15:30:00+00:00","0.173","0.088","0.0477363"
"2013-06-24 16:00:00+00:00","0.221","0.031","0.0516108"
"2013-06-24 16:30:00+00:00","0.217","0.013","0.06025155"
"2013-06-24 17:00:00+00:00","0.201","0.0","0.06707805"
"2013-06-24 17:30:00+00:00","1.062","0.0","0.07327725"
"2013-06-24 18:00:00+00:00","1.29","0.0","0.0746241"
"2013-06-24 18:30:00+00:00","1.178","0.0","0.0711555"
"2013-06-24 19:00:00+00:00","0.783","0.0","0.05777925"
"2013-06-24 19:30:00+00:00","0.875","0.0","0.04958745"
"2013-06-24 20:00:00+00:00","1.182","0.0","0.04614345"
"2013-06-24 20:30:00+00:00","1.013","0.0","0.0462849"
"2013-06-24 21:00:00+00:00","0.265","0.0","0.03959985"
"2013-06-24 21:30:00+00:00","0.091","0.0","0.03636495"
"2013-06-24 22:00:00+00:00","0.141","0.0","0.03442155"
"2013-06-24 22:30:00+00:00","0.112","0.0","0.04787775"
"2013-06-24 23:00:00+00:00","0.117","0.0","0.0424842"
"2013-06-24 23:30:00+00:00","0.179","0.0","0.0411558"
"2013-06-25 00:00:00+00:00","0.144","0.0","0.03610665"
"2013-06-25 00:30:00+00:00","0.06","0.0","0.0350304"
"2013-06-25 01:00:00+00:00","0.159","0.0","0.03513495"
"2013-06-25 01:30:00+00:00","0.033","0.0","0.03486435"
"2013-06-25 02:00:00+00:00","0.122","0.0","0.0350181"
"2013-06-25 02:30:00+00:00","0.085","0.0","0.0340956"
"2013-06-25 03:00:00+00:00","0.073","0.0","0.03260115"
"2013-06-25 03:30:00+00:00","0.12","0.0","0.0324351"
"2013-06-25 04:00:00+00:00","0.1","0.0","0.03178935"
"2013-06-25 04:30:00+00:00","0.105","0.0","0.0319062"
"2013-06-25 05:00:00+00:00","0.13","0.0","0.03269955"
"2013-06-25 05:30:00+00:00","0.043","0.0","0.0341817"
"2013-06-25 06:00:00+00:00","0.243","0.0","0.03300705"
"2013-06-25 06:30:00+00:00","0.133","0.0","0.0348336"
"2013-06-25 07:00:00+00:00","0.076","0.0","0.036777"
"2013-06-25 07:30:00+00:00","0.178","0.006","0.0350796"
"2013-06-25 08:00:00+00:00","0.067","0.075","0.04274865"
"2013-06-25 08:30:00+00:00","0.29","0.038","0.04501185"
"2013-06-25 09:00:00+00:00","0.151","0.119","0.0393231"
"2013-06-25 09:30:00+00:00","0.23","0.225","0.0461865"
"2013-06-25 10:00:00+00:00","0.29","0.35","0.0399258"
"2013-06-25 10:30:00+00:00","0.082","0.206","0.0349566"
"2013-06-25 11:00:00+00:00","0.078","0.219","0.03632805"
"2013-06-25 11:30:00+00:00","0.117","0.169","0.03717675"
"2013-06-25 12:00:00+00:00","0.05","0.238","0.0367893"
"2013-06-25 12:30:00+00:00","0.12","0.219","0.0350919"
"2013-06-25 13:00:00+00:00","0.077","0.669","0.0349566"
"2013-06-25 13:30:00+00:00","0.08","0.606","0.03466755"
"2013-06-25 14:00:00+00:00","0.127","0.094","0.03496275"
"2013-06-25 14:30:00+00:00","0.129","0.475","0.0345999"
"2013-06-25 15:00:00+00:00","0.079","0.425","0.03443385"
"2013-06-25 15:30:00+00:00","0.178","0.169","0.03443385"
"2013-06-25 16:00:00+00:00","0.105","0.175","0.0353994"
"2013-06-25 16:30:00+00:00","0.217","0.075","0.03620505"
"2013-06-25 17:00:00+00:00","1.113","0.0","0.03909555"
"2013-06-25 17:30:00+00:00","1.131","0.0","0.0584865"
"2013-06-25 18:00:00+00:00","1.157","0.0","0.06990705"
"2013-06-25 18:30:00+00:00","1.191","0.0","0.05223195"
"2013-06-25 19:00:00+00:00","1.217","0.0","0.0444276"
"2013-06-25 19:30:00+00:00","1.2","0.0","0.03846825"
"2013-06-25 20:00:00+00:00","1.138","0.0","0.03531945"
"2013-06-25 20:30:00+00:00","0.919","0.0","0.0410943"
"2013-06-25 21:00:00+00:00","0.387","0.0","0.03654945"
"2013-06-25 21:30:00+00:00","0.139","0.0","0.03480285"
"2013-06-25 22:00:00+00:00","0.154","0.0","0.03447075"
"2013-06-25 22:30:00+00:00","0.055","0.0","0.04042395"
"2013-06-25 23:00:00+00:00","0.161","0.0","0.03600825"
"2013-06-25 23:30:00+00:00","0.113","0.0","0.03490125"
"2013-06-26 00:00:00+00:00","0.137","0.0","0.0348951"
"2013-06-26 00:30:00+00:00","0.124","0.0","0.0352026"
"2013-06-26 01:00:00+00:00","0.085","0.0","0.03503655"
"2013-06-26 01:30:00+00:00","0.107","0.0","0.03482745"
"2013-06-26 02:00:00+00:00","0.095","0.0","0.0343047"
"2013-06-26 02:30:00+00:00","0.067","0.0","0.03309315"
"2013-06-26 03:00:00+00:00","0.104","0.0","0.032595"
"2013-06-26 03:30:00+00:00","0.092","0.0","0.03170325"
"2013-06-26 04:00:00+00:00","0.08","0.0","0.0311928"
"2013-06-26 04:30:00+00:00","0.163","0.0","0.03135885"
"2013-06-26 05:00:00+00:00","0.066","0.0","0.031857"
"2013-06-26 05:30:00+00:00","0.125","0.0","0.03241665"
"2013-06-26 06:00:00+00:00","0.072","0.0","0.03114975"
"2013-06-26 06:30:00+00:00","0.084","0.0","0.03417555"
"2013-06-26 07:00:00+00:00","0.285","0.0","0.034686"
"2013-06-26 07:30:00+00:00","0.154","0.006","0.03455685"
"2013-06-26 08:00:00+00:00","0.198","0.1","0.043788"
"2013-06-26 08:30:00+00:00","0.196","0.144","0.04958745"
"2013-06-26 09:00:00+00:00","0.219","0.075","0.0421644"
"2013-06-26 09:30:00+00:00","0.217","0.363","0.0511434"
"2013-06-26 10:00:00+00:00","0.14","0.388","0.0402579"
"2013-06-26 10:30:00+00:00","0.254","0.575","0.0371583"
"2013-06-26 11:00:00+00:00","0.348","0.575","0.0347844"
"2013-06-26 11:30:00+00:00","0.223","0.419","0.0358914"
"2013-06-26 12:00:00+00:00","0.219","0.181","0.0349689"
"2013-06-26 12:30:00+00:00","0.263","0.206","0.0345138"
"2013-06-26 13:00:00+00:00","0.229","0.2","0.03497505"
"2013-06-26 13:30:00+00:00","0.199","0.225","0.0350673"
"2013-06-26 14:00:00+00:00","0.171","0.15","0.0349689"
"2013-06-26 14:30:00+00:00","0.464","0.231","0.03399105"
"2013-06-26 15:00:00+00:00","0.479","0.1","0.03338835"
"2013-06-26 15:30:00+00:00","0.619","0.05","0.0326073"
"2013-06-26 16:00:00+00:00","0.484","0.05","0.0348828"
"2013-06-26 16:30:00+00:00","0.344","0.0","0.0321891"
"2013-06-26 17:00:00+00:00","0.361","0.0","0.0357315"
"2013-06-26 17:30:00+00:00","0.272","0.0","0.04014105"
"2013-06-26 18:00:00+00:00","0.129","0.0","0.05020245"
"2013-06-26 18:30:00+00:00","0.172","0.0","0.0389418"
"2013-06-26 19:00:00+00:00","0.143","0.0","0.0377487"
"2013-06-26 19:30:00+00:00","0.142","0.0","0.0348951"
"2013-06-26 20:00:00+00:00","0.167","0.006","0.03503655"
"2013-06-26 20:30:00+00:00","0.298","0.0","0.03514725"
"2013-06-26 21:00:00+00:00","0.248","0.0","0.0345507"
"2013-06-26 21:30:00+00:00","0.192","0.0","0.034071"
"2013-06-26 22:00:00+00:00","0.108","0.0","0.03269955"
"2013-06-26 22:30:00+00:00","0.134","0.0","0.03626655"
"2013-06-26 23:00:00+00:00","0.107","0.0","0.0361866"
"2013-06-26 23:30:00+00:00","0.252","0.0","0.0358053"
"2013-06-27 00:00:00+00:00","0.845","0.0","0.0349566"
"2013-06-27 00:30:00+00:00","0.048","0.0","0.03506115"
"2013-06-27 01:00:00+00:00","0.125","0.0","0.0351165"
"2013-06-27 01:30:00+00:00","0.088","0.0","0.03476595"
"2013-06-27 02:00:00+00:00","0.124","0.0","0.0342186"
"2013-06-27 02:30:00+00:00","0.12","0.0","0.03240435"
"2013-06-27 03:00:00+00:00","0.107","0.0","0.03155565"
"2013-06-27 03:30:00+00:00","0.068","0.0","0.031488"
"2013-06-27 04:00:00+00:00","0.128","0.0","0.03134655"
"2013-06-27 04:30:00+00:00","0.071","0.0","0.03151875"
"2013-06-27 05:00:00+00:00","0.092","0.0","0.03205995"
"2013-06-27 05:30:00+00:00","0.118","0.0","0.0325704"
"2013-06-27 06:00:00+00:00","0.101","0.0","0.03158025"
"2013-06-27 06:30:00+00:00","0.276","0.0","0.0340833"
"2013-06-27 07:00:00+00:00","0.186","0.0","0.0357561"
"2013-06-27 07:30:00+00:00","0.185","0.0","0.03459375"
"2013-06-27 08:00:00+00:00","0.137","0.006","0.0394215"
"2013-06-27 08:30:00+00:00","0.188","0.019","0.0415125"
"2013-06-27 09:00:00+00:00","0.168","0.031","0.0355962"
"2013-06-27 09:30:00+00:00","0.119","0.05","0.0344031"
"2013-06-27 10:00:00+00:00","0.057","0.181","0.0346491"
"2013-06-27 10:30:00+00:00","0.126","0.113","0.0357438"
"2013-06-27 11:00:00+00:00","0.116","0.238","0.03422475"
"2013-06-27 11:30:00+00:00","0.1","0.35","0.0352641"
"2013-06-27 12:00:00+00:00","0.355","0.281","0.03503655"
"2013-06-27 12:30:00+00:00","0.528","0.344","0.0353625"
"2013-06-27 13:00:00+00:00","0.247","0.319","0.03705375"
"2013-06-27 13:30:00+00:00","0.077","0.144","0.0382161"
"2013-06-27 14:00:00+00:00","0.241","0.238","0.03771795"
"2013-06-27 14:30:00+00:00","0.12","0.119","0.0368016"
"2013-06-27 15:00:00+00:00","0.193","0.075","0.03543015"
"2013-06-27 15:30:00+00:00","0.176","0.063","0.03486435"
"2013-06-27 16:00:00+00:00","0.304","0.056","0.0351534"
"2013-06-27 16:30:00+00:00","0.066","0.025","0.0353871"
"2013-06-27 17:00:00+00:00","1.281","0.0","0.03534405"
"2013-06-27 17:30:00+00:00","1.481","0.0","0.03801315"
"2013-06-27 18:00:00+00:00","1.13","0.0","0.04127265"
"2013-06-27 18:30:00+00:00","1.184","0.0","0.03825915"
"2013-06-27 19:00:00+00:00","1.101","0.006","0.03753345"
"2013-06-27 19:30:00+00:00","1.223","0.0","0.0351165"
"2013-06-27 20:00:00+00:00","1.21","0.0","0.03513495"
"2013-06-27 20:30:00+00:00","0.791","0.0","0.03679545"
"2013-06-27 21:00:00+00:00","0.357","0.0","0.0360759"
"2013-06-27 21:30:00+00:00","0.148","0.0","0.03502425"
"2013-06-27 22:00:00+00:00","0.092","0.0","0.0332961"
"2013-06-27 22:30:00+00:00","0.176","0.0","0.0378717"
"2013-06-27 23:00:00+00:00","0.092","0.0","0.03801315"
"2013-06-27 23:30:00+00:00","0.129","0.0","0.03786555"
"2013-06-28 00:00:00+00:00","0.152","0.0","0.03731205"
"2013-06-28 00:30:00+00:00","0.06","0.0","0.03622965"
"2013-06-28 01:00:00+00:00","0.122","0.0","0.0363096"
"2013-06-28 01:30:00+00:00","0.092","0.0","0.03572535"
"2013-06-28 02:00:00+00:00","0.095","0.0","0.034932"
"2013-06-28 02:30:00+00:00","0.12","0.0","0.0346245"
"2013-06-28 03:00:00+00:00","0.066","0.0","0.0343908"
"2013-06-28 03:30:00+00:00","0.108","0.0","0.0343908"
"2013-06-28 04:00:00+00:00","0.133","0.0","0.0327795"
"2013-06-28 04:30:00+00:00","0.114","0.0","0.03257655"
"2013-06-28 05:00:00+00:00","0.107","0.0","0.03335145"
"2013-06-28 05:30:00+00:00","0.189","0.0","0.034809"
"2013-06-28 06:00:00+00:00","0.174","0.0","0.0332961"
"2013-06-28 06:30:00+00:00","0.122","0.0","0.03444615"
"2013-06-28 07:00:00+00:00","0.187","0.0","0.03693075"
"2013-06-28 07:30:00+00:00","0.199","0.0","0.0380808"
"2013-06-28 08:00:00+00:00","0.228","0.006","0.04593435"
"2013-06-28 08:30:00+00:00","0.213","0.138","0.0526317"
"2013-06-28 09:00:00+00:00","0.295","0.206","0.03854205"
"2013-06-28 09:30:00+00:00","0.148","0.131","0.03811155"
"2013-06-28 10:00:00+00:00","0.079","0.138","0.03974745"
"2013-06-28 10:30:00+00:00","0.123","0.138","0.0476379"
"2013-06-28 11:00:00+00:00","0.068","0.319","0.0404301"
"2013-06-28 11:30:00+00:00","0.118","0.419","0.03754575"
"2013-06-28 12:00:00+00:00","0.107","0.4","0.03697995"
"2013-06-28 12:30:00+00:00","0.094","0.513","0.0370599"
"2013-06-28 13:00:00+00:00","0.172","0.519","0.0370845"
"2013-06-28 13:30:00+00:00","0.065","0.056","0.03710295"
"2013-06-28 14:00:00+00:00","0.108","0.031","0.0358176"
"2013-06-28 14:30:00+00:00","0.119","0.088","0.03642645"
"2013-06-28 15:00:00+00:00","0.043","0.063","0.0335667"
"2013-06-28 15:30:00+00:00","0.15","0.038","0.03474135"
"2013-06-28 16:00:00+00:00","0.073","0.006","0.03669705"
"2013-06-28 16:30:00+00:00","0.113","0.0","0.0375027"
"2013-06-28 17:00:00+00:00","0.18","0.0","0.03685695"
"2013-06-28 17:30:00+00:00","0.041","0.0","0.0411189"
"2013-06-28 18:00:00+00:00","0.254","0.0","0.04701675"
"2013-06-28 18:30:00+00:00","1.483","0.0","0.03845595"
"2013-06-28 19:00:00+00:00","1.304","0.0","0.0379455"
"2013-06-28 19:30:00+00:00","1.19","0.0","0.03666015"
"2013-06-28 20:00:00+00:00","1.151","0.0","0.03539325"
"2013-06-28 20:30:00+00:00","0.382","0.0","0.03582375"
"2013-06-28 21:00:00+00:00","0.62","0.0","0.03497505"
"2013-06-28 21:30:00+00:00","0.163","0.0","0.0337758"
"2013-06-28 22:00:00+00:00","0.168","0.0","0.03258885"
"2013-06-28 22:30:00+00:00","0.089","0.0","0.05827125"
"2013-06-28 23:00:00+00:00","0.13","0.0","0.04233045"
"2013-06-28 23:30:00+00:00","0.119","0.0","0.0381915"
"2013-06-29 00:00:00+00:00","0.646","0.0","0.0388926"
"2013-06-29 00:30:00+00:00","0.433","0.0","0.0361005"
"2013-06-29 01:00:00+00:00","0.11","0.0","0.03497505"
"2013-06-29 01:30:00+00:00","0.125","0.0","0.0348951"
"2013-06-29 02:00:00+00:00","0.111","0.0","0.03469215"
"2013-06-29 02:30:00+00:00","0.106","0.006","0.03336375"
"2013-06-29 03:00:00+00:00","0.063","0.0","0.0324474"
"2013-06-29 03:30:00+00:00","0.135","0.0","0.03170325"
"2013-06-29 04:00:00+00:00","0.059","0.0","0.03118665"
"2013-06-29 04:30:00+00:00","0.103","0.0","0.0315126"
"2013-06-29 05:00:00+00:00","0.156","0.0","0.03161715"
"2013-06-29 05:30:00+00:00","0.252","0.0","0.0316356"
"2013-06-29 06:00:00+00:00","0.528","0.0","0.0311313"
"2013-06-29 06:30:00+00:00","0.172","0.0","0.0315495"
"2013-06-29 07:00:00+00:00","0.422","0.0","0.0318939"
"2013-06-29 07:30:00+00:00","0.185","0.0","0.032226"
"2013-06-29 08:00:00+00:00","0.131","0.0","0.0392862"
"2013-06-29 08:30:00+00:00","0.303","0.006","0.0417339"
"2013-06-29 09:00:00+00:00","0.145","0.025","0.0508482"
"2013-06-29 09:30:00+00:00","0.14","0.038","0.0465063"
"2013-06-29 10:00:00+00:00","0.289","0.1","0.03864045"
"2013-06-29 10:30:00+00:00","0.077","0.131","0.03769335"
"2013-06-29 11:00:00+00:00","0.124","0.056","0.0363711"
"2013-06-29 11:30:00+00:00","0.071","0.031","0.03501195"
"2013-06-29 12:00:00+00:00","0.091","0.094","0.03485205"
"2013-06-29 12:30:00+00:00","0.153","0.231","0.0348828"
"2013-06-29 13:00:00+00:00","0.083","0.144","0.0348705"
"2013-06-29 13:30:00+00:00","0.101","0.363","0.0349566"
"2013-06-29 14:00:00+00:00","0.102","0.281","0.03485205"
"2013-06-29 14:30:00+00:00","0.129","0.1","0.0343047"
"2013-06-29 15:00:00+00:00","0.135","0.031","0.0343539"
"2013-06-29 15:30:00+00:00","0.19","0.0","0.0343293"
"2013-06-29 16:00:00+00:00","0.221","0.0","0.0347475"
"2013-06-29 16:30:00+00:00","0.228","0.0","0.03443385"
"2013-06-29 17:00:00+00:00","0.121","0.0","0.0379578"
"2013-06-29 17:30:00+00:00","0.402","0.0","0.042435"
"2013-06-29 18:00:00+00:00","1.127","0.0","0.04407705"
"2013-06-29 18:30:00+00:00","0.212","0.0","0.03892335"
"2013-06-29 19:00:00+00:00","1.01","0.0","0.0363219"
"2013-06-29 19:30:00+00:00","1.12","0.0","0.0352395"
"2013-06-29 20:00:00+00:00","1.196","0.0","0.0350427"
"2013-06-29 20:30:00+00:00","1.204","0.0","0.035301"
"2013-06-29 21:00:00+00:00","1.284","0.0","0.03490125"
"2013-06-29 21:30:00+00:00","0.282","0.0","0.0335913"
"2013-06-29 22:00:00+00:00","0.313","0.006","0.03443385"
"2013-06-29 22:30:00+00:00","0.265","0.0","0.0372198"
"2013-06-29 23:00:00+00:00","0.155","0.0","0.0362604"
"2013-06-29 23:30:00+00:00","0.156","0.0","0.0359283"
"2013-06-30 00:00:00+00:00","0.094","0.0","0.03570075"
"2013-06-30 00:30:00+00:00","0.161","0.0","0.0343662"
"2013-06-30 01:00:00+00:00","0.063","0.0","0.03502425"
"2013-06-30 01:30:00+00:00","0.116","0.0","0.03445845"
"2013-06-30 02:00:00+00:00","0.094","0.0","0.03253965"
"2013-06-30 02:30:00+00:00","0.06","0.0","0.03146955"
"2013-06-30 03:00:00+00:00","0.151","0.0","0.03067005"
"2013-06-30 03:30:00+00:00","0.085","0.0","0.03114975"
"2013-06-30 04:00:00+00:00","0.156","0.0","0.0304917"
"2013-06-30 04:30:00+00:00","0.081","0.0","0.03025185"
"2013-06-30 05:00:00+00:00","0.072","0.0","0.0298644"
"2013-06-30 05:30:00+00:00","0.264","0.0","0.03116205"
"2013-06-30 06:00:00+00:00","0.206","0.0","0.02947695"
"2013-06-30 06:30:00+00:00","0.123","0.0","0.03001815"
"2013-06-30 07:00:00+00:00","0.172","0.0","0.0306024"
"2013-06-30 07:30:00+00:00","0.187","0.0","0.0301965"
"2013-06-30 08:00:00+00:00","0.461","0.006","0.031119"
"2013-06-30 08:30:00+00:00","0.278","0.069","0.0322752"
"2013-06-30 09:00:00+00:00","0.257","0.056","0.0326319"
"2013-06-30 09:30:00+00:00","0.134","0.069","0.03384345"
"2013-06-30 10:00:00+00:00","0.088","0.169","0.03443385"
"2013-06-30 10:30:00+00:00","0.075","0.15","0.0343908"
"2013-06-30 11:00:00+00:00","0.128","0.238","0.03443385"
"2013-06-30 11:30:00+00:00","0.039","0.188","0.0335175"
"2013-06-30 12:00:00+00:00","0.149","0.169","0.0327426"
"2013-06-30 12:30:00+00:00","0.071","0.275","0.03258885"
"2013-06-30 13:00:00+00:00","0.14","0.381","0.03244125"
"2013-06-30 13:30:00+00:00","0.11","0.213","0.0320784"
"2013-06-30 14:00:00+00:00","0.075","0.269","0.03150645"
"2013-06-30 14:30:00+00:00","0.103","0.125","0.03180165"
"2013-06-30 15:00:00+00:00","0.098","0.088","0.03257655"
"2013-06-30 15:30:00+00:00","0.069","0.075","0.03164175"
"2013-06-30 16:00:00+00:00","0.13","0.044","0.03294555"
"2013-06-30 16:30:00+00:00","0.081","0.056","0.03266265"
"2013-06-30 17:00:00+00:00","0.122","0.0","0.03380655"
"2013-06-30 17:30:00+00:00","0.14","0.0","0.03522105"
"2013-06-30 18:00:00+00:00","0.057","0.0","0.04073145"
"2013-06-30 18:30:00+00:00","0.143","0.006","0.03985815"
"2013-06-30 19:00:00+00:00","0.066","0.0","0.03673395"
"2013-06-30 19:30:00+00:00","0.094","0.0","0.0348828"
"2013-06-30 20:00:00+00:00","0.103","0.0","0.0344892"
"2013-06-30 20:30:00+00:00","0.088","0.0","0.0358668"
"2013-06-30 21:00:00+00:00","0.076","0.0","0.0350304"
"2013-06-30 21:30:00+00:00","0.143","0.0","0.03223215"
"2013-06-30 22:00:00+00:00","0.084","0.0","0.0311682"
"2013-06-30 22:30:00+00:00","0.123","0.0","0.034317"
"2013-06-30 23:00:00+00:00","0.075","0.0","0.03276105"
"2013-06-30 23:30:00+00:00","0.087","0.0","0.03301935"
"2013-07-01 00:00:00+00:00","0.118","0.0","0.03262575"
